<?xml version="1.0" encoding="UTF-8"?>
<gpx version="1.1" creator="Kurviger" xmlns="http://www.topografix.com/GPX/1/1" xmlns:xsi="http://www.w3.org/2001/XMLSchema-instance" xsi:schemaLocation="http://www.topografix.com/GPX/1/1 http://www.topografix.com/GPX/1/1/gpx.xsd http://www.garmin.com/xmlschemas/GpxExtensions/v3 http://www.garmin.com/xmlschemas/GpxExtensionsv3.xsd http://www.garmin.com/xmlschemas/TripExtensions/v1 http://www.garmin.com/xmlschemas/TripExtensionsv1.xsd" xmlns:gpxx="http://www.garmin.com/xmlschemas/GpxExtensions/v3" xmlns:trp="http://www.garmin.com/xmlschemas/TripExtensions/v1">
	<metadata>
		<name>Saint-Nectaire - Lac des Graves, Lascelle</name>
		<copyright author="OpenStreetMap contributors"/>
		<link href="https://kurviger.com">
			<text>Kurviger.com GPX</text>
		</link>
		<time>2026-05-20T17:29:59.312Z</time>
	</metadata>
	<trk>
		<name>Saint-Nectaire - Lac des Graves, Lascelle</name>
		<trkseg>
			<trkpt lat="45.58854" lon="2.99247">
				<ele>740.06</ele>
				<time>2026-05-20T17:29:59.311Z</time>
			</trkpt>
			<trkpt lat="45.58858" lon="2.9924">
				<ele>739.44</ele>
				<time>2026-05-20T17:30:00.865Z</time>
			</trkpt>
			<trkpt lat="45.58862" lon="2.99238">
				<ele>739.46</ele>
				<time>2026-05-20T17:30:01.958Z</time>
			</trkpt>
			<trkpt lat="45.5887" lon="2.99242">
				<ele>740.49</ele>
				<time>2026-05-20T17:30:04.045Z</time>
			</trkpt>
			<trkpt lat="45.58873" lon="2.99253">
				<ele>742.14</ele>
				<time>2026-05-20T17:30:05.637Z</time>
			</trkpt>
			<trkpt lat="45.58884" lon="2.99256">
				<ele>743.17</ele>
				<time>2026-05-20T17:30:07.257Z</time>
			</trkpt>
			<trkpt lat="45.58903" lon="2.99268">
				<ele>745.42</ele>
				<time>2026-05-20T17:30:10.236Z</time>
			</trkpt>
			<trkpt lat="45.58931" lon="2.99283">
				<ele>749.21</ele>
				<time>2026-05-20T17:30:14.472Z</time>
			</trkpt>
			<trkpt lat="45.58974" lon="2.99311">
				<ele>753.41</ele>
				<time>2026-05-20T17:30:21.041Z</time>
			</trkpt>
			<trkpt lat="45.59012" lon="2.99349">
				<ele>757.18</ele>
				<time>2026-05-20T17:30:27.343Z</time>
			</trkpt>
			<trkpt lat="45.59037" lon="2.99382">
				<ele>759.78</ele>
				<time>2026-05-20T17:30:31.878Z</time>
			</trkpt>
			<trkpt lat="45.59062" lon="2.99405">
				<ele>761</ele>
				<time>2026-05-20T17:30:35.778Z</time>
			</trkpt>
			<trkpt lat="45.59073" lon="2.99409">
				<ele>761.85</ele>
				<time>2026-05-20T17:30:37.252Z</time>
			</trkpt>
			<trkpt lat="45.59081" lon="2.9941">
				<ele>762.43</ele>
				<time>2026-05-20T17:30:38.290Z</time>
			</trkpt>
			<trkpt lat="45.59088" lon="2.99408">
				<ele>763.07</ele>
				<time>2026-05-20T17:30:39.209Z</time>
			</trkpt>
			<trkpt lat="45.59115" lon="2.9939">
				<ele>765.54</ele>
				<time>2026-05-20T17:30:43.011Z</time>
			</trkpt>
			<trkpt lat="45.59142" lon="2.99366">
				<ele>766.59</ele>
				<time>2026-05-20T17:30:47.008Z</time>
			</trkpt>
			<trkpt lat="45.59172" lon="2.99333">
				<ele>766.61</ele>
				<time>2026-05-20T17:30:51.686Z</time>
			</trkpt>
			<trkpt lat="45.59191" lon="2.99309">
				<ele>767.08</ele>
				<time>2026-05-20T17:30:54.771Z</time>
			</trkpt>
			<trkpt lat="45.59216" lon="2.99283">
				<ele>769.78</ele>
				<time>2026-05-20T17:30:58.482Z</time>
			</trkpt>
			<trkpt lat="45.5923" lon="2.99274">
				<ele>771.12</ele>
				<time>2026-05-20T17:31:00.304Z</time>
			</trkpt>
			<trkpt lat="45.59241" lon="2.99268">
				<ele>772.99</ele>
				<time>2026-05-20T17:31:01.692Z</time>
			</trkpt>
			<trkpt lat="45.59253" lon="2.99266">
				<ele>775.3</ele>
				<time>2026-05-20T17:31:03.108Z</time>
			</trkpt>
			<trkpt lat="45.59268" lon="2.99268">
				<ele>777.99</ele>
				<time>2026-05-20T17:31:04.862Z</time>
			</trkpt>
			<trkpt lat="45.59293" lon="2.99275">
				<ele>781.59</ele>
				<time>2026-05-20T17:31:07.798Z</time>
			</trkpt>
			<trkpt lat="45.59305" lon="2.99273">
				<ele>782.71</ele>
				<time>2026-05-20T17:31:09.178Z</time>
			</trkpt>
			<trkpt lat="45.59318" lon="2.99264">
				<ele>783.95</ele>
				<time>2026-05-20T17:31:10.818Z</time>
			</trkpt>
			<trkpt lat="45.59334" lon="2.99246">
				<ele>784.68</ele>
				<time>2026-05-20T17:31:13.109Z</time>
			</trkpt>
			<trkpt lat="45.59376" lon="2.99191">
				<ele>787.08</ele>
				<time>2026-05-20T17:31:19.401Z</time>
			</trkpt>
			<trkpt lat="45.59384" lon="2.99183">
				<ele>788.2</ele>
				<time>2026-05-20T17:31:20.462Z</time>
			</trkpt>
			<trkpt lat="45.59391" lon="2.9918">
				<ele>789.54</ele>
				<time>2026-05-20T17:31:21.253Z</time>
			</trkpt>
			<trkpt lat="45.59399" lon="2.9918">
				<ele>791.62</ele>
				<time>2026-05-20T17:31:22.116Z</time>
			</trkpt>
			<trkpt lat="45.59409" lon="2.99186">
				<ele>794.46</ele>
				<time>2026-05-20T17:31:23.280Z</time>
			</trkpt>
			<trkpt lat="45.59415" lon="2.99201">
				<ele>797.5</ele>
				<time>2026-05-20T17:31:24.571Z</time>
			</trkpt>
			<trkpt lat="45.59416" lon="2.99214">
				<ele>799.1</ele>
				<time>2026-05-20T17:31:25.543Z</time>
			</trkpt>
			<trkpt lat="45.59413" lon="2.99229">
				<ele>799.75</ele>
				<time>2026-05-20T17:31:26.696Z</time>
			</trkpt>
			<trkpt lat="45.59403" lon="2.99241">
				<ele>798.84</ele>
				<time>2026-05-20T17:31:28.069Z</time>
			</trkpt>
			<trkpt lat="45.59391" lon="2.99252">
				<ele>797.54</ele>
				<time>2026-05-20T17:31:29.557Z</time>
			</trkpt>
			<trkpt lat="45.59377" lon="2.99273">
				<ele>794.88</ele>
				<time>2026-05-20T17:31:31.659Z</time>
			</trkpt>
			<trkpt lat="45.59365" lon="2.99472">
				<ele>803.14</ele>
				<time>2026-05-20T17:31:45.595Z</time>
			</trkpt>
			<trkpt lat="45.59357" lon="2.99543">
				<ele>808.72</ele>
				<time>2026-05-20T17:31:50.393Z</time>
			</trkpt>
			<trkpt lat="45.59352" lon="2.9957">
				<ele>812.28</ele>
				<time>2026-05-20T17:31:52.227Z</time>
			</trkpt>
			<trkpt lat="45.59345" lon="2.99591">
				<ele>813.72</ele>
				<time>2026-05-20T17:31:53.742Z</time>
			</trkpt>
			<trkpt lat="45.59326" lon="2.99635">
				<ele>813.8</ele>
				<time>2026-05-20T17:31:57.069Z</time>
			</trkpt>
			<trkpt lat="45.59321" lon="2.99654">
				<ele>814.37</ele>
				<time>2026-05-20T17:31:58.360Z</time>
			</trkpt>
			<trkpt lat="45.59319" lon="2.99672">
				<ele>815.5</ele>
				<time>2026-05-20T17:31:59.513Z</time>
			</trkpt>
			<trkpt lat="45.59316" lon="2.99769">
				<ele>822.46</ele>
				<time>2026-05-20T17:32:05.543Z</time>
			</trkpt>
			<trkpt lat="45.59317" lon="2.99793">
				<ele>823.24</ele>
				<time>2026-05-20T17:32:07.009Z</time>
			</trkpt>
			<trkpt lat="45.59324" lon="2.99843">
				<ele>828.2</ele>
				<time>2026-05-20T17:32:10.082Z</time>
			</trkpt>
			<trkpt lat="45.59325" lon="2.99857">
				<ele>829.29</ele>
				<time>2026-05-20T17:32:10.922Z</time>
			</trkpt>
			<trkpt lat="45.59323" lon="2.9987">
				<ele>830.1</ele>
				<time>2026-05-20T17:32:11.713Z</time>
			</trkpt>
			<trkpt lat="45.59316" lon="2.99886">
				<ele>831.07</ele>
				<time>2026-05-20T17:32:12.829Z</time>
			</trkpt>
			<trkpt lat="45.59311" lon="2.99892">
				<ele>831.9</ele>
				<time>2026-05-20T17:32:13.378Z</time>
			</trkpt>
			<trkpt lat="45.59305" lon="2.99895">
				<ele>832.45</ele>
				<time>2026-05-20T17:32:13.912Z</time>
			</trkpt>
			<trkpt lat="45.59285" lon="2.99897">
				<ele>830.73</ele>
				<time>2026-05-20T17:32:15.586Z</time>
			</trkpt>
			<trkpt lat="45.59276" lon="2.99902">
				<ele>830.67</ele>
				<time>2026-05-20T17:32:16.387Z</time>
			</trkpt>
			<trkpt lat="45.59265" lon="2.99919">
				<ele>831.28</ele>
				<time>2026-05-20T17:32:17.724Z</time>
			</trkpt>
			<trkpt lat="45.59238" lon="2.99983">
				<ele>837.79</ele>
				<time>2026-05-20T17:32:21.979Z</time>
			</trkpt>
			<trkpt lat="45.59212" lon="3.00071">
				<ele>842.58</ele>
				<time>2026-05-20T17:32:27.290Z</time>
			</trkpt>
			<trkpt lat="45.59199" lon="3.00094">
				<ele>845.11</ele>
				<time>2026-05-20T17:32:28.905Z</time>
			</trkpt>
			<trkpt lat="45.59184" lon="3.00115">
				<ele>846.56</ele>
				<time>2026-05-20T17:32:30.532Z</time>
			</trkpt>
			<trkpt lat="45.59165" lon="3.00137">
				<ele>846.4</ele>
				<time>2026-05-20T17:32:32.411Z</time>
			</trkpt>
			<trkpt lat="45.59158" lon="3.00149">
				<ele>846.19</ele>
				<time>2026-05-20T17:32:33.245Z</time>
			</trkpt>
			<trkpt lat="45.59153" lon="3.00164">
				<ele>846.95</ele>
				<time>2026-05-20T17:32:34.129Z</time>
			</trkpt>
			<trkpt lat="45.59149" lon="3.00202">
				<ele>851.28</ele>
				<time>2026-05-20T17:32:36.158Z</time>
			</trkpt>
			<trkpt lat="45.59144" lon="3.00219">
				<ele>852.09</ele>
				<time>2026-05-20T17:32:37.125Z</time>
			</trkpt>
			<trkpt lat="45.59132" lon="3.0024">
				<ele>852.23</ele>
				<time>2026-05-20T17:32:38.539Z</time>
			</trkpt>
			<trkpt lat="45.59124" lon="3.00259">
				<ele>854.11</ele>
				<time>2026-05-20T17:32:39.688Z</time>
			</trkpt>
			<trkpt lat="45.59108" lon="3.00316">
				<ele>861.69</ele>
				<time>2026-05-20T17:32:42.840Z</time>
			</trkpt>
			<trkpt lat="45.59098" lon="3.00338">
				<ele>862.74</ele>
				<time>2026-05-20T17:32:44.172Z</time>
			</trkpt>
			<trkpt lat="45.5908" lon="3.00358">
				<ele>863.13</ele>
				<time>2026-05-20T17:32:45.816Z</time>
			</trkpt>
			<trkpt lat="45.59053" lon="3.00374">
				<ele>862.25</ele>
				<time>2026-05-20T17:32:47.906Z</time>
			</trkpt>
			<trkpt lat="45.59039" lon="3.00386">
				<ele>863.39</ele>
				<time>2026-05-20T17:32:49.065Z</time>
			</trkpt>
			<trkpt lat="45.59029" lon="3.00403">
				<ele>865.23</ele>
				<time>2026-05-20T17:32:50.163Z</time>
			</trkpt>
			<trkpt lat="45.5902" lon="3.00424">
				<ele>866.57</ele>
				<time>2026-05-20T17:32:51.375Z</time>
			</trkpt>
			<trkpt lat="45.59017" lon="3.00459">
				<ele>867.79</ele>
				<time>2026-05-20T17:32:53.100Z</time>
			</trkpt>
			<trkpt lat="45.59002" lon="3.00497">
				<ele>869.97</ele>
				<time>2026-05-20T17:32:55.217Z</time>
			</trkpt>
			<trkpt lat="45.58995" lon="3.00505">
				<ele>870.98</ele>
				<time>2026-05-20T17:32:55.835Z</time>
			</trkpt>
			<trkpt lat="45.58971" lon="3.00528">
				<ele>874.04</ele>
				<time>2026-05-20T17:32:57.818Z</time>
			</trkpt>
			<trkpt lat="45.58964" lon="3.0054">
				<ele>875.05</ele>
				<time>2026-05-20T17:32:58.564Z</time>
			</trkpt>
			<trkpt lat="45.58944" lon="3.00595">
				<ele>876</ele>
				<time>2026-05-20T17:33:01.505Z</time>
			</trkpt>
			<trkpt lat="45.5893" lon="3.00642">
				<ele>874.3</ele>
				<time>2026-05-20T17:33:03.906Z</time>
			</trkpt>
			<trkpt lat="45.58922" lon="3.00688">
				<ele>871.06</ele>
				<time>2026-05-20T17:33:06.117Z</time>
			</trkpt>
			<trkpt lat="45.58921" lon="3.0071">
				<ele>869.66</ele>
				<time>2026-05-20T17:33:07.140Z</time>
			</trkpt>
			<trkpt lat="45.58923" lon="3.00762">
				<ele>867.8</ele>
				<time>2026-05-20T17:33:09.544Z</time>
			</trkpt>
			<trkpt lat="45.5893" lon="3.00801">
				<ele>866.78</ele>
				<time>2026-05-20T17:33:11.391Z</time>
			</trkpt>
			<trkpt lat="45.58944" lon="3.00835">
				<ele>863.63</ele>
				<time>2026-05-20T17:33:13.192Z</time>
			</trkpt>
			<trkpt lat="45.58965" lon="3.00871">
				<ele>862.21</ele>
				<time>2026-05-20T17:33:15.321Z</time>
			</trkpt>
			<trkpt lat="45.58995" lon="3.00946">
				<ele>858.46</ele>
				<time>2026-05-20T17:33:19.220Z</time>
			</trkpt>
			<trkpt lat="45.59015" lon="3.00983">
				<ele>856.5</ele>
				<time>2026-05-20T17:33:21.317Z</time>
			</trkpt>
			<trkpt lat="45.59033" lon="3.01006">
				<ele>855.96</ele>
				<time>2026-05-20T17:33:22.860Z</time>
			</trkpt>
			<trkpt lat="45.59078" lon="3.01041">
				<ele>854.97</ele>
				<time>2026-05-20T17:33:26.123Z</time>
			</trkpt>
			<trkpt lat="45.59087" lon="3.01051">
				<ele>854.62</ele>
				<time>2026-05-20T17:33:26.847Z</time>
			</trkpt>
			<trkpt lat="45.59092" lon="3.01065">
				<ele>854.13</ele>
				<time>2026-05-20T17:33:27.545Z</time>
			</trkpt>
			<trkpt lat="45.59095" lon="3.01085">
				<ele>852.34</ele>
				<time>2026-05-20T17:33:28.453Z</time>
			</trkpt>
			<trkpt lat="45.59093" lon="3.01128">
				<ele>849.65</ele>
				<time>2026-05-20T17:33:30.364Z</time>
			</trkpt>
			<trkpt lat="45.59087" lon="3.01149">
				<ele>847.95</ele>
				<time>2026-05-20T17:33:31.369Z</time>
			</trkpt>
			<trkpt lat="45.59065" lon="3.01204">
				<ele>842.69</ele>
				<time>2026-05-20T17:33:34.172Z</time>
			</trkpt>
			<trkpt lat="45.59061" lon="3.01222">
				<ele>841.79</ele>
				<time>2026-05-20T17:33:35.008Z</time>
			</trkpt>
			<trkpt lat="45.59058" lon="3.01243">
				<ele>841.09</ele>
				<time>2026-05-20T17:33:35.956Z</time>
			</trkpt>
			<trkpt lat="45.5906" lon="3.01276">
				<ele>841.33</ele>
				<time>2026-05-20T17:33:37.421Z</time>
			</trkpt>
			<trkpt lat="45.59064" lon="3.01293">
				<ele>841.45</ele>
				<time>2026-05-20T17:33:38.214Z</time>
			</trkpt>
			<trkpt lat="45.59075" lon="3.01316">
				<ele>841.77</ele>
				<time>2026-05-20T17:33:39.447Z</time>
			</trkpt>
			<trkpt lat="45.59126" lon="3.01369">
				<ele>837.82</ele>
				<time>2026-05-20T17:33:43.442Z</time>
			</trkpt>
			<trkpt lat="45.59171" lon="3.014">
				<ele>834.86</ele>
				<time>2026-05-20T17:33:46.616Z</time>
			</trkpt>
			<trkpt lat="45.5919" lon="3.01406">
				<ele>835.51</ele>
				<time>2026-05-20T17:33:47.856Z</time>
			</trkpt>
			<trkpt lat="45.59204" lon="3.01401">
				<ele>835.88</ele>
				<time>2026-05-20T17:33:48.777Z</time>
			</trkpt>
			<trkpt lat="45.59242" lon="3.01371">
				<ele>836.54</ele>
				<time>2026-05-20T17:33:51.555Z</time>
			</trkpt>
			<trkpt lat="45.59281" lon="3.0134">
				<ele>838.98</ele>
				<time>2026-05-20T17:33:54.426Z</time>
			</trkpt>
			<trkpt lat="45.59335" lon="3.01309">
				<ele>838.86</ele>
				<time>2026-05-20T17:33:58.197Z</time>
			</trkpt>
			<trkpt lat="45.59349" lon="3.01293">
				<ele>839.42</ele>
				<time>2026-05-20T17:33:59.366Z</time>
			</trkpt>
			<trkpt lat="45.5936" lon="3.01276">
				<ele>840.07</ele>
				<time>2026-05-20T17:34:00.425Z</time>
			</trkpt>
			<trkpt lat="45.59371" lon="3.01265">
				<ele>841.98</ele>
				<time>2026-05-20T17:34:01.305Z</time>
			</trkpt>
			<trkpt lat="45.59384" lon="3.01264">
				<ele>843.49</ele>
				<time>2026-05-20T17:34:02.161Z</time>
			</trkpt>
			<trkpt lat="45.59398" lon="3.01273">
				<ele>845</ele>
				<time>2026-05-20T17:34:03.172Z</time>
			</trkpt>
			<trkpt lat="45.59422" lon="3.01316">
				<ele>848.69</ele>
				<time>2026-05-20T17:34:05.722Z</time>
			</trkpt>
			<trkpt lat="45.59457" lon="3.014">
				<ele>856.86</ele>
				<time>2026-05-20T17:34:10.307Z</time>
			</trkpt>
			<trkpt lat="45.59461" lon="3.01432">
				<ele>856.3</ele>
				<time>2026-05-20T17:34:11.848Z</time>
			</trkpt>
			<trkpt lat="45.59462" lon="3.01463">
				<ele>854.47</ele>
				<time>2026-05-20T17:34:13.327Z</time>
			</trkpt>
			<trkpt lat="45.5947" lon="3.0149">
				<ele>854.95</ele>
				<time>2026-05-20T17:34:14.732Z</time>
			</trkpt>
			<trkpt lat="45.59507" lon="3.01586">
				<ele>861.59</ele>
				<time>2026-05-20T17:34:20.055Z</time>
			</trkpt>
			<trkpt lat="45.59511" lon="3.01615">
				<ele>862.83</ele>
				<time>2026-05-20T17:34:21.510Z</time>
			</trkpt>
			<trkpt lat="45.59507" lon="3.01687">
				<ele>867.58</ele>
				<time>2026-05-20T17:34:25.105Z</time>
			</trkpt>
			<trkpt lat="45.59513" lon="3.01702">
				<ele>868.91</ele>
				<time>2026-05-20T17:34:25.974Z</time>
			</trkpt>
			<trkpt lat="45.59522" lon="3.01714">
				<ele>869.65</ele>
				<time>2026-05-20T17:34:26.861Z</time>
			</trkpt>
			<trkpt lat="45.59576" lon="3.01768">
				<ele>872.55</ele>
				<time>2026-05-20T17:34:31.676Z</time>
			</trkpt>
			<trkpt lat="45.59586" lon="3.01787">
				<ele>873.22</ele>
				<time>2026-05-20T17:34:32.908Z</time>
			</trkpt>
			<trkpt lat="45.59592" lon="3.01807">
				<ele>873.58</ele>
				<time>2026-05-20T17:34:34.043Z</time>
			</trkpt>
			<trkpt lat="45.59597" lon="3.01837">
				<ele>872.47</ele>
				<time>2026-05-20T17:34:35.661Z</time>
			</trkpt>
			<trkpt lat="45.59609" lon="3.01873">
				<ele>873.7</ele>
				<time>2026-05-20T17:34:37.771Z</time>
			</trkpt>
			<trkpt lat="45.59628" lon="3.01924">
				<ele>876.03</ele>
				<time>2026-05-20T17:34:40.869Z</time>
			</trkpt>
			<trkpt lat="45.59645" lon="3.01955">
				<ele>878.53</ele>
				<time>2026-05-20T17:34:43.007Z</time>
			</trkpt>
			<trkpt lat="45.59663" lon="3.01974">
				<ele>880.52</ele>
				<time>2026-05-20T17:34:44.760Z</time>
			</trkpt>
			<trkpt lat="45.59683" lon="3.01986">
				<ele>880.2</ele>
				<time>2026-05-20T17:34:46.474Z</time>
			</trkpt>
			<trkpt lat="45.59706" lon="3.01987">
				<ele>880</ele>
				<time>2026-05-20T17:34:48.308Z</time>
			</trkpt>
			<trkpt lat="45.59725" lon="3.01985">
				<ele>879.94</ele>
				<time>2026-05-20T17:34:49.840Z</time>
			</trkpt>
			<trkpt lat="45.59726" lon="3.02042">
				<ele>879</ele>
				<time>2026-05-20T17:34:53.069Z</time>
			</trkpt>
			<trkpt lat="45.59721" lon="3.02122">
				<ele>877.54</ele>
				<time>2026-05-20T17:34:57.623Z</time>
			</trkpt>
			<trkpt lat="45.59717" lon="3.02141">
				<ele>876.46</ele>
				<time>2026-05-20T17:34:58.748Z</time>
			</trkpt>
			<trkpt lat="45.59711" lon="3.02159">
				<ele>874.7</ele>
				<time>2026-05-20T17:34:59.879Z</time>
			</trkpt>
			<trkpt lat="45.59691" lon="3.02196">
				<ele>872.83</ele>
				<time>2026-05-20T17:35:02.531Z</time>
			</trkpt>
			<trkpt lat="45.5963" lon="3.02303">
				<ele>869.04</ele>
				<time>2026-05-20T17:35:10.364Z</time>
			</trkpt>
			<trkpt lat="45.59566" lon="3.0239">
				<ele>860.79</ele>
				<time>2026-05-20T17:35:17.532Z</time>
			</trkpt>
			<trkpt lat="45.59562" lon="3.02397">
				<ele>860.72</ele>
				<time>2026-05-20T17:35:18.046Z</time>
			</trkpt>
			<trkpt lat="45.59549" lon="3.02424">
				<ele>860.56</ele>
				<time>2026-05-20T17:35:19.908Z</time>
			</trkpt>
			<trkpt lat="45.59549" lon="3.02447">
				<ele>860.58</ele>
				<time>2026-05-20T17:35:21.214Z</time>
			</trkpt>
			<trkpt lat="45.59537" lon="3.02493">
				<ele>858.49</ele>
				<time>2026-05-20T17:35:24.004Z</time>
			</trkpt>
			<trkpt lat="45.59539" lon="3.02516">
				<ele>857.02</ele>
				<time>2026-05-20T17:35:25.321Z</time>
			</trkpt>
			<trkpt lat="45.59534" lon="3.02551">
				<ele>855.03</ele>
				<time>2026-05-20T17:35:27.350Z</time>
			</trkpt>
			<trkpt lat="45.59536" lon="3.02572">
				<ele>854.5</ele>
				<time>2026-05-20T17:35:28.555Z</time>
			</trkpt>
			<trkpt lat="45.59532" lon="3.02588">
				<ele>853.37</ele>
				<time>2026-05-20T17:35:29.521Z</time>
			</trkpt>
			<trkpt lat="45.59522" lon="3.02607">
				<ele>851.88</ele>
				<time>2026-05-20T17:35:30.872Z</time>
			</trkpt>
			<trkpt lat="45.59496" lon="3.02635">
				<ele>849.86</ele>
				<time>2026-05-20T17:35:33.516Z</time>
			</trkpt>
			<trkpt lat="45.59491" lon="3.02647">
				<ele>848.71</ele>
				<time>2026-05-20T17:35:34.310Z</time>
			</trkpt>
			<trkpt lat="45.59491" lon="3.02733">
				<ele>843.89</ele>
				<time>2026-05-20T17:35:39.199Z</time>
			</trkpt>
			<trkpt lat="45.59489" lon="3.02789">
				<ele>840.84</ele>
				<time>2026-05-20T17:35:42.387Z</time>
			</trkpt>
			<trkpt lat="45.59484" lon="3.02861">
				<ele>837.45</ele>
				<time>2026-05-20T17:35:46.500Z</time>
			</trkpt>
			<trkpt lat="45.59477" lon="3.02926">
				<ele>838.47</ele>
				<time>2026-05-20T17:35:50.239Z</time>
			</trkpt>
			<trkpt lat="45.59455" lon="3.03037">
				<ele>833.87</ele>
				<time>2026-05-20T17:35:56.797Z</time>
			</trkpt>
			<trkpt lat="45.59432" lon="3.03173">
				<ele>828.94</ele>
				<time>2026-05-20T17:36:04.750Z</time>
			</trkpt>
			<trkpt lat="45.59419" lon="3.03213">
				<ele>831.01</ele>
				<time>2026-05-20T17:36:07.256Z</time>
			</trkpt>
			<trkpt lat="45.59403" lon="3.03245">
				<ele>830.5</ele>
				<time>2026-05-20T17:36:09.491Z</time>
			</trkpt>
			<trkpt lat="45.59379" lon="3.03275">
				<ele>827.93</ele>
				<time>2026-05-20T17:36:12.080Z</time>
			</trkpt>
			<trkpt lat="45.59349" lon="3.03325">
				<ele>824.83</ele>
				<time>2026-05-20T17:36:15.822Z</time>
			</trkpt>
			<trkpt lat="45.59316" lon="3.03357">
				<ele>821.7</ele>
				<time>2026-05-20T17:36:19.058Z</time>
			</trkpt>
			<trkpt lat="45.59274" lon="3.03435">
				<ele>818.92</ele>
				<time>2026-05-20T17:36:24.646Z</time>
			</trkpt>
			<trkpt lat="45.59256" lon="3.03483">
				<ele>821</ele>
				<time>2026-05-20T17:36:27.737Z</time>
			</trkpt>
			<trkpt lat="45.59241" lon="3.0351">
				<ele>822.55</ele>
				<time>2026-05-20T17:36:29.694Z</time>
			</trkpt>
			<trkpt lat="45.59215" lon="3.03541">
				<ele>821.29</ele>
				<time>2026-05-20T17:36:32.439Z</time>
			</trkpt>
			<trkpt lat="45.5916" lon="3.03598">
				<ele>817.41</ele>
				<time>2026-05-20T17:36:37.945Z</time>
			</trkpt>
			<trkpt lat="45.59128" lon="3.03625">
				<ele>814.7</ele>
				<time>2026-05-20T17:36:40.955Z</time>
			</trkpt>
			<trkpt lat="45.59099" lon="3.03639">
				<ele>813.34</ele>
				<time>2026-05-20T17:36:43.434Z</time>
			</trkpt>
			<trkpt lat="45.5905" lon="3.03656">
				<ele>812.45</ele>
				<time>2026-05-20T17:36:47.516Z</time>
			</trkpt>
			<trkpt lat="45.58986" lon="3.03684">
				<ele>803.63</ele>
				<time>2026-05-20T17:36:52.930Z</time>
			</trkpt>
			<trkpt lat="45.58971" lon="3.03699">
				<ele>801.87</ele>
				<time>2026-05-20T17:36:54.411Z</time>
			</trkpt>
			<trkpt lat="45.58923" lon="3.03769">
				<ele>802.5</ele>
				<time>2026-05-20T17:36:59.953Z</time>
			</trkpt>
			<trkpt lat="45.58878" lon="3.0384">
				<ele>794.86</ele>
				<time>2026-05-20T17:37:05.366Z</time>
			</trkpt>
			<trkpt lat="45.58862" lon="3.03878">
				<ele>790.3</ele>
				<time>2026-05-20T17:37:07.870Z</time>
			</trkpt>
			<trkpt lat="45.58837" lon="3.03921">
				<ele>788.73</ele>
				<time>2026-05-20T17:37:11.025Z</time>
			</trkpt>
			<trkpt lat="45.58805" lon="3.03959">
				<ele>788.18</ele>
				<time>2026-05-20T17:37:14.379Z</time>
			</trkpt>
			<trkpt lat="45.58764" lon="3.03991">
				<ele>784.95</ele>
				<time>2026-05-20T17:37:18.142Z</time>
			</trkpt>
			<trkpt lat="45.58738" lon="3.04001">
				<ele>782.38</ele>
				<time>2026-05-20T17:37:20.310Z</time>
			</trkpt>
			<trkpt lat="45.58714" lon="3.04006">
				<ele>781.11</ele>
				<time>2026-05-20T17:37:22.261Z</time>
			</trkpt>
			<trkpt lat="45.58639" lon="3.04008">
				<ele>776.21</ele>
				<time>2026-05-20T17:37:28.292Z</time>
			</trkpt>
			<trkpt lat="45.58611" lon="3.03999">
				<ele>774.04</ele>
				<time>2026-05-20T17:37:30.598Z</time>
			</trkpt>
			<trkpt lat="45.586" lon="3.03998">
				<ele>773.26</ele>
				<time>2026-05-20T17:37:31.483Z</time>
			</trkpt>
			<trkpt lat="45.58581" lon="3.04002">
				<ele>772.16</ele>
				<time>2026-05-20T17:37:33.024Z</time>
			</trkpt>
			<trkpt lat="45.58569" lon="3.04001">
				<ele>770.82</ele>
				<time>2026-05-20T17:37:33.989Z</time>
			</trkpt>
			<trkpt lat="45.58545" lon="3.03991">
				<ele>768.19</ele>
				<time>2026-05-20T17:37:35.995Z</time>
			</trkpt>
			<trkpt lat="45.58532" lon="3.03987">
				<ele>767.34</ele>
				<time>2026-05-20T17:37:37.061Z</time>
			</trkpt>
			<trkpt lat="45.5852" lon="3.03989">
				<ele>766.31</ele>
				<time>2026-05-20T17:37:38.030Z</time>
			</trkpt>
			<trkpt lat="45.58508" lon="3.03992">
				<ele>765.12</ele>
				<time>2026-05-20T17:37:39.006Z</time>
			</trkpt>
			<trkpt lat="45.58493" lon="3.04001">
				<ele>763.71</ele>
				<time>2026-05-20T17:37:40.310Z</time>
			</trkpt>
			<trkpt lat="45.58482" lon="3.04011">
				<ele>763.22</ele>
				<time>2026-05-20T17:37:41.354Z</time>
			</trkpt>
			<trkpt lat="45.58474" lon="3.04021">
				<ele>762.42</ele>
				<time>2026-05-20T17:37:42.206Z</time>
			</trkpt>
			<trkpt lat="45.58469" lon="3.04033">
				<ele>761.99</ele>
				<time>2026-05-20T17:37:42.988Z</time>
			</trkpt>
			<trkpt lat="45.58465" lon="3.04047">
				<ele>761.79</ele>
				<time>2026-05-20T17:37:43.835Z</time>
			</trkpt>
			<trkpt lat="45.58461" lon="3.0408">
				<ele>760.42</ele>
				<time>2026-05-20T17:37:45.711Z</time>
			</trkpt>
			<trkpt lat="45.58457" lon="3.04092">
				<ele>759.63</ele>
				<time>2026-05-20T17:37:46.455Z</time>
			</trkpt>
			<trkpt lat="45.5845" lon="3.04101">
				<ele>757.68</ele>
				<time>2026-05-20T17:37:47.209Z</time>
			</trkpt>
			<trkpt lat="45.58438" lon="3.04107">
				<ele>755.13</ele>
				<time>2026-05-20T17:37:48.225Z</time>
			</trkpt>
			<trkpt lat="45.58427" lon="3.04117">
				<ele>753.87</ele>
				<time>2026-05-20T17:37:49.268Z</time>
			</trkpt>
			<trkpt lat="45.5842" lon="3.0413">
				<ele>753.32</ele>
				<time>2026-05-20T17:37:50.185Z</time>
			</trkpt>
			<trkpt lat="45.58406" lon="3.04175">
				<ele>752.09</ele>
				<time>2026-05-20T17:37:52.938Z</time>
			</trkpt>
			<trkpt lat="45.58388" lon="3.04222">
				<ele>746.98</ele>
				<time>2026-05-20T17:37:55.931Z</time>
			</trkpt>
			<trkpt lat="45.58382" lon="3.04247">
				<ele>746.36</ele>
				<time>2026-05-20T17:37:57.407Z</time>
			</trkpt>
			<trkpt lat="45.58379" lon="3.0427">
				<ele>744.74</ele>
				<time>2026-05-20T17:37:58.712Z</time>
			</trkpt>
			<trkpt lat="45.58377" lon="3.04323">
				<ele>739.83</ele>
				<time>2026-05-20T17:38:01.673Z</time>
			</trkpt>
			<trkpt lat="45.58373" lon="3.0434">
				<ele>737.98</ele>
				<time>2026-05-20T17:38:02.672Z</time>
			</trkpt>
			<trkpt lat="45.58367" lon="3.04347">
				<ele>736.95</ele>
				<time>2026-05-20T17:38:03.289Z</time>
			</trkpt>
			<trkpt lat="45.58356" lon="3.0436">
				<ele>736.45</ele>
				<time>2026-05-20T17:38:04.425Z</time>
			</trkpt>
			<trkpt lat="45.58343" lon="3.04378">
				<ele>737.85</ele>
				<time>2026-05-20T17:38:05.866Z</time>
			</trkpt>
			<trkpt lat="45.5834" lon="3.04392">
				<ele>738.28</ele>
				<time>2026-05-20T17:38:06.681Z</time>
			</trkpt>
			<trkpt lat="45.58338" lon="3.0441">
				<ele>738.56</ele>
				<time>2026-05-20T17:38:07.695Z</time>
			</trkpt>
			<trkpt lat="45.58341" lon="3.04443">
				<ele>738.68</ele>
				<time>2026-05-20T17:38:09.546Z</time>
			</trkpt>
			<trkpt lat="45.58341" lon="3.04459">
				<ele>738.7</ele>
				<time>2026-05-20T17:38:10.436Z</time>
			</trkpt>
			<trkpt lat="45.58321" lon="3.04543">
				<ele>733.9</ele>
				<time>2026-05-20T17:38:15.365Z</time>
			</trkpt>
			<trkpt lat="45.58298" lon="3.04607">
				<ele>731.66</ele>
				<time>2026-05-20T17:38:19.355Z</time>
			</trkpt>
			<trkpt lat="45.58267" lon="3.04656">
				<ele>727.88</ele>
				<time>2026-05-20T17:38:23.014Z</time>
			</trkpt>
			<trkpt lat="45.58182" lon="3.04831">
				<ele>712.67</ele>
				<time>2026-05-20T17:38:34.782Z</time>
			</trkpt>
			<trkpt lat="45.58171" lon="3.04844">
				<ele>711.08</ele>
				<time>2026-05-20T17:38:35.906Z</time>
			</trkpt>
			<trkpt lat="45.58157" lon="3.04847">
				<ele>711.59</ele>
				<time>2026-05-20T17:38:37.020Z</time>
			</trkpt>
			<trkpt lat="45.58115" lon="3.04848">
				<ele>713.99</ele>
				<time>2026-05-20T17:38:40.323Z</time>
			</trkpt>
			<trkpt lat="45.58105" lon="3.04854">
				<ele>713.68</ele>
				<time>2026-05-20T17:38:41.175Z</time>
			</trkpt>
			<trkpt lat="45.58039" lon="3.04912">
				<ele>712.41</ele>
				<time>2026-05-20T17:38:47.255Z</time>
			</trkpt>
			<trkpt lat="45.58023" lon="3.04961">
				<ele>709.05</ele>
				<time>2026-05-20T17:38:50.219Z</time>
			</trkpt>
			<trkpt lat="45.58008" lon="3.04998">
				<ele>712.23</ele>
				<time>2026-05-20T17:38:52.560Z</time>
			</trkpt>
			<trkpt lat="45.58011" lon="3.05043">
				<ele>705.56</ele>
				<time>2026-05-20T17:38:55.033Z</time>
			</trkpt>
			<trkpt lat="45.58004" lon="3.05142">
				<ele>698.88</ele>
				<time>2026-05-20T17:39:00.466Z</time>
			</trkpt>
			<trkpt lat="45.57987" lon="3.05209">
				<ele>693.71</ele>
				<time>2026-05-20T17:39:04.349Z</time>
			</trkpt>
			<trkpt lat="45.57977" lon="3.05229">
				<ele>693.42</ele>
				<time>2026-05-20T17:39:05.686Z</time>
			</trkpt>
			<trkpt lat="45.57955" lon="3.05244">
				<ele>698.19</ele>
				<time>2026-05-20T17:39:07.580Z</time>
			</trkpt>
			<trkpt lat="45.57948" lon="3.05255">
				<ele>698.81</ele>
				<time>2026-05-20T17:39:08.388Z</time>
			</trkpt>
			<trkpt lat="45.57945" lon="3.05271">
				<ele>697.58</ele>
				<time>2026-05-20T17:39:09.288Z</time>
			</trkpt>
			<trkpt lat="45.5795" lon="3.05339">
				<ele>687.06</ele>
				<time>2026-05-20T17:39:12.998Z</time>
			</trkpt>
			<trkpt lat="45.5795" lon="3.05369">
				<ele>683.61</ele>
				<time>2026-05-20T17:39:14.624Z</time>
			</trkpt>
			<trkpt lat="45.57943" lon="3.05419">
				<ele>680</ele>
				<time>2026-05-20T17:39:17.384Z</time>
			</trkpt>
			<trkpt lat="45.57931" lon="3.05462">
				<ele>679.13</ele>
				<time>2026-05-20T17:39:19.887Z</time>
			</trkpt>
			<trkpt lat="45.57923" lon="3.05477">
				<ele>679.26</ele>
				<time>2026-05-20T17:39:20.906Z</time>
			</trkpt>
			<trkpt lat="45.57916" lon="3.05488">
				<ele>679.77</ele>
				<time>2026-05-20T17:39:21.708Z</time>
			</trkpt>
			<trkpt lat="45.57895" lon="3.05503">
				<ele>682.76</ele>
				<time>2026-05-20T17:39:23.518Z</time>
			</trkpt>
			<trkpt lat="45.57887" lon="3.05516">
				<ele>682.29</ele>
				<time>2026-05-20T17:39:24.451Z</time>
			</trkpt>
			<trkpt lat="45.57868" lon="3.05567">
				<ele>677.8</ele>
				<time>2026-05-20T17:39:27.563Z</time>
			</trkpt>
			<trkpt lat="45.5786" lon="3.05584">
				<ele>675.99</ele>
				<time>2026-05-20T17:39:28.665Z</time>
			</trkpt>
			<trkpt lat="45.57809" lon="3.05656">
				<ele>676.19</ele>
				<time>2026-05-20T17:39:34.166Z</time>
			</trkpt>
			<trkpt lat="45.578" lon="3.05672">
				<ele>675.96</ele>
				<time>2026-05-20T17:39:35.266Z</time>
			</trkpt>
			<trkpt lat="45.57796" lon="3.05686">
				<ele>675.04</ele>
				<time>2026-05-20T17:39:36.077Z</time>
			</trkpt>
			<trkpt lat="45.57793" lon="3.05732">
				<ele>671.86</ele>
				<time>2026-05-20T17:39:38.550Z</time>
			</trkpt>
			<trkpt lat="45.57795" lon="3.05753">
				<ele>670.19</ele>
				<time>2026-05-20T17:39:39.683Z</time>
			</trkpt>
			<trkpt lat="45.57801" lon="3.05765">
				<ele>668.39</ele>
				<time>2026-05-20T17:39:40.471Z</time>
			</trkpt>
			<trkpt lat="45.57817" lon="3.05788">
				<ele>661.34</ele>
				<time>2026-05-20T17:39:42.203Z</time>
			</trkpt>
			<trkpt lat="45.57822" lon="3.05796">
				<ele>660.12</ele>
				<time>2026-05-20T17:39:42.775Z</time>
			</trkpt>
			<trkpt lat="45.57829" lon="3.05826">
				<ele>662.87</ele>
				<time>2026-05-20T17:39:44.462Z</time>
			</trkpt>
			<trkpt lat="45.57834" lon="3.05839">
				<ele>663.4</ele>
				<time>2026-05-20T17:39:45.252Z</time>
			</trkpt>
			<trkpt lat="45.57841" lon="3.05847">
				<ele>660.46</ele>
				<time>2026-05-20T17:39:45.935Z</time>
			</trkpt>
			<trkpt lat="45.57851" lon="3.05853">
				<ele>653.31</ele>
				<time>2026-05-20T17:39:46.760Z</time>
			</trkpt>
			<trkpt lat="45.5786" lon="3.05862">
				<ele>648.89</ele>
				<time>2026-05-20T17:39:47.595Z</time>
			</trkpt>
			<trkpt lat="45.57871" lon="3.05886">
				<ele>648.18</ele>
				<time>2026-05-20T17:39:49.121Z</time>
			</trkpt>
			<trkpt lat="45.57891" lon="3.05921">
				<ele>641.5</ele>
				<time>2026-05-20T17:39:51.521Z</time>
			</trkpt>
			<trkpt lat="45.57897" lon="3.05937">
				<ele>643.69</ele>
				<time>2026-05-20T17:39:52.484Z</time>
			</trkpt>
			<trkpt lat="45.57904" lon="3.05962">
				<ele>647.51</ele>
				<time>2026-05-20T17:39:53.912Z</time>
			</trkpt>
			<trkpt lat="45.5791" lon="3.05976">
				<ele>648.35</ele>
				<time>2026-05-20T17:39:54.782Z</time>
			</trkpt>
			<trkpt lat="45.57919" lon="3.05983">
				<ele>646.71</ele>
				<time>2026-05-20T17:39:55.557Z</time>
			</trkpt>
			<trkpt lat="45.57931" lon="3.05986">
				<ele>643.01</ele>
				<time>2026-05-20T17:39:56.479Z</time>
			</trkpt>
			<trkpt lat="45.57963" lon="3.05985">
				<ele>631.3</ele>
				<time>2026-05-20T17:39:58.897Z</time>
			</trkpt>
			<trkpt lat="45.57973" lon="3.05989">
				<ele>628.85</ele>
				<time>2026-05-20T17:39:59.681Z</time>
			</trkpt>
			<trkpt lat="45.57992" lon="3.06008">
				<ele>624.65</ele>
				<time>2026-05-20T17:40:01.430Z</time>
			</trkpt>
			<trkpt lat="45.58001" lon="3.06024">
				<ele>623.51</ele>
				<time>2026-05-20T17:40:02.512Z</time>
			</trkpt>
			<trkpt lat="45.58029" lon="3.06079">
				<ele>619.75</ele>
				<time>2026-05-20T17:40:06.093Z</time>
			</trkpt>
			<trkpt lat="45.58037" lon="3.06106">
				<ele>624.27</ele>
				<time>2026-05-20T17:40:07.635Z</time>
			</trkpt>
			<trkpt lat="45.58042" lon="3.06118">
				<ele>625.4</ele>
				<time>2026-05-20T17:40:08.368Z</time>
			</trkpt>
			<trkpt lat="45.5805" lon="3.06125">
				<ele>624.05</ele>
				<time>2026-05-20T17:40:09.072Z</time>
			</trkpt>
			<trkpt lat="45.58064" lon="3.06129">
				<ele>620.49</ele>
				<time>2026-05-20T17:40:10.142Z</time>
			</trkpt>
			<trkpt lat="45.58082" lon="3.06131">
				<ele>615.63</ele>
				<time>2026-05-20T17:40:11.495Z</time>
			</trkpt>
			<trkpt lat="45.58109" lon="3.06146">
				<ele>611.78</ele>
				<time>2026-05-20T17:40:13.662Z</time>
			</trkpt>
			<trkpt lat="45.58126" lon="3.06151">
				<ele>607.66</ele>
				<time>2026-05-20T17:40:14.959Z</time>
			</trkpt>
			<trkpt lat="45.58137" lon="3.06162">
				<ele>608.07</ele>
				<time>2026-05-20T17:40:15.962Z</time>
			</trkpt>
			<trkpt lat="45.58163" lon="3.06202">
				<ele>610.09</ele>
				<time>2026-05-20T17:40:18.811Z</time>
			</trkpt>
			<trkpt lat="45.58189" lon="3.06232">
				<ele>602.12</ele>
				<time>2026-05-20T17:40:21.298Z</time>
			</trkpt>
			<trkpt lat="45.58197" lon="3.06245">
				<ele>599.34</ele>
				<time>2026-05-20T17:40:22.199Z</time>
			</trkpt>
			<trkpt lat="45.58202" lon="3.06264">
				<ele>597.05</ele>
				<time>2026-05-20T17:40:23.254Z</time>
			</trkpt>
			<trkpt lat="45.58204" lon="3.06285">
				<ele>595.85</ele>
				<time>2026-05-20T17:40:24.355Z</time>
			</trkpt>
			<trkpt lat="45.58202" lon="3.06332">
				<ele>591.57</ele>
				<time>2026-05-20T17:40:26.798Z</time>
			</trkpt>
			<trkpt lat="45.58197" lon="3.06353">
				<ele>591.08</ele>
				<time>2026-05-20T17:40:27.947Z</time>
			</trkpt>
			<trkpt lat="45.58182" lon="3.06382">
				<ele>596.38</ele>
				<time>2026-05-20T17:40:29.814Z</time>
			</trkpt>
			<trkpt lat="45.58176" lon="3.064">
				<ele>595.46</ele>
				<time>2026-05-20T17:40:30.845Z</time>
			</trkpt>
			<trkpt lat="45.58151" lon="3.06496">
				<ele>582.46</ele>
				<time>2026-05-20T17:40:36.128Z</time>
			</trkpt>
			<trkpt lat="45.58144" lon="3.06513">
				<ele>581.24</ele>
				<time>2026-05-20T17:40:37.143Z</time>
			</trkpt>
			<trkpt lat="45.58129" lon="3.06538">
				<ele>582.49</ele>
				<time>2026-05-20T17:40:38.835Z</time>
			</trkpt>
			<trkpt lat="45.5809" lon="3.06637">
				<ele>575.3</ele>
				<time>2026-05-20T17:40:44.657Z</time>
			</trkpt>
			<trkpt lat="45.58071" lon="3.06664">
				<ele>578.9</ele>
				<time>2026-05-20T17:40:46.613Z</time>
			</trkpt>
			<trkpt lat="45.58069" lon="3.06675">
				<ele>576.99</ele>
				<time>2026-05-20T17:40:47.194Z</time>
			</trkpt>
			<trkpt lat="45.58069" lon="3.06705">
				<ele>570.24</ele>
				<time>2026-05-20T17:40:48.723Z</time>
			</trkpt>
			<trkpt lat="45.58066" lon="3.06728">
				<ele>567.45</ele>
				<time>2026-05-20T17:40:49.915Z</time>
			</trkpt>
			<trkpt lat="45.58038" lon="3.06857">
				<ele>564.07</ele>
				<time>2026-05-20T17:40:56.771Z</time>
			</trkpt>
			<trkpt lat="45.57996" lon="3.07058">
				<ele>545.3</ele>
				<time>2026-05-20T17:41:07.339Z</time>
			</trkpt>
			<trkpt lat="45.57995" lon="3.07091">
				<ele>539.51</ele>
				<time>2026-05-20T17:41:08.995Z</time>
			</trkpt>
			<trkpt lat="45.5799" lon="3.0711">
				<ele>539.42</ele>
				<time>2026-05-20T17:41:10.010Z</time>
			</trkpt>
			<trkpt lat="45.57966" lon="3.07138">
				<ele>544.47</ele>
				<time>2026-05-20T17:41:12.223Z</time>
			</trkpt>
			<trkpt lat="45.57956" lon="3.07167">
				<ele>541.72</ele>
				<time>2026-05-20T17:41:13.835Z</time>
			</trkpt>
			<trkpt lat="45.57942" lon="3.07218">
				<ele>531.94</ele>
				<time>2026-05-20T17:41:16.562Z</time>
			</trkpt>
			<trkpt lat="45.57932" lon="3.07245">
				<ele>526.49</ele>
				<time>2026-05-20T17:41:18.080Z</time>
			</trkpt>
			<trkpt lat="45.57926" lon="3.07255">
				<ele>524.8</ele>
				<time>2026-05-20T17:41:18.733Z</time>
			</trkpt>
			<trkpt lat="45.57917" lon="3.07265">
				<ele>523.18</ele>
				<time>2026-05-20T17:41:19.541Z</time>
			</trkpt>
			<trkpt lat="45.57902" lon="3.07274">
				<ele>523.22</ele>
				<time>2026-05-20T17:41:20.693Z</time>
			</trkpt>
			<trkpt lat="45.57888" lon="3.07283">
				<ele>522.66</ele>
				<time>2026-05-20T17:41:21.779Z</time>
			</trkpt>
			<trkpt lat="45.57885" lon="3.07289">
				<ele>522.47</ele>
				<time>2026-05-20T17:41:22.143Z</time>
			</trkpt>
			<trkpt lat="45.57875" lon="3.07282">
				<ele>524.5</ele>
				<time>2026-05-20T17:41:22.930Z</time>
			</trkpt>
			<trkpt lat="45.57862" lon="3.07279">
				<ele>526.54</ele>
				<time>2026-05-20T17:41:23.859Z</time>
			</trkpt>
			<trkpt lat="45.57794" lon="3.07284">
				<ele>529.47</ele>
				<time>2026-05-20T17:41:28.636Z</time>
			</trkpt>
			<trkpt lat="45.57781" lon="3.07281">
				<ele>528.7</ele>
				<time>2026-05-20T17:41:29.553Z</time>
			</trkpt>
			<trkpt lat="45.5777" lon="3.07276">
				<ele>527.74</ele>
				<time>2026-05-20T17:41:30.355Z</time>
			</trkpt>
			<trkpt lat="45.57756" lon="3.07262">
				<ele>527.12</ele>
				<time>2026-05-20T17:41:31.540Z</time>
			</trkpt>
			<trkpt lat="45.57747" lon="3.07246">
				<ele>528.01</ele>
				<time>2026-05-20T17:41:32.532Z</time>
			</trkpt>
			<trkpt lat="45.57742" lon="3.07229">
				<ele>528.69</ele>
				<time>2026-05-20T17:41:33.422Z</time>
			</trkpt>
			<trkpt lat="45.57738" lon="3.07195">
				<ele>530.91</ele>
				<time>2026-05-20T17:41:35.080Z</time>
			</trkpt>
			<trkpt lat="45.57736" lon="3.07093">
				<ele>535.01</ele>
				<time>2026-05-20T17:41:39.950Z</time>
			</trkpt>
			<trkpt lat="45.57738" lon="3.07012">
				<ele>539.11</ele>
				<time>2026-05-20T17:41:43.779Z</time>
			</trkpt>
			<trkpt lat="45.5774" lon="3.06925">
				<ele>545.55</ele>
				<time>2026-05-20T17:41:47.859Z</time>
			</trkpt>
			<trkpt lat="45.57739" lon="3.069">
				<ele>548.47</ele>
				<time>2026-05-20T17:41:49.027Z</time>
			</trkpt>
			<trkpt lat="45.57734" lon="3.06874">
				<ele>549.63</ele>
				<time>2026-05-20T17:41:50.282Z</time>
			</trkpt>
			<trkpt lat="45.57726" lon="3.06849">
				<ele>549.29</ele>
				<time>2026-05-20T17:41:51.558Z</time>
			</trkpt>
			<trkpt lat="45.57711" lon="3.06804">
				<ele>549.8</ele>
				<time>2026-05-20T17:41:53.865Z</time>
			</trkpt>
			<trkpt lat="45.577" lon="3.06786">
				<ele>546.67</ele>
				<time>2026-05-20T17:41:54.968Z</time>
			</trkpt>
			<trkpt lat="45.57687" lon="3.06769">
				<ele>545.2</ele>
				<time>2026-05-20T17:41:56.129Z</time>
			</trkpt>
			<trkpt lat="45.57675" lon="3.06759">
				<ele>544.26</ele>
				<time>2026-05-20T17:41:57.042Z</time>
			</trkpt>
			<trkpt lat="45.57659" lon="3.06748">
				<ele>542.14</ele>
				<time>2026-05-20T17:41:58.208Z</time>
			</trkpt>
			<trkpt lat="45.57586" lon="3.06713">
				<ele>540.72</ele>
				<time>2026-05-20T17:42:03.243Z</time>
			</trkpt>
			<trkpt lat="45.57563" lon="3.06694">
				<ele>542.45</ele>
				<time>2026-05-20T17:42:04.974Z</time>
			</trkpt>
			<trkpt lat="45.5755" lon="3.0668">
				<ele>542.2</ele>
				<time>2026-05-20T17:42:06.033Z</time>
			</trkpt>
			<trkpt lat="45.5753" lon="3.06647">
				<ele>543.26</ele>
				<time>2026-05-20T17:42:08.019Z</time>
			</trkpt>
			<trkpt lat="45.57517" lon="3.0661">
				<ele>544.32</ele>
				<time>2026-05-20T17:42:09.899Z</time>
			</trkpt>
			<trkpt lat="45.57503" lon="3.06565">
				<ele>548.04</ele>
				<time>2026-05-20T17:42:12.133Z</time>
			</trkpt>
			<trkpt lat="45.57488" lon="3.06529">
				<ele>551.34</ele>
				<time>2026-05-20T17:42:14.032Z</time>
			</trkpt>
			<trkpt lat="45.57436" lon="3.06448">
				<ele>547.7</ele>
				<time>2026-05-20T17:42:19.007Z</time>
			</trkpt>
			<trkpt lat="45.57429" lon="3.06431">
				<ele>549.09</ele>
				<time>2026-05-20T17:42:19.899Z</time>
			</trkpt>
			<trkpt lat="45.57422" lon="3.06408">
				<ele>549.54</ele>
				<time>2026-05-20T17:42:21.034Z</time>
			</trkpt>
			<trkpt lat="45.57418" lon="3.06382">
				<ele>548.41</ele>
				<time>2026-05-20T17:42:22.239Z</time>
			</trkpt>
			<trkpt lat="45.57397" lon="3.06201">
				<ele>554.77</ele>
				<time>2026-05-20T17:42:30.552Z</time>
			</trkpt>
			<trkpt lat="45.57389" lon="3.06147">
				<ele>552.55</ele>
				<time>2026-05-20T17:42:33.060Z</time>
			</trkpt>
			<trkpt lat="45.5738" lon="3.06117">
				<ele>553.65</ele>
				<time>2026-05-20T17:42:34.545Z</time>
			</trkpt>
			<trkpt lat="45.57351" lon="3.06051">
				<ele>556.54</ele>
				<time>2026-05-20T17:42:38.100Z</time>
			</trkpt>
			<trkpt lat="45.57335" lon="3.06017">
				<ele>558.13</ele>
				<time>2026-05-20T17:42:39.974Z</time>
			</trkpt>
			<trkpt lat="45.5732" lon="3.0599">
				<ele>560.64</ele>
				<time>2026-05-20T17:42:41.555Z</time>
			</trkpt>
			<trkpt lat="45.57311" lon="3.05978">
				<ele>561.25</ele>
				<time>2026-05-20T17:42:42.362Z</time>
			</trkpt>
			<trkpt lat="45.57301" lon="3.05969">
				<ele>560.93</ele>
				<time>2026-05-20T17:42:43.138Z</time>
			</trkpt>
			<trkpt lat="45.57251" lon="3.05946">
				<ele>556.75</ele>
				<time>2026-05-20T17:42:46.598Z</time>
			</trkpt>
			<trkpt lat="45.57225" lon="3.05939">
				<ele>553.58</ele>
				<time>2026-05-20T17:42:48.347Z</time>
			</trkpt>
			<trkpt lat="45.57211" lon="3.05944">
				<ele>549.9</ele>
				<time>2026-05-20T17:42:49.304Z</time>
			</trkpt>
			<trkpt lat="45.57203" lon="3.05951">
				<ele>548.97</ele>
				<time>2026-05-20T17:42:49.926Z</time>
			</trkpt>
			<trkpt lat="45.57179" lon="3.05978">
				<ele>554.61</ele>
				<time>2026-05-20T17:42:51.957Z</time>
			</trkpt>
			<trkpt lat="45.57172" lon="3.05984">
				<ele>558.48</ele>
				<time>2026-05-20T17:42:52.500Z</time>
			</trkpt>
			<trkpt lat="45.57163" lon="3.05987">
				<ele>561.33</ele>
				<time>2026-05-20T17:42:53.113Z</time>
			</trkpt>
			<trkpt lat="45.57132" lon="3.05988">
				<ele>562.44</ele>
				<time>2026-05-20T17:42:55.169Z</time>
			</trkpt>
			<trkpt lat="45.57098" lon="3.05991">
				<ele>563.7</ele>
				<time>2026-05-20T17:42:57.421Z</time>
			</trkpt>
			<trkpt lat="45.5708" lon="3.05997">
				<ele>565.66</ele>
				<time>2026-05-20T17:42:58.641Z</time>
			</trkpt>
			<trkpt lat="45.57062" lon="3.06007">
				<ele>566.37</ele>
				<time>2026-05-20T17:42:59.914Z</time>
			</trkpt>
			<trkpt lat="45.57043" lon="3.06025">
				<ele>567.75</ele>
				<time>2026-05-20T17:43:01.414Z</time>
			</trkpt>
			<trkpt lat="45.56997" lon="3.06079">
				<ele>573.5</ele>
				<time>2026-05-20T17:43:05.321Z</time>
			</trkpt>
			<trkpt lat="45.56983" lon="3.06089">
				<ele>573.6</ele>
				<time>2026-05-20T17:43:06.345Z</time>
			</trkpt>
			<trkpt lat="45.56971" lon="3.06094">
				<ele>572.85</ele>
				<time>2026-05-20T17:43:07.162Z</time>
			</trkpt>
			<trkpt lat="45.56957" lon="3.06096">
				<ele>571.36</ele>
				<time>2026-05-20T17:43:08.081Z</time>
			</trkpt>
			<trkpt lat="45.56942" lon="3.06094">
				<ele>569.02</ele>
				<time>2026-05-20T17:43:09.064Z</time>
			</trkpt>
			<trkpt lat="45.56921" lon="3.06088">
				<ele>568.7</ele>
				<time>2026-05-20T17:43:10.460Z</time>
			</trkpt>
			<trkpt lat="45.56877" lon="3.06064">
				<ele>577.32</ele>
				<time>2026-05-20T17:43:13.523Z</time>
			</trkpt>
			<trkpt lat="45.56859" lon="3.06059">
				<ele>581.07</ele>
				<time>2026-05-20T17:43:14.713Z</time>
			</trkpt>
			<trkpt lat="45.56768" lon="3.06046">
				<ele>586.17</ele>
				<time>2026-05-20T17:43:20.630Z</time>
			</trkpt>
			<trkpt lat="45.56746" lon="3.06044">
				<ele>586.16</ele>
				<time>2026-05-20T17:43:22.051Z</time>
			</trkpt>
			<trkpt lat="45.56693" lon="3.0605">
				<ele>588.91</ele>
				<time>2026-05-20T17:43:25.472Z</time>
			</trkpt>
			<trkpt lat="45.56607" lon="3.06063">
				<ele>594.55</ele>
				<time>2026-05-20T17:43:31.016Z</time>
			</trkpt>
			<trkpt lat="45.56437" lon="3.0607">
				<ele>599.13</ele>
				<time>2026-05-20T17:43:41.854Z</time>
			</trkpt>
			<trkpt lat="45.56418" lon="3.06067">
				<ele>599.95</ele>
				<time>2026-05-20T17:43:43.067Z</time>
			</trkpt>
			<trkpt lat="45.56398" lon="3.06059">
				<ele>599.36</ele>
				<time>2026-05-20T17:43:44.385Z</time>
			</trkpt>
			<trkpt lat="45.56378" lon="3.06049">
				<ele>600.12</ele>
				<time>2026-05-20T17:43:45.728Z</time>
			</trkpt>
			<trkpt lat="45.56364" lon="3.06038">
				<ele>600.67</ele>
				<time>2026-05-20T17:43:46.740Z</time>
			</trkpt>
			<trkpt lat="45.56344" lon="3.06018">
				<ele>602.07</ele>
				<time>2026-05-20T17:43:48.285Z</time>
			</trkpt>
			<trkpt lat="45.5633" lon="3.05999">
				<ele>603.03</ele>
				<time>2026-05-20T17:43:49.506Z</time>
			</trkpt>
			<trkpt lat="45.56319" lon="3.05978">
				<ele>605.7</ele>
				<time>2026-05-20T17:43:50.667Z</time>
			</trkpt>
			<trkpt lat="45.56307" lon="3.05952">
				<ele>605.79</ele>
				<time>2026-05-20T17:43:52.044Z</time>
			</trkpt>
			<trkpt lat="45.5628" lon="3.05874">
				<ele>608.31</ele>
				<time>2026-05-20T17:43:55.887Z</time>
			</trkpt>
			<trkpt lat="45.56263" lon="3.05837">
				<ele>611.46</ele>
				<time>2026-05-20T17:43:57.839Z</time>
			</trkpt>
			<trkpt lat="45.56175" lon="3.05695">
				<ele>614.77</ele>
				<time>2026-05-20T17:44:06.188Z</time>
			</trkpt>
			<trkpt lat="45.56165" lon="3.05671">
				<ele>617.05</ele>
				<time>2026-05-20T17:44:07.416Z</time>
			</trkpt>
			<trkpt lat="45.56155" lon="3.05628">
				<ele>625.16</ele>
				<time>2026-05-20T17:44:09.407Z</time>
			</trkpt>
			<trkpt lat="45.56153" lon="3.05605">
				<ele>628.69</ele>
				<time>2026-05-20T17:44:10.425Z</time>
			</trkpt>
			<trkpt lat="45.56153" lon="3.05562">
				<ele>632.07</ele>
				<time>2026-05-20T17:44:12.313Z</time>
			</trkpt>
			<trkpt lat="45.56157" lon="3.05538">
				<ele>631.34</ele>
				<time>2026-05-20T17:44:13.396Z</time>
			</trkpt>
			<trkpt lat="45.56184" lon="3.05439">
				<ele>633.96</ele>
				<time>2026-05-20T17:44:18.058Z</time>
			</trkpt>
			<trkpt lat="45.56189" lon="3.05413">
				<ele>636.6</ele>
				<time>2026-05-20T17:44:19.240Z</time>
			</trkpt>
			<trkpt lat="45.56192" lon="3.0539">
				<ele>637.78</ele>
				<time>2026-05-20T17:44:20.266Z</time>
			</trkpt>
			<trkpt lat="45.56193" lon="3.05364">
				<ele>636.99</ele>
				<time>2026-05-20T17:44:21.408Z</time>
			</trkpt>
			<trkpt lat="45.56189" lon="3.05319">
				<ele>635.32</ele>
				<time>2026-05-20T17:44:23.397Z</time>
			</trkpt>
			<trkpt lat="45.56185" lon="3.05297">
				<ele>634.57</ele>
				<time>2026-05-20T17:44:24.393Z</time>
			</trkpt>
			<trkpt lat="45.56178" lon="3.05274">
				<ele>633.08</ele>
				<time>2026-05-20T17:44:25.493Z</time>
			</trkpt>
			<trkpt lat="45.56165" lon="3.05241">
				<ele>630.04</ele>
				<time>2026-05-20T17:44:27.153Z</time>
			</trkpt>
			<trkpt lat="45.56144" lon="3.05205">
				<ele>631.39</ele>
				<time>2026-05-20T17:44:29.207Z</time>
			</trkpt>
			<trkpt lat="45.5569" lon="3.04538">
				<ele>651.75</ele>
				<time>2026-05-20T17:45:10.187Z</time>
			</trkpt>
			<trkpt lat="45.55659" lon="3.04487">
				<ele>652.71</ele>
				<time>2026-05-20T17:45:13.191Z</time>
			</trkpt>
			<trkpt lat="45.5562" lon="3.04397">
				<ele>656.88</ele>
				<time>2026-05-20T17:45:17.910Z</time>
			</trkpt>
			<trkpt lat="45.55606" lon="3.04349">
				<ele>658.24</ele>
				<time>2026-05-20T17:45:20.235Z</time>
			</trkpt>
			<trkpt lat="45.55595" lon="3.04301">
				<ele>656.48</ele>
				<time>2026-05-20T17:45:22.496Z</time>
			</trkpt>
			<trkpt lat="45.55573" lon="3.04146">
				<ele>664.86</ele>
				<time>2026-05-20T17:45:29.604Z</time>
			</trkpt>
			<trkpt lat="45.55558" lon="3.04079">
				<ele>661.48</ele>
				<time>2026-05-20T17:45:32.779Z</time>
			</trkpt>
			<trkpt lat="45.55543" lon="3.04035">
				<ele>661.56</ele>
				<time>2026-05-20T17:45:34.993Z</time>
			</trkpt>
			<trkpt lat="45.55519" lon="3.03984">
				<ele>661.76</ele>
				<time>2026-05-20T17:45:37.779Z</time>
			</trkpt>
			<trkpt lat="45.5549" lon="3.03933">
				<ele>658.53</ele>
				<time>2026-05-20T17:45:40.766Z</time>
			</trkpt>
			<trkpt lat="45.55483" lon="3.03916">
				<ele>658.45</ele>
				<time>2026-05-20T17:45:41.665Z</time>
			</trkpt>
			<trkpt lat="45.55468" lon="3.03874">
				<ele>661.27</ele>
				<time>2026-05-20T17:45:43.816Z</time>
			</trkpt>
			<trkpt lat="45.55457" lon="3.0383">
				<ele>664.63</ele>
				<time>2026-05-20T17:45:45.952Z</time>
			</trkpt>
			<trkpt lat="45.55452" lon="3.03784">
				<ele>664.57</ele>
				<time>2026-05-20T17:45:48.085Z</time>
			</trkpt>
			<trkpt lat="45.55451" lon="3.03731">
				<ele>663.56</ele>
				<time>2026-05-20T17:45:50.521Z</time>
			</trkpt>
			<trkpt lat="45.55453" lon="3.03661">
				<ele>663.33</ele>
				<time>2026-05-20T17:45:53.749Z</time>
			</trkpt>
			<trkpt lat="45.55453" lon="3.03604">
				<ele>661.19</ele>
				<time>2026-05-20T17:45:56.383Z</time>
			</trkpt>
			<trkpt lat="45.55448" lon="3.03546">
				<ele>662.17</ele>
				<time>2026-05-20T17:45:59.093Z</time>
			</trkpt>
			<trkpt lat="45.55434" lon="3.03494">
				<ele>661.39</ele>
				<time>2026-05-20T17:46:01.684Z</time>
			</trkpt>
			<trkpt lat="45.5542" lon="3.03455">
				<ele>662.4</ele>
				<time>2026-05-20T17:46:03.728Z</time>
			</trkpt>
			<trkpt lat="45.55401" lon="3.03419">
				<ele>664.82</ele>
				<time>2026-05-20T17:46:05.835Z</time>
			</trkpt>
			<trkpt lat="45.55372" lon="3.03378">
				<ele>664.08</ele>
				<time>2026-05-20T17:46:08.568Z</time>
			</trkpt>
			<trkpt lat="45.55247" lon="3.03223">
				<ele>667.14</ele>
				<time>2026-05-20T17:46:19.752Z</time>
			</trkpt>
			<trkpt lat="45.55219" lon="3.03182">
				<ele>667.15</ele>
				<time>2026-05-20T17:46:22.486Z</time>
			</trkpt>
			<trkpt lat="45.55161" lon="3.03093">
				<ele>670.73</ele>
				<time>2026-05-20T17:46:28.324Z</time>
			</trkpt>
			<trkpt lat="45.55124" lon="3.03041">
				<ele>671.59</ele>
				<time>2026-05-20T17:46:31.908Z</time>
			</trkpt>
			<trkpt lat="45.55108" lon="3.03022">
				<ele>673.05</ele>
				<time>2026-05-20T17:46:33.349Z</time>
			</trkpt>
			<trkpt lat="45.55058" lon="3.02974">
				<ele>677.52</ele>
				<time>2026-05-20T17:46:37.540Z</time>
			</trkpt>
			<trkpt lat="45.54948" lon="3.02881">
				<ele>680.99</ele>
				<time>2026-05-20T17:46:46.517Z</time>
			</trkpt>
			<trkpt lat="45.54923" lon="3.02862">
				<ele>681.34</ele>
				<time>2026-05-20T17:46:48.523Z</time>
			</trkpt>
			<trkpt lat="45.54899" lon="3.02849">
				<ele>681.13</ele>
				<time>2026-05-20T17:46:50.345Z</time>
			</trkpt>
			<trkpt lat="45.54869" lon="3.02835">
				<ele>681.13</ele>
				<time>2026-05-20T17:46:52.594Z</time>
			</trkpt>
			<trkpt lat="45.54839" lon="3.02827">
				<ele>685.75</ele>
				<time>2026-05-20T17:46:54.775Z</time>
			</trkpt>
			<trkpt lat="45.54801" lon="3.0282">
				<ele>688.46</ele>
				<time>2026-05-20T17:46:57.524Z</time>
			</trkpt>
			<trkpt lat="45.54701" lon="3.02813">
				<ele>688.2</ele>
				<time>2026-05-20T17:47:04.765Z</time>
			</trkpt>
			<trkpt lat="45.54638" lon="3.02792">
				<ele>690.62</ele>
				<time>2026-05-20T17:47:09.488Z</time>
			</trkpt>
			<trkpt lat="45.5455" lon="3.02754">
				<ele>693.7</ele>
				<time>2026-05-20T17:47:16.263Z</time>
			</trkpt>
			<trkpt lat="45.54506" lon="3.02739">
				<ele>694.75</ele>
				<time>2026-05-20T17:47:19.624Z</time>
			</trkpt>
			<trkpt lat="45.54463" lon="3.02733">
				<ele>696.59</ele>
				<time>2026-05-20T17:47:22.852Z</time>
			</trkpt>
			<trkpt lat="45.5442" lon="3.02736">
				<ele>701.97</ele>
				<time>2026-05-20T17:47:26.085Z</time>
			</trkpt>
			<trkpt lat="45.54383" lon="3.02744">
				<ele>703.39</ele>
				<time>2026-05-20T17:47:28.910Z</time>
			</trkpt>
			<trkpt lat="45.54346" lon="3.0275">
				<ele>702.01</ele>
				<time>2026-05-20T17:47:31.735Z</time>
			</trkpt>
			<trkpt lat="45.54306" lon="3.0275">
				<ele>700.07</ele>
				<time>2026-05-20T17:47:34.783Z</time>
			</trkpt>
			<trkpt lat="45.54272" lon="3.0274">
				<ele>698.48</ele>
				<time>2026-05-20T17:47:37.442Z</time>
			</trkpt>
			<trkpt lat="45.54221" lon="3.02709">
				<ele>700.61</ele>
				<time>2026-05-20T17:47:41.712Z</time>
			</trkpt>
			<trkpt lat="45.54194" lon="3.02683">
				<ele>701.59</ele>
				<time>2026-05-20T17:47:44.236Z</time>
			</trkpt>
			<trkpt lat="45.54172" lon="3.02656">
				<ele>701.48</ele>
				<time>2026-05-20T17:47:46.493Z</time>
			</trkpt>
			<trkpt lat="45.54143" lon="3.02603">
				<ele>699.17</ele>
				<time>2026-05-20T17:47:50.176Z</time>
			</trkpt>
			<trkpt lat="45.54126" lon="3.02557">
				<ele>699.45</ele>
				<time>2026-05-20T17:47:53.041Z</time>
			</trkpt>
			<trkpt lat="45.54115" lon="3.02505">
				<ele>699.12</ele>
				<time>2026-05-20T17:47:56.048Z</time>
			</trkpt>
			<trkpt lat="45.54096" lon="3.0238">
				<ele>703.73</ele>
				<time>2026-05-20T17:48:03.191Z</time>
			</trkpt>
			<trkpt lat="45.5409" lon="3.02381">
				<ele>703.05</ele>
				<time>2026-05-20T17:48:03.675Z</time>
			</trkpt>
			<trkpt lat="45.54074" lon="3.02378">
				<ele>701.73</ele>
				<time>2026-05-20T17:48:04.973Z</time>
			</trkpt>
			<trkpt lat="45.54064" lon="3.02367">
				<ele>701.02</ele>
				<time>2026-05-20T17:48:05.989Z</time>
			</trkpt>
			<trkpt lat="45.5405" lon="3.02341">
				<ele>699.78</ele>
				<time>2026-05-20T17:48:07.846Z</time>
			</trkpt>
			<trkpt lat="45.54028" lon="3.02312">
				<ele>699.04</ele>
				<time>2026-05-20T17:48:10.315Z</time>
			</trkpt>
			<trkpt lat="45.54008" lon="3.02272">
				<ele>697.5</ele>
				<time>2026-05-20T17:48:13.231Z</time>
			</trkpt>
			<trkpt lat="45.53986" lon="3.02246">
				<ele>694.08</ele>
				<time>2026-05-20T17:48:15.709Z</time>
			</trkpt>
			<trkpt lat="45.5396" lon="3.02225">
				<ele>689.94</ele>
				<time>2026-05-20T17:48:18.354Z</time>
			</trkpt>
			<trkpt lat="45.53932" lon="3.02206">
				<ele>685.97</ele>
				<time>2026-05-20T17:48:21.150Z</time>
			</trkpt>
			<trkpt lat="45.53896" lon="3.02162">
				<ele>681.88</ele>
				<time>2026-05-20T17:48:25.515Z</time>
			</trkpt>
			<trkpt lat="45.53875" lon="3.02123">
				<ele>679.64</ele>
				<time>2026-05-20T17:48:28.750Z</time>
			</trkpt>
			<trkpt lat="45.53859" lon="3.02102">
				<ele>676.73</ele>
				<time>2026-05-20T17:48:30.814Z</time>
			</trkpt>
			<trkpt lat="45.5382" lon="3.02073">
				<ele>670.99</ele>
				<time>2026-05-20T17:48:35.034Z</time>
			</trkpt>
			<trkpt lat="45.53787" lon="3.02058">
				<ele>666.22</ele>
				<time>2026-05-20T17:48:38.395Z</time>
			</trkpt>
			<trkpt lat="45.53696" lon="3.02023">
				<ele>657.99</ele>
				<time>2026-05-20T17:48:47.644Z</time>
			</trkpt>
			<trkpt lat="45.53681" lon="3.02021">
				<ele>654.96</ele>
				<time>2026-05-20T17:48:49.130Z</time>
			</trkpt>
			<trkpt lat="45.53671" lon="3.02022">
				<ele>653.26</ele>
				<time>2026-05-20T17:48:50.119Z</time>
			</trkpt>
			<trkpt lat="45.53662" lon="3.02026">
				<ele>652.05</ele>
				<time>2026-05-20T17:48:51.049Z</time>
			</trkpt>
			<trkpt lat="45.5365" lon="3.02036">
				<ele>650.99</ele>
				<time>2026-05-20T17:48:52.421Z</time>
			</trkpt>
			<trkpt lat="45.53617" lon="3.02082">
				<ele>648.21</ele>
				<time>2026-05-20T17:48:56.966Z</time>
			</trkpt>
			<trkpt lat="45.53604" lon="3.02093">
				<ele>647.34</ele>
				<time>2026-05-20T17:48:58.451Z</time>
			</trkpt>
			<trkpt lat="45.53594" lon="3.02098">
				<ele>646.46</ele>
				<time>2026-05-20T17:48:59.491Z</time>
			</trkpt>
			<trkpt lat="45.53569" lon="3.02103">
				<ele>643.57</ele>
				<time>2026-05-20T17:49:01.961Z</time>
			</trkpt>
			<trkpt lat="45.53558" lon="3.02108">
				<ele>642.97</ele>
				<time>2026-05-20T17:49:03.086Z</time>
			</trkpt>
			<trkpt lat="45.53472" lon="3.02161">
				<ele>637.11</ele>
				<time>2026-05-20T17:49:12.097Z</time>
			</trkpt>
			<trkpt lat="45.5336" lon="3.02272">
				<ele>626.55</ele>
				<time>2026-05-20T17:49:24.615Z</time>
			</trkpt>
			<trkpt lat="45.53339" lon="3.02284">
				<ele>624.66</ele>
				<time>2026-05-20T17:49:26.598Z</time>
			</trkpt>
			<trkpt lat="45.53321" lon="3.02289">
				<ele>622.87</ele>
				<time>2026-05-20T17:49:28.183Z</time>
			</trkpt>
			<trkpt lat="45.53304" lon="3.02291">
				<ele>620.91</ele>
				<time>2026-05-20T17:49:29.638Z</time>
			</trkpt>
			<trkpt lat="45.53296" lon="3.02315">
				<ele>621.27</ele>
				<time>2026-05-20T17:49:31.203Z</time>
			</trkpt>
			<trkpt lat="45.53253" lon="3.02416">
				<ele>619.33</ele>
				<time>2026-05-20T17:49:37.922Z</time>
			</trkpt>
			<trkpt lat="45.53233" lon="3.02487">
				<ele>619.04</ele>
				<time>2026-05-20T17:49:42.179Z</time>
			</trkpt>
			<trkpt lat="45.53227" lon="3.02521">
				<ele>618.57</ele>
				<time>2026-05-20T17:49:44.111Z</time>
			</trkpt>
			<trkpt lat="45.53219" lon="3.02599">
				<ele>617.72</ele>
				<time>2026-05-20T17:49:48.415Z</time>
			</trkpt>
			<trkpt lat="45.53215" lon="3.02673">
				<ele>615.66</ele>
				<time>2026-05-20T17:49:52.418Z</time>
			</trkpt>
			<trkpt lat="45.53217" lon="3.02702">
				<ele>614.65</ele>
				<time>2026-05-20T17:49:53.977Z</time>
			</trkpt>
			<trkpt lat="45.53237" lon="3.02793">
				<ele>615.45</ele>
				<time>2026-05-20T17:49:59.030Z</time>
			</trkpt>
			<trkpt lat="45.53262" lon="3.0292">
				<ele>614.9</ele>
				<time>2026-05-20T17:50:05.905Z</time>
			</trkpt>
			<trkpt lat="45.53278" lon="3.03024">
				<ele>611.33</ele>
				<time>2026-05-20T17:50:11.361Z</time>
			</trkpt>
			<trkpt lat="45.53281" lon="3.0306">
				<ele>612.53</ele>
				<time>2026-05-20T17:50:13.201Z</time>
			</trkpt>
			<trkpt lat="45.53279" lon="3.03137">
				<ele>613.32</ele>
				<time>2026-05-20T17:50:17.083Z</time>
			</trkpt>
			<trkpt lat="45.53267" lon="3.03262">
				<ele>612.01</ele>
				<time>2026-05-20T17:50:23.362Z</time>
			</trkpt>
			<trkpt lat="45.53261" lon="3.03283">
				<ele>613.04</ele>
				<time>2026-05-20T17:50:24.480Z</time>
			</trkpt>
			<trkpt lat="45.53253" lon="3.03305">
				<ele>612.69</ele>
				<time>2026-05-20T17:50:25.700Z</time>
			</trkpt>
			<trkpt lat="45.53203" lon="3.03401">
				<ele>609.82</ele>
				<time>2026-05-20T17:50:31.539Z</time>
			</trkpt>
			<trkpt lat="45.53194" lon="3.03422">
				<ele>607.79</ele>
				<time>2026-05-20T17:50:32.732Z</time>
			</trkpt>
			<trkpt lat="45.53149" lon="3.03595">
				<ele>598.29</ele>
				<time>2026-05-20T17:50:41.585Z</time>
			</trkpt>
			<trkpt lat="45.53137" lon="3.03623">
				<ele>597.45</ele>
				<time>2026-05-20T17:50:43.145Z</time>
			</trkpt>
			<trkpt lat="45.53096" lon="3.03697">
				<ele>602.15</ele>
				<time>2026-05-20T17:50:47.606Z</time>
			</trkpt>
			<trkpt lat="45.53089" lon="3.03717">
				<ele>603.08</ele>
				<time>2026-05-20T17:50:48.658Z</time>
			</trkpt>
			<trkpt lat="45.53086" lon="3.03739">
				<ele>602.85</ele>
				<time>2026-05-20T17:50:49.712Z</time>
			</trkpt>
			<trkpt lat="45.53088" lon="3.03762">
				<ele>602.36</ele>
				<time>2026-05-20T17:50:50.799Z</time>
			</trkpt>
			<trkpt lat="45.53096" lon="3.03791">
				<ele>601.98</ele>
				<time>2026-05-20T17:50:52.259Z</time>
			</trkpt>
			<trkpt lat="45.53135" lon="3.03902">
				<ele>595.75</ele>
				<time>2026-05-20T17:50:58.049Z</time>
			</trkpt>
			<trkpt lat="45.5314" lon="3.03924">
				<ele>595.33</ele>
				<time>2026-05-20T17:50:59.123Z</time>
			</trkpt>
			<trkpt lat="45.53141" lon="3.0395">
				<ele>595.26</ele>
				<time>2026-05-20T17:51:00.331Z</time>
			</trkpt>
			<trkpt lat="45.53139" lon="3.03975">
				<ele>593.93</ele>
				<time>2026-05-20T17:51:01.497Z</time>
			</trkpt>
			<trkpt lat="45.53131" lon="3.04002">
				<ele>591.79</ele>
				<time>2026-05-20T17:51:02.853Z</time>
			</trkpt>
			<trkpt lat="45.53085" lon="3.04105">
				<ele>593.75</ele>
				<time>2026-05-20T17:51:08.489Z</time>
			</trkpt>
			<trkpt lat="45.53077" lon="3.04129">
				<ele>591.6</ele>
				<time>2026-05-20T17:51:09.712Z</time>
			</trkpt>
			<trkpt lat="45.53074" lon="3.04153">
				<ele>589.89</ele>
				<time>2026-05-20T17:51:10.833Z</time>
			</trkpt>
			<trkpt lat="45.53077" lon="3.0418">
				<ele>588.75</ele>
				<time>2026-05-20T17:51:12.090Z</time>
			</trkpt>
			<trkpt lat="45.53084" lon="3.04202">
				<ele>588.22</ele>
				<time>2026-05-20T17:51:13.199Z</time>
			</trkpt>
			<trkpt lat="45.53093" lon="3.04221">
				<ele>586.83</ele>
				<time>2026-05-20T17:51:14.252Z</time>
			</trkpt>
			<trkpt lat="45.53109" lon="3.04234">
				<ele>586.07</ele>
				<time>2026-05-20T17:51:15.459Z</time>
			</trkpt>
			<trkpt lat="45.53125" lon="3.04242">
				<ele>585.14</ele>
				<time>2026-05-20T17:51:16.569Z</time>
			</trkpt>
			<trkpt lat="45.53425" lon="3.04303">
				<ele>562.46</ele>
				<time>2026-05-20T17:51:36.415Z</time>
			</trkpt>
			<trkpt lat="45.53423" lon="3.04319">
				<ele>564.31</ele>
				<time>2026-05-20T17:51:37.163Z</time>
			</trkpt>
			<trkpt lat="45.53419" lon="3.0433">
				<ele>565.76</ele>
				<time>2026-05-20T17:51:37.734Z</time>
			</trkpt>
			<trkpt lat="45.53412" lon="3.04342">
				<ele>567.71</ele>
				<time>2026-05-20T17:51:38.453Z</time>
			</trkpt>
			<trkpt lat="45.53252" lon="3.0442">
				<ele>581.58</ele>
				<time>2026-05-20T17:51:49.542Z</time>
			</trkpt>
			<trkpt lat="45.53223" lon="3.04427">
				<ele>581.79</ele>
				<time>2026-05-20T17:51:51.457Z</time>
			</trkpt>
			<trkpt lat="45.53203" lon="3.04424">
				<ele>580.89</ele>
				<time>2026-05-20T17:51:52.764Z</time>
			</trkpt>
			<trkpt lat="45.53184" lon="3.04416">
				<ele>581.72</ele>
				<time>2026-05-20T17:51:54.050Z</time>
			</trkpt>
			<trkpt lat="45.53096" lon="3.04363">
				<ele>590.7</ele>
				<time>2026-05-20T17:52:00.226Z</time>
			</trkpt>
			<trkpt lat="45.53085" lon="3.04353">
				<ele>591.36</ele>
				<time>2026-05-20T17:52:01.066Z</time>
			</trkpt>
			<trkpt lat="45.5306" lon="3.04325">
				<ele>588.84</ele>
				<time>2026-05-20T17:52:03.109Z</time>
			</trkpt>
			<trkpt lat="45.53049" lon="3.04319">
				<ele>588.37</ele>
				<time>2026-05-20T17:52:03.865Z</time>
			</trkpt>
			<trkpt lat="45.53038" lon="3.04316">
				<ele>588.45</ele>
				<time>2026-05-20T17:52:04.584Z</time>
			</trkpt>
			<trkpt lat="45.53001" lon="3.0432">
				<ele>588.5</ele>
				<time>2026-05-20T17:52:06.961Z</time>
			</trkpt>
			<trkpt lat="45.52984" lon="3.04317">
				<ele>588.61</ele>
				<time>2026-05-20T17:52:08.056Z</time>
			</trkpt>
			<trkpt lat="45.52963" lon="3.04309">
				<ele>588.12</ele>
				<time>2026-05-20T17:52:09.443Z</time>
			</trkpt>
			<trkpt lat="45.52947" lon="3.04308">
				<ele>588.47</ele>
				<time>2026-05-20T17:52:10.465Z</time>
			</trkpt>
			<trkpt lat="45.52923" lon="3.04315">
				<ele>589.21</ele>
				<time>2026-05-20T17:52:12.025Z</time>
			</trkpt>
			<trkpt lat="45.52882" lon="3.04335">
				<ele>592.26</ele>
				<time>2026-05-20T17:52:14.777Z</time>
			</trkpt>
			<trkpt lat="45.52863" lon="3.04341">
				<ele>593.57</ele>
				<time>2026-05-20T17:52:16.011Z</time>
			</trkpt>
			<trkpt lat="45.52839" lon="3.04341">
				<ele>594.82</ele>
				<time>2026-05-20T17:52:17.531Z</time>
			</trkpt>
			<trkpt lat="45.52811" lon="3.0434">
				<ele>595.4</ele>
				<time>2026-05-20T17:52:19.301Z</time>
			</trkpt>
			<trkpt lat="45.52785" lon="3.04335">
				<ele>593.01</ele>
				<time>2026-05-20T17:52:20.956Z</time>
			</trkpt>
			<trkpt lat="45.52754" lon="3.04317">
				<ele>585.37</ele>
				<time>2026-05-20T17:52:23.063Z</time>
			</trkpt>
			<trkpt lat="45.52738" lon="3.04312">
				<ele>582.25</ele>
				<time>2026-05-20T17:52:24.093Z</time>
			</trkpt>
			<trkpt lat="45.52724" lon="3.04314">
				<ele>580.99</ele>
				<time>2026-05-20T17:52:24.976Z</time>
			</trkpt>
			<trkpt lat="45.52646" lon="3.04348">
				<ele>582.08</ele>
				<time>2026-05-20T17:52:30.083Z</time>
			</trkpt>
			<trkpt lat="45.52606" lon="3.04362">
				<ele>578.71</ele>
				<time>2026-05-20T17:52:32.651Z</time>
			</trkpt>
			<trkpt lat="45.52572" lon="3.0437">
				<ele>582.17</ele>
				<time>2026-05-20T17:52:34.795Z</time>
			</trkpt>
			<trkpt lat="45.52535" lon="3.04371">
				<ele>584.53</ele>
				<time>2026-05-20T17:52:37.092Z</time>
			</trkpt>
			<trkpt lat="45.52384" lon="3.0436">
				<ele>593.29</ele>
				<time>2026-05-20T17:52:46.425Z</time>
			</trkpt>
			<trkpt lat="45.52299" lon="3.04345">
				<ele>591.37</ele>
				<time>2026-05-20T17:52:51.674Z</time>
			</trkpt>
			<trkpt lat="45.52235" lon="3.04331">
				<ele>589.61</ele>
				<time>2026-05-20T17:52:55.625Z</time>
			</trkpt>
			<trkpt lat="45.52222" lon="3.04326">
				<ele>587.52</ele>
				<time>2026-05-20T17:52:56.445Z</time>
			</trkpt>
			<trkpt lat="45.52214" lon="3.0432">
				<ele>587.07</ele>
				<time>2026-05-20T17:52:56.995Z</time>
			</trkpt>
			<trkpt lat="45.52206" lon="3.04304">
				<ele>585.38</ele>
				<time>2026-05-20T17:52:57.832Z</time>
			</trkpt>
			<trkpt lat="45.52193" lon="3.0426">
				<ele>585.31</ele>
				<time>2026-05-20T17:52:59.864Z</time>
			</trkpt>
			<trkpt lat="45.52186" lon="3.04245">
				<ele>586.93</ele>
				<time>2026-05-20T17:53:00.630Z</time>
			</trkpt>
			<trkpt lat="45.52174" lon="3.04232">
				<ele>589.19</ele>
				<time>2026-05-20T17:53:01.543Z</time>
			</trkpt>
			<trkpt lat="45.52158" lon="3.04221">
				<ele>590.9</ele>
				<time>2026-05-20T17:53:02.618Z</time>
			</trkpt>
			<trkpt lat="45.52132" lon="3.04218">
				<ele>590.23</ele>
				<time>2026-05-20T17:53:04.195Z</time>
			</trkpt>
			<trkpt lat="45.52003" lon="3.0423">
				<ele>586.12</ele>
				<time>2026-05-20T17:53:11.980Z</time>
			</trkpt>
			<trkpt lat="45.51983" lon="3.0423">
				<ele>588.3</ele>
				<time>2026-05-20T17:53:13.180Z</time>
			</trkpt>
			<trkpt lat="45.51969" lon="3.04226">
				<ele>589.87</ele>
				<time>2026-05-20T17:53:14.035Z</time>
			</trkpt>
			<trkpt lat="45.51951" lon="3.04217">
				<ele>590.55</ele>
				<time>2026-05-20T17:53:15.177Z</time>
			</trkpt>
			<trkpt lat="45.51904" lon="3.04187">
				<ele>591.78</ele>
				<time>2026-05-20T17:53:18.255Z</time>
			</trkpt>
			<trkpt lat="45.51877" lon="3.04179">
				<ele>591.98</ele>
				<time>2026-05-20T17:53:19.899Z</time>
			</trkpt>
			<trkpt lat="45.51835" lon="3.04172">
				<ele>594.35</ele>
				<time>2026-05-20T17:53:22.417Z</time>
			</trkpt>
			<trkpt lat="45.51809" lon="3.04162">
				<ele>592.23</ele>
				<time>2026-05-20T17:53:24.018Z</time>
			</trkpt>
			<trkpt lat="45.51785" lon="3.04147">
				<ele>590.58</ele>
				<time>2026-05-20T17:53:25.573Z</time>
			</trkpt>
			<trkpt lat="45.51772" lon="3.04137">
				<ele>590.53</ele>
				<time>2026-05-20T17:53:26.449Z</time>
			</trkpt>
			<trkpt lat="45.51737" lon="3.04099">
				<ele>592.73</ele>
				<time>2026-05-20T17:53:29.053Z</time>
			</trkpt>
			<trkpt lat="45.51701" lon="3.04047">
				<ele>596.68</ele>
				<time>2026-05-20T17:53:32.080Z</time>
			</trkpt>
			<trkpt lat="45.51683" lon="3.04016">
				<ele>599.95</ele>
				<time>2026-05-20T17:53:33.743Z</time>
			</trkpt>
			<trkpt lat="45.51644" lon="3.03942">
				<ele>608.15</ele>
				<time>2026-05-20T17:53:37.562Z</time>
			</trkpt>
			<trkpt lat="45.51635" lon="3.0393">
				<ele>609.48</ele>
				<time>2026-05-20T17:53:38.285Z</time>
			</trkpt>
			<trkpt lat="45.5162" lon="3.03918">
				<ele>609.62</ele>
				<time>2026-05-20T17:53:39.295Z</time>
			</trkpt>
			<trkpt lat="45.51603" lon="3.03909">
				<ele>608.49</ele>
				<time>2026-05-20T17:53:40.358Z</time>
			</trkpt>
			<trkpt lat="45.51589" lon="3.03906">
				<ele>605.51</ele>
				<time>2026-05-20T17:53:41.188Z</time>
			</trkpt>
			<trkpt lat="45.51567" lon="3.03908">
				<ele>601.72</ele>
				<time>2026-05-20T17:53:42.479Z</time>
			</trkpt>
			<trkpt lat="45.51533" lon="3.03917">
				<ele>598.16</ele>
				<time>2026-05-20T17:53:44.502Z</time>
			</trkpt>
			<trkpt lat="45.51509" lon="3.03918">
				<ele>597.82</ele>
				<time>2026-05-20T17:53:45.905Z</time>
			</trkpt>
			<trkpt lat="45.5149" lon="3.03916">
				<ele>597.66</ele>
				<time>2026-05-20T17:53:47.017Z</time>
			</trkpt>
			<trkpt lat="45.51479" lon="3.03906">
				<ele>598.2</ele>
				<time>2026-05-20T17:53:47.778Z</time>
			</trkpt>
			<trkpt lat="45.51467" lon="3.03885">
				<ele>599.4</ele>
				<time>2026-05-20T17:53:48.885Z</time>
			</trkpt>
			<trkpt lat="45.514" lon="3.03849">
				<ele>602.79</ele>
				<time>2026-05-20T17:53:53.051Z</time>
			</trkpt>
			<trkpt lat="45.51393" lon="3.03848">
				<ele>602.63</ele>
				<time>2026-05-20T17:53:53.459Z</time>
			</trkpt>
			<trkpt lat="45.51386" lon="3.0385">
				<ele>602.34</ele>
				<time>2026-05-20T17:53:53.874Z</time>
			</trkpt>
			<trkpt lat="45.51365" lon="3.0386">
				<ele>601.19</ele>
				<time>2026-05-20T17:53:55.159Z</time>
			</trkpt>
			<trkpt lat="45.51349" lon="3.03861">
				<ele>600.54</ele>
				<time>2026-05-20T17:53:56.088Z</time>
			</trkpt>
			<trkpt lat="45.51319" lon="3.03859">
				<ele>600.11</ele>
				<time>2026-05-20T17:53:57.828Z</time>
			</trkpt>
			<trkpt lat="45.5131" lon="3.03855">
				<ele>600.24</ele>
				<time>2026-05-20T17:53:58.374Z</time>
			</trkpt>
			<trkpt lat="45.51182" lon="3.03752">
				<ele>595.12</ele>
				<time>2026-05-20T17:54:06.857Z</time>
			</trkpt>
			<trkpt lat="45.51145" lon="3.03724">
				<ele>598.96</ele>
				<time>2026-05-20T17:54:09.267Z</time>
			</trkpt>
			<trkpt lat="45.51086" lon="3.03698">
				<ele>602.16</ele>
				<time>2026-05-20T17:54:12.813Z</time>
			</trkpt>
			<trkpt lat="45.5105" lon="3.03689">
				<ele>603.19</ele>
				<time>2026-05-20T17:54:14.909Z</time>
			</trkpt>
			<trkpt lat="45.51037" lon="3.03686">
				<ele>605.43</ele>
				<time>2026-05-20T17:54:15.663Z</time>
			</trkpt>
			<trkpt lat="45.5095" lon="3.03684">
				<ele>613.81</ele>
				<time>2026-05-20T17:54:20.639Z</time>
			</trkpt>
			<trkpt lat="45.50925" lon="3.03675">
				<ele>615.19</ele>
				<time>2026-05-20T17:54:22.111Z</time>
			</trkpt>
			<trkpt lat="45.50907" lon="3.03661">
				<ele>616.33</ele>
				<time>2026-05-20T17:54:23.281Z</time>
			</trkpt>
			<trkpt lat="45.50886" lon="3.03638">
				<ele>618.85</ele>
				<time>2026-05-20T17:54:24.790Z</time>
			</trkpt>
			<trkpt lat="45.50782" lon="3.03489">
				<ele>618.47</ele>
				<time>2026-05-20T17:54:33.171Z</time>
			</trkpt>
			<trkpt lat="45.5077" lon="3.03476">
				<ele>619.51</ele>
				<time>2026-05-20T17:54:34.026Z</time>
			</trkpt>
			<trkpt lat="45.50753" lon="3.03462">
				<ele>619.79</ele>
				<time>2026-05-20T17:54:35.139Z</time>
			</trkpt>
			<trkpt lat="45.50725" lon="3.03448">
				<ele>616.51</ele>
				<time>2026-05-20T17:54:36.821Z</time>
			</trkpt>
			<trkpt lat="45.50711" lon="3.03444">
				<ele>618.11</ele>
				<time>2026-05-20T17:54:37.630Z</time>
			</trkpt>
			<trkpt lat="45.50696" lon="3.03443">
				<ele>621.07</ele>
				<time>2026-05-20T17:54:38.480Z</time>
			</trkpt>
			<trkpt lat="45.5068" lon="3.03446">
				<ele>622.26</ele>
				<time>2026-05-20T17:54:39.393Z</time>
			</trkpt>
			<trkpt lat="45.50643" lon="3.0347">
				<ele>621.25</ele>
				<time>2026-05-20T17:54:41.692Z</time>
			</trkpt>
			<trkpt lat="45.5063" lon="3.03474">
				<ele>621.72</ele>
				<time>2026-05-20T17:54:42.444Z</time>
			</trkpt>
			<trkpt lat="45.50596" lon="3.03472">
				<ele>622.48</ele>
				<time>2026-05-20T17:54:44.366Z</time>
			</trkpt>
			<trkpt lat="45.50573" lon="3.03478">
				<ele>621.95</ele>
				<time>2026-05-20T17:54:45.687Z</time>
			</trkpt>
			<trkpt lat="45.50554" lon="3.03487">
				<ele>622.62</ele>
				<time>2026-05-20T17:54:46.816Z</time>
			</trkpt>
			<trkpt lat="45.50546" lon="3.03487">
				<ele>624.99</ele>
				<time>2026-05-20T17:54:47.268Z</time>
			</trkpt>
			<trkpt lat="45.50535" lon="3.03478">
				<ele>625.61</ele>
				<time>2026-05-20T17:54:47.983Z</time>
			</trkpt>
			<trkpt lat="45.505" lon="3.03403">
				<ele>629.96</ele>
				<time>2026-05-20T17:54:51.542Z</time>
			</trkpt>
			<trkpt lat="45.50491" lon="3.03392">
				<ele>630.29</ele>
				<time>2026-05-20T17:54:52.209Z</time>
			</trkpt>
			<trkpt lat="45.50484" lon="3.03388">
				<ele>630.63</ele>
				<time>2026-05-20T17:54:52.633Z</time>
			</trkpt>
			<trkpt lat="45.50475" lon="3.03388">
				<ele>630.92</ele>
				<time>2026-05-20T17:54:53.140Z</time>
			</trkpt>
			<trkpt lat="45.50467" lon="3.03392">
				<ele>631.3</ele>
				<time>2026-05-20T17:54:53.617Z</time>
			</trkpt>
			<trkpt lat="45.5046" lon="3.034">
				<ele>631.46</ele>
				<time>2026-05-20T17:54:54.122Z</time>
			</trkpt>
			<trkpt lat="45.50417" lon="3.03479">
				<ele>638.24</ele>
				<time>2026-05-20T17:54:58.064Z</time>
			</trkpt>
			<trkpt lat="45.50405" lon="3.03495">
				<ele>640.41</ele>
				<time>2026-05-20T17:54:58.987Z</time>
			</trkpt>
			<trkpt lat="45.5038" lon="3.03522">
				<ele>641.77</ele>
				<time>2026-05-20T17:55:00.747Z</time>
			</trkpt>
			<trkpt lat="45.50327" lon="3.03556">
				<ele>646.36</ele>
				<time>2026-05-20T17:55:04.009Z</time>
			</trkpt>
			<trkpt lat="45.50315" lon="3.03557">
				<ele>646.8</ele>
				<time>2026-05-20T17:55:04.683Z</time>
			</trkpt>
			<trkpt lat="45.50302" lon="3.03555">
				<ele>646.61</ele>
				<time>2026-05-20T17:55:05.416Z</time>
			</trkpt>
			<trkpt lat="45.50273" lon="3.03541">
				<ele>647.45</ele>
				<time>2026-05-20T17:55:07.132Z</time>
			</trkpt>
			<trkpt lat="45.50242" lon="3.03517">
				<ele>644.55</ele>
				<time>2026-05-20T17:55:09.109Z</time>
			</trkpt>
			<trkpt lat="45.5021" lon="3.0347">
				<ele>647.04</ele>
				<time>2026-05-20T17:55:11.681Z</time>
			</trkpt>
			<trkpt lat="45.50181" lon="3.0342">
				<ele>651.28</ele>
				<time>2026-05-20T17:55:14.226Z</time>
			</trkpt>
			<trkpt lat="45.50161" lon="3.03401">
				<ele>653.69</ele>
				<time>2026-05-20T17:55:15.571Z</time>
			</trkpt>
			<trkpt lat="45.5011" lon="3.03381">
				<ele>660.96</ele>
				<time>2026-05-20T17:55:18.528Z</time>
			</trkpt>
			<trkpt lat="45.50092" lon="3.03365">
				<ele>659.35</ele>
				<time>2026-05-20T17:55:19.714Z</time>
			</trkpt>
			<trkpt lat="45.50069" lon="3.03335">
				<ele>659.91</ele>
				<time>2026-05-20T17:55:21.455Z</time>
			</trkpt>
			<trkpt lat="45.50058" lon="3.03316">
				<ele>663.28</ele>
				<time>2026-05-20T17:55:22.420Z</time>
			</trkpt>
			<trkpt lat="45.50052" lon="3.03292">
				<ele>666.94</ele>
				<time>2026-05-20T17:55:23.418Z</time>
			</trkpt>
			<trkpt lat="45.50051" lon="3.03278">
				<ele>668.95</ele>
				<time>2026-05-20T17:55:23.969Z</time>
			</trkpt>
			<trkpt lat="45.50058" lon="3.03257">
				<ele>668.31</ele>
				<time>2026-05-20T17:55:24.879Z</time>
			</trkpt>
			<trkpt lat="45.50105" lon="3.03185">
				<ele>664.17</ele>
				<time>2026-05-20T17:55:28.729Z</time>
			</trkpt>
			<trkpt lat="45.5012" lon="3.03151">
				<ele>663.45</ele>
				<time>2026-05-20T17:55:30.301Z</time>
			</trkpt>
			<trkpt lat="45.50144" lon="3.03015">
				<ele>658.39</ele>
				<time>2026-05-20T17:55:35.785Z</time>
			</trkpt>
			<trkpt lat="45.50138" lon="3.02986">
				<ele>659.02</ele>
				<time>2026-05-20T17:55:36.968Z</time>
			</trkpt>
			<trkpt lat="45.50128" lon="3.02969">
				<ele>662.71</ele>
				<time>2026-05-20T17:55:37.835Z</time>
			</trkpt>
			<trkpt lat="45.50092" lon="3.02944">
				<ele>667.01</ele>
				<time>2026-05-20T17:55:40.068Z</time>
			</trkpt>
			<trkpt lat="45.50017" lon="3.02931">
				<ele>671.98</ele>
				<time>2026-05-20T17:55:44.281Z</time>
			</trkpt>
			<trkpt lat="45.49992" lon="3.02933">
				<ele>672.79</ele>
				<time>2026-05-20T17:55:45.677Z</time>
			</trkpt>
			<trkpt lat="45.49964" lon="3.02958">
				<ele>676.36</ele>
				<time>2026-05-20T17:55:47.519Z</time>
			</trkpt>
			<trkpt lat="45.49939" lon="3.02984">
				<ele>678.19</ele>
				<time>2026-05-20T17:55:49.244Z</time>
			</trkpt>
			<trkpt lat="45.4992" lon="3.03001">
				<ele>676.43</ele>
				<time>2026-05-20T17:55:50.495Z</time>
			</trkpt>
			<trkpt lat="45.4989" lon="3.03019">
				<ele>681.25</ele>
				<time>2026-05-20T17:55:52.310Z</time>
			</trkpt>
			<trkpt lat="45.4988" lon="3.03021">
				<ele>682.64</ele>
				<time>2026-05-20T17:55:52.873Z</time>
			</trkpt>
			<trkpt lat="45.49868" lon="3.03014">
				<ele>682.03</ele>
				<time>2026-05-20T17:55:53.596Z</time>
			</trkpt>
			<trkpt lat="45.49832" lon="3.02944">
				<ele>681.06</ele>
				<time>2026-05-20T17:55:56.990Z</time>
			</trkpt>
			<trkpt lat="45.49828" lon="3.02925">
				<ele>681.4</ele>
				<time>2026-05-20T17:55:57.766Z</time>
			</trkpt>
			<trkpt lat="45.49828" lon="3.02906">
				<ele>682.26</ele>
				<time>2026-05-20T17:55:58.509Z</time>
			</trkpt>
			<trkpt lat="45.49837" lon="3.0288">
				<ele>683.11</ele>
				<time>2026-05-20T17:55:59.643Z</time>
			</trkpt>
			<trkpt lat="45.49848" lon="3.02864">
				<ele>682.87</ele>
				<time>2026-05-20T17:56:00.520Z</time>
			</trkpt>
			<trkpt lat="45.49886" lon="3.02825">
				<ele>683.8</ele>
				<time>2026-05-20T17:56:03.132Z</time>
			</trkpt>
			<trkpt lat="45.49907" lon="3.02785">
				<ele>686.21</ele>
				<time>2026-05-20T17:56:05.087Z</time>
			</trkpt>
			<trkpt lat="45.4992" lon="3.02737">
				<ele>692.46</ele>
				<time>2026-05-20T17:56:07.101Z</time>
			</trkpt>
			<trkpt lat="45.49922" lon="3.02697">
				<ele>692.19</ele>
				<time>2026-05-20T17:56:08.671Z</time>
			</trkpt>
			<trkpt lat="45.49915" lon="3.02653">
				<ele>688.63</ele>
				<time>2026-05-20T17:56:10.438Z</time>
			</trkpt>
			<trkpt lat="45.49895" lon="3.02598">
				<ele>689.04</ele>
				<time>2026-05-20T17:56:12.865Z</time>
			</trkpt>
			<trkpt lat="45.49872" lon="3.02566">
				<ele>689.65</ele>
				<time>2026-05-20T17:56:14.661Z</time>
			</trkpt>
			<trkpt lat="45.49848" lon="3.0255">
				<ele>686.44</ele>
				<time>2026-05-20T17:56:16.142Z</time>
			</trkpt>
			<trkpt lat="45.49828" lon="3.02531">
				<ele>685.38</ele>
				<time>2026-05-20T17:56:17.486Z</time>
			</trkpt>
			<trkpt lat="45.49819" lon="3.02509">
				<ele>685.32</ele>
				<time>2026-05-20T17:56:18.485Z</time>
			</trkpt>
			<trkpt lat="45.49814" lon="3.02484">
				<ele>683.79</ele>
				<time>2026-05-20T17:56:19.505Z</time>
			</trkpt>
			<trkpt lat="45.49815" lon="3.02455">
				<ele>684.4</ele>
				<time>2026-05-20T17:56:20.644Z</time>
			</trkpt>
			<trkpt lat="45.49822" lon="3.02417">
				<ele>689.32</ele>
				<time>2026-05-20T17:56:22.186Z</time>
			</trkpt>
			<trkpt lat="45.49823" lon="3.02387">
				<ele>692.39</ele>
				<time>2026-05-20T17:56:23.366Z</time>
			</trkpt>
			<trkpt lat="45.49816" lon="3.02325">
				<ele>694.42</ele>
				<time>2026-05-20T17:56:25.832Z</time>
			</trkpt>
			<trkpt lat="45.49804" lon="3.02288">
				<ele>693.7</ele>
				<time>2026-05-20T17:56:27.434Z</time>
			</trkpt>
			<trkpt lat="45.49766" lon="3.02228">
				<ele>687.91</ele>
				<time>2026-05-20T17:56:30.615Z</time>
			</trkpt>
			<trkpt lat="45.4976" lon="3.02215">
				<ele>687.69</ele>
				<time>2026-05-20T17:56:31.227Z</time>
			</trkpt>
			<trkpt lat="45.49754" lon="3.02194">
				<ele>687.61</ele>
				<time>2026-05-20T17:56:32.120Z</time>
			</trkpt>
			<trkpt lat="45.49741" lon="3.0206">
				<ele>694.53</ele>
				<time>2026-05-20T17:56:37.449Z</time>
			</trkpt>
			<trkpt lat="45.49734" lon="3.02028">
				<ele>695.15</ele>
				<time>2026-05-20T17:56:38.771Z</time>
			</trkpt>
			<trkpt lat="45.49727" lon="3.02011">
				<ele>695.48</ele>
				<time>2026-05-20T17:56:39.549Z</time>
			</trkpt>
			<trkpt lat="45.49717" lon="3.01947">
				<ele>697.84</ele>
				<time>2026-05-20T17:56:42.137Z</time>
			</trkpt>
			<trkpt lat="45.49711" lon="3.01891">
				<ele>695.41</ele>
				<time>2026-05-20T17:56:44.376Z</time>
			</trkpt>
			<trkpt lat="45.49704" lon="3.0187">
				<ele>700.27</ele>
				<time>2026-05-20T17:56:45.295Z</time>
			</trkpt>
			<trkpt lat="45.49655" lon="3.01793">
				<ele>707.94</ele>
				<time>2026-05-20T17:56:49.411Z</time>
			</trkpt>
			<trkpt lat="45.4964" lon="3.01758">
				<ele>705.65</ele>
				<time>2026-05-20T17:56:51.036Z</time>
			</trkpt>
			<trkpt lat="45.49632" lon="3.01718">
				<ele>713.1</ele>
				<time>2026-05-20T17:56:52.686Z</time>
			</trkpt>
			<trkpt lat="45.49631" lon="3.01678">
				<ele>719.01</ele>
				<time>2026-05-20T17:56:54.274Z</time>
			</trkpt>
			<trkpt lat="45.49642" lon="3.01649">
				<ele>720.86</ele>
				<time>2026-05-20T17:56:55.583Z</time>
			</trkpt>
			<trkpt lat="45.49661" lon="3.0163">
				<ele>719.88</ele>
				<time>2026-05-20T17:56:56.898Z</time>
			</trkpt>
			<trkpt lat="45.49686" lon="3.01617">
				<ele>717.31</ele>
				<time>2026-05-20T17:56:58.407Z</time>
			</trkpt>
			<trkpt lat="45.49713" lon="3.01616">
				<ele>712.93</ele>
				<time>2026-05-20T17:56:59.940Z</time>
			</trkpt>
			<trkpt lat="45.4974" lon="3.01624">
				<ele>707.52</ele>
				<time>2026-05-20T17:57:01.506Z</time>
			</trkpt>
			<trkpt lat="45.49765" lon="3.01625">
				<ele>703.23</ele>
				<time>2026-05-20T17:57:02.927Z</time>
			</trkpt>
			<trkpt lat="45.49784" lon="3.01612">
				<ele>699.64</ele>
				<time>2026-05-20T17:57:04.126Z</time>
			</trkpt>
			<trkpt lat="45.49798" lon="3.01589">
				<ele>697</ele>
				<time>2026-05-20T17:57:05.341Z</time>
			</trkpt>
			<trkpt lat="45.49802" lon="3.01563">
				<ele>697.65</ele>
				<time>2026-05-20T17:57:06.403Z</time>
			</trkpt>
			<trkpt lat="45.49798" lon="3.01499">
				<ele>703.61</ele>
				<time>2026-05-20T17:57:08.970Z</time>
			</trkpt>
			<trkpt lat="45.49799" lon="3.01455">
				<ele>708.35</ele>
				<time>2026-05-20T17:57:10.731Z</time>
			</trkpt>
			<trkpt lat="45.49807" lon="3.01417">
				<ele>710.23</ele>
				<time>2026-05-20T17:57:12.319Z</time>
			</trkpt>
			<trkpt lat="45.49819" lon="3.01376">
				<ele>717.64</ele>
				<time>2026-05-20T17:57:14.099Z</time>
			</trkpt>
			<trkpt lat="45.49885" lon="3.01272">
				<ele>710.83</ele>
				<time>2026-05-20T17:57:19.732Z</time>
			</trkpt>
			<trkpt lat="45.49893" lon="3.01246">
				<ele>711.18</ele>
				<time>2026-05-20T17:57:20.874Z</time>
			</trkpt>
			<trkpt lat="45.49897" lon="3.01213">
				<ele>711.64</ele>
				<time>2026-05-20T17:57:22.223Z</time>
			</trkpt>
			<trkpt lat="45.49896" lon="3.01172">
				<ele>712.13</ele>
				<time>2026-05-20T17:57:23.876Z</time>
			</trkpt>
			<trkpt lat="45.49892" lon="3.01121">
				<ele>711.57</ele>
				<time>2026-05-20T17:57:25.946Z</time>
			</trkpt>
			<trkpt lat="45.49885" lon="3.01097">
				<ele>712.86</ele>
				<time>2026-05-20T17:57:26.996Z</time>
			</trkpt>
			<trkpt lat="45.49868" lon="3.01067">
				<ele>716.29</ele>
				<time>2026-05-20T17:57:28.555Z</time>
			</trkpt>
			<trkpt lat="45.49843" lon="3.01037">
				<ele>719.62</ele>
				<time>2026-05-20T17:57:30.440Z</time>
			</trkpt>
			<trkpt lat="45.49816" lon="3.01">
				<ele>718.36</ele>
				<time>2026-05-20T17:57:32.604Z</time>
			</trkpt>
			<trkpt lat="45.49785" lon="3.00949">
				<ele>725.05</ele>
				<time>2026-05-20T17:57:35.344Z</time>
			</trkpt>
			<trkpt lat="45.49751" lon="3.00886">
				<ele>720.53</ele>
				<time>2026-05-20T17:57:38.577Z</time>
			</trkpt>
			<trkpt lat="45.49737" lon="3.00867">
				<ele>720.44</ele>
				<time>2026-05-20T17:57:39.699Z</time>
			</trkpt>
			<trkpt lat="45.49698" lon="3.00839">
				<ele>721.01</ele>
				<time>2026-05-20T17:57:42.239Z</time>
			</trkpt>
			<trkpt lat="45.49558" lon="3.00767">
				<ele>722.82</ele>
				<time>2026-05-20T17:57:50.931Z</time>
			</trkpt>
			<trkpt lat="45.49518" lon="3.00738">
				<ele>723.28</ele>
				<time>2026-05-20T17:57:53.562Z</time>
			</trkpt>
			<trkpt lat="45.4949" lon="3.00703">
				<ele>718.25</ele>
				<time>2026-05-20T17:57:55.750Z</time>
			</trkpt>
			<trkpt lat="45.49454" lon="3.00664">
				<ele>721.33</ele>
				<time>2026-05-20T17:57:58.411Z</time>
			</trkpt>
			<trkpt lat="45.49422" lon="3.00632">
				<ele>719.36</ele>
				<time>2026-05-20T17:58:00.716Z</time>
			</trkpt>
			<trkpt lat="45.49348" lon="3.00574">
				<ele>717.66</ele>
				<time>2026-05-20T17:58:05.710Z</time>
			</trkpt>
			<trkpt lat="45.49297" lon="3.00544">
				<ele>718.67</ele>
				<time>2026-05-20T17:58:08.984Z</time>
			</trkpt>
			<trkpt lat="45.49216" lon="3.00467">
				<ele>716.38</ele>
				<time>2026-05-20T17:58:14.784Z</time>
			</trkpt>
			<trkpt lat="45.49191" lon="3.00449">
				<ele>718.18</ele>
				<time>2026-05-20T17:58:16.457Z</time>
			</trkpt>
			<trkpt lat="45.49132" lon="3.00417">
				<ele>720.79</ele>
				<time>2026-05-20T17:58:20.239Z</time>
			</trkpt>
			<trkpt lat="45.49072" lon="3.00365">
				<ele>721.79</ele>
				<time>2026-05-20T17:58:24.459Z</time>
			</trkpt>
			<trkpt lat="45.49034" lon="3.00328">
				<ele>725.04</ele>
				<time>2026-05-20T17:58:27.234Z</time>
			</trkpt>
			<trkpt lat="45.48977" lon="3.00239">
				<ele>727.46</ele>
				<time>2026-05-20T17:58:32.349Z</time>
			</trkpt>
			<trkpt lat="45.48952" lon="3.00204">
				<ele>727.13</ele>
				<time>2026-05-20T17:58:34.476Z</time>
			</trkpt>
			<trkpt lat="45.48923" lon="3.00174">
				<ele>725.59</ele>
				<time>2026-05-20T17:58:36.655Z</time>
			</trkpt>
			<trkpt lat="45.48716" lon="3.00009">
				<ele>728.79</ele>
				<time>2026-05-20T17:58:51.198Z</time>
			</trkpt>
			<trkpt lat="45.48693" lon="2.99987">
				<ele>733.57</ele>
				<time>2026-05-20T17:58:52.910Z</time>
			</trkpt>
			<trkpt lat="45.48676" lon="2.99961">
				<ele>731.98</ele>
				<time>2026-05-20T17:58:54.453Z</time>
			</trkpt>
			<trkpt lat="45.48616" lon="2.99857">
				<ele>730.49</ele>
				<time>2026-05-20T17:59:00.321Z</time>
			</trkpt>
			<trkpt lat="45.48567" lon="2.99799">
				<ele>733.16</ele>
				<time>2026-05-20T17:59:04.297Z</time>
			</trkpt>
			<trkpt lat="45.48522" lon="2.99767">
				<ele>737.47</ele>
				<time>2026-05-20T17:59:07.449Z</time>
			</trkpt>
			<trkpt lat="45.48475" lon="2.99712">
				<ele>740.43</ele>
				<time>2026-05-20T17:59:11.273Z</time>
			</trkpt>
			<trkpt lat="45.48411" lon="2.99647">
				<ele>742.52</ele>
				<time>2026-05-20T17:59:16.237Z</time>
			</trkpt>
			<trkpt lat="45.48397" lon="2.99625">
				<ele>743.2</ele>
				<time>2026-05-20T17:59:17.558Z</time>
			</trkpt>
			<trkpt lat="45.48375" lon="2.99586">
				<ele>743.71</ele>
				<time>2026-05-20T17:59:19.787Z</time>
			</trkpt>
			<trkpt lat="45.48338" lon="2.99534">
				<ele>746.77</ele>
				<time>2026-05-20T17:59:23.096Z</time>
			</trkpt>
			<trkpt lat="45.48325" lon="2.99522">
				<ele>746.62</ele>
				<time>2026-05-20T17:59:24.085Z</time>
			</trkpt>
			<trkpt lat="45.48243" lon="2.99486">
				<ele>748.88</ele>
				<time>2026-05-20T17:59:29.582Z</time>
			</trkpt>
			<trkpt lat="45.48228" lon="2.99475">
				<ele>748.07</ele>
				<time>2026-05-20T17:59:30.667Z</time>
			</trkpt>
			<trkpt lat="45.48179" lon="2.99418">
				<ele>752.51</ele>
				<time>2026-05-20T17:59:34.744Z</time>
			</trkpt>
			<trkpt lat="45.48161" lon="2.99402">
				<ele>751.56</ele>
				<time>2026-05-20T17:59:36.115Z</time>
			</trkpt>
			<trkpt lat="45.48134" lon="2.99392">
				<ele>750.37</ele>
				<time>2026-05-20T17:59:37.923Z</time>
			</trkpt>
			<trkpt lat="45.48106" lon="2.99387">
				<ele>752.28</ele>
				<time>2026-05-20T17:59:39.754Z</time>
			</trkpt>
			<trkpt lat="45.48086" lon="2.99378">
				<ele>753.62</ele>
				<time>2026-05-20T17:59:41.118Z</time>
			</trkpt>
			<trkpt lat="45.4807" lon="2.99367">
				<ele>755.4</ele>
				<time>2026-05-20T17:59:42.275Z</time>
			</trkpt>
			<trkpt lat="45.48044" lon="2.99341">
				<ele>756.8</ele>
				<time>2026-05-20T17:59:44.346Z</time>
			</trkpt>
			<trkpt lat="45.47997" lon="2.99276">
				<ele>758.28</ele>
				<time>2026-05-20T17:59:48.632Z</time>
			</trkpt>
			<trkpt lat="45.47947" lon="2.99158">
				<ele>757.81</ele>
				<time>2026-05-20T17:59:54.998Z</time>
			</trkpt>
			<trkpt lat="45.47927" lon="2.99124">
				<ele>758.9</ele>
				<time>2026-05-20T17:59:57.057Z</time>
			</trkpt>
			<trkpt lat="45.4789" lon="2.99071">
				<ele>758.62</ele>
				<time>2026-05-20T18:00:00.538Z</time>
			</trkpt>
			<trkpt lat="45.47852" lon="2.99025">
				<ele>755.78</ele>
				<time>2026-05-20T18:00:03.859Z</time>
			</trkpt>
			<trkpt lat="45.47824" lon="2.98998">
				<ele>756.62</ele>
				<time>2026-05-20T18:00:06.118Z</time>
			</trkpt>
			<trkpt lat="45.47804" lon="2.98984">
				<ele>756.92</ele>
				<time>2026-05-20T18:00:07.610Z</time>
			</trkpt>
			<trkpt lat="45.47786" lon="2.98976">
				<ele>756.55</ele>
				<time>2026-05-20T18:00:08.875Z</time>
			</trkpt>
			<trkpt lat="45.47715" lon="2.98963">
				<ele>760.82</ele>
				<time>2026-05-20T18:00:13.695Z</time>
			</trkpt>
			<trkpt lat="45.47681" lon="2.9896">
				<ele>760.7</ele>
				<time>2026-05-20T18:00:15.998Z</time>
			</trkpt>
			<trkpt lat="45.47662" lon="2.98962">
				<ele>760.17</ele>
				<time>2026-05-20T18:00:17.288Z</time>
			</trkpt>
			<trkpt lat="45.47616" lon="2.98973">
				<ele>760.84</ele>
				<time>2026-05-20T18:00:20.456Z</time>
			</trkpt>
			<trkpt lat="45.47598" lon="2.98973">
				<ele>761.09</ele>
				<time>2026-05-20T18:00:21.681Z</time>
			</trkpt>
			<trkpt lat="45.47566" lon="2.9896">
				<ele>759.41</ele>
				<time>2026-05-20T18:00:23.952Z</time>
			</trkpt>
			<trkpt lat="45.47557" lon="2.98955">
				<ele>758.79</ele>
				<time>2026-05-20T18:00:24.612Z</time>
			</trkpt>
			<trkpt lat="45.47373" lon="2.9883">
				<ele>766.23</ele>
				<time>2026-05-20T18:00:38.660Z</time>
			</trkpt>
			<trkpt lat="45.47358" lon="2.98824">
				<ele>768.09</ele>
				<time>2026-05-20T18:00:39.744Z</time>
			</trkpt>
			<trkpt lat="45.4729" lon="2.98806">
				<ele>770.11</ele>
				<time>2026-05-20T18:00:44.570Z</time>
			</trkpt>
			<trkpt lat="45.47251" lon="2.98793">
				<ele>771.47</ele>
				<time>2026-05-20T18:00:47.378Z</time>
			</trkpt>
			<trkpt lat="45.47213" lon="2.98775">
				<ele>775.78</ele>
				<time>2026-05-20T18:00:50.194Z</time>
			</trkpt>
			<trkpt lat="45.47169" lon="2.98742">
				<ele>774.86</ele>
				<time>2026-05-20T18:00:53.704Z</time>
			</trkpt>
			<trkpt lat="45.47129" lon="2.98719">
				<ele>774.46</ele>
				<time>2026-05-20T18:00:56.761Z</time>
			</trkpt>
			<trkpt lat="45.47112" lon="2.98711">
				<ele>775.1</ele>
				<time>2026-05-20T18:00:58.033Z</time>
			</trkpt>
			<trkpt lat="45.47097" lon="2.98708">
				<ele>776.5</ele>
				<time>2026-05-20T18:00:59.110Z</time>
			</trkpt>
			<trkpt lat="45.47081" lon="2.98709">
				<ele>778.25</ele>
				<time>2026-05-20T18:01:00.251Z</time>
			</trkpt>
			<trkpt lat="45.46981" lon="2.98742">
				<ele>785.88</ele>
				<time>2026-05-20T18:01:07.601Z</time>
			</trkpt>
			<trkpt lat="45.46922" lon="2.98772">
				<ele>785.49</ele>
				<time>2026-05-20T18:01:12.118Z</time>
			</trkpt>
			<trkpt lat="45.4691" lon="2.9878">
				<ele>786.9</ele>
				<time>2026-05-20T18:01:13.076Z</time>
			</trkpt>
			<trkpt lat="45.46917" lon="2.98792">
				<ele>788.65</ele>
				<time>2026-05-20T18:01:13.869Z</time>
			</trkpt>
			<trkpt lat="45.46943" lon="2.98813">
				<ele>791.91</ele>
				<time>2026-05-20T18:01:16.037Z</time>
			</trkpt>
			<trkpt lat="45.47037" lon="2.98863">
				<ele>802.02</ele>
				<time>2026-05-20T18:01:23.386Z</time>
			</trkpt>
			<trkpt lat="45.47065" lon="2.98873">
				<ele>802.35</ele>
				<time>2026-05-20T18:01:25.537Z</time>
			</trkpt>
			<trkpt lat="45.47082" lon="2.98884">
				<ele>803.11</ele>
				<time>2026-05-20T18:01:26.936Z</time>
			</trkpt>
			<trkpt lat="45.47091" lon="2.98895">
				<ele>802.46</ele>
				<time>2026-05-20T18:01:27.828Z</time>
			</trkpt>
			<trkpt lat="45.47094" lon="2.9891">
				<ele>804.17</ele>
				<time>2026-05-20T18:01:28.654Z</time>
			</trkpt>
			<trkpt lat="45.47092" lon="2.98926">
				<ele>807.4</ele>
				<time>2026-05-20T18:01:29.517Z</time>
			</trkpt>
			<trkpt lat="45.47085" lon="2.98938">
				<ele>810.89</ele>
				<time>2026-05-20T18:01:30.348Z</time>
			</trkpt>
			<trkpt lat="45.47077" lon="2.98942">
				<ele>811.98</ele>
				<time>2026-05-20T18:01:30.994Z</time>
			</trkpt>
			<trkpt lat="45.47022" lon="2.98942">
				<ele>814.44</ele>
				<time>2026-05-20T18:01:35.213Z</time>
			</trkpt>
			<trkpt lat="45.46963" lon="2.98952">
				<ele>827.62</ele>
				<time>2026-05-20T18:01:39.833Z</time>
			</trkpt>
			<trkpt lat="45.469" lon="2.98944">
				<ele>830.27</ele>
				<time>2026-05-20T18:01:44.819Z</time>
			</trkpt>
			<trkpt lat="45.46879" lon="2.98951">
				<ele>833.91</ele>
				<time>2026-05-20T18:01:46.534Z</time>
			</trkpt>
			<trkpt lat="45.46837" lon="2.98945">
				<ele>836.08</ele>
				<time>2026-05-20T18:01:49.912Z</time>
			</trkpt>
			<trkpt lat="45.46817" lon="2.9895">
				<ele>837.74</ele>
				<time>2026-05-20T18:01:51.548Z</time>
			</trkpt>
			<trkpt lat="45.46802" lon="2.98956">
				<ele>839.07</ele>
				<time>2026-05-20T18:01:52.807Z</time>
			</trkpt>
			<trkpt lat="45.46791" lon="2.98965">
				<ele>840.46</ele>
				<time>2026-05-20T18:01:53.834Z</time>
			</trkpt>
			<trkpt lat="45.46784" lon="2.98975">
				<ele>842.54</ele>
				<time>2026-05-20T18:01:54.639Z</time>
			</trkpt>
			<trkpt lat="45.46775" lon="2.99001">
				<ele>849.5</ele>
				<time>2026-05-20T18:01:56.294Z</time>
			</trkpt>
			<trkpt lat="45.46771" lon="2.99008">
				<ele>851.9</ele>
				<time>2026-05-20T18:01:56.811Z</time>
			</trkpt>
			<trkpt lat="45.46765" lon="2.99012">
				<ele>853.4</ele>
				<time>2026-05-20T18:01:57.352Z</time>
			</trkpt>
			<trkpt lat="45.46757" lon="2.99013">
				<ele>853.39</ele>
				<time>2026-05-20T18:01:58.009Z</time>
			</trkpt>
			<trkpt lat="45.46744" lon="2.99008">
				<ele>851.69</ele>
				<time>2026-05-20T18:01:59.112Z</time>
			</trkpt>
			<trkpt lat="45.46734" lon="2.99008">
				<ele>851.9</ele>
				<time>2026-05-20T18:01:59.933Z</time>
			</trkpt>
			<trkpt lat="45.46702" lon="2.99017">
				<ele>855.24</ele>
				<time>2026-05-20T18:02:02.621Z</time>
			</trkpt>
			<trkpt lat="45.46631" lon="2.99027">
				<ele>858.03</ele>
				<time>2026-05-20T18:02:08.550Z</time>
			</trkpt>
			<trkpt lat="45.46585" lon="2.9904">
				<ele>865.8</ele>
				<time>2026-05-20T18:02:12.481Z</time>
			</trkpt>
			<trkpt lat="45.46431" lon="2.99139">
				<ele>891.17</ele>
				<time>2026-05-20T18:02:26.843Z</time>
			</trkpt>
			<trkpt lat="45.46418" lon="2.99141">
				<ele>893.16</ele>
				<time>2026-05-20T18:02:27.967Z</time>
			</trkpt>
			<trkpt lat="45.46383" lon="2.99142">
				<ele>897.05</ele>
				<time>2026-05-20T18:02:30.982Z</time>
			</trkpt>
			<trkpt lat="45.46362" lon="2.99146">
				<ele>901.19</ele>
				<time>2026-05-20T18:02:32.813Z</time>
			</trkpt>
			<trkpt lat="45.46325" lon="2.99159">
				<ele>908.57</ele>
				<time>2026-05-20T18:02:36.114Z</time>
			</trkpt>
			<trkpt lat="45.46289" lon="2.99165">
				<ele>904.41</ele>
				<time>2026-05-20T18:02:39.264Z</time>
			</trkpt>
			<trkpt lat="45.46269" lon="2.99174">
				<ele>904.2</ele>
				<time>2026-05-20T18:02:41.091Z</time>
			</trkpt>
			<trkpt lat="45.46251" lon="2.99187">
				<ele>907.25</ele>
				<time>2026-05-20T18:02:42.851Z</time>
			</trkpt>
			<trkpt lat="45.4624" lon="2.99201">
				<ele>909.15</ele>
				<time>2026-05-20T18:02:44.140Z</time>
			</trkpt>
			<trkpt lat="45.46231" lon="2.99218">
				<ele>913.59</ele>
				<time>2026-05-20T18:02:45.446Z</time>
			</trkpt>
			<trkpt lat="45.46225" lon="2.99236">
				<ele>917.35</ele>
				<time>2026-05-20T18:02:46.670Z</time>
			</trkpt>
			<trkpt lat="45.46218" lon="2.99267">
				<ele>923.6</ele>
				<time>2026-05-20T18:02:48.673Z</time>
			</trkpt>
			<trkpt lat="45.46212" lon="2.99324">
				<ele>936.62</ele>
				<time>2026-05-20T18:02:52.224Z</time>
			</trkpt>
			<trkpt lat="45.46195" lon="2.99372">
				<ele>941.65</ele>
				<time>2026-05-20T18:02:55.544Z</time>
			</trkpt>
			<trkpt lat="45.46176" lon="2.99394">
				<ele>941.91</ele>
				<time>2026-05-20T18:02:57.702Z</time>
			</trkpt>
			<trkpt lat="45.46166" lon="2.99395">
				<ele>940.35</ele>
				<time>2026-05-20T18:02:58.587Z</time>
			</trkpt>
			<trkpt lat="45.46162" lon="2.99394">
				<ele>940.37</ele>
				<time>2026-05-20T18:02:58.945Z</time>
			</trkpt>
			<trkpt lat="45.46159" lon="2.99391">
				<ele>939.6</ele>
				<time>2026-05-20T18:02:59.269Z</time>
			</trkpt>
			<trkpt lat="45.46147" lon="2.99351">
				<ele>929.67</ele>
				<time>2026-05-20T18:03:01.965Z</time>
			</trkpt>
			<trkpt lat="45.4614" lon="2.99344">
				<ele>928.71</ele>
				<time>2026-05-20T18:03:02.721Z</time>
			</trkpt>
			<trkpt lat="45.46115" lon="2.99333">
				<ele>938.96</ele>
				<time>2026-05-20T18:03:05.036Z</time>
			</trkpt>
			<trkpt lat="45.46069" lon="2.99274">
				<ele>946.96</ele>
				<time>2026-05-20T18:03:10.518Z</time>
			</trkpt>
			<trkpt lat="45.46046" lon="2.9925">
				<ele>950.51</ele>
				<time>2026-05-20T18:03:13.047Z</time>
			</trkpt>
			<trkpt lat="45.46011" lon="2.99205">
				<ele>954.24</ele>
				<time>2026-05-20T18:03:17.230Z</time>
			</trkpt>
			<trkpt lat="45.45979" lon="2.99175">
				<ele>955.32</ele>
				<time>2026-05-20T18:03:20.631Z</time>
			</trkpt>
			<trkpt lat="45.45953" lon="2.99164">
				<ele>958.05</ele>
				<time>2026-05-20T18:03:23.040Z</time>
			</trkpt>
			<trkpt lat="45.45936" lon="2.99161">
				<ele>960.71</ele>
				<time>2026-05-20T18:03:24.562Z</time>
			</trkpt>
			<trkpt lat="45.45913" lon="2.99163">
				<ele>967.83</ele>
				<time>2026-05-20T18:03:26.608Z</time>
			</trkpt>
			<trkpt lat="45.45901" lon="2.99161">
				<ele>970.2</ele>
				<time>2026-05-20T18:03:27.681Z</time>
			</trkpt>
			<trkpt lat="45.45868" lon="2.99142">
				<ele>975.19</ele>
				<time>2026-05-20T18:03:30.841Z</time>
			</trkpt>
			<trkpt lat="45.45834" lon="2.99116">
				<ele>982.27</ele>
				<time>2026-05-20T18:03:34.265Z</time>
			</trkpt>
			<trkpt lat="45.45797" lon="2.99061">
				<ele>990.61</ele>
				<time>2026-05-20T18:03:39.004Z</time>
			</trkpt>
			<trkpt lat="45.45791" lon="2.99028">
				<ele>983.45</ele>
				<time>2026-05-20T18:03:41.122Z</time>
			</trkpt>
			<trkpt lat="45.4578" lon="2.99006">
				<ele>982.79</ele>
				<time>2026-05-20T18:03:42.799Z</time>
			</trkpt>
			<trkpt lat="45.45762" lon="2.98985">
				<ele>984.94</ele>
				<time>2026-05-20T18:03:44.856Z</time>
			</trkpt>
			<trkpt lat="45.45727" lon="2.98963">
				<ele>988.69</ele>
				<time>2026-05-20T18:03:48.235Z</time>
			</trkpt>
			<trkpt lat="45.45704" lon="2.98941">
				<ele>984.85</ele>
				<time>2026-05-20T18:03:50.677Z</time>
			</trkpt>
			<trkpt lat="45.45697" lon="2.9894">
				<ele>985.2</ele>
				<time>2026-05-20T18:03:51.297Z</time>
			</trkpt>
			<trkpt lat="45.4568" lon="2.9895">
				<ele>989.74</ele>
				<time>2026-05-20T18:03:52.917Z</time>
			</trkpt>
			<trkpt lat="45.45641" lon="2.98956">
				<ele>991.75</ele>
				<time>2026-05-20T18:03:56.366Z</time>
			</trkpt>
			<trkpt lat="45.45622" lon="2.98956">
				<ele>987.87</ele>
				<time>2026-05-20T18:03:58.033Z</time>
			</trkpt>
			<trkpt lat="45.45612" lon="2.98962">
				<ele>986.55</ele>
				<time>2026-05-20T18:03:58.984Z</time>
			</trkpt>
			<trkpt lat="45.45608" lon="2.9897">
				<ele>986.73</ele>
				<time>2026-05-20T18:03:59.588Z</time>
			</trkpt>
			<trkpt lat="45.45606" lon="2.98986">
				<ele>988.69</ele>
				<time>2026-05-20T18:04:00.587Z</time>
			</trkpt>
			<trkpt lat="45.45611" lon="2.99016">
				<ele>993.27</ele>
				<time>2026-05-20T18:04:02.479Z</time>
			</trkpt>
			<trkpt lat="45.45612" lon="2.99037">
				<ele>994.6</ele>
				<time>2026-05-20T18:04:03.768Z</time>
			</trkpt>
			<trkpt lat="45.4561" lon="2.9906">
				<ele>995.41</ele>
				<time>2026-05-20T18:04:05.187Z</time>
			</trkpt>
			<trkpt lat="45.45602" lon="2.99086">
				<ele>996.95</ele>
				<time>2026-05-20T18:04:06.922Z</time>
			</trkpt>
			<trkpt lat="45.45559" lon="2.99152">
				<ele>998.26</ele>
				<time>2026-05-20T18:04:12.408Z</time>
			</trkpt>
			<trkpt lat="45.45521" lon="2.99197">
				<ele>1003.04</ele>
				<time>2026-05-20T18:04:16.676Z</time>
			</trkpt>
			<trkpt lat="45.45506" lon="2.99222">
				<ele>1005.53</ele>
				<time>2026-05-20T18:04:18.662Z</time>
			</trkpt>
			<trkpt lat="45.45482" lon="2.99274">
				<ele>1009.06</ele>
				<time>2026-05-20T18:04:22.407Z</time>
			</trkpt>
			<trkpt lat="45.45471" lon="2.9929">
				<ele>1009.96</ele>
				<time>2026-05-20T18:04:23.750Z</time>
			</trkpt>
			<trkpt lat="45.45458" lon="2.99303">
				<ele>1010.89</ele>
				<time>2026-05-20T18:04:25.105Z</time>
			</trkpt>
			<trkpt lat="45.45442" lon="2.99309">
				<ele>1011.38</ele>
				<time>2026-05-20T18:04:26.514Z</time>
			</trkpt>
			<trkpt lat="45.45411" lon="2.99313">
				<ele>1015.59</ele>
				<time>2026-05-20T18:04:29.157Z</time>
			</trkpt>
			<trkpt lat="45.45389" lon="2.9932">
				<ele>1017.57</ele>
				<time>2026-05-20T18:04:31.064Z</time>
			</trkpt>
			<trkpt lat="45.45353" lon="2.99336">
				<ele>1021.15</ele>
				<time>2026-05-20T18:04:34.242Z</time>
			</trkpt>
			<trkpt lat="45.45329" lon="2.9933">
				<ele>1023.46</ele>
				<time>2026-05-20T18:04:36.287Z</time>
			</trkpt>
			<trkpt lat="45.45303" lon="2.99319">
				<ele>1026.21</ele>
				<time>2026-05-20T18:04:38.555Z</time>
			</trkpt>
			<trkpt lat="45.45283" lon="2.99316">
				<ele>1028.4</ele>
				<time>2026-05-20T18:04:40.231Z</time>
			</trkpt>
			<trkpt lat="45.4527" lon="2.99312">
				<ele>1029.52</ele>
				<time>2026-05-20T18:04:41.336Z</time>
			</trkpt>
			<trkpt lat="45.45242" lon="2.99292">
				<ele>1031.06</ele>
				<time>2026-05-20T18:04:43.930Z</time>
			</trkpt>
			<trkpt lat="45.45236" lon="2.99279">
				<ele>1030.97</ele>
				<time>2026-05-20T18:04:44.831Z</time>
			</trkpt>
			<trkpt lat="45.45204" lon="2.99273">
				<ele>1030.75</ele>
				<time>2026-05-20T18:04:47.485Z</time>
			</trkpt>
			<trkpt lat="45.45194" lon="2.99266">
				<ele>1031</ele>
				<time>2026-05-20T18:04:48.398Z</time>
			</trkpt>
			<trkpt lat="45.45182" lon="2.99248">
				<ele>1032</ele>
				<time>2026-05-20T18:04:49.822Z</time>
			</trkpt>
			<trkpt lat="45.45173" lon="2.9924">
				<ele>1033.19</ele>
				<time>2026-05-20T18:04:50.687Z</time>
			</trkpt>
			<trkpt lat="45.45102" lon="2.99218">
				<ele>1042.31</ele>
				<time>2026-05-20T18:04:56.578Z</time>
			</trkpt>
			<trkpt lat="45.45089" lon="2.99219">
				<ele>1044.1</ele>
				<time>2026-05-20T18:04:57.632Z</time>
			</trkpt>
			<trkpt lat="45.45077" lon="2.99224">
				<ele>1045.41</ele>
				<time>2026-05-20T18:04:58.644Z</time>
			</trkpt>
			<trkpt lat="45.45053" lon="2.99248">
				<ele>1047.27</ele>
				<time>2026-05-20T18:05:01.015Z</time>
			</trkpt>
			<trkpt lat="45.45045" lon="2.99251">
				<ele>1048.5</ele>
				<time>2026-05-20T18:05:01.684Z</time>
			</trkpt>
			<trkpt lat="45.45025" lon="2.99253">
				<ele>1051.77</ele>
				<time>2026-05-20T18:05:03.305Z</time>
			</trkpt>
			<trkpt lat="45.45013" lon="2.9926">
				<ele>1054.37</ele>
				<time>2026-05-20T18:05:04.352Z</time>
			</trkpt>
			<trkpt lat="45.45003" lon="2.99273">
				<ele>1055.76</ele>
				<time>2026-05-20T18:05:05.446Z</time>
			</trkpt>
			<trkpt lat="45.44989" lon="2.99299">
				<ele>1056.55</ele>
				<time>2026-05-20T18:05:07.303Z</time>
			</trkpt>
			<trkpt lat="45.44982" lon="2.9933">
				<ele>1058.13</ele>
				<time>2026-05-20T18:05:09.147Z</time>
			</trkpt>
			<trkpt lat="45.44962" lon="2.9937">
				<ele>1063.5</ele>
				<time>2026-05-20T18:05:11.927Z</time>
			</trkpt>
			<trkpt lat="45.44951" lon="2.99389">
				<ele>1065.01</ele>
				<time>2026-05-20T18:05:13.320Z</time>
			</trkpt>
			<trkpt lat="45.4494" lon="2.99397">
				<ele>1065.31</ele>
				<time>2026-05-20T18:05:14.316Z</time>
			</trkpt>
			<trkpt lat="45.44929" lon="2.994">
				<ele>1065.4</ele>
				<time>2026-05-20T18:05:15.218Z</time>
			</trkpt>
			<trkpt lat="45.44918" lon="2.99396">
				<ele>1065.26</ele>
				<time>2026-05-20T18:05:16.133Z</time>
			</trkpt>
			<trkpt lat="45.44905" lon="2.99385">
				<ele>1065.93</ele>
				<time>2026-05-20T18:05:17.351Z</time>
			</trkpt>
			<trkpt lat="45.44859" lon="2.99342">
				<ele>1069.95</ele>
				<time>2026-05-20T18:05:21.779Z</time>
			</trkpt>
			<trkpt lat="45.448" lon="2.99263">
				<ele>1070.73</ele>
				<time>2026-05-20T18:05:28.287Z</time>
			</trkpt>
			<trkpt lat="45.4477" lon="2.99227">
				<ele>1071.84</ele>
				<time>2026-05-20T18:05:31.436Z</time>
			</trkpt>
			<trkpt lat="45.44748" lon="2.9921">
				<ele>1073.54</ele>
				<time>2026-05-20T18:05:33.444Z</time>
			</trkpt>
			<trkpt lat="45.44726" lon="2.99197">
				<ele>1075.64</ele>
				<time>2026-05-20T18:05:35.354Z</time>
			</trkpt>
			<trkpt lat="45.44711" lon="2.99191">
				<ele>1076.63</ele>
				<time>2026-05-20T18:05:36.603Z</time>
			</trkpt>
			<trkpt lat="45.447" lon="2.99192">
				<ele>1077.44</ele>
				<time>2026-05-20T18:05:37.487Z</time>
			</trkpt>
			<trkpt lat="45.44688" lon="2.99201">
				<ele>1079.28</ele>
				<time>2026-05-20T18:05:38.573Z</time>
			</trkpt>
			<trkpt lat="45.44682" lon="2.99216">
				<ele>1081.67</ele>
				<time>2026-05-20T18:05:39.544Z</time>
			</trkpt>
			<trkpt lat="45.44679" lon="2.99234">
				<ele>1084.56</ele>
				<time>2026-05-20T18:05:40.583Z</time>
			</trkpt>
			<trkpt lat="45.44683" lon="2.9925">
				<ele>1086.43</ele>
				<time>2026-05-20T18:05:41.538Z</time>
			</trkpt>
			<trkpt lat="45.44699" lon="2.99285">
				<ele>1087.11</ele>
				<time>2026-05-20T18:05:43.884Z</time>
			</trkpt>
			<trkpt lat="45.44709" lon="2.99338">
				<ele>1091.92</ele>
				<time>2026-05-20T18:05:46.964Z</time>
			</trkpt>
			<trkpt lat="45.44714" lon="2.99401">
				<ele>1100.08</ele>
				<time>2026-05-20T18:05:50.519Z</time>
			</trkpt>
			<trkpt lat="45.44725" lon="2.9952">
				<ele>1109.05</ele>
				<time>2026-05-20T18:05:57.241Z</time>
			</trkpt>
			<trkpt lat="45.44738" lon="2.99593">
				<ele>1112.86</ele>
				<time>2026-05-20T18:06:01.453Z</time>
			</trkpt>
			<trkpt lat="45.44738" lon="2.9963">
				<ele>1116.68</ele>
				<time>2026-05-20T18:06:03.521Z</time>
			</trkpt>
			<trkpt lat="45.44735" lon="2.99666">
				<ele>1120.12</ele>
				<time>2026-05-20T18:06:05.546Z</time>
			</trkpt>
			<trkpt lat="45.44742" lon="2.99707">
				<ele>1117.35</ele>
				<time>2026-05-20T18:06:07.902Z</time>
			</trkpt>
			<trkpt lat="45.44751" lon="2.99731">
				<ele>1114.92</ele>
				<time>2026-05-20T18:06:09.421Z</time>
			</trkpt>
			<trkpt lat="45.44756" lon="2.99781">
				<ele>1119.98</ele>
				<time>2026-05-20T18:06:12.238Z</time>
			</trkpt>
			<trkpt lat="45.44763" lon="2.998">
				<ele>1120.96</ele>
				<time>2026-05-20T18:06:13.434Z</time>
			</trkpt>
			<trkpt lat="45.44782" lon="2.99826">
				<ele>1121.99</ele>
				<time>2026-05-20T18:06:15.526Z</time>
			</trkpt>
			<trkpt lat="45.44812" lon="2.99863">
				<ele>1127.36</ele>
				<time>2026-05-20T18:06:18.675Z</time>
			</trkpt>
			<trkpt lat="45.44833" lon="2.99877">
				<ele>1128.8</ele>
				<time>2026-05-20T18:06:20.514Z</time>
			</trkpt>
			<trkpt lat="45.44852" lon="2.9989">
				<ele>1131.59</ele>
				<time>2026-05-20T18:06:22.185Z</time>
			</trkpt>
			<trkpt lat="45.44871" lon="2.99896">
				<ele>1133.12</ele>
				<time>2026-05-20T18:06:23.728Z</time>
			</trkpt>
			<trkpt lat="45.44888" lon="2.99897">
				<ele>1133.29</ele>
				<time>2026-05-20T18:06:25.076Z</time>
			</trkpt>
			<trkpt lat="45.44917" lon="2.99895">
				<ele>1135.54</ele>
				<time>2026-05-20T18:06:27.375Z</time>
			</trkpt>
			<trkpt lat="45.4493" lon="2.99896">
				<ele>1137.8</ele>
				<time>2026-05-20T18:06:28.406Z</time>
			</trkpt>
			<trkpt lat="45.44941" lon="2.99906">
				<ele>1141</ele>
				<time>2026-05-20T18:06:29.439Z</time>
			</trkpt>
			<trkpt lat="45.44947" lon="2.9992">
				<ele>1143.38</ele>
				<time>2026-05-20T18:06:30.349Z</time>
			</trkpt>
			<trkpt lat="45.44949" lon="2.99938">
				<ele>1144.75</ele>
				<time>2026-05-20T18:06:31.361Z</time>
			</trkpt>
			<trkpt lat="45.44946" lon="2.99955">
				<ele>1145.49</ele>
				<time>2026-05-20T18:06:32.333Z</time>
			</trkpt>
			<trkpt lat="45.44891" lon="3.00093">
				<ele>1146</ele>
				<time>2026-05-20T18:06:41.129Z</time>
			</trkpt>
			<trkpt lat="45.44874" lon="3.00124">
				<ele>1147.28</ele>
				<time>2026-05-20T18:06:43.307Z</time>
			</trkpt>
			<trkpt lat="45.44864" lon="3.00136">
				<ele>1147.86</ele>
				<time>2026-05-20T18:06:44.338Z</time>
			</trkpt>
			<trkpt lat="45.44563" lon="3.00338">
				<ele>1146.86</ele>
				<time>2026-05-20T18:07:10.486Z</time>
			</trkpt>
			<trkpt lat="45.44555" lon="3.00346">
				<ele>1146.51</ele>
				<time>2026-05-20T18:07:11.252Z</time>
			</trkpt>
			<trkpt lat="45.44549" lon="3.00362">
				<ele>1145.46</ele>
				<time>2026-05-20T18:07:12.249Z</time>
			</trkpt>
			<trkpt lat="45.44539" lon="3.00419">
				<ele>1141.83</ele>
				<time>2026-05-20T18:07:15.476Z</time>
			</trkpt>
			<trkpt lat="45.44534" lon="3.00431">
				<ele>1141.49</ele>
				<time>2026-05-20T18:07:16.242Z</time>
			</trkpt>
			<trkpt lat="45.44525" lon="3.00444">
				<ele>1140.8</ele>
				<time>2026-05-20T18:07:17.244Z</time>
			</trkpt>
			<trkpt lat="45.44513" lon="3.00448">
				<ele>1139.91</ele>
				<time>2026-05-20T18:07:18.208Z</time>
			</trkpt>
			<trkpt lat="45.44349" lon="3.00447">
				<ele>1135.53</ele>
				<time>2026-05-20T18:07:31.013Z</time>
			</trkpt>
			<trkpt lat="45.44336" lon="3.00454">
				<ele>1134.51</ele>
				<time>2026-05-20T18:07:32.096Z</time>
			</trkpt>
			<trkpt lat="45.44306" lon="3.00487">
				<ele>1128.96</ele>
				<time>2026-05-20T18:07:35.048Z</time>
			</trkpt>
			<trkpt lat="45.44294" lon="3.00495">
				<ele>1127.65</ele>
				<time>2026-05-20T18:07:36.080Z</time>
			</trkpt>
			<trkpt lat="45.44283" lon="3.00499">
				<ele>1126.43</ele>
				<time>2026-05-20T18:07:36.963Z</time>
			</trkpt>
			<trkpt lat="45.44247" lon="3.00503">
				<ele>1124.44</ele>
				<time>2026-05-20T18:07:39.773Z</time>
			</trkpt>
			<trkpt lat="45.44225" lon="3.00513">
				<ele>1123.45</ele>
				<time>2026-05-20T18:07:41.569Z</time>
			</trkpt>
			<trkpt lat="45.44214" lon="3.00524">
				<ele>1121.83</ele>
				<time>2026-05-20T18:07:42.614Z</time>
			</trkpt>
			<trkpt lat="45.44199" lon="3.0055">
				<ele>1119.15</ele>
				<time>2026-05-20T18:07:44.449Z</time>
			</trkpt>
			<trkpt lat="45.44195" lon="3.00571">
				<ele>1117.63</ele>
				<time>2026-05-20T18:07:45.635Z</time>
			</trkpt>
			<trkpt lat="45.44201" lon="3.00601">
				<ele>1114.79</ele>
				<time>2026-05-20T18:07:47.335Z</time>
			</trkpt>
			<trkpt lat="45.442" lon="3.00621">
				<ele>1113.94</ele>
				<time>2026-05-20T18:07:48.427Z</time>
			</trkpt>
			<trkpt lat="45.44196" lon="3.00632">
				<ele>1114.01</ele>
				<time>2026-05-20T18:07:49.102Z</time>
			</trkpt>
			<trkpt lat="45.44192" lon="3.00638">
				<ele>1113.76</ele>
				<time>2026-05-20T18:07:49.552Z</time>
			</trkpt>
			<trkpt lat="45.44181" lon="3.00643">
				<ele>1111.96</ele>
				<time>2026-05-20T18:07:50.448Z</time>
			</trkpt>
			<trkpt lat="45.44164" lon="3.00638">
				<ele>1110.61</ele>
				<time>2026-05-20T18:07:51.795Z</time>
			</trkpt>
			<trkpt lat="45.44139" lon="3.00625">
				<ele>1108.09</ele>
				<time>2026-05-20T18:07:53.858Z</time>
			</trkpt>
			<trkpt lat="45.44077" lon="3.00567">
				<ele>1105.28</ele>
				<time>2026-05-20T18:07:59.603Z</time>
			</trkpt>
			<trkpt lat="45.44067" lon="3.00563">
				<ele>1103.91</ele>
				<time>2026-05-20T18:08:00.407Z</time>
			</trkpt>
			<trkpt lat="45.44055" lon="3.00562">
				<ele>1102.02</ele>
				<time>2026-05-20T18:08:01.337Z</time>
			</trkpt>
			<trkpt lat="45.44006" lon="3.00569">
				<ele>1093.88</ele>
				<time>2026-05-20T18:08:05.145Z</time>
			</trkpt>
			<trkpt lat="45.43993" lon="3.00566">
				<ele>1092.43</ele>
				<time>2026-05-20T18:08:06.163Z</time>
			</trkpt>
			<trkpt lat="45.43969" lon="3.00542">
				<ele>1091.95</ele>
				<time>2026-05-20T18:08:08.429Z</time>
			</trkpt>
			<trkpt lat="45.43943" lon="3.00523">
				<ele>1090.29</ele>
				<time>2026-05-20T18:08:10.685Z</time>
			</trkpt>
			<trkpt lat="45.43915" lon="3.00492">
				<ele>1090.21</ele>
				<time>2026-05-20T18:08:13.421Z</time>
			</trkpt>
			<trkpt lat="45.439" lon="3.00483">
				<ele>1089.42</ele>
				<time>2026-05-20T18:08:14.676Z</time>
			</trkpt>
			<trkpt lat="45.43867" lon="3.00473">
				<ele>1087.39</ele>
				<time>2026-05-20T18:08:17.277Z</time>
			</trkpt>
			<trkpt lat="45.43852" lon="3.00473">
				<ele>1086.63</ele>
				<time>2026-05-20T18:08:18.433Z</time>
			</trkpt>
			<trkpt lat="45.43839" lon="3.00477">
				<ele>1086.01</ele>
				<time>2026-05-20T18:08:19.458Z</time>
			</trkpt>
			<trkpt lat="45.4383" lon="3.00485">
				<ele>1085.5</ele>
				<time>2026-05-20T18:08:20.275Z</time>
			</trkpt>
			<trkpt lat="45.4378" lon="3.00564">
				<ele>1083.26</ele>
				<time>2026-05-20T18:08:26.020Z</time>
			</trkpt>
			<trkpt lat="45.43754" lon="3.00676">
				<ele>1072</ele>
				<time>2026-05-20T18:08:32.382Z</time>
			</trkpt>
			<trkpt lat="45.43751" lon="3.00694">
				<ele>1072</ele>
				<time>2026-05-20T18:08:33.378Z</time>
			</trkpt>
			<trkpt lat="45.43744" lon="3.00786">
				<ele>1064.42</ele>
				<time>2026-05-20T18:08:38.360Z</time>
			</trkpt>
			<trkpt lat="45.43744" lon="3.00807">
				<ele>1061.95</ele>
				<time>2026-05-20T18:08:39.490Z</time>
			</trkpt>
			<trkpt lat="45.43747" lon="3.00829">
				<ele>1059.92</ele>
				<time>2026-05-20T18:08:40.695Z</time>
			</trkpt>
			<trkpt lat="45.43753" lon="3.00848">
				<ele>1056.83</ele>
				<time>2026-05-20T18:08:41.815Z</time>
			</trkpt>
			<trkpt lat="45.43758" lon="3.00856">
				<ele>1055.07</ele>
				<time>2026-05-20T18:08:42.391Z</time>
			</trkpt>
			<trkpt lat="45.43767" lon="3.00862">
				<ele>1053.55</ele>
				<time>2026-05-20T18:08:43.152Z</time>
			</trkpt>
			<trkpt lat="45.43788" lon="3.00872">
				<ele>1051.27</ele>
				<time>2026-05-20T18:08:44.847Z</time>
			</trkpt>
			<trkpt lat="45.43798" lon="3.00873">
				<ele>1051.39</ele>
				<time>2026-05-20T18:08:45.615Z</time>
			</trkpt>
			<trkpt lat="45.43828" lon="3.00859">
				<ele>1055.38</ele>
				<time>2026-05-20T18:08:48.030Z</time>
			</trkpt>
			<trkpt lat="45.4385" lon="3.00858">
				<ele>1055.05</ele>
				<time>2026-05-20T18:08:49.714Z</time>
			</trkpt>
			<trkpt lat="45.43891" lon="3.00876">
				<ele>1047.35</ele>
				<time>2026-05-20T18:08:52.992Z</time>
			</trkpt>
			<trkpt lat="45.43903" lon="3.00879">
				<ele>1045.24</ele>
				<time>2026-05-20T18:08:53.923Z</time>
			</trkpt>
			<trkpt lat="45.43929" lon="3.00877">
				<ele>1044.98</ele>
				<time>2026-05-20T18:08:55.912Z</time>
			</trkpt>
			<trkpt lat="45.43936" lon="3.00883">
				<ele>1044.77</ele>
				<time>2026-05-20T18:08:56.535Z</time>
			</trkpt>
			<trkpt lat="45.43939" lon="3.00893">
				<ele>1044.01</ele>
				<time>2026-05-20T18:08:57.118Z</time>
			</trkpt>
			<trkpt lat="45.4394" lon="3.00904">
				<ele>1043.2</ele>
				<time>2026-05-20T18:08:57.712Z</time>
			</trkpt>
			<trkpt lat="45.43938" lon="3.00922">
				<ele>1040.8</ele>
				<time>2026-05-20T18:08:58.687Z</time>
			</trkpt>
			<trkpt lat="45.4394" lon="3.0094">
				<ele>1038.51</ele>
				<time>2026-05-20T18:08:59.663Z</time>
			</trkpt>
			<trkpt lat="45.43946" lon="3.00978">
				<ele>1035.95</ele>
				<time>2026-05-20T18:09:01.747Z</time>
			</trkpt>
			<trkpt lat="45.43958" lon="3.01083">
				<ele>1028.01</ele>
				<time>2026-05-20T18:09:07.433Z</time>
			</trkpt>
			<trkpt lat="45.43966" lon="3.01192">
				<ele>1019.06</ele>
				<time>2026-05-20T18:09:13.283Z</time>
			</trkpt>
			<trkpt lat="45.43975" lon="3.01272">
				<ele>1012.94</ele>
				<time>2026-05-20T18:09:17.603Z</time>
			</trkpt>
			<trkpt lat="45.4398" lon="3.01293">
				<ele>1010.98</ele>
				<time>2026-05-20T18:09:18.784Z</time>
			</trkpt>
			<trkpt lat="45.43987" lon="3.01307">
				<ele>1009.92</ele>
				<time>2026-05-20T18:09:19.700Z</time>
			</trkpt>
			<trkpt lat="45.43997" lon="3.0132">
				<ele>1008.77</ele>
				<time>2026-05-20T18:09:20.727Z</time>
			</trkpt>
			<trkpt lat="45.44042" lon="3.01356">
				<ele>1004.09</ele>
				<time>2026-05-20T18:09:24.641Z</time>
			</trkpt>
			<trkpt lat="45.44055" lon="3.01372">
				<ele>1001.77</ele>
				<time>2026-05-20T18:09:25.943Z</time>
			</trkpt>
			<trkpt lat="45.44061" lon="3.01386">
				<ele>1000.33</ele>
				<time>2026-05-20T18:09:26.815Z</time>
			</trkpt>
			<trkpt lat="45.44071" lon="3.01412">
				<ele>999.04</ele>
				<time>2026-05-20T18:09:28.391Z</time>
			</trkpt>
			<trkpt lat="45.44078" lon="3.01436">
				<ele>997.92</ele>
				<time>2026-05-20T18:09:29.772Z</time>
			</trkpt>
			<trkpt lat="45.44077" lon="3.01454">
				<ele>998.49</ele>
				<time>2026-05-20T18:09:30.731Z</time>
			</trkpt>
			<trkpt lat="45.44069" lon="3.01504">
				<ele>1003.37</ele>
				<time>2026-05-20T18:09:33.454Z</time>
			</trkpt>
			<trkpt lat="45.44069" lon="3.01518">
				<ele>1004.28</ele>
				<time>2026-05-20T18:09:34.197Z</time>
			</trkpt>
			<trkpt lat="45.44074" lon="3.01536">
				<ele>1005.09</ele>
				<time>2026-05-20T18:09:35.224Z</time>
			</trkpt>
			<trkpt lat="45.44089" lon="3.01569">
				<ele>1006.56</ele>
				<time>2026-05-20T18:09:37.309Z</time>
			</trkpt>
			<trkpt lat="45.44145" lon="3.01641">
				<ele>1008.31</ele>
				<time>2026-05-20T18:09:43.005Z</time>
			</trkpt>
			<trkpt lat="45.44158" lon="3.01668">
				<ele>1010.67</ele>
				<time>2026-05-20T18:09:44.739Z</time>
			</trkpt>
			<trkpt lat="45.44161" lon="3.01684">
				<ele>1011.96</ele>
				<time>2026-05-20T18:09:45.615Z</time>
			</trkpt>
			<trkpt lat="45.4417" lon="3.01786">
				<ele>1018.64</ele>
				<time>2026-05-20T18:09:51.051Z</time>
			</trkpt>
			<trkpt lat="45.4418" lon="3.01826">
				<ele>1018.54</ele>
				<time>2026-05-20T18:09:53.295Z</time>
			</trkpt>
			<trkpt lat="45.44183" lon="3.01852">
				<ele>1021.45</ele>
				<time>2026-05-20T18:09:54.686Z</time>
			</trkpt>
			<trkpt lat="45.44182" lon="3.01955">
				<ele>1031.97</ele>
				<time>2026-05-20T18:10:00.121Z</time>
			</trkpt>
			<trkpt lat="45.44197" lon="3.01999">
				<ele>1027.16</ele>
				<time>2026-05-20T18:10:02.700Z</time>
			</trkpt>
			<trkpt lat="45.44207" lon="3.02051">
				<ele>1031.17</ele>
				<time>2026-05-20T18:10:05.540Z</time>
			</trkpt>
			<trkpt lat="45.44208" lon="3.02071">
				<ele>1032.65</ele>
				<time>2026-05-20T18:10:06.596Z</time>
			</trkpt>
			<trkpt lat="45.44207" lon="3.02089">
				<ele>1033.57</ele>
				<time>2026-05-20T18:10:07.546Z</time>
			</trkpt>
			<trkpt lat="45.44182" lon="3.02183">
				<ele>1036.61</ele>
				<time>2026-05-20T18:10:12.833Z</time>
			</trkpt>
			<trkpt lat="45.44177" lon="3.02211">
				<ele>1038.11</ele>
				<time>2026-05-20T18:10:14.352Z</time>
			</trkpt>
			<trkpt lat="45.44173" lon="3.0225">
				<ele>1040.22</ele>
				<time>2026-05-20T18:10:16.422Z</time>
			</trkpt>
			<trkpt lat="45.44174" lon="3.02269">
				<ele>1041.64</ele>
				<time>2026-05-20T18:10:17.423Z</time>
			</trkpt>
			<trkpt lat="45.44183" lon="3.02328">
				<ele>1048.49</ele>
				<time>2026-05-20T18:10:20.592Z</time>
			</trkpt>
			<trkpt lat="45.44189" lon="3.02388">
				<ele>1052.4</ele>
				<time>2026-05-20T18:10:23.770Z</time>
			</trkpt>
			<trkpt lat="45.44193" lon="3.02408">
				<ele>1052.89</ele>
				<time>2026-05-20T18:10:24.860Z</time>
			</trkpt>
			<trkpt lat="45.44209" lon="3.02444">
				<ele>1055.06</ele>
				<time>2026-05-20T18:10:27.093Z</time>
			</trkpt>
			<trkpt lat="45.44227" lon="3.0247">
				<ele>1056.6</ele>
				<time>2026-05-20T18:10:29.006Z</time>
			</trkpt>
			<trkpt lat="45.44231" lon="3.0248">
				<ele>1057.54</ele>
				<time>2026-05-20T18:10:29.608Z</time>
			</trkpt>
			<trkpt lat="45.44234" lon="3.02494">
				<ele>1058.83</ele>
				<time>2026-05-20T18:10:30.374Z</time>
			</trkpt>
			<trkpt lat="45.44242" lon="3.02573">
				<ele>1062.54</ele>
				<time>2026-05-20T18:10:34.550Z</time>
			</trkpt>
			<trkpt lat="45.44246" lon="3.02656">
				<ele>1070.33</ele>
				<time>2026-05-20T18:10:38.897Z</time>
			</trkpt>
			<trkpt lat="45.4425" lon="3.02678">
				<ele>1070.27</ele>
				<time>2026-05-20T18:10:40.084Z</time>
			</trkpt>
			<trkpt lat="45.44258" lon="3.02699">
				<ele>1070.71</ele>
				<time>2026-05-20T18:10:41.331Z</time>
			</trkpt>
			<trkpt lat="45.44299" lon="3.02766">
				<ele>1076.22</ele>
				<time>2026-05-20T18:10:45.969Z</time>
			</trkpt>
			<trkpt lat="45.44348" lon="3.02823">
				<ele>1084.57</ele>
				<time>2026-05-20T18:10:50.666Z</time>
			</trkpt>
			<trkpt lat="45.44466" lon="3.03005">
				<ele>1091.57</ele>
				<time>2026-05-20T18:11:03.551Z</time>
			</trkpt>
			<trkpt lat="45.44513" lon="3.03114">
				<ele>1093.74</ele>
				<time>2026-05-20T18:11:10.187Z</time>
			</trkpt>
			<trkpt lat="45.44562" lon="3.03181">
				<ele>1100.43</ele>
				<time>2026-05-20T18:11:15.199Z</time>
			</trkpt>
			<trkpt lat="45.44572" lon="3.03206">
				<ele>1102.44</ele>
				<time>2026-05-20T18:11:16.689Z</time>
			</trkpt>
			<trkpt lat="45.44583" lon="3.03256">
				<ele>1107.21</ele>
				<time>2026-05-20T18:11:19.399Z</time>
			</trkpt>
			<trkpt lat="45.44593" lon="3.03329">
				<ele>1112.04</ele>
				<time>2026-05-20T18:11:23.243Z</time>
			</trkpt>
			<trkpt lat="45.44601" lon="3.03357">
				<ele>1114.42</ele>
				<time>2026-05-20T18:11:24.805Z</time>
			</trkpt>
			<trkpt lat="45.44614" lon="3.03383">
				<ele>1116.46</ele>
				<time>2026-05-20T18:11:26.453Z</time>
			</trkpt>
			<trkpt lat="45.44673" lon="3.03467">
				<ele>1125.49</ele>
				<time>2026-05-20T18:11:32.584Z</time>
			</trkpt>
			<trkpt lat="45.44738" lon="3.03505">
				<ele>1131.96</ele>
				<time>2026-05-20T18:11:37.742Z</time>
			</trkpt>
			<trkpt lat="45.4481" lon="3.03559">
				<ele>1139.84</ele>
				<time>2026-05-20T18:11:43.707Z</time>
			</trkpt>
			<trkpt lat="45.44824" lon="3.03565">
				<ele>1141.56</ele>
				<time>2026-05-20T18:11:44.778Z</time>
			</trkpt>
			<trkpt lat="45.44873" lon="3.03573">
				<ele>1146.06</ele>
				<time>2026-05-20T18:11:48.389Z</time>
			</trkpt>
			<trkpt lat="45.44888" lon="3.0358">
				<ele>1147.72</ele>
				<time>2026-05-20T18:11:49.544Z</time>
			</trkpt>
			<trkpt lat="45.44984" lon="3.03674">
				<ele>1154.32</ele>
				<time>2026-05-20T18:11:58.056Z</time>
			</trkpt>
			<trkpt lat="45.44987" lon="3.03678">
				<ele>1154.29</ele>
				<time>2026-05-20T18:11:58.355Z</time>
			</trkpt>
			<trkpt lat="45.44927" lon="3.0371">
				<ele>1154.02</ele>
				<time>2026-05-20T18:12:03.029Z</time>
			</trkpt>
			<trkpt lat="45.44893" lon="3.03721">
				<ele>1154.82</ele>
				<time>2026-05-20T18:12:05.571Z</time>
			</trkpt>
			<trkpt lat="45.44862" lon="3.03721">
				<ele>1155.02</ele>
				<time>2026-05-20T18:12:07.829Z</time>
			</trkpt>
			<trkpt lat="45.44801" lon="3.03705">
				<ele>1157.36</ele>
				<time>2026-05-20T18:12:12.343Z</time>
			</trkpt>
			<trkpt lat="45.44763" lon="3.03698">
				<ele>1157.35</ele>
				<time>2026-05-20T18:12:15.127Z</time>
			</trkpt>
			<trkpt lat="45.44726" lon="3.03697">
				<ele>1157.45</ele>
				<time>2026-05-20T18:12:17.814Z</time>
			</trkpt>
			<trkpt lat="45.44704" lon="3.03701">
				<ele>1157.1</ele>
				<time>2026-05-20T18:12:19.423Z</time>
			</trkpt>
			<trkpt lat="45.44682" lon="3.03711">
				<ele>1157.78</ele>
				<time>2026-05-20T18:12:21.097Z</time>
			</trkpt>
			<trkpt lat="45.44574" lon="3.03774">
				<ele>1160.14</ele>
				<time>2026-05-20T18:12:29.543Z</time>
			</trkpt>
			<trkpt lat="45.44559" lon="3.03778">
				<ele>1160.85</ele>
				<time>2026-05-20T18:12:30.645Z</time>
			</trkpt>
			<trkpt lat="45.44535" lon="3.03777">
				<ele>1160.98</ele>
				<time>2026-05-20T18:12:32.379Z</time>
			</trkpt>
			<trkpt lat="45.44513" lon="3.03766">
				<ele>1161.59</ele>
				<time>2026-05-20T18:12:34.062Z</time>
			</trkpt>
			<trkpt lat="45.44483" lon="3.03737">
				<ele>1160.22</ele>
				<time>2026-05-20T18:12:36.676Z</time>
			</trkpt>
			<trkpt lat="45.44461" lon="3.03721">
				<ele>1157.7</ele>
				<time>2026-05-20T18:12:38.456Z</time>
			</trkpt>
			<trkpt lat="45.4442" lon="3.03707">
				<ele>1159.5</ele>
				<time>2026-05-20T18:12:41.492Z</time>
			</trkpt>
			<trkpt lat="45.44398" lon="3.03693">
				<ele>1161.85</ele>
				<time>2026-05-20T18:12:43.225Z</time>
			</trkpt>
			<trkpt lat="45.44319" lon="3.03631">
				<ele>1162.71</ele>
				<time>2026-05-20T18:12:49.705Z</time>
			</trkpt>
			<trkpt lat="45.44294" lon="3.03616">
				<ele>1162.57</ele>
				<time>2026-05-20T18:12:51.651Z</time>
			</trkpt>
			<trkpt lat="45.44266" lon="3.03606">
				<ele>1163.41</ele>
				<time>2026-05-20T18:12:53.720Z</time>
			</trkpt>
			<trkpt lat="45.44197" lon="3.0359">
				<ele>1164.11</ele>
				<time>2026-05-20T18:12:58.726Z</time>
			</trkpt>
			<trkpt lat="45.44166" lon="3.03578">
				<ele>1161.68</ele>
				<time>2026-05-20T18:13:01.023Z</time>
			</trkpt>
			<trkpt lat="45.44142" lon="3.03562">
				<ele>1159.84</ele>
				<time>2026-05-20T18:13:02.917Z</time>
			</trkpt>
			<trkpt lat="45.44114" lon="3.03525">
				<ele>1157.78</ele>
				<time>2026-05-20T18:13:05.644Z</time>
			</trkpt>
			<trkpt lat="45.44023" lon="3.03387">
				<ele>1166.32</ele>
				<time>2026-05-20T18:13:15.114Z</time>
			</trkpt>
			<trkpt lat="45.43997" lon="3.03357">
				<ele>1166.82</ele>
				<time>2026-05-20T18:13:17.494Z</time>
			</trkpt>
			<trkpt lat="45.43958" lon="3.03326">
				<ele>1166.62</ele>
				<time>2026-05-20T18:13:20.668Z</time>
			</trkpt>
			<trkpt lat="45.43899" lon="3.03286">
				<ele>1162.35</ele>
				<time>2026-05-20T18:13:25.305Z</time>
			</trkpt>
			<trkpt lat="45.43886" lon="3.03279">
				<ele>1162.18</ele>
				<time>2026-05-20T18:13:26.291Z</time>
			</trkpt>
			<trkpt lat="45.4384" lon="3.03267">
				<ele>1159.05</ele>
				<time>2026-05-20T18:13:29.605Z</time>
			</trkpt>
			<trkpt lat="45.43666" lon="3.03233">
				<ele>1153.82</ele>
				<time>2026-05-20T18:13:42.021Z</time>
			</trkpt>
			<trkpt lat="45.4364" lon="3.03224">
				<ele>1155</ele>
				<time>2026-05-20T18:13:43.908Z</time>
			</trkpt>
			<trkpt lat="45.43618" lon="3.0321">
				<ele>1154.79</ele>
				<time>2026-05-20T18:13:45.607Z</time>
			</trkpt>
			<trkpt lat="45.43595" lon="3.03186">
				<ele>1153.27</ele>
				<time>2026-05-20T18:13:47.615Z</time>
			</trkpt>
			<trkpt lat="45.43586" lon="3.03173">
				<ele>1152.39</ele>
				<time>2026-05-20T18:13:48.518Z</time>
			</trkpt>
			<trkpt lat="45.4358" lon="3.03159">
				<ele>1151.92</ele>
				<time>2026-05-20T18:13:49.328Z</time>
			</trkpt>
			<trkpt lat="45.43576" lon="3.03148">
				<ele>1151.91</ele>
				<time>2026-05-20T18:13:49.940Z</time>
			</trkpt>
			<trkpt lat="45.43574" lon="3.03133">
				<ele>1151.74</ele>
				<time>2026-05-20T18:13:50.694Z</time>
			</trkpt>
			<trkpt lat="45.43573" lon="3.03117">
				<ele>1151.44</ele>
				<time>2026-05-20T18:13:51.487Z</time>
			</trkpt>
			<trkpt lat="45.43572" lon="3.03004">
				<ele>1152.26</ele>
				<time>2026-05-20T18:13:57.062Z</time>
			</trkpt>
			<trkpt lat="45.4357" lon="3.02973">
				<ele>1150.56</ele>
				<time>2026-05-20T18:13:58.596Z</time>
			</trkpt>
			<trkpt lat="45.43568" lon="3.02956">
				<ele>1149.69</ele>
				<time>2026-05-20T18:13:59.445Z</time>
			</trkpt>
			<trkpt lat="45.43564" lon="3.02942">
				<ele>1148.82</ele>
				<time>2026-05-20T18:14:00.189Z</time>
			</trkpt>
			<trkpt lat="45.43552" lon="3.02913">
				<ele>1146.33</ele>
				<time>2026-05-20T18:14:01.846Z</time>
			</trkpt>
			<trkpt lat="45.43544" lon="3.02898">
				<ele>1147.18</ele>
				<time>2026-05-20T18:14:02.774Z</time>
			</trkpt>
			<trkpt lat="45.43522" lon="3.0287">
				<ele>1147.77</ele>
				<time>2026-05-20T18:14:04.841Z</time>
			</trkpt>
			<trkpt lat="45.43334" lon="3.02668">
				<ele>1144.95</ele>
				<time>2026-05-20T18:14:21.301Z</time>
			</trkpt>
			<trkpt lat="45.43316" lon="3.02645">
				<ele>1145.69</ele>
				<time>2026-05-20T18:14:22.987Z</time>
			</trkpt>
			<trkpt lat="45.4331" lon="3.02632">
				<ele>1146.06</ele>
				<time>2026-05-20T18:14:23.748Z</time>
			</trkpt>
			<trkpt lat="45.43303" lon="3.02603">
				<ele>1145.72</ele>
				<time>2026-05-20T18:14:25.247Z</time>
			</trkpt>
			<trkpt lat="45.433" lon="3.02529">
				<ele>1142.63</ele>
				<time>2026-05-20T18:14:28.869Z</time>
			</trkpt>
			<trkpt lat="45.43295" lon="3.02492">
				<ele>1143.16</ele>
				<time>2026-05-20T18:14:30.709Z</time>
			</trkpt>
			<trkpt lat="45.43289" lon="3.02462">
				<ele>1144.1</ele>
				<time>2026-05-20T18:14:32.231Z</time>
			</trkpt>
			<trkpt lat="45.43272" lon="3.0242">
				<ele>1144.78</ele>
				<time>2026-05-20T18:14:34.596Z</time>
			</trkpt>
			<trkpt lat="45.43264" lon="3.02404">
				<ele>1144.21</ele>
				<time>2026-05-20T18:14:35.554Z</time>
			</trkpt>
			<trkpt lat="45.43243" lon="3.02373">
				<ele>1143.47</ele>
				<time>2026-05-20T18:14:37.654Z</time>
			</trkpt>
			<trkpt lat="45.43205" lon="3.02322">
				<ele>1145.18</ele>
				<time>2026-05-20T18:14:41.277Z</time>
			</trkpt>
			<trkpt lat="45.43193" lon="3.023">
				<ele>1146.93</ele>
				<time>2026-05-20T18:14:42.633Z</time>
			</trkpt>
			<trkpt lat="45.4319" lon="3.02287">
				<ele>1146.89</ele>
				<time>2026-05-20T18:14:43.298Z</time>
			</trkpt>
			<trkpt lat="45.43188" lon="3.02236">
				<ele>1145.79</ele>
				<time>2026-05-20T18:14:45.782Z</time>
			</trkpt>
			<trkpt lat="45.43183" lon="3.0222">
				<ele>1146.04</ele>
				<time>2026-05-20T18:14:46.634Z</time>
			</trkpt>
			<trkpt lat="45.43177" lon="3.02204">
				<ele>1145.97</ele>
				<time>2026-05-20T18:14:47.516Z</time>
			</trkpt>
			<trkpt lat="45.4315" lon="3.02154">
				<ele>1145.08</ele>
				<time>2026-05-20T18:14:50.580Z</time>
			</trkpt>
			<trkpt lat="45.43131" lon="3.02132">
				<ele>1144.84</ele>
				<time>2026-05-20T18:14:52.274Z</time>
			</trkpt>
			<trkpt lat="45.43102" lon="3.02104">
				<ele>1145.73</ele>
				<time>2026-05-20T18:14:54.695Z</time>
			</trkpt>
			<trkpt lat="45.43079" lon="3.0207">
				<ele>1146.68</ele>
				<time>2026-05-20T18:14:56.985Z</time>
			</trkpt>
			<trkpt lat="45.42863" lon="3.017">
				<ele>1151.04</ele>
				<time>2026-05-20T18:15:20.248Z</time>
			</trkpt>
			<trkpt lat="45.42844" lon="3.01656">
				<ele>1150.01</ele>
				<time>2026-05-20T18:15:22.737Z</time>
			</trkpt>
			<trkpt lat="45.42723" lon="3.01336">
				<ele>1153.82</ele>
				<time>2026-05-20T18:15:40.211Z</time>
			</trkpt>
			<trkpt lat="45.42715" lon="3.0131">
				<ele>1154</ele>
				<time>2026-05-20T18:15:41.573Z</time>
			</trkpt>
			<trkpt lat="45.42705" lon="3.01255">
				<ele>1153.76</ele>
				<time>2026-05-20T18:15:44.298Z</time>
			</trkpt>
			<trkpt lat="45.42648" lon="3.0084">
				<ele>1155.82</ele>
				<time>2026-05-20T18:16:04.524Z</time>
			</trkpt>
			<trkpt lat="45.42633" lon="3.0075">
				<ele>1155.81</ele>
				<time>2026-05-20T18:16:08.937Z</time>
			</trkpt>
			<trkpt lat="45.4262" lon="3.00694">
				<ele>1154.69</ele>
				<time>2026-05-20T18:16:11.750Z</time>
			</trkpt>
			<trkpt lat="45.42597" lon="3.00614">
				<ele>1155.44</ele>
				<time>2026-05-20T18:16:15.868Z</time>
			</trkpt>
			<trkpt lat="45.42574" lon="3.00555">
				<ele>1153.32</ele>
				<time>2026-05-20T18:16:19.082Z</time>
			</trkpt>
			<trkpt lat="45.42452" lon="3.00341">
				<ele>1153.69</ele>
				<time>2026-05-20T18:16:32.188Z</time>
			</trkpt>
			<trkpt lat="45.42424" lon="3.00305">
				<ele>1153.53</ele>
				<time>2026-05-20T18:16:34.739Z</time>
			</trkpt>
			<trkpt lat="45.42334" lon="3.00204">
				<ele>1149.76</ele>
				<time>2026-05-20T18:16:42.480Z</time>
			</trkpt>
			<trkpt lat="45.42323" lon="3.00191">
				<ele>1149.13</ele>
				<time>2026-05-20T18:16:43.445Z</time>
			</trkpt>
			<trkpt lat="45.4231" lon="3.00166">
				<ele>1148.67</ele>
				<time>2026-05-20T18:16:44.920Z</time>
			</trkpt>
			<trkpt lat="45.42303" lon="3.00144">
				<ele>1148.61</ele>
				<time>2026-05-20T18:16:46.064Z</time>
			</trkpt>
			<trkpt lat="45.42301" lon="3.00131">
				<ele>1149</ele>
				<time>2026-05-20T18:16:46.694Z</time>
			</trkpt>
			<trkpt lat="45.42299" lon="3.00102">
				<ele>1149.68</ele>
				<time>2026-05-20T18:16:48.074Z</time>
			</trkpt>
			<trkpt lat="45.423" lon="3.00034">
				<ele>1149.18</ele>
				<time>2026-05-20T18:16:51.294Z</time>
			</trkpt>
			<trkpt lat="45.42297" lon="3.00004">
				<ele>1148.44</ele>
				<time>2026-05-20T18:16:52.728Z</time>
			</trkpt>
			<trkpt lat="45.42295" lon="2.99995">
				<ele>1148.11</ele>
				<time>2026-05-20T18:16:53.175Z</time>
			</trkpt>
			<trkpt lat="45.42286" lon="2.99978">
				<ele>1147.37</ele>
				<time>2026-05-20T18:16:54.182Z</time>
			</trkpt>
			<trkpt lat="45.42173" lon="2.9988">
				<ele>1142.76</ele>
				<time>2026-05-20T18:17:03.092Z</time>
			</trkpt>
			<trkpt lat="45.42151" lon="2.99848">
				<ele>1141.53</ele>
				<time>2026-05-20T18:17:05.208Z</time>
			</trkpt>
			<trkpt lat="45.42088" lon="2.99882">
				<ele>1143.79</ele>
				<time>2026-05-20T18:17:09.739Z</time>
			</trkpt>
			<trkpt lat="45.41932" lon="2.99951">
				<ele>1140.23</ele>
				<time>2026-05-20T18:17:20.141Z</time>
			</trkpt>
			<trkpt lat="45.41884" lon="2.99955">
				<ele>1140.34</ele>
				<time>2026-05-20T18:17:22.819Z</time>
			</trkpt>
			<trkpt lat="45.41801" lon="2.99989">
				<ele>1136.72</ele>
				<time>2026-05-20T18:17:27.323Z</time>
			</trkpt>
			<trkpt lat="45.41763" lon="2.99978">
				<ele>1134.59</ele>
				<time>2026-05-20T18:17:29.263Z</time>
			</trkpt>
			<trkpt lat="45.41685" lon="2.99879">
				<ele>1129.25</ele>
				<time>2026-05-20T18:17:34.419Z</time>
			</trkpt>
			<trkpt lat="45.41639" lon="2.99843">
				<ele>1127.98</ele>
				<time>2026-05-20T18:17:37.059Z</time>
			</trkpt>
			<trkpt lat="45.41247" lon="2.99788">
				<ele>1117.33</ele>
				<time>2026-05-20T18:18:03.150Z</time>
			</trkpt>
			<trkpt lat="45.41231" lon="2.99794">
				<ele>1115.36</ele>
				<time>2026-05-20T18:18:04.659Z</time>
			</trkpt>
			<trkpt lat="45.41226" lon="2.99829">
				<ele>1113.57</ele>
				<time>2026-05-20T18:18:07.033Z</time>
			</trkpt>
			<trkpt lat="45.41246" lon="2.99878">
				<ele>1115.56</ele>
				<time>2026-05-20T18:18:11.029Z</time>
			</trkpt>
			<trkpt lat="45.41245" lon="2.99903">
				<ele>1114.93</ele>
				<time>2026-05-20T18:18:12.888Z</time>
			</trkpt>
			<trkpt lat="45.41247" lon="2.9994">
				<ele>1113.82</ele>
				<time>2026-05-20T18:18:15.755Z</time>
			</trkpt>
			<trkpt lat="45.41232" lon="2.99964">
				<ele>1111.32</ele>
				<time>2026-05-20T18:18:18.462Z</time>
			</trkpt>
			<trkpt lat="45.41226" lon="3.00028">
				<ele>1109.45</ele>
				<time>2026-05-20T18:18:27.254Z</time>
			</trkpt>
			<trkpt lat="45.4121" lon="3.00033">
				<ele>1107.31</ele>
				<time>2026-05-20T18:18:31.310Z</time>
			</trkpt>
			<trkpt lat="45.41194" lon="3.00028">
				<ele>1105.96</ele>
				<time>2026-05-20T18:18:35.638Z</time>
			</trkpt>
			<trkpt lat="45.41193" lon="3.00052">
				<ele>1104.11</ele>
				<time>2026-05-20T18:18:40.255Z</time>
			</trkpt>
			<trkpt lat="45.41221" lon="3.00141">
				<ele>1098.58</ele>
				<time>2026-05-20T18:18:57.870Z</time>
			</trkpt>
			<trkpt lat="45.41267" lon="3.00255">
				<ele>1096.91</ele>
				<time>2026-05-20T18:19:11.594Z</time>
			</trkpt>
			<trkpt lat="45.41279" lon="3.00308">
				<ele>1092.1</ele>
				<time>2026-05-20T18:19:16.470Z</time>
			</trkpt>
			<trkpt lat="45.41281" lon="3.00335">
				<ele>1090.7</ele>
				<time>2026-05-20T18:19:18.796Z</time>
			</trkpt>
			<trkpt lat="45.41276" lon="3.00352">
				<ele>1090.4</ele>
				<time>2026-05-20T18:19:20.356Z</time>
			</trkpt>
			<trkpt lat="45.41266" lon="3.00366">
				<ele>1089.49</ele>
				<time>2026-05-20T18:19:22.029Z</time>
			</trkpt>
			<trkpt lat="45.41253" lon="3.00374">
				<ele>1088.02</ele>
				<time>2026-05-20T18:19:23.701Z</time>
			</trkpt>
			<trkpt lat="45.4124" lon="3.00376">
				<ele>1086.6</ele>
				<time>2026-05-20T18:19:25.228Z</time>
			</trkpt>
			<trkpt lat="45.41226" lon="3.00372">
				<ele>1084.64</ele>
				<time>2026-05-20T18:19:26.879Z</time>
			</trkpt>
			<trkpt lat="45.41211" lon="3.0035">
				<ele>1081.87</ele>
				<time>2026-05-20T18:19:29.335Z</time>
			</trkpt>
			<trkpt lat="45.41205" lon="3.00333">
				<ele>1080.39</ele>
				<time>2026-05-20T18:19:30.839Z</time>
			</trkpt>
			<trkpt lat="45.41194" lon="3.00314">
				<ele>1080.01</ele>
				<time>2026-05-20T18:19:32.762Z</time>
			</trkpt>
			<trkpt lat="45.41167" lon="3.00281">
				<ele>1077.1</ele>
				<time>2026-05-20T18:19:36.641Z</time>
			</trkpt>
			<trkpt lat="45.41132" lon="3.00249">
				<ele>1072.07</ele>
				<time>2026-05-20T18:19:41.046Z</time>
			</trkpt>
			<trkpt lat="45.41112" lon="3.00217">
				<ele>1071.51</ele>
				<time>2026-05-20T18:19:44.146Z</time>
			</trkpt>
			<trkpt lat="45.41104" lon="3.00208">
				<ele>1071.37</ele>
				<time>2026-05-20T18:19:45.180Z</time>
			</trkpt>
			<trkpt lat="45.41087" lon="3.00201">
				<ele>1070.59</ele>
				<time>2026-05-20T18:19:46.958Z</time>
			</trkpt>
			<trkpt lat="45.41067" lon="3.00199">
				<ele>1068.28</ele>
				<time>2026-05-20T18:19:48.944Z</time>
			</trkpt>
			<trkpt lat="45.41033" lon="3.00205">
				<ele>1065.41</ele>
				<time>2026-05-20T18:19:52.268Z</time>
			</trkpt>
			<trkpt lat="45.41017" lon="3.0021">
				<ele>1064.82</ele>
				<time>2026-05-20T18:19:53.828Z</time>
			</trkpt>
			<trkpt lat="45.41002" lon="3.00219">
				<ele>1064.18</ele>
				<time>2026-05-20T18:19:55.360Z</time>
			</trkpt>
			<trkpt lat="45.40964" lon="3.00256">
				<ele>1060.86</ele>
				<time>2026-05-20T18:19:59.592Z</time>
			</trkpt>
			<trkpt lat="45.40949" lon="3.00269">
				<ele>1059.85</ele>
				<time>2026-05-20T18:20:01.169Z</time>
			</trkpt>
			<trkpt lat="45.40924" lon="3.00278">
				<ele>1058.89</ele>
				<time>2026-05-20T18:20:03.449Z</time>
			</trkpt>
			<trkpt lat="45.40903" lon="3.00301">
				<ele>1055.28</ele>
				<time>2026-05-20T18:20:05.748Z</time>
			</trkpt>
			<trkpt lat="45.40886" lon="3.00314">
				<ele>1052.51</ele>
				<time>2026-05-20T18:20:07.395Z</time>
			</trkpt>
			<trkpt lat="45.40871" lon="3.00319">
				<ele>1050.97</ele>
				<time>2026-05-20T18:20:08.694Z</time>
			</trkpt>
			<trkpt lat="45.40827" lon="3.00312">
				<ele>1052.94</ele>
				<time>2026-05-20T18:20:12.349Z</time>
			</trkpt>
			<trkpt lat="45.40787" lon="3.00322">
				<ele>1051.43</ele>
				<time>2026-05-20T18:20:15.606Z</time>
			</trkpt>
			<trkpt lat="45.40776" lon="3.00319">
				<ele>1052.39</ele>
				<time>2026-05-20T18:20:16.488Z</time>
			</trkpt>
			<trkpt lat="45.40754" lon="3.00307">
				<ele>1055.52</ele>
				<time>2026-05-20T18:20:18.323Z</time>
			</trkpt>
			<trkpt lat="45.40734" lon="3.00302">
				<ele>1058.33</ele>
				<time>2026-05-20T18:20:19.881Z</time>
			</trkpt>
			<trkpt lat="45.40726" lon="3.00305">
				<ele>1058.6</ele>
				<time>2026-05-20T18:20:20.510Z</time>
			</trkpt>
			<trkpt lat="45.40719" lon="3.00316">
				<ele>1058.16</ele>
				<time>2026-05-20T18:20:21.298Z</time>
			</trkpt>
			<trkpt lat="45.40715" lon="3.00333">
				<ele>1056.93</ele>
				<time>2026-05-20T18:20:22.242Z</time>
			</trkpt>
			<trkpt lat="45.40723" lon="3.00379">
				<ele>1050.95</ele>
				<time>2026-05-20T18:20:24.702Z</time>
			</trkpt>
			<trkpt lat="45.40716" lon="3.00448">
				<ele>1053.93</ele>
				<time>2026-05-20T18:20:28.230Z</time>
			</trkpt>
			<trkpt lat="45.40726" lon="3.00536">
				<ele>1045.24</ele>
				<time>2026-05-20T18:20:32.595Z</time>
			</trkpt>
			<trkpt lat="45.40716" lon="3.00642">
				<ele>1034.33</ele>
				<time>2026-05-20T18:20:37.637Z</time>
			</trkpt>
			<trkpt lat="45.40674" lon="3.00742">
				<ele>1036.36</ele>
				<time>2026-05-20T18:20:42.920Z</time>
			</trkpt>
			<trkpt lat="45.40581" lon="3.00905">
				<ele>1020.33</ele>
				<time>2026-05-20T18:20:52.002Z</time>
			</trkpt>
			<trkpt lat="45.4054" lon="3.00951">
				<ele>1021.3</ele>
				<time>2026-05-20T18:20:55.113Z</time>
			</trkpt>
			<trkpt lat="45.40516" lon="3.0104">
				<ele>1017.04</ele>
				<time>2026-05-20T18:20:59.048Z</time>
			</trkpt>
			<trkpt lat="45.40512" lon="3.01131">
				<ele>1010.24</ele>
				<time>2026-05-20T18:21:02.770Z</time>
			</trkpt>
			<trkpt lat="45.40518" lon="3.01212">
				<ele>1002.52</ele>
				<time>2026-05-20T18:21:06.075Z</time>
			</trkpt>
			<trkpt lat="45.40513" lon="3.01321">
				<ele>997.8</ele>
				<time>2026-05-20T18:21:10.502Z</time>
			</trkpt>
			<trkpt lat="45.40522" lon="3.01404">
				<ele>992.62</ele>
				<time>2026-05-20T18:21:13.918Z</time>
			</trkpt>
			<trkpt lat="45.40523" lon="3.01492">
				<ele>987.32</ele>
				<time>2026-05-20T18:21:17.526Z</time>
			</trkpt>
			<trkpt lat="45.40496" lon="3.01607">
				<ele>980.64</ele>
				<time>2026-05-20T18:21:22.572Z</time>
			</trkpt>
			<trkpt lat="45.40448" lon="3.01705">
				<ele>976.51</ele>
				<time>2026-05-20T18:21:27.667Z</time>
			</trkpt>
			<trkpt lat="45.40402" lon="3.01783">
				<ele>974.55</ele>
				<time>2026-05-20T18:21:32.136Z</time>
			</trkpt>
			<trkpt lat="45.40404" lon="3.01789">
				<ele>972.06</ele>
				<time>2026-05-20T18:21:32.432Z</time>
			</trkpt>
			<trkpt lat="45.40378" lon="3.01813">
				<ele>969.58</ele>
				<time>2026-05-20T18:21:34.415Z</time>
			</trkpt>
			<trkpt lat="45.40364" lon="3.01819">
				<ele>972.52</ele>
				<time>2026-05-20T18:21:35.360Z</time>
			</trkpt>
			<trkpt lat="45.40351" lon="3.01818">
				<ele>976.95</ele>
				<time>2026-05-20T18:21:36.208Z</time>
			</trkpt>
			<trkpt lat="45.40331" lon="3.01821">
				<ele>982.04</ele>
				<time>2026-05-20T18:21:37.527Z</time>
			</trkpt>
			<trkpt lat="45.40244" lon="3.01875">
				<ele>990.32</ele>
				<time>2026-05-20T18:21:43.894Z</time>
			</trkpt>
			<trkpt lat="45.4017" lon="3.01907">
				<ele>994.7</ele>
				<time>2026-05-20T18:21:49.038Z</time>
			</trkpt>
			<trkpt lat="45.40159" lon="3.01909">
				<ele>992.63</ele>
				<time>2026-05-20T18:21:49.769Z</time>
			</trkpt>
			<trkpt lat="45.40137" lon="3.01908">
				<ele>990.9</ele>
				<time>2026-05-20T18:21:51.214Z</time>
			</trkpt>
			<trkpt lat="45.40124" lon="3.01904">
				<ele>992.16</ele>
				<time>2026-05-20T18:21:52.085Z</time>
			</trkpt>
			<trkpt lat="45.40109" lon="3.01894">
				<ele>996.92</ele>
				<time>2026-05-20T18:21:53.165Z</time>
			</trkpt>
			<trkpt lat="45.40076" lon="3.01878">
				<ele>1002.12</ele>
				<time>2026-05-20T18:21:55.428Z</time>
			</trkpt>
			<trkpt lat="45.39987" lon="3.01851">
				<ele>1003.77</ele>
				<time>2026-05-20T18:22:01.264Z</time>
			</trkpt>
			<trkpt lat="45.39976" lon="3.01846">
				<ele>1006.25</ele>
				<time>2026-05-20T18:22:01.997Z</time>
			</trkpt>
			<trkpt lat="45.39955" lon="3.01835">
				<ele>1010.58</ele>
				<time>2026-05-20T18:22:03.414Z</time>
			</trkpt>
			<trkpt lat="45.39916" lon="3.0181">
				<ele>1011.89</ele>
				<time>2026-05-20T18:22:06.107Z</time>
			</trkpt>
			<trkpt lat="45.39894" lon="3.01793">
				<ele>1009.66</ele>
				<time>2026-05-20T18:22:07.673Z</time>
			</trkpt>
			<trkpt lat="45.39879" lon="3.01789">
				<ele>1005.75</ele>
				<time>2026-05-20T18:22:08.625Z</time>
			</trkpt>
			<trkpt lat="45.39855" lon="3.01777">
				<ele>1001.38</ele>
				<time>2026-05-20T18:22:10.206Z</time>
			</trkpt>
			<trkpt lat="45.39829" lon="3.0176">
				<ele>1002.01</ele>
				<time>2026-05-20T18:22:11.976Z</time>
			</trkpt>
			<trkpt lat="45.39821" lon="3.01752">
				<ele>1004.14</ele>
				<time>2026-05-20T18:22:12.579Z</time>
			</trkpt>
			<trkpt lat="45.39817" lon="3.01744">
				<ele>1006.97</ele>
				<time>2026-05-20T18:22:13.004Z</time>
			</trkpt>
			<trkpt lat="45.3981" lon="3.01719">
				<ele>1016.6</ele>
				<time>2026-05-20T18:22:14.165Z</time>
			</trkpt>
			<trkpt lat="45.39802" lon="3.01694">
				<ele>1025.85</ele>
				<time>2026-05-20T18:22:15.348Z</time>
			</trkpt>
			<trkpt lat="45.39795" lon="3.01683">
				<ele>1028.62</ele>
				<time>2026-05-20T18:22:15.985Z</time>
			</trkpt>
			<trkpt lat="45.39787" lon="3.01678">
				<ele>1027.1</ele>
				<time>2026-05-20T18:22:16.519Z</time>
			</trkpt>
			<trkpt lat="45.39764" lon="3.0168">
				<ele>1015.64</ele>
				<time>2026-05-20T18:22:17.922Z</time>
			</trkpt>
			<trkpt lat="45.39752" lon="3.01677">
				<ele>1013.28</ele>
				<time>2026-05-20T18:22:18.663Z</time>
			</trkpt>
			<trkpt lat="45.39703" lon="3.01657">
				<ele>1019.39</ele>
				<time>2026-05-20T18:22:21.746Z</time>
			</trkpt>
			<trkpt lat="45.39683" lon="3.01644">
				<ele>1023.96</ele>
				<time>2026-05-20T18:22:23.069Z</time>
			</trkpt>
			<trkpt lat="45.39646" lon="3.01604">
				<ele>1033.21</ele>
				<time>2026-05-20T18:22:25.851Z</time>
			</trkpt>
			<trkpt lat="45.39624" lon="3.01595">
				<ele>1027.84</ele>
				<time>2026-05-20T18:22:27.216Z</time>
			</trkpt>
			<trkpt lat="45.39602" lon="3.01593">
				<ele>1020.91</ele>
				<time>2026-05-20T18:22:28.527Z</time>
			</trkpt>
			<trkpt lat="45.39592" lon="3.0159">
				<ele>1020.52</ele>
				<time>2026-05-20T18:22:29.134Z</time>
			</trkpt>
			<trkpt lat="45.39584" lon="3.01586">
				<ele>1020.9</ele>
				<time>2026-05-20T18:22:29.637Z</time>
			</trkpt>
			<trkpt lat="45.39575" lon="3.01578">
				<ele>1020.08</ele>
				<time>2026-05-20T18:22:30.265Z</time>
			</trkpt>
			<trkpt lat="45.39568" lon="3.01567">
				<ele>1019.14</ele>
				<time>2026-05-20T18:22:30.881Z</time>
			</trkpt>
			<trkpt lat="45.39558" lon="3.0154">
				<ele>1018.68</ele>
				<time>2026-05-20T18:22:32.147Z</time>
			</trkpt>
			<trkpt lat="45.39555" lon="3.01525">
				<ele>1018.92</ele>
				<time>2026-05-20T18:22:32.793Z</time>
			</trkpt>
			<trkpt lat="45.39547" lon="3.01427">
				<ele>1030.35</ele>
				<time>2026-05-20T18:22:36.858Z</time>
			</trkpt>
			<trkpt lat="45.39531" lon="3.01321">
				<ele>1040.33</ele>
				<time>2026-05-20T18:22:41.295Z</time>
			</trkpt>
			<trkpt lat="45.39523" lon="3.013">
				<ele>1042.4</ele>
				<time>2026-05-20T18:22:42.269Z</time>
			</trkpt>
			<trkpt lat="45.39493" lon="3.01246">
				<ele>1039.32</ele>
				<time>2026-05-20T18:22:45.068Z</time>
			</trkpt>
			<trkpt lat="45.39474" lon="3.01198">
				<ele>1044.09</ele>
				<time>2026-05-20T18:22:47.300Z</time>
			</trkpt>
			<trkpt lat="45.39463" lon="3.01181">
				<ele>1045.86</ele>
				<time>2026-05-20T18:22:48.235Z</time>
			</trkpt>
			<trkpt lat="45.39428" lon="3.01139">
				<ele>1039.59</ele>
				<time>2026-05-20T18:22:50.866Z</time>
			</trkpt>
			<trkpt lat="45.39415" lon="3.0111">
				<ele>1045.33</ele>
				<time>2026-05-20T18:22:52.252Z</time>
			</trkpt>
			<trkpt lat="45.39411" lon="3.01097">
				<ele>1047.33</ele>
				<time>2026-05-20T18:22:52.823Z</time>
			</trkpt>
			<trkpt lat="45.39406" lon="3.01067">
				<ele>1054.22</ele>
				<time>2026-05-20T18:22:54.063Z</time>
			</trkpt>
			<trkpt lat="45.39402" lon="3.01056">
				<ele>1054.93</ele>
				<time>2026-05-20T18:22:54.560Z</time>
			</trkpt>
			<trkpt lat="45.39394" lon="3.01042">
				<ele>1054.35</ele>
				<time>2026-05-20T18:22:55.285Z</time>
			</trkpt>
			<trkpt lat="45.3938" lon="3.01026">
				<ele>1052.57</ele>
				<time>2026-05-20T18:22:56.312Z</time>
			</trkpt>
			<trkpt lat="45.39359" lon="3.00996">
				<ele>1051.85</ele>
				<time>2026-05-20T18:22:58.010Z</time>
			</trkpt>
			<trkpt lat="45.39355" lon="3.00986">
				<ele>1053.64</ele>
				<time>2026-05-20T18:22:58.472Z</time>
			</trkpt>
			<trkpt lat="45.3935" lon="3.00963">
				<ele>1057.6</ele>
				<time>2026-05-20T18:22:59.436Z</time>
			</trkpt>
			<trkpt lat="45.39349" lon="3.00915">
				<ele>1063.04</ele>
				<time>2026-05-20T18:23:01.358Z</time>
			</trkpt>
			<trkpt lat="45.39346" lon="3.00894">
				<ele>1061.79</ele>
				<time>2026-05-20T18:23:02.216Z</time>
			</trkpt>
			<trkpt lat="45.39343" lon="3.00879">
				<ele>1061.56</ele>
				<time>2026-05-20T18:23:02.840Z</time>
			</trkpt>
			<trkpt lat="45.39337" lon="3.00864">
				<ele>1060.66</ele>
				<time>2026-05-20T18:23:03.530Z</time>
			</trkpt>
			<trkpt lat="45.39331" lon="3.00852">
				<ele>1061.11</ele>
				<time>2026-05-20T18:23:04.119Z</time>
			</trkpt>
			<trkpt lat="45.3928" lon="3.00801">
				<ele>1057.71</ele>
				<time>2026-05-20T18:23:07.665Z</time>
			</trkpt>
			<trkpt lat="45.39273" lon="3.00792">
				<ele>1059.26</ele>
				<time>2026-05-20T18:23:08.202Z</time>
			</trkpt>
			<trkpt lat="45.3926" lon="3.00762">
				<ele>1065.08</ele>
				<time>2026-05-20T18:23:09.610Z</time>
			</trkpt>
			<trkpt lat="45.39254" lon="3.00755">
				<ele>1065.22</ele>
				<time>2026-05-20T18:23:10.052Z</time>
			</trkpt>
			<trkpt lat="45.39236" lon="3.00741">
				<ele>1057.22</ele>
				<time>2026-05-20T18:23:11.219Z</time>
			</trkpt>
			<trkpt lat="45.39229" lon="3.0073">
				<ele>1054.31</ele>
				<time>2026-05-20T18:23:11.812Z</time>
			</trkpt>
			<trkpt lat="45.39225" lon="3.00715">
				<ele>1054.19</ele>
				<time>2026-05-20T18:23:12.453Z</time>
			</trkpt>
			<trkpt lat="45.39227" lon="3.00698">
				<ele>1056.56</ele>
				<time>2026-05-20T18:23:13.142Z</time>
			</trkpt>
			<trkpt lat="45.39242" lon="3.00657">
				<ele>1065.89</ele>
				<time>2026-05-20T18:23:14.990Z</time>
			</trkpt>
			<trkpt lat="45.39244" lon="3.00645">
				<ele>1067.63</ele>
				<time>2026-05-20T18:23:15.484Z</time>
			</trkpt>
			<trkpt lat="45.39245" lon="3.00627">
				<ele>1068.66</ele>
				<time>2026-05-20T18:23:16.206Z</time>
			</trkpt>
			<trkpt lat="45.39243" lon="3.00547">
				<ele>1070.04</ele>
				<time>2026-05-20T18:23:19.412Z</time>
			</trkpt>
			<trkpt lat="45.39254" lon="3.0044">
				<ele>1071.43</ele>
				<time>2026-05-20T18:23:23.752Z</time>
			</trkpt>
			<trkpt lat="45.39261" lon="3.00393">
				<ele>1073.5</ele>
				<time>2026-05-20T18:23:25.685Z</time>
			</trkpt>
			<trkpt lat="45.39288" lon="3.0028">
				<ele>1084.44</ele>
				<time>2026-05-20T18:23:30.503Z</time>
			</trkpt>
			<trkpt lat="45.39288" lon="3.00258">
				<ele>1085.69</ele>
				<time>2026-05-20T18:23:31.393Z</time>
			</trkpt>
			<trkpt lat="45.39284" lon="3.00235">
				<ele>1085.21</ele>
				<time>2026-05-20T18:23:32.354Z</time>
			</trkpt>
			<trkpt lat="45.39279" lon="3.00226">
				<ele>1083.69</ele>
				<time>2026-05-20T18:23:32.820Z</time>
			</trkpt>
			<trkpt lat="45.39257" lon="3.00194">
				<ele>1083.98</ele>
				<time>2026-05-20T18:23:34.639Z</time>
			</trkpt>
			<trkpt lat="45.39167" lon="3.00046">
				<ele>1089.39</ele>
				<time>2026-05-20T18:23:42.652Z</time>
			</trkpt>
			<trkpt lat="45.39142" lon="3.00014">
				<ele>1092.91</ele>
				<time>2026-05-20T18:23:44.628Z</time>
			</trkpt>
			<trkpt lat="45.39108" lon="2.99982">
				<ele>1093.96</ele>
				<time>2026-05-20T18:23:47.033Z</time>
			</trkpt>
			<trkpt lat="45.39102" lon="2.99974">
				<ele>1093.27</ele>
				<time>2026-05-20T18:23:47.519Z</time>
			</trkpt>
			<trkpt lat="45.39095" lon="2.99954">
				<ele>1092</ele>
				<time>2026-05-20T18:23:48.449Z</time>
			</trkpt>
			<trkpt lat="45.39087" lon="2.99876">
				<ele>1094.15</ele>
				<time>2026-05-20T18:23:51.743Z</time>
			</trkpt>
			<trkpt lat="45.39086" lon="2.99842">
				<ele>1096.13</ele>
				<time>2026-05-20T18:23:53.172Z</time>
			</trkpt>
			<trkpt lat="45.39089" lon="2.99816">
				<ele>1097.41</ele>
				<time>2026-05-20T18:23:54.282Z</time>
			</trkpt>
			<trkpt lat="45.39102" lon="2.99757">
				<ele>1102.03</ele>
				<time>2026-05-20T18:23:56.897Z</time>
			</trkpt>
			<trkpt lat="45.39103" lon="2.99745">
				<ele>1102.6</ele>
				<time>2026-05-20T18:23:57.410Z</time>
			</trkpt>
			<trkpt lat="45.39103" lon="2.99715">
				<ele>1102.37</ele>
				<time>2026-05-20T18:23:58.686Z</time>
			</trkpt>
			<trkpt lat="45.3909" lon="2.99633">
				<ele>1105.26</ele>
				<time>2026-05-20T18:24:02.283Z</time>
			</trkpt>
			<trkpt lat="45.39069" lon="2.99569">
				<ele>1108.47</ele>
				<time>2026-05-20T18:24:05.330Z</time>
			</trkpt>
			<trkpt lat="45.39063" lon="2.99536">
				<ele>1110.48</ele>
				<time>2026-05-20T18:24:06.810Z</time>
			</trkpt>
			<trkpt lat="45.39053" lon="2.99432">
				<ele>1116.9</ele>
				<time>2026-05-20T18:24:11.402Z</time>
			</trkpt>
			<trkpt lat="45.3905" lon="2.99432">
				<ele>1116.26</ele>
				<time>2026-05-20T18:24:11.590Z</time>
			</trkpt>
			<trkpt lat="45.39041" lon="2.99424">
				<ele>1115.84</ele>
				<time>2026-05-20T18:24:12.256Z</time>
			</trkpt>
			<trkpt lat="45.39012" lon="2.99386">
				<ele>1118.69</ele>
				<time>2026-05-20T18:24:14.741Z</time>
			</trkpt>
			<trkpt lat="45.38981" lon="2.9935">
				<ele>1115.32</ele>
				<time>2026-05-20T18:24:17.282Z</time>
			</trkpt>
			<trkpt lat="45.38928" lon="2.99298">
				<ele>1105.35</ele>
				<time>2026-05-20T18:24:21.410Z</time>
			</trkpt>
			<trkpt lat="45.38892" lon="2.99267">
				<ele>1102.27</ele>
				<time>2026-05-20T18:24:24.120Z</time>
			</trkpt>
			<trkpt lat="45.3883" lon="2.99241">
				<ele>1098.29</ele>
				<time>2026-05-20T18:24:28.274Z</time>
			</trkpt>
			<trkpt lat="45.38809" lon="2.99224">
				<ele>1095.57</ele>
				<time>2026-05-20T18:24:29.825Z</time>
			</trkpt>
			<trkpt lat="45.38793" lon="2.99218">
				<ele>1093.51</ele>
				<time>2026-05-20T18:24:30.886Z</time>
			</trkpt>
			<trkpt lat="45.38784" lon="2.99222">
				<ele>1091.19</ele>
				<time>2026-05-20T18:24:31.490Z</time>
			</trkpt>
			<trkpt lat="45.38772" lon="2.99233">
				<ele>1089.73</ele>
				<time>2026-05-20T18:24:32.405Z</time>
			</trkpt>
			<trkpt lat="45.38769" lon="2.99247">
				<ele>1089.66</ele>
				<time>2026-05-20T18:24:33.063Z</time>
			</trkpt>
			<trkpt lat="45.38767" lon="2.99269">
				<ele>1091.17</ele>
				<time>2026-05-20T18:24:34.060Z</time>
			</trkpt>
			<trkpt lat="45.38771" lon="2.99287">
				<ele>1092.26</ele>
				<time>2026-05-20T18:24:34.909Z</time>
			</trkpt>
			<trkpt lat="45.38785" lon="2.99302">
				<ele>1091.06</ele>
				<time>2026-05-20T18:24:36.030Z</time>
			</trkpt>
			<trkpt lat="45.38798" lon="2.99321">
				<ele>1088.7</ele>
				<time>2026-05-20T18:24:37.221Z</time>
			</trkpt>
			<trkpt lat="45.38801" lon="2.99332">
				<ele>1087.92</ele>
				<time>2026-05-20T18:24:37.750Z</time>
			</trkpt>
			<trkpt lat="45.38801" lon="2.99345">
				<ele>1088.1</ele>
				<time>2026-05-20T18:24:38.333Z</time>
			</trkpt>
			<trkpt lat="45.38795" lon="2.99357">
				<ele>1089.6</ele>
				<time>2026-05-20T18:24:38.994Z</time>
			</trkpt>
			<trkpt lat="45.38788" lon="2.9936">
				<ele>1091.27</ele>
				<time>2026-05-20T18:24:39.461Z</time>
			</trkpt>
			<trkpt lat="45.38769" lon="2.99362">
				<ele>1094.93</ele>
				<time>2026-05-20T18:24:40.677Z</time>
			</trkpt>
			<trkpt lat="45.38759" lon="2.99368">
				<ele>1096.51</ele>
				<time>2026-05-20T18:24:41.370Z</time>
			</trkpt>
			<trkpt lat="45.38753" lon="2.9938">
				<ele>1098.54</ele>
				<time>2026-05-20T18:24:42.030Z</time>
			</trkpt>
			<trkpt lat="45.38752" lon="2.99398">
				<ele>1100.58</ele>
				<time>2026-05-20T18:24:42.838Z</time>
			</trkpt>
			<trkpt lat="45.38762" lon="2.99431">
				<ele>1100.52</ele>
				<time>2026-05-20T18:24:44.448Z</time>
			</trkpt>
			<trkpt lat="45.38761" lon="2.99444">
				<ele>1100.33</ele>
				<time>2026-05-20T18:24:45.033Z</time>
			</trkpt>
			<trkpt lat="45.38752" lon="2.99465">
				<ele>1100.71</ele>
				<time>2026-05-20T18:24:46.134Z</time>
			</trkpt>
			<trkpt lat="45.38748" lon="2.99479">
				<ele>1101.06</ele>
				<time>2026-05-20T18:24:46.810Z</time>
			</trkpt>
			<trkpt lat="45.38755" lon="2.99514">
				<ele>1100.28</ele>
				<time>2026-05-20T18:24:48.437Z</time>
			</trkpt>
			<trkpt lat="45.38757" lon="2.99532">
				<ele>1100.95</ele>
				<time>2026-05-20T18:24:49.252Z</time>
			</trkpt>
			<trkpt lat="45.38756" lon="2.99564">
				<ele>1102.44</ele>
				<time>2026-05-20T18:24:50.683Z</time>
			</trkpt>
			<trkpt lat="45.38752" lon="2.99585">
				<ele>1103.61</ele>
				<time>2026-05-20T18:24:51.655Z</time>
			</trkpt>
			<trkpt lat="45.38745" lon="2.99598">
				<ele>1104</ele>
				<time>2026-05-20T18:24:52.387Z</time>
			</trkpt>
			<trkpt lat="45.38736" lon="2.99606">
				<ele>1104</ele>
				<time>2026-05-20T18:24:53.062Z</time>
			</trkpt>
			<trkpt lat="45.38726" lon="2.99609">
				<ele>1104</ele>
				<time>2026-05-20T18:24:53.711Z</time>
			</trkpt>
			<trkpt lat="45.38717" lon="2.99606">
				<ele>1104</ele>
				<time>2026-05-20T18:24:54.299Z</time>
			</trkpt>
			<trkpt lat="45.38705" lon="2.99598">
				<ele>1104</ele>
				<time>2026-05-20T18:24:55.141Z</time>
			</trkpt>
			<trkpt lat="45.38677" lon="2.99562">
				<ele>1104.74</ele>
				<time>2026-05-20T18:24:57.539Z</time>
			</trkpt>
			<trkpt lat="45.38666" lon="2.99556">
				<ele>1104.97</ele>
				<time>2026-05-20T18:24:58.287Z</time>
			</trkpt>
			<trkpt lat="45.38656" lon="2.99556">
				<ele>1104.96</ele>
				<time>2026-05-20T18:24:58.923Z</time>
			</trkpt>
			<trkpt lat="45.38647" lon="2.99558">
				<ele>1104.8</ele>
				<time>2026-05-20T18:24:59.501Z</time>
			</trkpt>
			<trkpt lat="45.38632" lon="2.99567">
				<ele>1104.28</ele>
				<time>2026-05-20T18:25:00.535Z</time>
			</trkpt>
			<trkpt lat="45.38617" lon="2.9958">
				<ele>1103.32</ele>
				<time>2026-05-20T18:25:01.651Z</time>
			</trkpt>
			<trkpt lat="45.38608" lon="2.99582">
				<ele>1103.16</ele>
				<time>2026-05-20T18:25:02.229Z</time>
			</trkpt>
			<trkpt lat="45.38591" lon="2.99579">
				<ele>1104.15</ele>
				<time>2026-05-20T18:25:03.317Z</time>
			</trkpt>
			<trkpt lat="45.38565" lon="2.99564">
				<ele>1107.13</ele>
				<time>2026-05-20T18:25:05.099Z</time>
			</trkpt>
			<trkpt lat="45.38509" lon="2.99536">
				<ele>1106.34</ele>
				<time>2026-05-20T18:25:08.868Z</time>
			</trkpt>
			<trkpt lat="45.38493" lon="2.99522">
				<ele>1105.87</ele>
				<time>2026-05-20T18:25:10.060Z</time>
			</trkpt>
			<trkpt lat="45.38476" lon="2.99498">
				<ele>1105.49</ele>
				<time>2026-05-20T18:25:11.581Z</time>
			</trkpt>
			<trkpt lat="45.38433" lon="2.99464">
				<ele>1106.98</ele>
				<time>2026-05-20T18:25:14.706Z</time>
			</trkpt>
			<trkpt lat="45.38418" lon="2.99463">
				<ele>1107.9</ele>
				<time>2026-05-20T18:25:15.660Z</time>
			</trkpt>
			<trkpt lat="45.3838" lon="2.99496">
				<ele>1109.75</ele>
				<time>2026-05-20T18:25:18.489Z</time>
			</trkpt>
			<trkpt lat="45.38372" lon="2.99516">
				<ele>1109.43</ele>
				<time>2026-05-20T18:25:19.517Z</time>
			</trkpt>
			<trkpt lat="45.38366" lon="2.99545">
				<ele>1107.81</ele>
				<time>2026-05-20T18:25:20.868Z</time>
			</trkpt>
			<trkpt lat="45.38357" lon="2.99556">
				<ele>1108.91</ele>
				<time>2026-05-20T18:25:21.622Z</time>
			</trkpt>
			<trkpt lat="45.38345" lon="2.99564">
				<ele>1111.49</ele>
				<time>2026-05-20T18:25:22.466Z</time>
			</trkpt>
			<trkpt lat="45.38315" lon="2.9957">
				<ele>1116.92</ele>
				<time>2026-05-20T18:25:24.394Z</time>
			</trkpt>
			<trkpt lat="45.38301" lon="2.99577">
				<ele>1117.83</ele>
				<time>2026-05-20T18:25:25.339Z</time>
			</trkpt>
			<trkpt lat="45.38264" lon="2.99601">
				<ele>1116.12</ele>
				<time>2026-05-20T18:25:27.929Z</time>
			</trkpt>
			<trkpt lat="45.38249" lon="2.99601">
				<ele>1116.97</ele>
				<time>2026-05-20T18:25:28.886Z</time>
			</trkpt>
			<trkpt lat="45.38239" lon="2.99596">
				<ele>1118.42</ele>
				<time>2026-05-20T18:25:29.562Z</time>
			</trkpt>
			<trkpt lat="45.38198" lon="2.9956">
				<ele>1122.01</ele>
				<time>2026-05-20T18:25:32.636Z</time>
			</trkpt>
			<trkpt lat="45.38187" lon="2.99547">
				<ele>1122.12</ele>
				<time>2026-05-20T18:25:33.549Z</time>
			</trkpt>
			<trkpt lat="45.38173" lon="2.9951">
				<ele>1124.14</ele>
				<time>2026-05-20T18:25:35.435Z</time>
			</trkpt>
			<trkpt lat="45.38164" lon="2.99494">
				<ele>1125.78</ele>
				<time>2026-05-20T18:25:36.356Z</time>
			</trkpt>
			<trkpt lat="45.38154" lon="2.99486">
				<ele>1127.29</ele>
				<time>2026-05-20T18:25:37.090Z</time>
			</trkpt>
			<trkpt lat="45.38143" lon="2.99483">
				<ele>1128.45</ele>
				<time>2026-05-20T18:25:37.806Z</time>
			</trkpt>
			<trkpt lat="45.38128" lon="2.99483">
				<ele>1129.2</ele>
				<time>2026-05-20T18:25:38.767Z</time>
			</trkpt>
			<trkpt lat="45.38117" lon="2.99478">
				<ele>1130.08</ele>
				<time>2026-05-20T18:25:39.506Z</time>
			</trkpt>
			<trkpt lat="45.38072" lon="2.99446">
				<ele>1133.46</ele>
				<time>2026-05-20T18:25:42.731Z</time>
			</trkpt>
			<trkpt lat="45.38053" lon="2.99438">
				<ele>1134.73</ele>
				<time>2026-05-20T18:25:44.003Z</time>
			</trkpt>
			<trkpt lat="45.38035" lon="2.99439">
				<ele>1137.61</ele>
				<time>2026-05-20T18:25:45.160Z</time>
			</trkpt>
			<trkpt lat="45.37967" lon="2.99459">
				<ele>1142.68</ele>
				<time>2026-05-20T18:25:49.628Z</time>
			</trkpt>
			<trkpt lat="45.37938" lon="2.99454">
				<ele>1149.11</ele>
				<time>2026-05-20T18:25:51.511Z</time>
			</trkpt>
			<trkpt lat="45.37923" lon="2.99458">
				<ele>1151.06</ele>
				<time>2026-05-20T18:25:52.496Z</time>
			</trkpt>
			<trkpt lat="45.37914" lon="2.99467">
				<ele>1150.65</ele>
				<time>2026-05-20T18:25:53.207Z</time>
			</trkpt>
			<trkpt lat="45.37904" lon="2.995">
				<ele>1146.7</ele>
				<time>2026-05-20T18:25:54.838Z</time>
			</trkpt>
			<trkpt lat="45.37866" lon="2.99542">
				<ele>1150.39</ele>
				<time>2026-05-20T18:25:57.953Z</time>
			</trkpt>
			<trkpt lat="45.37843" lon="2.99572">
				<ele>1150.85</ele>
				<time>2026-05-20T18:25:59.977Z</time>
			</trkpt>
			<trkpt lat="45.37832" lon="2.99579">
				<ele>1151.35</ele>
				<time>2026-05-20T18:26:00.759Z</time>
			</trkpt>
			<trkpt lat="45.37819" lon="2.9958">
				<ele>1151.8</ele>
				<time>2026-05-20T18:26:01.605Z</time>
			</trkpt>
			<trkpt lat="45.37769" lon="2.99564">
				<ele>1156.73</ele>
				<time>2026-05-20T18:26:04.942Z</time>
			</trkpt>
			<trkpt lat="45.37746" lon="2.99544">
				<ele>1161.27</ele>
				<time>2026-05-20T18:26:06.700Z</time>
			</trkpt>
			<trkpt lat="45.37715" lon="2.99526">
				<ele>1163.41</ele>
				<time>2026-05-20T18:26:08.888Z</time>
			</trkpt>
			<trkpt lat="45.37702" lon="2.99507">
				<ele>1164.27</ele>
				<time>2026-05-20T18:26:10.108Z</time>
			</trkpt>
			<trkpt lat="45.37675" lon="2.99427">
				<ele>1166.25</ele>
				<time>2026-05-20T18:26:14.199Z</time>
			</trkpt>
			<trkpt lat="45.37641" lon="2.99285">
				<ele>1173.29</ele>
				<time>2026-05-20T18:26:21.153Z</time>
			</trkpt>
			<trkpt lat="45.37623" lon="2.99238">
				<ele>1176.59</ele>
				<time>2026-05-20T18:26:23.646Z</time>
			</trkpt>
			<trkpt lat="45.37604" lon="2.99197">
				<ele>1178.58</ele>
				<time>2026-05-20T18:26:25.940Z</time>
			</trkpt>
			<trkpt lat="45.37545" lon="2.99096">
				<ele>1183.71</ele>
				<time>2026-05-20T18:26:32.105Z</time>
			</trkpt>
			<trkpt lat="45.37537" lon="2.99062">
				<ele>1186.62</ele>
				<time>2026-05-20T18:26:33.795Z</time>
			</trkpt>
			<trkpt lat="45.3753" lon="2.99048">
				<ele>1187.07</ele>
				<time>2026-05-20T18:26:34.606Z</time>
			</trkpt>
			<trkpt lat="45.37511" lon="2.99022">
				<ele>1185.94</ele>
				<time>2026-05-20T18:26:36.380Z</time>
			</trkpt>
			<trkpt lat="45.37504" lon="2.99001">
				<ele>1186.41</ele>
				<time>2026-05-20T18:26:37.481Z</time>
			</trkpt>
			<trkpt lat="45.3749" lon="2.98903">
				<ele>1189.85</ele>
				<time>2026-05-20T18:26:42.236Z</time>
			</trkpt>
			<trkpt lat="45.37492" lon="2.9885">
				<ele>1193.55</ele>
				<time>2026-05-20T18:26:44.771Z</time>
			</trkpt>
			<trkpt lat="45.37473" lon="2.98777">
				<ele>1194.16</ele>
				<time>2026-05-20T18:26:48.505Z</time>
			</trkpt>
			<trkpt lat="45.37465" lon="2.98761">
				<ele>1194.63</ele>
				<time>2026-05-20T18:26:49.450Z</time>
			</trkpt>
			<trkpt lat="45.37454" lon="2.98748">
				<ele>1194.85</ele>
				<time>2026-05-20T18:26:50.430Z</time>
			</trkpt>
			<trkpt lat="45.37426" lon="2.98726">
				<ele>1195.06</ele>
				<time>2026-05-20T18:26:52.628Z</time>
			</trkpt>
			<trkpt lat="45.37308" lon="2.98601">
				<ele>1199.33</ele>
				<time>2026-05-20T18:27:02.825Z</time>
			</trkpt>
			<trkpt lat="45.37277" lon="2.98577">
				<ele>1200.41</ele>
				<time>2026-05-20T18:27:05.294Z</time>
			</trkpt>
			<trkpt lat="45.37264" lon="2.98564">
				<ele>1200.38</ele>
				<time>2026-05-20T18:27:06.408Z</time>
			</trkpt>
			<trkpt lat="45.37238" lon="2.98527">
				<ele>1200.84</ele>
				<time>2026-05-20T18:27:08.994Z</time>
			</trkpt>
			<trkpt lat="45.37225" lon="2.98491">
				<ele>1203.75</ele>
				<time>2026-05-20T18:27:11.001Z</time>
			</trkpt>
			<trkpt lat="45.37213" lon="2.98446">
				<ele>1206.55</ele>
				<time>2026-05-20T18:27:13.396Z</time>
			</trkpt>
			<trkpt lat="45.37204" lon="2.98429">
				<ele>1207.53</ele>
				<time>2026-05-20T18:27:14.458Z</time>
			</trkpt>
			<trkpt lat="45.37177" lon="2.98409">
				<ele>1206.88</ele>
				<time>2026-05-20T18:27:16.624Z</time>
			</trkpt>
			<trkpt lat="45.37165" lon="2.9839">
				<ele>1207.55</ele>
				<time>2026-05-20T18:27:17.905Z</time>
			</trkpt>
			<trkpt lat="45.37139" lon="2.98299">
				<ele>1210.06</ele>
				<time>2026-05-20T18:27:22.855Z</time>
			</trkpt>
			<trkpt lat="45.37043" lon="2.98058">
				<ele>1215.91</ele>
				<time>2026-05-20T18:27:37.029Z</time>
			</trkpt>
			<trkpt lat="45.37033" lon="2.9804">
				<ele>1216.06</ele>
				<time>2026-05-20T18:27:38.218Z</time>
			</trkpt>
			<trkpt lat="45.37005" lon="2.98006">
				<ele>1217.49</ele>
				<time>2026-05-20T18:27:40.941Z</time>
			</trkpt>
			<trkpt lat="45.36998" lon="2.97993">
				<ele>1218.11</ele>
				<time>2026-05-20T18:27:41.795Z</time>
			</trkpt>
			<trkpt lat="45.36994" lon="2.97954">
				<ele>1218.2</ele>
				<time>2026-05-20T18:27:43.855Z</time>
			</trkpt>
			<trkpt lat="45.36976" lon="2.97889">
				<ele>1218.5</ele>
				<time>2026-05-20T18:27:47.525Z</time>
			</trkpt>
			<trkpt lat="45.36969" lon="2.97874">
				<ele>1219.22</ele>
				<time>2026-05-20T18:27:48.474Z</time>
			</trkpt>
			<trkpt lat="45.36955" lon="2.97858">
				<ele>1220.12</ele>
				<time>2026-05-20T18:27:49.825Z</time>
			</trkpt>
			<trkpt lat="45.3695" lon="2.97842">
				<ele>1220.26</ele>
				<time>2026-05-20T18:27:50.752Z</time>
			</trkpt>
			<trkpt lat="45.3695" lon="2.97826">
				<ele>1220.13</ele>
				<time>2026-05-20T18:27:51.600Z</time>
			</trkpt>
			<trkpt lat="45.36957" lon="2.97796">
				<ele>1218.28</ele>
				<time>2026-05-20T18:27:53.279Z</time>
			</trkpt>
			<trkpt lat="45.36956" lon="2.97783">
				<ele>1217.83</ele>
				<time>2026-05-20T18:27:53.975Z</time>
			</trkpt>
			<trkpt lat="45.36947" lon="2.97759">
				<ele>1218.27</ele>
				<time>2026-05-20T18:27:55.427Z</time>
			</trkpt>
			<trkpt lat="45.36939" lon="2.97724">
				<ele>1215.34</ele>
				<time>2026-05-20T18:27:57.395Z</time>
			</trkpt>
			<trkpt lat="45.36933" lon="2.97712">
				<ele>1215.43</ele>
				<time>2026-05-20T18:27:58.185Z</time>
			</trkpt>
			<trkpt lat="45.36914" lon="2.97692">
				<ele>1217.99</ele>
				<time>2026-05-20T18:27:59.993Z</time>
			</trkpt>
			<trkpt lat="45.36875" lon="2.97663">
				<ele>1219.7</ele>
				<time>2026-05-20T18:28:03.374Z</time>
			</trkpt>
			<trkpt lat="45.36845" lon="2.97625">
				<ele>1219.95</ele>
				<time>2026-05-20T18:28:06.478Z</time>
			</trkpt>
			<trkpt lat="45.36829" lon="2.97591">
				<ele>1219.06</ele>
				<time>2026-05-20T18:28:08.711Z</time>
			</trkpt>
			<trkpt lat="45.36815" lon="2.97569">
				<ele>1219.44</ele>
				<time>2026-05-20T18:28:10.335Z</time>
			</trkpt>
			<trkpt lat="45.36786" lon="2.97536">
				<ele>1222.92</ele>
				<time>2026-05-20T18:28:13.240Z</time>
			</trkpt>
			<trkpt lat="45.36779" lon="2.97524">
				<ele>1223.69</ele>
				<time>2026-05-20T18:28:14.100Z</time>
			</trkpt>
			<trkpt lat="45.36773" lon="2.97504">
				<ele>1223.32</ele>
				<time>2026-05-20T18:28:15.301Z</time>
			</trkpt>
			<trkpt lat="45.36766" lon="2.97472">
				<ele>1221.38</ele>
				<time>2026-05-20T18:28:17.158Z</time>
			</trkpt>
			<trkpt lat="45.36759" lon="2.97455">
				<ele>1220.44</ele>
				<time>2026-05-20T18:28:18.252Z</time>
			</trkpt>
			<trkpt lat="45.3675" lon="2.97443">
				<ele>1219.9</ele>
				<time>2026-05-20T18:28:19.229Z</time>
			</trkpt>
			<trkpt lat="45.36727" lon="2.97434">
				<ele>1220.67</ele>
				<time>2026-05-20T18:28:21.123Z</time>
			</trkpt>
			<trkpt lat="45.36693" lon="2.9741">
				<ele>1221.82</ele>
				<time>2026-05-20T18:28:24.150Z</time>
			</trkpt>
			<trkpt lat="45.36665" lon="2.97407">
				<ele>1223.34</ele>
				<time>2026-05-20T18:28:26.400Z</time>
			</trkpt>
			<trkpt lat="45.36656" lon="2.974">
				<ele>1223.08</ele>
				<time>2026-05-20T18:28:27.224Z</time>
			</trkpt>
			<trkpt lat="45.36637" lon="2.97356">
				<ele>1220.71</ele>
				<time>2026-05-20T18:28:30.149Z</time>
			</trkpt>
			<trkpt lat="45.36627" lon="2.97347">
				<ele>1220.61</ele>
				<time>2026-05-20T18:28:31.107Z</time>
			</trkpt>
			<trkpt lat="45.36617" lon="2.97342">
				<ele>1220.94</ele>
				<time>2026-05-20T18:28:31.965Z</time>
			</trkpt>
			<trkpt lat="45.36575" lon="2.97353">
				<ele>1222.12</ele>
				<time>2026-05-20T18:28:35.440Z</time>
			</trkpt>
			<trkpt lat="45.36564" lon="2.9735">
				<ele>1221.34</ele>
				<time>2026-05-20T18:28:36.355Z</time>
			</trkpt>
			<trkpt lat="45.36426" lon="2.97234">
				<ele>1215.15</ele>
				<time>2026-05-20T18:28:49.614Z</time>
			</trkpt>
			<trkpt lat="45.36371" lon="2.97193">
				<ele>1217.65</ele>
				<time>2026-05-20T18:28:54.837Z</time>
			</trkpt>
			<trkpt lat="45.36348" lon="2.97176">
				<ele>1220.15</ele>
				<time>2026-05-20T18:28:57.032Z</time>
			</trkpt>
			<trkpt lat="45.36339" lon="2.97162">
				<ele>1221.2</ele>
				<time>2026-05-20T18:28:58.165Z</time>
			</trkpt>
			<trkpt lat="45.36334" lon="2.97143">
				<ele>1221.07</ele>
				<time>2026-05-20T18:28:59.378Z</time>
			</trkpt>
			<trkpt lat="45.36326" lon="2.97127">
				<ele>1221.32</ele>
				<time>2026-05-20T18:29:00.556Z</time>
			</trkpt>
			<trkpt lat="45.36315" lon="2.97116">
				<ele>1222.03</ele>
				<time>2026-05-20T18:29:01.705Z</time>
			</trkpt>
			<trkpt lat="45.36288" lon="2.97093">
				<ele>1226.1</ele>
				<time>2026-05-20T18:29:04.405Z</time>
			</trkpt>
			<trkpt lat="45.36271" lon="2.97067">
				<ele>1229.59</ele>
				<time>2026-05-20T18:29:06.555Z</time>
			</trkpt>
			<trkpt lat="45.36263" lon="2.97052">
				<ele>1230.94</ele>
				<time>2026-05-20T18:29:07.699Z</time>
			</trkpt>
			<trkpt lat="45.3626" lon="2.97041">
				<ele>1231.15</ele>
				<time>2026-05-20T18:29:08.417Z</time>
			</trkpt>
			<trkpt lat="45.36253" lon="2.9704">
				<ele>1232.01</ele>
				<time>2026-05-20T18:29:09.026Z</time>
			</trkpt>
			<trkpt lat="45.36239" lon="2.9702">
				<ele>1232.22</ele>
				<time>2026-05-20T18:29:10.750Z</time>
			</trkpt>
			<trkpt lat="45.36209" lon="2.96984">
				<ele>1232.62</ele>
				<time>2026-05-20T18:29:14.174Z</time>
			</trkpt>
			<trkpt lat="45.3614" lon="2.96927">
				<ele>1235.05</ele>
				<time>2026-05-20T18:29:21.203Z</time>
			</trkpt>
			<trkpt lat="45.36131" lon="2.96916">
				<ele>1236.44</ele>
				<time>2026-05-20T18:29:22.255Z</time>
			</trkpt>
			<trkpt lat="45.36121" lon="2.96893">
				<ele>1237.32</ele>
				<time>2026-05-20T18:29:24.065Z</time>
			</trkpt>
			<trkpt lat="45.36117" lon="2.96876">
				<ele>1236.42</ele>
				<time>2026-05-20T18:29:25.233Z</time>
			</trkpt>
			<trkpt lat="45.36114" lon="2.96833">
				<ele>1232.8</ele>
				<time>2026-05-20T18:29:28.046Z</time>
			</trkpt>
			<trkpt lat="45.36105" lon="2.96772">
				<ele>1235.21</ele>
				<time>2026-05-20T18:29:32.097Z</time>
			</trkpt>
			<trkpt lat="45.36079" lon="2.96673">
				<ele>1237.55</ele>
				<time>2026-05-20T18:29:38.946Z</time>
			</trkpt>
			<trkpt lat="45.36062" lon="2.96638">
				<ele>1236.75</ele>
				<time>2026-05-20T18:29:41.697Z</time>
			</trkpt>
			<trkpt lat="45.36028" lon="2.9659">
				<ele>1240.45</ele>
				<time>2026-05-20T18:29:46.095Z</time>
			</trkpt>
			<trkpt lat="45.36022" lon="2.96576">
				<ele>1242.71</ele>
				<time>2026-05-20T18:29:47.152Z</time>
			</trkpt>
			<trkpt lat="45.36008" lon="2.9651">
				<ele>1247.31</ele>
				<time>2026-05-20T18:29:51.589Z</time>
			</trkpt>
			<trkpt lat="45.35993" lon="2.96472">
				<ele>1248.73</ele>
				<time>2026-05-20T18:29:54.389Z</time>
			</trkpt>
			<trkpt lat="45.35953" lon="2.96398">
				<ele>1251.56</ele>
				<time>2026-05-20T18:30:00.373Z</time>
			</trkpt>
			<trkpt lat="45.35941" lon="2.96372">
				<ele>1249.7</ele>
				<time>2026-05-20T18:30:02.363Z</time>
			</trkpt>
			<trkpt lat="45.35923" lon="2.96325">
				<ele>1247.06</ele>
				<time>2026-05-20T18:30:05.783Z</time>
			</trkpt>
			<trkpt lat="45.35906" lon="2.96257">
				<ele>1244.37</ele>
				<time>2026-05-20T18:30:10.384Z</time>
			</trkpt>
			<trkpt lat="45.35896" lon="2.96234">
				<ele>1243.04</ele>
				<time>2026-05-20T18:30:12.106Z</time>
			</trkpt>
			<trkpt lat="45.3589" lon="2.96231">
				<ele>1242.17</ele>
				<time>2026-05-20T18:30:12.682Z</time>
			</trkpt>
			<trkpt lat="45.35883" lon="2.96231">
				<ele>1241.42</ele>
				<time>2026-05-20T18:30:13.316Z</time>
			</trkpt>
			<trkpt lat="45.35868" lon="2.96237">
				<ele>1239.81</ele>
				<time>2026-05-20T18:30:14.725Z</time>
			</trkpt>
			<trkpt lat="45.35837" lon="2.9627">
				<ele>1236.7</ele>
				<time>2026-05-20T18:30:18.223Z</time>
			</trkpt>
			<trkpt lat="45.3583" lon="2.96273">
				<ele>1236.04</ele>
				<time>2026-05-20T18:30:18.883Z</time>
			</trkpt>
			<trkpt lat="45.35823" lon="2.96273">
				<ele>1235.74</ele>
				<time>2026-05-20T18:30:19.515Z</time>
			</trkpt>
			<trkpt lat="45.35816" lon="2.9627">
				<ele>1235.48</ele>
				<time>2026-05-20T18:30:20.174Z</time>
			</trkpt>
			<trkpt lat="45.35808" lon="2.96263">
				<ele>1235.16</ele>
				<time>2026-05-20T18:30:21.021Z</time>
			</trkpt>
			<trkpt lat="45.35793" lon="2.96245">
				<ele>1234.11</ele>
				<time>2026-05-20T18:30:22.789Z</time>
			</trkpt>
			<trkpt lat="45.35781" lon="2.96235">
				<ele>1233.29</ele>
				<time>2026-05-20T18:30:24.041Z</time>
			</trkpt>
			<trkpt lat="45.35734" lon="2.96201">
				<ele>1230.58</ele>
				<time>2026-05-20T18:30:28.781Z</time>
			</trkpt>
			<trkpt lat="45.35671" lon="2.96145">
				<ele>1232.1</ele>
				<time>2026-05-20T18:30:35.441Z</time>
			</trkpt>
			<trkpt lat="45.3564" lon="2.96103">
				<ele>1231</ele>
				<time>2026-05-20T18:30:39.269Z</time>
			</trkpt>
			<trkpt lat="45.35625" lon="2.96079">
				<ele>1230.84</ele>
				<time>2026-05-20T18:30:41.284Z</time>
			</trkpt>
			<trkpt lat="45.35602" lon="2.96035">
				<ele>1228.81</ele>
				<time>2026-05-20T18:30:44.720Z</time>
			</trkpt>
			<trkpt lat="45.35578" lon="2.95997">
				<ele>1231.67</ele>
				<time>2026-05-20T18:30:47.917Z</time>
			</trkpt>
			<trkpt lat="45.35563" lon="2.95964">
				<ele>1231.33</ele>
				<time>2026-05-20T18:30:50.372Z</time>
			</trkpt>
			<trkpt lat="45.35546" lon="2.95909">
				<ele>1230.42</ele>
				<time>2026-05-20T18:30:54.120Z</time>
			</trkpt>
			<trkpt lat="45.35537" lon="2.95888">
				<ele>1230.28</ele>
				<time>2026-05-20T18:30:55.653Z</time>
			</trkpt>
			<trkpt lat="45.35532" lon="2.95881">
				<ele>1230.2</ele>
				<time>2026-05-20T18:30:56.274Z</time>
			</trkpt>
			<trkpt lat="45.35503" lon="2.95858">
				<ele>1232.38</ele>
				<time>2026-05-20T18:30:59.213Z</time>
			</trkpt>
			<trkpt lat="45.35489" lon="2.95842">
				<ele>1234.1</ele>
				<time>2026-05-20T18:31:00.801Z</time>
			</trkpt>
			<trkpt lat="45.35472" lon="2.95793">
				<ele>1235.5</ele>
				<time>2026-05-20T18:31:04.193Z</time>
			</trkpt>
			<trkpt lat="45.35464" lon="2.95776">
				<ele>1236.32</ele>
				<time>2026-05-20T18:31:05.461Z</time>
			</trkpt>
			<trkpt lat="45.35445" lon="2.9575">
				<ele>1236.98</ele>
				<time>2026-05-20T18:31:07.785Z</time>
			</trkpt>
			<trkpt lat="45.3542" lon="2.95724">
				<ele>1236.2</ele>
				<time>2026-05-20T18:31:10.511Z</time>
			</trkpt>
			<trkpt lat="45.35409" lon="2.9571">
				<ele>1235.85</ele>
				<time>2026-05-20T18:31:11.809Z</time>
			</trkpt>
			<trkpt lat="45.35371" lon="2.95658">
				<ele>1235.14</ele>
				<time>2026-05-20T18:31:16.439Z</time>
			</trkpt>
			<trkpt lat="45.3536" lon="2.95637">
				<ele>1234.02</ele>
				<time>2026-05-20T18:31:18.053Z</time>
			</trkpt>
			<trkpt lat="45.35345" lon="2.9559">
				<ele>1234.51</ele>
				<time>2026-05-20T18:31:21.230Z</time>
			</trkpt>
			<trkpt lat="45.35333" lon="2.95567">
				<ele>1234.83</ele>
				<time>2026-05-20T18:31:22.991Z</time>
			</trkpt>
			<trkpt lat="45.35305" lon="2.95544">
				<ele>1237.18</ele>
				<time>2026-05-20T18:31:25.817Z</time>
			</trkpt>
			<trkpt lat="45.35301" lon="2.95537">
				<ele>1237.18</ele>
				<time>2026-05-20T18:31:26.370Z</time>
			</trkpt>
			<trkpt lat="45.35297" lon="2.95526">
				<ele>1236.83</ele>
				<time>2026-05-20T18:31:27.130Z</time>
			</trkpt>
			<trkpt lat="45.35294" lon="2.95498">
				<ele>1236.52</ele>
				<time>2026-05-20T18:31:28.866Z</time>
			</trkpt>
			<trkpt lat="45.35294" lon="2.95447">
				<ele>1236</ele>
				<time>2026-05-20T18:31:31.989Z</time>
			</trkpt>
			<trkpt lat="45.35289" lon="2.9541">
				<ele>1237.1</ele>
				<time>2026-05-20T18:31:34.293Z</time>
			</trkpt>
			<trkpt lat="45.35278" lon="2.95383">
				<ele>1237.75</ele>
				<time>2026-05-20T18:31:36.200Z</time>
			</trkpt>
			<trkpt lat="45.3526" lon="2.95352">
				<ele>1238.71</ele>
				<time>2026-05-20T18:31:38.654Z</time>
			</trkpt>
			<trkpt lat="45.35257" lon="2.95339">
				<ele>1238.97</ele>
				<time>2026-05-20T18:31:39.488Z</time>
			</trkpt>
			<trkpt lat="45.35255" lon="2.95288">
				<ele>1239.2</ele>
				<time>2026-05-20T18:31:42.600Z</time>
			</trkpt>
			<trkpt lat="45.35252" lon="2.95274">
				<ele>1239.71</ele>
				<time>2026-05-20T18:31:43.491Z</time>
			</trkpt>
			<trkpt lat="45.35243" lon="2.95251">
				<ele>1241.93</ele>
				<time>2026-05-20T18:31:45.092Z</time>
			</trkpt>
			<trkpt lat="45.35221" lon="2.95211">
				<ele>1242.03</ele>
				<time>2026-05-20T18:31:48.178Z</time>
			</trkpt>
			<trkpt lat="45.35185" lon="2.95162">
				<ele>1244.23</ele>
				<time>2026-05-20T18:31:52.478Z</time>
			</trkpt>
			<trkpt lat="45.3517" lon="2.95129">
				<ele>1244.31</ele>
				<time>2026-05-20T18:31:54.858Z</time>
			</trkpt>
			<trkpt lat="45.35163" lon="2.95121">
				<ele>1244.48</ele>
				<time>2026-05-20T18:31:55.631Z</time>
			</trkpt>
			<trkpt lat="45.35147" lon="2.9511">
				<ele>1244.97</ele>
				<time>2026-05-20T18:31:57.160Z</time>
			</trkpt>
			<trkpt lat="45.35136" lon="2.95106">
				<ele>1245.97</ele>
				<time>2026-05-20T18:31:58.137Z</time>
			</trkpt>
			<trkpt lat="45.35105" lon="2.95104">
				<ele>1250.56</ele>
				<time>2026-05-20T18:32:00.803Z</time>
			</trkpt>
			<trkpt lat="45.35089" lon="2.95095">
				<ele>1252.5</ele>
				<time>2026-05-20T18:32:02.281Z</time>
			</trkpt>
			<trkpt lat="45.35068" lon="2.95067">
				<ele>1253.5</ele>
				<time>2026-05-20T18:32:04.749Z</time>
			</trkpt>
			<trkpt lat="45.35053" lon="2.95051">
				<ele>1254.02</ele>
				<time>2026-05-20T18:32:06.355Z</time>
			</trkpt>
			<trkpt lat="45.34974" lon="2.94983">
				<ele>1259.69</ele>
				<time>2026-05-20T18:32:14.249Z</time>
			</trkpt>
			<trkpt lat="45.34957" lon="2.94963">
				<ele>1261.49</ele>
				<time>2026-05-20T18:32:16.131Z</time>
			</trkpt>
			<trkpt lat="45.34938" lon="2.94927">
				<ele>1262.06</ele>
				<time>2026-05-20T18:32:18.827Z</time>
			</trkpt>
			<trkpt lat="45.34897" lon="2.94864">
				<ele>1263.11</ele>
				<time>2026-05-20T18:32:23.959Z</time>
			</trkpt>
			<trkpt lat="45.3488" lon="2.94842">
				<ele>1263.72</ele>
				<time>2026-05-20T18:32:25.911Z</time>
			</trkpt>
			<trkpt lat="45.34868" lon="2.9483">
				<ele>1263.94</ele>
				<time>2026-05-20T18:32:27.155Z</time>
			</trkpt>
			<trkpt lat="45.34846" lon="2.94815">
				<ele>1264.35</ele>
				<time>2026-05-20T18:32:29.223Z</time>
			</trkpt>
			<trkpt lat="45.34824" lon="2.94808">
				<ele>1264.72</ele>
				<time>2026-05-20T18:32:31.133Z</time>
			</trkpt>
			<trkpt lat="45.34794" lon="2.94801">
				<ele>1265.56</ele>
				<time>2026-05-20T18:32:33.706Z</time>
			</trkpt>
			<trkpt lat="45.34739" lon="2.94771">
				<ele>1268.15</ele>
				<time>2026-05-20T18:32:38.681Z</time>
			</trkpt>
			<trkpt lat="45.34716" lon="2.9476">
				<ele>1268.78</ele>
				<time>2026-05-20T18:32:40.728Z</time>
			</trkpt>
			<trkpt lat="45.34676" lon="2.94744">
				<ele>1271.18</ele>
				<time>2026-05-20T18:32:44.228Z</time>
			</trkpt>
			<trkpt lat="45.34633" lon="2.94731">
				<ele>1271.84</ele>
				<time>2026-05-20T18:32:47.925Z</time>
			</trkpt>
			<trkpt lat="45.34603" lon="2.94717">
				<ele>1271.75</ele>
				<time>2026-05-20T18:32:50.576Z</time>
			</trkpt>
			<trkpt lat="45.34586" lon="2.94707">
				<ele>1271.28</ele>
				<time>2026-05-20T18:32:52.119Z</time>
			</trkpt>
			<trkpt lat="45.34547" lon="2.94677">
				<ele>1271.27</ele>
				<time>2026-05-20T18:32:55.834Z</time>
			</trkpt>
			<trkpt lat="45.34478" lon="2.94644">
				<ele>1276.65</ele>
				<time>2026-05-20T18:33:01.920Z</time>
			</trkpt>
			<trkpt lat="45.3444" lon="2.94608">
				<ele>1276.72</ele>
				<time>2026-05-20T18:33:05.729Z</time>
			</trkpt>
			<trkpt lat="45.3441" lon="2.94585">
				<ele>1274.06</ele>
				<time>2026-05-20T18:33:08.567Z</time>
			</trkpt>
			<trkpt lat="45.34394" lon="2.94575">
				<ele>1274.3</ele>
				<time>2026-05-20T18:33:10.021Z</time>
			</trkpt>
			<trkpt lat="45.34372" lon="2.94568">
				<ele>1274.96</ele>
				<time>2026-05-20T18:33:11.896Z</time>
			</trkpt>
			<trkpt lat="45.3436" lon="2.94567">
				<ele>1275.77</ele>
				<time>2026-05-20T18:33:12.895Z</time>
			</trkpt>
			<trkpt lat="45.34315" lon="2.94574">
				<ele>1279.89</ele>
				<time>2026-05-20T18:33:16.653Z</time>
			</trkpt>
			<trkpt lat="45.34299" lon="2.94569">
				<ele>1280.72</ele>
				<time>2026-05-20T18:33:18.012Z</time>
			</trkpt>
			<trkpt lat="45.34259" lon="2.9454">
				<ele>1281.57</ele>
				<time>2026-05-20T18:33:21.730Z</time>
			</trkpt>
			<trkpt lat="45.34234" lon="2.94525">
				<ele>1283.05</ele>
				<time>2026-05-20T18:33:23.974Z</time>
			</trkpt>
			<trkpt lat="45.34219" lon="2.94504">
				<ele>1283.28</ele>
				<time>2026-05-20T18:33:25.714Z</time>
			</trkpt>
			<trkpt lat="45.34206" lon="2.94492">
				<ele>1283.05</ele>
				<time>2026-05-20T18:33:26.994Z</time>
			</trkpt>
			<trkpt lat="45.34192" lon="2.94487">
				<ele>1283.68</ele>
				<time>2026-05-20T18:33:28.185Z</time>
			</trkpt>
			<trkpt lat="45.3416" lon="2.9448">
				<ele>1286.4</ele>
				<time>2026-05-20T18:33:30.856Z</time>
			</trkpt>
			<trkpt lat="45.34154" lon="2.94473">
				<ele>1286.89</ele>
				<time>2026-05-20T18:33:31.495Z</time>
			</trkpt>
			<trkpt lat="45.34136" lon="2.94446">
				<ele>1286.54</ele>
				<time>2026-05-20T18:33:33.650Z</time>
			</trkpt>
			<trkpt lat="45.34111" lon="2.94426">
				<ele>1288.6</ele>
				<time>2026-05-20T18:33:36.010Z</time>
			</trkpt>
			<trkpt lat="45.34105" lon="2.94411">
				<ele>1287.83</ele>
				<time>2026-05-20T18:33:37.007Z</time>
			</trkpt>
			<trkpt lat="45.341" lon="2.94381">
				<ele>1285.78</ele>
				<time>2026-05-20T18:33:38.788Z</time>
			</trkpt>
			<trkpt lat="45.34094" lon="2.9436">
				<ele>1284.73</ele>
				<time>2026-05-20T18:33:40.097Z</time>
			</trkpt>
			<trkpt lat="45.34054" lon="2.94306">
				<ele>1287.16</ele>
				<time>2026-05-20T18:33:44.620Z</time>
			</trkpt>
			<trkpt lat="45.34046" lon="2.943">
				<ele>1287.84</ele>
				<time>2026-05-20T18:33:45.361Z</time>
			</trkpt>
			<trkpt lat="45.34032" lon="2.94295">
				<ele>1289.48</ele>
				<time>2026-05-20T18:33:46.543Z</time>
			</trkpt>
			<trkpt lat="45.34008" lon="2.943">
				<ele>1291.35</ele>
				<time>2026-05-20T18:33:48.528Z</time>
			</trkpt>
			<trkpt lat="45.33996" lon="2.94294">
				<ele>1292.23</ele>
				<time>2026-05-20T18:33:49.569Z</time>
			</trkpt>
			<trkpt lat="45.3399" lon="2.94284">
				<ele>1292.65</ele>
				<time>2026-05-20T18:33:50.324Z</time>
			</trkpt>
			<trkpt lat="45.33987" lon="2.94271">
				<ele>1292.35</ele>
				<time>2026-05-20T18:33:51.110Z</time>
			</trkpt>
			<trkpt lat="45.33985" lon="2.94241">
				<ele>1289.73</ele>
				<time>2026-05-20T18:33:52.841Z</time>
			</trkpt>
			<trkpt lat="45.3398" lon="2.94206">
				<ele>1288</ele>
				<time>2026-05-20T18:33:54.890Z</time>
			</trkpt>
			<trkpt lat="45.33981" lon="2.94183">
				<ele>1287.67</ele>
				<time>2026-05-20T18:33:56.211Z</time>
			</trkpt>
			<trkpt lat="45.33988" lon="2.94149">
				<ele>1288.37</ele>
				<time>2026-05-20T18:33:58.241Z</time>
			</trkpt>
			<trkpt lat="45.3399" lon="2.94129">
				<ele>1289.42</ele>
				<time>2026-05-20T18:33:59.397Z</time>
			</trkpt>
			<trkpt lat="45.33981" lon="2.94105">
				<ele>1290.04</ele>
				<time>2026-05-20T18:34:00.954Z</time>
			</trkpt>
			<trkpt lat="45.33964" lon="2.94071">
				<ele>1291.73</ele>
				<time>2026-05-20T18:34:03.339Z</time>
			</trkpt>
			<trkpt lat="45.33959" lon="2.9405">
				<ele>1292.75</ele>
				<time>2026-05-20T18:34:04.606Z</time>
			</trkpt>
			<trkpt lat="45.33957" lon="2.94027">
				<ele>1293.46</ele>
				<time>2026-05-20T18:34:05.929Z</time>
			</trkpt>
			<trkpt lat="45.33958" lon="2.94001">
				<ele>1295.4</ele>
				<time>2026-05-20T18:34:07.415Z</time>
			</trkpt>
			<trkpt lat="45.33955" lon="2.93983">
				<ele>1296.23</ele>
				<time>2026-05-20T18:34:08.470Z</time>
			</trkpt>
			<trkpt lat="45.33942" lon="2.93967">
				<ele>1295.18</ele>
				<time>2026-05-20T18:34:09.865Z</time>
			</trkpt>
			<trkpt lat="45.33925" lon="2.93948">
				<ele>1294.03</ele>
				<time>2026-05-20T18:34:11.617Z</time>
			</trkpt>
			<trkpt lat="45.33891" lon="2.93922">
				<ele>1292.96</ele>
				<time>2026-05-20T18:34:14.742Z</time>
			</trkpt>
			<trkpt lat="45.33876" lon="2.939">
				<ele>1292.36</ele>
				<time>2026-05-20T18:34:16.485Z</time>
			</trkpt>
			<trkpt lat="45.33862" lon="2.93873">
				<ele>1292.63</ele>
				<time>2026-05-20T18:34:18.391Z</time>
			</trkpt>
			<trkpt lat="45.33836" lon="2.93806">
				<ele>1294.46</ele>
				<time>2026-05-20T18:34:22.734Z</time>
			</trkpt>
			<trkpt lat="45.33824" lon="2.93781">
				<ele>1293.93</ele>
				<time>2026-05-20T18:34:24.449Z</time>
			</trkpt>
			<trkpt lat="45.33801" lon="2.93751">
				<ele>1293.66</ele>
				<time>2026-05-20T18:34:26.963Z</time>
			</trkpt>
			<trkpt lat="45.33793" lon="2.93736">
				<ele>1293.88</ele>
				<time>2026-05-20T18:34:28.028Z</time>
			</trkpt>
			<trkpt lat="45.33785" lon="2.93711">
				<ele>1294.56</ele>
				<time>2026-05-20T18:34:29.582Z</time>
			</trkpt>
			<trkpt lat="45.33776" lon="2.93658">
				<ele>1295.9</ele>
				<time>2026-05-20T18:34:32.662Z</time>
			</trkpt>
			<trkpt lat="45.3377" lon="2.93642">
				<ele>1295.47</ele>
				<time>2026-05-20T18:34:33.686Z</time>
			</trkpt>
			<trkpt lat="45.33756" lon="2.93624">
				<ele>1294.5</ele>
				<time>2026-05-20T18:34:35.201Z</time>
			</trkpt>
			<trkpt lat="45.33732" lon="2.9358">
				<ele>1293.94</ele>
				<time>2026-05-20T18:34:38.341Z</time>
			</trkpt>
			<trkpt lat="45.33713" lon="2.93559">
				<ele>1294.39</ele>
				<time>2026-05-20T18:34:40.268Z</time>
			</trkpt>
			<trkpt lat="45.33696" lon="2.93546">
				<ele>1294.75</ele>
				<time>2026-05-20T18:34:41.814Z</time>
			</trkpt>
			<trkpt lat="45.33653" lon="2.93527">
				<ele>1292.56</ele>
				<time>2026-05-20T18:34:45.415Z</time>
			</trkpt>
			<trkpt lat="45.33612" lon="2.93499">
				<ele>1293.05</ele>
				<time>2026-05-20T18:34:49.048Z</time>
			</trkpt>
			<trkpt lat="45.33599" lon="2.93487">
				<ele>1291.32</ele>
				<time>2026-05-20T18:34:50.284Z</time>
			</trkpt>
			<trkpt lat="45.33584" lon="2.93463">
				<ele>1288.79</ele>
				<time>2026-05-20T18:34:52.084Z</time>
			</trkpt>
			<trkpt lat="45.33577" lon="2.93439">
				<ele>1286.94</ele>
				<time>2026-05-20T18:34:53.540Z</time>
			</trkpt>
			<trkpt lat="45.33574" lon="2.93418">
				<ele>1286.06</ele>
				<time>2026-05-20T18:34:54.740Z</time>
			</trkpt>
			<trkpt lat="45.33567" lon="2.93399">
				<ele>1285.93</ele>
				<time>2026-05-20T18:34:55.941Z</time>
			</trkpt>
			<trkpt lat="45.33559" lon="2.93387">
				<ele>1285.44</ele>
				<time>2026-05-20T18:34:56.866Z</time>
			</trkpt>
			<trkpt lat="45.33526" lon="2.93352">
				<ele>1281.88</ele>
				<time>2026-05-20T18:35:00.139Z</time>
			</trkpt>
			<trkpt lat="45.33487" lon="2.93253">
				<ele>1280.56</ele>
				<time>2026-05-20T18:35:06.472Z</time>
			</trkpt>
			<trkpt lat="45.33457" lon="2.93201">
				<ele>1277.79</ele>
				<time>2026-05-20T18:35:10.218Z</time>
			</trkpt>
			<trkpt lat="45.33435" lon="2.93138">
				<ele>1275.37</ele>
				<time>2026-05-20T18:35:14.130Z</time>
			</trkpt>
			<trkpt lat="45.33423" lon="2.93097">
				<ele>1274.69</ele>
				<time>2026-05-20T18:35:16.597Z</time>
			</trkpt>
			<trkpt lat="45.33422" lon="2.93077">
				<ele>1274.4</ele>
				<time>2026-05-20T18:35:17.711Z</time>
			</trkpt>
			<trkpt lat="45.33427" lon="2.9306">
				<ele>1274.04</ele>
				<time>2026-05-20T18:35:18.733Z</time>
			</trkpt>
			<trkpt lat="45.33449" lon="2.93028">
				<ele>1273.24</ele>
				<time>2026-05-20T18:35:21.215Z</time>
			</trkpt>
			<trkpt lat="45.33463" lon="2.92991">
				<ele>1270.16</ele>
				<time>2026-05-20T18:35:23.543Z</time>
			</trkpt>
			<trkpt lat="45.33506" lon="2.92937">
				<ele>1267.93</ele>
				<time>2026-05-20T18:35:28.058Z</time>
			</trkpt>
			<trkpt lat="45.33519" lon="2.92898">
				<ele>1266.08</ele>
				<time>2026-05-20T18:35:30.444Z</time>
			</trkpt>
			<trkpt lat="45.33528" lon="2.92883">
				<ele>1265.86</ele>
				<time>2026-05-20T18:35:31.533Z</time>
			</trkpt>
			<trkpt lat="45.33548" lon="2.92866">
				<ele>1266.11</ele>
				<time>2026-05-20T18:35:33.363Z</time>
			</trkpt>
			<trkpt lat="45.33556" lon="2.92855">
				<ele>1265.68</ele>
				<time>2026-05-20T18:35:34.236Z</time>
			</trkpt>
			<trkpt lat="45.33562" lon="2.92837">
				<ele>1265.12</ele>
				<time>2026-05-20T18:35:35.335Z</time>
			</trkpt>
			<trkpt lat="45.33573" lon="2.92788">
				<ele>1262.69</ele>
				<time>2026-05-20T18:35:38.170Z</time>
			</trkpt>
			<trkpt lat="45.33579" lon="2.92771">
				<ele>1261.7</ele>
				<time>2026-05-20T18:35:39.218Z</time>
			</trkpt>
			<trkpt lat="45.3359" lon="2.92755">
				<ele>1261.79</ele>
				<time>2026-05-20T18:35:40.450Z</time>
			</trkpt>
			<trkpt lat="45.33622" lon="2.92716">
				<ele>1264.01</ele>
				<time>2026-05-20T18:35:43.748Z</time>
			</trkpt>
			<trkpt lat="45.3363" lon="2.92701">
				<ele>1263.23</ele>
				<time>2026-05-20T18:35:44.783Z</time>
			</trkpt>
			<trkpt lat="45.33641" lon="2.92655">
				<ele>1258.96</ele>
				<time>2026-05-20T18:35:47.452Z</time>
			</trkpt>
			<trkpt lat="45.33647" lon="2.92641">
				<ele>1258.43</ele>
				<time>2026-05-20T18:35:48.352Z</time>
			</trkpt>
			<trkpt lat="45.33648" lon="2.9262">
				<ele>1258.06</ele>
				<time>2026-05-20T18:35:49.508Z</time>
			</trkpt>
			<trkpt lat="45.33636" lon="2.92567">
				<ele>1255.45</ele>
				<time>2026-05-20T18:35:52.561Z</time>
			</trkpt>
			<trkpt lat="45.33632" lon="2.92521">
				<ele>1252.41</ele>
				<time>2026-05-20T18:35:55.101Z</time>
			</trkpt>
			<trkpt lat="45.33633" lon="2.92502">
				<ele>1251.91</ele>
				<time>2026-05-20T18:35:56.144Z</time>
			</trkpt>
			<trkpt lat="45.33642" lon="2.92472">
				<ele>1253.01</ele>
				<time>2026-05-20T18:35:57.929Z</time>
			</trkpt>
			<trkpt lat="45.33646" lon="2.92456">
				<ele>1253.84</ele>
				<time>2026-05-20T18:35:58.858Z</time>
			</trkpt>
			<trkpt lat="45.33645" lon="2.92442">
				<ele>1253.57</ele>
				<time>2026-05-20T18:35:59.628Z</time>
			</trkpt>
			<trkpt lat="45.33633" lon="2.92399">
				<ele>1250.53</ele>
				<time>2026-05-20T18:36:02.157Z</time>
			</trkpt>
			<trkpt lat="45.33629" lon="2.92361">
				<ele>1247.64</ele>
				<time>2026-05-20T18:36:04.256Z</time>
			</trkpt>
			<trkpt lat="45.33627" lon="2.92329">
				<ele>1245.33</ele>
				<time>2026-05-20T18:36:06.009Z</time>
			</trkpt>
			<trkpt lat="45.3361" lon="2.92265">
				<ele>1241.98</ele>
				<time>2026-05-20T18:36:09.740Z</time>
			</trkpt>
			<trkpt lat="45.33591" lon="2.9221">
				<ele>1238.89</ele>
				<time>2026-05-20T18:36:13.078Z</time>
			</trkpt>
			<trkpt lat="45.33588" lon="2.92156">
				<ele>1236.54</ele>
				<time>2026-05-20T18:36:16.026Z</time>
			</trkpt>
			<trkpt lat="45.33571" lon="2.92119">
				<ele>1234.16</ele>
				<time>2026-05-20T18:36:18.429Z</time>
			</trkpt>
			<trkpt lat="45.33568" lon="2.92104">
				<ele>1234</ele>
				<time>2026-05-20T18:36:19.277Z</time>
			</trkpt>
			<trkpt lat="45.33573" lon="2.92055">
				<ele>1235.3</ele>
				<time>2026-05-20T18:36:21.966Z</time>
			</trkpt>
			<trkpt lat="45.33572" lon="2.92041">
				<ele>1235.23</ele>
				<time>2026-05-20T18:36:22.730Z</time>
			</trkpt>
			<trkpt lat="45.33565" lon="2.92024">
				<ele>1234.62</ele>
				<time>2026-05-20T18:36:23.799Z</time>
			</trkpt>
			<trkpt lat="45.33554" lon="2.92003">
				<ele>1233.06</ele>
				<time>2026-05-20T18:36:25.219Z</time>
			</trkpt>
			<trkpt lat="45.33531" lon="2.91991">
				<ele>1231.26</ele>
				<time>2026-05-20T18:36:27.109Z</time>
			</trkpt>
			<trkpt lat="45.33504" lon="2.91981">
				<ele>1230.17</ele>
				<time>2026-05-20T18:36:29.259Z</time>
			</trkpt>
			<trkpt lat="45.33492" lon="2.91965">
				<ele>1229.46</ele>
				<time>2026-05-20T18:36:30.526Z</time>
			</trkpt>
			<trkpt lat="45.33484" lon="2.91947">
				<ele>1228.87</ele>
				<time>2026-05-20T18:36:31.679Z</time>
			</trkpt>
			<trkpt lat="45.33479" lon="2.9193">
				<ele>1228.52</ele>
				<time>2026-05-20T18:36:32.676Z</time>
			</trkpt>
			<trkpt lat="45.33474" lon="2.91867">
				<ele>1226.39</ele>
				<time>2026-05-20T18:36:36.105Z</time>
			</trkpt>
			<trkpt lat="45.33466" lon="2.91816">
				<ele>1223.63</ele>
				<time>2026-05-20T18:36:38.928Z</time>
			</trkpt>
			<trkpt lat="45.33469" lon="2.91802">
				<ele>1222.5</ele>
				<time>2026-05-20T18:36:39.718Z</time>
			</trkpt>
			<trkpt lat="45.33474" lon="2.91792">
				<ele>1221.81</ele>
				<time>2026-05-20T18:36:40.381Z</time>
			</trkpt>
			<trkpt lat="45.33495" lon="2.91766">
				<ele>1220.54</ele>
				<time>2026-05-20T18:36:42.518Z</time>
			</trkpt>
			<trkpt lat="45.33511" lon="2.91735">
				<ele>1218.29</ele>
				<time>2026-05-20T18:36:44.592Z</time>
			</trkpt>
			<trkpt lat="45.33523" lon="2.91716">
				<ele>1216.35</ele>
				<time>2026-05-20T18:36:45.969Z</time>
			</trkpt>
			<trkpt lat="45.33534" lon="2.91704">
				<ele>1215.07</ele>
				<time>2026-05-20T18:36:47.031Z</time>
			</trkpt>
			<trkpt lat="45.3354" lon="2.917">
				<ele>1214.7</ele>
				<time>2026-05-20T18:36:47.539Z</time>
			</trkpt>
			<trkpt lat="45.3356" lon="2.91695">
				<ele>1214.14</ele>
				<time>2026-05-20T18:36:49.095Z</time>
			</trkpt>
			<trkpt lat="45.33577" lon="2.91688">
				<ele>1213.72</ele>
				<time>2026-05-20T18:36:50.450Z</time>
			</trkpt>
			<trkpt lat="45.33586" lon="2.91673">
				<ele>1213.45</ele>
				<time>2026-05-20T18:36:51.511Z</time>
			</trkpt>
			<trkpt lat="45.33591" lon="2.91649">
				<ele>1212.01</ele>
				<time>2026-05-20T18:36:52.857Z</time>
			</trkpt>
			<trkpt lat="45.33592" lon="2.916">
				<ele>1208.37</ele>
				<time>2026-05-20T18:36:55.493Z</time>
			</trkpt>
			<trkpt lat="45.33591" lon="2.91584">
				<ele>1207.2</ele>
				<time>2026-05-20T18:36:56.356Z</time>
			</trkpt>
			<trkpt lat="45.33583" lon="2.91558">
				<ele>1205.06</ele>
				<time>2026-05-20T18:36:57.880Z</time>
			</trkpt>
			<trkpt lat="45.33569" lon="2.91532">
				<ele>1203.6</ele>
				<time>2026-05-20T18:36:59.639Z</time>
			</trkpt>
			<trkpt lat="45.33563" lon="2.91514">
				<ele>1202.91</ele>
				<time>2026-05-20T18:37:00.708Z</time>
			</trkpt>
			<trkpt lat="45.33518" lon="2.91293">
				<ele>1192.7</ele>
				<time>2026-05-20T18:37:13.033Z</time>
			</trkpt>
			<trkpt lat="45.33516" lon="2.91272">
				<ele>1192.14</ele>
				<time>2026-05-20T18:37:14.167Z</time>
			</trkpt>
			<trkpt lat="45.33516" lon="2.91205">
				<ele>1189</ele>
				<time>2026-05-20T18:37:17.747Z</time>
			</trkpt>
			<trkpt lat="45.33505" lon="2.91074">
				<ele>1180.43</ele>
				<time>2026-05-20T18:37:24.787Z</time>
			</trkpt>
			<trkpt lat="45.33495" lon="2.91042">
				<ele>1179.45</ele>
				<time>2026-05-20T18:37:26.654Z</time>
			</trkpt>
			<trkpt lat="45.3347" lon="2.90983">
				<ele>1175.46</ele>
				<time>2026-05-20T18:37:30.323Z</time>
			</trkpt>
			<trkpt lat="45.33453" lon="2.90962">
				<ele>1175.43</ele>
				<time>2026-05-20T18:37:32.028Z</time>
			</trkpt>
			<trkpt lat="45.33426" lon="2.90944">
				<ele>1174.34</ele>
				<time>2026-05-20T18:37:34.284Z</time>
			</trkpt>
			<trkpt lat="45.33396" lon="2.90913">
				<ele>1172.15</ele>
				<time>2026-05-20T18:37:37.089Z</time>
			</trkpt>
			<trkpt lat="45.33379" lon="2.90874">
				<ele>1170.32</ele>
				<time>2026-05-20T18:37:39.527Z</time>
			</trkpt>
			<trkpt lat="45.33363" lon="2.90813">
				<ele>1169.1</ele>
				<time>2026-05-20T18:37:42.984Z</time>
			</trkpt>
			<trkpt lat="45.3336" lon="2.90788">
				<ele>1168.97</ele>
				<time>2026-05-20T18:37:44.330Z</time>
			</trkpt>
			<trkpt lat="45.33364" lon="2.90766">
				<ele>1169.07</ele>
				<time>2026-05-20T18:37:45.535Z</time>
			</trkpt>
			<trkpt lat="45.33337" lon="2.90697">
				<ele>1167.47</ele>
				<time>2026-05-20T18:37:49.722Z</time>
			</trkpt>
			<trkpt lat="45.33284" lon="2.90594">
				<ele>1163.8</ele>
				<time>2026-05-20T18:37:56.481Z</time>
			</trkpt>
			<trkpt lat="45.33253" lon="2.90517">
				<ele>1161.9</ele>
				<time>2026-05-20T18:38:01.173Z</time>
			</trkpt>
			<trkpt lat="45.33238" lon="2.90467">
				<ele>1161.65</ele>
				<time>2026-05-20T18:38:04.045Z</time>
			</trkpt>
			<trkpt lat="45.33242" lon="2.90418">
				<ele>1161.5</ele>
				<time>2026-05-20T18:38:06.650Z</time>
			</trkpt>
			<trkpt lat="45.33239" lon="2.90371">
				<ele>1160.78</ele>
				<time>2026-05-20T18:38:09.141Z</time>
			</trkpt>
			<trkpt lat="45.33246" lon="2.90303">
				<ele>1159.1</ele>
				<time>2026-05-20T18:38:12.765Z</time>
			</trkpt>
			<trkpt lat="45.33256" lon="2.90252">
				<ele>1160.26</ele>
				<time>2026-05-20T18:38:15.556Z</time>
			</trkpt>
			<trkpt lat="45.33258" lon="2.90212">
				<ele>1162.48</ele>
				<time>2026-05-20T18:38:17.669Z</time>
			</trkpt>
			<trkpt lat="45.33211" lon="2.90114">
				<ele>1153.89</ele>
				<time>2026-05-20T18:38:23.913Z</time>
			</trkpt>
			<trkpt lat="45.33201" lon="2.90063">
				<ele>1151.78</ele>
				<time>2026-05-20T18:38:26.698Z</time>
			</trkpt>
			<trkpt lat="45.3321" lon="2.89997">
				<ele>1146.42</ele>
				<time>2026-05-20T18:38:30.231Z</time>
			</trkpt>
			<trkpt lat="45.33239" lon="2.89955">
				<ele>1148</ele>
				<time>2026-05-20T18:38:33.323Z</time>
			</trkpt>
			<trkpt lat="45.33252" lon="2.899">
				<ele>1148.08</ele>
				<time>2026-05-20T18:38:36.369Z</time>
			</trkpt>
			<trkpt lat="45.33245" lon="2.89858">
				<ele>1145.64</ele>
				<time>2026-05-20T18:38:38.634Z</time>
			</trkpt>
			<trkpt lat="45.33201" lon="2.89723">
				<ele>1135.53</ele>
				<time>2026-05-20T18:38:46.435Z</time>
			</trkpt>
			<trkpt lat="45.33205" lon="2.89685">
				<ele>1136.48</ele>
				<time>2026-05-20T18:38:48.447Z</time>
			</trkpt>
			<trkpt lat="45.33209" lon="2.89628">
				<ele>1136.22</ele>
				<time>2026-05-20T18:38:51.446Z</time>
			</trkpt>
			<trkpt lat="45.33188" lon="2.89532">
				<ele>1131.62</ele>
				<time>2026-05-20T18:38:56.707Z</time>
			</trkpt>
			<trkpt lat="45.33148" lon="2.89429">
				<ele>1124.62</ele>
				<time>2026-05-20T18:39:02.858Z</time>
			</trkpt>
			<trkpt lat="45.33106" lon="2.89329">
				<ele>1119.4</ele>
				<time>2026-05-20T18:39:08.942Z</time>
			</trkpt>
			<trkpt lat="45.33064" lon="2.89248">
				<ele>1120.04</ele>
				<time>2026-05-20T18:39:14.194Z</time>
			</trkpt>
			<trkpt lat="45.33043" lon="2.89202">
				<ele>1118.12</ele>
				<time>2026-05-20T18:39:17.055Z</time>
			</trkpt>
			<trkpt lat="45.32999" lon="2.89144">
				<ele>1117.73</ele>
				<time>2026-05-20T18:39:21.503Z</time>
			</trkpt>
			<trkpt lat="45.32983" lon="2.89109">
				<ele>1116.25</ele>
				<time>2026-05-20T18:39:23.678Z</time>
			</trkpt>
			<trkpt lat="45.32979" lon="2.89089">
				<ele>1116.37</ele>
				<time>2026-05-20T18:39:24.762Z</time>
			</trkpt>
			<trkpt lat="45.32971" lon="2.89061">
				<ele>1115.97</ele>
				<time>2026-05-20T18:39:26.336Z</time>
			</trkpt>
			<trkpt lat="45.3296" lon="2.89042">
				<ele>1116.04</ele>
				<time>2026-05-20T18:39:27.618Z</time>
			</trkpt>
			<trkpt lat="45.32928" lon="2.88993">
				<ele>1114.79</ele>
				<time>2026-05-20T18:39:31.100Z</time>
			</trkpt>
			<trkpt lat="45.32903" lon="2.88962">
				<ele>1112.5</ele>
				<time>2026-05-20T18:39:33.555Z</time>
			</trkpt>
			<trkpt lat="45.32895" lon="2.88948">
				<ele>1111.78</ele>
				<time>2026-05-20T18:39:34.494Z</time>
			</trkpt>
			<trkpt lat="45.32884" lon="2.88917">
				<ele>1110.06</ele>
				<time>2026-05-20T18:39:36.300Z</time>
			</trkpt>
			<trkpt lat="45.32883" lon="2.88903">
				<ele>1109.51</ele>
				<time>2026-05-20T18:39:37.032Z</time>
			</trkpt>
			<trkpt lat="45.32898" lon="2.88862">
				<ele>1110.11</ele>
				<time>2026-05-20T18:39:39.436Z</time>
			</trkpt>
			<trkpt lat="45.32905" lon="2.88816">
				<ele>1108.5</ele>
				<time>2026-05-20T18:39:41.884Z</time>
			</trkpt>
			<trkpt lat="45.32902" lon="2.88772">
				<ele>1106.72</ele>
				<time>2026-05-20T18:39:44.182Z</time>
			</trkpt>
			<trkpt lat="45.32885" lon="2.88711">
				<ele>1104.08</ele>
				<time>2026-05-20T18:39:47.592Z</time>
			</trkpt>
			<trkpt lat="45.32862" lon="2.88657">
				<ele>1099.52</ele>
				<time>2026-05-20T18:39:50.872Z</time>
			</trkpt>
			<trkpt lat="45.32854" lon="2.88635">
				<ele>1098.51</ele>
				<time>2026-05-20T18:39:52.158Z</time>
			</trkpt>
			<trkpt lat="45.32852" lon="2.88616">
				<ele>1097.37</ele>
				<time>2026-05-20T18:39:53.156Z</time>
			</trkpt>
			<trkpt lat="45.32849" lon="2.88539">
				<ele>1091.58</ele>
				<time>2026-05-20T18:39:57.160Z</time>
			</trkpt>
			<trkpt lat="45.32852" lon="2.88512">
				<ele>1089.73</ele>
				<time>2026-05-20T18:39:58.579Z</time>
			</trkpt>
			<trkpt lat="45.32864" lon="2.8848">
				<ele>1087.22</ele>
				<time>2026-05-20T18:40:00.462Z</time>
			</trkpt>
			<trkpt lat="45.32889" lon="2.88436">
				<ele>1084.25</ele>
				<time>2026-05-20T18:40:03.398Z</time>
			</trkpt>
			<trkpt lat="45.32912" lon="2.8841">
				<ele>1082.06</ele>
				<time>2026-05-20T18:40:05.566Z</time>
			</trkpt>
			<trkpt lat="45.32948" lon="2.88382">
				<ele>1077.2</ele>
				<time>2026-05-20T18:40:08.593Z</time>
			</trkpt>
			<trkpt lat="45.32964" lon="2.88376">
				<ele>1076.51</ele>
				<time>2026-05-20T18:40:09.814Z</time>
			</trkpt>
			<trkpt lat="45.33008" lon="2.88375">
				<ele>1079.77</ele>
				<time>2026-05-20T18:40:13.060Z</time>
			</trkpt>
			<trkpt lat="45.33022" lon="2.8837">
				<ele>1080.4</ele>
				<time>2026-05-20T18:40:14.124Z</time>
			</trkpt>
			<trkpt lat="45.33032" lon="2.88356">
				<ele>1079.99</ele>
				<time>2026-05-20T18:40:15.159Z</time>
			</trkpt>
			<trkpt lat="45.33037" lon="2.88338">
				<ele>1080.28</ele>
				<time>2026-05-20T18:40:16.162Z</time>
			</trkpt>
			<trkpt lat="45.33033" lon="2.88319">
				<ele>1078.93</ele>
				<time>2026-05-20T18:40:17.190Z</time>
			</trkpt>
			<trkpt lat="45.33021" lon="2.88296">
				<ele>1074.65</ele>
				<time>2026-05-20T18:40:18.675Z</time>
			</trkpt>
			<trkpt lat="45.33017" lon="2.88283">
				<ele>1073.01</ele>
				<time>2026-05-20T18:40:19.410Z</time>
			</trkpt>
			<trkpt lat="45.33017" lon="2.88265">
				<ele>1072.46</ele>
				<time>2026-05-20T18:40:20.343Z</time>
			</trkpt>
			<trkpt lat="45.33033" lon="2.88212">
				<ele>1073.36</ele>
				<time>2026-05-20T18:40:23.332Z</time>
			</trkpt>
			<trkpt lat="45.33058" lon="2.88158">
				<ele>1068.7</ele>
				<time>2026-05-20T18:40:26.682Z</time>
			</trkpt>
			<trkpt lat="45.33077" lon="2.88124">
				<ele>1064.9</ele>
				<time>2026-05-20T18:40:28.932Z</time>
			</trkpt>
			<trkpt lat="45.33098" lon="2.88105">
				<ele>1063.91</ele>
				<time>2026-05-20T18:40:30.766Z</time>
			</trkpt>
			<trkpt lat="45.33122" lon="2.88089">
				<ele>1063.78</ele>
				<time>2026-05-20T18:40:32.719Z</time>
			</trkpt>
			<trkpt lat="45.33156" lon="2.88073">
				<ele>1063.24</ele>
				<time>2026-05-20T18:40:35.357Z</time>
			</trkpt>
			<trkpt lat="45.33205" lon="2.8807">
				<ele>1065.29</ele>
				<time>2026-05-20T18:40:38.970Z</time>
			</trkpt>
			<trkpt lat="45.33217" lon="2.88063">
				<ele>1065.31</ele>
				<time>2026-05-20T18:40:39.925Z</time>
			</trkpt>
			<trkpt lat="45.33223" lon="2.8805">
				<ele>1064.21</ele>
				<time>2026-05-20T18:40:40.730Z</time>
			</trkpt>
			<trkpt lat="45.33223" lon="2.88033">
				<ele>1064.12</ele>
				<time>2026-05-20T18:40:41.610Z</time>
			</trkpt>
			<trkpt lat="45.33218" lon="2.88017">
				<ele>1064.57</ele>
				<time>2026-05-20T18:40:42.517Z</time>
			</trkpt>
			<trkpt lat="45.33208" lon="2.88006">
				<ele>1064.32</ele>
				<time>2026-05-20T18:40:43.448Z</time>
			</trkpt>
			<trkpt lat="45.33191" lon="2.87997">
				<ele>1063.41</ele>
				<time>2026-05-20T18:40:44.784Z</time>
			</trkpt>
			<trkpt lat="45.33115" lon="2.87988">
				<ele>1062.98</ele>
				<time>2026-05-20T18:40:50.399Z</time>
			</trkpt>
			<trkpt lat="45.33038" lon="2.87958">
				<ele>1054.58</ele>
				<time>2026-05-20T18:40:56.277Z</time>
			</trkpt>
			<trkpt lat="45.33009" lon="2.87934">
				<ele>1050.04</ele>
				<time>2026-05-20T18:40:58.747Z</time>
			</trkpt>
			<trkpt lat="45.32992" lon="2.87908">
				<ele>1048.96</ele>
				<time>2026-05-20T18:41:00.585Z</time>
			</trkpt>
			<trkpt lat="45.3298" lon="2.87872">
				<ele>1049.16</ele>
				<time>2026-05-20T18:41:02.647Z</time>
			</trkpt>
			<trkpt lat="45.32954" lon="2.87773">
				<ele>1052.43</ele>
				<time>2026-05-20T18:41:08.116Z</time>
			</trkpt>
			<trkpt lat="45.32896" lon="2.87568">
				<ele>1051.01</ele>
				<time>2026-05-20T18:41:19.553Z</time>
			</trkpt>
			<trkpt lat="45.32857" lon="2.87452">
				<ele>1047.96</ele>
				<time>2026-05-20T18:41:26.209Z</time>
			</trkpt>
			<trkpt lat="45.32717" lon="2.87186">
				<ele>1031.3</ele>
				<time>2026-05-20T18:41:43.414Z</time>
			</trkpt>
			<trkpt lat="45.32697" lon="2.87109">
				<ele>1030.42</ele>
				<time>2026-05-20T18:41:47.667Z</time>
			</trkpt>
			<trkpt lat="45.32673" lon="2.87057">
				<ele>1028.97</ele>
				<time>2026-05-20T18:41:50.890Z</time>
			</trkpt>
			<trkpt lat="45.32643" lon="2.86955">
				<ele>1019.88</ele>
				<time>2026-05-20T18:41:56.620Z</time>
			</trkpt>
			<trkpt lat="45.32622" lon="2.86858">
				<ele>1015.57</ele>
				<time>2026-05-20T18:42:01.881Z</time>
			</trkpt>
			<trkpt lat="45.32597" lon="2.86642">
				<ele>1008.59</ele>
				<time>2026-05-20T18:42:13.237Z</time>
			</trkpt>
			<trkpt lat="45.32568" lon="2.8649">
				<ele>1000.92</ele>
				<time>2026-05-20T18:42:21.413Z</time>
			</trkpt>
			<trkpt lat="45.32541" lon="2.86387">
				<ele>992.92</ele>
				<time>2026-05-20T18:42:27.123Z</time>
			</trkpt>
			<trkpt lat="45.32534" lon="2.86376">
				<ele>991.51</ele>
				<time>2026-05-20T18:42:27.894Z</time>
			</trkpt>
			<trkpt lat="45.32513" lon="2.8636">
				<ele>992.52</ele>
				<time>2026-05-20T18:42:29.655Z</time>
			</trkpt>
			<trkpt lat="45.32502" lon="2.86345">
				<ele>993.43</ele>
				<time>2026-05-20T18:42:30.781Z</time>
			</trkpt>
			<trkpt lat="45.32494" lon="2.86325">
				<ele>993.8</ele>
				<time>2026-05-20T18:42:31.977Z</time>
			</trkpt>
			<trkpt lat="45.32484" lon="2.86289">
				<ele>991.73</ele>
				<time>2026-05-20T18:42:33.990Z</time>
			</trkpt>
			<trkpt lat="45.32475" lon="2.86266">
				<ele>990.75</ele>
				<time>2026-05-20T18:42:35.359Z</time>
			</trkpt>
			<trkpt lat="45.32454" lon="2.86231">
				<ele>990.65</ele>
				<time>2026-05-20T18:42:37.752Z</time>
			</trkpt>
			<trkpt lat="45.32344" lon="2.86113">
				<ele>989.76</ele>
				<time>2026-05-20T18:42:47.951Z</time>
			</trkpt>
			<trkpt lat="45.32336" lon="2.86105">
				<ele>989.75</ele>
				<time>2026-05-20T18:42:48.676Z</time>
			</trkpt>
			<trkpt lat="45.32328" lon="2.86101">
				<ele>989.79</ele>
				<time>2026-05-20T18:42:49.304Z</time>
			</trkpt>
			<trkpt lat="45.32318" lon="2.86099">
				<ele>989.87</ele>
				<time>2026-05-20T18:42:50.052Z</time>
			</trkpt>
			<trkpt lat="45.32307" lon="2.86101">
				<ele>990.49</ele>
				<time>2026-05-20T18:42:50.874Z</time>
			</trkpt>
			<trkpt lat="45.32294" lon="2.86106">
				<ele>990.86</ele>
				<time>2026-05-20T18:42:51.872Z</time>
			</trkpt>
			<trkpt lat="45.32221" lon="2.86156">
				<ele>1000.53</ele>
				<time>2026-05-20T18:42:57.879Z</time>
			</trkpt>
			<trkpt lat="45.32216" lon="2.86158">
				<ele>1001.93</ele>
				<time>2026-05-20T18:42:58.264Z</time>
			</trkpt>
			<trkpt lat="45.32197" lon="2.86155">
				<ele>1005.17</ele>
				<time>2026-05-20T18:42:59.682Z</time>
			</trkpt>
			<trkpt lat="45.32171" lon="2.8614">
				<ele>1006.66</ele>
				<time>2026-05-20T18:43:01.764Z</time>
			</trkpt>
			<trkpt lat="45.3215" lon="2.86133">
				<ele>1006.27</ele>
				<time>2026-05-20T18:43:03.365Z</time>
			</trkpt>
			<trkpt lat="45.32111" lon="2.86129">
				<ele>1008.68</ele>
				<time>2026-05-20T18:43:06.267Z</time>
			</trkpt>
			<trkpt lat="45.3209" lon="2.8612">
				<ele>1009.51</ele>
				<time>2026-05-20T18:43:07.896Z</time>
			</trkpt>
			<trkpt lat="45.32029" lon="2.86046">
				<ele>1013.01</ele>
				<time>2026-05-20T18:43:13.854Z</time>
			</trkpt>
			<trkpt lat="45.32008" lon="2.86029">
				<ele>1012.29</ele>
				<time>2026-05-20T18:43:15.650Z</time>
			</trkpt>
			<trkpt lat="45.31961" lon="2.86001">
				<ele>1010.08</ele>
				<time>2026-05-20T18:43:19.440Z</time>
			</trkpt>
			<trkpt lat="45.31942" lon="2.85993">
				<ele>1009.8</ele>
				<time>2026-05-20T18:43:20.915Z</time>
			</trkpt>
			<trkpt lat="45.31905" lon="2.85992">
				<ele>1014.54</ele>
				<time>2026-05-20T18:43:23.670Z</time>
			</trkpt>
			<trkpt lat="45.31893" lon="2.85984">
				<ele>1014.66</ele>
				<time>2026-05-20T18:43:24.656Z</time>
			</trkpt>
			<trkpt lat="45.31866" lon="2.85954">
				<ele>1012.83</ele>
				<time>2026-05-20T18:43:27.208Z</time>
			</trkpt>
			<trkpt lat="45.31845" lon="2.8594">
				<ele>1012.41</ele>
				<time>2026-05-20T18:43:28.936Z</time>
			</trkpt>
			<trkpt lat="45.3177" lon="2.85909">
				<ele>1011.32</ele>
				<time>2026-05-20T18:43:34.760Z</time>
			</trkpt>
			<trkpt lat="45.31722" lon="2.85903">
				<ele>1017.49</ele>
				<time>2026-05-20T18:43:38.355Z</time>
			</trkpt>
			<trkpt lat="45.31708" lon="2.85897">
				<ele>1020.06</ele>
				<time>2026-05-20T18:43:39.447Z</time>
			</trkpt>
			<trkpt lat="45.31694" lon="2.85883">
				<ele>1022.45</ele>
				<time>2026-05-20T18:43:40.724Z</time>
			</trkpt>
			<trkpt lat="45.31679" lon="2.85861">
				<ele>1022.75</ele>
				<time>2026-05-20T18:43:42.334Z</time>
			</trkpt>
			<trkpt lat="45.31649" lon="2.85791">
				<ele>1021.57</ele>
				<time>2026-05-20T18:43:46.641Z</time>
			</trkpt>
			<trkpt lat="45.31635" lon="2.85777">
				<ele>1022.32</ele>
				<time>2026-05-20T18:43:47.921Z</time>
			</trkpt>
			<trkpt lat="45.31625" lon="2.85775">
				<ele>1022.93</ele>
				<time>2026-05-20T18:43:48.676Z</time>
			</trkpt>
			<trkpt lat="45.31617" lon="2.85779">
				<ele>1024.4</ele>
				<time>2026-05-20T18:43:49.310Z</time>
			</trkpt>
			<trkpt lat="45.31575" lon="2.85817">
				<ele>1029.11</ele>
				<time>2026-05-20T18:43:53.035Z</time>
			</trkpt>
			<trkpt lat="45.31567" lon="2.8582">
				<ele>1029.67</ele>
				<time>2026-05-20T18:43:53.654Z</time>
			</trkpt>
			<trkpt lat="45.31554" lon="2.85814">
				<ele>1029.39</ele>
				<time>2026-05-20T18:43:54.678Z</time>
			</trkpt>
			<trkpt lat="45.31537" lon="2.85772">
				<ele>1024.46</ele>
				<time>2026-05-20T18:43:57.230Z</time>
			</trkpt>
			<trkpt lat="45.3151" lon="2.85733">
				<ele>1024.91</ele>
				<time>2026-05-20T18:44:00.114Z</time>
			</trkpt>
			<trkpt lat="45.31505" lon="2.85723">
				<ele>1024.93</ele>
				<time>2026-05-20T18:44:00.761Z</time>
			</trkpt>
			<trkpt lat="45.31502" lon="2.85694">
				<ele>1025.52</ele>
				<time>2026-05-20T18:44:02.306Z</time>
			</trkpt>
			<trkpt lat="45.31515" lon="2.85626">
				<ele>1026.82</ele>
				<time>2026-05-20T18:44:06.024Z</time>
			</trkpt>
			<trkpt lat="45.31514" lon="2.85571">
				<ele>1029.61</ele>
				<time>2026-05-20T18:44:08.928Z</time>
			</trkpt>
			<trkpt lat="45.31519" lon="2.85486">
				<ele>1033.97</ele>
				<time>2026-05-20T18:44:13.435Z</time>
			</trkpt>
			<trkpt lat="45.31528" lon="2.85433">
				<ele>1032.44</ele>
				<time>2026-05-20T18:44:16.318Z</time>
			</trkpt>
			<trkpt lat="45.31526" lon="2.85416">
				<ele>1032.17</ele>
				<time>2026-05-20T18:44:17.229Z</time>
			</trkpt>
			<trkpt lat="45.3152" lon="2.85404">
				<ele>1032.69</ele>
				<time>2026-05-20T18:44:18.008Z</time>
			</trkpt>
			<trkpt lat="45.31507" lon="2.85388">
				<ele>1034.4</ele>
				<time>2026-05-20T18:44:19.302Z</time>
			</trkpt>
			<trkpt lat="45.31484" lon="2.85371">
				<ele>1035.94</ele>
				<time>2026-05-20T18:44:21.254Z</time>
			</trkpt>
			<trkpt lat="45.31444" lon="2.85361">
				<ele>1035</ele>
				<time>2026-05-20T18:44:24.313Z</time>
			</trkpt>
			<trkpt lat="45.31357" lon="2.85297">
				<ele>1035.34</ele>
				<time>2026-05-20T18:44:31.700Z</time>
			</trkpt>
			<trkpt lat="45.31341" lon="2.85277">
				<ele>1034.72</ele>
				<time>2026-05-20T18:44:33.309Z</time>
			</trkpt>
			<trkpt lat="45.31333" lon="2.85259">
				<ele>1034.97</ele>
				<time>2026-05-20T18:44:34.440Z</time>
			</trkpt>
			<trkpt lat="45.3133" lon="2.8523">
				<ele>1035.25</ele>
				<time>2026-05-20T18:44:35.997Z</time>
			</trkpt>
			<trkpt lat="45.31336" lon="2.85131">
				<ele>1040.79</ele>
				<time>2026-05-20T18:44:41.281Z</time>
			</trkpt>
			<trkpt lat="45.31332" lon="2.85075">
				<ele>1043.11</ele>
				<time>2026-05-20T18:44:44.277Z</time>
			</trkpt>
			<trkpt lat="45.31315" lon="2.85011">
				<ele>1046.58</ele>
				<time>2026-05-20T18:44:47.921Z</time>
			</trkpt>
			<trkpt lat="45.31313" lon="2.8498">
				<ele>1047.94</ele>
				<time>2026-05-20T18:44:49.581Z</time>
			</trkpt>
			<trkpt lat="45.31329" lon="2.84896">
				<ele>1048.1</ele>
				<time>2026-05-20T18:44:54.223Z</time>
			</trkpt>
			<trkpt lat="45.31354" lon="2.84837">
				<ele>1049.09</ele>
				<time>2026-05-20T18:44:57.902Z</time>
			</trkpt>
			<trkpt lat="45.31371" lon="2.84741">
				<ele>1052.39</ele>
				<time>2026-05-20T18:45:03.196Z</time>
			</trkpt>
			<trkpt lat="45.31386" lon="2.8469">
				<ele>1052.27</ele>
				<time>2026-05-20T18:45:06.155Z</time>
			</trkpt>
			<trkpt lat="45.31385" lon="2.84649">
				<ele>1049.66</ele>
				<time>2026-05-20T18:45:08.353Z</time>
			</trkpt>
			<trkpt lat="45.3137" lon="2.84617">
				<ele>1047.03</ele>
				<time>2026-05-20T18:45:10.414Z</time>
			</trkpt>
			<trkpt lat="45.31353" lon="2.84606">
				<ele>1049.34</ele>
				<time>2026-05-20T18:45:11.839Z</time>
			</trkpt>
			<trkpt lat="45.31326" lon="2.84599">
				<ele>1054.38</ele>
				<time>2026-05-20T18:45:13.932Z</time>
			</trkpt>
			<trkpt lat="45.31315" lon="2.84576">
				<ele>1055.28</ele>
				<time>2026-05-20T18:45:15.426Z</time>
			</trkpt>
			<trkpt lat="45.31342" lon="2.84489">
				<ele>1054.06</ele>
				<time>2026-05-20T18:45:20.535Z</time>
			</trkpt>
			<trkpt lat="45.31344" lon="2.84455">
				<ele>1057.05</ele>
				<time>2026-05-20T18:45:22.370Z</time>
			</trkpt>
			<trkpt lat="45.3133" lon="2.84275">
				<ele>1060.64</ele>
				<time>2026-05-20T18:45:32.127Z</time>
			</trkpt>
			<trkpt lat="45.31307" lon="2.84044">
				<ele>1063.73</ele>
				<time>2026-05-20T18:45:44.738Z</time>
			</trkpt>
			<trkpt lat="45.31296" lon="2.83978">
				<ele>1065.14</ele>
				<time>2026-05-20T18:45:48.414Z</time>
			</trkpt>
			<trkpt lat="45.31259" lon="2.83819">
				<ele>1065.01</ele>
				<time>2026-05-20T18:45:57.508Z</time>
			</trkpt>
			<trkpt lat="45.30868" lon="2.82923">
				<ele>1055.56</ele>
				<time>2026-05-20T18:46:55.411Z</time>
			</trkpt>
			<trkpt lat="45.3083" lon="2.82834">
				<ele>1059.22</ele>
				<time>2026-05-20T18:47:01.194Z</time>
			</trkpt>
			<trkpt lat="45.30805" lon="2.82787">
				<ele>1062.67</ele>
				<time>2026-05-20T18:47:04.472Z</time>
			</trkpt>
			<trkpt lat="45.30793" lon="2.82773">
				<ele>1063.35</ele>
				<time>2026-05-20T18:47:05.701Z</time>
			</trkpt>
			<trkpt lat="45.30779" lon="2.82756">
				<ele>1063.87</ele>
				<time>2026-05-20T18:47:07.159Z</time>
			</trkpt>
			<trkpt lat="45.30776" lon="2.82742">
				<ele>1064.05</ele>
				<time>2026-05-20T18:47:07.975Z</time>
			</trkpt>
			<trkpt lat="45.30719" lon="2.82721">
				<ele>1065.08</ele>
				<time>2026-05-20T18:47:12.645Z</time>
			</trkpt>
			<trkpt lat="45.30691" lon="2.82718">
				<ele>1066</ele>
				<time>2026-05-20T18:47:14.875Z</time>
			</trkpt>
			<trkpt lat="45.30677" lon="2.82719">
				<ele>1066</ele>
				<time>2026-05-20T18:47:15.990Z</time>
			</trkpt>
			<trkpt lat="45.30651" lon="2.82726">
				<ele>1066.55</ele>
				<time>2026-05-20T18:47:18.094Z</time>
			</trkpt>
			<trkpt lat="45.3062" lon="2.82736">
				<ele>1066.67</ele>
				<time>2026-05-20T18:47:20.624Z</time>
			</trkpt>
			<trkpt lat="45.30578" lon="2.82781">
				<ele>1068.19</ele>
				<time>2026-05-20T18:47:24.814Z</time>
			</trkpt>
			<trkpt lat="45.30567" lon="2.82796">
				<ele>1068.97</ele>
				<time>2026-05-20T18:47:26.029Z</time>
			</trkpt>
			<trkpt lat="45.30559" lon="2.82803">
				<ele>1069.63</ele>
				<time>2026-05-20T18:47:26.777Z</time>
			</trkpt>
			<trkpt lat="45.30497" lon="2.82825">
				<ele>1071.87</ele>
				<time>2026-05-20T18:47:31.868Z</time>
			</trkpt>
			<trkpt lat="45.30457" lon="2.82835">
				<ele>1071.03</ele>
				<time>2026-05-20T18:47:35.102Z</time>
			</trkpt>
			<trkpt lat="45.30443" lon="2.82834">
				<ele>1071.08</ele>
				<time>2026-05-20T18:47:36.218Z</time>
			</trkpt>
			<trkpt lat="45.30403" lon="2.82818">
				<ele>1070.63</ele>
				<time>2026-05-20T18:47:39.527Z</time>
			</trkpt>
			<trkpt lat="45.30296" lon="2.82755">
				<ele>1063.02</ele>
				<time>2026-05-20T18:47:48.746Z</time>
			</trkpt>
			<trkpt lat="45.30283" lon="2.82754">
				<ele>1061.23</ele>
				<time>2026-05-20T18:47:49.782Z</time>
			</trkpt>
			<trkpt lat="45.30269" lon="2.82759">
				<ele>1060.03</ele>
				<time>2026-05-20T18:47:50.930Z</time>
			</trkpt>
			<trkpt lat="45.30256" lon="2.82776">
				<ele>1059.17</ele>
				<time>2026-05-20T18:47:52.336Z</time>
			</trkpt>
			<trkpt lat="45.30248" lon="2.82792">
				<ele>1058.28</ele>
				<time>2026-05-20T18:47:53.435Z</time>
			</trkpt>
			<trkpt lat="45.30243" lon="2.8281">
				<ele>1057.84</ele>
				<time>2026-05-20T18:47:54.518Z</time>
			</trkpt>
			<trkpt lat="45.3023" lon="2.82913">
				<ele>1054.33</ele>
				<time>2026-05-20T18:48:00.373Z</time>
			</trkpt>
			<trkpt lat="45.30215" lon="2.83007">
				<ele>1053.17</ele>
				<time>2026-05-20T18:48:05.766Z</time>
			</trkpt>
			<trkpt lat="45.3021" lon="2.83029">
				<ele>1053.92</ele>
				<time>2026-05-20T18:48:07.059Z</time>
			</trkpt>
			<trkpt lat="45.30202" lon="2.8305">
				<ele>1053.34</ele>
				<time>2026-05-20T18:48:08.395Z</time>
			</trkpt>
			<trkpt lat="45.30122" lon="2.83177">
				<ele>1047.18</ele>
				<time>2026-05-20T18:48:17.931Z</time>
			</trkpt>
			<trkpt lat="45.30111" lon="2.83187">
				<ele>1046.52</ele>
				<time>2026-05-20T18:48:18.969Z</time>
			</trkpt>
			<trkpt lat="45.30102" lon="2.83189">
				<ele>1048.95</ele>
				<time>2026-05-20T18:48:19.693Z</time>
			</trkpt>
			<trkpt lat="45.30089" lon="2.83189">
				<ele>1052.08</ele>
				<time>2026-05-20T18:48:20.727Z</time>
			</trkpt>
			<trkpt lat="45.30081" lon="2.83182">
				<ele>1054.87</ele>
				<time>2026-05-20T18:48:21.474Z</time>
			</trkpt>
			<trkpt lat="45.30072" lon="2.8317">
				<ele>1061.36</ele>
				<time>2026-05-20T18:48:22.455Z</time>
			</trkpt>
			<trkpt lat="45.30066" lon="2.83138">
				<ele>1063.85</ele>
				<time>2026-05-20T18:48:24.307Z</time>
			</trkpt>
			<trkpt lat="45.30064" lon="2.83095">
				<ele>1063.52</ele>
				<time>2026-05-20T18:48:26.716Z</time>
			</trkpt>
			<trkpt lat="45.30069" lon="2.83054">
				<ele>1060</ele>
				<time>2026-05-20T18:48:29.043Z</time>
			</trkpt>
			<trkpt lat="45.30078" lon="2.83012">
				<ele>1059.34</ele>
				<time>2026-05-20T18:48:31.498Z</time>
			</trkpt>
			<trkpt lat="45.30085" lon="2.82969">
				<ele>1058.71</ele>
				<time>2026-05-20T18:48:33.966Z</time>
			</trkpt>
			<trkpt lat="45.30083" lon="2.82949">
				<ele>1059.92</ele>
				<time>2026-05-20T18:48:35.095Z</time>
			</trkpt>
			<trkpt lat="45.30077" lon="2.82924">
				<ele>1059.59</ele>
				<time>2026-05-20T18:48:36.572Z</time>
			</trkpt>
			<trkpt lat="45.30035" lon="2.82827">
				<ele>1055.82</ele>
				<time>2026-05-20T18:48:42.940Z</time>
			</trkpt>
			<trkpt lat="45.29997" lon="2.82744">
				<ele>1056.22</ele>
				<time>2026-05-20T18:48:48.477Z</time>
			</trkpt>
			<trkpt lat="45.29991" lon="2.82704">
				<ele>1055.82</ele>
				<time>2026-05-20T18:48:50.764Z</time>
			</trkpt>
			<trkpt lat="45.29994" lon="2.82683">
				<ele>1054.52</ele>
				<time>2026-05-20T18:48:51.962Z</time>
			</trkpt>
			<trkpt lat="45.30003" lon="2.82654">
				<ele>1051.88</ele>
				<time>2026-05-20T18:48:53.734Z</time>
			</trkpt>
			<trkpt lat="45.30007" lon="2.82633">
				<ele>1050.14</ele>
				<time>2026-05-20T18:48:54.950Z</time>
			</trkpt>
			<trkpt lat="45.30005" lon="2.82606">
				<ele>1049.24</ele>
				<time>2026-05-20T18:48:56.468Z</time>
			</trkpt>
			<trkpt lat="45.29855" lon="2.82016">
				<ele>1049</ele>
				<time>2026-05-20T18:49:31.551Z</time>
			</trkpt>
			<trkpt lat="45.29826" lon="2.81932">
				<ele>1047.04</ele>
				<time>2026-05-20T18:49:36.786Z</time>
			</trkpt>
			<trkpt lat="45.29774" lon="2.81808">
				<ele>1055.13</ele>
				<time>2026-05-20T18:49:44.865Z</time>
			</trkpt>
			<trkpt lat="45.2977" lon="2.81788">
				<ele>1054.54</ele>
				<time>2026-05-20T18:49:46.029Z</time>
			</trkpt>
			<trkpt lat="45.29773" lon="2.81728">
				<ele>1048.31</ele>
				<time>2026-05-20T18:49:49.396Z</time>
			</trkpt>
			<trkpt lat="45.29773" lon="2.81703">
				<ele>1048.26</ele>
				<time>2026-05-20T18:49:50.795Z</time>
			</trkpt>
			<trkpt lat="45.29759" lon="2.81608">
				<ele>1055.16</ele>
				<time>2026-05-20T18:49:56.230Z</time>
			</trkpt>
			<trkpt lat="45.2976" lon="2.81584">
				<ele>1057.4</ele>
				<time>2026-05-20T18:49:57.576Z</time>
			</trkpt>
			<trkpt lat="45.29771" lon="2.81505">
				<ele>1055.07</ele>
				<time>2026-05-20T18:50:02.087Z</time>
			</trkpt>
			<trkpt lat="45.29784" lon="2.8144">
				<ele>1052.23</ele>
				<time>2026-05-20T18:50:05.872Z</time>
			</trkpt>
			<trkpt lat="45.29793" lon="2.81381">
				<ele>1055.79</ele>
				<time>2026-05-20T18:50:09.255Z</time>
			</trkpt>
			<trkpt lat="45.29797" lon="2.81325">
				<ele>1056.43</ele>
				<time>2026-05-20T18:50:12.409Z</time>
			</trkpt>
			<trkpt lat="45.29797" lon="2.8126">
				<ele>1056.07</ele>
				<time>2026-05-20T18:50:16.052Z</time>
			</trkpt>
			<trkpt lat="45.29791" lon="2.81175">
				<ele>1054.54</ele>
				<time>2026-05-20T18:50:20.842Z</time>
			</trkpt>
			<trkpt lat="45.2979" lon="2.81152">
				<ele>1053.42</ele>
				<time>2026-05-20T18:50:22.134Z</time>
			</trkpt>
			<trkpt lat="45.29795" lon="2.81061">
				<ele>1044.14</ele>
				<time>2026-05-20T18:50:27.253Z</time>
			</trkpt>
			<trkpt lat="45.29793" lon="2.81005">
				<ele>1042.91</ele>
				<time>2026-05-20T18:50:30.399Z</time>
			</trkpt>
			<trkpt lat="45.2979" lon="2.8097">
				<ele>1044.16</ele>
				<time>2026-05-20T18:50:32.378Z</time>
			</trkpt>
			<trkpt lat="45.29779" lon="2.80929">
				<ele>1043.78</ele>
				<time>2026-05-20T18:50:34.840Z</time>
			</trkpt>
			<trkpt lat="45.29762" lon="2.80898">
				<ele>1043.04</ele>
				<time>2026-05-20T18:50:37.047Z</time>
			</trkpt>
			<trkpt lat="45.29749" lon="2.80882">
				<ele>1043.59</ele>
				<time>2026-05-20T18:50:38.419Z</time>
			</trkpt>
			<trkpt lat="45.29731" lon="2.80873">
				<ele>1043.9</ele>
				<time>2026-05-20T18:50:39.942Z</time>
			</trkpt>
			<trkpt lat="45.29706" lon="2.80867">
				<ele>1044.37</ele>
				<time>2026-05-20T18:50:41.966Z</time>
			</trkpt>
			<trkpt lat="45.29581" lon="2.80897">
				<ele>1048.88</ele>
				<time>2026-05-20T18:50:52.091Z</time>
			</trkpt>
			<trkpt lat="45.2955" lon="2.80885">
				<ele>1047.79</ele>
				<time>2026-05-20T18:50:54.658Z</time>
			</trkpt>
			<trkpt lat="45.29528" lon="2.80873">
				<ele>1046.9</ele>
				<time>2026-05-20T18:50:56.541Z</time>
			</trkpt>
			<trkpt lat="45.29511" lon="2.80861">
				<ele>1046.6</ele>
				<time>2026-05-20T18:50:58.059Z</time>
			</trkpt>
			<trkpt lat="45.29497" lon="2.80843">
				<ele>1045.03</ele>
				<time>2026-05-20T18:50:59.568Z</time>
			</trkpt>
			<trkpt lat="45.29487" lon="2.80825">
				<ele>1042.94</ele>
				<time>2026-05-20T18:51:00.858Z</time>
			</trkpt>
			<trkpt lat="45.29478" lon="2.80798">
				<ele>1040.24</ele>
				<time>2026-05-20T18:51:02.539Z</time>
			</trkpt>
			<trkpt lat="45.29475" lon="2.80771">
				<ele>1038.64</ele>
				<time>2026-05-20T18:51:04.077Z</time>
			</trkpt>
			<trkpt lat="45.29474" lon="2.80715">
				<ele>1035.53</ele>
				<time>2026-05-20T18:51:07.229Z</time>
			</trkpt>
			<trkpt lat="45.29472" lon="2.80671">
				<ele>1034.11</ele>
				<time>2026-05-20T18:51:09.711Z</time>
			</trkpt>
			<trkpt lat="45.29466" lon="2.80632">
				<ele>1032.71</ele>
				<time>2026-05-20T18:51:11.959Z</time>
			</trkpt>
			<trkpt lat="45.29451" lon="2.80597">
				<ele>1030.88</ele>
				<time>2026-05-20T18:51:14.267Z</time>
			</trkpt>
			<trkpt lat="45.29396" lon="2.80516">
				<ele>1023.9</ele>
				<time>2026-05-20T18:51:20.610Z</time>
			</trkpt>
			<trkpt lat="45.29314" lon="2.80429">
				<ele>1022.22</ele>
				<time>2026-05-20T18:51:28.811Z</time>
			</trkpt>
			<trkpt lat="45.29268" lon="2.80393">
				<ele>1022.93</ele>
				<time>2026-05-20T18:51:33.022Z</time>
			</trkpt>
			<trkpt lat="45.29256" lon="2.80376">
				<ele>1022.97</ele>
				<time>2026-05-20T18:51:34.382Z</time>
			</trkpt>
			<trkpt lat="45.2924" lon="2.80343">
				<ele>1022.4</ele>
				<time>2026-05-20T18:51:36.644Z</time>
			</trkpt>
			<trkpt lat="45.29223" lon="2.80324">
				<ele>1022.54</ele>
				<time>2026-05-20T18:51:38.380Z</time>
			</trkpt>
			<trkpt lat="45.29186" lon="2.80308">
				<ele>1022.85</ele>
				<time>2026-05-20T18:51:41.485Z</time>
			</trkpt>
			<trkpt lat="45.29127" lon="2.80293">
				<ele>1021.15</ele>
				<time>2026-05-20T18:51:46.300Z</time>
			</trkpt>
			<trkpt lat="45.29054" lon="2.8024">
				<ele>1022.1</ele>
				<time>2026-05-20T18:51:52.889Z</time>
			</trkpt>
			<trkpt lat="45.29023" lon="2.80209">
				<ele>1022.5</ele>
				<time>2026-05-20T18:51:55.937Z</time>
			</trkpt>
			<trkpt lat="45.29002" lon="2.80179">
				<ele>1023.57</ele>
				<time>2026-05-20T18:51:58.333Z</time>
			</trkpt>
			<trkpt lat="45.28931" lon="2.80046">
				<ele>1027.68</ele>
				<time>2026-05-20T18:52:07.790Z</time>
			</trkpt>
			<trkpt lat="45.28912" lon="2.80022">
				<ele>1029.24</ele>
				<time>2026-05-20T18:52:09.838Z</time>
			</trkpt>
			<trkpt lat="45.2889" lon="2.79998">
				<ele>1030.7</ele>
				<time>2026-05-20T18:52:12.074Z</time>
			</trkpt>
			<trkpt lat="45.28769" lon="2.79909">
				<ele>1041.95</ele>
				<time>2026-05-20T18:52:23.066Z</time>
			</trkpt>
			<trkpt lat="45.28723" lon="2.79866">
				<ele>1046.62</ele>
				<time>2026-05-20T18:52:27.512Z</time>
			</trkpt>
			<trkpt lat="45.28681" lon="2.79801">
				<ele>1045.6</ele>
				<time>2026-05-20T18:52:32.531Z</time>
			</trkpt>
			<trkpt lat="45.28641" lon="2.79712">
				<ele>1045.18</ele>
				<time>2026-05-20T18:52:38.541Z</time>
			</trkpt>
			<trkpt lat="45.28552" lon="2.79505">
				<ele>1035.94</ele>
				<time>2026-05-20T18:52:52.369Z</time>
			</trkpt>
			<trkpt lat="45.2855" lon="2.79492">
				<ele>1034.94</ele>
				<time>2026-05-20T18:52:53.129Z</time>
			</trkpt>
			<trkpt lat="45.28551" lon="2.79478">
				<ele>1035.56</ele>
				<time>2026-05-20T18:52:53.932Z</time>
			</trkpt>
			<trkpt lat="45.28566" lon="2.79436">
				<ele>1039.55</ele>
				<time>2026-05-20T18:52:56.621Z</time>
			</trkpt>
			<trkpt lat="45.28567" lon="2.79415">
				<ele>1040.1</ele>
				<time>2026-05-20T18:52:57.823Z</time>
			</trkpt>
			<trkpt lat="45.28563" lon="2.79388">
				<ele>1039.66</ele>
				<time>2026-05-20T18:52:59.399Z</time>
			</trkpt>
			<trkpt lat="45.28538" lon="2.79352">
				<ele>1033.63</ele>
				<time>2026-05-20T18:53:02.290Z</time>
			</trkpt>
			<trkpt lat="45.28509" lon="2.7928">
				<ele>1032.16</ele>
				<time>2026-05-20T18:53:07.034Z</time>
			</trkpt>
			<trkpt lat="45.28457" lon="2.79183">
				<ele>1024.12</ele>
				<time>2026-05-20T18:53:14.014Z</time>
			</trkpt>
			<trkpt lat="45.28397" lon="2.79048">
				<ele>1014.19</ele>
				<time>2026-05-20T18:53:23.167Z</time>
			</trkpt>
			<trkpt lat="45.28387" lon="2.79007">
				<ele>1014.14</ele>
				<time>2026-05-20T18:53:25.657Z</time>
			</trkpt>
			<trkpt lat="45.28383" lon="2.78971">
				<ele>1013.94</ele>
				<time>2026-05-20T18:53:27.749Z</time>
			</trkpt>
			<trkpt lat="45.28389" lon="2.78923">
				<ele>1008.63</ele>
				<time>2026-05-20T18:53:30.549Z</time>
			</trkpt>
			<trkpt lat="45.28424" lon="2.78676">
				<ele>996.46</ele>
				<time>2026-05-20T18:53:45.043Z</time>
			</trkpt>
			<trkpt lat="45.28424" lon="2.7862">
				<ele>980.28</ele>
				<time>2026-05-20T18:53:48.270Z</time>
			</trkpt>
			<trkpt lat="45.28432" lon="2.78585">
				<ele>977.66</ele>
				<time>2026-05-20T18:53:50.392Z</time>
			</trkpt>
			<trkpt lat="45.28474" lon="2.78507">
				<ele>976.45</ele>
				<time>2026-05-20T18:53:56.059Z</time>
			</trkpt>
			<trkpt lat="45.2848" lon="2.78492">
				<ele>974.7</ele>
				<time>2026-05-20T18:53:57.055Z</time>
			</trkpt>
			<trkpt lat="45.2849" lon="2.78447">
				<ele>970.51</ele>
				<time>2026-05-20T18:53:59.781Z</time>
			</trkpt>
			<trkpt lat="45.28495" lon="2.7843">
				<ele>970.19</ele>
				<time>2026-05-20T18:54:00.845Z</time>
			</trkpt>
			<trkpt lat="45.28517" lon="2.78395">
				<ele>970</ele>
				<time>2026-05-20T18:54:03.558Z</time>
			</trkpt>
			<trkpt lat="45.28549" lon="2.78357">
				<ele>969.05</ele>
				<time>2026-05-20T18:54:06.986Z</time>
			</trkpt>
			<trkpt lat="45.2857" lon="2.783">
				<ele>962.55</ele>
				<time>2026-05-20T18:54:10.710Z</time>
			</trkpt>
			<trkpt lat="45.28594" lon="2.78255">
				<ele>960.79</ele>
				<time>2026-05-20T18:54:13.980Z</time>
			</trkpt>
			<trkpt lat="45.28599" lon="2.78243">
				<ele>960</ele>
				<time>2026-05-20T18:54:14.789Z</time>
			</trkpt>
			<trkpt lat="45.28602" lon="2.78228">
				<ele>958.17</ele>
				<time>2026-05-20T18:54:15.692Z</time>
			</trkpt>
			<trkpt lat="45.28602" lon="2.78215">
				<ele>956.06</ele>
				<time>2026-05-20T18:54:16.446Z</time>
			</trkpt>
			<trkpt lat="45.28596" lon="2.78202">
				<ele>953.65</ele>
				<time>2026-05-20T18:54:17.347Z</time>
			</trkpt>
			<trkpt lat="45.28586" lon="2.78194">
				<ele>951.32</ele>
				<time>2026-05-20T18:54:18.293Z</time>
			</trkpt>
			<trkpt lat="45.28574" lon="2.78188">
				<ele>949.04</ele>
				<time>2026-05-20T18:54:19.342Z</time>
			</trkpt>
			<trkpt lat="45.28562" lon="2.78188">
				<ele>947.95</ele>
				<time>2026-05-20T18:54:20.331Z</time>
			</trkpt>
			<trkpt lat="45.28548" lon="2.78195">
				<ele>947.7</ele>
				<time>2026-05-20T18:54:21.555Z</time>
			</trkpt>
			<trkpt lat="45.28534" lon="2.7821">
				<ele>947.18</ele>
				<time>2026-05-20T18:54:23.001Z</time>
			</trkpt>
			<trkpt lat="45.28476" lon="2.78284">
				<ele>942.2</ele>
				<time>2026-05-20T18:54:29.437Z</time>
			</trkpt>
			<trkpt lat="45.28456" lon="2.78297">
				<ele>938.23</ele>
				<time>2026-05-20T18:54:31.254Z</time>
			</trkpt>
			<trkpt lat="45.28414" lon="2.78313">
				<ele>933.01</ele>
				<time>2026-05-20T18:54:34.850Z</time>
			</trkpt>
			<trkpt lat="45.28381" lon="2.78331">
				<ele>931.36</ele>
				<time>2026-05-20T18:54:37.775Z</time>
			</trkpt>
			<trkpt lat="45.28358" lon="2.7836">
				<ele>928.18</ele>
				<time>2026-05-20T18:54:40.320Z</time>
			</trkpt>
			<trkpt lat="45.28339" lon="2.78372">
				<ele>924.35</ele>
				<time>2026-05-20T18:54:42.043Z</time>
			</trkpt>
			<trkpt lat="45.28328" lon="2.78384">
				<ele>922.86</ele>
				<time>2026-05-20T18:54:43.192Z</time>
			</trkpt>
			<trkpt lat="45.28321" lon="2.78411">
				<ele>922.78</ele>
				<time>2026-05-20T18:54:44.870Z</time>
			</trkpt>
			<trkpt lat="45.2832" lon="2.78438">
				<ele>923.88</ele>
				<time>2026-05-20T18:54:46.448Z</time>
			</trkpt>
			<trkpt lat="45.28325" lon="2.78484">
				<ele>926.99</ele>
				<time>2026-05-20T18:54:49.165Z</time>
			</trkpt>
			<trkpt lat="45.28324" lon="2.78507">
				<ele>926.36</ele>
				<time>2026-05-20T18:54:50.510Z</time>
			</trkpt>
			<trkpt lat="45.28321" lon="2.78528">
				<ele>924.86</ele>
				<time>2026-05-20T18:54:51.762Z</time>
			</trkpt>
			<trkpt lat="45.28304" lon="2.78576">
				<ele>920.07</ele>
				<time>2026-05-20T18:54:54.903Z</time>
			</trkpt>
			<trkpt lat="45.28297" lon="2.78589">
				<ele>918.92</ele>
				<time>2026-05-20T18:54:55.860Z</time>
			</trkpt>
			<trkpt lat="45.28289" lon="2.78601">
				<ele>917.38</ele>
				<time>2026-05-20T18:54:56.827Z</time>
			</trkpt>
			<trkpt lat="45.28279" lon="2.78612">
				<ele>915.71</ele>
				<time>2026-05-20T18:54:57.878Z</time>
			</trkpt>
			<trkpt lat="45.2821" lon="2.78668">
				<ele>909.88</ele>
				<time>2026-05-20T18:55:04.491Z</time>
			</trkpt>
			<trkpt lat="45.2819" lon="2.78688">
				<ele>906.46</ele>
				<time>2026-05-20T18:55:06.528Z</time>
			</trkpt>
			<trkpt lat="45.28147" lon="2.78779">
				<ele>903.33</ele>
				<time>2026-05-20T18:55:12.960Z</time>
			</trkpt>
			<trkpt lat="45.28133" lon="2.78795">
				<ele>902.75</ele>
				<time>2026-05-20T18:55:14.459Z</time>
			</trkpt>
			<trkpt lat="45.28126" lon="2.78798">
				<ele>902.22</ele>
				<time>2026-05-20T18:55:15.070Z</time>
			</trkpt>
			<trkpt lat="45.28119" lon="2.78794">
				<ele>901.4</ele>
				<time>2026-05-20T18:55:15.700Z</time>
			</trkpt>
			<trkpt lat="45.28113" lon="2.78802">
				<ele>901.2</ele>
				<time>2026-05-20T18:55:16.387Z</time>
			</trkpt>
			<trkpt lat="45.28101" lon="2.78807">
				<ele>900.75</ele>
				<time>2026-05-20T18:55:17.431Z</time>
			</trkpt>
			<trkpt lat="45.27939" lon="2.78819">
				<ele>902.81</ele>
				<time>2026-05-20T18:55:31.006Z</time>
			</trkpt>
			<trkpt lat="45.27885" lon="2.78757">
				<ele>898.03</ele>
				<time>2026-05-20T18:55:36.511Z</time>
			</trkpt>
			<trkpt lat="45.27866" lon="2.78738">
				<ele>897.91</ele>
				<time>2026-05-20T18:55:38.258Z</time>
			</trkpt>
			<trkpt lat="45.27822" lon="2.78685">
				<ele>900.08</ele>
				<time>2026-05-20T18:55:42.993Z</time>
			</trkpt>
			<trkpt lat="45.2782" lon="2.78648">
				<ele>901.46</ele>
				<time>2026-05-20T18:55:45.534Z</time>
			</trkpt>
			<trkpt lat="45.27824" lon="2.78631">
				<ele>902.86</ele>
				<time>2026-05-20T18:55:46.893Z</time>
			</trkpt>
			<trkpt lat="45.2783" lon="2.78616">
				<ele>904.42</ele>
				<time>2026-05-20T18:55:48.302Z</time>
			</trkpt>
			<trkpt lat="45.27838" lon="2.78604">
				<ele>906.64</ele>
				<time>2026-05-20T18:55:49.899Z</time>
			</trkpt>
			<trkpt lat="45.2785" lon="2.78594">
				<ele>908.73</ele>
				<time>2026-05-20T18:55:52.156Z</time>
			</trkpt>
			<trkpt lat="45.27903" lon="2.78565">
				<ele>912.88</ele>
				<time>2026-05-20T18:56:03.545Z</time>
			</trkpt>
			<trkpt lat="45.27955" lon="2.78518">
				<ele>914.54</ele>
				<time>2026-05-20T18:56:14.752Z</time>
			</trkpt>
			<trkpt lat="45.27961" lon="2.78508">
				<ele>914.49</ele>
				<time>2026-05-20T18:56:15.922Z</time>
			</trkpt>
			<trkpt lat="45.27964" lon="2.78492">
				<ele>914.97</ele>
				<time>2026-05-20T18:56:17.374Z</time>
			</trkpt>
			<trkpt lat="45.27967" lon="2.784">
				<ele>921.92</ele>
				<time>2026-05-20T18:56:25.403Z</time>
			</trkpt>
			<trkpt lat="45.2797" lon="2.78379">
				<ele>925.3</ele>
				<time>2026-05-20T18:56:27.260Z</time>
			</trkpt>
			<trkpt lat="45.27977" lon="2.78358">
				<ele>928</ele>
				<time>2026-05-20T18:56:29.269Z</time>
			</trkpt>
			<trkpt lat="45.28023" lon="2.78259">
				<ele>925.13</ele>
				<time>2026-05-20T18:56:39.451Z</time>
			</trkpt>
			<trkpt lat="45.28028" lon="2.78241">
				<ele>925.25</ele>
				<time>2026-05-20T18:56:41.100Z</time>
			</trkpt>
			<trkpt lat="45.28031" lon="2.7822">
				<ele>925.46</ele>
				<time>2026-05-20T18:56:42.922Z</time>
			</trkpt>
			<trkpt lat="45.28025" lon="2.78157">
				<ele>929.25</ele>
				<time>2026-05-20T18:56:48.303Z</time>
			</trkpt>
			<trkpt lat="45.2801" lon="2.78098">
				<ele>932.17</ele>
				<time>2026-05-20T18:56:53.578Z</time>
			</trkpt>
			<trkpt lat="45.28007" lon="2.78077">
				<ele>934.96</ele>
				<time>2026-05-20T18:56:55.372Z</time>
			</trkpt>
			<trkpt lat="45.28009" lon="2.77996">
				<ele>946.91</ele>
				<time>2026-05-20T18:57:02.122Z</time>
			</trkpt>
			<trkpt lat="45.28008" lon="2.77944">
				<ele>951.33</ele>
				<time>2026-05-20T18:57:06.424Z</time>
			</trkpt>
			<trkpt lat="45.28014" lon="2.77911">
				<ele>948.54</ele>
				<time>2026-05-20T18:57:09.230Z</time>
			</trkpt>
			<trkpt lat="45.28022" lon="2.77887">
				<ele>946.19</ele>
				<time>2026-05-20T18:57:11.409Z</time>
			</trkpt>
			<trkpt lat="45.28039" lon="2.7786">
				<ele>944.37</ele>
				<time>2026-05-20T18:57:14.373Z</time>
			</trkpt>
			<trkpt lat="45.28118" lon="2.77759">
				<ele>944.41</ele>
				<time>2026-05-20T18:57:26.606Z</time>
			</trkpt>
			<trkpt lat="45.2813" lon="2.77723">
				<ele>945.4</ele>
				<time>2026-05-20T18:57:29.800Z</time>
			</trkpt>
			<trkpt lat="45.28137" lon="2.77696">
				<ele>945.25</ele>
				<time>2026-05-20T18:57:32.100Z</time>
			</trkpt>
			<trkpt lat="45.28138" lon="2.77682">
				<ele>945.44</ele>
				<time>2026-05-20T18:57:33.222Z</time>
			</trkpt>
			<trkpt lat="45.28139" lon="2.77641">
				<ele>948.73</ele>
				<time>2026-05-20T18:57:36.483Z</time>
			</trkpt>
			<trkpt lat="45.28142" lon="2.77628">
				<ele>950.48</ele>
				<time>2026-05-20T18:57:37.568Z</time>
			</trkpt>
			<trkpt lat="45.28151" lon="2.77621">
				<ele>951.85</ele>
				<time>2026-05-20T18:57:38.722Z</time>
			</trkpt>
			<trkpt lat="45.28159" lon="2.7762">
				<ele>952.4</ele>
				<time>2026-05-20T18:57:39.625Z</time>
			</trkpt>
			<trkpt lat="45.28169" lon="2.77623">
				<ele>952.39</ele>
				<time>2026-05-20T18:57:40.771Z</time>
			</trkpt>
			<trkpt lat="45.28197" lon="2.77639">
				<ele>953.17</ele>
				<time>2026-05-20T18:57:44.147Z</time>
			</trkpt>
			<trkpt lat="45.28207" lon="2.77642">
				<ele>953.5</ele>
				<time>2026-05-20T18:57:45.287Z</time>
			</trkpt>
			<trkpt lat="45.28219" lon="2.7764">
				<ele>955.22</ele>
				<time>2026-05-20T18:57:46.632Z</time>
			</trkpt>
			<trkpt lat="45.28237" lon="2.77632">
				<ele>958.19</ele>
				<time>2026-05-20T18:57:48.728Z</time>
			</trkpt>
			<trkpt lat="45.28258" lon="2.77619">
				<ele>960.17</ele>
				<time>2026-05-20T18:57:51.264Z</time>
			</trkpt>
			<trkpt lat="45.28331" lon="2.7756">
				<ele>965.22</ele>
				<time>2026-05-20T18:58:00.492Z</time>
			</trkpt>
			<trkpt lat="45.28342" lon="2.77556">
				<ele>965.57</ele>
				<time>2026-05-20T18:58:01.730Z</time>
			</trkpt>
			<trkpt lat="45.28355" lon="2.77554">
				<ele>965.47</ele>
				<time>2026-05-20T18:58:03.155Z</time>
			</trkpt>
			<trkpt lat="45.28379" lon="2.77557">
				<ele>966.46</ele>
				<time>2026-05-20T18:58:05.771Z</time>
			</trkpt>
			<trkpt lat="45.28404" lon="2.77567">
				<ele>966.39</ele>
				<time>2026-05-20T18:58:08.582Z</time>
			</trkpt>
			<trkpt lat="45.28419" lon="2.7757">
				<ele>966.86</ele>
				<time>2026-05-20T18:58:10.216Z</time>
			</trkpt>
			<trkpt lat="45.28439" lon="2.7757">
				<ele>967.66</ele>
				<time>2026-05-20T18:58:12.368Z</time>
			</trkpt>
			<trkpt lat="45.28477" lon="2.77557">
				<ele>968.29</ele>
				<time>2026-05-20T18:58:16.555Z</time>
			</trkpt>
			<trkpt lat="45.28505" lon="2.77541">
				<ele>969.56</ele>
				<time>2026-05-20T18:58:19.772Z</time>
			</trkpt>
			<trkpt lat="45.28546" lon="2.77481">
				<ele>977.44</ele>
				<time>2026-05-20T18:58:26.003Z</time>
			</trkpt>
			<trkpt lat="45.28583" lon="2.77451">
				<ele>975.06</ele>
				<time>2026-05-20T18:58:30.480Z</time>
			</trkpt>
			<trkpt lat="45.28588" lon="2.77432">
				<ele>976.32</ele>
				<time>2026-05-20T18:58:31.974Z</time>
			</trkpt>
			<trkpt lat="45.2859" lon="2.77392">
				<ele>979.7</ele>
				<time>2026-05-20T18:58:34.918Z</time>
			</trkpt>
			<trkpt lat="45.28601" lon="2.77372">
				<ele>981.66</ele>
				<time>2026-05-20T18:58:36.775Z</time>
			</trkpt>
			<trkpt lat="45.28669" lon="2.7732">
				<ele>987.29</ele>
				<time>2026-05-20T18:58:44.749Z</time>
			</trkpt>
			<trkpt lat="45.28688" lon="2.77299">
				<ele>989.65</ele>
				<time>2026-05-20T18:58:47.216Z</time>
			</trkpt>
			<trkpt lat="45.28722" lon="2.77248">
				<ele>992.05</ele>
				<time>2026-05-20T18:58:52.256Z</time>
			</trkpt>
			<trkpt lat="45.2878" lon="2.77117">
				<ele>990.48</ele>
				<time>2026-05-20T18:59:03.231Z</time>
			</trkpt>
			<trkpt lat="45.28785" lon="2.77097">
				<ele>990.42</ele>
				<time>2026-05-20T18:59:04.722Z</time>
			</trkpt>
			<trkpt lat="45.2879" lon="2.77074">
				<ele>990.71</ele>
				<time>2026-05-20T18:59:06.410Z</time>
			</trkpt>
			<trkpt lat="45.28802" lon="2.76974">
				<ele>993.44</ele>
				<time>2026-05-20T18:59:13.476Z</time>
			</trkpt>
			<trkpt lat="45.28812" lon="2.76934">
				<ele>996.39</ele>
				<time>2026-05-20T18:59:16.411Z</time>
			</trkpt>
			<trkpt lat="45.2885" lon="2.76824">
				<ele>996.4</ele>
				<time>2026-05-20T18:59:24.814Z</time>
			</trkpt>
			<trkpt lat="45.28857" lon="2.76788">
				<ele>998.95</ele>
				<time>2026-05-20T18:59:27.354Z</time>
			</trkpt>
			<trkpt lat="45.28868" lon="2.76639">
				<ele>1001.46</ele>
				<time>2026-05-20T18:59:37.448Z</time>
			</trkpt>
			<trkpt lat="45.28876" lon="2.7657">
				<ele>1002.63</ele>
				<time>2026-05-20T18:59:42.107Z</time>
			</trkpt>
			<trkpt lat="45.28883" lon="2.76528">
				<ele>1001.59</ele>
				<time>2026-05-20T18:59:44.966Z</time>
			</trkpt>
			<trkpt lat="45.28894" lon="2.76496">
				<ele>999.39</ele>
				<time>2026-05-20T18:59:47.316Z</time>
			</trkpt>
			<trkpt lat="45.28904" lon="2.76473">
				<ele>1000.58</ele>
				<time>2026-05-20T18:59:49.095Z</time>
			</trkpt>
			<trkpt lat="45.28919" lon="2.76445">
				<ele>1001.52</ele>
				<time>2026-05-20T18:59:51.403Z</time>
			</trkpt>
			<trkpt lat="45.28923" lon="2.76433">
				<ele>1001.6</ele>
				<time>2026-05-20T18:59:52.271Z</time>
			</trkpt>
			<trkpt lat="45.28926" lon="2.7642">
				<ele>1001.84</ele>
				<time>2026-05-20T18:59:53.165Z</time>
			</trkpt>
			<trkpt lat="45.28927" lon="2.76401">
				<ele>1001.32</ele>
				<time>2026-05-20T18:59:54.408Z</time>
			</trkpt>
			<trkpt lat="45.28925" lon="2.76381">
				<ele>1000.97</ele>
				<time>2026-05-20T18:59:55.723Z</time>
			</trkpt>
			<trkpt lat="45.28922" lon="2.76371">
				<ele>1001.2</ele>
				<time>2026-05-20T18:59:56.429Z</time>
			</trkpt>
			<trkpt lat="45.28913" lon="2.76342">
				<ele>1002.27</ele>
				<time>2026-05-20T18:59:58.485Z</time>
			</trkpt>
			<trkpt lat="45.28869" lon="2.76229">
				<ele>1005.23</ele>
				<time>2026-05-20T19:00:06.795Z</time>
			</trkpt>
			<trkpt lat="45.28856" lon="2.76199">
				<ele>1006.78</ele>
				<time>2026-05-20T19:00:09.043Z</time>
			</trkpt>
			<trkpt lat="45.28844" lon="2.76175">
				<ele>1008.26</ele>
				<time>2026-05-20T19:00:10.916Z</time>
			</trkpt>
			<trkpt lat="45.28835" lon="2.76143">
				<ele>1010.42</ele>
				<time>2026-05-20T19:00:13.101Z</time>
			</trkpt>
			<trkpt lat="45.28828" lon="2.76113">
				<ele>1011.54</ele>
				<time>2026-05-20T19:00:15.099Z</time>
			</trkpt>
			<trkpt lat="45.28827" lon="2.76083">
				<ele>1011.65</ele>
				<time>2026-05-20T19:00:16.992Z</time>
			</trkpt>
			<trkpt lat="45.2883" lon="2.76041">
				<ele>1008.83</ele>
				<time>2026-05-20T19:00:19.642Z</time>
			</trkpt>
			<trkpt lat="45.28839" lon="2.75962">
				<ele>1006.2</ele>
				<time>2026-05-20T19:00:24.637Z</time>
			</trkpt>
			<trkpt lat="45.28837" lon="2.7595">
				<ele>1006.53</ele>
				<time>2026-05-20T19:00:25.404Z</time>
			</trkpt>
			<trkpt lat="45.28829" lon="2.75925">
				<ele>1007.15</ele>
				<time>2026-05-20T19:00:27.107Z</time>
			</trkpt>
			<trkpt lat="45.28819" lon="2.75907">
				<ele>1007.16</ele>
				<time>2026-05-20T19:00:28.526Z</time>
			</trkpt>
			<trkpt lat="45.28809" lon="2.75892">
				<ele>1006.97</ele>
				<time>2026-05-20T19:00:29.801Z</time>
			</trkpt>
			<trkpt lat="45.28795" lon="2.75876">
				<ele>1006.26</ele>
				<time>2026-05-20T19:00:31.374Z</time>
			</trkpt>
			<trkpt lat="45.28784" lon="2.75873">
				<ele>1006.31</ele>
				<time>2026-05-20T19:00:32.353Z</time>
			</trkpt>
			<trkpt lat="45.28761" lon="2.75877">
				<ele>1006.59</ele>
				<time>2026-05-20T19:00:34.372Z</time>
			</trkpt>
			<trkpt lat="45.28754" lon="2.75876">
				<ele>1006.55</ele>
				<time>2026-05-20T19:00:34.984Z</time>
			</trkpt>
			<trkpt lat="45.28723" lon="2.75845">
				<ele>1006.54</ele>
				<time>2026-05-20T19:00:38.271Z</time>
			</trkpt>
			<trkpt lat="45.28681" lon="2.75815">
				<ele>1005.69</ele>
				<time>2026-05-20T19:00:42.323Z</time>
			</trkpt>
			<trkpt lat="45.28606" lon="2.75781">
				<ele>1001.97</ele>
				<time>2026-05-20T19:00:49.052Z</time>
			</trkpt>
			<trkpt lat="45.28577" lon="2.75756">
				<ele>1002.93</ele>
				<time>2026-05-20T19:00:51.929Z</time>
			</trkpt>
			<trkpt lat="45.28562" lon="2.75738">
				<ele>1004.15</ele>
				<time>2026-05-20T19:00:53.588Z</time>
			</trkpt>
			<trkpt lat="45.28533" lon="2.75695">
				<ele>1004.97</ele>
				<time>2026-05-20T19:00:57.116Z</time>
			</trkpt>
			<trkpt lat="45.28522" lon="2.75682">
				<ele>1004.43</ele>
				<time>2026-05-20T19:00:58.315Z</time>
			</trkpt>
			<trkpt lat="45.28463" lon="2.75641">
				<ele>1000.48</ele>
				<time>2026-05-20T19:01:03.793Z</time>
			</trkpt>
			<trkpt lat="45.28451" lon="2.75636">
				<ele>1000.37</ele>
				<time>2026-05-20T19:01:04.830Z</time>
			</trkpt>
			<trkpt lat="45.28434" lon="2.75636">
				<ele>999.79</ele>
				<time>2026-05-20T19:01:06.238Z</time>
			</trkpt>
			<trkpt lat="45.28423" lon="2.75643">
				<ele>999.07</ele>
				<time>2026-05-20T19:01:07.234Z</time>
			</trkpt>
			<trkpt lat="45.28375" lon="2.75695">
				<ele>997.09</ele>
				<time>2026-05-20T19:01:12.198Z</time>
			</trkpt>
			<trkpt lat="45.28366" lon="2.75699">
				<ele>997.39</ele>
				<time>2026-05-20T19:01:12.970Z</time>
			</trkpt>
			<trkpt lat="45.28356" lon="2.75698">
				<ele>997.41</ele>
				<time>2026-05-20T19:01:13.790Z</time>
			</trkpt>
			<trkpt lat="45.28341" lon="2.75689">
				<ele>997.7</ele>
				<time>2026-05-20T19:01:15.119Z</time>
			</trkpt>
			<trkpt lat="45.28334" lon="2.75682">
				<ele>997.94</ele>
				<time>2026-05-20T19:01:15.816Z</time>
			</trkpt>
			<trkpt lat="45.2827" lon="2.75602">
				<ele>997.94</ele>
				<time>2026-05-20T19:01:22.720Z</time>
			</trkpt>
			<trkpt lat="45.28246" lon="2.75569">
				<ele>998.18</ele>
				<time>2026-05-20T19:01:25.404Z</time>
			</trkpt>
			<trkpt lat="45.28153" lon="2.75456">
				<ele>1006.02</ele>
				<time>2026-05-20T19:01:35.140Z</time>
			</trkpt>
			<trkpt lat="45.28134" lon="2.75437">
				<ele>1007.1</ele>
				<time>2026-05-20T19:01:36.971Z</time>
			</trkpt>
			<trkpt lat="45.28107" lon="2.75416">
				<ele>1006.86</ele>
				<time>2026-05-20T19:01:39.389Z</time>
			</trkpt>
			<trkpt lat="45.27964" lon="2.75334">
				<ele>1002.56</ele>
				<time>2026-05-20T19:01:51.365Z</time>
			</trkpt>
			<trkpt lat="45.27944" lon="2.7532">
				<ele>1003.05</ele>
				<time>2026-05-20T19:01:53.077Z</time>
			</trkpt>
			<trkpt lat="45.27661" lon="2.75085">
				<ele>1009.05</ele>
				<time>2026-05-20T19:02:17.728Z</time>
			</trkpt>
			<trkpt lat="45.27627" lon="2.75053">
				<ele>1012.17</ele>
				<time>2026-05-20T19:02:20.729Z</time>
			</trkpt>
			<trkpt lat="45.2759" lon="2.75032">
				<ele>1013.69</ele>
				<time>2026-05-20T19:02:23.647Z</time>
			</trkpt>
			<trkpt lat="45.27567" lon="2.75024">
				<ele>1014.27</ele>
				<time>2026-05-20T19:02:25.375Z</time>
			</trkpt>
			<trkpt lat="45.27542" lon="2.75019">
				<ele>1014.62</ele>
				<time>2026-05-20T19:02:27.213Z</time>
			</trkpt>
			<trkpt lat="45.27522" lon="2.75018">
				<ele>1015.1</ele>
				<time>2026-05-20T19:02:28.665Z</time>
			</trkpt>
			<trkpt lat="45.27502" lon="2.75021">
				<ele>1015.55</ele>
				<time>2026-05-20T19:02:30.122Z</time>
			</trkpt>
			<trkpt lat="45.27464" lon="2.7504">
				<ele>1018.02</ele>
				<time>2026-05-20T19:02:33.029Z</time>
			</trkpt>
			<trkpt lat="45.27453" lon="2.75042">
				<ele>1018.42</ele>
				<time>2026-05-20T19:02:33.827Z</time>
			</trkpt>
			<trkpt lat="45.27438" lon="2.7504">
				<ele>1019.07</ele>
				<time>2026-05-20T19:02:34.910Z</time>
			</trkpt>
			<trkpt lat="45.27398" lon="2.75023">
				<ele>1020.76</ele>
				<time>2026-05-20T19:02:37.901Z</time>
			</trkpt>
			<trkpt lat="45.27369" lon="2.75015">
				<ele>1021.2</ele>
				<time>2026-05-20T19:02:40.009Z</time>
			</trkpt>
			<trkpt lat="45.2733" lon="2.75014">
				<ele>1024.72</ele>
				<time>2026-05-20T19:02:42.783Z</time>
			</trkpt>
			<trkpt lat="45.2729" lon="2.75017">
				<ele>1025.27</ele>
				<time>2026-05-20T19:02:45.618Z</time>
			</trkpt>
			<trkpt lat="45.27258" lon="2.75029">
				<ele>1024.85</ele>
				<time>2026-05-20T19:02:47.952Z</time>
			</trkpt>
			<trkpt lat="45.27189" lon="2.75065">
				<ele>1028.68</ele>
				<time>2026-05-20T19:02:53.107Z</time>
			</trkpt>
			<trkpt lat="45.27161" lon="2.7509">
				<ele>1031.5</ele>
				<time>2026-05-20T19:02:55.413Z</time>
			</trkpt>
			<trkpt lat="45.27119" lon="2.75144">
				<ele>1032.52</ele>
				<time>2026-05-20T19:02:59.344Z</time>
			</trkpt>
			<trkpt lat="45.27081" lon="2.7518">
				<ele>1033.52</ele>
				<time>2026-05-20T19:03:02.498Z</time>
			</trkpt>
			<trkpt lat="45.27036" lon="2.75191">
				<ele>1033.14</ele>
				<time>2026-05-20T19:03:05.636Z</time>
			</trkpt>
			<trkpt lat="45.26991" lon="2.75198">
				<ele>1034.59</ele>
				<time>2026-05-20T19:03:08.734Z</time>
			</trkpt>
			<trkpt lat="45.26948" lon="2.75233">
				<ele>1037.52</ele>
				<time>2026-05-20T19:03:12.109Z</time>
			</trkpt>
			<trkpt lat="45.26916" lon="2.75249">
				<ele>1039.01</ele>
				<time>2026-05-20T19:03:14.411Z</time>
			</trkpt>
			<trkpt lat="45.26897" lon="2.75236">
				<ele>1039.5</ele>
				<time>2026-05-20T19:03:15.838Z</time>
			</trkpt>
			<trkpt lat="45.2687" lon="2.7519">
				<ele>1038.89</ele>
				<time>2026-05-20T19:03:18.681Z</time>
			</trkpt>
			<trkpt lat="45.26826" lon="2.75149">
				<ele>1034.92</ele>
				<time>2026-05-20T19:03:22.215Z</time>
			</trkpt>
			<trkpt lat="45.26799" lon="2.75139">
				<ele>1030.42</ele>
				<time>2026-05-20T19:03:24.082Z</time>
			</trkpt>
			<trkpt lat="45.2676" lon="2.75149">
				<ele>1026.93</ele>
				<time>2026-05-20T19:03:26.726Z</time>
			</trkpt>
			<trkpt lat="45.26693" lon="2.75196">
				<ele>1024.04</ele>
				<time>2026-05-20T19:03:31.685Z</time>
			</trkpt>
			<trkpt lat="45.26681" lon="2.75197">
				<ele>1023.64</ele>
				<time>2026-05-20T19:03:32.480Z</time>
			</trkpt>
			<trkpt lat="45.26639" lon="2.75187">
				<ele>1021.77</ele>
				<time>2026-05-20T19:03:35.289Z</time>
			</trkpt>
			<trkpt lat="45.2662" lon="2.75181">
				<ele>1020.92</ele>
				<time>2026-05-20T19:03:36.569Z</time>
			</trkpt>
			<trkpt lat="45.2655" lon="2.7517">
				<ele>1021.98</ele>
				<time>2026-05-20T19:03:41.185Z</time>
			</trkpt>
			<trkpt lat="45.26457" lon="2.75173">
				<ele>1022.04</ele>
				<time>2026-05-20T19:03:47.241Z</time>
			</trkpt>
			<trkpt lat="45.26433" lon="2.75165">
				<ele>1020.47</ele>
				<time>2026-05-20T19:03:48.838Z</time>
			</trkpt>
			<trkpt lat="45.26397" lon="2.7514">
				<ele>1014.85</ele>
				<time>2026-05-20T19:03:51.428Z</time>
			</trkpt>
			<trkpt lat="45.26357" lon="2.75119">
				<ele>1010.24</ele>
				<time>2026-05-20T19:03:54.175Z</time>
			</trkpt>
			<trkpt lat="45.26309" lon="2.75134">
				<ele>1012.59</ele>
				<time>2026-05-20T19:03:57.330Z</time>
			</trkpt>
			<trkpt lat="45.26236" lon="2.75151">
				<ele>1014.16</ele>
				<time>2026-05-20T19:04:02.058Z</time>
			</trkpt>
			<trkpt lat="45.26121" lon="2.75133">
				<ele>1014.08</ele>
				<time>2026-05-20T19:04:09.403Z</time>
			</trkpt>
			<trkpt lat="45.26108" lon="2.75126">
				<ele>1013.49</ele>
				<time>2026-05-20T19:04:10.282Z</time>
			</trkpt>
			<trkpt lat="45.261" lon="2.75112">
				<ele>1013.02</ele>
				<time>2026-05-20T19:04:11.084Z</time>
			</trkpt>
			<trkpt lat="45.26096" lon="2.75086">
				<ele>1014.36</ele>
				<time>2026-05-20T19:04:12.265Z</time>
			</trkpt>
			<trkpt lat="45.261" lon="2.75061">
				<ele>1016.43</ele>
				<time>2026-05-20T19:04:13.402Z</time>
			</trkpt>
			<trkpt lat="45.26109" lon="2.75034">
				<ele>1017.83</ele>
				<time>2026-05-20T19:04:14.726Z</time>
			</trkpt>
			<trkpt lat="45.26116" lon="2.75003">
				<ele>1019.88</ele>
				<time>2026-05-20T19:04:16.166Z</time>
			</trkpt>
			<trkpt lat="45.26116" lon="2.74973">
				<ele>1022.9</ele>
				<time>2026-05-20T19:04:17.491Z</time>
			</trkpt>
			<trkpt lat="45.26071" lon="2.74776">
				<ele>1036.45</ele>
				<time>2026-05-20T19:04:26.593Z</time>
			</trkpt>
			<trkpt lat="45.26047" lon="2.74651">
				<ele>1043.89</ele>
				<time>2026-05-20T19:04:32.250Z</time>
			</trkpt>
			<trkpt lat="45.26032" lon="2.74588">
				<ele>1045.69</ele>
				<time>2026-05-20T19:04:35.142Z</time>
			</trkpt>
			<trkpt lat="45.26014" lon="2.74558">
				<ele>1045.16</ele>
				<time>2026-05-20T19:04:36.853Z</time>
			</trkpt>
			<trkpt lat="45.25997" lon="2.74535">
				<ele>1045.62</ele>
				<time>2026-05-20T19:04:38.299Z</time>
			</trkpt>
			<trkpt lat="45.25929" lon="2.74483">
				<ele>1054.71</ele>
				<time>2026-05-20T19:04:43.045Z</time>
			</trkpt>
			<trkpt lat="45.25909" lon="2.74456">
				<ele>1054.36</ele>
				<time>2026-05-20T19:04:44.736Z</time>
			</trkpt>
			<trkpt lat="45.2589" lon="2.74422">
				<ele>1053.4</ele>
				<time>2026-05-20T19:04:46.606Z</time>
			</trkpt>
			<trkpt lat="45.2588" lon="2.74386">
				<ele>1052.79</ele>
				<time>2026-05-20T19:04:48.272Z</time>
			</trkpt>
			<trkpt lat="45.25872" lon="2.74315">
				<ele>1053</ele>
				<time>2026-05-20T19:04:51.362Z</time>
			</trkpt>
			<trkpt lat="45.25863" lon="2.74266">
				<ele>1053.16</ele>
				<time>2026-05-20T19:04:53.534Z</time>
			</trkpt>
			<trkpt lat="45.25847" lon="2.74233">
				<ele>1055.98</ele>
				<time>2026-05-20T19:04:55.250Z</time>
			</trkpt>
			<trkpt lat="45.25828" lon="2.74216">
				<ele>1057.71</ele>
				<time>2026-05-20T19:04:56.616Z</time>
			</trkpt>
			<trkpt lat="45.25799" lon="2.74209">
				<ele>1057.67</ele>
				<time>2026-05-20T19:04:58.402Z</time>
			</trkpt>
			<trkpt lat="45.25776" lon="2.74221">
				<ele>1058.68</ele>
				<time>2026-05-20T19:04:59.889Z</time>
			</trkpt>
			<trkpt lat="45.2573" lon="2.74259">
				<ele>1059.68</ele>
				<time>2026-05-20T19:05:03.115Z</time>
			</trkpt>
			<trkpt lat="45.25689" lon="2.74284">
				<ele>1062.4</ele>
				<time>2026-05-20T19:05:05.814Z</time>
			</trkpt>
			<trkpt lat="45.25598" lon="2.74331">
				<ele>1063.26</ele>
				<time>2026-05-20T19:05:11.662Z</time>
			</trkpt>
			<trkpt lat="45.25574" lon="2.74335">
				<ele>1063.12</ele>
				<time>2026-05-20T19:05:13.119Z</time>
			</trkpt>
			<trkpt lat="45.25531" lon="2.74313">
				<ele>1059.47</ele>
				<time>2026-05-20T19:05:15.872Z</time>
			</trkpt>
			<trkpt lat="45.2552" lon="2.7431">
				<ele>1058.83</ele>
				<time>2026-05-20T19:05:16.546Z</time>
			</trkpt>
			<trkpt lat="45.25504" lon="2.74314">
				<ele>1059.32</ele>
				<time>2026-05-20T19:05:17.524Z</time>
			</trkpt>
			<trkpt lat="45.25456" lon="2.74342">
				<ele>1060.45</ele>
				<time>2026-05-20T19:05:20.644Z</time>
			</trkpt>
			<trkpt lat="45.25378" lon="2.74355">
				<ele>1060.47</ele>
				<time>2026-05-20T19:05:25.361Z</time>
			</trkpt>
			<trkpt lat="45.25356" lon="2.74362">
				<ele>1059.94</ele>
				<time>2026-05-20T19:05:26.714Z</time>
			</trkpt>
			<trkpt lat="45.25318" lon="2.74385">
				<ele>1060.42</ele>
				<time>2026-05-20T19:05:29.192Z</time>
			</trkpt>
			<trkpt lat="45.25292" lon="2.74385">
				<ele>1059.13</ele>
				<time>2026-05-20T19:05:30.751Z</time>
			</trkpt>
			<trkpt lat="45.25204" lon="2.74348">
				<ele>1057.41</ele>
				<time>2026-05-20T19:05:36.250Z</time>
			</trkpt>
			<trkpt lat="45.2511" lon="2.74326">
				<ele>1054.51</ele>
				<time>2026-05-20T19:05:41.954Z</time>
			</trkpt>
			<trkpt lat="45.25033" lon="2.74314">
				<ele>1057.3</ele>
				<time>2026-05-20T19:05:46.590Z</time>
			</trkpt>
			<trkpt lat="45.24985" lon="2.74303">
				<ele>1056.86</ele>
				<time>2026-05-20T19:05:49.500Z</time>
			</trkpt>
			<trkpt lat="45.24913" lon="2.74272">
				<ele>1057</ele>
				<time>2026-05-20T19:05:54.003Z</time>
			</trkpt>
			<trkpt lat="45.2487" lon="2.74264">
				<ele>1058.88</ele>
				<time>2026-05-20T19:05:56.600Z</time>
			</trkpt>
			<trkpt lat="45.24818" lon="2.74264">
				<ele>1058.52</ele>
				<time>2026-05-20T19:05:59.714Z</time>
			</trkpt>
			<trkpt lat="45.24621" lon="2.74272">
				<ele>1061.09</ele>
				<time>2026-05-20T19:06:11.535Z</time>
			</trkpt>
			<trkpt lat="45.24605" lon="2.74265">
				<ele>1061.42</ele>
				<time>2026-05-20T19:06:12.541Z</time>
			</trkpt>
			<trkpt lat="45.24587" lon="2.74252">
				<ele>1060.15</ele>
				<time>2026-05-20T19:06:13.755Z</time>
			</trkpt>
			<trkpt lat="45.24549" lon="2.74207">
				<ele>1056.72</ele>
				<time>2026-05-20T19:06:16.730Z</time>
			</trkpt>
			<trkpt lat="45.24538" lon="2.74197">
				<ele>1055.78</ele>
				<time>2026-05-20T19:06:17.516Z</time>
			</trkpt>
			<trkpt lat="45.24523" lon="2.74192">
				<ele>1055.88</ele>
				<time>2026-05-20T19:06:18.444Z</time>
			</trkpt>
			<trkpt lat="45.2451" lon="2.74184">
				<ele>1055.45</ele>
				<time>2026-05-20T19:06:19.297Z</time>
			</trkpt>
			<trkpt lat="45.24484" lon="2.74163">
				<ele>1054.28</ele>
				<time>2026-05-20T19:06:21.099Z</time>
			</trkpt>
			<trkpt lat="45.24461" lon="2.74153">
				<ele>1054.1</ele>
				<time>2026-05-20T19:06:22.549Z</time>
			</trkpt>
			<trkpt lat="45.24429" lon="2.7415">
				<ele>1053.29</ele>
				<time>2026-05-20T19:06:24.484Z</time>
			</trkpt>
			<trkpt lat="45.24408" lon="2.74152">
				<ele>1053.76</ele>
				<time>2026-05-20T19:06:25.755Z</time>
			</trkpt>
			<trkpt lat="45.24397" lon="2.74149">
				<ele>1053.56</ele>
				<time>2026-05-20T19:06:26.431Z</time>
			</trkpt>
			<trkpt lat="45.24357" lon="2.74113">
				<ele>1050.57</ele>
				<time>2026-05-20T19:06:29.294Z</time>
			</trkpt>
			<trkpt lat="45.24308" lon="2.7406">
				<ele>1042.69</ele>
				<time>2026-05-20T19:06:33.024Z</time>
			</trkpt>
			<trkpt lat="45.2422" lon="2.73948">
				<ele>1039.15</ele>
				<time>2026-05-20T19:06:40.202Z</time>
			</trkpt>
			<trkpt lat="45.24193" lon="2.7392">
				<ele>1039.01</ele>
				<time>2026-05-20T19:06:42.239Z</time>
			</trkpt>
			<trkpt lat="45.2415" lon="2.73881">
				<ele>1039.32</ele>
				<time>2026-05-20T19:06:45.352Z</time>
			</trkpt>
			<trkpt lat="45.24103" lon="2.73847">
				<ele>1041.41</ele>
				<time>2026-05-20T19:06:48.578Z</time>
			</trkpt>
			<trkpt lat="45.2402" lon="2.73793">
				<ele>1051.67</ele>
				<time>2026-05-20T19:06:54.178Z</time>
			</trkpt>
			<trkpt lat="45.23996" lon="2.73783">
				<ele>1052.02</ele>
				<time>2026-05-20T19:06:55.717Z</time>
			</trkpt>
			<trkpt lat="45.23945" lon="2.73768">
				<ele>1053.28</ele>
				<time>2026-05-20T19:06:58.927Z</time>
			</trkpt>
			<trkpt lat="45.23904" lon="2.73748">
				<ele>1056.18</ele>
				<time>2026-05-20T19:07:01.605Z</time>
			</trkpt>
			<trkpt lat="45.23877" lon="2.73738">
				<ele>1058.16</ele>
				<time>2026-05-20T19:07:03.332Z</time>
			</trkpt>
			<trkpt lat="45.23858" lon="2.73736">
				<ele>1059.55</ele>
				<time>2026-05-20T19:07:04.513Z</time>
			</trkpt>
			<trkpt lat="45.2382" lon="2.73734">
				<ele>1059.95</ele>
				<time>2026-05-20T19:07:06.873Z</time>
			</trkpt>
			<trkpt lat="45.2378" lon="2.73713">
				<ele>1059.31</ele>
				<time>2026-05-20T19:07:09.526Z</time>
			</trkpt>
			<trkpt lat="45.23764" lon="2.73711">
				<ele>1060.02</ele>
				<time>2026-05-20T19:07:10.527Z</time>
			</trkpt>
			<trkpt lat="45.23751" lon="2.73716">
				<ele>1061.3</ele>
				<time>2026-05-20T19:07:11.367Z</time>
			</trkpt>
			<trkpt lat="45.23737" lon="2.73694">
				<ele>1059.9</ele>
				<time>2026-05-20T19:07:12.671Z</time>
			</trkpt>
			<trkpt lat="45.23718" lon="2.73677">
				<ele>1059.23</ele>
				<time>2026-05-20T19:07:14.074Z</time>
			</trkpt>
			<trkpt lat="45.23705" lon="2.7367">
				<ele>1058.44</ele>
				<time>2026-05-20T19:07:14.945Z</time>
			</trkpt>
			<trkpt lat="45.2369" lon="2.73665">
				<ele>1057.83</ele>
				<time>2026-05-20T19:07:15.910Z</time>
			</trkpt>
			<trkpt lat="45.23642" lon="2.73656">
				<ele>1054.69</ele>
				<time>2026-05-20T19:07:18.948Z</time>
			</trkpt>
			<trkpt lat="45.23624" lon="2.7365">
				<ele>1053.34</ele>
				<time>2026-05-20T19:07:20.111Z</time>
			</trkpt>
			<trkpt lat="45.23599" lon="2.73637">
				<ele>1051.23</ele>
				<time>2026-05-20T19:07:21.788Z</time>
			</trkpt>
			<trkpt lat="45.23589" lon="2.73629">
				<ele>1050.74</ele>
				<time>2026-05-20T19:07:22.512Z</time>
			</trkpt>
			<trkpt lat="45.23569" lon="2.73608">
				<ele>1048.69</ele>
				<time>2026-05-20T19:07:24.082Z</time>
			</trkpt>
			<trkpt lat="45.23514" lon="2.73524">
				<ele>1041.27</ele>
				<time>2026-05-20T19:07:29.022Z</time>
			</trkpt>
			<trkpt lat="45.23494" lon="2.73483">
				<ele>1036.82</ele>
				<time>2026-05-20T19:07:31.067Z</time>
			</trkpt>
			<trkpt lat="45.23487" lon="2.73466">
				<ele>1035.9</ele>
				<time>2026-05-20T19:07:31.861Z</time>
			</trkpt>
			<trkpt lat="45.2348" lon="2.73435">
				<ele>1034.74</ele>
				<time>2026-05-20T19:07:33.162Z</time>
			</trkpt>
			<trkpt lat="45.23477" lon="2.7343">
				<ele>1034.87</ele>
				<time>2026-05-20T19:07:33.423Z</time>
			</trkpt>
			<trkpt lat="45.23475" lon="2.734">
				<ele>1033.62</ele>
				<time>2026-05-20T19:07:34.614Z</time>
			</trkpt>
			<trkpt lat="45.23472" lon="2.73397">
				<ele>1033.6</ele>
				<time>2026-05-20T19:07:34.819Z</time>
			</trkpt>
			<trkpt lat="45.23452" lon="2.73394">
				<ele>1034.14</ele>
				<time>2026-05-20T19:07:35.941Z</time>
			</trkpt>
			<trkpt lat="45.23433" lon="2.73389">
				<ele>1034.43</ele>
				<time>2026-05-20T19:07:37.016Z</time>
			</trkpt>
			<trkpt lat="45.23407" lon="2.73376">
				<ele>1034.73</ele>
				<time>2026-05-20T19:07:38.548Z</time>
			</trkpt>
			<trkpt lat="45.23297" lon="2.73306">
				<ele>1038.74</ele>
				<time>2026-05-20T19:07:45.405Z</time>
			</trkpt>
			<trkpt lat="45.23264" lon="2.73282">
				<ele>1036.96</ele>
				<time>2026-05-20T19:07:47.559Z</time>
			</trkpt>
			<trkpt lat="45.23141" lon="2.73168">
				<ele>1035.06</ele>
				<time>2026-05-20T19:07:55.813Z</time>
			</trkpt>
			<trkpt lat="45.23123" lon="2.73158">
				<ele>1035.93</ele>
				<time>2026-05-20T19:07:56.869Z</time>
			</trkpt>
			<trkpt lat="45.23106" lon="2.73151">
				<ele>1036.77</ele>
				<time>2026-05-20T19:07:57.830Z</time>
			</trkpt>
			<trkpt lat="45.22971" lon="2.73114">
				<ele>1042.03</ele>
				<time>2026-05-20T19:08:05.129Z</time>
			</trkpt>
			<trkpt lat="45.22956" lon="2.73107">
				<ele>1042.55</ele>
				<time>2026-05-20T19:08:05.950Z</time>
			</trkpt>
			<trkpt lat="45.22941" lon="2.73095">
				<ele>1043.2</ele>
				<time>2026-05-20T19:08:06.841Z</time>
			</trkpt>
			<trkpt lat="45.22931" lon="2.73082">
				<ele>1043.91</ele>
				<time>2026-05-20T19:08:07.541Z</time>
			</trkpt>
			<trkpt lat="45.22922" lon="2.73066">
				<ele>1044.43</ele>
				<time>2026-05-20T19:08:08.282Z</time>
			</trkpt>
			<trkpt lat="45.22914" lon="2.73042">
				<ele>1045.17</ele>
				<time>2026-05-20T19:08:09.240Z</time>
			</trkpt>
			<trkpt lat="45.22896" lon="2.72922">
				<ele>1054.92</ele>
				<time>2026-05-20T19:08:13.615Z</time>
			</trkpt>
			<trkpt lat="45.22893" lon="2.72885">
				<ele>1056.38</ele>
				<time>2026-05-20T19:08:14.929Z</time>
			</trkpt>
			<trkpt lat="45.22895" lon="2.72818">
				<ele>1058.28</ele>
				<time>2026-05-20T19:08:17.280Z</time>
			</trkpt>
			<trkpt lat="45.22882" lon="2.72726">
				<ele>1058.45</ele>
				<time>2026-05-20T19:08:20.542Z</time>
			</trkpt>
			<trkpt lat="45.22875" lon="2.72703">
				<ele>1059.98</ele>
				<time>2026-05-20T19:08:21.408Z</time>
			</trkpt>
			<trkpt lat="45.22861" lon="2.72679">
				<ele>1061.52</ele>
				<time>2026-05-20T19:08:22.484Z</time>
			</trkpt>
			<trkpt lat="45.22845" lon="2.72665">
				<ele>1063.14</ele>
				<time>2026-05-20T19:08:23.403Z</time>
			</trkpt>
			<trkpt lat="45.22829" lon="2.72658">
				<ele>1064</ele>
				<time>2026-05-20T19:08:24.220Z</time>
			</trkpt>
			<trkpt lat="45.22814" lon="2.72654">
				<ele>1064</ele>
				<time>2026-05-20T19:08:24.964Z</time>
			</trkpt>
			<trkpt lat="45.22676" lon="2.72639">
				<ele>1061.69</ele>
				<time>2026-05-20T19:08:31.685Z</time>
			</trkpt>
			<trkpt lat="45.22648" lon="2.72631">
				<ele>1061.34</ele>
				<time>2026-05-20T19:08:33.069Z</time>
			</trkpt>
			<trkpt lat="45.22604" lon="2.72613">
				<ele>1065.48</ele>
				<time>2026-05-20T19:08:35.290Z</time>
			</trkpt>
			<trkpt lat="45.22473" lon="2.72553">
				<ele>1069.46</ele>
				<time>2026-05-20T19:08:41.997Z</time>
			</trkpt>
			<trkpt lat="45.2241" lon="2.72515">
				<ele>1070.37</ele>
				<time>2026-05-20T19:08:45.365Z</time>
			</trkpt>
			<trkpt lat="45.22381" lon="2.72495">
				<ele>1069.45</ele>
				<time>2026-05-20T19:08:46.962Z</time>
			</trkpt>
			<trkpt lat="45.22362" lon="2.72479">
				<ele>1069.57</ele>
				<time>2026-05-20T19:08:48.060Z</time>
			</trkpt>
			<trkpt lat="45.2232" lon="2.72432">
				<ele>1062.02</ele>
				<time>2026-05-20T19:08:50.737Z</time>
			</trkpt>
			<trkpt lat="45.22302" lon="2.72405">
				<ele>1058.81</ele>
				<time>2026-05-20T19:08:52.057Z</time>
			</trkpt>
			<trkpt lat="45.22296" lon="2.7239">
				<ele>1058.99</ele>
				<time>2026-05-20T19:08:52.672Z</time>
			</trkpt>
			<trkpt lat="45.2229" lon="2.72367">
				<ele>1058.68</ele>
				<time>2026-05-20T19:08:53.549Z</time>
			</trkpt>
			<trkpt lat="45.2228" lon="2.72312">
				<ele>1053.95</ele>
				<time>2026-05-20T19:08:55.593Z</time>
			</trkpt>
			<trkpt lat="45.22269" lon="2.72275">
				<ele>1050.25</ele>
				<time>2026-05-20T19:08:57.049Z</time>
			</trkpt>
			<trkpt lat="45.22263" lon="2.72262">
				<ele>1050.03</ele>
				<time>2026-05-20T19:08:57.616Z</time>
			</trkpt>
			<trkpt lat="45.2225" lon="2.72244">
				<ele>1050.14</ele>
				<time>2026-05-20T19:08:58.558Z</time>
			</trkpt>
			<trkpt lat="45.222" lon="2.72182">
				<ele>1045.3</ele>
				<time>2026-05-20T19:09:02.043Z</time>
			</trkpt>
			<trkpt lat="45.22182" lon="2.72164">
				<ele>1043.71</ele>
				<time>2026-05-20T19:09:03.213Z</time>
			</trkpt>
			<trkpt lat="45.22156" lon="2.72147">
				<ele>1044.31</ele>
				<time>2026-05-20T19:09:04.746Z</time>
			</trkpt>
			<trkpt lat="45.21851" lon="2.71983">
				<ele>1018.7</ele>
				<time>2026-05-20T19:09:23.286Z</time>
			</trkpt>
			<trkpt lat="45.21824" lon="2.71975">
				<ele>1016.67</ele>
				<time>2026-05-20T19:09:24.961Z</time>
			</trkpt>
			<trkpt lat="45.21685" lon="2.71975">
				<ele>1012.06</ele>
				<time>2026-05-20T19:09:33.700Z</time>
			</trkpt>
			<trkpt lat="45.21665" lon="2.7197">
				<ele>1012.61</ele>
				<time>2026-05-20T19:09:35.021Z</time>
			</trkpt>
			<trkpt lat="45.21617" lon="2.71943">
				<ele>1006</ele>
				<time>2026-05-20T19:09:38.434Z</time>
			</trkpt>
			<trkpt lat="45.21598" lon="2.71938">
				<ele>1003.65</ele>
				<time>2026-05-20T19:09:39.732Z</time>
			</trkpt>
			<trkpt lat="45.2158" lon="2.71938">
				<ele>1002.54</ele>
				<time>2026-05-20T19:09:40.951Z</time>
			</trkpt>
			<trkpt lat="45.21563" lon="2.71941">
				<ele>1002.71</ele>
				<time>2026-05-20T19:09:42.121Z</time>
			</trkpt>
			<trkpt lat="45.21508" lon="2.71963">
				<ele>1002.39</ele>
				<time>2026-05-20T19:09:46.091Z</time>
			</trkpt>
			<trkpt lat="45.21484" lon="2.71965">
				<ele>999.85</ele>
				<time>2026-05-20T19:09:47.793Z</time>
			</trkpt>
			<trkpt lat="45.21463" lon="2.71964">
				<ele>997.74</ele>
				<time>2026-05-20T19:09:49.297Z</time>
			</trkpt>
			<trkpt lat="45.21447" lon="2.71959">
				<ele>996.82</ele>
				<time>2026-05-20T19:09:50.479Z</time>
			</trkpt>
			<trkpt lat="45.21385" lon="2.71933">
				<ele>991.2</ele>
				<time>2026-05-20T19:09:55.238Z</time>
			</trkpt>
			<trkpt lat="45.2136" lon="2.71926">
				<ele>988.73</ele>
				<time>2026-05-20T19:09:57.155Z</time>
			</trkpt>
			<trkpt lat="45.21312" lon="2.71928">
				<ele>987.39</ele>
				<time>2026-05-20T19:10:00.833Z</time>
			</trkpt>
			<trkpt lat="45.21299" lon="2.71925">
				<ele>987.4</ele>
				<time>2026-05-20T19:10:01.856Z</time>
			</trkpt>
			<trkpt lat="45.21282" lon="2.71916">
				<ele>987.65</ele>
				<time>2026-05-20T19:10:03.278Z</time>
			</trkpt>
			<trkpt lat="45.2127" lon="2.71904">
				<ele>988.14</ele>
				<time>2026-05-20T19:10:04.437Z</time>
			</trkpt>
			<trkpt lat="45.21258" lon="2.71887">
				<ele>988.29</ele>
				<time>2026-05-20T19:10:05.786Z</time>
			</trkpt>
			<trkpt lat="45.21226" lon="2.71829">
				<ele>985.81</ele>
				<time>2026-05-20T19:10:09.988Z</time>
			</trkpt>
			<trkpt lat="45.21213" lon="2.7181">
				<ele>985.16</ele>
				<time>2026-05-20T19:10:11.525Z</time>
			</trkpt>
			<trkpt lat="45.21201" lon="2.71796">
				<ele>984.96</ele>
				<time>2026-05-20T19:10:12.816Z</time>
			</trkpt>
			<trkpt lat="45.21162" lon="2.71762">
				<ele>982.1</ele>
				<time>2026-05-20T19:10:16.678Z</time>
			</trkpt>
			<trkpt lat="45.21132" lon="2.71744">
				<ele>977.97</ele>
				<time>2026-05-20T19:10:19.480Z</time>
			</trkpt>
			<trkpt lat="45.21125" lon="2.7175">
				<ele>978.55</ele>
				<time>2026-05-20T19:10:20.191Z</time>
			</trkpt>
			<trkpt lat="45.21068" lon="2.7176">
				<ele>980.56</ele>
				<time>2026-05-20T19:10:25.267Z</time>
			</trkpt>
			<trkpt lat="45.21021" lon="2.71775">
				<ele>983.89</ele>
				<time>2026-05-20T19:10:29.640Z</time>
			</trkpt>
			<trkpt lat="45.21001" lon="2.71773">
				<ele>984.62</ele>
				<time>2026-05-20T19:10:31.491Z</time>
			</trkpt>
			<trkpt lat="45.20979" lon="2.71777">
				<ele>984.47</ele>
				<time>2026-05-20T19:10:33.561Z</time>
			</trkpt>
			<trkpt lat="45.20968" lon="2.71783">
				<ele>985.14</ele>
				<time>2026-05-20T19:10:34.671Z</time>
			</trkpt>
			<trkpt lat="45.20931" lon="2.71825">
				<ele>990.97</ele>
				<time>2026-05-20T19:10:39.198Z</time>
			</trkpt>
			<trkpt lat="45.20914" lon="2.71835">
				<ele>991.24</ele>
				<time>2026-05-20T19:10:41.061Z</time>
			</trkpt>
			<trkpt lat="45.20886" lon="2.71829">
				<ele>990.22</ele>
				<time>2026-05-20T19:10:44.240Z</time>
			</trkpt>
			<trkpt lat="45.2081" lon="2.7179">
				<ele>983.09</ele>
				<time>2026-05-20T19:10:55.057Z</time>
			</trkpt>
			<trkpt lat="45.20804" lon="2.71782">
				<ele>982</ele>
				<time>2026-05-20T19:10:56.277Z</time>
			</trkpt>
			<trkpt lat="45.2079" lon="2.71729">
				<ele>975.92</ele>
				<time>2026-05-20T19:11:02.429Z</time>
			</trkpt>
			<trkpt lat="45.20775" lon="2.71698">
				<ele>973.71</ele>
				<time>2026-05-20T19:11:06.694Z</time>
			</trkpt>
			<trkpt lat="45.20762" lon="2.71668">
				<ele>971.39</ele>
				<time>2026-05-20T19:11:10.782Z</time>
			</trkpt>
			<trkpt lat="45.20753" lon="2.71665">
				<ele>971.59</ele>
				<time>2026-05-20T19:11:12.323Z</time>
			</trkpt>
			<trkpt lat="45.20748" lon="2.71659">
				<ele>971.39</ele>
				<time>2026-05-20T19:11:13.418Z</time>
			</trkpt>
			<trkpt lat="45.20746" lon="2.71652">
				<ele>970.9</ele>
				<time>2026-05-20T19:11:14.311Z</time>
			</trkpt>
			<trkpt lat="45.20747" lon="2.71625">
				<ele>968.23</ele>
				<time>2026-05-20T19:11:17.519Z</time>
			</trkpt>
			<trkpt lat="45.20725" lon="2.71623">
				<ele>969.98</ele>
				<time>2026-05-20T19:11:21.245Z</time>
			</trkpt>
			<trkpt lat="45.20672" lon="2.71607">
				<ele>973.36</ele>
				<time>2026-05-20T19:11:30.338Z</time>
			</trkpt>
			<trkpt lat="45.20662" lon="2.71602">
				<ele>973.42</ele>
				<time>2026-05-20T19:11:32.089Z</time>
			</trkpt>
			<trkpt lat="45.20635" lon="2.71578">
				<ele>972.6</ele>
				<time>2026-05-20T19:11:37.254Z</time>
			</trkpt>
			<trkpt lat="45.20615" lon="2.71565">
				<ele>971</ele>
				<time>2026-05-20T19:11:40.715Z</time>
			</trkpt>
			<trkpt lat="45.20597" lon="2.71562">
				<ele>969.84</ele>
				<time>2026-05-20T19:11:43.532Z</time>
			</trkpt>
			<trkpt lat="45.20581" lon="2.71564">
				<ele>970.12</ele>
				<time>2026-05-20T19:11:46.236Z</time>
			</trkpt>
			<trkpt lat="45.20536" lon="2.71579">
				<ele>971.96</ele>
				<time>2026-05-20T19:11:52.808Z</time>
			</trkpt>
			<trkpt lat="45.20524" lon="2.71581">
				<ele>973.49</ele>
				<time>2026-05-20T19:11:54.031Z</time>
			</trkpt>
			<trkpt lat="45.20491" lon="2.71582">
				<ele>973.32</ele>
				<time>2026-05-20T19:11:57.363Z</time>
			</trkpt>
			<trkpt lat="45.20416" lon="2.71575">
				<ele>967.68</ele>
				<time>2026-05-20T19:12:04.889Z</time>
			</trkpt>
			<trkpt lat="45.20403" lon="2.71577">
				<ele>968.78</ele>
				<time>2026-05-20T19:12:06.189Z</time>
			</trkpt>
			<trkpt lat="45.2039" lon="2.71582">
				<ele>970.72</ele>
				<time>2026-05-20T19:12:07.526Z</time>
			</trkpt>
			<trkpt lat="45.20322" lon="2.71617">
				<ele>974.53</ele>
				<time>2026-05-20T19:12:14.659Z</time>
			</trkpt>
			<trkpt lat="45.20268" lon="2.71641">
				<ele>973.71</ele>
				<time>2026-05-20T19:12:20.185Z</time>
			</trkpt>
			<trkpt lat="45.20204" lon="2.71689">
				<ele>976.58</ele>
				<time>2026-05-20T19:12:27.184Z</time>
			</trkpt>
			<trkpt lat="45.20189" lon="2.71696">
				<ele>976.39</ele>
				<time>2026-05-20T19:12:28.701Z</time>
			</trkpt>
			<trkpt lat="45.20177" lon="2.71698">
				<ele>976.59</ele>
				<time>2026-05-20T19:12:29.859Z</time>
			</trkpt>
			<trkpt lat="45.20123" lon="2.71692">
				<ele>972.45</ele>
				<time>2026-05-20T19:12:35.025Z</time>
			</trkpt>
			<trkpt lat="45.20101" lon="2.71696">
				<ele>974.47</ele>
				<time>2026-05-20T19:12:37.128Z</time>
			</trkpt>
			<trkpt lat="45.2009" lon="2.71695">
				<ele>975.46</ele>
				<time>2026-05-20T19:12:38.171Z</time>
			</trkpt>
			<trkpt lat="45.20044" lon="2.71684">
				<ele>976.82</ele>
				<time>2026-05-20T19:12:42.563Z</time>
			</trkpt>
			<trkpt lat="45.20029" lon="2.71686">
				<ele>976.81</ele>
				<time>2026-05-20T19:12:43.976Z</time>
			</trkpt>
			<trkpt lat="45.20017" lon="2.7169">
				<ele>977.03</ele>
				<time>2026-05-20T19:12:45.128Z</time>
			</trkpt>
			<trkpt lat="45.1995" lon="2.71738">
				<ele>980.42</ele>
				<time>2026-05-20T19:12:52.102Z</time>
			</trkpt>
			<trkpt lat="45.19934" lon="2.71747">
				<ele>981.27</ele>
				<time>2026-05-20T19:12:53.690Z</time>
			</trkpt>
			<trkpt lat="45.19914" lon="2.71749">
				<ele>982.17</ele>
				<time>2026-05-20T19:12:55.535Z</time>
			</trkpt>
			<trkpt lat="45.19882" lon="2.7174">
				<ele>982.75</ele>
				<time>2026-05-20T19:12:58.524Z</time>
			</trkpt>
			<trkpt lat="45.19865" lon="2.71732">
				<ele>983.11</ele>
				<time>2026-05-20T19:13:00.159Z</time>
			</trkpt>
			<trkpt lat="45.19836" lon="2.71716">
				<ele>979.57</ele>
				<time>2026-05-20T19:13:02.989Z</time>
			</trkpt>
			<trkpt lat="45.19827" lon="2.71714">
				<ele>979.09</ele>
				<time>2026-05-20T19:13:03.815Z</time>
			</trkpt>
			<trkpt lat="45.19817" lon="2.71715">
				<ele>979.19</ele>
				<time>2026-05-20T19:13:04.722Z</time>
			</trkpt>
			<trkpt lat="45.19774" lon="2.71735">
				<ele>982.42</ele>
				<time>2026-05-20T19:13:08.802Z</time>
			</trkpt>
			<trkpt lat="45.19758" lon="2.71736">
				<ele>983.73</ele>
				<time>2026-05-20T19:13:10.239Z</time>
			</trkpt>
			<trkpt lat="45.19745" lon="2.71734">
				<ele>984.2</ele>
				<time>2026-05-20T19:13:11.410Z</time>
			</trkpt>
			<trkpt lat="45.19705" lon="2.71719">
				<ele>985.09</ele>
				<time>2026-05-20T19:13:15.100Z</time>
			</trkpt>
			<trkpt lat="45.19692" lon="2.71716">
				<ele>985.6</ele>
				<time>2026-05-20T19:13:16.269Z</time>
			</trkpt>
			<trkpt lat="45.19645" lon="2.71714">
				<ele>985.17</ele>
				<time>2026-05-20T19:13:20.426Z</time>
			</trkpt>
			<trkpt lat="45.19624" lon="2.71709">
				<ele>984.41</ele>
				<time>2026-05-20T19:13:22.299Z</time>
			</trkpt>
			<trkpt lat="45.19612" lon="2.71702">
				<ele>983.43</ele>
				<time>2026-05-20T19:13:23.437Z</time>
			</trkpt>
			<trkpt lat="45.19592" lon="2.71682">
				<ele>983.16</ele>
				<time>2026-05-20T19:13:25.577Z</time>
			</trkpt>
			<trkpt lat="45.19569" lon="2.71668">
				<ele>984.1</ele>
				<time>2026-05-20T19:13:27.758Z</time>
			</trkpt>
			<trkpt lat="45.19518" lon="2.71653">
				<ele>988.39</ele>
				<time>2026-05-20T19:13:32.271Z</time>
			</trkpt>
			<trkpt lat="45.19498" lon="2.71644">
				<ele>989.46</ele>
				<time>2026-05-20T19:13:34.078Z</time>
			</trkpt>
			<trkpt lat="45.19456" lon="2.71615">
				<ele>989.72</ele>
				<time>2026-05-20T19:13:38.082Z</time>
			</trkpt>
			<trkpt lat="45.19399" lon="2.71595">
				<ele>986.24</ele>
				<time>2026-05-20T19:13:43.075Z</time>
			</trkpt>
			<trkpt lat="45.19354" lon="2.71586">
				<ele>986.05</ele>
				<time>2026-05-20T19:13:46.910Z</time>
			</trkpt>
			<trkpt lat="45.193" lon="2.71585">
				<ele>985.24</ele>
				<time>2026-05-20T19:13:51.432Z</time>
			</trkpt>
			<trkpt lat="45.19197" lon="2.71588">
				<ele>982.14</ele>
				<time>2026-05-20T19:13:59.959Z</time>
			</trkpt>
			<trkpt lat="45.19171" lon="2.71585">
				<ele>983.13</ele>
				<time>2026-05-20T19:14:02.097Z</time>
			</trkpt>
			<trkpt lat="45.19149" lon="2.7158">
				<ele>983.89</ele>
				<time>2026-05-20T19:14:03.916Z</time>
			</trkpt>
			<trkpt lat="45.19025" lon="2.71533">
				<ele>984.11</ele>
				<time>2026-05-20T19:14:14.280Z</time>
			</trkpt>
			<trkpt lat="45.18953" lon="2.71514">
				<ele>979.19</ele>
				<time>2026-05-20T19:14:20.105Z</time>
			</trkpt>
			<trkpt lat="45.18919" lon="2.71511">
				<ele>978.67</ele>
				<time>2026-05-20T19:14:22.793Z</time>
			</trkpt>
			<trkpt lat="45.18828" lon="2.71518">
				<ele>977.79</ele>
				<time>2026-05-20T19:14:29.918Z</time>
			</trkpt>
			<trkpt lat="45.18811" lon="2.71521">
				<ele>978.36</ele>
				<time>2026-05-20T19:14:31.246Z</time>
			</trkpt>
			<trkpt lat="45.1878" lon="2.71538">
				<ele>977.56</ele>
				<time>2026-05-20T19:14:33.814Z</time>
			</trkpt>
			<trkpt lat="45.18738" lon="2.71555">
				<ele>975.6</ele>
				<time>2026-05-20T19:14:37.169Z</time>
			</trkpt>
			<trkpt lat="45.18723" lon="2.71565">
				<ele>975.39</ele>
				<time>2026-05-20T19:14:38.437Z</time>
			</trkpt>
			<trkpt lat="45.18666" lon="2.71621">
				<ele>978.36</ele>
				<time>2026-05-20T19:14:43.705Z</time>
			</trkpt>
			<trkpt lat="45.18655" lon="2.71636">
				<ele>979.34</ele>
				<time>2026-05-20T19:14:44.858Z</time>
			</trkpt>
			<trkpt lat="45.18641" lon="2.71664">
				<ele>979.89</ele>
				<time>2026-05-20T19:14:46.680Z</time>
			</trkpt>
			<trkpt lat="45.18626" lon="2.71684">
				<ele>980.09</ele>
				<time>2026-05-20T19:14:48.225Z</time>
			</trkpt>
			<trkpt lat="45.18524" lon="2.71779">
				<ele>983.05</ele>
				<time>2026-05-20T19:14:57.288Z</time>
			</trkpt>
			<trkpt lat="45.18473" lon="2.71809">
				<ele>982.36</ele>
				<time>2026-05-20T19:15:01.336Z</time>
			</trkpt>
			<trkpt lat="45.18459" lon="2.71821">
				<ele>983.17</ele>
				<time>2026-05-20T19:15:02.529Z</time>
			</trkpt>
			<trkpt lat="45.18431" lon="2.71852">
				<ele>984.56</ele>
				<time>2026-05-20T19:15:05.110Z</time>
			</trkpt>
			<trkpt lat="45.18418" lon="2.71862">
				<ele>984.25</ele>
				<time>2026-05-20T19:15:06.181Z</time>
			</trkpt>
			<trkpt lat="45.1834" lon="2.71913">
				<ele>987.03</ele>
				<time>2026-05-20T19:15:12.354Z</time>
			</trkpt>
			<trkpt lat="45.1824" lon="2.71993">
				<ele>992.33</ele>
				<time>2026-05-20T19:15:20.488Z</time>
			</trkpt>
			<trkpt lat="45.18223" lon="2.72003">
				<ele>993.31</ele>
				<time>2026-05-20T19:15:21.780Z</time>
			</trkpt>
			<trkpt lat="45.18195" lon="2.72009">
				<ele>994.34</ele>
				<time>2026-05-20T19:15:23.761Z</time>
			</trkpt>
			<trkpt lat="45.1809" lon="2.71993">
				<ele>994.08</ele>
				<time>2026-05-20T19:15:31.077Z</time>
			</trkpt>
			<trkpt lat="45.17809" lon="2.7192">
				<ele>988.27</ele>
				<time>2026-05-20T19:15:50.335Z</time>
			</trkpt>
			<trkpt lat="45.17694" lon="2.71893">
				<ele>987.98</ele>
				<time>2026-05-20T19:15:57.977Z</time>
			</trkpt>
			<trkpt lat="45.17678" lon="2.71885">
				<ele>988.68</ele>
				<time>2026-05-20T19:15:59.079Z</time>
			</trkpt>
			<trkpt lat="45.17664" lon="2.71875">
				<ele>989.49</ele>
				<time>2026-05-20T19:16:00.095Z</time>
			</trkpt>
			<trkpt lat="45.17605" lon="2.7181">
				<ele>991.61</ele>
				<time>2026-05-20T19:16:04.908Z</time>
			</trkpt>
			<trkpt lat="45.17591" lon="2.71798">
				<ele>992.07</ele>
				<time>2026-05-20T19:16:05.956Z</time>
			</trkpt>
			<trkpt lat="45.1743" lon="2.71683">
				<ele>992.99</ele>
				<time>2026-05-20T19:16:17.350Z</time>
			</trkpt>
			<trkpt lat="45.17408" lon="2.71668">
				<ele>994.23</ele>
				<time>2026-05-20T19:16:18.872Z</time>
			</trkpt>
			<trkpt lat="45.17313" lon="2.716">
				<ele>1003.93</ele>
				<time>2026-05-20T19:16:25.451Z</time>
			</trkpt>
			<trkpt lat="45.173" lon="2.71588">
				<ele>1004.88</ele>
				<time>2026-05-20T19:16:26.403Z</time>
			</trkpt>
			<trkpt lat="45.17252" lon="2.71537">
				<ele>1005</ele>
				<time>2026-05-20T19:16:30.064Z</time>
			</trkpt>
			<trkpt lat="45.17233" lon="2.71521">
				<ele>1005.7</ele>
				<time>2026-05-20T19:16:31.406Z</time>
			</trkpt>
			<trkpt lat="45.17198" lon="2.71501">
				<ele>1009.4</ele>
				<time>2026-05-20T19:16:33.690Z</time>
			</trkpt>
			<trkpt lat="45.17141" lon="2.71475">
				<ele>1011.87</ele>
				<time>2026-05-20T19:16:37.290Z</time>
			</trkpt>
			<trkpt lat="45.1709" lon="2.71437">
				<ele>1011.69</ele>
				<time>2026-05-20T19:16:40.729Z</time>
			</trkpt>
			<trkpt lat="45.17074" lon="2.71427">
				<ele>1011.83</ele>
				<time>2026-05-20T19:16:41.768Z</time>
			</trkpt>
			<trkpt lat="45.17047" lon="2.71419">
				<ele>1012.74</ele>
				<time>2026-05-20T19:16:43.403Z</time>
			</trkpt>
			<trkpt lat="45.16981" lon="2.71408">
				<ele>1013.43</ele>
				<time>2026-05-20T19:16:47.318Z</time>
			</trkpt>
			<trkpt lat="45.16927" lon="2.71397">
				<ele>1014.54</ele>
				<time>2026-05-20T19:16:50.509Z</time>
			</trkpt>
			<trkpt lat="45.16912" lon="2.71396">
				<ele>1015.44</ele>
				<time>2026-05-20T19:16:51.384Z</time>
			</trkpt>
			<trkpt lat="45.16896" lon="2.71401">
				<ele>1016.15</ele>
				<time>2026-05-20T19:16:52.336Z</time>
			</trkpt>
			<trkpt lat="45.16873" lon="2.71419">
				<ele>1017.05</ele>
				<time>2026-05-20T19:16:53.860Z</time>
			</trkpt>
			<trkpt lat="45.16861" lon="2.71425">
				<ele>1017.31</ele>
				<time>2026-05-20T19:16:54.596Z</time>
			</trkpt>
			<trkpt lat="45.16834" lon="2.71427">
				<ele>1018.71</ele>
				<time>2026-05-20T19:16:56.156Z</time>
			</trkpt>
			<trkpt lat="45.16824" lon="2.71425">
				<ele>1019.35</ele>
				<time>2026-05-20T19:16:56.738Z</time>
			</trkpt>
			<trkpt lat="45.16781" lon="2.71404">
				<ele>1019.92</ele>
				<time>2026-05-20T19:16:59.349Z</time>
			</trkpt>
			<trkpt lat="45.16739" lon="2.71397">
				<ele>1021.47</ele>
				<time>2026-05-20T19:17:01.764Z</time>
			</trkpt>
			<trkpt lat="45.1673" lon="2.71388">
				<ele>1020.96</ele>
				<time>2026-05-20T19:17:02.391Z</time>
			</trkpt>
			<trkpt lat="45.1672" lon="2.71374">
				<ele>1020.6</ele>
				<time>2026-05-20T19:17:03.190Z</time>
			</trkpt>
			<trkpt lat="45.16662" lon="2.71265">
				<ele>1017.34</ele>
				<time>2026-05-20T19:17:08.631Z</time>
			</trkpt>
			<trkpt lat="45.16653" lon="2.71232">
				<ele>1016.05</ele>
				<time>2026-05-20T19:17:10.031Z</time>
			</trkpt>
			<trkpt lat="45.16646" lon="2.71195">
				<ele>1014.76</ele>
				<time>2026-05-20T19:17:11.542Z</time>
			</trkpt>
			<trkpt lat="45.16645" lon="2.71157">
				<ele>1014.34</ele>
				<time>2026-05-20T19:17:13.038Z</time>
			</trkpt>
			<trkpt lat="45.16647" lon="2.71124">
				<ele>1015.66</ele>
				<time>2026-05-20T19:17:14.338Z</time>
			</trkpt>
			<trkpt lat="45.16642" lon="2.71109">
				<ele>1016.2</ele>
				<time>2026-05-20T19:17:14.987Z</time>
			</trkpt>
			<trkpt lat="45.16638" lon="2.711">
				<ele>1016.35</ele>
				<time>2026-05-20T19:17:15.403Z</time>
			</trkpt>
			<trkpt lat="45.16628" lon="2.7109">
				<ele>1016.16</ele>
				<time>2026-05-20T19:17:16.082Z</time>
			</trkpt>
			<trkpt lat="45.16574" lon="2.71052">
				<ele>1015.1</ele>
				<time>2026-05-20T19:17:19.409Z</time>
			</trkpt>
			<trkpt lat="45.16567" lon="2.71045">
				<ele>1015.36</ele>
				<time>2026-05-20T19:17:19.880Z</time>
			</trkpt>
			<trkpt lat="45.16557" lon="2.71022">
				<ele>1016.18</ele>
				<time>2026-05-20T19:17:20.926Z</time>
			</trkpt>
			<trkpt lat="45.16535" lon="2.70953">
				<ele>1019.18</ele>
				<time>2026-05-20T19:17:23.847Z</time>
			</trkpt>
			<trkpt lat="45.16534" lon="2.70941">
				<ele>1019.34</ele>
				<time>2026-05-20T19:17:24.312Z</time>
			</trkpt>
			<trkpt lat="45.16534" lon="2.70898">
				<ele>1021.59</ele>
				<time>2026-05-20T19:17:25.962Z</time>
			</trkpt>
			<trkpt lat="45.16532" lon="2.70887">
				<ele>1022.24</ele>
				<time>2026-05-20T19:17:26.397Z</time>
			</trkpt>
			<trkpt lat="45.16524" lon="2.70872">
				<ele>1023.05</ele>
				<time>2026-05-20T19:17:27.117Z</time>
			</trkpt>
			<trkpt lat="45.1649" lon="2.70849">
				<ele>1024.41</ele>
				<time>2026-05-20T19:17:29.155Z</time>
			</trkpt>
			<trkpt lat="45.16443" lon="2.70823">
				<ele>1027.36</ele>
				<time>2026-05-20T19:17:31.873Z</time>
			</trkpt>
			<trkpt lat="45.16413" lon="2.70801">
				<ele>1029.01</ele>
				<time>2026-05-20T19:17:33.685Z</time>
			</trkpt>
			<trkpt lat="45.16396" lon="2.70792">
				<ele>1029.33</ele>
				<time>2026-05-20T19:17:34.656Z</time>
			</trkpt>
			<trkpt lat="45.16341" lon="2.70769">
				<ele>1031.99</ele>
				<time>2026-05-20T19:17:37.712Z</time>
			</trkpt>
			<trkpt lat="45.16322" lon="2.70758">
				<ele>1032.97</ele>
				<time>2026-05-20T19:17:38.802Z</time>
			</trkpt>
			<trkpt lat="45.16302" lon="2.70738">
				<ele>1034</ele>
				<time>2026-05-20T19:17:40.099Z</time>
			</trkpt>
			<trkpt lat="45.16296" lon="2.70736">
				<ele>1034</ele>
				<time>2026-05-20T19:17:40.426Z</time>
			</trkpt>
			<trkpt lat="45.16262" lon="2.70735">
				<ele>1032.9</ele>
				<time>2026-05-20T19:17:42.222Z</time>
			</trkpt>
			<trkpt lat="45.16252" lon="2.7073">
				<ele>1032.14</ele>
				<time>2026-05-20T19:17:42.781Z</time>
			</trkpt>
			<trkpt lat="45.16238" lon="2.70719">
				<ele>1032.04</ele>
				<time>2026-05-20T19:17:43.623Z</time>
			</trkpt>
			<trkpt lat="45.16212" lon="2.70704">
				<ele>1032.51</ele>
				<time>2026-05-20T19:17:45.098Z</time>
			</trkpt>
			<trkpt lat="45.16197" lon="2.70699">
				<ele>1032.66</ele>
				<time>2026-05-20T19:17:45.906Z</time>
			</trkpt>
			<trkpt lat="45.16178" lon="2.70698">
				<ele>1033.81</ele>
				<time>2026-05-20T19:17:46.901Z</time>
			</trkpt>
			<trkpt lat="45.16107" lon="2.70714">
				<ele>1035.92</ele>
				<time>2026-05-20T19:17:50.649Z</time>
			</trkpt>
			<trkpt lat="45.16094" lon="2.70713">
				<ele>1036.11</ele>
				<time>2026-05-20T19:17:51.325Z</time>
			</trkpt>
			<trkpt lat="45.16083" lon="2.70708">
				<ele>1037.02</ele>
				<time>2026-05-20T19:17:51.925Z</time>
			</trkpt>
			<trkpt lat="45.16071" lon="2.70698">
				<ele>1037.57</ele>
				<time>2026-05-20T19:17:52.646Z</time>
			</trkpt>
			<trkpt lat="45.16058" lon="2.70676">
				<ele>1037.95</ele>
				<time>2026-05-20T19:17:53.693Z</time>
			</trkpt>
			<trkpt lat="45.16046" lon="2.70635">
				<ele>1038.04</ele>
				<time>2026-05-20T19:17:55.309Z</time>
			</trkpt>
			<trkpt lat="45.16039" lon="2.70626">
				<ele>1038.25</ele>
				<time>2026-05-20T19:17:55.796Z</time>
			</trkpt>
			<trkpt lat="45.16031" lon="2.70618">
				<ele>1038.61</ele>
				<time>2026-05-20T19:17:56.300Z</time>
			</trkpt>
			<trkpt lat="45.15903" lon="2.70581">
				<ele>1038.54</ele>
				<time>2026-05-20T19:18:02.989Z</time>
			</trkpt>
			<trkpt lat="45.15884" lon="2.70573">
				<ele>1039.34</ele>
				<time>2026-05-20T19:18:03.998Z</time>
			</trkpt>
			<trkpt lat="45.15822" lon="2.70545">
				<ele>1038.62</ele>
				<time>2026-05-20T19:18:07.298Z</time>
			</trkpt>
			<trkpt lat="45.15811" lon="2.70537">
				<ele>1038.22</ele>
				<time>2026-05-20T19:18:07.923Z</time>
			</trkpt>
			<trkpt lat="45.15785" lon="2.7051">
				<ele>1037.26</ele>
				<time>2026-05-20T19:18:09.550Z</time>
			</trkpt>
			<trkpt lat="45.15756" lon="2.70479">
				<ele>1036.22</ele>
				<time>2026-05-20T19:18:11.378Z</time>
			</trkpt>
			<trkpt lat="45.1575" lon="2.7047">
				<ele>1036.02</ele>
				<time>2026-05-20T19:18:11.817Z</time>
			</trkpt>
			<trkpt lat="45.15726" lon="2.70369">
				<ele>1036.87</ele>
				<time>2026-05-20T19:18:15.584Z</time>
			</trkpt>
			<trkpt lat="45.1572" lon="2.70349">
				<ele>1037.33</ele>
				<time>2026-05-20T19:18:16.349Z</time>
			</trkpt>
			<trkpt lat="45.15707" lon="2.70328">
				<ele>1037.8</ele>
				<time>2026-05-20T19:18:17.332Z</time>
			</trkpt>
			<trkpt lat="45.15699" lon="2.70321">
				<ele>1037.75</ele>
				<time>2026-05-20T19:18:17.801Z</time>
			</trkpt>
			<trkpt lat="45.15584" lon="2.70262">
				<ele>1039.69</ele>
				<time>2026-05-20T19:18:23.869Z</time>
			</trkpt>
			<trkpt lat="45.15568" lon="2.70259">
				<ele>1039.38</ele>
				<time>2026-05-20T19:18:24.667Z</time>
			</trkpt>
			<trkpt lat="45.15549" lon="2.7026">
				<ele>1038.87</ele>
				<time>2026-05-20T19:18:25.605Z</time>
			</trkpt>
			<trkpt lat="45.15505" lon="2.70269">
				<ele>1038.11</ele>
				<time>2026-05-20T19:18:27.794Z</time>
			</trkpt>
			<trkpt lat="45.15495" lon="2.70268">
				<ele>1038.08</ele>
				<time>2026-05-20T19:18:28.287Z</time>
			</trkpt>
			<trkpt lat="45.15485" lon="2.70265">
				<ele>1038.04</ele>
				<time>2026-05-20T19:18:28.789Z</time>
			</trkpt>
			<trkpt lat="45.15467" lon="2.70251">
				<ele>1038.68</ele>
				<time>2026-05-20T19:18:29.797Z</time>
			</trkpt>
			<trkpt lat="45.15445" lon="2.70238">
				<ele>1039.69</ele>
				<time>2026-05-20T19:18:30.965Z</time>
			</trkpt>
			<trkpt lat="45.15418" lon="2.70231">
				<ele>1040.03</ele>
				<time>2026-05-20T19:18:32.309Z</time>
			</trkpt>
			<trkpt lat="45.15376" lon="2.70225">
				<ele>1038.73</ele>
				<time>2026-05-20T19:18:34.371Z</time>
			</trkpt>
			<trkpt lat="45.15357" lon="2.70217">
				<ele>1039.14</ele>
				<time>2026-05-20T19:18:35.338Z</time>
			</trkpt>
			<trkpt lat="45.15338" lon="2.70205">
				<ele>1038.88</ele>
				<time>2026-05-20T19:18:36.351Z</time>
			</trkpt>
			<trkpt lat="45.15287" lon="2.7016">
				<ele>1040.59</ele>
				<time>2026-05-20T19:18:39.271Z</time>
			</trkpt>
			<trkpt lat="45.15258" lon="2.70137">
				<ele>1041.12</ele>
				<time>2026-05-20T19:18:40.882Z</time>
			</trkpt>
			<trkpt lat="45.15224" lon="2.70117">
				<ele>1039.56</ele>
				<time>2026-05-20T19:18:42.664Z</time>
			</trkpt>
			<trkpt lat="45.15193" lon="2.70093">
				<ele>1040.5</ele>
				<time>2026-05-20T19:18:44.371Z</time>
			</trkpt>
			<trkpt lat="45.15133" lon="2.70038">
				<ele>1045.54</ele>
				<time>2026-05-20T19:18:47.815Z</time>
			</trkpt>
			<trkpt lat="45.1511" lon="2.7002">
				<ele>1046.33</ele>
				<time>2026-05-20T19:18:49.079Z</time>
			</trkpt>
			<trkpt lat="45.15075" lon="2.70001">
				<ele>1046.24</ele>
				<time>2026-05-20T19:18:50.879Z</time>
			</trkpt>
			<trkpt lat="45.14965" lon="2.69954">
				<ele>1051.88</ele>
				<time>2026-05-20T19:18:56.381Z</time>
			</trkpt>
			<trkpt lat="45.14945" lon="2.6994">
				<ele>1050.63</ele>
				<time>2026-05-20T19:18:57.447Z</time>
			</trkpt>
			<trkpt lat="45.14907" lon="2.69899">
				<ele>1049.96</ele>
				<time>2026-05-20T19:18:59.725Z</time>
			</trkpt>
			<trkpt lat="45.14882" lon="2.69877">
				<ele>1049.22</ele>
				<time>2026-05-20T19:19:01.127Z</time>
			</trkpt>
			<trkpt lat="45.14812" lon="2.69848">
				<ele>1049.61</ele>
				<time>2026-05-20T19:19:04.597Z</time>
			</trkpt>
			<trkpt lat="45.1477" lon="2.69817">
				<ele>1047.38</ele>
				<time>2026-05-20T19:19:06.846Z</time>
			</trkpt>
			<trkpt lat="45.14758" lon="2.69812">
				<ele>1046.39</ele>
				<time>2026-05-20T19:19:07.439Z</time>
			</trkpt>
			<trkpt lat="45.14746" lon="2.6981">
				<ele>1045.23</ele>
				<time>2026-05-20T19:19:08.013Z</time>
			</trkpt>
			<trkpt lat="45.14735" lon="2.69811">
				<ele>1043.98</ele>
				<time>2026-05-20T19:19:08.536Z</time>
			</trkpt>
			<trkpt lat="45.14726" lon="2.69815">
				<ele>1042.8</ele>
				<time>2026-05-20T19:19:08.983Z</time>
			</trkpt>
			<trkpt lat="45.14695" lon="2.69833">
				<ele>1040.06</ele>
				<time>2026-05-20T19:19:10.570Z</time>
			</trkpt>
			<trkpt lat="45.14674" lon="2.69844">
				<ele>1040.82</ele>
				<time>2026-05-20T19:19:11.631Z</time>
			</trkpt>
			<trkpt lat="45.14656" lon="2.69849">
				<ele>1041.21</ele>
				<time>2026-05-20T19:19:12.499Z</time>
			</trkpt>
			<trkpt lat="45.14443" lon="2.69857">
				<ele>1041.87</ele>
				<time>2026-05-20T19:19:22.567Z</time>
			</trkpt>
			<trkpt lat="45.14404" lon="2.69848">
				<ele>1041.74</ele>
				<time>2026-05-20T19:19:24.430Z</time>
			</trkpt>
			<trkpt lat="45.14288" lon="2.69802">
				<ele>1044.34</ele>
				<time>2026-05-20T19:19:30.109Z</time>
			</trkpt>
			<trkpt lat="45.14251" lon="2.69776">
				<ele>1043.06</ele>
				<time>2026-05-20T19:19:32.054Z</time>
			</trkpt>
			<trkpt lat="45.14138" lon="2.69676">
				<ele>1047.99</ele>
				<time>2026-05-20T19:19:38.331Z</time>
			</trkpt>
			<trkpt lat="45.14125" lon="2.6967">
				<ele>1047.59</ele>
				<time>2026-05-20T19:19:38.976Z</time>
			</trkpt>
			<trkpt lat="45.14109" lon="2.69669">
				<ele>1047.16</ele>
				<time>2026-05-20T19:19:39.731Z</time>
			</trkpt>
			<trkpt lat="45.13838" lon="2.69736">
				<ele>1064.45</ele>
				<time>2026-05-20T19:19:52.716Z</time>
			</trkpt>
			<trkpt lat="45.13819" lon="2.69744">
				<ele>1065.88</ele>
				<time>2026-05-20T19:19:53.653Z</time>
			</trkpt>
			<trkpt lat="45.13807" lon="2.69754">
				<ele>1066.97</ele>
				<time>2026-05-20T19:19:54.312Z</time>
			</trkpt>
			<trkpt lat="45.13797" lon="2.69769">
				<ele>1068.72</ele>
				<time>2026-05-20T19:19:55.001Z</time>
			</trkpt>
			<trkpt lat="45.13775" lon="2.69841">
				<ele>1073.57</ele>
				<time>2026-05-20T19:19:57.623Z</time>
			</trkpt>
			<trkpt lat="45.13768" lon="2.69857">
				<ele>1075.52</ele>
				<time>2026-05-20T19:19:58.253Z</time>
			</trkpt>
			<trkpt lat="45.13759" lon="2.69865">
				<ele>1077.84</ele>
				<time>2026-05-20T19:19:58.756Z</time>
			</trkpt>
			<trkpt lat="45.13748" lon="2.69865">
				<ele>1079.79</ele>
				<time>2026-05-20T19:19:59.278Z</time>
			</trkpt>
			<trkpt lat="45.13739" lon="2.6986">
				<ele>1080.14</ele>
				<time>2026-05-20T19:19:59.737Z</time>
			</trkpt>
			<trkpt lat="45.1373" lon="2.6985">
				<ele>1080.93</ele>
				<time>2026-05-20T19:20:00.279Z</time>
			</trkpt>
			<trkpt lat="45.13701" lon="2.69794">
				<ele>1083.51</ele>
				<time>2026-05-20T19:20:02.607Z</time>
			</trkpt>
			<trkpt lat="45.13687" lon="2.69784">
				<ele>1085.12</ele>
				<time>2026-05-20T19:20:03.352Z</time>
			</trkpt>
			<trkpt lat="45.1362" lon="2.6977">
				<ele>1088.74</ele>
				<time>2026-05-20T19:20:06.576Z</time>
			</trkpt>
			<trkpt lat="45.13547" lon="2.69731">
				<ele>1093.85</ele>
				<time>2026-05-20T19:20:10.297Z</time>
			</trkpt>
			<trkpt lat="45.13537" lon="2.6973">
				<ele>1094.08</ele>
				<time>2026-05-20T19:20:10.776Z</time>
			</trkpt>
			<trkpt lat="45.1353" lon="2.69732">
				<ele>1094.31</ele>
				<time>2026-05-20T19:20:11.118Z</time>
			</trkpt>
			<trkpt lat="45.13523" lon="2.69738">
				<ele>1094.87</ele>
				<time>2026-05-20T19:20:11.509Z</time>
			</trkpt>
			<trkpt lat="45.13519" lon="2.69749">
				<ele>1095.54</ele>
				<time>2026-05-20T19:20:11.926Z</time>
			</trkpt>
			<trkpt lat="45.13512" lon="2.69893">
				<ele>1106.11</ele>
				<time>2026-05-20T19:20:16.806Z</time>
			</trkpt>
			<trkpt lat="45.135" lon="2.69937">
				<ele>1111.5</ele>
				<time>2026-05-20T19:20:18.405Z</time>
			</trkpt>
			<trkpt lat="45.13499" lon="2.6995">
				<ele>1112.63</ele>
				<time>2026-05-20T19:20:18.849Z</time>
			</trkpt>
			<trkpt lat="45.13502" lon="2.6997">
				<ele>1113.38</ele>
				<time>2026-05-20T19:20:19.543Z</time>
			</trkpt>
			<trkpt lat="45.13515" lon="2.69999">
				<ele>1115.08</ele>
				<time>2026-05-20T19:20:20.710Z</time>
			</trkpt>
			<trkpt lat="45.13517" lon="2.70009">
				<ele>1116.12</ele>
				<time>2026-05-20T19:20:21.064Z</time>
			</trkpt>
			<trkpt lat="45.13517" lon="2.7002">
				<ele>1118.39</ele>
				<time>2026-05-20T19:20:21.438Z</time>
			</trkpt>
			<trkpt lat="45.13513" lon="2.70025">
				<ele>1120.59</ele>
				<time>2026-05-20T19:20:21.695Z</time>
			</trkpt>
			<trkpt lat="45.13508" lon="2.70026">
				<ele>1122.67</ele>
				<time>2026-05-20T19:20:21.939Z</time>
			</trkpt>
			<trkpt lat="45.13502" lon="2.70018">
				<ele>1123.27</ele>
				<time>2026-05-20T19:20:22.336Z</time>
			</trkpt>
			<trkpt lat="45.13414" lon="2.69881">
				<ele>1130.99</ele>
				<time>2026-05-20T19:20:28.664Z</time>
			</trkpt>
			<trkpt lat="45.13403" lon="2.69871">
				<ele>1131.22</ele>
				<time>2026-05-20T19:20:29.299Z</time>
			</trkpt>
			<trkpt lat="45.13389" lon="2.69864">
				<ele>1133.36</ele>
				<time>2026-05-20T19:20:30.021Z</time>
			</trkpt>
			<trkpt lat="45.13282" lon="2.69844">
				<ele>1150.63</ele>
				<time>2026-05-20T19:20:35.286Z</time>
			</trkpt>
			<trkpt lat="45.13262" lon="2.69835">
				<ele>1153.43</ele>
				<time>2026-05-20T19:20:36.314Z</time>
			</trkpt>
			<trkpt lat="45.1322" lon="2.69801">
				<ele>1159.43</ele>
				<time>2026-05-20T19:20:38.687Z</time>
			</trkpt>
			<trkpt lat="45.13172" lon="2.6977">
				<ele>1166.34</ele>
				<time>2026-05-20T19:20:41.283Z</time>
			</trkpt>
			<trkpt lat="45.13151" lon="2.69728">
				<ele>1165.85</ele>
				<time>2026-05-20T19:20:43.075Z</time>
			</trkpt>
			<trkpt lat="45.13144" lon="2.69723">
				<ele>1166.5</ele>
				<time>2026-05-20T19:20:43.462Z</time>
			</trkpt>
			<trkpt lat="45.13139" lon="2.69725">
				<ele>1168.61</ele>
				<time>2026-05-20T19:20:43.719Z</time>
			</trkpt>
			<trkpt lat="45.13136" lon="2.69735">
				<ele>1172.15</ele>
				<time>2026-05-20T19:20:44.098Z</time>
			</trkpt>
			<trkpt lat="45.13159" lon="2.69776">
				<ele>1172.95</ele>
				<time>2026-05-20T19:20:45.929Z</time>
			</trkpt>
			<trkpt lat="45.13184" lon="2.69848">
				<ele>1184.37</ele>
				<time>2026-05-20T19:20:48.741Z</time>
			</trkpt>
			<trkpt lat="45.1323" lon="2.69901">
				<ele>1181.87</ele>
				<time>2026-05-20T19:20:51.698Z</time>
			</trkpt>
			<trkpt lat="45.13235" lon="2.69952">
				<ele>1191.26</ele>
				<time>2026-05-20T19:20:53.516Z</time>
			</trkpt>
			<trkpt lat="45.13242" lon="2.69983">
				<ele>1195.36</ele>
				<time>2026-05-20T19:20:54.668Z</time>
			</trkpt>
			<trkpt lat="45.13304" lon="2.70058">
				<ele>1197.04</ele>
				<time>2026-05-20T19:20:58.772Z</time>
			</trkpt>
			<trkpt lat="45.13327" lon="2.70097">
				<ele>1200.15</ele>
				<time>2026-05-20T19:21:00.586Z</time>
			</trkpt>
			<trkpt lat="45.13336" lon="2.70126">
				<ele>1202.31</ele>
				<time>2026-05-20T19:21:01.719Z</time>
			</trkpt>
			<trkpt lat="45.13328" lon="2.70152">
				<ele>1207.54</ele>
				<time>2026-05-20T19:21:02.735Z</time>
			</trkpt>
			<trkpt lat="45.13318" lon="2.70178">
				<ele>1213.44</ele>
				<time>2026-05-20T19:21:03.797Z</time>
			</trkpt>
			<trkpt lat="45.13332" lon="2.70226">
				<ele>1214.16</ele>
				<time>2026-05-20T19:21:05.665Z</time>
			</trkpt>
			<trkpt lat="45.13345" lon="2.70259">
				<ele>1218.98</ele>
				<time>2026-05-20T19:21:07.027Z</time>
			</trkpt>
			<trkpt lat="45.13358" lon="2.70278">
				<ele>1221.85</ele>
				<time>2026-05-20T19:21:07.983Z</time>
			</trkpt>
			<trkpt lat="45.13399" lon="2.70322">
				<ele>1217.11</ele>
				<time>2026-05-20T19:21:10.624Z</time>
			</trkpt>
			<trkpt lat="45.13405" lon="2.70334">
				<ele>1218.28</ele>
				<time>2026-05-20T19:21:11.158Z</time>
			</trkpt>
			<trkpt lat="45.13406" lon="2.70343">
				<ele>1219.82</ele>
				<time>2026-05-20T19:21:11.489Z</time>
			</trkpt>
			<trkpt lat="45.13406" lon="2.7035">
				<ele>1221.61</ele>
				<time>2026-05-20T19:21:11.743Z</time>
			</trkpt>
			<trkpt lat="45.13403" lon="2.70356">
				<ele>1224.31</ele>
				<time>2026-05-20T19:21:12.011Z</time>
			</trkpt>
			<trkpt lat="45.13398" lon="2.70358">
				<ele>1226.41</ele>
				<time>2026-05-20T19:21:12.279Z</time>
			</trkpt>
			<trkpt lat="45.13394" lon="2.70356">
				<ele>1227.4</ele>
				<time>2026-05-20T19:21:12.498Z</time>
			</trkpt>
			<trkpt lat="45.13375" lon="2.70326">
				<ele>1227.88</ele>
				<time>2026-05-20T19:21:13.967Z</time>
			</trkpt>
			<trkpt lat="45.13361" lon="2.70313">
				<ele>1230.12</ele>
				<time>2026-05-20T19:21:14.834Z</time>
			</trkpt>
			<trkpt lat="45.13323" lon="2.70302">
				<ele>1242.64</ele>
				<time>2026-05-20T19:21:16.847Z</time>
			</trkpt>
			<trkpt lat="45.13276" lon="2.70282">
				<ele>1246.38</ele>
				<time>2026-05-20T19:21:19.404Z</time>
			</trkpt>
			<trkpt lat="45.13253" lon="2.70261">
				<ele>1246.58</ele>
				<time>2026-05-20T19:21:20.835Z</time>
			</trkpt>
			<trkpt lat="45.13229" lon="2.70225">
				<ele>1244.85</ele>
				<time>2026-05-20T19:21:22.667Z</time>
			</trkpt>
			<trkpt lat="45.13181" lon="2.70119">
				<ele>1246.25</ele>
				<time>2026-05-20T19:21:27.353Z</time>
			</trkpt>
			<trkpt lat="45.13158" lon="2.70077">
				<ele>1249.88</ele>
				<time>2026-05-20T19:21:29.343Z</time>
			</trkpt>
			<trkpt lat="45.13135" lon="2.70027">
				<ele>1260.47</ele>
				<time>2026-05-20T19:21:31.586Z</time>
			</trkpt>
			<trkpt lat="45.13109" lon="2.69989">
				<ele>1261.18</ele>
				<time>2026-05-20T19:21:33.583Z</time>
			</trkpt>
			<trkpt lat="45.13069" lon="2.6995">
				<ele>1262.53</ele>
				<time>2026-05-20T19:21:36.189Z</time>
			</trkpt>
			<trkpt lat="45.13021" lon="2.69912">
				<ele>1268.61</ele>
				<time>2026-05-20T19:21:39.157Z</time>
			</trkpt>
			<trkpt lat="45.12971" lon="2.69904">
				<ele>1275.41</ele>
				<time>2026-05-20T19:21:41.887Z</time>
			</trkpt>
			<trkpt lat="45.12925" lon="2.69882">
				<ele>1276.9</ele>
				<time>2026-05-20T19:21:44.535Z</time>
			</trkpt>
			<trkpt lat="45.12876" lon="2.69838">
				<ele>1286.21</ele>
				<time>2026-05-20T19:21:47.716Z</time>
			</trkpt>
			<trkpt lat="45.12845" lon="2.6982">
				<ele>1296.66</ele>
				<time>2026-05-20T19:21:49.563Z</time>
			</trkpt>
			<trkpt lat="45.12835" lon="2.69806">
				<ele>1297.17</ele>
				<time>2026-05-20T19:21:50.339Z</time>
			</trkpt>
			<trkpt lat="45.12825" lon="2.69786">
				<ele>1292.98</ele>
				<time>2026-05-20T19:21:51.296Z</time>
			</trkpt>
			<trkpt lat="45.12801" lon="2.69761">
				<ele>1292.46</ele>
				<time>2026-05-20T19:21:52.949Z</time>
			</trkpt>
			<trkpt lat="45.12776" lon="2.69752">
				<ele>1298.79</ele>
				<time>2026-05-20T19:21:54.385Z</time>
			</trkpt>
			<trkpt lat="45.12759" lon="2.69736">
				<ele>1299.45</ele>
				<time>2026-05-20T19:21:55.523Z</time>
			</trkpt>
			<trkpt lat="45.12748" lon="2.69718">
				<ele>1297.43</ele>
				<time>2026-05-20T19:21:56.463Z</time>
			</trkpt>
			<trkpt lat="45.1274" lon="2.69714">
				<ele>1298.43</ele>
				<time>2026-05-20T19:21:56.938Z</time>
			</trkpt>
			<trkpt lat="45.12735" lon="2.69717">
				<ele>1301.12</ele>
				<time>2026-05-20T19:21:57.242Z</time>
			</trkpt>
			<trkpt lat="45.12731" lon="2.69728">
				<ele>1306.16</ele>
				<time>2026-05-20T19:21:57.732Z</time>
			</trkpt>
			<trkpt lat="45.12733" lon="2.69737">
				<ele>1309.51</ele>
				<time>2026-05-20T19:21:58.105Z</time>
			</trkpt>
			<trkpt lat="45.12737" lon="2.69744">
				<ele>1310.96</ele>
				<time>2026-05-20T19:21:58.462Z</time>
			</trkpt>
			<trkpt lat="45.12752" lon="2.69751">
				<ele>1308.78</ele>
				<time>2026-05-20T19:21:59.350Z</time>
			</trkpt>
			<trkpt lat="45.12798" lon="2.69788">
				<ele>1304.53</ele>
				<time>2026-05-20T19:22:02.336Z</time>
			</trkpt>
			<trkpt lat="45.12809" lon="2.69806">
				<ele>1307.54</ele>
				<time>2026-05-20T19:22:03.289Z</time>
			</trkpt>
			<trkpt lat="45.12825" lon="2.69847">
				<ele>1314.57</ele>
				<time>2026-05-20T19:22:05.168Z</time>
			</trkpt>
			<trkpt lat="45.12847" lon="2.6987">
				<ele>1309.09</ele>
				<time>2026-05-20T19:22:06.727Z</time>
			</trkpt>
			<trkpt lat="45.12862" lon="2.69908">
				<ele>1313.13</ele>
				<time>2026-05-20T19:22:08.485Z</time>
			</trkpt>
			<trkpt lat="45.12891" lon="2.6995">
				<ele>1321.97</ele>
				<time>2026-05-20T19:22:10.868Z</time>
			</trkpt>
			<trkpt lat="45.12939" lon="2.70001">
				<ele>1324.68</ele>
				<time>2026-05-20T19:22:14.336Z</time>
			</trkpt>
			<trkpt lat="45.12984" lon="2.70031">
				<ele>1324.33</ele>
				<time>2026-05-20T19:22:17.230Z</time>
			</trkpt>
			<trkpt lat="45.13013" lon="2.7008">
				<ele>1328.27</ele>
				<time>2026-05-20T19:22:19.870Z</time>
			</trkpt>
			<trkpt lat="45.1305" lon="2.70119">
				<ele>1326.78</ele>
				<time>2026-05-20T19:22:22.584Z</time>
			</trkpt>
			<trkpt lat="45.13056" lon="2.70133">
				<ele>1328.53</ele>
				<time>2026-05-20T19:22:23.266Z</time>
			</trkpt>
			<trkpt lat="45.1306" lon="2.70149">
				<ele>1329.82</ele>
				<time>2026-05-20T19:22:23.974Z</time>
			</trkpt>
			<trkpt lat="45.13048" lon="2.70241">
				<ele>1328.63</ele>
				<time>2026-05-20T19:22:27.896Z</time>
			</trkpt>
			<trkpt lat="45.13043" lon="2.70265">
				<ele>1329.01</ele>
				<time>2026-05-20T19:22:28.951Z</time>
			</trkpt>
			<trkpt lat="45.13034" lon="2.70281">
				<ele>1329.54</ele>
				<time>2026-05-20T19:22:29.815Z</time>
			</trkpt>
			<trkpt lat="45.13025" lon="2.70267">
				<ele>1329.48</ele>
				<time>2026-05-20T19:22:30.616Z</time>
			</trkpt>
			<trkpt lat="45.13015" lon="2.7026">
				<ele>1329.15</ele>
				<time>2026-05-20T19:22:31.285Z</time>
			</trkpt>
			<trkpt lat="45.12984" lon="2.70243">
				<ele>1330.25</ele>
				<time>2026-05-20T19:22:33.287Z</time>
			</trkpt>
			<trkpt lat="45.12961" lon="2.70237">
				<ele>1330.53</ele>
				<time>2026-05-20T19:22:34.700Z</time>
			</trkpt>
			<trkpt lat="45.12946" lon="2.70234">
				<ele>1329.98</ele>
				<time>2026-05-20T19:22:35.617Z</time>
			</trkpt>
			<trkpt lat="45.12925" lon="2.70226">
				<ele>1331.97</ele>
				<time>2026-05-20T19:22:36.937Z</time>
			</trkpt>
			<trkpt lat="45.12873" lon="2.70188">
				<ele>1333.7</ele>
				<time>2026-05-20T19:22:40.508Z</time>
			</trkpt>
			<trkpt lat="45.12863" lon="2.70183">
				<ele>1332.88</ele>
				<time>2026-05-20T19:22:41.157Z</time>
			</trkpt>
			<trkpt lat="45.12815" lon="2.70176">
				<ele>1327.27</ele>
				<time>2026-05-20T19:22:44.126Z</time>
			</trkpt>
			<trkpt lat="45.12798" lon="2.7017">
				<ele>1328.06</ele>
				<time>2026-05-20T19:22:45.208Z</time>
			</trkpt>
			<trkpt lat="45.12784" lon="2.70163">
				<ele>1328.8</ele>
				<time>2026-05-20T19:22:46.122Z</time>
			</trkpt>
			<trkpt lat="45.12772" lon="2.70153">
				<ele>1330.08</ele>
				<time>2026-05-20T19:22:46.977Z</time>
			</trkpt>
			<trkpt lat="45.12752" lon="2.70132">
				<ele>1331.62</ele>
				<time>2026-05-20T19:22:48.498Z</time>
			</trkpt>
			<trkpt lat="45.12689" lon="2.70044">
				<ele>1337.68</ele>
				<time>2026-05-20T19:22:53.837Z</time>
			</trkpt>
			<trkpt lat="45.12656" lon="2.69977">
				<ele>1339.85</ele>
				<time>2026-05-20T19:22:57.261Z</time>
			</trkpt>
			<trkpt lat="45.12582" lon="2.69859">
				<ele>1337.07</ele>
				<time>2026-05-20T19:23:03.753Z</time>
			</trkpt>
			<trkpt lat="45.12567" lon="2.69838">
				<ele>1337.25</ele>
				<time>2026-05-20T19:23:04.964Z</time>
			</trkpt>
			<trkpt lat="45.12532" lon="2.69807">
				<ele>1341.57</ele>
				<time>2026-05-20T19:23:07.319Z</time>
			</trkpt>
			<trkpt lat="45.12499" lon="2.6978">
				<ele>1343.78</ele>
				<time>2026-05-20T19:23:09.473Z</time>
			</trkpt>
			<trkpt lat="45.12483" lon="2.69769">
				<ele>1345.44</ele>
				<time>2026-05-20T19:23:10.473Z</time>
			</trkpt>
			<trkpt lat="45.12466" lon="2.69761">
				<ele>1346</ele>
				<time>2026-05-20T19:23:11.475Z</time>
			</trkpt>
			<trkpt lat="45.12356" lon="2.69731">
				<ele>1352.86</ele>
				<time>2026-05-20T19:23:17.656Z</time>
			</trkpt>
			<trkpt lat="45.12289" lon="2.69699">
				<ele>1351.91</ele>
				<time>2026-05-20T19:23:21.479Z</time>
			</trkpt>
			<trkpt lat="45.12236" lon="2.69665">
				<ele>1353.93</ele>
				<time>2026-05-20T19:23:24.581Z</time>
			</trkpt>
			<trkpt lat="45.12179" lon="2.69635">
				<ele>1357.92</ele>
				<time>2026-05-20T19:23:27.780Z</time>
			</trkpt>
			<trkpt lat="45.1214" lon="2.69608">
				<ele>1358.17</ele>
				<time>2026-05-20T19:23:30.038Z</time>
			</trkpt>
			<trkpt lat="45.12115" lon="2.69585">
				<ele>1357.58</ele>
				<time>2026-05-20T19:23:31.576Z</time>
			</trkpt>
			<trkpt lat="45.12088" lon="2.69549">
				<ele>1361.97</ele>
				<time>2026-05-20T19:23:33.475Z</time>
			</trkpt>
			<trkpt lat="45.12075" lon="2.69536">
				<ele>1363.35</ele>
				<time>2026-05-20T19:23:34.285Z</time>
			</trkpt>
			<trkpt lat="45.12063" lon="2.69527">
				<ele>1363.8</ele>
				<time>2026-05-20T19:23:34.974Z</time>
			</trkpt>
			<trkpt lat="45.12027" lon="2.69507">
				<ele>1364.25</ele>
				<time>2026-05-20T19:23:36.926Z</time>
			</trkpt>
			<trkpt lat="45.12012" lon="2.69495">
				<ele>1364.2</ele>
				<time>2026-05-20T19:23:37.790Z</time>
			</trkpt>
			<trkpt lat="45.11979" lon="2.69461">
				<ele>1365.21</ele>
				<time>2026-05-20T19:23:39.824Z</time>
			</trkpt>
			<trkpt lat="45.11964" lon="2.69448">
				<ele>1366.14</ele>
				<time>2026-05-20T19:23:40.695Z</time>
			</trkpt>
			<trkpt lat="45.11898" lon="2.69404">
				<ele>1364.86</ele>
				<time>2026-05-20T19:23:44.273Z</time>
			</trkpt>
			<trkpt lat="45.11878" lon="2.69389">
				<ele>1365.35</ele>
				<time>2026-05-20T19:23:45.372Z</time>
			</trkpt>
			<trkpt lat="45.11768" lon="2.69284">
				<ele>1370.05</ele>
				<time>2026-05-20T19:23:51.703Z</time>
			</trkpt>
			<trkpt lat="45.11739" lon="2.69264">
				<ele>1373.44</ele>
				<time>2026-05-20T19:23:53.216Z</time>
			</trkpt>
			<trkpt lat="45.11683" lon="2.69232">
				<ele>1375.71</ele>
				<time>2026-05-20T19:23:56.020Z</time>
			</trkpt>
			<trkpt lat="45.11651" lon="2.69208">
				<ele>1375.84</ele>
				<time>2026-05-20T19:23:57.684Z</time>
			</trkpt>
			<trkpt lat="45.11627" lon="2.69182">
				<ele>1376.73</ele>
				<time>2026-05-20T19:23:59.063Z</time>
			</trkpt>
			<trkpt lat="45.11583" lon="2.69117">
				<ele>1379.26</ele>
				<time>2026-05-20T19:24:01.935Z</time>
			</trkpt>
			<trkpt lat="45.11562" lon="2.69095">
				<ele>1379.98</ele>
				<time>2026-05-20T19:24:03.105Z</time>
			</trkpt>
			<trkpt lat="45.11541" lon="2.69075">
				<ele>1380.96</ele>
				<time>2026-05-20T19:24:04.231Z</time>
			</trkpt>
			<trkpt lat="45.11439" lon="2.69006">
				<ele>1384.78</ele>
				<time>2026-05-20T19:24:09.192Z</time>
			</trkpt>
			<trkpt lat="45.11424" lon="2.68994">
				<ele>1386.5</ele>
				<time>2026-05-20T19:24:09.937Z</time>
			</trkpt>
			<trkpt lat="45.11412" lon="2.6898">
				<ele>1387.13</ele>
				<time>2026-05-20T19:24:10.608Z</time>
			</trkpt>
			<trkpt lat="45.114" lon="2.68961">
				<ele>1388.56</ele>
				<time>2026-05-20T19:24:11.382Z</time>
			</trkpt>
			<trkpt lat="45.11391" lon="2.68938">
				<ele>1389.3</ele>
				<time>2026-05-20T19:24:12.177Z</time>
			</trkpt>
			<trkpt lat="45.11386" lon="2.68911">
				<ele>1390.14</ele>
				<time>2026-05-20T19:24:13.018Z</time>
			</trkpt>
			<trkpt lat="45.11379" lon="2.68738">
				<ele>1399.44</ele>
				<time>2026-05-20T19:24:18.161Z</time>
			</trkpt>
			<trkpt lat="45.11375" lon="2.68712">
				<ele>1399.92</ele>
				<time>2026-05-20T19:24:18.940Z</time>
			</trkpt>
			<trkpt lat="45.11364" lon="2.68684">
				<ele>1401.74</ele>
				<time>2026-05-20T19:24:19.874Z</time>
			</trkpt>
			<trkpt lat="45.11358" lon="2.68673">
				<ele>1402.79</ele>
				<time>2026-05-20T19:24:20.277Z</time>
			</trkpt>
			<trkpt lat="45.11347" lon="2.68659">
				<ele>1405.54</ele>
				<time>2026-05-20T19:24:20.885Z</time>
			</trkpt>
			<trkpt lat="45.11339" lon="2.68653">
				<ele>1407.31</ele>
				<time>2026-05-20T19:24:21.255Z</time>
			</trkpt>
			<trkpt lat="45.11319" lon="2.68644">
				<ele>1410.46</ele>
				<time>2026-05-20T19:24:22.112Z</time>
			</trkpt>
			<trkpt lat="45.11295" lon="2.68639">
				<ele>1414.02</ele>
				<time>2026-05-20T19:24:23.098Z</time>
			</trkpt>
			<trkpt lat="45.1126" lon="2.68637">
				<ele>1417.25</ele>
				<time>2026-05-20T19:24:24.514Z</time>
			</trkpt>
			<trkpt lat="45.11234" lon="2.6863">
				<ele>1419.89</ele>
				<time>2026-05-20T19:24:25.577Z</time>
			</trkpt>
			<trkpt lat="45.11141" lon="2.68575">
				<ele>1428.91</ele>
				<time>2026-05-20T19:24:29.576Z</time>
			</trkpt>
			<trkpt lat="45.11107" lon="2.68549">
				<ele>1431.07</ele>
				<time>2026-05-20T19:24:31.089Z</time>
			</trkpt>
			<trkpt lat="45.11095" lon="2.68537">
				<ele>1431.09</ele>
				<time>2026-05-20T19:24:31.661Z</time>
			</trkpt>
			<trkpt lat="45.11087" lon="2.68523">
				<ele>1432.41</ele>
				<time>2026-05-20T19:24:32.155Z</time>
			</trkpt>
			<trkpt lat="45.11085" lon="2.68515">
				<ele>1435.3</ele>
				<time>2026-05-20T19:24:32.387Z</time>
			</trkpt>
			<trkpt lat="45.11083" lon="2.68479">
				<ele>1449.66</ele>
				<time>2026-05-20T19:24:33.373Z</time>
			</trkpt>
			<trkpt lat="45.1108" lon="2.6847">
				<ele>1454.13</ele>
				<time>2026-05-20T19:24:33.643Z</time>
			</trkpt>
			<trkpt lat="45.11076" lon="2.68463">
				<ele>1457.44</ele>
				<time>2026-05-20T19:24:33.888Z</time>
			</trkpt>
			<trkpt lat="45.11055" lon="2.68446">
				<ele>1466.92</ele>
				<time>2026-05-20T19:24:34.817Z</time>
			</trkpt>
			<trkpt lat="45.11029" lon="2.6842">
				<ele>1466.75</ele>
				<time>2026-05-20T19:24:36.032Z</time>
			</trkpt>
			<trkpt lat="45.10957" lon="2.68344">
				<ele>1472.74</ele>
				<time>2026-05-20T19:24:39.422Z</time>
			</trkpt>
			<trkpt lat="45.1091" lon="2.6831">
				<ele>1479.81</ele>
				<time>2026-05-20T19:24:41.390Z</time>
			</trkpt>
			<trkpt lat="45.10907" lon="2.68301">
				<ele>1484</ele>
				<time>2026-05-20T19:24:41.650Z</time>
			</trkpt>
			<trkpt lat="45.10908" lon="2.68297">
				<ele>1486.53</ele>
				<time>2026-05-20T19:24:41.761Z</time>
			</trkpt>
			<trkpt lat="45.10915" lon="2.68293">
				<ele>1487.77</ele>
				<time>2026-05-20T19:24:42.040Z</time>
			</trkpt>
			<trkpt lat="45.10935" lon="2.68305">
				<ele>1482.95</ele>
				<time>2026-05-20T19:24:42.842Z</time>
			</trkpt>
			<trkpt lat="45.10999" lon="2.68335">
				<ele>1490</ele>
				<time>2026-05-20T19:24:45.311Z</time>
			</trkpt>
			<trkpt lat="45.11009" lon="2.68342">
				<ele>1489.22</ele>
				<time>2026-05-20T19:24:45.716Z</time>
			</trkpt>
			<trkpt lat="45.1103" lon="2.68363">
				<ele>1484.84</ele>
				<time>2026-05-20T19:24:46.648Z</time>
			</trkpt>
			<trkpt lat="45.11043" lon="2.68371">
				<ele>1484.54</ele>
				<time>2026-05-20T19:24:47.160Z</time>
			</trkpt>
			<trkpt lat="45.11082" lon="2.68386">
				<ele>1487.63</ele>
				<time>2026-05-20T19:24:48.614Z</time>
			</trkpt>
			<trkpt lat="45.11101" lon="2.68381">
				<ele>1490.76</ele>
				<time>2026-05-20T19:24:49.305Z</time>
			</trkpt>
			<trkpt lat="45.11113" lon="2.68374">
				<ele>1491.89</ele>
				<time>2026-05-20T19:24:49.768Z</time>
			</trkpt>
			<trkpt lat="45.11128" lon="2.68362">
				<ele>1488.23</ele>
				<time>2026-05-20T19:24:50.381Z</time>
			</trkpt>
			<trkpt lat="45.11134" lon="2.68349">
				<ele>1488.29</ele>
				<time>2026-05-20T19:24:50.770Z</time>
			</trkpt>
			<trkpt lat="45.11148" lon="2.68304">
				<ele>1493.57</ele>
				<time>2026-05-20T19:24:51.998Z</time>
			</trkpt>
			<trkpt lat="45.11152" lon="2.68272">
				<ele>1495.94</ele>
				<time>2026-05-20T19:24:52.806Z</time>
			</trkpt>
			<trkpt lat="45.1115" lon="2.68252">
				<ele>1500.7</ele>
				<time>2026-05-20T19:24:53.306Z</time>
			</trkpt>
			<trkpt lat="45.11144" lon="2.68233">
				<ele>1506.77</ele>
				<time>2026-05-20T19:24:53.820Z</time>
			</trkpt>
			<trkpt lat="45.11144" lon="2.68226">
				<ele>1508.17</ele>
				<time>2026-05-20T19:24:53.993Z</time>
			</trkpt>
			<trkpt lat="45.11147" lon="2.68217">
				<ele>1509.92</ele>
				<time>2026-05-20T19:24:54.238Z</time>
			</trkpt>
			<trkpt lat="45.11155" lon="2.68206">
				<ele>1510.9</ele>
				<time>2026-05-20T19:24:54.627Z</time>
			</trkpt>
			<trkpt lat="45.11163" lon="2.68201">
				<ele>1509.99</ele>
				<time>2026-05-20T19:24:54.932Z</time>
			</trkpt>
			<trkpt lat="45.11188" lon="2.68191">
				<ele>1503.32</ele>
				<time>2026-05-20T19:24:55.834Z</time>
			</trkpt>
			<trkpt lat="45.11191" lon="2.68185">
				<ele>1503.58</ele>
				<time>2026-05-20T19:24:56.013Z</time>
			</trkpt>
			<trkpt lat="45.11193" lon="2.68173">
				<ele>1505.52</ele>
				<time>2026-05-20T19:24:56.315Z</time>
			</trkpt>
			<trkpt lat="45.11195" lon="2.68146">
				<ele>1509.45</ele>
				<time>2026-05-20T19:24:56.976Z</time>
			</trkpt>
			<trkpt lat="45.11194" lon="2.6813">
				<ele>1512.95</ele>
				<time>2026-05-20T19:24:57.366Z</time>
			</trkpt>
			<trkpt lat="45.11189" lon="2.681">
				<ele>1521.33</ele>
				<time>2026-05-20T19:24:58.114Z</time>
			</trkpt>
			<trkpt lat="45.11191" lon="2.6809">
				<ele>1521.9</ele>
				<time>2026-05-20T19:24:58.365Z</time>
			</trkpt>
			<trkpt lat="45.11213" lon="2.68042">
				<ele>1515.96</ele>
				<time>2026-05-20T19:24:59.745Z</time>
			</trkpt>
			<trkpt lat="45.11218" lon="2.68021">
				<ele>1516.21</ele>
				<time>2026-05-20T19:25:00.277Z</time>
			</trkpt>
			<trkpt lat="45.11212" lon="2.67962">
				<ele>1522.33</ele>
				<time>2026-05-20T19:25:01.701Z</time>
			</trkpt>
			<trkpt lat="45.11209" lon="2.67952">
				<ele>1523.14</ele>
				<time>2026-05-20T19:25:01.960Z</time>
			</trkpt>
			<trkpt lat="45.11188" lon="2.67917">
				<ele>1532.99</ele>
				<time>2026-05-20T19:25:03.050Z</time>
			</trkpt>
			<trkpt lat="45.11183" lon="2.67905">
				<ele>1533.94</ele>
				<time>2026-05-20T19:25:03.380Z</time>
			</trkpt>
			<trkpt lat="45.11178" lon="2.67879">
				<ele>1534.69</ele>
				<time>2026-05-20T19:25:04.017Z</time>
			</trkpt>
			<trkpt lat="45.11176" lon="2.67846">
				<ele>1536.54</ele>
				<time>2026-05-20T19:25:04.796Z</time>
			</trkpt>
			<trkpt lat="45.11184" lon="2.6771">
				<ele>1550.04</ele>
				<time>2026-05-20T19:25:07.983Z</time>
			</trkpt>
			<trkpt lat="45.11188" lon="2.67684">
				<ele>1552.46</ele>
				<time>2026-05-20T19:25:08.599Z</time>
			</trkpt>
			<trkpt lat="45.11191" lon="2.67671">
				<ele>1553.27</ele>
				<time>2026-05-20T19:25:08.915Z</time>
			</trkpt>
			<trkpt lat="45.11218" lon="2.67602">
				<ele>1553.75</ele>
				<time>2026-05-20T19:25:10.732Z</time>
			</trkpt>
			<trkpt lat="45.11236" lon="2.67568">
				<ele>1555.42</ele>
				<time>2026-05-20T19:25:11.705Z</time>
			</trkpt>
			<trkpt lat="45.11245" lon="2.67545">
				<ele>1555.71</ele>
				<time>2026-05-20T19:25:12.305Z</time>
			</trkpt>
			<trkpt lat="45.11259" lon="2.67484">
				<ele>1563.31</ele>
				<time>2026-05-20T19:25:13.763Z</time>
			</trkpt>
			<trkpt lat="45.11283" lon="2.67412">
				<ele>1575.99</ele>
				<time>2026-05-20T19:25:15.562Z</time>
			</trkpt>
			<trkpt lat="45.1131" lon="2.67354">
				<ele>1575.43</ele>
				<time>2026-05-20T19:25:17.122Z</time>
			</trkpt>
			<trkpt lat="45.11326" lon="2.67304">
				<ele>1582.33</ele>
				<time>2026-05-20T19:25:18.348Z</time>
			</trkpt>
			<trkpt lat="45.11334" lon="2.67285">
				<ele>1583.48</ele>
				<time>2026-05-20T19:25:18.841Z</time>
			</trkpt>
			<trkpt lat="45.11355" lon="2.67251">
				<ele>1584.53</ele>
				<time>2026-05-20T19:25:19.845Z</time>
			</trkpt>
			<trkpt lat="45.11374" lon="2.67229">
				<ele>1585.73</ele>
				<time>2026-05-20T19:25:20.615Z</time>
			</trkpt>
			<trkpt lat="45.11405" lon="2.67194">
				<ele>1586.34</ele>
				<time>2026-05-20T19:25:21.854Z</time>
			</trkpt>
			<trkpt lat="45.1141" lon="2.67181">
				<ele>1583.9</ele>
				<time>2026-05-20T19:25:22.180Z</time>
			</trkpt>
			<trkpt lat="45.11409" lon="2.67174">
				<ele>1582.67</ele>
				<time>2026-05-20T19:25:22.337Z</time>
			</trkpt>
			<trkpt lat="45.11405" lon="2.67169">
				<ele>1581.42</ele>
				<time>2026-05-20T19:25:22.503Z</time>
			</trkpt>
			<trkpt lat="45.11388" lon="2.67166">
				<ele>1578.79</ele>
				<time>2026-05-20T19:25:23.037Z</time>
			</trkpt>
			<trkpt lat="45.1124" lon="2.6718">
				<ele>1582.26</ele>
				<time>2026-05-20T19:25:27.616Z</time>
			</trkpt>
			<trkpt lat="45.11198" lon="2.67171">
				<ele>1576.79</ele>
				<time>2026-05-20T19:25:28.916Z</time>
			</trkpt>
			<trkpt lat="45.11174" lon="2.67171">
				<ele>1577.36</ele>
				<time>2026-05-20T19:25:29.649Z</time>
			</trkpt>
			<trkpt lat="45.11104" lon="2.67175">
				<ele>1570.98</ele>
				<time>2026-05-20T19:25:31.780Z</time>
			</trkpt>
			<trkpt lat="45.1108" lon="2.6718">
				<ele>1569.22</ele>
				<time>2026-05-20T19:25:32.515Z</time>
			</trkpt>
			<trkpt lat="45.11049" lon="2.67196">
				<ele>1577.46</ele>
				<time>2026-05-20T19:25:33.512Z</time>
			</trkpt>
			<trkpt lat="45.1104" lon="2.67197">
				<ele>1579.11</ele>
				<time>2026-05-20T19:25:33.785Z</time>
			</trkpt>
			<trkpt lat="45.11031" lon="2.67197">
				<ele>1579.7</ele>
				<time>2026-05-20T19:25:34.057Z</time>
			</trkpt>
			<trkpt lat="45.11009" lon="2.67185">
				<ele>1572.46</ele>
				<time>2026-05-20T19:25:34.767Z</time>
			</trkpt>
			<trkpt lat="45.10995" lon="2.67182">
				<ele>1569.58</ele>
				<time>2026-05-20T19:25:35.194Z</time>
			</trkpt>
			<trkpt lat="45.1093" lon="2.67184">
				<ele>1566.92</ele>
				<time>2026-05-20T19:25:37.146Z</time>
			</trkpt>
			<trkpt lat="45.10922" lon="2.67181">
				<ele>1565.45</ele>
				<time>2026-05-20T19:25:37.394Z</time>
			</trkpt>
			<trkpt lat="45.10904" lon="2.67169">
				<ele>1563.15</ele>
				<time>2026-05-20T19:25:37.990Z</time>
			</trkpt>
			<trkpt lat="45.10888" lon="2.67166">
				<ele>1568.07</ele>
				<time>2026-05-20T19:25:38.473Z</time>
			</trkpt>
			<trkpt lat="45.10867" lon="2.67158">
				<ele>1566.09</ele>
				<time>2026-05-20T19:25:39.123Z</time>
			</trkpt>
			<trkpt lat="45.10854" lon="2.67156">
				<ele>1566.41</ele>
				<time>2026-05-20T19:25:39.513Z</time>
			</trkpt>
			<trkpt lat="45.10798" lon="2.67132">
				<ele>1556.43</ele>
				<time>2026-05-20T19:25:41.257Z</time>
			</trkpt>
			<trkpt lat="45.10788" lon="2.67131">
				<ele>1558.85</ele>
				<time>2026-05-20T19:25:41.555Z</time>
			</trkpt>
			<trkpt lat="45.10752" lon="2.67136">
				<ele>1572.1</ele>
				<time>2026-05-20T19:25:42.630Z</time>
			</trkpt>
			<trkpt lat="45.10744" lon="2.67135">
				<ele>1572.57</ele>
				<time>2026-05-20T19:25:42.869Z</time>
			</trkpt>
			<trkpt lat="45.10732" lon="2.67128">
				<ele>1570.9</ele>
				<time>2026-05-20T19:25:43.254Z</time>
			</trkpt>
			<trkpt lat="45.10692" lon="2.6708">
				<ele>1562.09</ele>
				<time>2026-05-20T19:25:44.808Z</time>
			</trkpt>
			<trkpt lat="45.10671" lon="2.67062">
				<ele>1566.84</ele>
				<time>2026-05-20T19:25:45.535Z</time>
			</trkpt>
			<trkpt lat="45.10664" lon="2.67049">
				<ele>1564.87</ele>
				<time>2026-05-20T19:25:45.877Z</time>
			</trkpt>
			<trkpt lat="45.10637" lon="2.67017">
				<ele>1562.64</ele>
				<time>2026-05-20T19:25:46.918Z</time>
			</trkpt>
			<trkpt lat="45.10632" lon="2.67007">
				<ele>1560.5</ele>
				<time>2026-05-20T19:25:47.173Z</time>
			</trkpt>
			<trkpt lat="45.10617" lon="2.6697">
				<ele>1550.34</ele>
				<time>2026-05-20T19:25:48.063Z</time>
			</trkpt>
			<trkpt lat="45.10607" lon="2.66958">
				<ele>1551.81</ele>
				<time>2026-05-20T19:25:48.450Z</time>
			</trkpt>
			<trkpt lat="45.10554" lon="2.66915">
				<ele>1564.67</ele>
				<time>2026-05-20T19:25:50.252Z</time>
			</trkpt>
			<trkpt lat="45.10539" lon="2.66887">
				<ele>1555.87</ele>
				<time>2026-05-20T19:25:50.983Z</time>
			</trkpt>
			<trkpt lat="45.10496" lon="2.66831">
				<ele>1544.26</ele>
				<time>2026-05-20T19:25:52.705Z</time>
			</trkpt>
			<trkpt lat="45.10491" lon="2.66819">
				<ele>1542.36</ele>
				<time>2026-05-20T19:25:52.994Z</time>
			</trkpt>
			<trkpt lat="45.10477" lon="2.66765">
				<ele>1540.29</ele>
				<time>2026-05-20T19:25:54.190Z</time>
			</trkpt>
			<trkpt lat="45.10472" lon="2.66737">
				<ele>1540.32</ele>
				<time>2026-05-20T19:25:54.791Z</time>
			</trkpt>
			<trkpt lat="45.1047" lon="2.66707">
				<ele>1544.7</ele>
				<time>2026-05-20T19:25:55.417Z</time>
			</trkpt>
			<trkpt lat="45.10466" lon="2.66674">
				<ele>1549.33</ele>
				<time>2026-05-20T19:25:56.113Z</time>
			</trkpt>
			<trkpt lat="45.10469" lon="2.66657">
				<ele>1551.95</ele>
				<time>2026-05-20T19:25:56.477Z</time>
			</trkpt>
			<trkpt lat="45.10474" lon="2.66651">
				<ele>1552.87</ele>
				<time>2026-05-20T19:25:56.670Z</time>
			</trkpt>
			<trkpt lat="45.10487" lon="2.66644">
				<ele>1552.36</ele>
				<time>2026-05-20T19:25:57.080Z</time>
			</trkpt>
			<trkpt lat="45.10491" lon="2.66637">
				<ele>1552.24</ele>
				<time>2026-05-20T19:25:57.267Z</time>
			</trkpt>
			<trkpt lat="45.10494" lon="2.6663">
				<ele>1551.62</ele>
				<time>2026-05-20T19:25:57.438Z</time>
			</trkpt>
			<trkpt lat="45.10495" lon="2.66618">
				<ele>1550.55</ele>
				<time>2026-05-20T19:25:57.689Z</time>
			</trkpt>
			<trkpt lat="45.10493" lon="2.66605">
				<ele>1549</ele>
				<time>2026-05-20T19:25:57.966Z</time>
			</trkpt>
			<trkpt lat="45.10483" lon="2.66577">
				<ele>1546.84</ele>
				<time>2026-05-20T19:25:58.618Z</time>
			</trkpt>
			<trkpt lat="45.1048" lon="2.66565">
				<ele>1545.14</ele>
				<time>2026-05-20T19:25:58.883Z</time>
			</trkpt>
			<trkpt lat="45.10484" lon="2.66529">
				<ele>1531.88</ele>
				<time>2026-05-20T19:25:59.641Z</time>
			</trkpt>
			<trkpt lat="45.10483" lon="2.66519">
				<ele>1529.97</ele>
				<time>2026-05-20T19:25:59.852Z</time>
			</trkpt>
			<trkpt lat="45.10475" lon="2.66509">
				<ele>1533.66</ele>
				<time>2026-05-20T19:26:00.166Z</time>
			</trkpt>
			<trkpt lat="45.10455" lon="2.665">
				<ele>1542.08</ele>
				<time>2026-05-20T19:26:00.785Z</time>
			</trkpt>
			<trkpt lat="45.10449" lon="2.66494">
				<ele>1543.57</ele>
				<time>2026-05-20T19:26:01.002Z</time>
			</trkpt>
			<trkpt lat="45.10445" lon="2.66487">
				<ele>1543.8</ele>
				<time>2026-05-20T19:26:01.190Z</time>
			</trkpt>
			<trkpt lat="45.10429" lon="2.66391">
				<ele>1521.12</ele>
				<time>2026-05-20T19:26:03.246Z</time>
			</trkpt>
			<trkpt lat="45.10427" lon="2.66371">
				<ele>1520.39</ele>
				<time>2026-05-20T19:26:03.668Z</time>
			</trkpt>
			<trkpt lat="45.1044" lon="2.6624">
				<ele>1513.94</ele>
				<time>2026-05-20T19:26:06.433Z</time>
			</trkpt>
			<trkpt lat="45.1044" lon="2.66226">
				<ele>1516.01</ele>
				<time>2026-05-20T19:26:06.727Z</time>
			</trkpt>
			<trkpt lat="45.10438" lon="2.66218">
				<ele>1518.3</ele>
				<time>2026-05-20T19:26:06.904Z</time>
			</trkpt>
			<trkpt lat="45.10436" lon="2.66215">
				<ele>1519.73</ele>
				<time>2026-05-20T19:26:06.991Z</time>
			</trkpt>
			<trkpt lat="45.10431" lon="2.66212">
				<ele>1521.08</ele>
				<time>2026-05-20T19:26:07.152Z</time>
			</trkpt>
			<trkpt lat="45.10425" lon="2.66211">
				<ele>1521.82</ele>
				<time>2026-05-20T19:26:07.332Z</time>
			</trkpt>
			<trkpt lat="45.10422" lon="2.66212">
				<ele>1522</ele>
				<time>2026-05-20T19:26:07.423Z</time>
			</trkpt>
			<trkpt lat="45.10415" lon="2.66221">
				<ele>1521.69</ele>
				<time>2026-05-20T19:26:07.704Z</time>
			</trkpt>
			<trkpt lat="45.10407" lon="2.66241">
				<ele>1514.35</ele>
				<time>2026-05-20T19:26:08.186Z</time>
			</trkpt>
			<trkpt lat="45.10401" lon="2.66273">
				<ele>1512.6</ele>
				<time>2026-05-20T19:26:08.882Z</time>
			</trkpt>
			<trkpt lat="45.10392" lon="2.66335">
				<ele>1512</ele>
				<time>2026-05-20T19:26:10.213Z</time>
			</trkpt>
			<trkpt lat="45.10369" lon="2.66403">
				<ele>1504.59</ele>
				<time>2026-05-20T19:26:11.803Z</time>
			</trkpt>
			<trkpt lat="45.10367" lon="2.6642">
				<ele>1506</ele>
				<time>2026-05-20T19:26:12.167Z</time>
			</trkpt>
			<trkpt lat="45.10372" lon="2.66452">
				<ele>1516.69</ele>
				<time>2026-05-20T19:26:12.860Z</time>
			</trkpt>
			<trkpt lat="45.10372" lon="2.66464">
				<ele>1518.78</ele>
				<time>2026-05-20T19:26:13.114Z</time>
			</trkpt>
			<trkpt lat="45.10355" lon="2.66543">
				<ele>1521.59</ele>
				<time>2026-05-20T19:26:14.865Z</time>
			</trkpt>
			<trkpt lat="45.10356" lon="2.66566">
				<ele>1519.26</ele>
				<time>2026-05-20T19:26:15.355Z</time>
			</trkpt>
			<trkpt lat="45.10357" lon="2.66578">
				<ele>1517.9</ele>
				<time>2026-05-20T19:26:15.612Z</time>
			</trkpt>
			<trkpt lat="45.10363" lon="2.66593">
				<ele>1518.16</ele>
				<time>2026-05-20T19:26:15.979Z</time>
			</trkpt>
			<trkpt lat="45.10376" lon="2.66616">
				<ele>1520.76</ele>
				<time>2026-05-20T19:26:16.607Z</time>
			</trkpt>
			<trkpt lat="45.10383" lon="2.66644">
				<ele>1518.85</ele>
				<time>2026-05-20T19:26:17.241Z</time>
			</trkpt>
			<trkpt lat="45.10385" lon="2.66672">
				<ele>1515.19</ele>
				<time>2026-05-20T19:26:17.843Z</time>
			</trkpt>
			<trkpt lat="45.10388" lon="2.66691">
				<ele>1513.17</ele>
				<time>2026-05-20T19:26:18.259Z</time>
			</trkpt>
			<trkpt lat="45.10396" lon="2.66728">
				<ele>1510.38</ele>
				<time>2026-05-20T19:26:19.089Z</time>
			</trkpt>
			<trkpt lat="45.10405" lon="2.66794">
				<ele>1506.35</ele>
				<time>2026-05-20T19:26:20.534Z</time>
			</trkpt>
			<trkpt lat="45.10405" lon="2.66808">
				<ele>1505.74</ele>
				<time>2026-05-20T19:26:20.835Z</time>
			</trkpt>
			<trkpt lat="45.10403" lon="2.66818">
				<ele>1505.3</ele>
				<time>2026-05-20T19:26:21.060Z</time>
			</trkpt>
			<trkpt lat="45.10382" lon="2.66858">
				<ele>1500.42</ele>
				<time>2026-05-20T19:26:22.136Z</time>
			</trkpt>
			<trkpt lat="45.10373" lon="2.66886">
				<ele>1503.66</ele>
				<time>2026-05-20T19:26:22.802Z</time>
			</trkpt>
			<trkpt lat="45.10365" lon="2.66901">
				<ele>1504.01</ele>
				<time>2026-05-20T19:26:23.210Z</time>
			</trkpt>
			<trkpt lat="45.10336" lon="2.66937">
				<ele>1501.29</ele>
				<time>2026-05-20T19:26:24.397Z</time>
			</trkpt>
			<trkpt lat="45.10324" lon="2.66948">
				<ele>1498.99</ele>
				<time>2026-05-20T19:26:24.839Z</time>
			</trkpt>
			<trkpt lat="45.10312" lon="2.66955">
				<ele>1495.49</ele>
				<time>2026-05-20T19:26:25.240Z</time>
			</trkpt>
			<trkpt lat="45.10301" lon="2.66959">
				<ele>1491.28</ele>
				<time>2026-05-20T19:26:25.591Z</time>
			</trkpt>
			<trkpt lat="45.10271" lon="2.66963">
				<ele>1482.08</ele>
				<time>2026-05-20T19:26:26.525Z</time>
			</trkpt>
			<trkpt lat="45.10256" lon="2.6697">
				<ele>1478.33</ele>
				<time>2026-05-20T19:26:27.016Z</time>
			</trkpt>
			<trkpt lat="45.10234" lon="2.66993">
				<ele>1475.53</ele>
				<time>2026-05-20T19:26:27.867Z</time>
			</trkpt>
			<trkpt lat="45.10229" lon="2.67002">
				<ele>1475.86</ele>
				<time>2026-05-20T19:26:28.120Z</time>
			</trkpt>
			<trkpt lat="45.10228" lon="2.67012">
				<ele>1477.39</ele>
				<time>2026-05-20T19:26:28.342Z</time>
			</trkpt>
			<trkpt lat="45.10233" lon="2.67028">
				<ele>1482.35</ele>
				<time>2026-05-20T19:26:28.728Z</time>
			</trkpt>
			<trkpt lat="45.10242" lon="2.67037">
				<ele>1484.61</ele>
				<time>2026-05-20T19:26:29.073Z</time>
			</trkpt>
			<trkpt lat="45.10256" lon="2.67049">
				<ele>1487.34</ele>
				<time>2026-05-20T19:26:29.586Z</time>
			</trkpt>
			<trkpt lat="45.10292" lon="2.67067">
				<ele>1487.9</ele>
				<time>2026-05-20T19:26:30.785Z</time>
			</trkpt>
			<trkpt lat="45.10315" lon="2.67086">
				<ele>1489.09</ele>
				<time>2026-05-20T19:26:31.625Z</time>
			</trkpt>
			<trkpt lat="45.10345" lon="2.67107">
				<ele>1504.93</ele>
				<time>2026-05-20T19:26:32.684Z</time>
			</trkpt>
			<trkpt lat="45.10351" lon="2.67115">
				<ele>1506.94</ele>
				<time>2026-05-20T19:26:32.945Z</time>
			</trkpt>
			<trkpt lat="45.10353" lon="2.67127">
				<ele>1502.55</ele>
				<time>2026-05-20T19:26:33.221Z</time>
			</trkpt>
			<trkpt lat="45.10356" lon="2.67175">
				<ele>1478.08</ele>
				<time>2026-05-20T19:26:34.304Z</time>
			</trkpt>
			<trkpt lat="45.10365" lon="2.67219">
				<ele>1470.03</ele>
				<time>2026-05-20T19:26:35.337Z</time>
			</trkpt>
			<trkpt lat="45.10371" lon="2.67232">
				<ele>1469.59</ele>
				<time>2026-05-20T19:26:35.688Z</time>
			</trkpt>
			<trkpt lat="45.10407" lon="2.673">
				<ele>1468.59</ele>
				<time>2026-05-20T19:26:37.618Z</time>
			</trkpt>
			<trkpt lat="45.10415" lon="2.6731">
				<ele>1468.27</ele>
				<time>2026-05-20T19:26:37.963Z</time>
			</trkpt>
			<trkpt lat="45.10422" lon="2.67314">
				<ele>1468.82</ele>
				<time>2026-05-20T19:26:38.207Z</time>
			</trkpt>
			<trkpt lat="45.10467" lon="2.67313">
				<ele>1466.81</ele>
				<time>2026-05-20T19:26:39.668Z</time>
			</trkpt>
			<trkpt lat="45.10481" lon="2.67314">
				<ele>1470.29</ele>
				<time>2026-05-20T19:26:40.125Z</time>
			</trkpt>
			<trkpt lat="45.10494" lon="2.67317">
				<ele>1474.87</ele>
				<time>2026-05-20T19:26:40.555Z</time>
			</trkpt>
			<trkpt lat="45.10522" lon="2.67333">
				<ele>1465.94</ele>
				<time>2026-05-20T19:26:41.543Z</time>
			</trkpt>
			<trkpt lat="45.10533" lon="2.67349">
				<ele>1468.28</ele>
				<time>2026-05-20T19:26:42.061Z</time>
			</trkpt>
			<trkpt lat="45.10535" lon="2.6736">
				<ele>1468.67</ele>
				<time>2026-05-20T19:26:42.325Z</time>
			</trkpt>
			<trkpt lat="45.10536" lon="2.67378">
				<ele>1469.98</ele>
				<time>2026-05-20T19:26:42.744Z</time>
			</trkpt>
			<trkpt lat="45.10533" lon="2.67425">
				<ele>1460.64</ele>
				<time>2026-05-20T19:26:43.845Z</time>
			</trkpt>
			<trkpt lat="45.10538" lon="2.67448">
				<ele>1461.2</ele>
				<time>2026-05-20T19:26:44.408Z</time>
			</trkpt>
			<trkpt lat="45.10551" lon="2.67476">
				<ele>1468.26</ele>
				<time>2026-05-20T19:26:45.195Z</time>
			</trkpt>
			<trkpt lat="45.10554" lon="2.67486">
				<ele>1469.47</ele>
				<time>2026-05-20T19:26:45.450Z</time>
			</trkpt>
			<trkpt lat="45.10554" lon="2.67496">
				<ele>1469.51</ele>
				<time>2026-05-20T19:26:45.686Z</time>
			</trkpt>
			<trkpt lat="45.10552" lon="2.67509">
				<ele>1467.1</ele>
				<time>2026-05-20T19:26:45.999Z</time>
			</trkpt>
			<trkpt lat="45.10536" lon="2.67548">
				<ele>1456.11</ele>
				<time>2026-05-20T19:26:47.066Z</time>
			</trkpt>
			<trkpt lat="45.10527" lon="2.67581">
				<ele>1450.67</ele>
				<time>2026-05-20T19:26:47.906Z</time>
			</trkpt>
			<trkpt lat="45.105" lon="2.67641">
				<ele>1445.23</ele>
				<time>2026-05-20T19:26:49.605Z</time>
			</trkpt>
			<trkpt lat="45.10468" lon="2.677">
				<ele>1439.78</ele>
				<time>2026-05-20T19:26:51.395Z</time>
			</trkpt>
			<trkpt lat="45.10463" lon="2.67712">
				<ele>1439.1</ele>
				<time>2026-05-20T19:26:51.731Z</time>
			</trkpt>
			<trkpt lat="45.10446" lon="2.67782">
				<ele>1442.99</ele>
				<time>2026-05-20T19:26:53.530Z</time>
			</trkpt>
			<trkpt lat="45.10439" lon="2.678">
				<ele>1442.65</ele>
				<time>2026-05-20T19:26:54.031Z</time>
			</trkpt>
			<trkpt lat="45.1043" lon="2.67815">
				<ele>1440.42</ele>
				<time>2026-05-20T19:26:54.513Z</time>
			</trkpt>
			<trkpt lat="45.10424" lon="2.67829">
				<ele>1439.75</ele>
				<time>2026-05-20T19:26:54.915Z</time>
			</trkpt>
			<trkpt lat="45.10421" lon="2.67843">
				<ele>1439.63</ele>
				<time>2026-05-20T19:26:55.274Z</time>
			</trkpt>
			<trkpt lat="45.10417" lon="2.67871">
				<ele>1439.13</ele>
				<time>2026-05-20T19:26:55.978Z</time>
			</trkpt>
			<trkpt lat="45.10414" lon="2.67901">
				<ele>1437.77</ele>
				<time>2026-05-20T19:26:56.726Z</time>
			</trkpt>
			<trkpt lat="45.10411" lon="2.67949">
				<ele>1438.2</ele>
				<time>2026-05-20T19:26:57.922Z</time>
			</trkpt>
			<trkpt lat="45.10408" lon="2.67968">
				<ele>1438.12</ele>
				<time>2026-05-20T19:26:58.407Z</time>
			</trkpt>
			<trkpt lat="45.10402" lon="2.67984">
				<ele>1438.01</ele>
				<time>2026-05-20T19:26:58.860Z</time>
			</trkpt>
			<trkpt lat="45.10395" lon="2.67996">
				<ele>1437.15</ele>
				<time>2026-05-20T19:26:59.249Z</time>
			</trkpt>
			<trkpt lat="45.10384" lon="2.68009">
				<ele>1434.8</ele>
				<time>2026-05-20T19:26:59.758Z</time>
			</trkpt>
			<trkpt lat="45.10323" lon="2.68061">
				<ele>1420.85</ele>
				<time>2026-05-20T19:27:02.305Z</time>
			</trkpt>
			<trkpt lat="45.10313" lon="2.68068">
				<ele>1419.95</ele>
				<time>2026-05-20T19:27:02.707Z</time>
			</trkpt>
			<trkpt lat="45.10303" lon="2.68071">
				<ele>1418.03</ele>
				<time>2026-05-20T19:27:03.076Z</time>
			</trkpt>
			<trkpt lat="45.10272" lon="2.68067">
				<ele>1407.48</ele>
				<time>2026-05-20T19:27:04.204Z</time>
			</trkpt>
			<trkpt lat="45.10262" lon="2.6807">
				<ele>1404.25</ele>
				<time>2026-05-20T19:27:04.575Z</time>
			</trkpt>
			<trkpt lat="45.10229" lon="2.68086">
				<ele>1399.04</ele>
				<time>2026-05-20T19:27:05.848Z</time>
			</trkpt>
			<trkpt lat="45.1022" lon="2.68095">
				<ele>1399.55</ele>
				<time>2026-05-20T19:27:06.252Z</time>
			</trkpt>
			<trkpt lat="45.10214" lon="2.68105">
				<ele>1401.15</ele>
				<time>2026-05-20T19:27:06.592Z</time>
			</trkpt>
			<trkpt lat="45.10209" lon="2.68121">
				<ele>1404.79</ele>
				<time>2026-05-20T19:27:07.047Z</time>
			</trkpt>
			<trkpt lat="45.10203" lon="2.68131">
				<ele>1406.65</ele>
				<time>2026-05-20T19:27:07.388Z</time>
			</trkpt>
			<trkpt lat="45.10182" lon="2.68149">
				<ele>1405.5</ele>
				<time>2026-05-20T19:27:08.295Z</time>
			</trkpt>
			<trkpt lat="45.10162" lon="2.68163">
				<ele>1402.02</ele>
				<time>2026-05-20T19:27:09.123Z</time>
			</trkpt>
			<trkpt lat="45.10141" lon="2.68181">
				<ele>1402.26</ele>
				<time>2026-05-20T19:27:10.038Z</time>
			</trkpt>
			<trkpt lat="45.10131" lon="2.68185">
				<ele>1400.96</ele>
				<time>2026-05-20T19:27:10.427Z</time>
			</trkpt>
			<trkpt lat="45.10102" lon="2.68188">
				<ele>1393.31</ele>
				<time>2026-05-20T19:27:11.518Z</time>
			</trkpt>
			<trkpt lat="45.1009" lon="2.68192">
				<ele>1391.74</ele>
				<time>2026-05-20T19:27:11.982Z</time>
			</trkpt>
			<trkpt lat="45.10049" lon="2.68215">
				<ele>1390.4</ele>
				<time>2026-05-20T19:27:13.652Z</time>
			</trkpt>
			<trkpt lat="45.10005" lon="2.6823">
				<ele>1387.84</ele>
				<time>2026-05-20T19:27:15.380Z</time>
			</trkpt>
			<trkpt lat="45.0994" lon="2.68269">
				<ele>1383.11</ele>
				<time>2026-05-20T19:27:18.104Z</time>
			</trkpt>
			<trkpt lat="45.09933" lon="2.68276">
				<ele>1382.55</ele>
				<time>2026-05-20T19:27:18.437Z</time>
			</trkpt>
			<trkpt lat="45.09931" lon="2.68284">
				<ele>1382.11</ele>
				<time>2026-05-20T19:27:18.671Z</time>
			</trkpt>
			<trkpt lat="45.09929" lon="2.68293">
				<ele>1381.84</ele>
				<time>2026-05-20T19:27:18.930Z</time>
			</trkpt>
			<trkpt lat="45.09931" lon="2.68307">
				<ele>1382.01</ele>
				<time>2026-05-20T19:27:19.324Z</time>
			</trkpt>
			<trkpt lat="45.09936" lon="2.68324">
				<ele>1381.78</ele>
				<time>2026-05-20T19:27:19.833Z</time>
			</trkpt>
			<trkpt lat="45.09954" lon="2.68369">
				<ele>1384.18</ele>
				<time>2026-05-20T19:27:21.268Z</time>
			</trkpt>
			<trkpt lat="45.09957" lon="2.68381">
				<ele>1383.93</ele>
				<time>2026-05-20T19:27:21.623Z</time>
			</trkpt>
			<trkpt lat="45.09957" lon="2.68427">
				<ele>1381.22</ele>
				<time>2026-05-20T19:27:22.911Z</time>
			</trkpt>
			<trkpt lat="45.09962" lon="2.68462">
				<ele>1378.52</ele>
				<time>2026-05-20T19:27:23.916Z</time>
			</trkpt>
			<trkpt lat="45.09963" lon="2.68478">
				<ele>1376.5</ele>
				<time>2026-05-20T19:27:24.370Z</time>
			</trkpt>
			<trkpt lat="45.09961" lon="2.68516">
				<ele>1372.98</ele>
				<time>2026-05-20T19:27:25.450Z</time>
			</trkpt>
			<trkpt lat="45.0997" lon="2.68556">
				<ele>1376.27</ele>
				<time>2026-05-20T19:27:26.647Z</time>
			</trkpt>
			<trkpt lat="45.09969" lon="2.68565">
				<ele>1376.07</ele>
				<time>2026-05-20T19:27:26.908Z</time>
			</trkpt>
			<trkpt lat="45.09949" lon="2.6861">
				<ele>1370.13</ele>
				<time>2026-05-20T19:27:28.436Z</time>
			</trkpt>
			<trkpt lat="45.09926" lon="2.68642">
				<ele>1368.02</ele>
				<time>2026-05-20T19:27:29.758Z</time>
			</trkpt>
			<trkpt lat="45.09916" lon="2.68651">
				<ele>1367.5</ele>
				<time>2026-05-20T19:27:30.245Z</time>
			</trkpt>
			<trkpt lat="45.09864" lon="2.68661">
				<ele>1358.31</ele>
				<time>2026-05-20T19:27:32.420Z</time>
			</trkpt>
			<trkpt lat="45.09853" lon="2.68665">
				<ele>1357.45</ele>
				<time>2026-05-20T19:27:32.894Z</time>
			</trkpt>
			<trkpt lat="45.0983" lon="2.68683">
				<ele>1358.43</ele>
				<time>2026-05-20T19:27:33.994Z</time>
			</trkpt>
			<trkpt lat="45.0982" lon="2.68688">
				<ele>1358.81</ele>
				<time>2026-05-20T19:27:34.440Z</time>
			</trkpt>
			<trkpt lat="45.09809" lon="2.68691">
				<ele>1358.37</ele>
				<time>2026-05-20T19:27:34.911Z</time>
			</trkpt>
			<trkpt lat="45.09768" lon="2.6869">
				<ele>1355.99</ele>
				<time>2026-05-20T19:27:36.648Z</time>
			</trkpt>
			<trkpt lat="45.0973" lon="2.6868">
				<ele>1349.64</ele>
				<time>2026-05-20T19:27:38.298Z</time>
			</trkpt>
			<trkpt lat="45.0971" lon="2.6868">
				<ele>1347.82</ele>
				<time>2026-05-20T19:27:39.157Z</time>
			</trkpt>
			<trkpt lat="45.09681" lon="2.68682">
				<ele>1346.08</ele>
				<time>2026-05-20T19:27:40.410Z</time>
			</trkpt>
			<trkpt lat="45.09603" lon="2.68702">
				<ele>1344.22</ele>
				<time>2026-05-20T19:27:43.870Z</time>
			</trkpt>
			<trkpt lat="45.09588" lon="2.68704">
				<ele>1344.02</ele>
				<time>2026-05-20T19:27:44.534Z</time>
			</trkpt>
			<trkpt lat="45.09572" lon="2.68702">
				<ele>1343.18</ele>
				<time>2026-05-20T19:27:45.244Z</time>
			</trkpt>
			<trkpt lat="45.09556" lon="2.68695">
				<ele>1340.35</ele>
				<time>2026-05-20T19:27:45.987Z</time>
			</trkpt>
			<trkpt lat="45.09541" lon="2.68684">
				<ele>1335.34</ele>
				<time>2026-05-20T19:27:46.740Z</time>
			</trkpt>
			<trkpt lat="45.09508" lon="2.68653">
				<ele>1326.64</ele>
				<time>2026-05-20T19:27:48.513Z</time>
			</trkpt>
			<trkpt lat="45.09469" lon="2.68621">
				<ele>1318.49</ele>
				<time>2026-05-20T19:27:50.551Z</time>
			</trkpt>
			<trkpt lat="45.09445" lon="2.68593">
				<ele>1317.89</ele>
				<time>2026-05-20T19:27:51.967Z</time>
			</trkpt>
			<trkpt lat="45.09412" lon="2.68534">
				<ele>1314.31</ele>
				<time>2026-05-20T19:27:54.410Z</time>
			</trkpt>
			<trkpt lat="45.09383" lon="2.68499">
				<ele>1310.19</ele>
				<time>2026-05-20T19:27:56.179Z</time>
			</trkpt>
			<trkpt lat="45.09375" lon="2.68483">
				<ele>1308.99</ele>
				<time>2026-05-20T19:27:56.825Z</time>
			</trkpt>
			<trkpt lat="45.0937" lon="2.68467">
				<ele>1306.96</ele>
				<time>2026-05-20T19:27:57.403Z</time>
			</trkpt>
			<trkpt lat="45.09365" lon="2.68435">
				<ele>1302.96</ele>
				<time>2026-05-20T19:27:58.491Z</time>
			</trkpt>
			<trkpt lat="45.09361" lon="2.68418">
				<ele>1300.41</ele>
				<time>2026-05-20T19:27:59.087Z</time>
			</trkpt>
			<trkpt lat="45.09354" lon="2.68405">
				<ele>1299.48</ele>
				<time>2026-05-20T19:27:59.633Z</time>
			</trkpt>
			<trkpt lat="45.09328" lon="2.68369">
				<ele>1298</ele>
				<time>2026-05-20T19:28:01.362Z</time>
			</trkpt>
			<trkpt lat="45.09316" lon="2.68346">
				<ele>1295.09</ele>
				<time>2026-05-20T19:28:02.327Z</time>
			</trkpt>
			<trkpt lat="45.09307" lon="2.68334">
				<ele>1293.98</ele>
				<time>2026-05-20T19:28:02.920Z</time>
			</trkpt>
			<trkpt lat="45.09299" lon="2.68328">
				<ele>1292.86</ele>
				<time>2026-05-20T19:28:03.356Z</time>
			</trkpt>
			<trkpt lat="45.09289" lon="2.68327">
				<ele>1292.9</ele>
				<time>2026-05-20T19:28:03.839Z</time>
			</trkpt>
			<trkpt lat="45.09281" lon="2.68329">
				<ele>1293.76</ele>
				<time>2026-05-20T19:28:04.232Z</time>
			</trkpt>
			<trkpt lat="45.09272" lon="2.68334">
				<ele>1294.49</ele>
				<time>2026-05-20T19:28:04.699Z</time>
			</trkpt>
			<trkpt lat="45.09262" lon="2.68345">
				<ele>1294.71</ele>
				<time>2026-05-20T19:28:05.314Z</time>
			</trkpt>
			<trkpt lat="45.09248" lon="2.68364">
				<ele>1294.76</ele>
				<time>2026-05-20T19:28:06.257Z</time>
			</trkpt>
			<trkpt lat="45.09233" lon="2.68396">
				<ele>1292.65</ele>
				<time>2026-05-20T19:28:07.584Z</time>
			</trkpt>
			<trkpt lat="45.09227" lon="2.68413">
				<ele>1291.73</ele>
				<time>2026-05-20T19:28:08.243Z</time>
			</trkpt>
			<trkpt lat="45.09223" lon="2.68429">
				<ele>1291.55</ele>
				<time>2026-05-20T19:28:08.834Z</time>
			</trkpt>
			<trkpt lat="45.09219" lon="2.68478">
				<ele>1293.43</ele>
				<time>2026-05-20T19:28:10.559Z</time>
			</trkpt>
			<trkpt lat="45.09221" lon="2.68505">
				<ele>1292.53</ele>
				<time>2026-05-20T19:28:11.514Z</time>
			</trkpt>
			<trkpt lat="45.09235" lon="2.68592">
				<ele>1286.28</ele>
				<time>2026-05-20T19:28:14.680Z</time>
			</trkpt>
			<trkpt lat="45.09237" lon="2.68603">
				<ele>1285.95</ele>
				<time>2026-05-20T19:28:15.086Z</time>
			</trkpt>
			<trkpt lat="45.09246" lon="2.68622">
				<ele>1287.69</ele>
				<time>2026-05-20T19:28:15.907Z</time>
			</trkpt>
			<trkpt lat="45.0925" lon="2.68634">
				<ele>1287.01</ele>
				<time>2026-05-20T19:28:16.384Z</time>
			</trkpt>
			<trkpt lat="45.09251" lon="2.68646">
				<ele>1285.85</ele>
				<time>2026-05-20T19:28:16.819Z</time>
			</trkpt>
			<trkpt lat="45.09246" lon="2.68682">
				<ele>1278.31</ele>
				<time>2026-05-20T19:28:18.146Z</time>
			</trkpt>
			<trkpt lat="45.09246" lon="2.68729">
				<ele>1273.17</ele>
				<time>2026-05-20T19:28:19.857Z</time>
			</trkpt>
			<trkpt lat="45.09251" lon="2.68749">
				<ele>1272.64</ele>
				<time>2026-05-20T19:28:20.634Z</time>
			</trkpt>
			<trkpt lat="45.09259" lon="2.68764">
				<ele>1272.59</ele>
				<time>2026-05-20T19:28:21.324Z</time>
			</trkpt>
			<trkpt lat="45.09267" lon="2.68775">
				<ele>1273.21</ele>
				<time>2026-05-20T19:28:21.905Z</time>
			</trkpt>
			<trkpt lat="45.09305" lon="2.68791">
				<ele>1281.53</ele>
				<time>2026-05-20T19:28:23.983Z</time>
			</trkpt>
			<trkpt lat="45.09312" lon="2.68798">
				<ele>1281.32</ele>
				<time>2026-05-20T19:28:24.435Z</time>
			</trkpt>
			<trkpt lat="45.09325" lon="2.68828">
				<ele>1276.06</ele>
				<time>2026-05-20T19:28:25.749Z</time>
			</trkpt>
			<trkpt lat="45.09334" lon="2.6888">
				<ele>1271.39</ele>
				<time>2026-05-20T19:28:27.763Z</time>
			</trkpt>
			<trkpt lat="45.09334" lon="2.68902">
				<ele>1270.93</ele>
				<time>2026-05-20T19:28:28.595Z</time>
			</trkpt>
			<trkpt lat="45.0933" lon="2.68914">
				<ele>1268.81</ele>
				<time>2026-05-20T19:28:29.098Z</time>
			</trkpt>
			<trkpt lat="45.09316" lon="2.68935">
				<ele>1261.47</ele>
				<time>2026-05-20T19:28:30.197Z</time>
			</trkpt>
			<trkpt lat="45.09313" lon="2.68944">
				<ele>1260.01</ele>
				<time>2026-05-20T19:28:30.577Z</time>
			</trkpt>
			<trkpt lat="45.09312" lon="2.68954">
				<ele>1259.19</ele>
				<time>2026-05-20T19:28:30.963Z</time>
			</trkpt>
			<trkpt lat="45.09312" lon="2.68999">
				<ele>1257.64</ele>
				<time>2026-05-20T19:28:32.691Z</time>
			</trkpt>
			<trkpt lat="45.09314" lon="2.69049">
				<ele>1256.07</ele>
				<time>2026-05-20T19:28:34.628Z</time>
			</trkpt>
			<trkpt lat="45.09318" lon="2.69068">
				<ele>1254.36</ele>
				<time>2026-05-20T19:28:35.399Z</time>
			</trkpt>
			<trkpt lat="45.09326" lon="2.69089">
				<ele>1252.69</ele>
				<time>2026-05-20T19:28:36.330Z</time>
			</trkpt>
			<trkpt lat="45.0934" lon="2.69113">
				<ele>1250.23</ele>
				<time>2026-05-20T19:28:37.550Z</time>
			</trkpt>
			<trkpt lat="45.09352" lon="2.69129">
				<ele>1248.69</ele>
				<time>2026-05-20T19:28:38.469Z</time>
			</trkpt>
			<trkpt lat="45.09369" lon="2.69145">
				<ele>1248.01</ele>
				<time>2026-05-20T19:28:39.612Z</time>
			</trkpt>
			<trkpt lat="45.09418" lon="2.69183">
				<ele>1247.2</ele>
				<time>2026-05-20T19:28:42.765Z</time>
			</trkpt>
			<trkpt lat="45.09427" lon="2.69192">
				<ele>1248.17</ele>
				<time>2026-05-20T19:28:43.392Z</time>
			</trkpt>
			<trkpt lat="45.09432" lon="2.69202">
				<ele>1249.09</ele>
				<time>2026-05-20T19:28:43.885Z</time>
			</trkpt>
			<trkpt lat="45.09435" lon="2.69211">
				<ele>1249.19</ele>
				<time>2026-05-20T19:28:44.286Z</time>
			</trkpt>
			<trkpt lat="45.09434" lon="2.69226">
				<ele>1248.12</ele>
				<time>2026-05-20T19:28:44.895Z</time>
			</trkpt>
			<trkpt lat="45.09429" lon="2.6924">
				<ele>1246.4</ele>
				<time>2026-05-20T19:28:45.530Z</time>
			</trkpt>
			<trkpt lat="45.0942" lon="2.6925">
				<ele>1243.37</ele>
				<time>2026-05-20T19:28:46.187Z</time>
			</trkpt>
			<trkpt lat="45.09389" lon="2.69256">
				<ele>1235.69</ele>
				<time>2026-05-20T19:28:47.995Z</time>
			</trkpt>
			<trkpt lat="45.09289" lon="2.6929">
				<ele>1228.3</ele>
				<time>2026-05-20T19:28:54.024Z</time>
			</trkpt>
			<trkpt lat="45.09271" lon="2.69301">
				<ele>1226.6</ele>
				<time>2026-05-20T19:28:55.189Z</time>
			</trkpt>
			<trkpt lat="45.09254" lon="2.69321">
				<ele>1225.78</ele>
				<time>2026-05-20T19:28:56.508Z</time>
			</trkpt>
			<trkpt lat="45.09248" lon="2.69324">
				<ele>1224.47</ele>
				<time>2026-05-20T19:28:56.889Z</time>
			</trkpt>
			<trkpt lat="45.0924" lon="2.69323">
				<ele>1220.75</ele>
				<time>2026-05-20T19:28:57.371Z</time>
			</trkpt>
			<trkpt lat="45.09235" lon="2.69315">
				<ele>1217.91</ele>
				<time>2026-05-20T19:28:57.824Z</time>
			</trkpt>
			<trkpt lat="45.09235" lon="2.693">
				<ele>1216.29</ele>
				<time>2026-05-20T19:28:58.462Z</time>
			</trkpt>
			<trkpt lat="45.09237" lon="2.69292">
				<ele>1215.82</ele>
				<time>2026-05-20T19:28:58.823Z</time>
			</trkpt>
			<trkpt lat="45.09246" lon="2.69279">
				<ele>1215.65</ele>
				<time>2026-05-20T19:28:59.600Z</time>
			</trkpt>
			<trkpt lat="45.09263" lon="2.69271">
				<ele>1216.76</ele>
				<time>2026-05-20T19:29:00.687Z</time>
			</trkpt>
			<trkpt lat="45.09292" lon="2.69264">
				<ele>1219.7</ele>
				<time>2026-05-20T19:29:02.480Z</time>
			</trkpt>
			<trkpt lat="45.09307" lon="2.69255">
				<ele>1219.67</ele>
				<time>2026-05-20T19:29:03.479Z</time>
			</trkpt>
			<trkpt lat="45.09344" lon="2.69248">
				<ele>1224.77</ele>
				<time>2026-05-20T19:29:05.780Z</time>
			</trkpt>
			<trkpt lat="45.0935" lon="2.69242">
				<ele>1225.08</ele>
				<time>2026-05-20T19:29:06.235Z</time>
			</trkpt>
			<trkpt lat="45.09352" lon="2.69238">
				<ele>1224.79</ele>
				<time>2026-05-20T19:29:06.449Z</time>
			</trkpt>
			<trkpt lat="45.09353" lon="2.69222">
				<ele>1222.58</ele>
				<time>2026-05-20T19:29:07.154Z</time>
			</trkpt>
			<trkpt lat="45.09351" lon="2.69217">
				<ele>1223.12</ele>
				<time>2026-05-20T19:29:07.406Z</time>
			</trkpt>
			<trkpt lat="45.09347" lon="2.69209">
				<ele>1223.35</ele>
				<time>2026-05-20T19:29:07.838Z</time>
			</trkpt>
			<trkpt lat="45.09341" lon="2.69204">
				<ele>1222.67</ele>
				<time>2026-05-20T19:29:08.272Z</time>
			</trkpt>
			<trkpt lat="45.09294" lon="2.69185">
				<ele>1213.58</ele>
				<time>2026-05-20T19:29:11.341Z</time>
			</trkpt>
			<trkpt lat="45.0929" lon="2.69181">
				<ele>1212.85</ele>
				<time>2026-05-20T19:29:11.650Z</time>
			</trkpt>
			<trkpt lat="45.09282" lon="2.69165">
				<ele>1211.41</ele>
				<time>2026-05-20T19:29:12.526Z</time>
			</trkpt>
			<trkpt lat="45.0927" lon="2.69125">
				<ele>1213.92</ele>
				<time>2026-05-20T19:29:14.478Z</time>
			</trkpt>
			<trkpt lat="45.09256" lon="2.69095">
				<ele>1216.62</ele>
				<time>2026-05-20T19:29:16.103Z</time>
			</trkpt>
			<trkpt lat="45.09232" lon="2.69063">
				<ele>1212.13</ele>
				<time>2026-05-20T19:29:18.226Z</time>
			</trkpt>
			<trkpt lat="45.09213" lon="2.69047">
				<ele>1204.27</ele>
				<time>2026-05-20T19:29:19.659Z</time>
			</trkpt>
			<trkpt lat="45.09195" lon="2.69034">
				<ele>1196.9</ele>
				<time>2026-05-20T19:29:20.974Z</time>
			</trkpt>
			<trkpt lat="45.09187" lon="2.6902">
				<ele>1195.47</ele>
				<time>2026-05-20T19:29:21.805Z</time>
			</trkpt>
			<trkpt lat="45.09183" lon="2.69003">
				<ele>1195.76</ele>
				<time>2026-05-20T19:29:22.634Z</time>
			</trkpt>
			<trkpt lat="45.09181" lon="2.68979">
				<ele>1195.07</ele>
				<time>2026-05-20T19:29:23.756Z</time>
			</trkpt>
			<trkpt lat="45.09183" lon="2.68939">
				<ele>1196.43</ele>
				<time>2026-05-20T19:29:25.627Z</time>
			</trkpt>
			<trkpt lat="45.09182" lon="2.68929">
				<ele>1197.63</ele>
				<time>2026-05-20T19:29:26.099Z</time>
			</trkpt>
			<trkpt lat="45.09179" lon="2.68919">
				<ele>1197.34</ele>
				<time>2026-05-20T19:29:26.609Z</time>
			</trkpt>
			<trkpt lat="45.09173" lon="2.68913">
				<ele>1195.28</ele>
				<time>2026-05-20T19:29:27.098Z</time>
			</trkpt>
			<trkpt lat="45.09165" lon="2.68908">
				<ele>1192.17</ele>
				<time>2026-05-20T19:29:27.681Z</time>
			</trkpt>
			<trkpt lat="45.09118" lon="2.68894">
				<ele>1178.9</ele>
				<time>2026-05-20T19:29:30.903Z</time>
			</trkpt>
			<trkpt lat="45.09107" lon="2.68885">
				<ele>1178.27</ele>
				<time>2026-05-20T19:29:31.761Z</time>
			</trkpt>
			<trkpt lat="45.0909" lon="2.68856">
				<ele>1176.74</ele>
				<time>2026-05-20T19:29:33.566Z</time>
			</trkpt>
			<trkpt lat="45.09078" lon="2.6882">
				<ele>1173.22</ele>
				<time>2026-05-20T19:29:35.484Z</time>
			</trkpt>
			<trkpt lat="45.09074" lon="2.688">
				<ele>1172.09</ele>
				<time>2026-05-20T19:29:36.490Z</time>
			</trkpt>
			<trkpt lat="45.09072" lon="2.68785">
				<ele>1172.46</ele>
				<time>2026-05-20T19:29:37.231Z</time>
			</trkpt>
			<trkpt lat="45.09071" lon="2.68748">
				<ele>1174.36</ele>
				<time>2026-05-20T19:29:39.036Z</time>
			</trkpt>
			<trkpt lat="45.09067" lon="2.68739">
				<ele>1174.27</ele>
				<time>2026-05-20T19:29:39.556Z</time>
			</trkpt>
			<trkpt lat="45.09061" lon="2.68731">
				<ele>1172.75</ele>
				<time>2026-05-20T19:29:40.128Z</time>
			</trkpt>
			<trkpt lat="45.09035" lon="2.68721">
				<ele>1163.77</ele>
				<time>2026-05-20T19:29:42.005Z</time>
			</trkpt>
			<trkpt lat="45.09024" lon="2.68712">
				<ele>1160.68</ele>
				<time>2026-05-20T19:29:42.894Z</time>
			</trkpt>
			<trkpt lat="45.09015" lon="2.68695">
				<ele>1160.65</ele>
				<time>2026-05-20T19:29:43.947Z</time>
			</trkpt>
			<trkpt lat="45.09008" lon="2.68675">
				<ele>1159.77</ele>
				<time>2026-05-20T19:29:45.056Z</time>
			</trkpt>
			<trkpt lat="45.09003" lon="2.68648">
				<ele>1159.46</ele>
				<time>2026-05-20T19:29:46.450Z</time>
			</trkpt>
			<trkpt lat="45.08999" lon="2.68552">
				<ele>1159.54</ele>
				<time>2026-05-20T19:29:51.296Z</time>
			</trkpt>
			<trkpt lat="45.08996" lon="2.68526">
				<ele>1158.72</ele>
				<time>2026-05-20T19:29:52.636Z</time>
			</trkpt>
			<trkpt lat="45.08995" lon="2.68488">
				<ele>1157.43</ele>
				<time>2026-05-20T19:29:54.580Z</time>
			</trkpt>
			<trkpt lat="45.08992" lon="2.68465">
				<ele>1154.55</ele>
				<time>2026-05-20T19:29:55.781Z</time>
			</trkpt>
			<trkpt lat="45.08972" lon="2.68384">
				<ele>1148.45</ele>
				<time>2026-05-20T19:30:00.226Z</time>
			</trkpt>
			<trkpt lat="45.08966" lon="2.68364">
				<ele>1145.9</ele>
				<time>2026-05-20T19:30:01.360Z</time>
			</trkpt>
			<trkpt lat="45.08941" lon="2.68321">
				<ele>1141.28</ele>
				<time>2026-05-20T19:30:04.287Z</time>
			</trkpt>
			<trkpt lat="45.08924" lon="2.68278">
				<ele>1140.19</ele>
				<time>2026-05-20T19:30:06.897Z</time>
			</trkpt>
			<trkpt lat="45.08907" lon="2.68243">
				<ele>1135.65</ele>
				<time>2026-05-20T19:30:09.162Z</time>
			</trkpt>
			<trkpt lat="45.0889" lon="2.68189">
				<ele>1133.2</ele>
				<time>2026-05-20T19:30:12.340Z</time>
			</trkpt>
			<trkpt lat="45.0888" lon="2.68152">
				<ele>1133.14</ele>
				<time>2026-05-20T19:30:14.485Z</time>
			</trkpt>
			<trkpt lat="45.08859" lon="2.68104">
				<ele>1130.26</ele>
				<time>2026-05-20T19:30:17.566Z</time>
			</trkpt>
			<trkpt lat="45.08848" lon="2.68072">
				<ele>1128.58</ele>
				<time>2026-05-20T19:30:19.521Z</time>
			</trkpt>
			<trkpt lat="45.08838" lon="2.68037">
				<ele>1123.72</ele>
				<time>2026-05-20T19:30:21.606Z</time>
			</trkpt>
			<trkpt lat="45.08833" lon="2.67992">
				<ele>1119.97</ele>
				<time>2026-05-20T19:30:24.139Z</time>
			</trkpt>
			<trkpt lat="45.08835" lon="2.67946">
				<ele>1112.48</ele>
				<time>2026-05-20T19:30:26.718Z</time>
			</trkpt>
			<trkpt lat="45.08838" lon="2.67925">
				<ele>1109.87</ele>
				<time>2026-05-20T19:30:27.924Z</time>
			</trkpt>
			<trkpt lat="45.08843" lon="2.67907">
				<ele>1108.11</ele>
				<time>2026-05-20T19:30:29.015Z</time>
			</trkpt>
			<trkpt lat="45.08853" lon="2.67892">
				<ele>1107.96</ele>
				<time>2026-05-20T19:30:30.183Z</time>
			</trkpt>
			<trkpt lat="45.08876" lon="2.67874">
				<ele>1105.77</ele>
				<time>2026-05-20T19:30:32.299Z</time>
			</trkpt>
			<trkpt lat="45.08903" lon="2.67862">
				<ele>1105.29</ele>
				<time>2026-05-20T19:30:34.591Z</time>
			</trkpt>
			<trkpt lat="45.08916" lon="2.67852">
				<ele>1104.28</ele>
				<time>2026-05-20T19:30:35.795Z</time>
			</trkpt>
			<trkpt lat="45.08934" lon="2.67836">
				<ele>1104.1</ele>
				<time>2026-05-20T19:30:37.530Z</time>
			</trkpt>
			<trkpt lat="45.08971" lon="2.67809">
				<ele>1104.34</ele>
				<time>2026-05-20T19:30:40.953Z</time>
			</trkpt>
			<trkpt lat="45.08981" lon="2.67798">
				<ele>1102.67</ele>
				<time>2026-05-20T19:30:42.000Z</time>
			</trkpt>
			<trkpt lat="45.09019" lon="2.67743">
				<ele>1095.18</ele>
				<time>2026-05-20T19:30:46.525Z</time>
			</trkpt>
			<trkpt lat="45.09027" lon="2.67726">
				<ele>1094.5</ele>
				<time>2026-05-20T19:30:47.735Z</time>
			</trkpt>
			<trkpt lat="45.09039" lon="2.67695">
				<ele>1093.9</ele>
				<time>2026-05-20T19:30:49.838Z</time>
			</trkpt>
			<trkpt lat="45.09043" lon="2.67675">
				<ele>1097.12</ele>
				<time>2026-05-20T19:30:51.080Z</time>
			</trkpt>
			<trkpt lat="45.09044" lon="2.67664">
				<ele>1099.27</ele>
				<time>2026-05-20T19:30:51.744Z</time>
			</trkpt>
			<trkpt lat="45.09042" lon="2.67657">
				<ele>1101.49</ele>
				<time>2026-05-20T19:30:52.196Z</time>
			</trkpt>
			<trkpt lat="45.09038" lon="2.67652">
				<ele>1103.06</ele>
				<time>2026-05-20T19:30:52.650Z</time>
			</trkpt>
			<trkpt lat="45.09025" lon="2.6765">
				<ele>1103.53</ele>
				<time>2026-05-20T19:30:53.764Z</time>
			</trkpt>
			<trkpt lat="45.08969" lon="2.67674">
				<ele>1096.87</ele>
				<time>2026-05-20T19:30:58.785Z</time>
			</trkpt>
			<trkpt lat="45.08927" lon="2.67683">
				<ele>1101.42</ele>
				<time>2026-05-20T19:31:02.470Z</time>
			</trkpt>
			<trkpt lat="45.0891" lon="2.67696">
				<ele>1097.95</ele>
				<time>2026-05-20T19:31:04.156Z</time>
			</trkpt>
			<trkpt lat="45.08893" lon="2.677">
				<ele>1095.22</ele>
				<time>2026-05-20T19:31:05.667Z</time>
			</trkpt>
			<trkpt lat="45.08873" lon="2.67698">
				<ele>1092.28</ele>
				<time>2026-05-20T19:31:07.431Z</time>
			</trkpt>
			<trkpt lat="45.08845" lon="2.67688">
				<ele>1090.28</ele>
				<time>2026-05-20T19:31:09.984Z</time>
			</trkpt>
			<trkpt lat="45.08813" lon="2.67684">
				<ele>1083.83</ele>
				<time>2026-05-20T19:31:12.843Z</time>
			</trkpt>
			<trkpt lat="45.08783" lon="2.67663">
				<ele>1081.74</ele>
				<time>2026-05-20T19:31:15.842Z</time>
			</trkpt>
			<trkpt lat="45.08767" lon="2.67656">
				<ele>1080.6</ele>
				<time>2026-05-20T19:31:17.351Z</time>
			</trkpt>
			<trkpt lat="45.08757" lon="2.67653">
				<ele>1079.77</ele>
				<time>2026-05-20T19:31:18.274Z</time>
			</trkpt>
			<trkpt lat="45.08747" lon="2.67654">
				<ele>1078.39</ele>
				<time>2026-05-20T19:31:19.181Z</time>
			</trkpt>
			<trkpt lat="45.08721" lon="2.67671">
				<ele>1073.84</ele>
				<time>2026-05-20T19:31:21.784Z</time>
			</trkpt>
			<trkpt lat="45.08702" lon="2.67676">
				<ele>1071.89</ele>
				<time>2026-05-20T19:31:23.549Z</time>
			</trkpt>
			<trkpt lat="45.08685" lon="2.67674">
				<ele>1069.92</ele>
				<time>2026-05-20T19:31:25.113Z</time>
			</trkpt>
			<trkpt lat="45.08676" lon="2.6767">
				<ele>1068.75</ele>
				<time>2026-05-20T19:31:25.980Z</time>
			</trkpt>
			<trkpt lat="45.08667" lon="2.67662">
				<ele>1067.82</ele>
				<time>2026-05-20T19:31:26.959Z</time>
			</trkpt>
			<trkpt lat="45.08637" lon="2.6762">
				<ele>1064.98</ele>
				<time>2026-05-20T19:31:30.866Z</time>
			</trkpt>
			<trkpt lat="45.08619" lon="2.67585">
				<ele>1062.67</ele>
				<time>2026-05-20T19:31:33.719Z</time>
			</trkpt>
			<trkpt lat="45.08605" lon="2.67567">
				<ele>1058.99</ele>
				<time>2026-05-20T19:31:35.493Z</time>
			</trkpt>
			<trkpt lat="45.0859" lon="2.67552">
				<ele>1053.34</ele>
				<time>2026-05-20T19:31:37.222Z</time>
			</trkpt>
			<trkpt lat="45.08578" lon="2.67537">
				<ele>1049.83</ele>
				<time>2026-05-20T19:31:38.734Z</time>
			</trkpt>
			<trkpt lat="45.08555" lon="2.67497">
				<ele>1046.33</ele>
				<time>2026-05-20T19:31:42.195Z</time>
			</trkpt>
			<trkpt lat="45.08551" lon="2.67484">
				<ele>1046.32</ele>
				<time>2026-05-20T19:31:43.150Z</time>
			</trkpt>
			<trkpt lat="45.0855" lon="2.67475">
				<ele>1047.06</ele>
				<time>2026-05-20T19:31:43.765Z</time>
			</trkpt>
			<trkpt lat="45.08554" lon="2.67385">
				<ele>1048.32</ele>
				<time>2026-05-20T19:31:49.897Z</time>
			</trkpt>
			<trkpt lat="45.08551" lon="2.67369">
				<ele>1046.53</ele>
				<time>2026-05-20T19:31:51.031Z</time>
			</trkpt>
			<trkpt lat="45.08545" lon="2.67346">
				<ele>1043.02</ele>
				<time>2026-05-20T19:31:52.717Z</time>
			</trkpt>
			<trkpt lat="45.08543" lon="2.67332">
				<ele>1041.35</ele>
				<time>2026-05-20T19:31:53.701Z</time>
			</trkpt>
			<trkpt lat="45.08546" lon="2.67261">
				<ele>1035.86</ele>
				<time>2026-05-20T19:31:58.633Z</time>
			</trkpt>
			<trkpt lat="45.08548" lon="2.67251">
				<ele>1034.86</ele>
				<time>2026-05-20T19:31:59.358Z</time>
			</trkpt>
			<trkpt lat="45.08558" lon="2.67237">
				<ele>1034.08</ele>
				<time>2026-05-20T19:32:00.750Z</time>
			</trkpt>
			<trkpt lat="45.08578" lon="2.6722">
				<ele>1037.18</ele>
				<time>2026-05-20T19:32:03.067Z</time>
			</trkpt>
			<trkpt lat="45.08592" lon="2.67205">
				<ele>1038.18</ele>
				<time>2026-05-20T19:32:04.819Z</time>
			</trkpt>
			<trkpt lat="45.08607" lon="2.67176">
				<ele>1036.94</ele>
				<time>2026-05-20T19:32:07.363Z</time>
			</trkpt>
			<trkpt lat="45.08639" lon="2.67135">
				<ele>1035.19</ele>
				<time>2026-05-20T19:32:11.717Z</time>
			</trkpt>
			<trkpt lat="45.08649" lon="2.6711">
				<ele>1036.58</ele>
				<time>2026-05-20T19:32:13.777Z</time>
			</trkpt>
			<trkpt lat="45.08664" lon="2.67087">
				<ele>1038.81</ele>
				<time>2026-05-20T19:32:16.032Z</time>
			</trkpt>
			<trkpt lat="45.08666" lon="2.67071">
				<ele>1041.09</ele>
				<time>2026-05-20T19:32:17.206Z</time>
			</trkpt>
			<trkpt lat="45.08662" lon="2.67061">
				<ele>1042.75</ele>
				<time>2026-05-20T19:32:18.038Z</time>
			</trkpt>
			<trkpt lat="45.08656" lon="2.67055">
				<ele>1043.57</ele>
				<time>2026-05-20T19:32:18.792Z</time>
			</trkpt>
			<trkpt lat="45.08649" lon="2.67052">
				<ele>1044.47</ele>
				<time>2026-05-20T19:32:19.544Z</time>
			</trkpt>
			<trkpt lat="45.08636" lon="2.67052">
				<ele>1044.62</ele>
				<time>2026-05-20T19:32:20.884Z</time>
			</trkpt>
			<trkpt lat="45.08619" lon="2.67058">
				<ele>1044.42</ele>
				<time>2026-05-20T19:32:22.695Z</time>
			</trkpt>
			<trkpt lat="45.08582" lon="2.67075">
				<ele>1043.91</ele>
				<time>2026-05-20T19:32:26.739Z</time>
			</trkpt>
			<trkpt lat="45.08553" lon="2.67102">
				<ele>1033.8</ele>
				<time>2026-05-20T19:32:30.373Z</time>
			</trkpt>
			<trkpt lat="45.08542" lon="2.67108">
				<ele>1031.88</ele>
				<time>2026-05-20T19:32:31.613Z</time>
			</trkpt>
			<trkpt lat="45.08512" lon="2.67117">
				<ele>1032.81</ele>
				<time>2026-05-20T19:32:34.853Z</time>
			</trkpt>
			<trkpt lat="45.08501" lon="2.67118">
				<ele>1034.3</ele>
				<time>2026-05-20T19:32:36.022Z</time>
			</trkpt>
			<trkpt lat="45.0848" lon="2.67114">
				<ele>1035.94</ele>
				<time>2026-05-20T19:32:38.277Z</time>
			</trkpt>
			<trkpt lat="45.08466" lon="2.67117">
				<ele>1034.52</ele>
				<time>2026-05-20T19:32:39.790Z</time>
			</trkpt>
			<trkpt lat="45.08442" lon="2.67126">
				<ele>1029.48</ele>
				<time>2026-05-20T19:32:42.451Z</time>
			</trkpt>
			<trkpt lat="45.08424" lon="2.6713">
				<ele>1027.03</ele>
				<time>2026-05-20T19:32:44.413Z</time>
			</trkpt>
			<trkpt lat="45.08408" lon="2.6713">
				<ele>1025.34</ele>
				<time>2026-05-20T19:32:46.142Z</time>
			</trkpt>
			<trkpt lat="45.08347" lon="2.67111">
				<ele>1019.5</ele>
				<time>2026-05-20T19:32:52.942Z</time>
			</trkpt>
			<trkpt lat="45.08337" lon="2.67105">
				<ele>1019.02</ele>
				<time>2026-05-20T19:32:54.133Z</time>
			</trkpt>
			<trkpt lat="45.0833" lon="2.67096">
				<ele>1018.22</ele>
				<time>2026-05-20T19:32:55.172Z</time>
			</trkpt>
			<trkpt lat="45.08305" lon="2.67052">
				<ele>1017.07</ele>
				<time>2026-05-20T19:32:59.575Z</time>
			</trkpt>
			<trkpt lat="45.08293" lon="2.67041">
				<ele>1016</ele>
				<time>2026-05-20T19:33:01.161Z</time>
			</trkpt>
			<trkpt lat="45.08282" lon="2.67037">
				<ele>1014.88</ele>
				<time>2026-05-20T19:33:02.425Z</time>
			</trkpt>
			<trkpt lat="45.08259" lon="2.67034">
				<ele>1010.09</ele>
				<time>2026-05-20T19:33:05.004Z</time>
			</trkpt>
			<trkpt lat="45.0825" lon="2.67028">
				<ele>1008.12</ele>
				<time>2026-05-20T19:33:06.118Z</time>
			</trkpt>
			<trkpt lat="45.08245" lon="2.67016">
				<ele>1007.62</ele>
				<time>2026-05-20T19:33:07.222Z</time>
			</trkpt>
			<trkpt lat="45.08242" lon="2.67">
				<ele>1008.2</ele>
				<time>2026-05-20T19:33:08.537Z</time>
			</trkpt>
			<trkpt lat="45.08237" lon="2.66921">
				<ele>1011.05</ele>
				<time>2026-05-20T19:33:14.877Z</time>
			</trkpt>
			<trkpt lat="45.08235" lon="2.66911">
				<ele>1012.12</ele>
				<time>2026-05-20T19:33:15.713Z</time>
			</trkpt>
			<trkpt lat="45.08231" lon="2.66905">
				<ele>1012.97</ele>
				<time>2026-05-20T19:33:16.378Z</time>
			</trkpt>
			<trkpt lat="45.08225" lon="2.66901">
				<ele>1013.62</ele>
				<time>2026-05-20T19:33:17.135Z</time>
			</trkpt>
			<trkpt lat="45.08218" lon="2.66902">
				<ele>1013.54</ele>
				<time>2026-05-20T19:33:17.940Z</time>
			</trkpt>
			<trkpt lat="45.08212" lon="2.66904">
				<ele>1012.9</ele>
				<time>2026-05-20T19:33:18.645Z</time>
			</trkpt>
			<trkpt lat="45.08196" lon="2.66928">
				<ele>1007.49</ele>
				<time>2026-05-20T19:33:21.321Z</time>
			</trkpt>
			<trkpt lat="45.08186" lon="2.66938">
				<ele>1005.01</ele>
				<time>2026-05-20T19:33:22.732Z</time>
			</trkpt>
			<trkpt lat="45.08174" lon="2.66942">
				<ele>1003.75</ele>
				<time>2026-05-20T19:33:24.155Z</time>
			</trkpt>
			<trkpt lat="45.08095" lon="2.66944">
				<ele>1004.06</ele>
				<time>2026-05-20T19:33:33.361Z</time>
			</trkpt>
			<trkpt lat="45.08078" lon="2.66948">
				<ele>1003.15</ele>
				<time>2026-05-20T19:33:35.387Z</time>
			</trkpt>
			<trkpt lat="45.08051" lon="2.66958">
				<ele>997.37</ele>
				<time>2026-05-20T19:33:38.683Z</time>
			</trkpt>
			<trkpt lat="45.08041" lon="2.66959">
				<ele>995.56</ele>
				<time>2026-05-20T19:33:39.872Z</time>
			</trkpt>
			<trkpt lat="45.07976" lon="2.66952">
				<ele>984.94</ele>
				<time>2026-05-20T19:33:47.654Z</time>
			</trkpt>
			<trkpt lat="45.07955" lon="2.6694">
				<ele>982.55</ele>
				<time>2026-05-20T19:33:50.380Z</time>
			</trkpt>
			<trkpt lat="45.07913" lon="2.66891">
				<ele>980.63</ele>
				<time>2026-05-20T19:33:56.980Z</time>
			</trkpt>
			<trkpt lat="45.07902" lon="2.66885">
				<ele>978.77</ele>
				<time>2026-05-20T19:33:58.418Z</time>
			</trkpt>
			<trkpt lat="45.07892" lon="2.66881">
				<ele>976.52</ele>
				<time>2026-05-20T19:33:59.689Z</time>
			</trkpt>
			<trkpt lat="45.07878" lon="2.66875">
				<ele>974.97</ele>
				<time>2026-05-20T19:34:01.482Z</time>
			</trkpt>
			<trkpt lat="45.07863" lon="2.66861">
				<ele>972.42</ele>
				<time>2026-05-20T19:34:03.691Z</time>
			</trkpt>
			<trkpt lat="45.07848" lon="2.66841">
				<ele>970.83</ele>
				<time>2026-05-20T19:34:06.234Z</time>
			</trkpt>
			<trkpt lat="45.07839" lon="2.6682">
				<ele>969.8</ele>
				<time>2026-05-20T19:34:08.382Z</time>
			</trkpt>
			<trkpt lat="45.07835" lon="2.66782">
				<ele>971.31</ele>
				<time>2026-05-20T19:34:11.757Z</time>
			</trkpt>
			<trkpt lat="45.07832" lon="2.66772">
				<ele>971.49</ele>
				<time>2026-05-20T19:34:12.714Z</time>
			</trkpt>
			<trkpt lat="45.07824" lon="2.66755">
				<ele>971.77</ele>
				<time>2026-05-20T19:34:14.518Z</time>
			</trkpt>
			<trkpt lat="45.07812" lon="2.66739">
				<ele>971.89</ele>
				<time>2026-05-20T19:34:16.585Z</time>
			</trkpt>
			<trkpt lat="45.07799" lon="2.66726">
				<ele>971.93</ele>
				<time>2026-05-20T19:34:18.587Z</time>
			</trkpt>
			<trkpt lat="45.0779" lon="2.6672">
				<ele>972.1</ele>
				<time>2026-05-20T19:34:19.841Z</time>
			</trkpt>
			<trkpt lat="45.07777" lon="2.66717">
				<ele>971.37</ele>
				<time>2026-05-20T19:34:21.506Z</time>
			</trkpt>
			<trkpt lat="45.07764" lon="2.66717">
				<ele>969</ele>
				<time>2026-05-20T19:34:23.153Z</time>
			</trkpt>
			<trkpt lat="45.07749" lon="2.66712">
				<ele>966.92</ele>
				<time>2026-05-20T19:34:25.110Z</time>
			</trkpt>
			<trkpt lat="45.07725" lon="2.66694">
				<ele>965.5</ele>
				<time>2026-05-20T19:34:28.573Z</time>
			</trkpt>
			<trkpt lat="45.07715" lon="2.66689">
				<ele>963.98</ele>
				<time>2026-05-20T19:34:29.930Z</time>
			</trkpt>
			<trkpt lat="45.07693" lon="2.66683">
				<ele>959.84</ele>
				<time>2026-05-20T19:34:32.806Z</time>
			</trkpt>
			<trkpt lat="45.07685" lon="2.66678">
				<ele>958.11</ele>
				<time>2026-05-20T19:34:33.932Z</time>
			</trkpt>
			<trkpt lat="45.07677" lon="2.66664">
				<ele>956.89</ele>
				<time>2026-05-20T19:34:35.573Z</time>
			</trkpt>
			<trkpt lat="45.07661" lon="2.66626">
				<ele>955.27</ele>
				<time>2026-05-20T19:34:39.619Z</time>
			</trkpt>
			<trkpt lat="45.0764" lon="2.66584">
				<ele>955.1</ele>
				<time>2026-05-20T19:34:44.356Z</time>
			</trkpt>
			<trkpt lat="45.07632" lon="2.66573">
				<ele>954.17</ele>
				<time>2026-05-20T19:34:45.816Z</time>
			</trkpt>
			<trkpt lat="45.0761" lon="2.66562">
				<ele>950.7</ele>
				<time>2026-05-20T19:34:48.880Z</time>
			</trkpt>
			<trkpt lat="45.07597" lon="2.66551">
				<ele>948.03</ele>
				<time>2026-05-20T19:34:50.876Z</time>
			</trkpt>
			<trkpt lat="45.07585" lon="2.66536">
				<ele>945.33</ele>
				<time>2026-05-20T19:34:52.992Z</time>
			</trkpt>
			<trkpt lat="45.07576" lon="2.66518">
				<ele>944.21</ele>
				<time>2026-05-20T19:34:55.056Z</time>
			</trkpt>
			<trkpt lat="45.07562" lon="2.66473">
				<ele>942.93</ele>
				<time>2026-05-20T19:34:59.681Z</time>
			</trkpt>
			<trkpt lat="45.07544" lon="2.66443">
				<ele>941.63</ele>
				<time>2026-05-20T19:35:03.405Z</time>
			</trkpt>
			<trkpt lat="45.07479" lon="2.66375">
				<ele>939.01</ele>
				<time>2026-05-20T19:35:14.338Z</time>
			</trkpt>
			<trkpt lat="45.07444" lon="2.66327">
				<ele>936.95</ele>
				<time>2026-05-20T19:35:21.008Z</time>
			</trkpt>
			<trkpt lat="45.07432" lon="2.66315">
				<ele>935.46</ele>
				<time>2026-05-20T19:35:23.030Z</time>
			</trkpt>
			<trkpt lat="45.0736" lon="2.66268">
				<ele>933.65</ele>
				<time>2026-05-20T19:35:34.040Z</time>
			</trkpt>
			<trkpt lat="45.07325" lon="2.66234">
				<ele>933.28</ele>
				<time>2026-05-20T19:35:39.999Z</time>
			</trkpt>
			<trkpt lat="45.07313" lon="2.66221">
				<ele>932.29</ele>
				<time>2026-05-20T19:35:42.132Z</time>
			</trkpt>
			<trkpt lat="45.07303" lon="2.66204">
				<ele>932.02</ele>
				<time>2026-05-20T19:35:44.343Z</time>
			</trkpt>
			<trkpt lat="45.07267" lon="2.66107">
				<ele>927.54</ele>
				<time>2026-05-20T19:35:55.386Z</time>
			</trkpt>
			<trkpt lat="45.07243" lon="2.66053">
				<ele>928.33</ele>
				<time>2026-05-20T19:36:01.888Z</time>
			</trkpt>
			<trkpt lat="45.07235" lon="2.66039">
				<ele>929.07</ele>
				<time>2026-05-20T19:36:03.732Z</time>
			</trkpt>
			<trkpt lat="45.07203" lon="2.66003">
				<ele>929.45</ele>
				<time>2026-05-20T19:36:09.688Z</time>
			</trkpt>
			<trkpt lat="45.07124" lon="2.65924">
				<ele>928.95</ele>
				<time>2026-05-20T19:36:23.954Z</time>
			</trkpt>
			<trkpt lat="45.07093" lon="2.65886">
				<ele>925.5</ele>
				<time>2026-05-20T19:36:30.077Z</time>
			</trkpt>
			<trkpt lat="45.0706" lon="2.65836">
				<ele>926.92</ele>
				<time>2026-05-20T19:36:37.350Z</time>
			</trkpt>
			<trkpt lat="45.07016" lon="2.65746">
				<ele>924.85</ele>
				<time>2026-05-20T19:36:49.113Z</time>
			</trkpt>
			<trkpt lat="45.07011" lon="2.65739">
				<ele>924.34</ele>
				<time>2026-05-20T19:36:50.191Z</time>
			</trkpt>
			<trkpt lat="45.07" lon="2.65732">
				<ele>923.06</ele>
				<time>2026-05-20T19:36:52.043Z</time>
			</trkpt>
			<trkpt lat="45.06999" lon="2.65722">
				<ele>922.99</ele>
				<time>2026-05-20T19:36:53.140Z</time>
			</trkpt>
			<trkpt lat="45.0699" lon="2.65707">
				<ele>923.32</ele>
				<time>2026-05-20T19:36:55.282Z</time>
			</trkpt>
			<trkpt lat="45.07002" lon="2.65693">
				<ele>925.47</ele>
				<time>2026-05-20T19:36:57.684Z</time>
			</trkpt>
			<trkpt lat="45.07035" lon="2.65662">
				<ele>935.41</ele>
				<time>2026-05-20T19:37:03.831Z</time>
			</trkpt>
			<trkpt lat="45.0704" lon="2.65646">
				<ele>939.46</ele>
				<time>2026-05-20T19:37:05.758Z</time>
			</trkpt>
			<trkpt lat="45.0704" lon="2.65635">
				<ele>941.38</ele>
				<time>2026-05-20T19:37:06.971Z</time>
			</trkpt>
			<trkpt lat="45.07037" lon="2.65629">
				<ele>942.21</ele>
				<time>2026-05-20T19:37:07.783Z</time>
			</trkpt>
			<trkpt lat="45.07018" lon="2.65616">
				<ele>941.88</ele>
				<time>2026-05-20T19:37:11.090Z</time>
			</trkpt>
			<trkpt lat="45.07003" lon="2.65588">
				<ele>943.82</ele>
				<time>2026-05-20T19:37:14.996Z</time>
			</trkpt>
			<trkpt lat="45.07001" lon="2.65579">
				<ele>944.81</ele>
				<time>2026-05-20T19:37:16.047Z</time>
			</trkpt>
			<trkpt lat="45.06987" lon="2.65554">
				<ele>943.12</ele>
				<time>2026-05-20T19:37:19.611Z</time>
			</trkpt>
			<trkpt lat="45.06972" lon="2.65538">
				<ele>940.95</ele>
				<time>2026-05-20T19:37:22.592Z</time>
			</trkpt>
			<trkpt lat="45.0695" lon="2.65522">
				<ele>938.71</ele>
				<time>2026-05-20T19:37:26.533Z</time>
			</trkpt>
			<trkpt lat="45.06933" lon="2.65514">
				<ele>938.03</ele>
				<time>2026-05-20T19:37:29.398Z</time>
			</trkpt>
			<trkpt lat="45.06923" lon="2.65502">
				<ele>938.86</ele>
				<time>2026-05-20T19:37:31.500Z</time>
			</trkpt>
			<trkpt lat="45.06888" lon="2.65433">
				<ele>941.09</ele>
				<time>2026-05-20T19:37:41.181Z</time>
			</trkpt>
			<trkpt lat="45.06867" lon="2.65382">
				<ele>936.73</ele>
				<time>2026-05-20T19:37:47.967Z</time>
			</trkpt>
			<trkpt lat="45.06859" lon="2.65359">
				<ele>934.69</ele>
				<time>2026-05-20T19:37:52.182Z</time>
			</trkpt>
			<trkpt lat="45.06855" lon="2.65342">
				<ele>934.43</ele>
				<time>2026-05-20T19:38:05.032Z</time>
			</trkpt>
			<trkpt lat="45.06849" lon="2.65286">
				<ele>934.25</ele>
				<time>2026-05-20T19:38:16.810Z</time>
			</trkpt>
			<trkpt lat="45.06846" lon="2.65241">
				<ele>932.1</ele>
				<time>2026-05-20T19:38:24.432Z</time>
			</trkpt>
			<trkpt lat="45.06847" lon="2.65224">
				<ele>931.72</ele>
				<time>2026-05-20T19:38:27.174Z</time>
			</trkpt>
			<trkpt lat="45.06839" lon="2.65173">
				<ele>930.89</ele>
				<time>2026-05-20T19:38:35.130Z</time>
			</trkpt>
			<trkpt lat="45.06835" lon="2.65115">
				<ele>933.87</ele>
				<time>2026-05-20T19:38:43.258Z</time>
			</trkpt>
			<trkpt lat="45.06827" lon="2.6509">
				<ele>934.34</ele>
				<time>2026-05-20T19:38:46.827Z</time>
			</trkpt>
			<trkpt lat="45.06806" lon="2.65058">
				<ele>931.21</ele>
				<time>2026-05-20T19:38:52.184Z</time>
			</trkpt>
			<trkpt lat="45.06784" lon="2.65">
				<ele>927.13</ele>
				<time>2026-05-20T19:38:59.553Z</time>
			</trkpt>
			<trkpt lat="45.06759" lon="2.64917">
				<ele>921.35</ele>
				<time>2026-05-20T19:39:08.400Z</time>
			</trkpt>
			<trkpt lat="45.06761" lon="2.64856">
				<ele>921.13</ele>
				<time>2026-05-20T19:39:13.656Z</time>
			</trkpt>
			<trkpt lat="45.06759" lon="2.64817">
				<ele>922.73</ele>
				<time>2026-05-20T19:39:16.745Z</time>
			</trkpt>
			<trkpt lat="45.06749" lon="2.64772">
				<ele>925.21</ele>
				<time>2026-05-20T19:39:20.211Z</time>
			</trkpt>
			<trkpt lat="45.06743" lon="2.64724">
				<ele>926.95</ele>
				<time>2026-05-20T19:39:23.522Z</time>
			</trkpt>
			<trkpt lat="45.06704" lon="2.64596">
				<ele>931.21</ele>
				<time>2026-05-20T19:39:31.748Z</time>
			</trkpt>
			<trkpt lat="45.0669" lon="2.64522">
				<ele>934.94</ele>
				<time>2026-05-20T19:39:35.682Z</time>
			</trkpt>
			<trkpt lat="45.06685" lon="2.64512">
				<ele>933.75</ele>
				<time>2026-05-20T19:39:36.284Z</time>
			</trkpt>
			<trkpt lat="45.06685" lon="2.64486">
				<ele>934.11</ele>
				<time>2026-05-20T19:39:37.541Z</time>
			</trkpt>
			<trkpt lat="45.06682" lon="2.6447">
				<ele>933.65</ele>
				<time>2026-05-20T19:39:38.328Z</time>
			</trkpt>
			<trkpt lat="45.06655" lon="2.64379">
				<ele>932.17</ele>
				<time>2026-05-20T19:39:42.899Z</time>
			</trkpt>
			<trkpt lat="45.06631" lon="2.64371">
				<ele>927.45</ele>
				<time>2026-05-20T19:39:44.494Z</time>
			</trkpt>
			<trkpt lat="45.06624" lon="2.64364">
				<ele>926.04</ele>
				<time>2026-05-20T19:39:45.050Z</time>
			</trkpt>
			<trkpt lat="45.06614" lon="2.64349">
				<ele>924.63</ele>
				<time>2026-05-20T19:39:45.998Z</time>
			</trkpt>
			<trkpt lat="45.06594" lon="2.64297">
				<ele>925.09</ele>
				<time>2026-05-20T19:39:48.764Z</time>
			</trkpt>
			<trkpt lat="45.0659" lon="2.64277">
				<ele>925.34</ele>
				<time>2026-05-20T19:39:49.757Z</time>
			</trkpt>
			<trkpt lat="45.06587" lon="2.64243">
				<ele>925</ele>
				<time>2026-05-20T19:39:51.431Z</time>
			</trkpt>
			<trkpt lat="45.06587" lon="2.64218">
				<ele>924.66</ele>
				<time>2026-05-20T19:39:52.686Z</time>
			</trkpt>
			<trkpt lat="45.06589" lon="2.64165">
				<ele>921.67</ele>
				<time>2026-05-20T19:39:55.463Z</time>
			</trkpt>
			<trkpt lat="45.06588" lon="2.64155">
				<ele>920.76</ele>
				<time>2026-05-20T19:39:56.012Z</time>
			</trkpt>
			<trkpt lat="45.06585" lon="2.64148">
				<ele>919.84</ele>
				<time>2026-05-20T19:39:56.462Z</time>
			</trkpt>
			<trkpt lat="45.06579" lon="2.64141">
				<ele>918.7</ele>
				<time>2026-05-20T19:39:57.074Z</time>
			</trkpt>
			<trkpt lat="45.06571" lon="2.64135">
				<ele>917.75</ele>
				<time>2026-05-20T19:39:57.799Z</time>
			</trkpt>
			<trkpt lat="45.06555" lon="2.6413">
				<ele>916.01</ele>
				<time>2026-05-20T19:39:59.144Z</time>
			</trkpt>
			<trkpt lat="45.06543" lon="2.64131">
				<ele>915.24</ele>
				<time>2026-05-20T19:40:00.159Z</time>
			</trkpt>
			<trkpt lat="45.06507" lon="2.64143">
				<ele>912.28</ele>
				<time>2026-05-20T19:40:03.450Z</time>
			</trkpt>
			<trkpt lat="45.06497" lon="2.64141">
				<ele>911.07</ele>
				<time>2026-05-20T19:40:04.396Z</time>
			</trkpt>
			<trkpt lat="45.06487" lon="2.64127">
				<ele>908.72</ele>
				<time>2026-05-20T19:40:05.750Z</time>
			</trkpt>
			<trkpt lat="45.06471" lon="2.64082">
				<ele>906.71</ele>
				<time>2026-05-20T19:40:09.381Z</time>
			</trkpt>
			<trkpt lat="45.06467" lon="2.64035">
				<ele>903.88</ele>
				<time>2026-05-20T19:40:13.083Z</time>
			</trkpt>
			<trkpt lat="45.0646" lon="2.64002">
				<ele>900.14</ele>
				<time>2026-05-20T19:40:15.909Z</time>
			</trkpt>
			<trkpt lat="45.06453" lon="2.64002">
				<ele>898.36</ele>
				<time>2026-05-20T19:40:16.730Z</time>
			</trkpt>
			<trkpt lat="45.06441" lon="2.64016">
				<ele>896.53</ele>
				<time>2026-05-20T19:40:18.565Z</time>
			</trkpt>
			<trkpt lat="45.06431" lon="2.64018">
				<ele>896.36</ele>
				<time>2026-05-20T19:40:19.765Z</time>
			</trkpt>
			<trkpt lat="45.06437" lon="2.64012">
				<ele>896.34</ele>
				<time>2026-05-20T19:40:20.641Z</time>
			</trkpt>
			<trkpt lat="45.06443" lon="2.64002">
				<ele>896.07</ele>
				<time>2026-05-20T19:40:21.749Z</time>
			</trkpt>
			<trkpt lat="45.06447" lon="2.6399">
				<ele>896.03</ele>
				<time>2026-05-20T19:40:22.874Z</time>
			</trkpt>
			<trkpt lat="45.06461" lon="2.63913">
				<ele>895.45</ele>
				<time>2026-05-20T19:40:29.663Z</time>
			</trkpt>
			<trkpt lat="45.06466" lon="2.63866">
				<ele>896.22</ele>
				<time>2026-05-20T19:40:33.731Z</time>
			</trkpt>
			<trkpt lat="45.06469" lon="2.63821">
				<ele>895.69</ele>
				<time>2026-05-20T19:40:37.581Z</time>
			</trkpt>
			<trkpt lat="45.06465" lon="2.63802">
				<ele>895.51</ele>
				<time>2026-05-20T19:40:39.259Z</time>
			</trkpt>
			<trkpt lat="45.06461" lon="2.63786">
				<ele>896.14</ele>
				<time>2026-05-20T19:40:40.689Z</time>
			</trkpt>
			<trkpt lat="45.06452" lon="2.6377">
				<ele>896.61</ele>
				<time>2026-05-20T19:40:42.401Z</time>
			</trkpt>
			<trkpt lat="45.0642" lon="2.6373">
				<ele>894.71</ele>
				<time>2026-05-20T19:40:47.379Z</time>
			</trkpt>
			<trkpt lat="45.06413" lon="2.63717">
				<ele>893.66</ele>
				<time>2026-05-20T19:40:48.700Z</time>
			</trkpt>
			<trkpt lat="45.06406" lon="2.63686">
				<ele>893.14</ele>
				<time>2026-05-20T19:40:51.292Z</time>
			</trkpt>
			<trkpt lat="45.06407" lon="2.63664">
				<ele>893.77</ele>
				<time>2026-05-20T19:40:53.016Z</time>
			</trkpt>
			<trkpt lat="45.0641" lon="2.63633">
				<ele>895.34</ele>
				<time>2026-05-20T19:40:55.413Z</time>
			</trkpt>
			<trkpt lat="45.06423" lon="2.63552">
				<ele>897.49</ele>
				<time>2026-05-20T19:41:01.450Z</time>
			</trkpt>
			<trkpt lat="45.06426" lon="2.63519">
				<ele>898.79</ele>
				<time>2026-05-20T19:41:03.725Z</time>
			</trkpt>
			<trkpt lat="45.06426" lon="2.63495">
				<ele>899.36</ele>
				<time>2026-05-20T19:41:05.349Z</time>
			</trkpt>
			<trkpt lat="45.06424" lon="2.63474">
				<ele>899.14</ele>
				<time>2026-05-20T19:41:06.774Z</time>
			</trkpt>
			<trkpt lat="45.06409" lon="2.6342">
				<ele>897.32</ele>
				<time>2026-05-20T19:41:10.638Z</time>
			</trkpt>
			<trkpt lat="45.06393" lon="2.63385">
				<ele>895.14</ele>
				<time>2026-05-20T19:41:13.378Z</time>
			</trkpt>
			<trkpt lat="45.06362" lon="2.63288">
				<ele>885.79</ele>
				<time>2026-05-20T19:41:20.248Z</time>
			</trkpt>
			<trkpt lat="45.06348" lon="2.63249">
				<ele>885.26</ele>
				<time>2026-05-20T19:41:23.019Z</time>
			</trkpt>
			<trkpt lat="45.06335" lon="2.63218">
				<ele>885.64</ele>
				<time>2026-05-20T19:41:25.280Z</time>
			</trkpt>
			<trkpt lat="45.06301" lon="2.6316">
				<ele>887.51</ele>
				<time>2026-05-20T19:41:29.947Z</time>
			</trkpt>
			<trkpt lat="45.06267" lon="2.63094">
				<ele>882.49</ele>
				<time>2026-05-20T19:41:34.913Z</time>
			</trkpt>
			<trkpt lat="45.06258" lon="2.63074">
				<ele>881.11</ele>
				<time>2026-05-20T19:41:36.338Z</time>
			</trkpt>
			<trkpt lat="45.06245" lon="2.63034">
				<ele>878.78</ele>
				<time>2026-05-20T19:41:38.963Z</time>
			</trkpt>
			<trkpt lat="45.06216" lon="2.62902">
				<ele>873.34</ele>
				<time>2026-05-20T19:41:47.047Z</time>
			</trkpt>
			<trkpt lat="45.06207" lon="2.62872">
				<ele>873.42</ele>
				<time>2026-05-20T19:41:48.919Z</time>
			</trkpt>
			<trkpt lat="45.0617" lon="2.628">
				<ele>871.15</ele>
				<time>2026-05-20T19:41:53.974Z</time>
			</trkpt>
			<trkpt lat="45.06164" lon="2.62782">
				<ele>871.97</ele>
				<time>2026-05-20T19:41:55.092Z</time>
			</trkpt>
			<trkpt lat="45.06158" lon="2.62763">
				<ele>872.96</ele>
				<time>2026-05-20T19:41:56.256Z</time>
			</trkpt>
			<trkpt lat="45.06134" lon="2.62653">
				<ele>870.43</ele>
				<time>2026-05-20T19:42:02.621Z</time>
			</trkpt>
			<trkpt lat="45.06131" lon="2.62615">
				<ele>870.97</ele>
				<time>2026-05-20T19:42:04.707Z</time>
			</trkpt>
			<trkpt lat="45.06133" lon="2.62591">
				<ele>871.27</ele>
				<time>2026-05-20T19:42:06.018Z</time>
			</trkpt>
			<trkpt lat="45.06137" lon="2.6257">
				<ele>871.35</ele>
				<time>2026-05-20T19:42:07.195Z</time>
			</trkpt>
			<trkpt lat="45.0614" lon="2.62553">
				<ele>871.27</ele>
				<time>2026-05-20T19:42:08.139Z</time>
			</trkpt>
			<trkpt lat="45.06138" lon="2.62532">
				<ele>870.03</ele>
				<time>2026-05-20T19:42:09.278Z</time>
			</trkpt>
			<trkpt lat="45.06117" lon="2.62465">
				<ele>867.69</ele>
				<time>2026-05-20T19:42:13.189Z</time>
			</trkpt>
			<trkpt lat="45.06076" lon="2.62384">
				<ele>864.24</ele>
				<time>2026-05-20T19:42:18.443Z</time>
			</trkpt>
			<trkpt lat="45.06014" lon="2.62247">
				<ele>854.99</ele>
				<time>2026-05-20T19:42:26.881Z</time>
			</trkpt>
			<trkpt lat="45.05989" lon="2.62198">
				<ele>852.04</ele>
				<time>2026-05-20T19:42:29.978Z</time>
			</trkpt>
			<trkpt lat="45.05964" lon="2.62132">
				<ele>855.09</ele>
				<time>2026-05-20T19:42:33.792Z</time>
			</trkpt>
			<trkpt lat="45.0593" lon="2.62058">
				<ele>855.92</ele>
				<time>2026-05-20T19:42:38.258Z</time>
			</trkpt>
			<trkpt lat="45.059" lon="2.62">
				<ele>857.01</ele>
				<time>2026-05-20T19:42:41.876Z</time>
			</trkpt>
			<trkpt lat="45.05856" lon="2.61897">
				<ele>866.14</ele>
				<time>2026-05-20T19:42:47.905Z</time>
			</trkpt>
			<trkpt lat="45.0584" lon="2.61875">
				<ele>867.43</ele>
				<time>2026-05-20T19:42:49.482Z</time>
			</trkpt>
			<trkpt lat="45.05816" lon="2.61849">
				<ele>867.05</ele>
				<time>2026-05-20T19:42:51.616Z</time>
			</trkpt>
			<trkpt lat="45.05808" lon="2.61834">
				<ele>867.49</ele>
				<time>2026-05-20T19:42:52.553Z</time>
			</trkpt>
			<trkpt lat="45.058" lon="2.61805">
				<ele>869.97</ele>
				<time>2026-05-20T19:42:54.105Z</time>
			</trkpt>
			<trkpt lat="45.05797" lon="2.61779">
				<ele>871.72</ele>
				<time>2026-05-20T19:42:55.417Z</time>
			</trkpt>
			<trkpt lat="45.05781" lon="2.61718">
				<ele>870.68</ele>
				<time>2026-05-20T19:42:58.659Z</time>
			</trkpt>
			<trkpt lat="45.05735" lon="2.61605">
				<ele>877.15</ele>
				<time>2026-05-20T19:43:05.162Z</time>
			</trkpt>
			<trkpt lat="45.05722" lon="2.61578">
				<ele>877.49</ele>
				<time>2026-05-20T19:43:06.794Z</time>
			</trkpt>
			<trkpt lat="45.05679" lon="2.61506">
				<ele>881.69</ele>
				<time>2026-05-20T19:43:11.514Z</time>
			</trkpt>
			<trkpt lat="45.05673" lon="2.61489">
				<ele>881.24</ele>
				<time>2026-05-20T19:43:12.468Z</time>
			</trkpt>
			<trkpt lat="45.05669" lon="2.6146">
				<ele>879.46</ele>
				<time>2026-05-20T19:43:13.953Z</time>
			</trkpt>
			<trkpt lat="45.0567" lon="2.61444">
				<ele>878.02</ele>
				<time>2026-05-20T19:43:14.762Z</time>
			</trkpt>
			<trkpt lat="45.05672" lon="2.61428">
				<ele>877.55</ele>
				<time>2026-05-20T19:43:15.580Z</time>
			</trkpt>
			<trkpt lat="45.0569" lon="2.61374">
				<ele>878.79</ele>
				<time>2026-05-20T19:43:18.596Z</time>
			</trkpt>
			<trkpt lat="45.05697" lon="2.61361">
				<ele>879.32</ele>
				<time>2026-05-20T19:43:19.424Z</time>
			</trkpt>
			<trkpt lat="45.05703" lon="2.61354">
				<ele>879.53</ele>
				<time>2026-05-20T19:43:19.982Z</time>
			</trkpt>
			<trkpt lat="45.05719" lon="2.61344">
				<ele>880.48</ele>
				<time>2026-05-20T19:43:21.239Z</time>
			</trkpt>
			<trkpt lat="45.05722" lon="2.61334">
				<ele>880.14</ele>
				<time>2026-05-20T19:43:21.792Z</time>
			</trkpt>
			<trkpt lat="45.0572" lon="2.61298">
				<ele>883.09</ele>
				<time>2026-05-20T19:43:23.631Z</time>
			</trkpt>
			<trkpt lat="45.05715" lon="2.6129">
				<ele>883.87</ele>
				<time>2026-05-20T19:43:24.177Z</time>
			</trkpt>
			<trkpt lat="45.05693" lon="2.61272">
				<ele>884.21</ele>
				<time>2026-05-20T19:43:26.017Z</time>
			</trkpt>
			<trkpt lat="45.0567" lon="2.61262">
				<ele>885.91</ele>
				<time>2026-05-20T19:43:27.766Z</time>
			</trkpt>
			<trkpt lat="45.05649" lon="2.61255">
				<ele>886.99</ele>
				<time>2026-05-20T19:43:29.339Z</time>
			</trkpt>
			<trkpt lat="45.05618" lon="2.61256">
				<ele>885.37</ele>
				<time>2026-05-20T19:43:31.609Z</time>
			</trkpt>
			<trkpt lat="45.05612" lon="2.61258">
				<ele>884.48</ele>
				<time>2026-05-20T19:43:32.062Z</time>
			</trkpt>
			<trkpt lat="45.05595" lon="2.61257">
				<ele>881.98</ele>
				<time>2026-05-20T19:43:33.313Z</time>
			</trkpt>
			<trkpt lat="45.05589" lon="2.6125">
				<ele>881.96</ele>
				<time>2026-05-20T19:43:33.887Z</time>
			</trkpt>
			<trkpt lat="45.05581" lon="2.61238">
				<ele>882.6</ele>
				<time>2026-05-20T19:43:34.748Z</time>
			</trkpt>
			<trkpt lat="45.05572" lon="2.6122">
				<ele>883.79</ele>
				<time>2026-05-20T19:43:35.901Z</time>
			</trkpt>
			<trkpt lat="45.05505" lon="2.61159">
				<ele>877.79</ele>
				<time>2026-05-20T19:43:41.851Z</time>
			</trkpt>
			<trkpt lat="45.055" lon="2.6115">
				<ele>877.07</ele>
				<time>2026-05-20T19:43:42.460Z</time>
			</trkpt>
			<trkpt lat="45.05497" lon="2.6114">
				<ele>876.51</ele>
				<time>2026-05-20T19:43:43.040Z</time>
			</trkpt>
			<trkpt lat="45.05499" lon="2.61123">
				<ele>878.03</ele>
				<time>2026-05-20T19:43:43.960Z</time>
			</trkpt>
			<trkpt lat="45.05509" lon="2.61098">
				<ele>880.54</ele>
				<time>2026-05-20T19:43:45.500Z</time>
			</trkpt>
			<trkpt lat="45.05508" lon="2.61087">
				<ele>881.31</ele>
				<time>2026-05-20T19:43:46.097Z</time>
			</trkpt>
			<trkpt lat="45.05497" lon="2.61068">
				<ele>882.05</ele>
				<time>2026-05-20T19:43:47.421Z</time>
			</trkpt>
			<trkpt lat="45.05489" lon="2.61066">
				<ele>882.38</ele>
				<time>2026-05-20T19:43:48.043Z</time>
			</trkpt>
			<trkpt lat="45.05479" lon="2.61067">
				<ele>882.36</ele>
				<time>2026-05-20T19:43:48.812Z</time>
			</trkpt>
			<trkpt lat="45.05445" lon="2.61082">
				<ele>876.28</ele>
				<time>2026-05-20T19:43:51.548Z</time>
			</trkpt>
			<trkpt lat="45.05411" lon="2.61086">
				<ele>875.44</ele>
				<time>2026-05-20T19:43:54.169Z</time>
			</trkpt>
			<trkpt lat="45.05405" lon="2.61088">
				<ele>875.25</ele>
				<time>2026-05-20T19:43:54.642Z</time>
			</trkpt>
			<trkpt lat="45.05346" lon="2.61137">
				<ele>863.45</ele>
				<time>2026-05-20T19:43:59.894Z</time>
			</trkpt>
			<trkpt lat="45.05339" lon="2.61141">
				<ele>861.74</ele>
				<time>2026-05-20T19:44:00.474Z</time>
			</trkpt>
			<trkpt lat="45.05333" lon="2.6114">
				<ele>860.76</ele>
				<time>2026-05-20T19:44:00.938Z</time>
			</trkpt>
			<trkpt lat="45.0533" lon="2.61137">
				<ele>860.6</ele>
				<time>2026-05-20T19:44:01.220Z</time>
			</trkpt>
			<trkpt lat="45.05327" lon="2.6113">
				<ele>860.98</ele>
				<time>2026-05-20T19:44:01.663Z</time>
			</trkpt>
			<trkpt lat="45.05321" lon="2.61105">
				<ele>864.19</ele>
				<time>2026-05-20T19:44:03.095Z</time>
			</trkpt>
			<trkpt lat="45.05309" lon="2.61088">
				<ele>865.02</ele>
				<time>2026-05-20T19:44:04.398Z</time>
			</trkpt>
			<trkpt lat="45.05296" lon="2.6108">
				<ele>863.44</ele>
				<time>2026-05-20T19:44:05.486Z</time>
			</trkpt>
			<trkpt lat="45.05252" lon="2.6106">
				<ele>856.98</ele>
				<time>2026-05-20T19:44:09.031Z</time>
			</trkpt>
			<trkpt lat="45.05242" lon="2.61051">
				<ele>856.85</ele>
				<time>2026-05-20T19:44:09.940Z</time>
			</trkpt>
			<trkpt lat="45.05225" lon="2.61021">
				<ele>859.86</ele>
				<time>2026-05-20T19:44:12.024Z</time>
			</trkpt>
			<trkpt lat="45.0522" lon="2.61016">
				<ele>860.84</ele>
				<time>2026-05-20T19:44:12.494Z</time>
			</trkpt>
			<trkpt lat="45.05215" lon="2.61012">
				<ele>861.26</ele>
				<time>2026-05-20T19:44:12.934Z</time>
			</trkpt>
			<trkpt lat="45.05209" lon="2.61012">
				<ele>860.85</ele>
				<time>2026-05-20T19:44:13.394Z</time>
			</trkpt>
			<trkpt lat="45.05195" lon="2.61019">
				<ele>858.27</ele>
				<time>2026-05-20T19:44:14.533Z</time>
			</trkpt>
			<trkpt lat="45.05188" lon="2.61019">
				<ele>857.37</ele>
				<time>2026-05-20T19:44:15.070Z</time>
			</trkpt>
			<trkpt lat="45.05156" lon="2.61005">
				<ele>854.84</ele>
				<time>2026-05-20T19:44:17.638Z</time>
			</trkpt>
			<trkpt lat="45.05134" lon="2.61003">
				<ele>850.34</ele>
				<time>2026-05-20T19:44:19.329Z</time>
			</trkpt>
			<trkpt lat="45.05133" lon="2.60992">
				<ele>852.49</ele>
				<time>2026-05-20T19:44:19.930Z</time>
			</trkpt>
			<trkpt lat="45.05128" lon="2.60983">
				<ele>853.76</ele>
				<time>2026-05-20T19:44:20.550Z</time>
			</trkpt>
			<trkpt lat="45.05109" lon="2.60974">
				<ele>852.03</ele>
				<time>2026-05-20T19:44:22.086Z</time>
			</trkpt>
			<trkpt lat="45.05101" lon="2.60966">
				<ele>851.46</ele>
				<time>2026-05-20T19:44:22.837Z</time>
			</trkpt>
			<trkpt lat="45.05094" lon="2.60952">
				<ele>851.08</ele>
				<time>2026-05-20T19:44:23.766Z</time>
			</trkpt>
			<trkpt lat="45.05082" lon="2.60911">
				<ele>854.8</ele>
				<time>2026-05-20T19:44:26.170Z</time>
			</trkpt>
			<trkpt lat="45.05076" lon="2.60881">
				<ele>858.89</ele>
				<time>2026-05-20T19:44:27.859Z</time>
			</trkpt>
			<trkpt lat="45.05076" lon="2.6086">
				<ele>861.44</ele>
				<time>2026-05-20T19:44:28.996Z</time>
			</trkpt>
			<trkpt lat="45.05078" lon="2.60838">
				<ele>862.71</ele>
				<time>2026-05-20T19:44:30.198Z</time>
			</trkpt>
			<trkpt lat="45.05093" lon="2.60779">
				<ele>867.7</ele>
				<time>2026-05-20T19:44:33.594Z</time>
			</trkpt>
			<trkpt lat="45.05108" lon="2.60727">
				<ele>874.18</ele>
				<time>2026-05-20T19:44:36.637Z</time>
			</trkpt>
			<trkpt lat="45.05125" lon="2.60651">
				<ele>878.31</ele>
				<time>2026-05-20T19:44:40.956Z</time>
			</trkpt>
			<trkpt lat="45.05133" lon="2.60625">
				<ele>882.46</ele>
				<time>2026-05-20T19:44:42.492Z</time>
			</trkpt>
			<trkpt lat="45.05135" lon="2.60615">
				<ele>883.85</ele>
				<time>2026-05-20T19:44:43.055Z</time>
			</trkpt>
			<trkpt lat="45.05134" lon="2.60605">
				<ele>885.79</ele>
				<time>2026-05-20T19:44:43.603Z</time>
			</trkpt>
			<trkpt lat="45.0513" lon="2.60597">
				<ele>888.2</ele>
				<time>2026-05-20T19:44:44.134Z</time>
			</trkpt>
			<trkpt lat="45.05122" lon="2.60592">
				<ele>888.62</ele>
				<time>2026-05-20T19:44:44.804Z</time>
			</trkpt>
			<trkpt lat="45.05113" lon="2.60593">
				<ele>886.39</ele>
				<time>2026-05-20T19:44:45.497Z</time>
			</trkpt>
			<trkpt lat="45.05091" lon="2.60604">
				<ele>877.16</ele>
				<time>2026-05-20T19:44:47.287Z</time>
			</trkpt>
			<trkpt lat="45.05078" lon="2.60604">
				<ele>874.51</ele>
				<time>2026-05-20T19:44:48.284Z</time>
			</trkpt>
			<trkpt lat="45.05068" lon="2.60597">
				<ele>874.41</ele>
				<time>2026-05-20T19:44:49.140Z</time>
			</trkpt>
			<trkpt lat="45.05061" lon="2.60583">
				<ele>876.93</ele>
				<time>2026-05-20T19:44:50.070Z</time>
			</trkpt>
			<trkpt lat="45.05044" lon="2.60514">
				<ele>881.57</ele>
				<time>2026-05-20T19:44:54.038Z</time>
			</trkpt>
			<trkpt lat="45.05044" lon="2.60496">
				<ele>883.25</ele>
				<time>2026-05-20T19:44:55.016Z</time>
			</trkpt>
			<trkpt lat="45.05053" lon="2.60454">
				<ele>891.27</ele>
				<time>2026-05-20T19:44:57.404Z</time>
			</trkpt>
			<trkpt lat="45.05053" lon="2.60436">
				<ele>894.13</ele>
				<time>2026-05-20T19:44:58.384Z</time>
			</trkpt>
			<trkpt lat="45.05046" lon="2.60418">
				<ele>894.89</ele>
				<time>2026-05-20T19:44:59.504Z</time>
			</trkpt>
			<trkpt lat="45.05013" lon="2.60386">
				<ele>888.25</ele>
				<time>2026-05-20T19:45:02.591Z</time>
			</trkpt>
			<trkpt lat="45.05002" lon="2.60365">
				<ele>887.3</ele>
				<time>2026-05-20T19:45:04.018Z</time>
			</trkpt>
			<trkpt lat="45.05" lon="2.60345">
				<ele>888.86</ele>
				<time>2026-05-20T19:45:05.121Z</time>
			</trkpt>
			<trkpt lat="45.05006" lon="2.6032">
				<ele>892.42</ele>
				<time>2026-05-20T19:45:06.564Z</time>
			</trkpt>
			<trkpt lat="45.05042" lon="2.60241">
				<ele>903.49</ele>
				<time>2026-05-20T19:45:11.708Z</time>
			</trkpt>
			<trkpt lat="45.0505" lon="2.60213">
				<ele>907.42</ele>
				<time>2026-05-20T19:45:13.363Z</time>
			</trkpt>
			<trkpt lat="45.0505" lon="2.602">
				<ele>909.05</ele>
				<time>2026-05-20T19:45:14.076Z</time>
			</trkpt>
			<trkpt lat="45.05046" lon="2.60187">
				<ele>910.47</ele>
				<time>2026-05-20T19:45:14.853Z</time>
			</trkpt>
			<trkpt lat="45.05039" lon="2.60176">
				<ele>911.73</ele>
				<time>2026-05-20T19:45:15.665Z</time>
			</trkpt>
			<trkpt lat="45.05024" lon="2.60164">
				<ele>911.71</ele>
				<time>2026-05-20T19:45:17.004Z</time>
			</trkpt>
			<trkpt lat="45.04996" lon="2.60148">
				<ele>909.82</ele>
				<time>2026-05-20T19:45:19.351Z</time>
			</trkpt>
			<trkpt lat="45.04983" lon="2.60139">
				<ele>911.15</ele>
				<time>2026-05-20T19:45:20.476Z</time>
			</trkpt>
			<trkpt lat="45.04972" lon="2.60126">
				<ele>913.6</ele>
				<time>2026-05-20T19:45:21.591Z</time>
			</trkpt>
			<trkpt lat="45.04959" lon="2.60116">
				<ele>916.4</ele>
				<time>2026-05-20T19:45:22.743Z</time>
			</trkpt>
			<trkpt lat="45.04949" lon="2.60114">
				<ele>917.23</ele>
				<time>2026-05-20T19:45:23.529Z</time>
			</trkpt>
			<trkpt lat="45.04936" lon="2.60115">
				<ele>916.41</ele>
				<time>2026-05-20T19:45:24.543Z</time>
			</trkpt>
			<trkpt lat="45.04912" lon="2.60108">
				<ele>916.46</ele>
				<time>2026-05-20T19:45:26.453Z</time>
			</trkpt>
			<trkpt lat="45.04837" lon="2.60067">
				<ele>917.83</ele>
				<time>2026-05-20T19:45:32.727Z</time>
			</trkpt>
			<trkpt lat="45.0483" lon="2.60058">
				<ele>919.23</ele>
				<time>2026-05-20T19:45:33.465Z</time>
			</trkpt>
			<trkpt lat="45.04828" lon="2.60047">
				<ele>920.16</ele>
				<time>2026-05-20T19:45:34.092Z</time>
			</trkpt>
			<trkpt lat="45.0483" lon="2.60034">
				<ele>921.21</ele>
				<time>2026-05-20T19:45:34.827Z</time>
			</trkpt>
			<trkpt lat="45.04847" lon="2.5999">
				<ele>925.48</ele>
				<time>2026-05-20T19:45:37.597Z</time>
			</trkpt>
			<trkpt lat="45.04852" lon="2.59973">
				<ele>925.86</ele>
				<time>2026-05-20T19:45:38.615Z</time>
			</trkpt>
			<trkpt lat="45.04855" lon="2.59955">
				<ele>925.33</ele>
				<time>2026-05-20T19:45:39.638Z</time>
			</trkpt>
			<trkpt lat="45.04853" lon="2.59936">
				<ele>923.13</ele>
				<time>2026-05-20T19:45:40.700Z</time>
			</trkpt>
			<trkpt lat="45.04847" lon="2.59913">
				<ele>919.21</ele>
				<time>2026-05-20T19:45:42.056Z</time>
			</trkpt>
			<trkpt lat="45.04845" lon="2.59899">
				<ele>917.72</ele>
				<time>2026-05-20T19:45:42.847Z</time>
			</trkpt>
			<trkpt lat="45.04849" lon="2.59885">
				<ele>917.24</ele>
				<time>2026-05-20T19:45:43.682Z</time>
			</trkpt>
			<trkpt lat="45.04857" lon="2.59872">
				<ele>918.01</ele>
				<time>2026-05-20T19:45:44.637Z</time>
			</trkpt>
			<trkpt lat="45.04875" lon="2.59851">
				<ele>921.09</ele>
				<time>2026-05-20T19:45:46.465Z</time>
			</trkpt>
			<trkpt lat="45.04879" lon="2.59836">
				<ele>922.54</ele>
				<time>2026-05-20T19:45:47.354Z</time>
			</trkpt>
			<trkpt lat="45.04879" lon="2.59823">
				<ele>925.2</ele>
				<time>2026-05-20T19:45:48.074Z</time>
			</trkpt>
			<trkpt lat="45.04875" lon="2.59813">
				<ele>927.15</ele>
				<time>2026-05-20T19:45:48.711Z</time>
			</trkpt>
			<trkpt lat="45.04865" lon="2.59803">
				<ele>928.01</ele>
				<time>2026-05-20T19:45:49.671Z</time>
			</trkpt>
			<trkpt lat="45.04837" lon="2.59792">
				<ele>925.53</ele>
				<time>2026-05-20T19:45:51.952Z</time>
			</trkpt>
			<trkpt lat="45.0483" lon="2.59782">
				<ele>926.35</ele>
				<time>2026-05-20T19:45:52.733Z</time>
			</trkpt>
			<trkpt lat="45.04823" lon="2.59758">
				<ele>927.18</ele>
				<time>2026-05-20T19:45:54.173Z</time>
			</trkpt>
			<trkpt lat="45.04822" lon="2.59738">
				<ele>928.09</ele>
				<time>2026-05-20T19:45:55.286Z</time>
			</trkpt>
			<trkpt lat="45.04822" lon="2.59689">
				<ele>927.35</ele>
				<time>2026-05-20T19:45:58.006Z</time>
			</trkpt>
			<trkpt lat="45.0482" lon="2.59668">
				<ele>928.05</ele>
				<time>2026-05-20T19:45:59.183Z</time>
			</trkpt>
			<trkpt lat="45.04814" lon="2.59653">
				<ele>927.82</ele>
				<time>2026-05-20T19:46:00.141Z</time>
			</trkpt>
			<trkpt lat="45.04806" lon="2.59644">
				<ele>926.69</ele>
				<time>2026-05-20T19:46:00.945Z</time>
			</trkpt>
			<trkpt lat="45.04789" lon="2.59634">
				<ele>923.6</ele>
				<time>2026-05-20T19:46:02.393Z</time>
			</trkpt>
			<trkpt lat="45.04782" lon="2.59625">
				<ele>922.92</ele>
				<time>2026-05-20T19:46:03.137Z</time>
			</trkpt>
			<trkpt lat="45.04778" lon="2.59617">
				<ele>923.32</ele>
				<time>2026-05-20T19:46:03.681Z</time>
			</trkpt>
			<trkpt lat="45.04776" lon="2.59603">
				<ele>924.79</ele>
				<time>2026-05-20T19:46:04.475Z</time>
			</trkpt>
			<trkpt lat="45.04778" lon="2.59581">
				<ele>928.59</ele>
				<time>2026-05-20T19:46:05.709Z</time>
			</trkpt>
			<trkpt lat="45.04778" lon="2.59563">
				<ele>931.66</ele>
				<time>2026-05-20T19:46:06.710Z</time>
			</trkpt>
			<trkpt lat="45.04776" lon="2.59549">
				<ele>932.41</ele>
				<time>2026-05-20T19:46:07.504Z</time>
			</trkpt>
			<trkpt lat="45.04769" lon="2.59529">
				<ele>930.79</ele>
				<time>2026-05-20T19:46:08.746Z</time>
			</trkpt>
			<trkpt lat="45.04767" lon="2.59515">
				<ele>931.01</ele>
				<time>2026-05-20T19:46:09.541Z</time>
			</trkpt>
			<trkpt lat="45.04771" lon="2.59488">
				<ele>932.91</ele>
				<time>2026-05-20T19:46:11.076Z</time>
			</trkpt>
			<trkpt lat="45.04778" lon="2.59464">
				<ele>934.74</ele>
				<time>2026-05-20T19:46:12.521Z</time>
			</trkpt>
			<trkpt lat="45.04777" lon="2.59451">
				<ele>935.47</ele>
				<time>2026-05-20T19:46:13.249Z</time>
			</trkpt>
			<trkpt lat="45.0477" lon="2.59443">
				<ele>935.66</ele>
				<time>2026-05-20T19:46:13.958Z</time>
			</trkpt>
			<trkpt lat="45.04761" lon="2.59442">
				<ele>935.19</ele>
				<time>2026-05-20T19:46:14.670Z</time>
			</trkpt>
			<trkpt lat="45.04752" lon="2.59445">
				<ele>934.01</ele>
				<time>2026-05-20T19:46:15.399Z</time>
			</trkpt>
			<trkpt lat="45.04694" lon="2.59498">
				<ele>928.56</ele>
				<time>2026-05-20T19:46:20.842Z</time>
			</trkpt>
			<trkpt lat="45.04682" lon="2.59505">
				<ele>926.32</ele>
				<time>2026-05-20T19:46:21.866Z</time>
			</trkpt>
			<trkpt lat="45.0467" lon="2.59508">
				<ele>925.06</ele>
				<time>2026-05-20T19:46:22.827Z</time>
			</trkpt>
			<trkpt lat="45.04656" lon="2.59505">
				<ele>923.59</ele>
				<time>2026-05-20T19:46:23.944Z</time>
			</trkpt>
			<trkpt lat="45.04641" lon="2.59498">
				<ele>921.97</ele>
				<time>2026-05-20T19:46:25.190Z</time>
			</trkpt>
			<trkpt lat="45.0463" lon="2.59486">
				<ele>921.61</ele>
				<time>2026-05-20T19:46:26.286Z</time>
			</trkpt>
			<trkpt lat="45.04623" lon="2.59472">
				<ele>922.3</ele>
				<time>2026-05-20T19:46:27.242Z</time>
			</trkpt>
			<trkpt lat="45.04619" lon="2.59457">
				<ele>922.34</ele>
				<time>2026-05-20T19:46:28.136Z</time>
			</trkpt>
			<trkpt lat="45.04616" lon="2.5942">
				<ele>921.24</ele>
				<time>2026-05-20T19:46:30.213Z</time>
			</trkpt>
			<trkpt lat="45.04613" lon="2.59339">
				<ele>924.63</ele>
				<time>2026-05-20T19:46:34.736Z</time>
			</trkpt>
			<trkpt lat="45.0461" lon="2.59327">
				<ele>926.44</ele>
				<time>2026-05-20T19:46:35.446Z</time>
			</trkpt>
			<trkpt lat="45.04604" lon="2.59319">
				<ele>927.55</ele>
				<time>2026-05-20T19:46:36.097Z</time>
			</trkpt>
			<trkpt lat="45.04595" lon="2.59315">
				<ele>927.4</ele>
				<time>2026-05-20T19:46:36.842Z</time>
			</trkpt>
			<trkpt lat="45.04573" lon="2.59317">
				<ele>924.53</ele>
				<time>2026-05-20T19:46:38.583Z</time>
			</trkpt>
			<trkpt lat="45.04532" lon="2.59329">
				<ele>922.71</ele>
				<time>2026-05-20T19:46:41.889Z</time>
			</trkpt>
			<trkpt lat="45.0452" lon="2.59327">
				<ele>925.65</ele>
				<time>2026-05-20T19:46:42.843Z</time>
			</trkpt>
			<trkpt lat="45.04496" lon="2.59316">
				<ele>934.23</ele>
				<time>2026-05-20T19:46:44.835Z</time>
			</trkpt>
			<trkpt lat="45.04482" lon="2.59314">
				<ele>934.34</ele>
				<time>2026-05-20T19:46:45.946Z</time>
			</trkpt>
			<trkpt lat="45.04437" lon="2.59325">
				<ele>924.61</ele>
				<time>2026-05-20T19:46:49.552Z</time>
			</trkpt>
			<trkpt lat="45.04426" lon="2.59316">
				<ele>925.26</ele>
				<time>2026-05-20T19:46:50.555Z</time>
			</trkpt>
			<trkpt lat="45.04415" lon="2.59295">
				<ele>927.08</ele>
				<time>2026-05-20T19:46:52.014Z</time>
			</trkpt>
			<trkpt lat="45.04408" lon="2.59271">
				<ele>929.37</ele>
				<time>2026-05-20T19:46:53.462Z</time>
			</trkpt>
			<trkpt lat="45.04405" lon="2.59242">
				<ele>929.84</ele>
				<time>2026-05-20T19:46:55.097Z</time>
			</trkpt>
			<trkpt lat="45.04408" lon="2.59223">
				<ele>929.83</ele>
				<time>2026-05-20T19:46:56.183Z</time>
			</trkpt>
			<trkpt lat="45.04417" lon="2.59204">
				<ele>930.35</ele>
				<time>2026-05-20T19:46:57.459Z</time>
			</trkpt>
			<trkpt lat="45.04441" lon="2.59163">
				<ele>936.9</ele>
				<time>2026-05-20T19:47:00.428Z</time>
			</trkpt>
			<trkpt lat="45.0445" lon="2.59144">
				<ele>938.92</ele>
				<time>2026-05-20T19:47:01.704Z</time>
			</trkpt>
			<trkpt lat="45.04455" lon="2.59125">
				<ele>940.29</ele>
				<time>2026-05-20T19:47:02.835Z</time>
			</trkpt>
			<trkpt lat="45.04458" lon="2.59106">
				<ele>941.42</ele>
				<time>2026-05-20T19:47:03.920Z</time>
			</trkpt>
			<trkpt lat="45.04459" lon="2.5906">
				<ele>944.88</ele>
				<time>2026-05-20T19:47:06.486Z</time>
			</trkpt>
			<trkpt lat="45.04457" lon="2.59049">
				<ele>946.19</ele>
				<time>2026-05-20T19:47:07.119Z</time>
			</trkpt>
			<trkpt lat="45.04451" lon="2.5904">
				<ele>947.24</ele>
				<time>2026-05-20T19:47:07.809Z</time>
			</trkpt>
			<trkpt lat="45.04443" lon="2.59036">
				<ele>947.47</ele>
				<time>2026-05-20T19:47:08.478Z</time>
			</trkpt>
			<trkpt lat="45.04422" lon="2.59034">
				<ele>945.55</ele>
				<time>2026-05-20T19:47:10.138Z</time>
			</trkpt>
			<trkpt lat="45.04414" lon="2.59032">
				<ele>945.35</ele>
				<time>2026-05-20T19:47:10.779Z</time>
			</trkpt>
			<trkpt lat="45.04406" lon="2.59025">
				<ele>946.05</ele>
				<time>2026-05-20T19:47:11.520Z</time>
			</trkpt>
			<trkpt lat="45.04401" lon="2.59014">
				<ele>948.37</ele>
				<time>2026-05-20T19:47:12.249Z</time>
			</trkpt>
			<trkpt lat="45.04397" lon="2.58998">
				<ele>952.05</ele>
				<time>2026-05-20T19:47:13.195Z</time>
			</trkpt>
			<trkpt lat="45.0439" lon="2.58985">
				<ele>953.46</ele>
				<time>2026-05-20T19:47:14.105Z</time>
			</trkpt>
			<trkpt lat="45.04381" lon="2.58971">
				<ele>954.36</ele>
				<time>2026-05-20T19:47:15.159Z</time>
			</trkpt>
			<trkpt lat="45.04358" lon="2.58948">
				<ele>951.27</ele>
				<time>2026-05-20T19:47:17.379Z</time>
			</trkpt>
			<trkpt lat="45.04351" lon="2.58929">
				<ele>951.44</ele>
				<time>2026-05-20T19:47:18.572Z</time>
			</trkpt>
			<trkpt lat="45.04346" lon="2.58902">
				<ele>950.85</ele>
				<time>2026-05-20T19:47:20.125Z</time>
			</trkpt>
			<trkpt lat="45.04346" lon="2.58891">
				<ele>950.53</ele>
				<time>2026-05-20T19:47:20.737Z</time>
			</trkpt>
			<trkpt lat="45.0435" lon="2.58877">
				<ele>950.38</ele>
				<time>2026-05-20T19:47:21.578Z</time>
			</trkpt>
			<trkpt lat="45.0438" lon="2.58829">
				<ele>948.29</ele>
				<time>2026-05-20T19:47:25.143Z</time>
			</trkpt>
			<trkpt lat="45.04395" lon="2.58812">
				<ele>946.05</ele>
				<time>2026-05-20T19:47:26.655Z</time>
			</trkpt>
			<trkpt lat="45.0442" lon="2.58796">
				<ele>946.02</ele>
				<time>2026-05-20T19:47:28.814Z</time>
			</trkpt>
			<trkpt lat="45.04428" lon="2.58788">
				<ele>946.92</ele>
				<time>2026-05-20T19:47:29.584Z</time>
			</trkpt>
			<trkpt lat="45.04437" lon="2.58773">
				<ele>946.86</ele>
				<time>2026-05-20T19:47:30.678Z</time>
			</trkpt>
			<trkpt lat="45.04445" lon="2.58757">
				<ele>945.51</ele>
				<time>2026-05-20T19:47:31.767Z</time>
			</trkpt>
			<trkpt lat="45.04468" lon="2.58721">
				<ele>942.21</ele>
				<time>2026-05-20T19:47:34.462Z</time>
			</trkpt>
			<trkpt lat="45.04478" lon="2.58712">
				<ele>942.06</ele>
				<time>2026-05-20T19:47:35.393Z</time>
			</trkpt>
			<trkpt lat="45.04489" lon="2.58706">
				<ele>942.61</ele>
				<time>2026-05-20T19:47:36.319Z</time>
			</trkpt>
			<trkpt lat="45.04503" lon="2.58704">
				<ele>944.26</ele>
				<time>2026-05-20T19:47:37.424Z</time>
			</trkpt>
			<trkpt lat="45.04548" lon="2.58705">
				<ele>948.71</ele>
				<time>2026-05-20T19:47:40.957Z</time>
			</trkpt>
			<trkpt lat="45.04558" lon="2.58701">
				<ele>949.3</ele>
				<time>2026-05-20T19:47:41.772Z</time>
			</trkpt>
			<trkpt lat="45.04565" lon="2.58694">
				<ele>949.68</ele>
				<time>2026-05-20T19:47:42.444Z</time>
			</trkpt>
			<trkpt lat="45.04571" lon="2.58684">
				<ele>948.87</ele>
				<time>2026-05-20T19:47:43.171Z</time>
			</trkpt>
			<trkpt lat="45.04576" lon="2.58666">
				<ele>946.36</ele>
				<time>2026-05-20T19:47:44.243Z</time>
			</trkpt>
			<trkpt lat="45.04582" lon="2.58656">
				<ele>944.5</ele>
				<time>2026-05-20T19:47:44.970Z</time>
			</trkpt>
			<trkpt lat="45.04595" lon="2.58643">
				<ele>943.14</ele>
				<time>2026-05-20T19:47:46.217Z</time>
			</trkpt>
			<trkpt lat="45.04655" lon="2.58597">
				<ele>943.76</ele>
				<time>2026-05-20T19:47:51.561Z</time>
			</trkpt>
			<trkpt lat="45.04673" lon="2.58586">
				<ele>944.28</ele>
				<time>2026-05-20T19:47:53.095Z</time>
			</trkpt>
			<trkpt lat="45.04712" lon="2.58571">
				<ele>942.34</ele>
				<time>2026-05-20T19:47:56.255Z</time>
			</trkpt>
			<trkpt lat="45.04731" lon="2.58569">
				<ele>941.6</ele>
				<time>2026-05-20T19:47:57.743Z</time>
			</trkpt>
			<trkpt lat="45.0475" lon="2.58574">
				<ele>942.01</ele>
				<time>2026-05-20T19:47:59.252Z</time>
			</trkpt>
			<trkpt lat="45.04772" lon="2.58587">
				<ele>947.74</ele>
				<time>2026-05-20T19:48:01.113Z</time>
			</trkpt>
			<trkpt lat="45.04792" lon="2.58604">
				<ele>953.57</ele>
				<time>2026-05-20T19:48:02.933Z</time>
			</trkpt>
			<trkpt lat="45.04805" lon="2.5861">
				<ele>955.83</ele>
				<time>2026-05-20T19:48:03.999Z</time>
			</trkpt>
			<trkpt lat="45.04815" lon="2.58612">
				<ele>955.2</ele>
				<time>2026-05-20T19:48:04.787Z</time>
			</trkpt>
			<trkpt lat="45.04824" lon="2.58608">
				<ele>953.44</ele>
				<time>2026-05-20T19:48:05.522Z</time>
			</trkpt>
			<trkpt lat="45.04831" lon="2.586">
				<ele>951.26</ele>
				<time>2026-05-20T19:48:06.223Z</time>
			</trkpt>
			<trkpt lat="45.04835" lon="2.58586">
				<ele>948.9</ele>
				<time>2026-05-20T19:48:07.054Z</time>
			</trkpt>
			<trkpt lat="45.04837" lon="2.58572">
				<ele>947.97</ele>
				<time>2026-05-20T19:48:07.840Z</time>
			</trkpt>
			<trkpt lat="45.04836" lon="2.58558">
				<ele>946.97</ele>
				<time>2026-05-20T19:48:08.613Z</time>
			</trkpt>
			<trkpt lat="45.04831" lon="2.58543">
				<ele>946.64</ele>
				<time>2026-05-20T19:48:09.525Z</time>
			</trkpt>
			<trkpt lat="45.04808" lon="2.58507">
				<ele>946.46</ele>
				<time>2026-05-20T19:48:12.192Z</time>
			</trkpt>
			<trkpt lat="45.04789" lon="2.58485">
				<ele>945.91</ele>
				<time>2026-05-20T19:48:14.100Z</time>
			</trkpt>
			<trkpt lat="45.04768" lon="2.58454">
				<ele>946.32</ele>
				<time>2026-05-20T19:48:16.456Z</time>
			</trkpt>
			<trkpt lat="45.04743" lon="2.58422">
				<ele>947.07</ele>
				<time>2026-05-20T19:48:19.071Z</time>
			</trkpt>
			<trkpt lat="45.04727" lon="2.58406">
				<ele>948.63</ele>
				<time>2026-05-20T19:48:20.589Z</time>
			</trkpt>
			<trkpt lat="45.04711" lon="2.58396">
				<ele>948.86</ele>
				<time>2026-05-20T19:48:21.944Z</time>
			</trkpt>
			<trkpt lat="45.0467" lon="2.58376">
				<ele>947.67</ele>
				<time>2026-05-20T19:48:25.300Z</time>
			</trkpt>
			<trkpt lat="45.0466" lon="2.58368">
				<ele>947.73</ele>
				<time>2026-05-20T19:48:26.188Z</time>
			</trkpt>
			<trkpt lat="45.04652" lon="2.58358">
				<ele>947.91</ele>
				<time>2026-05-20T19:48:27.013Z</time>
			</trkpt>
			<trkpt lat="45.04648" lon="2.58344">
				<ele>947.04</ele>
				<time>2026-05-20T19:48:27.837Z</time>
			</trkpt>
			<trkpt lat="45.04646" lon="2.58329">
				<ele>946.12</ele>
				<time>2026-05-20T19:48:28.670Z</time>
			</trkpt>
			<trkpt lat="45.04647" lon="2.58315">
				<ele>944.44</ele>
				<time>2026-05-20T19:48:29.438Z</time>
			</trkpt>
			<trkpt lat="45.04651" lon="2.58303">
				<ele>943.16</ele>
				<time>2026-05-20T19:48:30.161Z</time>
			</trkpt>
			<trkpt lat="45.0466" lon="2.58289">
				<ele>942.4</ele>
				<time>2026-05-20T19:48:31.193Z</time>
			</trkpt>
			<trkpt lat="45.04709" lon="2.58241">
				<ele>947.23</ele>
				<time>2026-05-20T19:48:35.785Z</time>
			</trkpt>
			<trkpt lat="45.04713" lon="2.58233">
				<ele>947.8</ele>
				<time>2026-05-20T19:48:36.317Z</time>
			</trkpt>
			<trkpt lat="45.04715" lon="2.58222">
				<ele>947.61</ele>
				<time>2026-05-20T19:48:36.935Z</time>
			</trkpt>
			<trkpt lat="45.04713" lon="2.58212">
				<ele>946.84</ele>
				<time>2026-05-20T19:48:37.500Z</time>
			</trkpt>
			<trkpt lat="45.04705" lon="2.58197">
				<ele>944.56</ele>
				<time>2026-05-20T19:48:38.520Z</time>
			</trkpt>
			<trkpt lat="45.04679" lon="2.58168">
				<ele>942.24</ele>
				<time>2026-05-20T19:48:41.063Z</time>
			</trkpt>
			<trkpt lat="45.04658" lon="2.58148">
				<ele>942.29</ele>
				<time>2026-05-20T19:48:43.005Z</time>
			</trkpt>
			<trkpt lat="45.04636" lon="2.58131">
				<ele>940.39</ele>
				<time>2026-05-20T19:48:44.927Z</time>
			</trkpt>
			<trkpt lat="45.04629" lon="2.58124">
				<ele>940.18</ele>
				<time>2026-05-20T19:48:45.583Z</time>
			</trkpt>
			<trkpt lat="45.04624" lon="2.58114">
				<ele>940.58</ele>
				<time>2026-05-20T19:48:46.246Z</time>
			</trkpt>
			<trkpt lat="45.04623" lon="2.58102">
				<ele>942.42</ele>
				<time>2026-05-20T19:48:46.899Z</time>
			</trkpt>
			<trkpt lat="45.04631" lon="2.58069">
				<ele>949.93</ele>
				<time>2026-05-20T19:48:48.785Z</time>
			</trkpt>
			<trkpt lat="45.04632" lon="2.58055">
				<ele>953.14</ele>
				<time>2026-05-20T19:48:49.545Z</time>
			</trkpt>
			<trkpt lat="45.04631" lon="2.58042">
				<ele>956.78</ele>
				<time>2026-05-20T19:48:50.251Z</time>
			</trkpt>
			<trkpt lat="45.04628" lon="2.58029">
				<ele>960.71</ele>
				<time>2026-05-20T19:48:50.989Z</time>
			</trkpt>
			<trkpt lat="45.04623" lon="2.58022">
				<ele>963.26</ele>
				<time>2026-05-20T19:48:51.526Z</time>
			</trkpt>
			<trkpt lat="45.04616" lon="2.5802">
				<ele>964.81</ele>
				<time>2026-05-20T19:48:52.071Z</time>
			</trkpt>
			<trkpt lat="45.04607" lon="2.58022">
				<ele>965.51</ele>
				<time>2026-05-20T19:48:52.766Z</time>
			</trkpt>
			<trkpt lat="45.04583" lon="2.58043">
				<ele>961.8</ele>
				<time>2026-05-20T19:48:54.917Z</time>
			</trkpt>
			<trkpt lat="45.04538" lon="2.58071">
				<ele>958.12</ele>
				<time>2026-05-20T19:48:58.659Z</time>
			</trkpt>
			<trkpt lat="45.04521" lon="2.58078">
				<ele>959.09</ele>
				<time>2026-05-20T19:49:00.004Z</time>
			</trkpt>
			<trkpt lat="45.045" lon="2.5808">
				<ele>962.84</ele>
				<time>2026-05-20T19:49:01.602Z</time>
			</trkpt>
			<trkpt lat="45.04481" lon="2.58087">
				<ele>964.72</ele>
				<time>2026-05-20T19:49:03.092Z</time>
			</trkpt>
			<trkpt lat="45.04464" lon="2.581">
				<ele>964.13</ele>
				<time>2026-05-20T19:49:04.556Z</time>
			</trkpt>
			<trkpt lat="45.04437" lon="2.58129">
				<ele>961.88</ele>
				<time>2026-05-20T19:49:07.122Z</time>
			</trkpt>
			<trkpt lat="45.04425" lon="2.58136">
				<ele>961.08</ele>
				<time>2026-05-20T19:49:08.103Z</time>
			</trkpt>
			<trkpt lat="45.04414" lon="2.58139">
				<ele>961.09</ele>
				<time>2026-05-20T19:49:08.949Z</time>
			</trkpt>
			<trkpt lat="45.04327" lon="2.58125">
				<ele>959.61</ele>
				<time>2026-05-20T19:49:15.549Z</time>
			</trkpt>
			<trkpt lat="45.04322" lon="2.58122">
				<ele>959.17</ele>
				<time>2026-05-20T19:49:15.958Z</time>
			</trkpt>
			<trkpt lat="45.04316" lon="2.58113">
				<ele>959.18</ele>
				<time>2026-05-20T19:49:16.615Z</time>
			</trkpt>
			<trkpt lat="45.04314" lon="2.58101">
				<ele>959.12</ele>
				<time>2026-05-20T19:49:17.270Z</time>
			</trkpt>
			<trkpt lat="45.0431" lon="2.5801">
				<ele>957.23</ele>
				<time>2026-05-20T19:49:22.101Z</time>
			</trkpt>
			<trkpt lat="45.04312" lon="2.5799">
				<ele>958.35</ele>
				<time>2026-05-20T19:49:23.169Z</time>
			</trkpt>
			<trkpt lat="45.04335" lon="2.57919">
				<ele>959.01</ele>
				<time>2026-05-20T19:49:27.291Z</time>
			</trkpt>
			<trkpt lat="45.04352" lon="2.57887">
				<ele>959.69</ele>
				<time>2026-05-20T19:49:29.399Z</time>
			</trkpt>
			<trkpt lat="45.04355" lon="2.57876">
				<ele>959.39</ele>
				<time>2026-05-20T19:49:30.019Z</time>
			</trkpt>
			<trkpt lat="45.04357" lon="2.57862">
				<ele>958.25</ele>
				<time>2026-05-20T19:49:30.770Z</time>
			</trkpt>
			<trkpt lat="45.04356" lon="2.57849">
				<ele>957.88</ele>
				<time>2026-05-20T19:49:31.457Z</time>
			</trkpt>
			<trkpt lat="45.04342" lon="2.57765">
				<ele>961.48</ele>
				<time>2026-05-20T19:49:35.982Z</time>
			</trkpt>
			<trkpt lat="45.04337" lon="2.57749">
				<ele>962.96</ele>
				<time>2026-05-20T19:49:36.897Z</time>
			</trkpt>
			<trkpt lat="45.04323" lon="2.57719">
				<ele>966.5</ele>
				<time>2026-05-20T19:49:38.776Z</time>
			</trkpt>
			<trkpt lat="45.04312" lon="2.57705">
				<ele>967.99</ele>
				<time>2026-05-20T19:49:39.868Z</time>
			</trkpt>
			<trkpt lat="45.04256" lon="2.5765">
				<ele>974.51</ele>
				<time>2026-05-20T19:49:44.890Z</time>
			</trkpt>
			<trkpt lat="45.04226" lon="2.57613">
				<ele>974.03</ele>
				<time>2026-05-20T19:49:47.812Z</time>
			</trkpt>
			<trkpt lat="45.04222" lon="2.57603">
				<ele>974.29</ele>
				<time>2026-05-20T19:49:48.407Z</time>
			</trkpt>
			<trkpt lat="45.04219" lon="2.57588">
				<ele>976.75</ele>
				<time>2026-05-20T19:49:49.214Z</time>
			</trkpt>
			<trkpt lat="45.0422" lon="2.57552">
				<ele>980.99</ele>
				<time>2026-05-20T19:49:51.077Z</time>
			</trkpt>
			<trkpt lat="45.04218" lon="2.57538">
				<ele>981.66</ele>
				<time>2026-05-20T19:49:51.815Z</time>
			</trkpt>
			<trkpt lat="45.04214" lon="2.57525">
				<ele>981.53</ele>
				<time>2026-05-20T19:49:52.547Z</time>
			</trkpt>
			<trkpt lat="45.04207" lon="2.57513">
				<ele>979.76</ele>
				<time>2026-05-20T19:49:53.349Z</time>
			</trkpt>
			<trkpt lat="45.0419" lon="2.57495">
				<ele>976.77</ele>
				<time>2026-05-20T19:49:54.897Z</time>
			</trkpt>
			<trkpt lat="45.04184" lon="2.57483">
				<ele>977.31</ele>
				<time>2026-05-20T19:49:55.654Z</time>
			</trkpt>
			<trkpt lat="45.04177" lon="2.57464">
				<ele>976.73</ele>
				<time>2026-05-20T19:49:56.756Z</time>
			</trkpt>
			<trkpt lat="45.04166" lon="2.5741">
				<ele>972.91</ele>
				<time>2026-05-20T19:49:59.640Z</time>
			</trkpt>
			<trkpt lat="45.04161" lon="2.57335">
				<ele>969.78</ele>
				<time>2026-05-20T19:50:03.494Z</time>
			</trkpt>
			<trkpt lat="45.04155" lon="2.57337">
				<ele>970.46</ele>
				<time>2026-05-20T19:50:03.939Z</time>
			</trkpt>
			<trkpt lat="45.0415" lon="2.57336">
				<ele>971.04</ele>
				<time>2026-05-20T19:50:04.304Z</time>
			</trkpt>
			<trkpt lat="45.04142" lon="2.57333">
				<ele>971.56</ele>
				<time>2026-05-20T19:50:04.901Z</time>
			</trkpt>
			<trkpt lat="45.04084" lon="2.57264">
				<ele>968.76</ele>
				<time>2026-05-20T19:50:10.353Z</time>
			</trkpt>
			<trkpt lat="45.04022" lon="2.57209">
				<ele>979.2</ele>
				<time>2026-05-20T19:50:15.589Z</time>
			</trkpt>
			<trkpt lat="45.04" lon="2.57198">
				<ele>977.22</ele>
				<time>2026-05-20T19:50:17.253Z</time>
			</trkpt>
			<trkpt lat="45.03973" lon="2.57189">
				<ele>972.66</ele>
				<time>2026-05-20T19:50:19.226Z</time>
			</trkpt>
			<trkpt lat="45.03871" lon="2.57191">
				<ele>975.03</ele>
				<time>2026-05-20T19:50:26.446Z</time>
			</trkpt>
			<trkpt lat="45.03799" lon="2.57163">
				<ele>974.08</ele>
				<time>2026-05-20T19:50:31.693Z</time>
			</trkpt>
			<trkpt lat="45.0379" lon="2.57161">
				<ele>974.34</ele>
				<time>2026-05-20T19:50:32.331Z</time>
			</trkpt>
			<trkpt lat="45.03758" lon="2.57164">
				<ele>972.92</ele>
				<time>2026-05-20T19:50:34.567Z</time>
			</trkpt>
			<trkpt lat="45.03744" lon="2.57158">
				<ele>970.99</ele>
				<time>2026-05-20T19:50:35.582Z</time>
			</trkpt>
			<trkpt lat="45.03739" lon="2.57153">
				<ele>970.27</ele>
				<time>2026-05-20T19:50:36.006Z</time>
			</trkpt>
			<trkpt lat="45.03728" lon="2.57131">
				<ele>970.17</ele>
				<time>2026-05-20T19:50:37.320Z</time>
			</trkpt>
			<trkpt lat="45.03722" lon="2.57125">
				<ele>970</ele>
				<time>2026-05-20T19:50:37.826Z</time>
			</trkpt>
			<trkpt lat="45.03705" lon="2.57113">
				<ele>968.34</ele>
				<time>2026-05-20T19:50:39.130Z</time>
			</trkpt>
			<trkpt lat="45.03698" lon="2.57104">
				<ele>968.64</ele>
				<time>2026-05-20T19:50:39.777Z</time>
			</trkpt>
			<trkpt lat="45.03682" lon="2.57072">
				<ele>971.89</ele>
				<time>2026-05-20T19:50:41.665Z</time>
			</trkpt>
			<trkpt lat="45.03674" lon="2.57062">
				<ele>972.75</ele>
				<time>2026-05-20T19:50:42.390Z</time>
			</trkpt>
			<trkpt lat="45.03664" lon="2.57055">
				<ele>972.46</ele>
				<time>2026-05-20T19:50:43.146Z</time>
			</trkpt>
			<trkpt lat="45.03629" lon="2.57042">
				<ele>968.58</ele>
				<time>2026-05-20T19:50:45.587Z</time>
			</trkpt>
			<trkpt lat="45.03601" lon="2.57039">
				<ele>965.14</ele>
				<time>2026-05-20T19:50:47.470Z</time>
			</trkpt>
			<trkpt lat="45.03591" lon="2.57034">
				<ele>965.34</ele>
				<time>2026-05-20T19:50:48.179Z</time>
			</trkpt>
			<trkpt lat="45.03584" lon="2.57025">
				<ele>966.95</ele>
				<time>2026-05-20T19:50:48.810Z</time>
			</trkpt>
			<trkpt lat="45.03567" lon="2.56994">
				<ele>971.85</ele>
				<time>2026-05-20T19:50:50.654Z</time>
			</trkpt>
			<trkpt lat="45.03557" lon="2.56981">
				<ele>972.33</ele>
				<time>2026-05-20T19:50:51.554Z</time>
			</trkpt>
			<trkpt lat="45.03544" lon="2.56973">
				<ele>971.4</ele>
				<time>2026-05-20T19:50:52.492Z</time>
			</trkpt>
			<trkpt lat="45.03535" lon="2.5697">
				<ele>970.03</ele>
				<time>2026-05-20T19:50:53.102Z</time>
			</trkpt>
			<trkpt lat="45.03518" lon="2.56971">
				<ele>966.07</ele>
				<time>2026-05-20T19:50:54.223Z</time>
			</trkpt>
			<trkpt lat="45.03504" lon="2.56968">
				<ele>963.9</ele>
				<time>2026-05-20T19:50:55.154Z</time>
			</trkpt>
			<trkpt lat="45.03492" lon="2.56961">
				<ele>963.84</ele>
				<time>2026-05-20T19:50:56.005Z</time>
			</trkpt>
			<trkpt lat="45.03478" lon="2.56949">
				<ele>965.4</ele>
				<time>2026-05-20T19:50:57.077Z</time>
			</trkpt>
			<trkpt lat="45.0347" lon="2.56934">
				<ele>968.01</ele>
				<time>2026-05-20T19:50:57.945Z</time>
			</trkpt>
			<trkpt lat="45.03462" lon="2.56915">
				<ele>970.23</ele>
				<time>2026-05-20T19:50:58.964Z</time>
			</trkpt>
			<trkpt lat="45.03452" lon="2.569">
				<ele>969.91</ele>
				<time>2026-05-20T19:50:59.913Z</time>
			</trkpt>
			<trkpt lat="45.03426" lon="2.56881">
				<ele>967.06</ele>
				<time>2026-05-20T19:51:01.812Z</time>
			</trkpt>
			<trkpt lat="45.03396" lon="2.56847">
				<ele>962.3</ele>
				<time>2026-05-20T19:51:04.298Z</time>
			</trkpt>
			<trkpt lat="45.03384" lon="2.5683">
				<ele>958.85</ele>
				<time>2026-05-20T19:51:05.393Z</time>
			</trkpt>
			<trkpt lat="45.03379" lon="2.56817">
				<ele>956.58</ele>
				<time>2026-05-20T19:51:06.067Z</time>
			</trkpt>
			<trkpt lat="45.0338" lon="2.56807">
				<ele>955.61</ele>
				<time>2026-05-20T19:51:06.526Z</time>
			</trkpt>
			<trkpt lat="45.03383" lon="2.56797">
				<ele>955.37</ele>
				<time>2026-05-20T19:51:07.020Z</time>
			</trkpt>
			<trkpt lat="45.03405" lon="2.5677">
				<ele>960</ele>
				<time>2026-05-20T19:51:08.890Z</time>
			</trkpt>
			<trkpt lat="45.03412" lon="2.56759">
				<ele>961.24</ele>
				<time>2026-05-20T19:51:09.560Z</time>
			</trkpt>
			<trkpt lat="45.03414" lon="2.56746">
				<ele>961.27</ele>
				<time>2026-05-20T19:51:10.163Z</time>
			</trkpt>
			<trkpt lat="45.03413" lon="2.56712">
				<ele>959.03</ele>
				<time>2026-05-20T19:51:11.701Z</time>
			</trkpt>
			<trkpt lat="45.03416" lon="2.56663">
				<ele>955.86</ele>
				<time>2026-05-20T19:51:13.921Z</time>
			</trkpt>
			<trkpt lat="45.03414" lon="2.56643">
				<ele>954.82</ele>
				<time>2026-05-20T19:51:14.831Z</time>
			</trkpt>
			<trkpt lat="45.03395" lon="2.56574">
				<ele>949.08</ele>
				<time>2026-05-20T19:51:18.163Z</time>
			</trkpt>
			<trkpt lat="45.03391" lon="2.56566">
				<ele>948.98</ele>
				<time>2026-05-20T19:51:18.603Z</time>
			</trkpt>
			<trkpt lat="45.0336" lon="2.56552">
				<ele>945.03</ele>
				<time>2026-05-20T19:51:20.671Z</time>
			</trkpt>
			<trkpt lat="45.03353" lon="2.56546">
				<ele>943.63</ele>
				<time>2026-05-20T19:51:21.191Z</time>
			</trkpt>
			<trkpt lat="45.03339" lon="2.56522">
				<ele>942.7</ele>
				<time>2026-05-20T19:51:22.588Z</time>
			</trkpt>
			<trkpt lat="45.0333" lon="2.56511">
				<ele>942.05</ele>
				<time>2026-05-20T19:51:23.343Z</time>
			</trkpt>
			<trkpt lat="45.0331" lon="2.56491">
				<ele>939.38</ele>
				<time>2026-05-20T19:51:24.898Z</time>
			</trkpt>
			<trkpt lat="45.03302" lon="2.5648">
				<ele>939.01</ele>
				<time>2026-05-20T19:51:25.606Z</time>
			</trkpt>
			<trkpt lat="45.03283" lon="2.56433">
				<ele>937.41</ele>
				<time>2026-05-20T19:51:28.036Z</time>
			</trkpt>
			<trkpt lat="45.03276" lon="2.5642">
				<ele>937.13</ele>
				<time>2026-05-20T19:51:28.770Z</time>
			</trkpt>
			<trkpt lat="45.03253" lon="2.56395">
				<ele>934.68</ele>
				<time>2026-05-20T19:51:30.613Z</time>
			</trkpt>
			<trkpt lat="45.03227" lon="2.56371">
				<ele>935.51</ele>
				<time>2026-05-20T19:51:32.587Z</time>
			</trkpt>
			<trkpt lat="45.03211" lon="2.56364">
				<ele>935.5</ele>
				<time>2026-05-20T19:51:33.653Z</time>
			</trkpt>
			<trkpt lat="45.03202" lon="2.56365">
				<ele>934.72</ele>
				<time>2026-05-20T19:51:34.228Z</time>
			</trkpt>
			<trkpt lat="45.03194" lon="2.56368">
				<ele>933.45</ele>
				<time>2026-05-20T19:51:34.756Z</time>
			</trkpt>
			<trkpt lat="45.03157" lon="2.56394">
				<ele>924.02</ele>
				<time>2026-05-20T19:51:37.391Z</time>
			</trkpt>
			<trkpt lat="45.03146" lon="2.56398">
				<ele>922.34</ele>
				<time>2026-05-20T19:51:38.117Z</time>
			</trkpt>
			<trkpt lat="45.03137" lon="2.56399">
				<ele>921.17</ele>
				<time>2026-05-20T19:51:38.694Z</time>
			</trkpt>
			<trkpt lat="45.03129" lon="2.56395">
				<ele>919.83</ele>
				<time>2026-05-20T19:51:39.237Z</time>
			</trkpt>
			<trkpt lat="45.03123" lon="2.56388">
				<ele>919.03</ele>
				<time>2026-05-20T19:51:39.735Z</time>
			</trkpt>
			<trkpt lat="45.03113" lon="2.56361">
				<ele>918.65</ele>
				<time>2026-05-20T19:51:41.116Z</time>
			</trkpt>
			<trkpt lat="45.031" lon="2.56288">
				<ele>917.46</ele>
				<time>2026-05-20T19:51:44.536Z</time>
			</trkpt>
			<trkpt lat="45.03096" lon="2.56273">
				<ele>916.73</ele>
				<time>2026-05-20T19:51:45.267Z</time>
			</trkpt>
			<trkpt lat="45.03087" lon="2.56253">
				<ele>915.36</ele>
				<time>2026-05-20T19:51:46.349Z</time>
			</trkpt>
			<trkpt lat="45.03082" lon="2.56247">
				<ele>914.78</ele>
				<time>2026-05-20T19:51:46.773Z</time>
			</trkpt>
			<trkpt lat="45.03051" lon="2.56242">
				<ele>911.54</ele>
				<time>2026-05-20T19:51:48.794Z</time>
			</trkpt>
			<trkpt lat="45.03044" lon="2.56238">
				<ele>910.65</ele>
				<time>2026-05-20T19:51:49.284Z</time>
			</trkpt>
			<trkpt lat="45.03039" lon="2.56229">
				<ele>909.81</ele>
				<time>2026-05-20T19:51:49.810Z</time>
			</trkpt>
			<trkpt lat="45.03034" lon="2.56213">
				<ele>908.84</ele>
				<time>2026-05-20T19:51:50.615Z</time>
			</trkpt>
			<trkpt lat="45.03029" lon="2.56178">
				<ele>908.11</ele>
				<time>2026-05-20T19:51:52.261Z</time>
			</trkpt>
			<trkpt lat="45.03005" lon="2.56137">
				<ele>908.11</ele>
				<time>2026-05-20T19:51:54.725Z</time>
			</trkpt>
			<trkpt lat="45.02994" lon="2.56125">
				<ele>910.09</ele>
				<time>2026-05-20T19:51:55.638Z</time>
			</trkpt>
			<trkpt lat="45.02987" lon="2.56121">
				<ele>911.39</ele>
				<time>2026-05-20T19:51:56.135Z</time>
			</trkpt>
			<trkpt lat="45.02981" lon="2.56121">
				<ele>912.05</ele>
				<time>2026-05-20T19:51:56.531Z</time>
			</trkpt>
			<trkpt lat="45.02973" lon="2.56124">
				<ele>912.47</ele>
				<time>2026-05-20T19:51:57.077Z</time>
			</trkpt>
			<trkpt lat="45.02965" lon="2.56131">
				<ele>911.61</ele>
				<time>2026-05-20T19:51:57.699Z</time>
			</trkpt>
			<trkpt lat="45.02956" lon="2.56145">
				<ele>909.95</ele>
				<time>2026-05-20T19:51:58.584Z</time>
			</trkpt>
			<trkpt lat="45.02946" lon="2.5617">
				<ele>906.21</ele>
				<time>2026-05-20T19:51:59.931Z</time>
			</trkpt>
			<trkpt lat="45.0292" lon="2.56215">
				<ele>898.35</ele>
				<time>2026-05-20T19:52:02.672Z</time>
			</trkpt>
			<trkpt lat="45.02878" lon="2.56249">
				<ele>895.89</ele>
				<time>2026-05-20T19:52:05.925Z</time>
			</trkpt>
			<trkpt lat="45.0285" lon="2.56296">
				<ele>890.05</ele>
				<time>2026-05-20T19:52:08.872Z</time>
			</trkpt>
			<trkpt lat="45.02834" lon="2.5638">
				<ele>882.68</ele>
				<time>2026-05-20T19:52:13.088Z</time>
			</trkpt>
			<trkpt lat="45.02829" lon="2.56396">
				<ele>882.72</ele>
				<time>2026-05-20T19:52:13.942Z</time>
			</trkpt>
			<trkpt lat="45.02815" lon="2.56421">
				<ele>882.16</ele>
				<time>2026-05-20T19:52:15.506Z</time>
			</trkpt>
			<trkpt lat="45.02804" lon="2.56432">
				<ele>881.38</ele>
				<time>2026-05-20T19:52:16.444Z</time>
			</trkpt>
			<trkpt lat="45.02792" lon="2.56435">
				<ele>879.65</ele>
				<time>2026-05-20T19:52:17.295Z</time>
			</trkpt>
			<trkpt lat="45.0278" lon="2.56435">
				<ele>878.55</ele>
				<time>2026-05-20T19:52:18.136Z</time>
			</trkpt>
			<trkpt lat="45.02771" lon="2.5643">
				<ele>876.97</ele>
				<time>2026-05-20T19:52:18.814Z</time>
			</trkpt>
			<trkpt lat="45.02766" lon="2.56425">
				<ele>876.49</ele>
				<time>2026-05-20T19:52:19.245Z</time>
			</trkpt>
			<trkpt lat="45.02754" lon="2.56389">
				<ele>879.05</ele>
				<time>2026-05-20T19:52:21.233Z</time>
			</trkpt>
			<trkpt lat="45.02734" lon="2.56324">
				<ele>879.76</ele>
				<time>2026-05-20T19:52:24.821Z</time>
			</trkpt>
			<trkpt lat="45.02729" lon="2.56316">
				<ele>879.93</ele>
				<time>2026-05-20T19:52:25.366Z</time>
			</trkpt>
			<trkpt lat="45.02704" lon="2.56307">
				<ele>879.97</ele>
				<time>2026-05-20T19:52:27.240Z</time>
			</trkpt>
			<trkpt lat="45.0269" lon="2.56308">
				<ele>880.39</ele>
				<time>2026-05-20T19:52:28.264Z</time>
			</trkpt>
			<trkpt lat="45.02681" lon="2.56319">
				<ele>880.47</ele>
				<time>2026-05-20T19:52:29.137Z</time>
			</trkpt>
			<trkpt lat="45.02669" lon="2.5635">
				<ele>877.49</ele>
				<time>2026-05-20T19:52:30.979Z</time>
			</trkpt>
			<trkpt lat="45.02652" lon="2.56368">
				<ele>879.56</ele>
				<time>2026-05-20T19:52:32.555Z</time>
			</trkpt>
			<trkpt lat="45.02639" lon="2.56373">
				<ele>882.35</ele>
				<time>2026-05-20T19:52:33.559Z</time>
			</trkpt>
			<trkpt lat="45.0263" lon="2.56393">
				<ele>879.39</ele>
				<time>2026-05-20T19:52:34.814Z</time>
			</trkpt>
			<trkpt lat="45.02628" lon="2.56414">
				<ele>876.52</ele>
				<time>2026-05-20T19:52:35.940Z</time>
			</trkpt>
			<trkpt lat="45.02618" lon="2.56464">
				<ele>878.98</ele>
				<time>2026-05-20T19:52:38.718Z</time>
			</trkpt>
			<trkpt lat="45.02608" lon="2.56497">
				<ele>884.52</ele>
				<time>2026-05-20T19:52:40.652Z</time>
			</trkpt>
			<trkpt lat="45.02608" lon="2.56523">
				<ele>889.79</ele>
				<time>2026-05-20T19:52:42.059Z</time>
			</trkpt>
			<trkpt lat="45.02622" lon="2.56569">
				<ele>871.81</ele>
				<time>2026-05-20T19:52:44.785Z</time>
			</trkpt>
			<trkpt lat="45.02628" lon="2.56594">
				<ele>864.34</ele>
				<time>2026-05-20T19:52:46.230Z</time>
			</trkpt>
			<trkpt lat="45.02625" lon="2.56627">
				<ele>860.58</ele>
				<time>2026-05-20T19:52:48.059Z</time>
			</trkpt>
			<trkpt lat="45.02618" lon="2.56664">
				<ele>854.88</ele>
				<time>2026-05-20T19:52:50.174Z</time>
			</trkpt>
			<trkpt lat="45.02605" lon="2.56684">
				<ele>854.88</ele>
				<time>2026-05-20T19:52:51.680Z</time>
			</trkpt>
			<trkpt lat="45.02591" lon="2.56713">
				<ele>853.6</ele>
				<time>2026-05-20T19:52:53.635Z</time>
			</trkpt>
			<trkpt lat="45.02583" lon="2.56754">
				<ele>848.09</ele>
				<time>2026-05-20T19:52:56.012Z</time>
			</trkpt>
			<trkpt lat="45.02566" lon="2.56803">
				<ele>842.27</ele>
				<time>2026-05-20T19:52:59.078Z</time>
			</trkpt>
			<trkpt lat="45.02551" lon="2.56814">
				<ele>841.96</ele>
				<time>2026-05-20T19:53:00.425Z</time>
			</trkpt>
			<trkpt lat="45.02536" lon="2.5682">
				<ele>841.2</ele>
				<time>2026-05-20T19:53:01.671Z</time>
			</trkpt>
			<trkpt lat="45.02518" lon="2.56835">
				<ele>838.04</ele>
				<time>2026-05-20T19:53:03.345Z</time>
			</trkpt>
			<trkpt lat="45.02496" lon="2.56883">
				<ele>828.39</ele>
				<time>2026-05-20T19:53:06.595Z</time>
			</trkpt>
			<trkpt lat="45.0247" lon="2.56915">
				<ele>826.21</ele>
				<time>2026-05-20T19:53:09.376Z</time>
			</trkpt>
			<trkpt lat="45.02455" lon="2.56931">
				<ele>823.17</ele>
				<time>2026-05-20T19:53:10.895Z</time>
			</trkpt>
			<trkpt lat="45.0244" lon="2.56936">
				<ele>821.03</ele>
				<time>2026-05-20T19:53:12.143Z</time>
			</trkpt>
			<trkpt lat="45.02406" lon="2.56923">
				<ele>816.63</ele>
				<time>2026-05-20T19:53:15.001Z</time>
			</trkpt>
			<trkpt lat="45.0236" lon="2.5689">
				<ele>809.33</ele>
				<time>2026-05-20T19:53:19.198Z</time>
			</trkpt>
			<trkpt lat="45.02342" lon="2.56864">
				<ele>807</ele>
				<time>2026-05-20T19:53:21.295Z</time>
			</trkpt>
			<trkpt lat="45.02339" lon="2.56843">
				<ele>806.08</ele>
				<time>2026-05-20T19:53:22.531Z</time>
			</trkpt>
			<trkpt lat="45.02342" lon="2.56796">
				<ele>809.76</ele>
				<time>2026-05-20T19:53:25.254Z</time>
			</trkpt>
			<trkpt lat="45.02338" lon="2.56783">
				<ele>810</ele>
				<time>2026-05-20T19:53:26.073Z</time>
			</trkpt>
			<trkpt lat="45.02304" lon="2.56721">
				<ele>805.65</ele>
				<time>2026-05-20T19:53:30.606Z</time>
			</trkpt>
			<trkpt lat="45.02285" lon="2.56708">
				<ele>797.42</ele>
				<time>2026-05-20T19:53:32.331Z</time>
			</trkpt>
			<trkpt lat="45.0226" lon="2.56683">
				<ele>790.13</ele>
				<time>2026-05-20T19:53:34.833Z</time>
			</trkpt>
			<trkpt lat="45.02254" lon="2.56672">
				<ele>789.42</ele>
				<time>2026-05-20T19:53:35.636Z</time>
			</trkpt>
			<trkpt lat="45.02232" lon="2.5661">
				<ele>790.74</ele>
				<time>2026-05-20T19:53:39.639Z</time>
			</trkpt>
			<trkpt lat="45.02222" lon="2.56595">
				<ele>789.54</ele>
				<time>2026-05-20T19:53:40.828Z</time>
			</trkpt>
			<trkpt lat="45.02203" lon="2.5659">
				<ele>785.49</ele>
				<time>2026-05-20T19:53:42.403Z</time>
			</trkpt>
			<trkpt lat="45.02187" lon="2.5659">
				<ele>781.89</ele>
				<time>2026-05-20T19:53:43.705Z</time>
			</trkpt>
			<trkpt lat="45.02138" lon="2.56558">
				<ele>777.13</ele>
				<time>2026-05-20T19:53:48.091Z</time>
			</trkpt>
			<trkpt lat="45.02122" lon="2.56541">
				<ele>775.64</ele>
				<time>2026-05-20T19:53:49.713Z</time>
			</trkpt>
			<trkpt lat="45.02114" lon="2.56489">
				<ele>781.47</ele>
				<time>2026-05-20T19:53:52.755Z</time>
			</trkpt>
			<trkpt lat="45.02107" lon="2.56475">
				<ele>781.28</ele>
				<time>2026-05-20T19:53:53.733Z</time>
			</trkpt>
			<trkpt lat="45.02069" lon="2.56462">
				<ele>769.1</ele>
				<time>2026-05-20T19:53:56.879Z</time>
			</trkpt>
			<trkpt lat="45.02057" lon="2.56444">
				<ele>767.69</ele>
				<time>2026-05-20T19:53:58.283Z</time>
			</trkpt>
			<trkpt lat="45.02033" lon="2.56413">
				<ele>761.55</ele>
				<time>2026-05-20T19:54:00.883Z</time>
			</trkpt>
			<trkpt lat="45.02015" lon="2.56372">
				<ele>762.06</ele>
				<time>2026-05-20T19:54:03.600Z</time>
			</trkpt>
			<trkpt lat="45.01954" lon="2.56286">
				<ele>752.75</ele>
				<time>2026-05-20T19:54:10.401Z</time>
			</trkpt>
			<trkpt lat="45.01898" lon="2.56217">
				<ele>745.94</ele>
				<time>2026-05-20T19:54:16.186Z</time>
			</trkpt>
			<trkpt lat="45.01858" lon="2.56178">
				<ele>739.93</ele>
				<time>2026-05-20T19:54:19.924Z</time>
			</trkpt>
			<trkpt lat="45.0178" lon="2.56128">
				<ele>727.35</ele>
				<time>2026-05-20T19:54:26.416Z</time>
			</trkpt>
			<trkpt lat="45.01772" lon="2.56125">
				<ele>725.66</ele>
				<time>2026-05-20T19:54:27.036Z</time>
			</trkpt>
			<trkpt lat="45.01764" lon="2.56124">
				<ele>724.57</ele>
				<time>2026-05-20T19:54:27.637Z</time>
			</trkpt>
			<trkpt lat="45.0176" lon="2.56126">
				<ele>724.01</ele>
				<time>2026-05-20T19:54:27.954Z</time>
			</trkpt>
			<trkpt lat="45.01613" lon="2.55868">
				<ele>725.91</ele>
				<time>2026-05-20T19:54:44.834Z</time>
			</trkpt>
			<trkpt lat="45.01587" lon="2.55829">
				<ele>725.25</ele>
				<time>2026-05-20T19:54:47.439Z</time>
			</trkpt>
			<trkpt lat="45.01559" lon="2.55795">
				<ele>723.93</ele>
				<time>2026-05-20T19:54:49.939Z</time>
			</trkpt>
			<trkpt lat="45.01528" lon="2.55765">
				<ele>721.98</ele>
				<time>2026-05-20T19:54:52.444Z</time>
			</trkpt>
			<trkpt lat="45.01519" lon="2.55795">
				<ele>719.94</ele>
				<time>2026-05-20T19:54:53.960Z</time>
			</trkpt>
			<trkpt lat="45.01509" lon="2.55847">
				<ele>719.17</ele>
				<time>2026-05-20T19:54:56.432Z</time>
			</trkpt>
			<trkpt lat="45.01507" lon="2.55871">
				<ele>719.27</ele>
				<time>2026-05-20T19:54:57.526Z</time>
			</trkpt>
			<trkpt lat="45.01508" lon="2.55894">
				<ele>719.38</ele>
				<time>2026-05-20T19:54:58.544Z</time>
			</trkpt>
			<trkpt lat="45.01512" lon="2.55914">
				<ele>719.87</ele>
				<time>2026-05-20T19:54:59.396Z</time>
			</trkpt>
			<trkpt lat="45.01529" lon="2.55948">
				<ele>719.94</ele>
				<time>2026-05-20T19:55:00.933Z</time>
			</trkpt>
			<trkpt lat="45.01557" lon="2.55992">
				<ele>719.38</ele>
				<time>2026-05-20T19:55:02.843Z</time>
			</trkpt>
			<trkpt lat="45.0157" lon="2.56002">
				<ele>720.26</ele>
				<time>2026-05-20T19:55:03.472Z</time>
			</trkpt>
			<trkpt lat="45.01602" lon="2.56021">
				<ele>723.23</ele>
				<time>2026-05-20T19:55:04.924Z</time>
			</trkpt>
			<trkpt lat="45.01608" lon="2.56046">
				<ele>723.97</ele>
				<time>2026-05-20T19:55:05.720Z</time>
			</trkpt>
			<trkpt lat="45.0161" lon="2.56061">
				<ele>723.77</ele>
				<time>2026-05-20T19:55:06.195Z</time>
			</trkpt>
			<trkpt lat="45.01609" lon="2.5609">
				<ele>722.63</ele>
				<time>2026-05-20T19:55:07.140Z</time>
			</trkpt>
		</trkseg>
	</trk>
</gpx>