<?xml version="1.0" encoding="UTF-8"?>
<gpx version="1.1" creator="Kurviger" xmlns="http://www.topografix.com/GPX/1/1" xmlns:xsi="http://www.w3.org/2001/XMLSchema-instance" xsi:schemaLocation="http://www.topografix.com/GPX/1/1 http://www.topografix.com/GPX/1/1/gpx.xsd http://www.garmin.com/xmlschemas/GpxExtensions/v3 http://www.garmin.com/xmlschemas/GpxExtensionsv3.xsd http://www.garmin.com/xmlschemas/TripExtensions/v1 http://www.garmin.com/xmlschemas/TripExtensionsv1.xsd" xmlns:gpxx="http://www.garmin.com/xmlschemas/GpxExtensions/v3" xmlns:trp="http://www.garmin.com/xmlschemas/TripExtensions/v1">
	<metadata>
		<name>Saint-Cyr-la-Roche - Saint-Nectaire</name>
		<copyright author="OpenStreetMap contributors"/>
		<link href="https://kurviger.com">
			<text>Kurviger.com GPX</text>
		</link>
		<time>2026-05-20T17:24:36.171Z</time>
	</metadata>
	<trk>
		<name>Saint-Cyr-la-Roche - Saint-Nectaire</name>
		<trkseg>
			<trkpt lat="45.27124" lon="1.39125">
				<ele>163.99</ele>
				<time>2026-05-20T17:24:36.171Z</time>
			</trkpt>
			<trkpt lat="45.27113" lon="1.39151">
				<ele>163.13</ele>
				<time>2026-05-20T17:24:38.351Z</time>
			</trkpt>
			<trkpt lat="45.27152" lon="1.39193">
				<ele>165.97</ele>
				<time>2026-05-20T17:24:42.873Z</time>
			</trkpt>
			<trkpt lat="45.27164" lon="1.392">
				<ele>165.98</ele>
				<time>2026-05-20T17:24:44.063Z</time>
			</trkpt>
			<trkpt lat="45.27264" lon="1.39211">
				<ele>159.73</ele>
				<time>2026-05-20T17:24:53.154Z</time>
			</trkpt>
			<trkpt lat="45.27276" lon="1.39218">
				<ele>158.09</ele>
				<time>2026-05-20T17:24:54.315Z</time>
			</trkpt>
			<trkpt lat="45.27283" lon="1.39229">
				<ele>156.02</ele>
				<time>2026-05-20T17:24:55.247Z</time>
			</trkpt>
			<trkpt lat="45.27287" lon="1.39243">
				<ele>154.28</ele>
				<time>2026-05-20T17:24:56.194Z</time>
			</trkpt>
			<trkpt lat="45.27288" lon="1.39259">
				<ele>152.78</ele>
				<time>2026-05-20T17:24:57.198Z</time>
			</trkpt>
			<trkpt lat="45.27285" lon="1.39272">
				<ele>152.47</ele>
				<time>2026-05-20T17:24:58.051Z</time>
			</trkpt>
			<trkpt lat="45.27265" lon="1.39289">
				<ele>153.99</ele>
				<time>2026-05-20T17:25:00.108Z</time>
			</trkpt>
			<trkpt lat="45.27242" lon="1.39301">
				<ele>155.6</ele>
				<time>2026-05-20T17:25:02.259Z</time>
			</trkpt>
			<trkpt lat="45.27162" lon="1.39324">
				<ele>149.67</ele>
				<time>2026-05-20T17:25:09.335Z</time>
			</trkpt>
			<trkpt lat="45.27055" lon="1.3939">
				<ele>135.66</ele>
				<time>2026-05-20T17:25:19.212Z</time>
			</trkpt>
			<trkpt lat="45.27045" lon="1.39398">
				<ele>133.89</ele>
				<time>2026-05-20T17:25:20.168Z</time>
			</trkpt>
			<trkpt lat="45.27039" lon="1.3941">
				<ele>130.6</ele>
				<time>2026-05-20T17:25:21.029Z</time>
			</trkpt>
			<trkpt lat="45.27034" lon="1.39426">
				<ele>127.02</ele>
				<time>2026-05-20T17:25:22.050Z</time>
			</trkpt>
			<trkpt lat="45.27034" lon="1.3945">
				<ele>123.69</ele>
				<time>2026-05-20T17:25:23.445Z</time>
			</trkpt>
			<trkpt lat="45.27037" lon="1.39515">
				<ele>121.63</ele>
				<time>2026-05-20T17:25:27.201Z</time>
			</trkpt>
			<trkpt lat="45.27035" lon="1.39615">
				<ele>122.17</ele>
				<time>2026-05-20T17:25:32.885Z</time>
			</trkpt>
			<trkpt lat="45.27033" lon="1.39662">
				<ele>123</ele>
				<time>2026-05-20T17:25:35.524Z</time>
			</trkpt>
			<trkpt lat="45.27032" lon="1.39684">
				<ele>124.18</ele>
				<time>2026-05-20T17:25:36.752Z</time>
			</trkpt>
			<trkpt lat="45.27029" lon="1.39734">
				<ele>127.96</ele>
				<time>2026-05-20T17:25:39.528Z</time>
			</trkpt>
			<trkpt lat="45.27026" lon="1.3975">
				<ele>129.09</ele>
				<time>2026-05-20T17:25:40.438Z</time>
			</trkpt>
			<trkpt lat="45.27022" lon="1.39767">
				<ele>130.21</ele>
				<time>2026-05-20T17:25:41.420Z</time>
			</trkpt>
			<trkpt lat="45.27012" lon="1.39791">
				<ele>130.46</ele>
				<time>2026-05-20T17:25:42.941Z</time>
			</trkpt>
			<trkpt lat="45.26991" lon="1.39836">
				<ele>132.25</ele>
				<time>2026-05-20T17:25:45.864Z</time>
			</trkpt>
			<trkpt lat="45.26987" lon="1.39848">
				<ele>133.11</ele>
				<time>2026-05-20T17:25:46.578Z</time>
			</trkpt>
			<trkpt lat="45.26985" lon="1.39862">
				<ele>134.04</ele>
				<time>2026-05-20T17:25:47.344Z</time>
			</trkpt>
			<trkpt lat="45.26986" lon="1.39876">
				<ele>134.53</ele>
				<time>2026-05-20T17:25:48.097Z</time>
			</trkpt>
			<trkpt lat="45.26991" lon="1.39889">
				<ele>135.13</ele>
				<time>2026-05-20T17:25:48.887Z</time>
			</trkpt>
			<trkpt lat="45.27001" lon="1.39903">
				<ele>137.56</ele>
				<time>2026-05-20T17:25:49.947Z</time>
			</trkpt>
			<trkpt lat="45.27151" lon="1.40024">
				<ele>149.69</ele>
				<time>2026-05-20T17:26:02.632Z</time>
			</trkpt>
			<trkpt lat="45.27168" lon="1.40036">
				<ele>151.22</ele>
				<time>2026-05-20T17:26:03.989Z</time>
			</trkpt>
			<trkpt lat="45.27211" lon="1.40053">
				<ele>152.19</ele>
				<time>2026-05-20T17:26:07.149Z</time>
			</trkpt>
			<trkpt lat="45.27356" lon="1.40201">
				<ele>169.39</ele>
				<time>2026-05-20T17:26:19.363Z</time>
			</trkpt>
			<trkpt lat="45.27362" lon="1.40211">
				<ele>170.37</ele>
				<time>2026-05-20T17:26:19.977Z</time>
			</trkpt>
			<trkpt lat="45.27366" lon="1.40221">
				<ele>171.35</ele>
				<time>2026-05-20T17:26:20.513Z</time>
			</trkpt>
			<trkpt lat="45.27368" lon="1.40233">
				<ele>172.45</ele>
				<time>2026-05-20T17:26:21.086Z</time>
			</trkpt>
			<trkpt lat="45.27367" lon="1.40245">
				<ele>173.39</ele>
				<time>2026-05-20T17:26:21.645Z</time>
			</trkpt>
			<trkpt lat="45.27351" lon="1.40319">
				<ele>174.63</ele>
				<time>2026-05-20T17:26:25.194Z</time>
			</trkpt>
			<trkpt lat="45.2735" lon="1.40327">
				<ele>174.63</ele>
				<time>2026-05-20T17:26:25.562Z</time>
			</trkpt>
			<trkpt lat="45.27529" lon="1.40244">
				<ele>176.8</ele>
				<time>2026-05-20T17:26:34.847Z</time>
			</trkpt>
			<trkpt lat="45.27601" lon="1.40251">
				<ele>177.72</ele>
				<time>2026-05-20T17:26:39.698Z</time>
			</trkpt>
			<trkpt lat="45.27623" lon="1.40249">
				<ele>177.52</ele>
				<time>2026-05-20T17:26:41.678Z</time>
			</trkpt>
			<trkpt lat="45.27628" lon="1.40265">
				<ele>178.28</ele>
				<time>2026-05-20T17:26:43.038Z</time>
			</trkpt>
			<trkpt lat="45.27689" lon="1.40307">
				<ele>182.61</ele>
				<time>2026-05-20T17:26:59.084Z</time>
			</trkpt>
			<trkpt lat="45.27719" lon="1.40323">
				<ele>183</ele>
				<time>2026-05-20T17:27:08.758Z</time>
			</trkpt>
			<trkpt lat="45.27766" lon="1.40318">
				<ele>183.93</ele>
				<time>2026-05-20T17:27:20.726Z</time>
			</trkpt>
			<trkpt lat="45.27768" lon="1.40324">
				<ele>183.87</ele>
				<time>2026-05-20T17:27:21.592Z</time>
			</trkpt>
			<trkpt lat="45.27799" lon="1.40335">
				<ele>185.39</ele>
				<time>2026-05-20T17:27:27.066Z</time>
			</trkpt>
			<trkpt lat="45.27871" lon="1.40402">
				<ele>183.22</ele>
				<time>2026-05-20T17:27:40.442Z</time>
			</trkpt>
			<trkpt lat="45.2799" lon="1.40526">
				<ele>175.85</ele>
				<time>2026-05-20T17:27:59.651Z</time>
			</trkpt>
			<trkpt lat="45.28023" lon="1.40559">
				<ele>172.49</ele>
				<time>2026-05-20T17:28:04.290Z</time>
			</trkpt>
			<trkpt lat="45.28041" lon="1.40568">
				<ele>170.83</ele>
				<time>2026-05-20T17:28:06.416Z</time>
			</trkpt>
			<trkpt lat="45.28069" lon="1.4057">
				<ele>168.44</ele>
				<time>2026-05-20T17:28:09.471Z</time>
			</trkpt>
			<trkpt lat="45.281" lon="1.40566">
				<ele>166.77</ele>
				<time>2026-05-20T17:28:12.783Z</time>
			</trkpt>
			<trkpt lat="45.28123" lon="1.40573">
				<ele>167.35</ele>
				<time>2026-05-20T17:28:15.239Z</time>
			</trkpt>
			<trkpt lat="45.2816" lon="1.40597">
				<ele>169.29</ele>
				<time>2026-05-20T17:28:19.419Z</time>
			</trkpt>
			<trkpt lat="45.28214" lon="1.40589">
				<ele>177.15</ele>
				<time>2026-05-20T17:28:24.924Z</time>
			</trkpt>
			<trkpt lat="45.28246" lon="1.40589">
				<ele>177.44</ele>
				<time>2026-05-20T17:28:28.165Z</time>
			</trkpt>
			<trkpt lat="45.28312" lon="1.40623">
				<ele>176.68</ele>
				<time>2026-05-20T17:28:35.373Z</time>
			</trkpt>
			<trkpt lat="45.28339" lon="1.40628">
				<ele>173.19</ele>
				<time>2026-05-20T17:28:38.240Z</time>
			</trkpt>
			<trkpt lat="45.28377" lon="1.40623">
				<ele>168.39</ele>
				<time>2026-05-20T17:28:42.358Z</time>
			</trkpt>
			<trkpt lat="45.2847" lon="1.40616">
				<ele>171.72</ele>
				<time>2026-05-20T17:28:53.094Z</time>
			</trkpt>
			<trkpt lat="45.28493" lon="1.40616">
				<ele>171.79</ele>
				<time>2026-05-20T17:28:55.936Z</time>
			</trkpt>
			<trkpt lat="45.28542" lon="1.40603">
				<ele>170.5</ele>
				<time>2026-05-20T17:29:02.414Z</time>
			</trkpt>
			<trkpt lat="45.28546" lon="1.40616">
				<ele>169.39</ele>
				<time>2026-05-20T17:29:03.770Z</time>
			</trkpt>
			<trkpt lat="45.2855" lon="1.40641">
				<ele>167.99</ele>
				<time>2026-05-20T17:29:06.304Z</time>
			</trkpt>
			<trkpt lat="45.28554" lon="1.40662">
				<ele>166.3</ele>
				<time>2026-05-20T17:29:08.539Z</time>
			</trkpt>
			<trkpt lat="45.28562" lon="1.40675">
				<ele>165.97</ele>
				<time>2026-05-20T17:29:10.364Z</time>
			</trkpt>
			<trkpt lat="45.28586" lon="1.40692">
				<ele>167</ele>
				<time>2026-05-20T17:29:14.538Z</time>
			</trkpt>
			<trkpt lat="45.28656" lon="1.40766">
				<ele>167.02</ele>
				<time>2026-05-20T17:29:29.169Z</time>
			</trkpt>
			<trkpt lat="45.28662" lon="1.40777">
				<ele>166.89</ele>
				<time>2026-05-20T17:29:30.880Z</time>
			</trkpt>
			<trkpt lat="45.28663" lon="1.40789">
				<ele>166.52</ele>
				<time>2026-05-20T17:29:32.373Z</time>
			</trkpt>
			<trkpt lat="45.28655" lon="1.40803">
				<ele>166.04</ele>
				<time>2026-05-20T17:29:34.611Z</time>
			</trkpt>
			<trkpt lat="45.28643" lon="1.40821">
				<ele>165.32</ele>
				<time>2026-05-20T17:29:37.702Z</time>
			</trkpt>
			<trkpt lat="45.28632" lon="1.40835">
				<ele>164.92</ele>
				<time>2026-05-20T17:29:40.326Z</time>
			</trkpt>
			<trkpt lat="45.28613" lon="1.40856">
				<ele>164.16</ele>
				<time>2026-05-20T17:29:44.601Z</time>
			</trkpt>
			<trkpt lat="45.28586" lon="1.40898">
				<ele>161.44</ele>
				<time>2026-05-20T17:29:51.657Z</time>
			</trkpt>
			<trkpt lat="45.28575" lon="1.4093">
				<ele>158.57</ele>
				<time>2026-05-20T17:29:56.001Z</time>
			</trkpt>
			<trkpt lat="45.28566" lon="1.40942">
				<ele>157.49</ele>
				<time>2026-05-20T17:29:58.110Z</time>
			</trkpt>
			<trkpt lat="45.28516" lon="1.40987">
				<ele>150.2</ele>
				<time>2026-05-20T17:30:07.839Z</time>
			</trkpt>
			<trkpt lat="45.28485" lon="1.41007">
				<ele>148.44</ele>
				<time>2026-05-20T17:30:13.058Z</time>
			</trkpt>
			<trkpt lat="45.28469" lon="1.4102">
				<ele>147.49</ele>
				<time>2026-05-20T17:30:15.740Z</time>
			</trkpt>
			<trkpt lat="45.28463" lon="1.41031">
				<ele>146.62</ele>
				<time>2026-05-20T17:30:17.119Z</time>
			</trkpt>
			<trkpt lat="45.28462" lon="1.41042">
				<ele>145.6</ele>
				<time>2026-05-20T17:30:18.195Z</time>
			</trkpt>
			<trkpt lat="45.28463" lon="1.41054">
				<ele>144.43</ele>
				<time>2026-05-20T17:30:19.341Z</time>
			</trkpt>
			<trkpt lat="45.28472" lon="1.41141">
				<ele>138.89</ele>
				<time>2026-05-20T17:30:26.801Z</time>
			</trkpt>
			<trkpt lat="45.2847" lon="1.41198">
				<ele>135.61</ele>
				<time>2026-05-20T17:30:30.694Z</time>
			</trkpt>
			<trkpt lat="45.2853" lon="1.41192">
				<ele>136.08</ele>
				<time>2026-05-20T17:30:35.344Z</time>
			</trkpt>
			<trkpt lat="45.28711" lon="1.41155">
				<ele>141.11</ele>
				<time>2026-05-20T17:30:45.819Z</time>
			</trkpt>
			<trkpt lat="45.28833" lon="1.41139">
				<ele>137.97</ele>
				<time>2026-05-20T17:30:51.864Z</time>
			</trkpt>
			<trkpt lat="45.28869" lon="1.41131">
				<ele>138.7</ele>
				<time>2026-05-20T17:30:53.813Z</time>
			</trkpt>
			<trkpt lat="45.28934" lon="1.41108">
				<ele>141.33</ele>
				<time>2026-05-20T17:30:57.817Z</time>
			</trkpt>
			<trkpt lat="45.2894" lon="1.41127">
				<ele>137.33</ele>
				<time>2026-05-20T17:30:58.784Z</time>
			</trkpt>
			<trkpt lat="45.28945" lon="1.41135">
				<ele>135.64</ele>
				<time>2026-05-20T17:30:59.289Z</time>
			</trkpt>
			<trkpt lat="45.28952" lon="1.41142">
				<ele>134.55</ele>
				<time>2026-05-20T17:30:59.866Z</time>
			</trkpt>
			<trkpt lat="45.28964" lon="1.41149">
				<ele>133.59</ele>
				<time>2026-05-20T17:31:00.749Z</time>
			</trkpt>
			<trkpt lat="45.28977" lon="1.41152">
				<ele>133.27</ele>
				<time>2026-05-20T17:31:01.656Z</time>
			</trkpt>
			<trkpt lat="45.29034" lon="1.41148">
				<ele>136.88</ele>
				<time>2026-05-20T17:31:05.697Z</time>
			</trkpt>
			<trkpt lat="45.29133" lon="1.41168">
				<ele>137.7</ele>
				<time>2026-05-20T17:31:13.187Z</time>
			</trkpt>
			<trkpt lat="45.29147" lon="1.41173">
				<ele>137.84</ele>
				<time>2026-05-20T17:31:14.308Z</time>
			</trkpt>
			<trkpt lat="45.29216" lon="1.41211">
				<ele>137.25</ele>
				<time>2026-05-20T17:31:20.196Z</time>
			</trkpt>
			<trkpt lat="45.29354" lon="1.41265">
				<ele>139.64</ele>
				<time>2026-05-20T17:31:32.173Z</time>
			</trkpt>
			<trkpt lat="45.29385" lon="1.41274">
				<ele>140.13</ele>
				<time>2026-05-20T17:31:34.909Z</time>
			</trkpt>
			<trkpt lat="45.29401" lon="1.41275">
				<ele>140.65</ele>
				<time>2026-05-20T17:31:36.304Z</time>
			</trkpt>
			<trkpt lat="45.29418" lon="1.41273">
				<ele>141.49</ele>
				<time>2026-05-20T17:31:37.797Z</time>
			</trkpt>
			<trkpt lat="45.29491" lon="1.41251">
				<ele>141.36</ele>
				<time>2026-05-20T17:31:44.408Z</time>
			</trkpt>
			<trkpt lat="45.29538" lon="1.41235">
				<ele>143.64</ele>
				<time>2026-05-20T17:31:48.749Z</time>
			</trkpt>
			<trkpt lat="45.29595" lon="1.41228">
				<ele>144.4</ele>
				<time>2026-05-20T17:31:53.933Z</time>
			</trkpt>
			<trkpt lat="45.29618" lon="1.41229">
				<ele>143.45</ele>
				<time>2026-05-20T17:31:56.030Z</time>
			</trkpt>
			<trkpt lat="45.2963" lon="1.41237">
				<ele>142.87</ele>
				<time>2026-05-20T17:31:57.240Z</time>
			</trkpt>
			<trkpt lat="45.29665" lon="1.41289">
				<ele>139.08</ele>
				<time>2026-05-20T17:32:01.875Z</time>
			</trkpt>
			<trkpt lat="45.29674" lon="1.41305">
				<ele>138.38</ele>
				<time>2026-05-20T17:32:03.198Z</time>
			</trkpt>
			<trkpt lat="45.29702" lon="1.41342">
				<ele>137</ele>
				<time>2026-05-20T17:32:06.709Z</time>
			</trkpt>
			<trkpt lat="45.29713" lon="1.4135">
				<ele>137</ele>
				<time>2026-05-20T17:32:07.844Z</time>
			</trkpt>
			<trkpt lat="45.29759" lon="1.41375">
				<ele>137.83</ele>
				<time>2026-05-20T17:32:12.370Z</time>
			</trkpt>
			<trkpt lat="45.29873" lon="1.41421">
				<ele>139.99</ele>
				<time>2026-05-20T17:32:23.213Z</time>
			</trkpt>
			<trkpt lat="45.29949" lon="1.41456">
				<ele>139.62</ele>
				<time>2026-05-20T17:32:30.438Z</time>
			</trkpt>
			<trkpt lat="45.29969" lon="1.41466">
				<ele>140.71</ele>
				<time>2026-05-20T17:32:32.338Z</time>
			</trkpt>
			<trkpt lat="45.29982" lon="1.41478">
				<ele>141.38</ele>
				<time>2026-05-20T17:32:33.722Z</time>
			</trkpt>
			<trkpt lat="45.30084" lon="1.4158">
				<ele>144.89</ele>
				<time>2026-05-20T17:32:44.660Z</time>
			</trkpt>
			<trkpt lat="45.30119" lon="1.41611">
				<ele>142.32</ele>
				<time>2026-05-20T17:32:48.184Z</time>
			</trkpt>
			<trkpt lat="45.30175" lon="1.41658">
				<ele>147.71</ele>
				<time>2026-05-20T17:32:53.630Z</time>
			</trkpt>
			<trkpt lat="45.30301" lon="1.41749">
				<ele>151.27</ele>
				<time>2026-05-20T17:33:04.903Z</time>
			</trkpt>
			<trkpt lat="45.30288" lon="1.41773">
				<ele>152.56</ele>
				<time>2026-05-20T17:33:06.528Z</time>
			</trkpt>
			<trkpt lat="45.30259" lon="1.41814">
				<ele>154.75</ele>
				<time>2026-05-20T17:33:09.624Z</time>
			</trkpt>
			<trkpt lat="45.30227" lon="1.41829">
				<ele>155.72</ele>
				<time>2026-05-20T17:33:12.154Z</time>
			</trkpt>
			<trkpt lat="45.30212" lon="1.41841">
				<ele>157.16</ele>
				<time>2026-05-20T17:33:13.440Z</time>
			</trkpt>
			<trkpt lat="45.30182" lon="1.41885">
				<ele>160.36</ele>
				<time>2026-05-20T17:33:16.639Z</time>
			</trkpt>
			<trkpt lat="45.30115" lon="1.42006">
				<ele>165.44</ele>
				<time>2026-05-20T17:33:24.560Z</time>
			</trkpt>
			<trkpt lat="45.30106" lon="1.42017">
				<ele>166.25</ele>
				<time>2026-05-20T17:33:25.418Z</time>
			</trkpt>
			<trkpt lat="45.30098" lon="1.42022">
				<ele>166.98</ele>
				<time>2026-05-20T17:33:26.049Z</time>
			</trkpt>
			<trkpt lat="45.30089" lon="1.42026">
				<ele>167.7</ele>
				<time>2026-05-20T17:33:26.728Z</time>
			</trkpt>
			<trkpt lat="45.30074" lon="1.42027">
				<ele>167.63</ele>
				<time>2026-05-20T17:33:27.808Z</time>
			</trkpt>
			<trkpt lat="45.30024" lon="1.42018">
				<ele>167.44</ele>
				<time>2026-05-20T17:33:31.409Z</time>
			</trkpt>
			<trkpt lat="45.30009" lon="1.42019">
				<ele>166.98</ele>
				<time>2026-05-20T17:33:32.477Z</time>
			</trkpt>
			<trkpt lat="45.29997" lon="1.42028">
				<ele>167.72</ele>
				<time>2026-05-20T17:33:33.438Z</time>
			</trkpt>
			<trkpt lat="45.29992" lon="1.42034">
				<ele>167.86</ele>
				<time>2026-05-20T17:33:33.901Z</time>
			</trkpt>
			<trkpt lat="45.2998" lon="1.42058">
				<ele>168.91</ele>
				<time>2026-05-20T17:33:35.364Z</time>
			</trkpt>
			<trkpt lat="45.29977" lon="1.42072">
				<ele>168.63</ele>
				<time>2026-05-20T17:33:36.089Z</time>
			</trkpt>
			<trkpt lat="45.29975" lon="1.42088">
				<ele>168.65</ele>
				<time>2026-05-20T17:33:36.893Z</time>
			</trkpt>
			<trkpt lat="45.29977" lon="1.42117">
				<ele>170.24</ele>
				<time>2026-05-20T17:33:38.330Z</time>
			</trkpt>
			<trkpt lat="45.29988" lon="1.42171">
				<ele>174.44</ele>
				<time>2026-05-20T17:33:41.091Z</time>
			</trkpt>
			<trkpt lat="45.30008" lon="1.42257">
				<ele>176.84</ele>
				<time>2026-05-20T17:33:45.505Z</time>
			</trkpt>
			<trkpt lat="45.30043" lon="1.42393">
				<ele>184.56</ele>
				<time>2026-05-20T17:33:52.484Z</time>
			</trkpt>
			<trkpt lat="45.30045" lon="1.42407">
				<ele>186.02</ele>
				<time>2026-05-20T17:33:53.168Z</time>
			</trkpt>
			<trkpt lat="45.30045" lon="1.4242">
				<ele>187.26</ele>
				<time>2026-05-20T17:33:53.789Z</time>
			</trkpt>
			<trkpt lat="45.30043" lon="1.42433">
				<ele>188.9</ele>
				<time>2026-05-20T17:33:54.425Z</time>
			</trkpt>
			<trkpt lat="45.30036" lon="1.42447">
				<ele>190.44</ele>
				<time>2026-05-20T17:33:55.244Z</time>
			</trkpt>
			<trkpt lat="45.30018" lon="1.4246">
				<ele>193.38</ele>
				<time>2026-05-20T17:33:56.611Z</time>
			</trkpt>
			<trkpt lat="45.30006" lon="1.42466">
				<ele>194.76</ele>
				<time>2026-05-20T17:33:57.470Z</time>
			</trkpt>
			<trkpt lat="45.29991" lon="1.42483">
				<ele>196.69</ele>
				<time>2026-05-20T17:33:58.764Z</time>
			</trkpt>
			<trkpt lat="45.29948" lon="1.42551">
				<ele>195.67</ele>
				<time>2026-05-20T17:34:03.084Z</time>
			</trkpt>
			<trkpt lat="45.29915" lon="1.426">
				<ele>200.82</ele>
				<time>2026-05-20T17:34:06.273Z</time>
			</trkpt>
			<trkpt lat="45.29868" lon="1.42643">
				<ele>209.11</ele>
				<time>2026-05-20T17:34:09.993Z</time>
			</trkpt>
			<trkpt lat="45.2984" lon="1.42671">
				<ele>213.01</ele>
				<time>2026-05-20T17:34:12.263Z</time>
			</trkpt>
			<trkpt lat="45.29828" lon="1.42688">
				<ele>213.14</ele>
				<time>2026-05-20T17:34:13.385Z</time>
			</trkpt>
			<trkpt lat="45.29816" lon="1.42709">
				<ele>212.86</ele>
				<time>2026-05-20T17:34:14.644Z</time>
			</trkpt>
			<trkpt lat="45.29786" lon="1.42806">
				<ele>213.38</ele>
				<time>2026-05-20T17:34:19.563Z</time>
			</trkpt>
			<trkpt lat="45.29777" lon="1.4283">
				<ele>216.17</ele>
				<time>2026-05-20T17:34:20.823Z</time>
			</trkpt>
			<trkpt lat="45.29764" lon="1.42855">
				<ele>215.19</ele>
				<time>2026-05-20T17:34:22.262Z</time>
			</trkpt>
			<trkpt lat="45.29756" lon="1.42878">
				<ele>213.44</ele>
				<time>2026-05-20T17:34:23.449Z</time>
			</trkpt>
			<trkpt lat="45.29754" lon="1.42891">
				<ele>212.69</ele>
				<time>2026-05-20T17:34:24.065Z</time>
			</trkpt>
			<trkpt lat="45.29754" lon="1.42916">
				<ele>213.59</ele>
				<time>2026-05-20T17:34:25.220Z</time>
			</trkpt>
			<trkpt lat="45.29758" lon="1.42928">
				<ele>213.81</ele>
				<time>2026-05-20T17:34:25.834Z</time>
			</trkpt>
			<trkpt lat="45.29775" lon="1.42955">
				<ele>216.75</ele>
				<time>2026-05-20T17:34:27.507Z</time>
			</trkpt>
			<trkpt lat="45.29804" lon="1.42993">
				<ele>221.68</ele>
				<time>2026-05-20T17:34:30.096Z</time>
			</trkpt>
			<trkpt lat="45.29815" lon="1.43013">
				<ele>221.66</ele>
				<time>2026-05-20T17:34:31.268Z</time>
			</trkpt>
			<trkpt lat="45.29852" lon="1.43111">
				<ele>218.07</ele>
				<time>2026-05-20T17:34:36.401Z</time>
			</trkpt>
			<trkpt lat="45.29866" lon="1.43134">
				<ele>218.05</ele>
				<time>2026-05-20T17:34:37.805Z</time>
			</trkpt>
			<trkpt lat="45.2987" lon="1.43149">
				<ele>217.81</ele>
				<time>2026-05-20T17:34:38.545Z</time>
			</trkpt>
			<trkpt lat="45.2987" lon="1.4317">
				<ele>217</ele>
				<time>2026-05-20T17:34:39.515Z</time>
			</trkpt>
			<trkpt lat="45.29862" lon="1.43184">
				<ele>217.61</ele>
				<time>2026-05-20T17:34:40.349Z</time>
			</trkpt>
			<trkpt lat="45.29853" lon="1.43185">
				<ele>218.7</ele>
				<time>2026-05-20T17:34:40.942Z</time>
			</trkpt>
			<trkpt lat="45.29808" lon="1.4315">
				<ele>218.65</ele>
				<time>2026-05-20T17:34:44.314Z</time>
			</trkpt>
			<trkpt lat="45.29787" lon="1.43142">
				<ele>217.64</ele>
				<time>2026-05-20T17:34:45.745Z</time>
			</trkpt>
			<trkpt lat="45.29742" lon="1.43118">
				<ele>214.88</ele>
				<time>2026-05-20T17:34:48.914Z</time>
			</trkpt>
			<trkpt lat="45.29701" lon="1.43088">
				<ele>217.41</ele>
				<time>2026-05-20T17:34:51.961Z</time>
			</trkpt>
			<trkpt lat="45.29688" lon="1.43083">
				<ele>217.5</ele>
				<time>2026-05-20T17:34:52.852Z</time>
			</trkpt>
			<trkpt lat="45.29676" lon="1.43082">
				<ele>216.55</ele>
				<time>2026-05-20T17:34:53.648Z</time>
			</trkpt>
			<trkpt lat="45.29659" lon="1.43095">
				<ele>216.56</ele>
				<time>2026-05-20T17:34:54.928Z</time>
			</trkpt>
			<trkpt lat="45.29651" lon="1.43104">
				<ele>216.7</ele>
				<time>2026-05-20T17:34:55.605Z</time>
			</trkpt>
			<trkpt lat="45.29642" lon="1.43119">
				<ele>217.97</ele>
				<time>2026-05-20T17:34:56.526Z</time>
			</trkpt>
			<trkpt lat="45.29634" lon="1.43139">
				<ele>220.05</ele>
				<time>2026-05-20T17:34:57.603Z</time>
			</trkpt>
			<trkpt lat="45.296" lon="1.43254">
				<ele>228.4</ele>
				<time>2026-05-20T17:35:03.462Z</time>
			</trkpt>
			<trkpt lat="45.29592" lon="1.4327">
				<ele>229.13</ele>
				<time>2026-05-20T17:35:04.388Z</time>
			</trkpt>
			<trkpt lat="45.29582" lon="1.43283">
				<ele>229.09</ele>
				<time>2026-05-20T17:35:05.298Z</time>
			</trkpt>
			<trkpt lat="45.29534" lon="1.43319">
				<ele>231.8</ele>
				<time>2026-05-20T17:35:08.955Z</time>
			</trkpt>
			<trkpt lat="45.29522" lon="1.43334">
				<ele>233.57</ele>
				<time>2026-05-20T17:35:10.035Z</time>
			</trkpt>
			<trkpt lat="45.29461" lon="1.43474">
				<ele>237.8</ele>
				<time>2026-05-20T17:35:17.930Z</time>
			</trkpt>
			<trkpt lat="45.2945" lon="1.43487">
				<ele>239.08</ele>
				<time>2026-05-20T17:35:18.913Z</time>
			</trkpt>
			<trkpt lat="45.29428" lon="1.43507">
				<ele>240.97</ele>
				<time>2026-05-20T17:35:20.712Z</time>
			</trkpt>
			<trkpt lat="45.29413" lon="1.43516">
				<ele>241.83</ele>
				<time>2026-05-20T17:35:21.837Z</time>
			</trkpt>
			<trkpt lat="45.29401" lon="1.43525">
				<ele>242.21</ele>
				<time>2026-05-20T17:35:22.776Z</time>
			</trkpt>
			<trkpt lat="45.29382" lon="1.43545">
				<ele>244.83</ele>
				<time>2026-05-20T17:35:24.418Z</time>
			</trkpt>
			<trkpt lat="45.2936" lon="1.43582">
				<ele>250.7</ele>
				<time>2026-05-20T17:35:26.794Z</time>
			</trkpt>
			<trkpt lat="45.29349" lon="1.43593">
				<ele>251.44</ele>
				<time>2026-05-20T17:35:27.735Z</time>
			</trkpt>
			<trkpt lat="45.29332" lon="1.43607">
				<ele>251.48</ele>
				<time>2026-05-20T17:35:29.113Z</time>
			</trkpt>
			<trkpt lat="45.29294" lon="1.43625">
				<ele>248.68</ele>
				<time>2026-05-20T17:35:31.937Z</time>
			</trkpt>
			<trkpt lat="45.29302" lon="1.43652">
				<ele>251.19</ele>
				<time>2026-05-20T17:35:33.397Z</time>
			</trkpt>
			<trkpt lat="45.29303" lon="1.43673">
				<ele>252.86</ele>
				<time>2026-05-20T17:35:34.447Z</time>
			</trkpt>
			<trkpt lat="45.29283" lon="1.43768">
				<ele>259.42</ele>
				<time>2026-05-20T17:35:39.400Z</time>
			</trkpt>
			<trkpt lat="45.29276" lon="1.43795">
				<ele>258.94</ele>
				<time>2026-05-20T17:35:40.840Z</time>
			</trkpt>
			<trkpt lat="45.29276" lon="1.43811">
				<ele>258.32</ele>
				<time>2026-05-20T17:35:41.640Z</time>
			</trkpt>
			<trkpt lat="45.2928" lon="1.43818">
				<ele>257.96</ele>
				<time>2026-05-20T17:35:42.092Z</time>
			</trkpt>
			<trkpt lat="45.29295" lon="1.4383">
				<ele>258.88</ele>
				<time>2026-05-20T17:35:43.317Z</time>
			</trkpt>
			<trkpt lat="45.2931" lon="1.43835">
				<ele>259.91</ele>
				<time>2026-05-20T17:35:44.414Z</time>
			</trkpt>
			<trkpt lat="45.29336" lon="1.43837">
				<ele>261.5</ele>
				<time>2026-05-20T17:35:46.270Z</time>
			</trkpt>
			<trkpt lat="45.29441" lon="1.43869">
				<ele>275.53</ele>
				<time>2026-05-20T17:35:53.938Z</time>
			</trkpt>
			<trkpt lat="45.29478" lon="1.43876">
				<ele>277.87</ele>
				<time>2026-05-20T17:35:56.608Z</time>
			</trkpt>
			<trkpt lat="45.29497" lon="1.4388">
				<ele>280.72</ele>
				<time>2026-05-20T17:35:57.984Z</time>
			</trkpt>
			<trkpt lat="45.29569" lon="1.4391">
				<ele>289.9</ele>
				<time>2026-05-20T17:36:03.364Z</time>
			</trkpt>
			<trkpt lat="45.2959" lon="1.43915">
				<ele>291.29</ele>
				<time>2026-05-20T17:36:04.893Z</time>
			</trkpt>
			<trkpt lat="45.29609" lon="1.43914">
				<ele>294.47</ele>
				<time>2026-05-20T17:36:06.259Z</time>
			</trkpt>
			<trkpt lat="45.29637" lon="1.43902">
				<ele>301.89</ele>
				<time>2026-05-20T17:36:08.361Z</time>
			</trkpt>
			<trkpt lat="45.29718" lon="1.43859">
				<ele>311.21</ele>
				<time>2026-05-20T17:36:14.587Z</time>
			</trkpt>
			<trkpt lat="45.29751" lon="1.43849">
				<ele>313</ele>
				<time>2026-05-20T17:36:17.020Z</time>
			</trkpt>
			<trkpt lat="45.29792" lon="1.43842">
				<ele>316.13</ele>
				<time>2026-05-20T17:36:20.002Z</time>
			</trkpt>
			<trkpt lat="45.29807" lon="1.43846">
				<ele>317.19</ele>
				<time>2026-05-20T17:36:21.104Z</time>
			</trkpt>
			<trkpt lat="45.29812" lon="1.43852">
				<ele>317.07</ele>
				<time>2026-05-20T17:36:21.577Z</time>
			</trkpt>
			<trkpt lat="45.29814" lon="1.43868">
				<ele>316.79</ele>
				<time>2026-05-20T17:36:22.403Z</time>
			</trkpt>
			<trkpt lat="45.29809" lon="1.43891">
				<ele>316.8</ele>
				<time>2026-05-20T17:36:23.628Z</time>
			</trkpt>
			<trkpt lat="45.29797" lon="1.43917">
				<ele>316.2</ele>
				<time>2026-05-20T17:36:25.211Z</time>
			</trkpt>
			<trkpt lat="45.29781" lon="1.43935">
				<ele>315.26</ele>
				<time>2026-05-20T17:36:26.688Z</time>
			</trkpt>
			<trkpt lat="45.29746" lon="1.43968">
				<ele>315.48</ele>
				<time>2026-05-20T17:36:29.730Z</time>
			</trkpt>
			<trkpt lat="45.29733" lon="1.43986">
				<ele>315.76</ele>
				<time>2026-05-20T17:36:31.046Z</time>
			</trkpt>
			<trkpt lat="45.29723" lon="1.44006">
				<ele>316.19</ele>
				<time>2026-05-20T17:36:32.298Z</time>
			</trkpt>
			<trkpt lat="45.29722" lon="1.44029">
				<ele>318.04</ele>
				<time>2026-05-20T17:36:33.475Z</time>
			</trkpt>
			<trkpt lat="45.29727" lon="1.44052">
				<ele>319.4</ele>
				<time>2026-05-20T17:36:34.704Z</time>
			</trkpt>
			<trkpt lat="45.29735" lon="1.44069">
				<ele>320.56</ele>
				<time>2026-05-20T17:36:35.749Z</time>
			</trkpt>
			<trkpt lat="45.29754" lon="1.44094">
				<ele>324.07</ele>
				<time>2026-05-20T17:36:37.630Z</time>
			</trkpt>
			<trkpt lat="45.29784" lon="1.44147">
				<ele>328.8</ele>
				<time>2026-05-20T17:36:41.111Z</time>
			</trkpt>
			<trkpt lat="45.29809" lon="1.44198">
				<ele>331.61</ele>
				<time>2026-05-20T17:36:44.295Z</time>
			</trkpt>
			<trkpt lat="45.29831" lon="1.44247">
				<ele>331.64</ele>
				<time>2026-05-20T17:36:47.275Z</time>
			</trkpt>
			<trkpt lat="45.29835" lon="1.44268">
				<ele>332.01</ele>
				<time>2026-05-20T17:36:48.392Z</time>
			</trkpt>
			<trkpt lat="45.29836" lon="1.44305">
				<ele>333</ele>
				<time>2026-05-20T17:36:50.292Z</time>
			</trkpt>
			<trkpt lat="45.29841" lon="1.44346">
				<ele>336.82</ele>
				<time>2026-05-20T17:36:52.430Z</time>
			</trkpt>
			<trkpt lat="45.29863" lon="1.44435">
				<ele>344.41</ele>
				<time>2026-05-20T17:36:57.281Z</time>
			</trkpt>
			<trkpt lat="45.29877" lon="1.44471">
				<ele>347.66</ele>
				<time>2026-05-20T17:36:59.399Z</time>
			</trkpt>
			<trkpt lat="45.29897" lon="1.44509">
				<ele>351.7</ele>
				<time>2026-05-20T17:37:01.844Z</time>
			</trkpt>
			<trkpt lat="45.29968" lon="1.44615">
				<ele>356.64</ele>
				<time>2026-05-20T17:37:09.397Z</time>
			</trkpt>
			<trkpt lat="45.29978" lon="1.44624">
				<ele>357.66</ele>
				<time>2026-05-20T17:37:10.266Z</time>
			</trkpt>
			<trkpt lat="45.29991" lon="1.44632">
				<ele>358.04</ele>
				<time>2026-05-20T17:37:11.307Z</time>
			</trkpt>
			<trkpt lat="45.30016" lon="1.44644">
				<ele>359.85</ele>
				<time>2026-05-20T17:37:13.247Z</time>
			</trkpt>
			<trkpt lat="45.30038" lon="1.44658">
				<ele>362.71</ele>
				<time>2026-05-20T17:37:15.020Z</time>
			</trkpt>
			<trkpt lat="45.30088" lon="1.44717">
				<ele>369.84</ele>
				<time>2026-05-20T17:37:19.804Z</time>
			</trkpt>
			<trkpt lat="45.30103" lon="1.44731">
				<ele>371.76</ele>
				<time>2026-05-20T17:37:21.126Z</time>
			</trkpt>
			<trkpt lat="45.30124" lon="1.44746">
				<ele>373.77</ele>
				<time>2026-05-20T17:37:22.858Z</time>
			</trkpt>
			<trkpt lat="45.30221" lon="1.44795">
				<ele>376.59</ele>
				<time>2026-05-20T17:37:30.458Z</time>
			</trkpt>
			<trkpt lat="45.30254" lon="1.44808">
				<ele>379</ele>
				<time>2026-05-20T17:37:32.989Z</time>
			</trkpt>
			<trkpt lat="45.3032" lon="1.4483">
				<ele>379.6</ele>
				<time>2026-05-20T17:37:38.006Z</time>
			</trkpt>
			<trkpt lat="45.30499" lon="1.44874">
				<ele>383.5</ele>
				<time>2026-05-20T17:37:51.483Z</time>
			</trkpt>
			<trkpt lat="45.30612" lon="1.44871">
				<ele>388</ele>
				<time>2026-05-20T17:37:59.892Z</time>
			</trkpt>
			<trkpt lat="45.30738" lon="1.44865">
				<ele>387.58</ele>
				<time>2026-05-20T17:38:09.293Z</time>
			</trkpt>
			<trkpt lat="45.31238" lon="1.44903">
				<ele>390.8</ele>
				<time>2026-05-20T17:38:46.831Z</time>
			</trkpt>
			<trkpt lat="45.31265" lon="1.4491">
				<ele>391.55</ele>
				<time>2026-05-20T17:38:48.897Z</time>
			</trkpt>
			<trkpt lat="45.31393" lon="1.4497">
				<ele>393.47</ele>
				<time>2026-05-20T17:38:59.056Z</time>
			</trkpt>
			<trkpt lat="45.31419" lon="1.44975">
				<ele>392.21</ele>
				<time>2026-05-20T17:39:01.036Z</time>
			</trkpt>
			<trkpt lat="45.31444" lon="1.44972">
				<ele>392.97</ele>
				<time>2026-05-20T17:39:02.930Z</time>
			</trkpt>
			<trkpt lat="45.31475" lon="1.44963">
				<ele>393.12</ele>
				<time>2026-05-20T17:39:05.319Z</time>
			</trkpt>
			<trkpt lat="45.31642" lon="1.44909">
				<ele>394.15</ele>
				<time>2026-05-20T17:39:18.271Z</time>
			</trkpt>
			<trkpt lat="45.31671" lon="1.44906">
				<ele>395.52</ele>
				<time>2026-05-20T17:39:20.473Z</time>
			</trkpt>
			<trkpt lat="45.31697" lon="1.44908">
				<ele>396.49</ele>
				<time>2026-05-20T17:39:22.445Z</time>
			</trkpt>
			<trkpt lat="45.3172" lon="1.44915">
				<ele>397.91</ele>
				<time>2026-05-20T17:39:24.227Z</time>
			</trkpt>
			<trkpt lat="45.3175" lon="1.44928">
				<ele>398</ele>
				<time>2026-05-20T17:39:26.605Z</time>
			</trkpt>
			<trkpt lat="45.31782" lon="1.44946">
				<ele>397.81</ele>
				<time>2026-05-20T17:39:29.214Z</time>
			</trkpt>
			<trkpt lat="45.31875" lon="1.45007">
				<ele>396.13</ele>
				<time>2026-05-20T17:39:36.987Z</time>
			</trkpt>
			<trkpt lat="45.31921" lon="1.45035">
				<ele>397.19</ele>
				<time>2026-05-20T17:39:40.787Z</time>
			</trkpt>
			<trkpt lat="45.31947" lon="1.45047">
				<ele>398.65</ele>
				<time>2026-05-20T17:39:42.865Z</time>
			</trkpt>
			<trkpt lat="45.32068" lon="1.45082">
				<ele>393.49</ele>
				<time>2026-05-20T17:39:52.256Z</time>
			</trkpt>
			<trkpt lat="45.32109" lon="1.45101">
				<ele>395.48</ele>
				<time>2026-05-20T17:39:55.538Z</time>
			</trkpt>
			<trkpt lat="45.32176" lon="1.45144">
				<ele>402</ele>
				<time>2026-05-20T17:40:01.137Z</time>
			</trkpt>
			<trkpt lat="45.32265" lon="1.45204">
				<ele>402.71</ele>
				<time>2026-05-20T17:40:08.645Z</time>
			</trkpt>
			<trkpt lat="45.32322" lon="1.45245">
				<ele>402.47</ele>
				<time>2026-05-20T17:40:13.518Z</time>
			</trkpt>
			<trkpt lat="45.32409" lon="1.45313">
				<ele>402.43</ele>
				<time>2026-05-20T17:40:21.097Z</time>
			</trkpt>
			<trkpt lat="45.32627" lon="1.45448">
				<ele>382.62</ele>
				<time>2026-05-20T17:40:39.275Z</time>
			</trkpt>
			<trkpt lat="45.3277" lon="1.45506">
				<ele>379.98</ele>
				<time>2026-05-20T17:40:50.660Z</time>
			</trkpt>
			<trkpt lat="45.32807" lon="1.45534">
				<ele>379.9</ele>
				<time>2026-05-20T17:40:53.871Z</time>
			</trkpt>
			<trkpt lat="45.32883" lon="1.45649">
				<ele>379.74</ele>
				<time>2026-05-20T17:41:02.376Z</time>
			</trkpt>
			<trkpt lat="45.32902" lon="1.45662">
				<ele>378.5</ele>
				<time>2026-05-20T17:41:03.992Z</time>
			</trkpt>
			<trkpt lat="45.33103" lon="1.4576">
				<ele>368.27</ele>
				<time>2026-05-20T17:41:20.294Z</time>
			</trkpt>
			<trkpt lat="45.33134" lon="1.45778">
				<ele>367.96</ele>
				<time>2026-05-20T17:41:22.865Z</time>
			</trkpt>
			<trkpt lat="45.33147" lon="1.45789">
				<ele>366.95</ele>
				<time>2026-05-20T17:41:24.026Z</time>
			</trkpt>
			<trkpt lat="45.33164" lon="1.45806">
				<ele>365.13</ele>
				<time>2026-05-20T17:41:25.622Z</time>
			</trkpt>
			<trkpt lat="45.33179" lon="1.45826">
				<ele>362.82</ele>
				<time>2026-05-20T17:41:27.200Z</time>
			</trkpt>
			<trkpt lat="45.33594" lon="1.46462">
				<ele>370.15</ele>
				<time>2026-05-20T17:42:14.087Z</time>
			</trkpt>
			<trkpt lat="45.33609" lon="1.46481">
				<ele>367.8</ele>
				<time>2026-05-20T17:42:15.631Z</time>
			</trkpt>
			<trkpt lat="45.33638" lon="1.46508">
				<ele>365.7</ele>
				<time>2026-05-20T17:42:18.297Z</time>
			</trkpt>
			<trkpt lat="45.33738" lon="1.46565">
				<ele>363.04</ele>
				<time>2026-05-20T17:42:26.582Z</time>
			</trkpt>
			<trkpt lat="45.33774" lon="1.46581">
				<ele>365.68</ele>
				<time>2026-05-20T17:42:29.483Z</time>
			</trkpt>
			<trkpt lat="45.33799" lon="1.4658">
				<ele>367.37</ele>
				<time>2026-05-20T17:42:31.407Z</time>
			</trkpt>
			<trkpt lat="45.33859" lon="1.46566">
				<ele>370.08</ele>
				<time>2026-05-20T17:42:36.083Z</time>
			</trkpt>
			<trkpt lat="45.33871" lon="1.46565">
				<ele>371.19</ele>
				<time>2026-05-20T17:42:37.008Z</time>
			</trkpt>
			<trkpt lat="45.33893" lon="1.4657">
				<ele>373.88</ele>
				<time>2026-05-20T17:42:38.721Z</time>
			</trkpt>
			<trkpt lat="45.33903" lon="1.46576">
				<ele>375.17</ele>
				<time>2026-05-20T17:42:39.556Z</time>
			</trkpt>
			<trkpt lat="45.33916" lon="1.46588">
				<ele>377.18</ele>
				<time>2026-05-20T17:42:40.747Z</time>
			</trkpt>
			<trkpt lat="45.33965" lon="1.46655">
				<ele>383.46</ele>
				<time>2026-05-20T17:42:45.974Z</time>
			</trkpt>
			<trkpt lat="45.33974" lon="1.46672">
				<ele>385.42</ele>
				<time>2026-05-20T17:42:47.124Z</time>
			</trkpt>
			<trkpt lat="45.3398" lon="1.46685">
				<ele>386.39</ele>
				<time>2026-05-20T17:42:47.965Z</time>
			</trkpt>
			<trkpt lat="45.33985" lon="1.46707">
				<ele>387.25</ele>
				<time>2026-05-20T17:42:49.215Z</time>
			</trkpt>
			<trkpt lat="45.33989" lon="1.4677">
				<ele>389.08</ele>
				<time>2026-05-20T17:42:52.634Z</time>
			</trkpt>
			<trkpt lat="45.33995" lon="1.46818">
				<ele>387.97</ele>
				<time>2026-05-20T17:42:55.269Z</time>
			</trkpt>
			<trkpt lat="45.34" lon="1.46837">
				<ele>388.23</ele>
				<time>2026-05-20T17:42:56.365Z</time>
			</trkpt>
			<trkpt lat="45.34007" lon="1.46855">
				<ele>388.08</ele>
				<time>2026-05-20T17:42:57.477Z</time>
			</trkpt>
			<trkpt lat="45.34017" lon="1.46877">
				<ele>387.92</ele>
				<time>2026-05-20T17:42:58.893Z</time>
			</trkpt>
			<trkpt lat="45.34029" lon="1.46897">
				<ele>387.09</ele>
				<time>2026-05-20T17:43:00.314Z</time>
			</trkpt>
			<trkpt lat="45.3404" lon="1.46911">
				<ele>386.82</ele>
				<time>2026-05-20T17:43:01.448Z</time>
			</trkpt>
			<trkpt lat="45.34067" lon="1.46937">
				<ele>388.36</ele>
				<time>2026-05-20T17:43:03.954Z</time>
			</trkpt>
			<trkpt lat="45.34217" lon="1.47037">
				<ele>397.47</ele>
				<time>2026-05-20T17:43:16.685Z</time>
			</trkpt>
			<trkpt lat="45.3424" lon="1.47054">
				<ele>399.87</ele>
				<time>2026-05-20T17:43:18.676Z</time>
			</trkpt>
			<trkpt lat="45.34316" lon="1.47103">
				<ele>400.47</ele>
				<time>2026-05-20T17:43:25.085Z</time>
			</trkpt>
			<trkpt lat="45.34588" lon="1.47284">
				<ele>409</ele>
				<time>2026-05-20T17:43:48.132Z</time>
			</trkpt>
			<trkpt lat="45.34949" lon="1.47445">
				<ele>396.48</ele>
				<time>2026-05-20T17:44:17.115Z</time>
			</trkpt>
			<trkpt lat="45.34974" lon="1.47451">
				<ele>394.39</ele>
				<time>2026-05-20T17:44:19.054Z</time>
			</trkpt>
			<trkpt lat="45.35368" lon="1.47533">
				<ele>377.27</ele>
				<time>2026-05-20T17:44:49.465Z</time>
			</trkpt>
			<trkpt lat="45.35388" lon="1.47532">
				<ele>376.01</ele>
				<time>2026-05-20T17:44:50.991Z</time>
			</trkpt>
			<trkpt lat="45.35399" lon="1.47528">
				<ele>376.36</ele>
				<time>2026-05-20T17:44:51.856Z</time>
			</trkpt>
			<trkpt lat="45.35411" lon="1.47522">
				<ele>376.64</ele>
				<time>2026-05-20T17:44:52.826Z</time>
			</trkpt>
			<trkpt lat="45.35433" lon="1.47505">
				<ele>376.67</ele>
				<time>2026-05-20T17:44:54.733Z</time>
			</trkpt>
			<trkpt lat="45.35538" lon="1.47415">
				<ele>378.39</ele>
				<time>2026-05-20T17:45:04.066Z</time>
			</trkpt>
			<trkpt lat="45.35567" lon="1.47393">
				<ele>378.92</ele>
				<time>2026-05-20T17:45:06.566Z</time>
			</trkpt>
			<trkpt lat="45.35597" lon="1.4738">
				<ele>379</ele>
				<time>2026-05-20T17:45:08.951Z</time>
			</trkpt>
			<trkpt lat="45.35612" lon="1.47375">
				<ele>379.02</ele>
				<time>2026-05-20T17:45:10.123Z</time>
			</trkpt>
			<trkpt lat="45.35642" lon="1.47372">
				<ele>379.73</ele>
				<time>2026-05-20T17:45:12.409Z</time>
			</trkpt>
			<trkpt lat="45.3568" lon="1.47376">
				<ele>380.72</ele>
				<time>2026-05-20T17:45:15.304Z</time>
			</trkpt>
			<trkpt lat="45.35786" lon="1.47397">
				<ele>380.69</ele>
				<time>2026-05-20T17:45:23.429Z</time>
			</trkpt>
			<trkpt lat="45.35871" lon="1.47412">
				<ele>384.84</ele>
				<time>2026-05-20T17:45:29.925Z</time>
			</trkpt>
			<trkpt lat="45.35904" lon="1.47409">
				<ele>384.34</ele>
				<time>2026-05-20T17:45:32.430Z</time>
			</trkpt>
			<trkpt lat="45.36007" lon="1.47389">
				<ele>383.25</ele>
				<time>2026-05-20T17:45:40.301Z</time>
			</trkpt>
			<trkpt lat="45.36159" lon="1.4736">
				<ele>382</ele>
				<time>2026-05-20T17:45:51.893Z</time>
			</trkpt>
			<trkpt lat="45.36257" lon="1.47339">
				<ele>380.47</ele>
				<time>2026-05-20T17:45:59.371Z</time>
			</trkpt>
			<trkpt lat="45.36295" lon="1.47321">
				<ele>379.58</ele>
				<time>2026-05-20T17:46:02.390Z</time>
			</trkpt>
			<trkpt lat="45.36397" lon="1.47254">
				<ele>378.29</ele>
				<time>2026-05-20T17:46:10.848Z</time>
			</trkpt>
			<trkpt lat="45.36413" lon="1.47249">
				<ele>376.29</ele>
				<time>2026-05-20T17:46:12.080Z</time>
			</trkpt>
			<trkpt lat="45.36421" lon="1.47248">
				<ele>375.63</ele>
				<time>2026-05-20T17:46:12.684Z</time>
			</trkpt>
			<trkpt lat="45.36436" lon="1.47251">
				<ele>374.61</ele>
				<time>2026-05-20T17:46:13.823Z</time>
			</trkpt>
			<trkpt lat="45.36453" lon="1.47262">
				<ele>372.01</ele>
				<time>2026-05-20T17:46:15.227Z</time>
			</trkpt>
			<trkpt lat="45.36492" lon="1.47295">
				<ele>362.37</ele>
				<time>2026-05-20T17:46:18.636Z</time>
			</trkpt>
			<trkpt lat="45.36524" lon="1.4732">
				<ele>358.41</ele>
				<time>2026-05-20T17:46:21.377Z</time>
			</trkpt>
			<trkpt lat="45.3659" lon="1.47356">
				<ele>355.75</ele>
				<time>2026-05-20T17:46:26.679Z</time>
			</trkpt>
			<trkpt lat="45.36616" lon="1.4738">
				<ele>355.2</ele>
				<time>2026-05-20T17:46:29.002Z</time>
			</trkpt>
			<trkpt lat="45.36628" lon="1.47396">
				<ele>355.61</ele>
				<time>2026-05-20T17:46:30.234Z</time>
			</trkpt>
			<trkpt lat="45.36646" lon="1.47424">
				<ele>356.79</ele>
				<time>2026-05-20T17:46:32.231Z</time>
			</trkpt>
			<trkpt lat="45.36793" lon="1.47671">
				<ele>364.54</ele>
				<time>2026-05-20T17:46:49.229Z</time>
			</trkpt>
			<trkpt lat="45.36798" lon="1.47685">
				<ele>364.75</ele>
				<time>2026-05-20T17:46:50.052Z</time>
			</trkpt>
			<trkpt lat="45.36804" lon="1.4771">
				<ele>366.66</ele>
				<time>2026-05-20T17:46:51.436Z</time>
			</trkpt>
			<trkpt lat="45.36803" lon="1.47737">
				<ele>369.44</ele>
				<time>2026-05-20T17:46:52.851Z</time>
			</trkpt>
			<trkpt lat="45.36795" lon="1.47816">
				<ele>373.31</ele>
				<time>2026-05-20T17:46:57.028Z</time>
			</trkpt>
			<trkpt lat="45.36796" lon="1.47838">
				<ele>374.02</ele>
				<time>2026-05-20T17:46:58.181Z</time>
			</trkpt>
			<trkpt lat="45.36798" lon="1.47862">
				<ele>374.76</ele>
				<time>2026-05-20T17:46:59.444Z</time>
			</trkpt>
			<trkpt lat="45.36801" lon="1.47878">
				<ele>374.8</ele>
				<time>2026-05-20T17:47:00.310Z</time>
			</trkpt>
			<trkpt lat="45.3681" lon="1.47898">
				<ele>375.44</ele>
				<time>2026-05-20T17:47:01.551Z</time>
			</trkpt>
			<trkpt lat="45.36828" lon="1.47917">
				<ele>377.98</ele>
				<time>2026-05-20T17:47:03.217Z</time>
			</trkpt>
			<trkpt lat="45.36881" lon="1.47958">
				<ele>382.93</ele>
				<time>2026-05-20T17:47:07.698Z</time>
			</trkpt>
			<trkpt lat="45.36938" lon="1.47994">
				<ele>385.2</ele>
				<time>2026-05-20T17:47:12.325Z</time>
			</trkpt>
			<trkpt lat="45.37379" lon="1.48308">
				<ele>395.46</ele>
				<time>2026-05-20T17:47:48.700Z</time>
			</trkpt>
			<trkpt lat="45.37783" lon="1.48578">
				<ele>391.22</ele>
				<time>2026-05-20T17:48:21.275Z</time>
			</trkpt>
			<trkpt lat="45.37827" lon="1.4861">
				<ele>389.8</ele>
				<time>2026-05-20T17:48:24.860Z</time>
			</trkpt>
			<trkpt lat="45.37858" lon="1.48639">
				<ele>386.1</ele>
				<time>2026-05-20T17:48:27.548Z</time>
			</trkpt>
			<trkpt lat="45.37859" lon="1.48667">
				<ele>385.93</ele>
				<time>2026-05-20T17:48:28.974Z</time>
			</trkpt>
			<trkpt lat="45.37864" lon="1.48696">
				<ele>386</ele>
				<time>2026-05-20T17:48:30.492Z</time>
			</trkpt>
			<trkpt lat="45.37872" lon="1.48719">
				<ele>386</ele>
				<time>2026-05-20T17:48:31.797Z</time>
			</trkpt>
			<trkpt lat="45.37921" lon="1.48788">
				<ele>384.32</ele>
				<time>2026-05-20T17:48:36.790Z</time>
			</trkpt>
			<trkpt lat="45.38017" lon="1.48914">
				<ele>381.75</ele>
				<time>2026-05-20T17:48:46.259Z</time>
			</trkpt>
			<trkpt lat="45.38028" lon="1.48934">
				<ele>381.39</ele>
				<time>2026-05-20T17:48:47.554Z</time>
			</trkpt>
			<trkpt lat="45.38039" lon="1.48959">
				<ele>381.43</ele>
				<time>2026-05-20T17:48:49.058Z</time>
			</trkpt>
			<trkpt lat="45.38134" lon="1.49215">
				<ele>387.63</ele>
				<time>2026-05-20T17:49:03.839Z</time>
			</trkpt>
			<trkpt lat="45.38139" lon="1.49236">
				<ele>387.04</ele>
				<time>2026-05-20T17:49:04.972Z</time>
			</trkpt>
			<trkpt lat="45.38143" lon="1.4926">
				<ele>387.06</ele>
				<time>2026-05-20T17:49:06.232Z</time>
			</trkpt>
			<trkpt lat="45.38143" lon="1.49295">
				<ele>387.92</ele>
				<time>2026-05-20T17:49:08.022Z</time>
			</trkpt>
			<trkpt lat="45.3813" lon="1.49358">
				<ele>388.76</ele>
				<time>2026-05-20T17:49:11.379Z</time>
			</trkpt>
			<trkpt lat="45.38044" lon="1.49643">
				<ele>390.7</ele>
				<time>2026-05-20T17:49:27.258Z</time>
			</trkpt>
			<trkpt lat="45.38032" lon="1.49675">
				<ele>391.94</ele>
				<time>2026-05-20T17:49:29.116Z</time>
			</trkpt>
			<trkpt lat="45.3801" lon="1.49719">
				<ele>389.94</ele>
				<time>2026-05-20T17:49:31.884Z</time>
			</trkpt>
			<trkpt lat="45.37972" lon="1.49775">
				<ele>381.23</ele>
				<time>2026-05-20T17:49:35.876Z</time>
			</trkpt>
			<trkpt lat="45.37958" lon="1.49806">
				<ele>380.98</ele>
				<time>2026-05-20T17:49:37.765Z</time>
			</trkpt>
			<trkpt lat="45.3795" lon="1.49834">
				<ele>380.11</ele>
				<time>2026-05-20T17:49:39.315Z</time>
			</trkpt>
			<trkpt lat="45.37948" lon="1.49862">
				<ele>377.71</ele>
				<time>2026-05-20T17:49:40.759Z</time>
			</trkpt>
			<trkpt lat="45.37954" lon="1.49907">
				<ele>377.29</ele>
				<time>2026-05-20T17:49:43.108Z</time>
			</trkpt>
			<trkpt lat="45.3799" lon="1.50119">
				<ele>369.57</ele>
				<time>2026-05-20T17:49:54.302Z</time>
			</trkpt>
			<trkpt lat="45.37993" lon="1.50161">
				<ele>367.93</ele>
				<time>2026-05-20T17:49:56.469Z</time>
			</trkpt>
			<trkpt lat="45.37992" lon="1.50196">
				<ele>367.57</ele>
				<time>2026-05-20T17:49:58.268Z</time>
			</trkpt>
			<trkpt lat="45.37988" lon="1.50239">
				<ele>364.57</ele>
				<time>2026-05-20T17:50:00.495Z</time>
			</trkpt>
			<trkpt lat="45.37979" lon="1.50306">
				<ele>364.22</ele>
				<time>2026-05-20T17:50:03.998Z</time>
			</trkpt>
			<trkpt lat="45.37926" lon="1.50598">
				<ele>350.83</ele>
				<time>2026-05-20T17:50:19.494Z</time>
			</trkpt>
			<trkpt lat="45.3792" lon="1.50644">
				<ele>347.18</ele>
				<time>2026-05-20T17:50:21.899Z</time>
			</trkpt>
			<trkpt lat="45.37922" lon="1.50677">
				<ele>345.01</ele>
				<time>2026-05-20T17:50:23.601Z</time>
			</trkpt>
			<trkpt lat="45.37934" lon="1.5074">
				<ele>342.3</ele>
				<time>2026-05-20T17:50:26.956Z</time>
			</trkpt>
			<trkpt lat="45.37936" lon="1.50759">
				<ele>341.04</ele>
				<time>2026-05-20T17:50:27.944Z</time>
			</trkpt>
			<trkpt lat="45.37936" lon="1.50776">
				<ele>340.48</ele>
				<time>2026-05-20T17:50:28.818Z</time>
			</trkpt>
			<trkpt lat="45.37933" lon="1.50792">
				<ele>341.04</ele>
				<time>2026-05-20T17:50:29.669Z</time>
			</trkpt>
			<trkpt lat="45.37928" lon="1.50808">
				<ele>341.73</ele>
				<time>2026-05-20T17:50:30.569Z</time>
			</trkpt>
			<trkpt lat="45.37916" lon="1.50826">
				<ele>342.24</ele>
				<time>2026-05-20T17:50:31.845Z</time>
			</trkpt>
			<trkpt lat="45.37881" lon="1.50859">
				<ele>341.62</ele>
				<time>2026-05-20T17:50:34.917Z</time>
			</trkpt>
			<trkpt lat="45.37872" lon="1.50872">
				<ele>341.01</ele>
				<time>2026-05-20T17:50:35.855Z</time>
			</trkpt>
			<trkpt lat="45.37868" lon="1.50882">
				<ele>339.62</ele>
				<time>2026-05-20T17:50:36.447Z</time>
			</trkpt>
			<trkpt lat="45.37866" lon="1.50894">
				<ele>337.61</ele>
				<time>2026-05-20T17:50:37.081Z</time>
			</trkpt>
			<trkpt lat="45.37868" lon="1.50908">
				<ele>335.1</ele>
				<time>2026-05-20T17:50:37.815Z</time>
			</trkpt>
			<trkpt lat="45.37872" lon="1.50923">
				<ele>332.9</ele>
				<time>2026-05-20T17:50:38.640Z</time>
			</trkpt>
			<trkpt lat="45.3788" lon="1.50938">
				<ele>330.65</ele>
				<time>2026-05-20T17:50:39.608Z</time>
			</trkpt>
			<trkpt lat="45.3789" lon="1.50946">
				<ele>328.61</ele>
				<time>2026-05-20T17:50:40.448Z</time>
			</trkpt>
			<trkpt lat="45.379" lon="1.5095">
				<ele>327.69</ele>
				<time>2026-05-20T17:50:41.208Z</time>
			</trkpt>
			<trkpt lat="45.37923" lon="1.50945">
				<ele>326.81</ele>
				<time>2026-05-20T17:50:42.911Z</time>
			</trkpt>
			<trkpt lat="45.37933" lon="1.50939">
				<ele>326.65</ele>
				<time>2026-05-20T17:50:43.705Z</time>
			</trkpt>
			<trkpt lat="45.37943" lon="1.50928">
				<ele>327.58</ele>
				<time>2026-05-20T17:50:44.630Z</time>
			</trkpt>
			<trkpt lat="45.37951" lon="1.50913">
				<ele>328.2</ele>
				<time>2026-05-20T17:50:45.598Z</time>
			</trkpt>
			<trkpt lat="45.37958" lon="1.50894">
				<ele>328.12</ele>
				<time>2026-05-20T17:50:46.701Z</time>
			</trkpt>
			<trkpt lat="45.37971" lon="1.50828">
				<ele>329.53</ele>
				<time>2026-05-20T17:50:50.225Z</time>
			</trkpt>
			<trkpt lat="45.37977" lon="1.50808">
				<ele>328.27</ele>
				<time>2026-05-20T17:50:51.343Z</time>
			</trkpt>
			<trkpt lat="45.37983" lon="1.50794">
				<ele>325.72</ele>
				<time>2026-05-20T17:50:52.186Z</time>
			</trkpt>
			<trkpt lat="45.37991" lon="1.50781">
				<ele>323.54</ele>
				<time>2026-05-20T17:50:53.074Z</time>
			</trkpt>
			<trkpt lat="45.38" lon="1.5077">
				<ele>321.95</ele>
				<time>2026-05-20T17:50:53.942Z</time>
			</trkpt>
			<trkpt lat="45.38009" lon="1.50763">
				<ele>320.94</ele>
				<time>2026-05-20T17:50:54.692Z</time>
			</trkpt>
			<trkpt lat="45.38018" lon="1.50761">
				<ele>319.44</ele>
				<time>2026-05-20T17:50:55.359Z</time>
			</trkpt>
			<trkpt lat="45.38029" lon="1.50762">
				<ele>317.19</ele>
				<time>2026-05-20T17:50:56.165Z</time>
			</trkpt>
			<trkpt lat="45.38038" lon="1.50766">
				<ele>316.26</ele>
				<time>2026-05-20T17:50:56.855Z</time>
			</trkpt>
			<trkpt lat="45.38048" lon="1.50776">
				<ele>315.08</ele>
				<time>2026-05-20T17:50:57.750Z</time>
			</trkpt>
			<trkpt lat="45.38055" lon="1.5079">
				<ele>313.7</ele>
				<time>2026-05-20T17:50:58.633Z</time>
			</trkpt>
			<trkpt lat="45.3806" lon="1.50806">
				<ele>313.24</ele>
				<time>2026-05-20T17:50:59.533Z</time>
			</trkpt>
			<trkpt lat="45.38062" lon="1.50828">
				<ele>312.53</ele>
				<time>2026-05-20T17:51:00.673Z</time>
			</trkpt>
			<trkpt lat="45.38061" lon="1.50856">
				<ele>311.68</ele>
				<time>2026-05-20T17:51:02.114Z</time>
			</trkpt>
			<trkpt lat="45.3805" lon="1.50969">
				<ele>312.8</ele>
				<time>2026-05-20T17:51:07.976Z</time>
			</trkpt>
			<trkpt lat="45.3805" lon="1.50993">
				<ele>312.82</ele>
				<time>2026-05-20T17:51:09.209Z</time>
			</trkpt>
			<trkpt lat="45.38055" lon="1.51012">
				<ele>312.54</ele>
				<time>2026-05-20T17:51:10.251Z</time>
			</trkpt>
			<trkpt lat="45.38063" lon="1.51029">
				<ele>312.33</ele>
				<time>2026-05-20T17:51:11.302Z</time>
			</trkpt>
			<trkpt lat="45.38073" lon="1.51038">
				<ele>311.17</ele>
				<time>2026-05-20T17:51:12.168Z</time>
			</trkpt>
			<trkpt lat="45.38084" lon="1.51045">
				<ele>310.63</ele>
				<time>2026-05-20T17:51:13.049Z</time>
			</trkpt>
			<trkpt lat="45.38109" lon="1.51051">
				<ele>311.08</ele>
				<time>2026-05-20T17:51:14.903Z</time>
			</trkpt>
			<trkpt lat="45.38157" lon="1.51058">
				<ele>309.6</ele>
				<time>2026-05-20T17:51:18.431Z</time>
			</trkpt>
			<trkpt lat="45.38192" lon="1.51067">
				<ele>307.1</ele>
				<time>2026-05-20T17:51:21.031Z</time>
			</trkpt>
			<trkpt lat="45.38283" lon="1.51112">
				<ele>302.03</ele>
				<time>2026-05-20T17:51:28.072Z</time>
			</trkpt>
			<trkpt lat="45.38311" lon="1.51127">
				<ele>300.64</ele>
				<time>2026-05-20T17:51:30.259Z</time>
			</trkpt>
			<trkpt lat="45.3839" lon="1.51168">
				<ele>296.95</ele>
				<time>2026-05-20T17:51:36.401Z</time>
			</trkpt>
			<trkpt lat="45.38399" lon="1.51175">
				<ele>297.05</ele>
				<time>2026-05-20T17:51:37.150Z</time>
			</trkpt>
			<trkpt lat="45.38402" lon="1.51184">
				<ele>296.41</ele>
				<time>2026-05-20T17:51:37.661Z</time>
			</trkpt>
			<trkpt lat="45.38404" lon="1.51197">
				<ele>295.33</ele>
				<time>2026-05-20T17:51:38.344Z</time>
			</trkpt>
			<trkpt lat="45.38404" lon="1.5121">
				<ele>294.71</ele>
				<time>2026-05-20T17:51:39.010Z</time>
			</trkpt>
			<trkpt lat="45.3839" lon="1.51248">
				<ele>291.3</ele>
				<time>2026-05-20T17:51:41.211Z</time>
			</trkpt>
			<trkpt lat="45.38388" lon="1.51264">
				<ele>289.95</ele>
				<time>2026-05-20T17:51:42.044Z</time>
			</trkpt>
			<trkpt lat="45.3839" lon="1.5128">
				<ele>289.06</ele>
				<time>2026-05-20T17:51:42.877Z</time>
			</trkpt>
			<trkpt lat="45.38395" lon="1.51295">
				<ele>288.78</ele>
				<time>2026-05-20T17:51:43.729Z</time>
			</trkpt>
			<trkpt lat="45.38411" lon="1.5132">
				<ele>288.04</ele>
				<time>2026-05-20T17:51:45.462Z</time>
			</trkpt>
			<trkpt lat="45.38426" lon="1.51337">
				<ele>287.59</ele>
				<time>2026-05-20T17:51:46.862Z</time>
			</trkpt>
			<trkpt lat="45.38463" lon="1.51367">
				<ele>287.24</ele>
				<time>2026-05-20T17:51:49.968Z</time>
			</trkpt>
			<trkpt lat="45.38468" lon="1.51376">
				<ele>287.39</ele>
				<time>2026-05-20T17:51:50.556Z</time>
			</trkpt>
			<trkpt lat="45.38473" lon="1.51387">
				<ele>287.26</ele>
				<time>2026-05-20T17:51:51.228Z</time>
			</trkpt>
			<trkpt lat="45.38475" lon="1.51401">
				<ele>287.36</ele>
				<time>2026-05-20T17:51:51.960Z</time>
			</trkpt>
			<trkpt lat="45.38473" lon="1.51418">
				<ele>286.26</ele>
				<time>2026-05-20T17:51:52.843Z</time>
			</trkpt>
			<trkpt lat="45.38465" lon="1.51454">
				<ele>281.58</ele>
				<time>2026-05-20T17:51:54.777Z</time>
			</trkpt>
			<trkpt lat="45.38463" lon="1.51476">
				<ele>279.21</ele>
				<time>2026-05-20T17:51:55.913Z</time>
			</trkpt>
			<trkpt lat="45.38465" lon="1.51537">
				<ele>274.85</ele>
				<time>2026-05-20T17:51:59.039Z</time>
			</trkpt>
			<trkpt lat="45.3847" lon="1.51552">
				<ele>274.83</ele>
				<time>2026-05-20T17:51:59.889Z</time>
			</trkpt>
			<trkpt lat="45.38478" lon="1.51568">
				<ele>276.13</ele>
				<time>2026-05-20T17:52:00.895Z</time>
			</trkpt>
			<trkpt lat="45.38489" lon="1.51598">
				<ele>276.59</ele>
				<time>2026-05-20T17:52:02.627Z</time>
			</trkpt>
			<trkpt lat="45.38509" lon="1.51637">
				<ele>275.62</ele>
				<time>2026-05-20T17:52:05.097Z</time>
			</trkpt>
			<trkpt lat="45.38515" lon="1.5165">
				<ele>275.12</ele>
				<time>2026-05-20T17:52:05.893Z</time>
			</trkpt>
			<trkpt lat="45.38518" lon="1.51666">
				<ele>274.33</ele>
				<time>2026-05-20T17:52:06.740Z</time>
			</trkpt>
			<trkpt lat="45.38523" lon="1.51705">
				<ele>271.49</ele>
				<time>2026-05-20T17:52:08.768Z</time>
			</trkpt>
			<trkpt lat="45.38536" lon="1.51734">
				<ele>271.36</ele>
				<time>2026-05-20T17:52:10.527Z</time>
			</trkpt>
			<trkpt lat="45.3856" lon="1.51773">
				<ele>269.64</ele>
				<time>2026-05-20T17:52:13.178Z</time>
			</trkpt>
			<trkpt lat="45.3862" lon="1.51838">
				<ele>273.16</ele>
				<time>2026-05-20T17:52:18.663Z</time>
			</trkpt>
			<trkpt lat="45.38623" lon="1.51845">
				<ele>272.22</ele>
				<time>2026-05-20T17:52:19.081Z</time>
			</trkpt>
			<trkpt lat="45.38627" lon="1.51859">
				<ele>269.43</ele>
				<time>2026-05-20T17:52:19.853Z</time>
			</trkpt>
			<trkpt lat="45.38628" lon="1.51888">
				<ele>269.45</ele>
				<time>2026-05-20T17:52:21.336Z</time>
			</trkpt>
			<trkpt lat="45.38625" lon="1.51963">
				<ele>269.48</ele>
				<time>2026-05-20T17:52:25.170Z</time>
			</trkpt>
			<trkpt lat="45.38613" lon="1.51997">
				<ele>280.84</ele>
				<time>2026-05-20T17:52:27.112Z</time>
			</trkpt>
			<trkpt lat="45.38606" lon="1.52009">
				<ele>286.54</ele>
				<time>2026-05-20T17:52:27.908Z</time>
			</trkpt>
			<trkpt lat="45.38598" lon="1.52015">
				<ele>289.91</ele>
				<time>2026-05-20T17:52:28.565Z</time>
			</trkpt>
			<trkpt lat="45.38587" lon="1.52016">
				<ele>292.13</ele>
				<time>2026-05-20T17:52:29.365Z</time>
			</trkpt>
			<trkpt lat="45.38576" lon="1.52009">
				<ele>289.95</ele>
				<time>2026-05-20T17:52:30.240Z</time>
			</trkpt>
			<trkpt lat="45.38546" lon="1.51962">
				<ele>280.19</ele>
				<time>2026-05-20T17:52:33.478Z</time>
			</trkpt>
			<trkpt lat="45.38452" lon="1.5184">
				<ele>286.31</ele>
				<time>2026-05-20T17:52:42.702Z</time>
			</trkpt>
			<trkpt lat="45.38344" lon="1.51677">
				<ele>286.53</ele>
				<time>2026-05-20T17:52:54.097Z</time>
			</trkpt>
			<trkpt lat="45.38334" lon="1.51664">
				<ele>287.73</ele>
				<time>2026-05-20T17:52:55.077Z</time>
			</trkpt>
			<trkpt lat="45.38326" lon="1.51657">
				<ele>287.3</ele>
				<time>2026-05-20T17:52:55.756Z</time>
			</trkpt>
			<trkpt lat="45.3832" lon="1.51655">
				<ele>287.8</ele>
				<time>2026-05-20T17:52:56.201Z</time>
			</trkpt>
			<trkpt lat="45.38306" lon="1.51652">
				<ele>290.88</ele>
				<time>2026-05-20T17:52:57.225Z</time>
			</trkpt>
			<trkpt lat="45.38289" lon="1.51656">
				<ele>292.92</ele>
				<time>2026-05-20T17:52:58.470Z</time>
			</trkpt>
			<trkpt lat="45.38258" lon="1.51668">
				<ele>298.2</ele>
				<time>2026-05-20T17:53:00.791Z</time>
			</trkpt>
			<trkpt lat="45.38248" lon="1.51666">
				<ele>298.46</ele>
				<time>2026-05-20T17:53:01.521Z</time>
			</trkpt>
			<trkpt lat="45.38243" lon="1.51662">
				<ele>299.37</ele>
				<time>2026-05-20T17:53:01.935Z</time>
			</trkpt>
			<trkpt lat="45.38235" lon="1.5165">
				<ele>299.57</ele>
				<time>2026-05-20T17:53:02.774Z</time>
			</trkpt>
			<trkpt lat="45.38225" lon="1.51601">
				<ele>296.92</ele>
				<time>2026-05-20T17:53:05.362Z</time>
			</trkpt>
			<trkpt lat="45.38219" lon="1.51585">
				<ele>295.85</ele>
				<time>2026-05-20T17:53:06.281Z</time>
			</trkpt>
			<trkpt lat="45.38212" lon="1.5157">
				<ele>295.45</ele>
				<time>2026-05-20T17:53:07.194Z</time>
			</trkpt>
			<trkpt lat="45.38198" lon="1.51551">
				<ele>295.39</ele>
				<time>2026-05-20T17:53:08.589Z</time>
			</trkpt>
			<trkpt lat="45.38181" lon="1.51537">
				<ele>296.13</ele>
				<time>2026-05-20T17:53:10.006Z</time>
			</trkpt>
			<trkpt lat="45.38167" lon="1.51531">
				<ele>297.43</ele>
				<time>2026-05-20T17:53:11.060Z</time>
			</trkpt>
			<trkpt lat="45.38152" lon="1.51527">
				<ele>299.48</ele>
				<time>2026-05-20T17:53:12.160Z</time>
			</trkpt>
			<trkpt lat="45.3812" lon="1.51527">
				<ele>303.29</ele>
				<time>2026-05-20T17:53:14.466Z</time>
			</trkpt>
			<trkpt lat="45.38105" lon="1.51532">
				<ele>304.46</ele>
				<time>2026-05-20T17:53:15.576Z</time>
			</trkpt>
			<trkpt lat="45.38064" lon="1.51556">
				<ele>305.41</ele>
				<time>2026-05-20T17:53:18.768Z</time>
			</trkpt>
			<trkpt lat="45.3805" lon="1.5156">
				<ele>305.72</ele>
				<time>2026-05-20T17:53:19.796Z</time>
			</trkpt>
			<trkpt lat="45.37978" lon="1.5157">
				<ele>308.43</ele>
				<time>2026-05-20T17:53:24.999Z</time>
			</trkpt>
			<trkpt lat="45.37967" lon="1.51572">
				<ele>308.88</ele>
				<time>2026-05-20T17:53:25.796Z</time>
			</trkpt>
			<trkpt lat="45.37963" lon="1.51578">
				<ele>309.4</ele>
				<time>2026-05-20T17:53:26.214Z</time>
			</trkpt>
			<trkpt lat="45.37961" lon="1.51593">
				<ele>310.47</ele>
				<time>2026-05-20T17:53:26.984Z</time>
			</trkpt>
			<trkpt lat="45.37962" lon="1.51618">
				<ele>311.94</ele>
				<time>2026-05-20T17:53:28.248Z</time>
			</trkpt>
			<trkpt lat="45.37962" lon="1.51665">
				<ele>313.33</ele>
				<time>2026-05-20T17:53:30.619Z</time>
			</trkpt>
			<trkpt lat="45.37976" lon="1.51748">
				<ele>319.21</ele>
				<time>2026-05-20T17:53:34.921Z</time>
			</trkpt>
			<trkpt lat="45.37981" lon="1.51759">
				<ele>320.08</ele>
				<time>2026-05-20T17:53:35.581Z</time>
			</trkpt>
			<trkpt lat="45.37994" lon="1.5178">
				<ele>322.35</ele>
				<time>2026-05-20T17:53:36.991Z</time>
			</trkpt>
			<trkpt lat="45.38007" lon="1.5181">
				<ele>323.78</ele>
				<time>2026-05-20T17:53:38.765Z</time>
			</trkpt>
			<trkpt lat="45.38017" lon="1.51839">
				<ele>324.84</ele>
				<time>2026-05-20T17:53:40.391Z</time>
			</trkpt>
			<trkpt lat="45.38046" lon="1.51913">
				<ele>328.27</ele>
				<time>2026-05-20T17:53:44.652Z</time>
			</trkpt>
			<trkpt lat="45.3817" lon="1.52221">
				<ele>341.09</ele>
				<time>2026-05-20T17:54:02.453Z</time>
			</trkpt>
			<trkpt lat="45.38176" lon="1.52252">
				<ele>341.4</ele>
				<time>2026-05-20T17:54:04.061Z</time>
			</trkpt>
			<trkpt lat="45.38227" lon="1.52503">
				<ele>351.95</ele>
				<time>2026-05-20T17:54:17.100Z</time>
			</trkpt>
			<trkpt lat="45.38232" lon="1.52522">
				<ele>352.75</ele>
				<time>2026-05-20T17:54:18.111Z</time>
			</trkpt>
			<trkpt lat="45.38238" lon="1.52538">
				<ele>353.14</ele>
				<time>2026-05-20T17:54:19.014Z</time>
			</trkpt>
			<trkpt lat="45.38252" lon="1.52559">
				<ele>353.15</ele>
				<time>2026-05-20T17:54:20.455Z</time>
			</trkpt>
			<trkpt lat="45.38283" lon="1.52591">
				<ele>355.69</ele>
				<time>2026-05-20T17:54:23.166Z</time>
			</trkpt>
			<trkpt lat="45.38452" lon="1.5276">
				<ele>367.37</ele>
				<time>2026-05-20T17:54:37.750Z</time>
			</trkpt>
			<trkpt lat="45.38515" lon="1.52819">
				<ele>366.22</ele>
				<time>2026-05-20T17:54:43.058Z</time>
			</trkpt>
			<trkpt lat="45.3861" lon="1.52931">
				<ele>370.18</ele>
				<time>2026-05-20T17:54:51.718Z</time>
			</trkpt>
			<trkpt lat="45.38633" lon="1.52963">
				<ele>369.93</ele>
				<time>2026-05-20T17:54:53.972Z</time>
			</trkpt>
			<trkpt lat="45.38655" lon="1.53003">
				<ele>366.75</ele>
				<time>2026-05-20T17:54:56.470Z</time>
			</trkpt>
			<trkpt lat="45.38769" lon="1.53306">
				<ele>367.86</ele>
				<time>2026-05-20T17:55:13.313Z</time>
			</trkpt>
			<trkpt lat="45.38791" lon="1.53352">
				<ele>367.04</ele>
				<time>2026-05-20T17:55:16.030Z</time>
			</trkpt>
			<trkpt lat="45.38846" lon="1.53445">
				<ele>372.94</ele>
				<time>2026-05-20T17:55:21.954Z</time>
			</trkpt>
			<trkpt lat="45.38857" lon="1.53465">
				<ele>373.16</ele>
				<time>2026-05-20T17:55:23.190Z</time>
			</trkpt>
			<trkpt lat="45.38871" lon="1.53503">
				<ele>375.51</ele>
				<time>2026-05-20T17:55:25.276Z</time>
			</trkpt>
			<trkpt lat="45.38894" lon="1.53596">
				<ele>379.75</ele>
				<time>2026-05-20T17:55:30.063Z</time>
			</trkpt>
			<trkpt lat="45.38906" lon="1.53633">
				<ele>382.07</ele>
				<time>2026-05-20T17:55:32.039Z</time>
			</trkpt>
			<trkpt lat="45.38936" lon="1.53709">
				<ele>382.84</ele>
				<time>2026-05-20T17:55:36.260Z</time>
			</trkpt>
			<trkpt lat="45.39011" lon="1.53909">
				<ele>384.57</ele>
				<time>2026-05-20T17:55:47.201Z</time>
			</trkpt>
			<trkpt lat="45.39056" lon="1.5402">
				<ele>385</ele>
				<time>2026-05-20T17:55:53.361Z</time>
			</trkpt>
			<trkpt lat="45.39289" lon="1.5466">
				<ele>399.63</ele>
				<time>2026-05-20T17:56:27.664Z</time>
			</trkpt>
			<trkpt lat="45.39481" lon="1.55172">
				<ele>413.39</ele>
				<time>2026-05-20T17:56:54.826Z</time>
			</trkpt>
			<trkpt lat="45.39516" lon="1.55269">
				<ele>413.89</ele>
				<time>2026-05-20T17:56:59.881Z</time>
			</trkpt>
			<trkpt lat="45.39537" lon="1.55334">
				<ele>411</ele>
				<time>2026-05-20T17:57:03.189Z</time>
			</trkpt>
			<trkpt lat="45.39542" lon="1.55372">
				<ele>411.19</ele>
				<time>2026-05-20T17:57:04.973Z</time>
			</trkpt>
			<trkpt lat="45.39606" lon="1.56401">
				<ele>424.38</ele>
				<time>2026-05-20T17:57:51.870Z</time>
			</trkpt>
			<trkpt lat="45.39606" lon="1.56439">
				<ele>425.65</ele>
				<time>2026-05-20T17:57:53.565Z</time>
			</trkpt>
			<trkpt lat="45.39603" lon="1.56466">
				<ele>426.51</ele>
				<time>2026-05-20T17:57:54.782Z</time>
			</trkpt>
			<trkpt lat="45.39597" lon="1.56501">
				<ele>426.54</ele>
				<time>2026-05-20T17:57:56.386Z</time>
			</trkpt>
			<trkpt lat="45.39577" lon="1.56583">
				<ele>427.79</ele>
				<time>2026-05-20T17:58:00.241Z</time>
			</trkpt>
			<trkpt lat="45.39574" lon="1.56629">
				<ele>427.01</ele>
				<time>2026-05-20T17:58:02.288Z</time>
			</trkpt>
			<trkpt lat="45.39575" lon="1.56665">
				<ele>426.72</ele>
				<time>2026-05-20T17:58:03.882Z</time>
			</trkpt>
			<trkpt lat="45.3959" lon="1.56737">
				<ele>422.66</ele>
				<time>2026-05-20T17:58:07.198Z</time>
			</trkpt>
			<trkpt lat="45.3963" lon="1.56896">
				<ele>429.68</ele>
				<time>2026-05-20T17:58:14.622Z</time>
			</trkpt>
			<trkpt lat="45.3964" lon="1.56951">
				<ele>431.36</ele>
				<time>2026-05-20T17:58:17.109Z</time>
			</trkpt>
			<trkpt lat="45.39661" lon="1.57272">
				<ele>439.33</ele>
				<time>2026-05-20T17:58:31.120Z</time>
			</trkpt>
			<trkpt lat="45.39659" lon="1.57338">
				<ele>440.1</ele>
				<time>2026-05-20T17:58:33.969Z</time>
			</trkpt>
			<trkpt lat="45.39629" lon="1.57355">
				<ele>441.41</ele>
				<time>2026-05-20T17:58:35.948Z</time>
			</trkpt>
			<trkpt lat="45.3959" lon="1.57388">
				<ele>441.24</ele>
				<time>2026-05-20T17:58:38.655Z</time>
			</trkpt>
			<trkpt lat="45.39573" lon="1.57397">
				<ele>440.76</ele>
				<time>2026-05-20T17:58:39.691Z</time>
			</trkpt>
			<trkpt lat="45.39558" lon="1.57399">
				<ele>440.45</ele>
				<time>2026-05-20T17:58:40.541Z</time>
			</trkpt>
			<trkpt lat="45.39553" lon="1.57394">
				<ele>440.2</ele>
				<time>2026-05-20T17:58:40.886Z</time>
			</trkpt>
			<trkpt lat="45.3954" lon="1.5739">
				<ele>440.04</ele>
				<time>2026-05-20T17:58:41.635Z</time>
			</trkpt>
			<trkpt lat="45.3953" lon="1.5739">
				<ele>440.07</ele>
				<time>2026-05-20T17:58:42.202Z</time>
			</trkpt>
			<trkpt lat="45.39521" lon="1.57394">
				<ele>440.03</ele>
				<time>2026-05-20T17:58:42.740Z</time>
			</trkpt>
			<trkpt lat="45.39513" lon="1.57401">
				<ele>440.17</ele>
				<time>2026-05-20T17:58:43.280Z</time>
			</trkpt>
			<trkpt lat="45.39502" lon="1.5742">
				<ele>441</ele>
				<time>2026-05-20T17:58:44.276Z</time>
			</trkpt>
			<trkpt lat="45.39499" lon="1.57428">
				<ele>440.97</ele>
				<time>2026-05-20T17:58:44.643Z</time>
			</trkpt>
			<trkpt lat="45.39497" lon="1.57446">
				<ele>440.91</ele>
				<time>2026-05-20T17:58:45.380Z</time>
			</trkpt>
			<trkpt lat="45.39499" lon="1.57465">
				<ele>440.99</ele>
				<time>2026-05-20T17:58:46.157Z</time>
			</trkpt>
			<trkpt lat="45.39505" lon="1.57481">
				<ele>441.13</ele>
				<time>2026-05-20T17:58:46.890Z</time>
			</trkpt>
			<trkpt lat="45.3951" lon="1.57487">
				<ele>441.42</ele>
				<time>2026-05-20T17:58:47.267Z</time>
			</trkpt>
			<trkpt lat="45.39512" lon="1.57508">
				<ele>442.3</ele>
				<time>2026-05-20T17:58:48.124Z</time>
			</trkpt>
			<trkpt lat="45.39511" lon="1.5752">
				<ele>442.86</ele>
				<time>2026-05-20T17:58:48.613Z</time>
			</trkpt>
			<trkpt lat="45.39488" lon="1.57625">
				<ele>442.99</ele>
				<time>2026-05-20T17:58:53.061Z</time>
			</trkpt>
			<trkpt lat="45.39454" lon="1.57751">
				<ele>444.35</ele>
				<time>2026-05-20T17:58:58.521Z</time>
			</trkpt>
			<trkpt lat="45.39435" lon="1.57811">
				<ele>444</ele>
				<time>2026-05-20T17:59:01.183Z</time>
			</trkpt>
			<trkpt lat="45.39412" lon="1.57873">
				<ele>442.27</ele>
				<time>2026-05-20T17:59:04.020Z</time>
			</trkpt>
			<trkpt lat="45.39389" lon="1.57927">
				<ele>437.96</ele>
				<time>2026-05-20T17:59:06.575Z</time>
			</trkpt>
			<trkpt lat="45.39362" lon="1.57986">
				<ele>432.55</ele>
				<time>2026-05-20T17:59:09.424Z</time>
			</trkpt>
			<trkpt lat="45.39332" lon="1.58039">
				<ele>430.96</ele>
				<time>2026-05-20T17:59:12.179Z</time>
			</trkpt>
			<trkpt lat="45.39301" lon="1.58091">
				<ele>430.44</ele>
				<time>2026-05-20T17:59:14.939Z</time>
			</trkpt>
			<trkpt lat="45.39231" lon="1.582">
				<ele>431.53</ele>
				<time>2026-05-20T17:59:20.916Z</time>
			</trkpt>
			<trkpt lat="45.39072" lon="1.5844">
				<ele>430.46</ele>
				<time>2026-05-20T17:59:34.270Z</time>
			</trkpt>
			<trkpt lat="45.39039" lon="1.58492">
				<ele>431.31</ele>
				<time>2026-05-20T17:59:37.107Z</time>
			</trkpt>
			<trkpt lat="45.39011" lon="1.58541">
				<ele>433.96</ele>
				<time>2026-05-20T17:59:39.664Z</time>
			</trkpt>
			<trkpt lat="45.38954" lon="1.58653">
				<ele>439.33</ele>
				<time>2026-05-20T17:59:45.264Z</time>
			</trkpt>
			<trkpt lat="45.38926" lon="1.58716">
				<ele>439.6</ele>
				<time>2026-05-20T17:59:48.283Z</time>
			</trkpt>
			<trkpt lat="45.38896" lon="1.58793">
				<ele>440.63</ele>
				<time>2026-05-20T17:59:51.848Z</time>
			</trkpt>
			<trkpt lat="45.38868" lon="1.58874">
				<ele>445.73</ele>
				<time>2026-05-20T17:59:55.504Z</time>
			</trkpt>
			<trkpt lat="45.38847" lon="1.5895">
				<ele>447.38</ele>
				<time>2026-05-20T17:59:58.811Z</time>
			</trkpt>
			<trkpt lat="45.38827" lon="1.59027">
				<ele>445.38</ele>
				<time>2026-05-20T18:00:02.136Z</time>
			</trkpt>
			<trkpt lat="45.38814" lon="1.59088">
				<ele>443.54</ele>
				<time>2026-05-20T18:00:04.718Z</time>
			</trkpt>
			<trkpt lat="45.38803" lon="1.59149">
				<ele>443.37</ele>
				<time>2026-05-20T18:00:07.268Z</time>
			</trkpt>
			<trkpt lat="45.38789" lon="1.59241">
				<ele>439.73</ele>
				<time>2026-05-20T18:00:11.081Z</time>
			</trkpt>
			<trkpt lat="45.38644" lon="1.60414">
				<ele>459.54</ele>
				<time>2026-05-20T18:00:59.337Z</time>
			</trkpt>
			<trkpt lat="45.38625" lon="1.60702">
				<ele>465</ele>
				<time>2026-05-20T18:01:11.061Z</time>
			</trkpt>
			<trkpt lat="45.38605" lon="1.61133">
				<ele>460.73</ele>
				<time>2026-05-20T18:01:28.570Z</time>
			</trkpt>
			<trkpt lat="45.38599" lon="1.61286">
				<ele>468.88</ele>
				<time>2026-05-20T18:01:34.782Z</time>
			</trkpt>
			<trkpt lat="45.38619" lon="1.62583">
				<ele>455.39</ele>
				<time>2026-05-20T18:02:27.385Z</time>
			</trkpt>
			<trkpt lat="45.3862" lon="1.62681">
				<ele>454.22</ele>
				<time>2026-05-20T18:02:31.360Z</time>
			</trkpt>
			<trkpt lat="45.38618" lon="1.62731">
				<ele>457.9</ele>
				<time>2026-05-20T18:02:33.391Z</time>
			</trkpt>
			<trkpt lat="45.3861" lon="1.62818">
				<ele>457.98</ele>
				<time>2026-05-20T18:02:36.949Z</time>
			</trkpt>
			<trkpt lat="45.38575" lon="1.63141">
				<ele>446.44</ele>
				<time>2026-05-20T18:02:50.203Z</time>
			</trkpt>
			<trkpt lat="45.3833" lon="1.65228">
				<ele>458.81</ele>
				<time>2026-05-20T18:04:16.019Z</time>
			</trkpt>
			<trkpt lat="45.38149" lon="1.6676">
				<ele>485.2</ele>
				<time>2026-05-20T18:05:19.010Z</time>
			</trkpt>
			<trkpt lat="45.38143" lon="1.66836">
				<ele>480.64</ele>
				<time>2026-05-20T18:05:22.111Z</time>
			</trkpt>
			<trkpt lat="45.38144" lon="1.66885">
				<ele>479</ele>
				<time>2026-05-20T18:05:24.098Z</time>
			</trkpt>
			<trkpt lat="45.38174" lon="1.67416">
				<ele>480.44</ele>
				<time>2026-05-20T18:05:45.690Z</time>
			</trkpt>
			<trkpt lat="45.38174" lon="1.67455">
				<ele>480.72</ele>
				<time>2026-05-20T18:05:47.270Z</time>
			</trkpt>
			<trkpt lat="45.38171" lon="1.67721">
				<ele>476.06</ele>
				<time>2026-05-20T18:05:58.051Z</time>
			</trkpt>
			<trkpt lat="45.38166" lon="1.67808">
				<ele>472.8</ele>
				<time>2026-05-20T18:06:01.589Z</time>
			</trkpt>
			<trkpt lat="45.38159" lon="1.6788">
				<ele>469.25</ele>
				<time>2026-05-20T18:06:04.534Z</time>
			</trkpt>
			<trkpt lat="45.38154" lon="1.67919">
				<ele>469.48</ele>
				<time>2026-05-20T18:06:06.140Z</time>
			</trkpt>
			<trkpt lat="45.38142" lon="1.67981">
				<ele>468.22</ele>
				<time>2026-05-20T18:06:08.746Z</time>
			</trkpt>
			<trkpt lat="45.38132" lon="1.68028">
				<ele>463.48</ele>
				<time>2026-05-20T18:06:10.736Z</time>
			</trkpt>
			<trkpt lat="45.38118" lon="1.6808">
				<ele>458.66</ele>
				<time>2026-05-20T18:06:12.992Z</time>
			</trkpt>
			<trkpt lat="45.38097" lon="1.68147">
				<ele>459.85</ele>
				<time>2026-05-20T18:06:15.964Z</time>
			</trkpt>
			<trkpt lat="45.38081" lon="1.6819">
				<ele>458.02</ele>
				<time>2026-05-20T18:06:17.936Z</time>
			</trkpt>
			<trkpt lat="45.38064" lon="1.68233">
				<ele>456.61</ele>
				<time>2026-05-20T18:06:19.935Z</time>
			</trkpt>
			<trkpt lat="45.38043" lon="1.68278">
				<ele>456.58</ele>
				<time>2026-05-20T18:06:22.124Z</time>
			</trkpt>
			<trkpt lat="45.37395" lon="1.69443">
				<ele>443.46</ele>
				<time>2026-05-20T18:07:22.300Z</time>
			</trkpt>
			<trkpt lat="45.37298" lon="1.69618">
				<ele>443.48</ele>
				<time>2026-05-20T18:07:31.322Z</time>
			</trkpt>
			<trkpt lat="45.37282" lon="1.69642">
				<ele>444.4</ele>
				<time>2026-05-20T18:07:32.661Z</time>
			</trkpt>
			<trkpt lat="45.37267" lon="1.69659">
				<ele>445.13</ele>
				<time>2026-05-20T18:07:33.766Z</time>
			</trkpt>
			<trkpt lat="45.37238" lon="1.6968">
				<ele>444.35</ele>
				<time>2026-05-20T18:07:35.640Z</time>
			</trkpt>
			<trkpt lat="45.37228" lon="1.69678">
				<ele>443.76</ele>
				<time>2026-05-20T18:07:36.222Z</time>
			</trkpt>
			<trkpt lat="45.37219" lon="1.69686">
				<ele>443.77</ele>
				<time>2026-05-20T18:07:36.833Z</time>
			</trkpt>
			<trkpt lat="45.37216" lon="1.69693">
				<ele>444.15</ele>
				<time>2026-05-20T18:07:37.165Z</time>
			</trkpt>
			<trkpt lat="45.37188" lon="1.69701">
				<ele>445.05</ele>
				<time>2026-05-20T18:07:38.810Z</time>
			</trkpt>
			<trkpt lat="45.37137" lon="1.69709">
				<ele>445.52</ele>
				<time>2026-05-20T18:07:41.759Z</time>
			</trkpt>
			<trkpt lat="45.37085" lon="1.69723">
				<ele>445.12</ele>
				<time>2026-05-20T18:07:44.792Z</time>
			</trkpt>
			<trkpt lat="45.3702" lon="1.69753">
				<ele>444.74</ele>
				<time>2026-05-20T18:07:48.693Z</time>
			</trkpt>
			<trkpt lat="45.3696" lon="1.69791">
				<ele>443.2</ele>
				<time>2026-05-20T18:07:52.429Z</time>
			</trkpt>
			<trkpt lat="45.36836" lon="1.69886">
				<ele>442</ele>
				<time>2026-05-20T18:08:00.400Z</time>
			</trkpt>
			<trkpt lat="45.36785" lon="1.69932">
				<ele>443.73</ele>
				<time>2026-05-20T18:08:03.802Z</time>
			</trkpt>
			<trkpt lat="45.36737" lon="1.69983">
				<ele>445.83</ele>
				<time>2026-05-20T18:08:07.170Z</time>
			</trkpt>
			<trkpt lat="45.36698" lon="1.70028">
				<ele>450.15</ele>
				<time>2026-05-20T18:08:09.987Z</time>
			</trkpt>
			<trkpt lat="45.36658" lon="1.70081">
				<ele>451.27</ele>
				<time>2026-05-20T18:08:13.049Z</time>
			</trkpt>
			<trkpt lat="45.36498" lon="1.70326">
				<ele>454.4</ele>
				<time>2026-05-20T18:08:26.169Z</time>
			</trkpt>
			<trkpt lat="45.36163" lon="1.70828">
				<ele>452</ele>
				<time>2026-05-20T18:08:53.250Z</time>
			</trkpt>
			<trkpt lat="45.36125" lon="1.7089">
				<ele>451.84</ele>
				<time>2026-05-20T18:08:56.476Z</time>
			</trkpt>
			<trkpt lat="45.36088" lon="1.70958">
				<ele>451.44</ele>
				<time>2026-05-20T18:08:59.853Z</time>
			</trkpt>
			<trkpt lat="45.36057" lon="1.71021">
				<ele>452.24</ele>
				<time>2026-05-20T18:09:02.877Z</time>
			</trkpt>
			<trkpt lat="45.36025" lon="1.71106">
				<ele>451.1</ele>
				<time>2026-05-20T18:09:06.676Z</time>
			</trkpt>
			<trkpt lat="45.35923" lon="1.71385">
				<ele>451.59</ele>
				<time>2026-05-20T18:09:19.128Z</time>
			</trkpt>
			<trkpt lat="45.35756" lon="1.71836">
				<ele>465.25</ele>
				<time>2026-05-20T18:09:39.605Z</time>
			</trkpt>
			<trkpt lat="45.35729" lon="1.71919">
				<ele>468.27</ele>
				<time>2026-05-20T18:09:43.327Z</time>
			</trkpt>
			<trkpt lat="45.35707" lon="1.72003">
				<ele>474.73</ele>
				<time>2026-05-20T18:09:46.992Z</time>
			</trkpt>
			<trkpt lat="45.35684" lon="1.7211">
				<ele>484.89</ele>
				<time>2026-05-20T18:09:51.590Z</time>
			</trkpt>
			<trkpt lat="45.35637" lon="1.72431">
				<ele>496.24</ele>
				<time>2026-05-20T18:10:05.238Z</time>
			</trkpt>
			<trkpt lat="45.35548" lon="1.73063">
				<ele>498.92</ele>
				<time>2026-05-20T18:10:32.954Z</time>
			</trkpt>
			<trkpt lat="45.35537" lon="1.73104">
				<ele>498.07</ele>
				<time>2026-05-20T18:10:34.890Z</time>
			</trkpt>
			<trkpt lat="45.35529" lon="1.7311">
				<ele>498</ele>
				<time>2026-05-20T18:10:35.459Z</time>
			</trkpt>
			<trkpt lat="45.35525" lon="1.73119">
				<ele>497.91</ele>
				<time>2026-05-20T18:10:35.931Z</time>
			</trkpt>
			<trkpt lat="45.35524" lon="1.73126">
				<ele>497.88</ele>
				<time>2026-05-20T18:10:36.247Z</time>
			</trkpt>
			<trkpt lat="45.35526" lon="1.73138">
				<ele>497.96</ele>
				<time>2026-05-20T18:10:36.794Z</time>
			</trkpt>
			<trkpt lat="45.3553" lon="1.73142">
				<ele>498</ele>
				<time>2026-05-20T18:10:37.102Z</time>
			</trkpt>
			<trkpt lat="45.35539" lon="1.73147">
				<ele>498</ele>
				<time>2026-05-20T18:10:37.713Z</time>
			</trkpt>
			<trkpt lat="45.35548" lon="1.73144">
				<ele>498</ele>
				<time>2026-05-20T18:10:38.298Z</time>
			</trkpt>
			<trkpt lat="45.35559" lon="1.73143">
				<ele>498.26</ele>
				<time>2026-05-20T18:10:39.001Z</time>
			</trkpt>
			<trkpt lat="45.3558" lon="1.7315">
				<ele>499.8</ele>
				<time>2026-05-20T18:10:40.393Z</time>
			</trkpt>
			<trkpt lat="45.35602" lon="1.73157">
				<ele>500.68</ele>
				<time>2026-05-20T18:10:41.870Z</time>
			</trkpt>
			<trkpt lat="45.35624" lon="1.73154">
				<ele>501.48</ele>
				<time>2026-05-20T18:10:43.337Z</time>
			</trkpt>
			<trkpt lat="45.35642" lon="1.73147">
				<ele>502.19</ele>
				<time>2026-05-20T18:10:44.590Z</time>
			</trkpt>
			<trkpt lat="45.35659" lon="1.73137">
				<ele>502.73</ele>
				<time>2026-05-20T18:10:45.836Z</time>
			</trkpt>
			<trkpt lat="45.35669" lon="1.73128">
				<ele>502.93</ele>
				<time>2026-05-20T18:10:46.643Z</time>
			</trkpt>
			<trkpt lat="45.35709" lon="1.73228">
				<ele>504.25</ele>
				<time>2026-05-20T18:10:52.232Z</time>
			</trkpt>
			<trkpt lat="45.35712" lon="1.73241">
				<ele>504.35</ele>
				<time>2026-05-20T18:10:52.899Z</time>
			</trkpt>
			<trkpt lat="45.35712" lon="1.73272">
				<ele>505.06</ele>
				<time>2026-05-20T18:10:54.409Z</time>
			</trkpt>
			<trkpt lat="45.35708" lon="1.73291">
				<ele>504.99</ele>
				<time>2026-05-20T18:10:55.375Z</time>
			</trkpt>
			<trkpt lat="45.35703" lon="1.73305">
				<ele>505.09</ele>
				<time>2026-05-20T18:10:56.139Z</time>
			</trkpt>
			<trkpt lat="45.35685" lon="1.73337">
				<ele>502.17</ele>
				<time>2026-05-20T18:10:58.132Z</time>
			</trkpt>
			<trkpt lat="45.35651" lon="1.73376">
				<ele>498.87</ele>
				<time>2026-05-20T18:11:01.151Z</time>
			</trkpt>
			<trkpt lat="45.35533" lon="1.73535">
				<ele>481.73</ele>
				<time>2026-05-20T18:11:12.353Z</time>
			</trkpt>
			<trkpt lat="45.35517" lon="1.7356">
				<ele>480.66</ele>
				<time>2026-05-20T18:11:13.987Z</time>
			</trkpt>
			<trkpt lat="45.35511" lon="1.73573">
				<ele>480.89</ele>
				<time>2026-05-20T18:11:14.738Z</time>
			</trkpt>
			<trkpt lat="45.35509" lon="1.73587">
				<ele>480.98</ele>
				<time>2026-05-20T18:11:15.428Z</time>
			</trkpt>
			<trkpt lat="45.35504" lon="1.73659">
				<ele>479.1</ele>
				<time>2026-05-20T18:11:18.920Z</time>
			</trkpt>
			<trkpt lat="45.35501" lon="1.73678">
				<ele>476.68</ele>
				<time>2026-05-20T18:11:19.859Z</time>
			</trkpt>
			<trkpt lat="45.35496" lon="1.73692">
				<ele>474.7</ele>
				<time>2026-05-20T18:11:20.616Z</time>
			</trkpt>
			<trkpt lat="45.3549" lon="1.73702">
				<ele>473.99</ele>
				<time>2026-05-20T18:11:21.249Z</time>
			</trkpt>
			<trkpt lat="45.35482" lon="1.73709">
				<ele>473.89</ele>
				<time>2026-05-20T18:11:21.893Z</time>
			</trkpt>
			<trkpt lat="45.35471" lon="1.73714">
				<ele>474.13</ele>
				<time>2026-05-20T18:11:22.685Z</time>
			</trkpt>
			<trkpt lat="45.35451" lon="1.73718">
				<ele>474.36</ele>
				<time>2026-05-20T18:11:24.069Z</time>
			</trkpt>
			<trkpt lat="45.35442" lon="1.73727">
				<ele>474.02</ele>
				<time>2026-05-20T18:11:24.823Z</time>
			</trkpt>
			<trkpt lat="45.35437" lon="1.73737">
				<ele>474.31</ele>
				<time>2026-05-20T18:11:25.414Z</time>
			</trkpt>
			<trkpt lat="45.35434" lon="1.73751">
				<ele>474.19</ele>
				<time>2026-05-20T18:11:26.118Z</time>
			</trkpt>
			<trkpt lat="45.35434" lon="1.73762">
				<ele>474.82</ele>
				<time>2026-05-20T18:11:26.647Z</time>
			</trkpt>
			<trkpt lat="45.35436" lon="1.73773">
				<ele>475.3</ele>
				<time>2026-05-20T18:11:27.194Z</time>
			</trkpt>
			<trkpt lat="45.35443" lon="1.7379">
				<ele>476.89</ele>
				<time>2026-05-20T18:11:28.142Z</time>
			</trkpt>
			<trkpt lat="45.35449" lon="1.73798">
				<ele>477.5</ele>
				<time>2026-05-20T18:11:28.704Z</time>
			</trkpt>
			<trkpt lat="45.35475" lon="1.73816">
				<ele>476.83</ele>
				<time>2026-05-20T18:11:30.682Z</time>
			</trkpt>
			<trkpt lat="45.35487" lon="1.73827">
				<ele>476.35</ele>
				<time>2026-05-20T18:11:31.659Z</time>
			</trkpt>
			<trkpt lat="45.35493" lon="1.73837">
				<ele>476</ele>
				<time>2026-05-20T18:11:32.290Z</time>
			</trkpt>
			<trkpt lat="45.35499" lon="1.73857">
				<ele>475.22</ele>
				<time>2026-05-20T18:11:33.335Z</time>
			</trkpt>
			<trkpt lat="45.35501" lon="1.73881">
				<ele>474.05</ele>
				<time>2026-05-20T18:11:34.496Z</time>
			</trkpt>
			<trkpt lat="45.35501" lon="1.739">
				<ele>472.97</ele>
				<time>2026-05-20T18:11:35.408Z</time>
			</trkpt>
			<trkpt lat="45.35497" lon="1.73921">
				<ele>472.59</ele>
				<time>2026-05-20T18:11:36.452Z</time>
			</trkpt>
			<trkpt lat="45.35497" lon="1.7394">
				<ele>471.84</ele>
				<time>2026-05-20T18:11:37.364Z</time>
			</trkpt>
			<trkpt lat="45.35502" lon="1.7398">
				<ele>468.87</ele>
				<time>2026-05-20T18:11:39.313Z</time>
			</trkpt>
			<trkpt lat="45.35502" lon="1.74003">
				<ele>468.64</ele>
				<time>2026-05-20T18:11:40.416Z</time>
			</trkpt>
			<trkpt lat="45.35496" lon="1.74021">
				<ele>471.2</ele>
				<time>2026-05-20T18:11:41.372Z</time>
			</trkpt>
			<trkpt lat="45.35487" lon="1.74037">
				<ele>472.8</ele>
				<time>2026-05-20T18:11:42.354Z</time>
			</trkpt>
			<trkpt lat="45.35459" lon="1.74069">
				<ele>473.87</ele>
				<time>2026-05-20T18:11:44.804Z</time>
			</trkpt>
			<trkpt lat="45.35443" lon="1.74085">
				<ele>474.03</ele>
				<time>2026-05-20T18:11:46.137Z</time>
			</trkpt>
			<trkpt lat="45.35431" lon="1.74107">
				<ele>474.1</ele>
				<time>2026-05-20T18:11:47.471Z</time>
			</trkpt>
			<trkpt lat="45.35422" lon="1.74144">
				<ele>473.12</ele>
				<time>2026-05-20T18:11:49.346Z</time>
			</trkpt>
			<trkpt lat="45.35417" lon="1.74174">
				<ele>471.04</ele>
				<time>2026-05-20T18:11:50.822Z</time>
			</trkpt>
			<trkpt lat="45.354" lon="1.74217">
				<ele>468.59</ele>
				<time>2026-05-20T18:11:53.184Z</time>
			</trkpt>
			<trkpt lat="45.35398" lon="1.74234">
				<ele>468.19</ele>
				<time>2026-05-20T18:11:54.009Z</time>
			</trkpt>
			<trkpt lat="45.35398" lon="1.74248">
				<ele>467.94</ele>
				<time>2026-05-20T18:11:54.679Z</time>
			</trkpt>
			<trkpt lat="45.35405" lon="1.7426">
				<ele>467.81</ele>
				<time>2026-05-20T18:11:55.425Z</time>
			</trkpt>
			<trkpt lat="45.35413" lon="1.74266">
				<ele>467.39</ele>
				<time>2026-05-20T18:11:56.041Z</time>
			</trkpt>
			<trkpt lat="45.35463" lon="1.74285">
				<ele>463.59</ele>
				<time>2026-05-20T18:11:59.564Z</time>
			</trkpt>
			<trkpt lat="45.35483" lon="1.74305">
				<ele>461.2</ele>
				<time>2026-05-20T18:12:01.227Z</time>
			</trkpt>
			<trkpt lat="45.3549" lon="1.74325">
				<ele>460.97</ele>
				<time>2026-05-20T18:12:02.296Z</time>
			</trkpt>
			<trkpt lat="45.35492" lon="1.74347">
				<ele>460.83</ele>
				<time>2026-05-20T18:12:03.356Z</time>
			</trkpt>
			<trkpt lat="45.35492" lon="1.74372">
				<ele>460.74</ele>
				<time>2026-05-20T18:12:04.552Z</time>
			</trkpt>
			<trkpt lat="45.35489" lon="1.74391">
				<ele>460.51</ele>
				<time>2026-05-20T18:12:05.483Z</time>
			</trkpt>
			<trkpt lat="45.35483" lon="1.7441">
				<ele>459.64</ele>
				<time>2026-05-20T18:12:06.479Z</time>
			</trkpt>
			<trkpt lat="45.35445" lon="1.74457">
				<ele>458.53</ele>
				<time>2026-05-20T18:12:09.904Z</time>
			</trkpt>
			<trkpt lat="45.35436" lon="1.74475">
				<ele>458.02</ele>
				<time>2026-05-20T18:12:10.960Z</time>
			</trkpt>
			<trkpt lat="45.35399" lon="1.74597">
				<ele>446.05</ele>
				<time>2026-05-20T18:12:17.312Z</time>
			</trkpt>
			<trkpt lat="45.35392" lon="1.74611">
				<ele>444.67</ele>
				<time>2026-05-20T18:12:18.133Z</time>
			</trkpt>
			<trkpt lat="45.35384" lon="1.7462">
				<ele>443.97</ele>
				<time>2026-05-20T18:12:18.827Z</time>
			</trkpt>
			<trkpt lat="45.35351" lon="1.7463">
				<ele>441.67</ele>
				<time>2026-05-20T18:12:21.123Z</time>
			</trkpt>
			<trkpt lat="45.35341" lon="1.74635">
				<ele>440.56</ele>
				<time>2026-05-20T18:12:21.844Z</time>
			</trkpt>
			<trkpt lat="45.35332" lon="1.74646">
				<ele>440.39</ele>
				<time>2026-05-20T18:12:22.651Z</time>
			</trkpt>
			<trkpt lat="45.35321" lon="1.74669">
				<ele>444.1</ele>
				<time>2026-05-20T18:12:23.982Z</time>
			</trkpt>
			<trkpt lat="45.35318" lon="1.74679">
				<ele>445.84</ele>
				<time>2026-05-20T18:12:24.502Z</time>
			</trkpt>
			<trkpt lat="45.35317" lon="1.74705">
				<ele>448.73</ele>
				<time>2026-05-20T18:12:25.747Z</time>
			</trkpt>
			<trkpt lat="45.3532" lon="1.74724">
				<ele>449.73</ele>
				<time>2026-05-20T18:12:26.678Z</time>
			</trkpt>
			<trkpt lat="45.35328" lon="1.74747">
				<ele>449.41</ele>
				<time>2026-05-20T18:12:27.906Z</time>
			</trkpt>
			<trkpt lat="45.35335" lon="1.7476">
				<ele>448.65</ele>
				<time>2026-05-20T18:12:28.690Z</time>
			</trkpt>
			<trkpt lat="45.35352" lon="1.74778">
				<ele>446.23</ele>
				<time>2026-05-20T18:12:30.132Z</time>
			</trkpt>
			<trkpt lat="45.35371" lon="1.74793">
				<ele>443.42</ele>
				<time>2026-05-20T18:12:31.612Z</time>
			</trkpt>
			<trkpt lat="45.35377" lon="1.74805">
				<ele>443.39</ele>
				<time>2026-05-20T18:12:32.317Z</time>
			</trkpt>
			<trkpt lat="45.35381" lon="1.74819">
				<ele>442.73</ele>
				<time>2026-05-20T18:12:33.040Z</time>
			</trkpt>
			<trkpt lat="45.35385" lon="1.74838">
				<ele>442.02</ele>
				<time>2026-05-20T18:12:33.989Z</time>
			</trkpt>
			<trkpt lat="45.35384" lon="1.74889">
				<ele>438.35</ele>
				<time>2026-05-20T18:12:36.432Z</time>
			</trkpt>
			<trkpt lat="45.35383" lon="1.74905">
				<ele>435.71</ele>
				<time>2026-05-20T18:12:37.201Z</time>
			</trkpt>
			<trkpt lat="45.35378" lon="1.74921">
				<ele>434.29</ele>
				<time>2026-05-20T18:12:38.040Z</time>
			</trkpt>
			<trkpt lat="45.35372" lon="1.7493">
				<ele>434.33</ele>
				<time>2026-05-20T18:12:38.634Z</time>
			</trkpt>
			<trkpt lat="45.35362" lon="1.74936">
				<ele>435.3</ele>
				<time>2026-05-20T18:12:39.374Z</time>
			</trkpt>
			<trkpt lat="45.35286" lon="1.74953">
				<ele>436.59</ele>
				<time>2026-05-20T18:12:44.621Z</time>
			</trkpt>
			<trkpt lat="45.35265" lon="1.74962">
				<ele>437.56</ele>
				<time>2026-05-20T18:12:46.118Z</time>
			</trkpt>
			<trkpt lat="45.35257" lon="1.74968">
				<ele>437.54</ele>
				<time>2026-05-20T18:12:46.736Z</time>
			</trkpt>
			<trkpt lat="45.35248" lon="1.74985">
				<ele>435.91</ele>
				<time>2026-05-20T18:12:47.757Z</time>
			</trkpt>
			<trkpt lat="45.35236" lon="1.75032">
				<ele>433.76</ele>
				<time>2026-05-20T18:12:50.157Z</time>
			</trkpt>
			<trkpt lat="45.35235" lon="1.75048">
				<ele>434.67</ele>
				<time>2026-05-20T18:12:50.928Z</time>
			</trkpt>
			<trkpt lat="45.35238" lon="1.75059">
				<ele>434.66</ele>
				<time>2026-05-20T18:12:51.495Z</time>
			</trkpt>
			<trkpt lat="45.3525" lon="1.75073">
				<ele>432.61</ele>
				<time>2026-05-20T18:12:52.555Z</time>
			</trkpt>
			<trkpt lat="45.35317" lon="1.75108">
				<ele>430.93</ele>
				<time>2026-05-20T18:12:57.437Z</time>
			</trkpt>
			<trkpt lat="45.35339" lon="1.75113">
				<ele>432.66</ele>
				<time>2026-05-20T18:12:58.962Z</time>
			</trkpt>
			<trkpt lat="45.3538" lon="1.75115">
				<ele>429.33</ele>
				<time>2026-05-20T18:13:01.773Z</time>
			</trkpt>
			<trkpt lat="45.35387" lon="1.75118">
				<ele>428.05</ele>
				<time>2026-05-20T18:13:02.274Z</time>
			</trkpt>
			<trkpt lat="45.35397" lon="1.75128">
				<ele>425.53</ele>
				<time>2026-05-20T18:13:03.111Z</time>
			</trkpt>
			<trkpt lat="45.35403" lon="1.75146">
				<ele>424.55</ele>
				<time>2026-05-20T18:13:04.071Z</time>
			</trkpt>
			<trkpt lat="45.35404" lon="1.75157">
				<ele>424.63</ele>
				<time>2026-05-20T18:13:04.606Z</time>
			</trkpt>
			<trkpt lat="45.35403" lon="1.75213">
				<ele>426.91</ele>
				<time>2026-05-20T18:13:07.307Z</time>
			</trkpt>
			<trkpt lat="45.35382" lon="1.75374">
				<ele>425.35</ele>
				<time>2026-05-20T18:13:15.217Z</time>
			</trkpt>
			<trkpt lat="45.35378" lon="1.75394">
				<ele>426.28</ele>
				<time>2026-05-20T18:13:16.223Z</time>
			</trkpt>
			<trkpt lat="45.35373" lon="1.75408">
				<ele>427.44</ele>
				<time>2026-05-20T18:13:16.983Z</time>
			</trkpt>
			<trkpt lat="45.35366" lon="1.75417">
				<ele>429.67</ele>
				<time>2026-05-20T18:13:17.633Z</time>
			</trkpt>
			<trkpt lat="45.35342" lon="1.75434">
				<ele>433.65</ele>
				<time>2026-05-20T18:13:19.481Z</time>
			</trkpt>
			<trkpt lat="45.35335" lon="1.75444">
				<ele>434.25</ele>
				<time>2026-05-20T18:13:20.165Z</time>
			</trkpt>
			<trkpt lat="45.35333" lon="1.75453">
				<ele>433.76</ele>
				<time>2026-05-20T18:13:20.623Z</time>
			</trkpt>
			<trkpt lat="45.35335" lon="1.75473">
				<ele>430.58</ele>
				<time>2026-05-20T18:13:21.602Z</time>
			</trkpt>
			<trkpt lat="45.35342" lon="1.75506">
				<ele>427.65</ele>
				<time>2026-05-20T18:13:23.275Z</time>
			</trkpt>
			<trkpt lat="45.35343" lon="1.75519">
				<ele>427.16</ele>
				<time>2026-05-20T18:13:23.909Z</time>
			</trkpt>
			<trkpt lat="45.35341" lon="1.75562">
				<ele>425.2</ele>
				<time>2026-05-20T18:13:26.002Z</time>
			</trkpt>
			<trkpt lat="45.35337" lon="1.75591">
				<ele>425.55</ele>
				<time>2026-05-20T18:13:27.439Z</time>
			</trkpt>
			<trkpt lat="45.35337" lon="1.75614">
				<ele>424.65</ele>
				<time>2026-05-20T18:13:28.557Z</time>
			</trkpt>
			<trkpt lat="45.35342" lon="1.75629">
				<ele>422.63</ele>
				<time>2026-05-20T18:13:29.365Z</time>
			</trkpt>
			<trkpt lat="45.35348" lon="1.75641">
				<ele>420.49</ele>
				<time>2026-05-20T18:13:30.081Z</time>
			</trkpt>
			<trkpt lat="45.35358" lon="1.75649">
				<ele>418.13</ele>
				<time>2026-05-20T18:13:30.876Z</time>
			</trkpt>
			<trkpt lat="45.35411" lon="1.75682">
				<ele>406.94</ele>
				<time>2026-05-20T18:13:34.889Z</time>
			</trkpt>
			<trkpt lat="45.35419" lon="1.7569">
				<ele>406.12</ele>
				<time>2026-05-20T18:13:35.568Z</time>
			</trkpt>
			<trkpt lat="45.35424" lon="1.75702">
				<ele>405.36</ele>
				<time>2026-05-20T18:13:36.248Z</time>
			</trkpt>
			<trkpt lat="45.35427" lon="1.75713">
				<ele>405.26</ele>
				<time>2026-05-20T18:13:36.825Z</time>
			</trkpt>
			<trkpt lat="45.35428" lon="1.75725">
				<ele>405.4</ele>
				<time>2026-05-20T18:13:37.415Z</time>
			</trkpt>
			<trkpt lat="45.35428" lon="1.7574">
				<ele>405.73</ele>
				<time>2026-05-20T18:13:38.148Z</time>
			</trkpt>
			<trkpt lat="45.35424" lon="1.75757">
				<ele>406.26</ele>
				<time>2026-05-20T18:13:39.024Z</time>
			</trkpt>
			<trkpt lat="45.35417" lon="1.75767">
				<ele>406.65</ele>
				<time>2026-05-20T18:13:39.714Z</time>
			</trkpt>
			<trkpt lat="45.35407" lon="1.75775">
				<ele>405.87</ele>
				<time>2026-05-20T18:13:40.512Z</time>
			</trkpt>
			<trkpt lat="45.35362" lon="1.75795">
				<ele>399.57</ele>
				<time>2026-05-20T18:13:43.797Z</time>
			</trkpt>
			<trkpt lat="45.35336" lon="1.758">
				<ele>400.47</ele>
				<time>2026-05-20T18:13:45.628Z</time>
			</trkpt>
			<trkpt lat="45.35322" lon="1.75807">
				<ele>401.07</ele>
				<time>2026-05-20T18:13:46.664Z</time>
			</trkpt>
			<trkpt lat="45.35297" lon="1.75824">
				<ele>403.27</ele>
				<time>2026-05-20T18:13:48.600Z</time>
			</trkpt>
			<trkpt lat="45.35289" lon="1.75844">
				<ele>403.59</ele>
				<time>2026-05-20T18:13:49.731Z</time>
			</trkpt>
			<trkpt lat="45.35289" lon="1.75851">
				<ele>403.59</ele>
				<time>2026-05-20T18:13:50.075Z</time>
			</trkpt>
			<trkpt lat="45.3529" lon="1.75859">
				<ele>403.52</ele>
				<time>2026-05-20T18:13:50.475Z</time>
			</trkpt>
			<trkpt lat="45.35296" lon="1.75868">
				<ele>403.85</ele>
				<time>2026-05-20T18:13:51.085Z</time>
			</trkpt>
			<trkpt lat="45.35302" lon="1.75874">
				<ele>404.06</ele>
				<time>2026-05-20T18:13:51.599Z</time>
			</trkpt>
			<trkpt lat="45.3532" lon="1.75882">
				<ele>402.72</ele>
				<time>2026-05-20T18:13:52.920Z</time>
			</trkpt>
			<trkpt lat="45.35365" lon="1.75893">
				<ele>399.61</ele>
				<time>2026-05-20T18:13:56.123Z</time>
			</trkpt>
			<trkpt lat="45.35375" lon="1.759">
				<ele>397.72</ele>
				<time>2026-05-20T18:13:56.906Z</time>
			</trkpt>
			<trkpt lat="45.35394" lon="1.7593">
				<ele>393.05</ele>
				<time>2026-05-20T18:13:58.901Z</time>
			</trkpt>
			<trkpt lat="45.35416" lon="1.75975">
				<ele>391.44</ele>
				<time>2026-05-20T18:14:01.613Z</time>
			</trkpt>
			<trkpt lat="45.35421" lon="1.75992">
				<ele>392.33</ele>
				<time>2026-05-20T18:14:02.526Z</time>
			</trkpt>
			<trkpt lat="45.35423" lon="1.76006">
				<ele>392.18</ele>
				<time>2026-05-20T18:14:03.234Z</time>
			</trkpt>
			<trkpt lat="45.35421" lon="1.76023">
				<ele>391.89</ele>
				<time>2026-05-20T18:14:04.088Z</time>
			</trkpt>
			<trkpt lat="45.35413" lon="1.76041">
				<ele>393.05</ele>
				<time>2026-05-20T18:14:05.145Z</time>
			</trkpt>
			<trkpt lat="45.35393" lon="1.76077">
				<ele>399.85</ele>
				<time>2026-05-20T18:14:07.423Z</time>
			</trkpt>
			<trkpt lat="45.35376" lon="1.76117">
				<ele>397.69</ele>
				<time>2026-05-20T18:14:09.748Z</time>
			</trkpt>
			<trkpt lat="45.35369" lon="1.7614">
				<ele>396.09</ele>
				<time>2026-05-20T18:14:10.996Z</time>
			</trkpt>
			<trkpt lat="45.35357" lon="1.76192">
				<ele>394.55</ele>
				<time>2026-05-20T18:14:13.725Z</time>
			</trkpt>
			<trkpt lat="45.35352" lon="1.76204">
				<ele>392.76</ele>
				<time>2026-05-20T18:14:14.421Z</time>
			</trkpt>
			<trkpt lat="45.3534" lon="1.76222">
				<ele>391.69</ele>
				<time>2026-05-20T18:14:15.660Z</time>
			</trkpt>
			<trkpt lat="45.35322" lon="1.76234">
				<ele>393.05</ele>
				<time>2026-05-20T18:14:17.074Z</time>
			</trkpt>
			<trkpt lat="45.35303" lon="1.76243">
				<ele>395.03</ele>
				<time>2026-05-20T18:14:18.500Z</time>
			</trkpt>
			<trkpt lat="45.35299" lon="1.76252">
				<ele>395.04</ele>
				<time>2026-05-20T18:14:19.033Z</time>
			</trkpt>
			<trkpt lat="45.353" lon="1.76263">
				<ele>394.84</ele>
				<time>2026-05-20T18:14:19.589Z</time>
			</trkpt>
			<trkpt lat="45.35304" lon="1.76273">
				<ele>394.18</ele>
				<time>2026-05-20T18:14:20.166Z</time>
			</trkpt>
			<trkpt lat="45.35313" lon="1.76287">
				<ele>390.74</ele>
				<time>2026-05-20T18:14:21.117Z</time>
			</trkpt>
			<trkpt lat="45.35318" lon="1.76308">
				<ele>387.78</ele>
				<time>2026-05-20T18:14:22.230Z</time>
			</trkpt>
			<trkpt lat="45.35331" lon="1.76382">
				<ele>384.13</ele>
				<time>2026-05-20T18:14:26.064Z</time>
			</trkpt>
			<trkpt lat="45.35332" lon="1.76411">
				<ele>381.72</ele>
				<time>2026-05-20T18:14:27.526Z</time>
			</trkpt>
			<trkpt lat="45.35327" lon="1.76424">
				<ele>380.99</ele>
				<time>2026-05-20T18:14:28.273Z</time>
			</trkpt>
			<trkpt lat="45.35319" lon="1.76435">
				<ele>380.56</ele>
				<time>2026-05-20T18:14:29.071Z</time>
			</trkpt>
			<trkpt lat="45.35308" lon="1.76443">
				<ele>380.64</ele>
				<time>2026-05-20T18:14:29.958Z</time>
			</trkpt>
			<trkpt lat="45.35295" lon="1.76448">
				<ele>382.06</ele>
				<time>2026-05-20T18:14:30.926Z</time>
			</trkpt>
			<trkpt lat="45.3526" lon="1.76467">
				<ele>384.66</ele>
				<time>2026-05-20T18:14:33.622Z</time>
			</trkpt>
			<trkpt lat="45.35252" lon="1.76473">
				<ele>385.29</ele>
				<time>2026-05-20T18:14:34.273Z</time>
			</trkpt>
			<trkpt lat="45.35247" lon="1.76485">
				<ele>385.09</ele>
				<time>2026-05-20T18:14:34.980Z</time>
			</trkpt>
			<trkpt lat="45.35248" lon="1.76498">
				<ele>383.49</ele>
				<time>2026-05-20T18:14:35.643Z</time>
			</trkpt>
			<trkpt lat="45.35254" lon="1.76511">
				<ele>381.57</ele>
				<time>2026-05-20T18:14:36.432Z</time>
			</trkpt>
			<trkpt lat="45.3528" lon="1.76549">
				<ele>372.21</ele>
				<time>2026-05-20T18:14:39.125Z</time>
			</trkpt>
			<trkpt lat="45.35296" lon="1.76587">
				<ele>371.21</ele>
				<time>2026-05-20T18:14:41.379Z</time>
			</trkpt>
			<trkpt lat="45.35301" lon="1.76613">
				<ele>373.31</ele>
				<time>2026-05-20T18:14:42.752Z</time>
			</trkpt>
			<trkpt lat="45.35308" lon="1.7669">
				<ele>370.35</ele>
				<time>2026-05-20T18:14:46.717Z</time>
			</trkpt>
			<trkpt lat="45.35308" lon="1.76708">
				<ele>368.46</ele>
				<time>2026-05-20T18:14:47.638Z</time>
			</trkpt>
			<trkpt lat="45.35302" lon="1.76739">
				<ele>365.63</ele>
				<time>2026-05-20T18:14:49.284Z</time>
			</trkpt>
			<trkpt lat="45.35288" lon="1.76761">
				<ele>364.22</ele>
				<time>2026-05-20T18:14:50.807Z</time>
			</trkpt>
			<trkpt lat="45.35282" lon="1.76766">
				<ele>364.12</ele>
				<time>2026-05-20T18:14:51.314Z</time>
			</trkpt>
			<trkpt lat="45.35273" lon="1.76769">
				<ele>364.26</ele>
				<time>2026-05-20T18:14:51.990Z</time>
			</trkpt>
			<trkpt lat="45.35196" lon="1.76749">
				<ele>367.35</ele>
				<time>2026-05-20T18:14:57.725Z</time>
			</trkpt>
			<trkpt lat="45.3518" lon="1.76749">
				<ele>366.08</ele>
				<time>2026-05-20T18:14:58.900Z</time>
			</trkpt>
			<trkpt lat="45.3513" lon="1.76755">
				<ele>367.03</ele>
				<time>2026-05-20T18:15:02.595Z</time>
			</trkpt>
			<trkpt lat="45.35116" lon="1.76759">
				<ele>368.44</ele>
				<time>2026-05-20T18:15:03.649Z</time>
			</trkpt>
			<trkpt lat="45.35104" lon="1.76772">
				<ele>368.31</ele>
				<time>2026-05-20T18:15:04.763Z</time>
			</trkpt>
			<trkpt lat="45.35097" lon="1.76787">
				<ele>368.1</ele>
				<time>2026-05-20T18:15:05.698Z</time>
			</trkpt>
			<trkpt lat="45.35086" lon="1.76865">
				<ele>358.47</ele>
				<time>2026-05-20T18:15:09.840Z</time>
			</trkpt>
			<trkpt lat="45.3508" lon="1.76888">
				<ele>354.38</ele>
				<time>2026-05-20T18:15:11.121Z</time>
			</trkpt>
			<trkpt lat="45.3506" lon="1.76955">
				<ele>346.1</ele>
				<time>2026-05-20T18:15:14.929Z</time>
			</trkpt>
			<trkpt lat="45.35048" lon="1.76986">
				<ele>343.75</ele>
				<time>2026-05-20T18:15:16.785Z</time>
			</trkpt>
			<trkpt lat="45.3504" lon="1.77002">
				<ele>342.35</ele>
				<time>2026-05-20T18:15:17.816Z</time>
			</trkpt>
			<trkpt lat="45.35029" lon="1.7701">
				<ele>343.16</ele>
				<time>2026-05-20T18:15:18.740Z</time>
			</trkpt>
			<trkpt lat="45.35017" lon="1.77015">
				<ele>342.91</ele>
				<time>2026-05-20T18:15:19.676Z</time>
			</trkpt>
			<trkpt lat="45.3498" lon="1.77008">
				<ele>344.78</ele>
				<time>2026-05-20T18:15:22.475Z</time>
			</trkpt>
			<trkpt lat="45.34969" lon="1.77008">
				<ele>345.14</ele>
				<time>2026-05-20T18:15:23.301Z</time>
			</trkpt>
			<trkpt lat="45.34961" lon="1.77013">
				<ele>345.77</ele>
				<time>2026-05-20T18:15:23.958Z</time>
			</trkpt>
			<trkpt lat="45.34955" lon="1.77023">
				<ele>345.85</ele>
				<time>2026-05-20T18:15:24.653Z</time>
			</trkpt>
			<trkpt lat="45.34955" lon="1.77032">
				<ele>345.29</ele>
				<time>2026-05-20T18:15:25.129Z</time>
			</trkpt>
			<trkpt lat="45.34959" lon="1.77044">
				<ele>343.25</ele>
				<time>2026-05-20T18:15:25.832Z</time>
			</trkpt>
			<trkpt lat="45.34969" lon="1.77063">
				<ele>338.84</ele>
				<time>2026-05-20T18:15:27.089Z</time>
			</trkpt>
			<trkpt lat="45.34975" lon="1.77085">
				<ele>335.02</ele>
				<time>2026-05-20T18:15:28.340Z</time>
			</trkpt>
			<trkpt lat="45.34973" lon="1.77102">
				<ele>333.61</ele>
				<time>2026-05-20T18:15:29.255Z</time>
			</trkpt>
			<trkpt lat="45.34967" lon="1.77115">
				<ele>333.45</ele>
				<time>2026-05-20T18:15:30.082Z</time>
			</trkpt>
			<trkpt lat="45.34956" lon="1.77126">
				<ele>334.12</ele>
				<time>2026-05-20T18:15:31.099Z</time>
			</trkpt>
			<trkpt lat="45.34933" lon="1.77144">
				<ele>336.14</ele>
				<time>2026-05-20T18:15:33.088Z</time>
			</trkpt>
			<trkpt lat="45.34914" lon="1.77153">
				<ele>338.34</ele>
				<time>2026-05-20T18:15:34.607Z</time>
			</trkpt>
			<trkpt lat="45.34899" lon="1.77164">
				<ele>339.9</ele>
				<time>2026-05-20T18:15:35.890Z</time>
			</trkpt>
			<trkpt lat="45.34893" lon="1.77172">
				<ele>340.45</ele>
				<time>2026-05-20T18:15:36.515Z</time>
			</trkpt>
			<trkpt lat="45.34889" lon="1.7718">
				<ele>340.3</ele>
				<time>2026-05-20T18:15:37.040Z</time>
			</trkpt>
			<trkpt lat="45.34889" lon="1.77193">
				<ele>338.91</ele>
				<time>2026-05-20T18:15:37.736Z</time>
			</trkpt>
			<trkpt lat="45.34908" lon="1.77255">
				<ele>335.93</ele>
				<time>2026-05-20T18:15:41.364Z</time>
			</trkpt>
			<trkpt lat="45.34908" lon="1.77278">
				<ele>336.95</ele>
				<time>2026-05-20T18:15:42.600Z</time>
			</trkpt>
			<trkpt lat="45.349" lon="1.77301">
				<ele>336.89</ele>
				<time>2026-05-20T18:15:43.982Z</time>
			</trkpt>
			<trkpt lat="45.34885" lon="1.77327">
				<ele>336.52</ele>
				<time>2026-05-20T18:15:45.795Z</time>
			</trkpt>
			<trkpt lat="45.34861" lon="1.77358">
				<ele>336.48</ele>
				<time>2026-05-20T18:15:48.287Z</time>
			</trkpt>
			<trkpt lat="45.34851" lon="1.77377">
				<ele>334.98</ele>
				<time>2026-05-20T18:15:49.572Z</time>
			</trkpt>
			<trkpt lat="45.34839" lon="1.77393">
				<ele>333.67</ele>
				<time>2026-05-20T18:15:50.840Z</time>
			</trkpt>
			<trkpt lat="45.34828" lon="1.77405">
				<ele>332.96</ele>
				<time>2026-05-20T18:15:51.910Z</time>
			</trkpt>
			<trkpt lat="45.34811" lon="1.77412">
				<ele>335.16</ele>
				<time>2026-05-20T18:15:53.278Z</time>
			</trkpt>
			<trkpt lat="45.3479" lon="1.77423">
				<ele>335.96</ele>
				<time>2026-05-20T18:15:55.011Z</time>
			</trkpt>
			<trkpt lat="45.34768" lon="1.77443">
				<ele>333.89</ele>
				<time>2026-05-20T18:15:57.036Z</time>
			</trkpt>
			<trkpt lat="45.34753" lon="1.77461">
				<ele>331.4</ele>
				<time>2026-05-20T18:15:58.561Z</time>
			</trkpt>
			<trkpt lat="45.34743" lon="1.77476">
				<ele>327.58</ele>
				<time>2026-05-20T18:15:59.692Z</time>
			</trkpt>
			<trkpt lat="45.34734" lon="1.77504">
				<ele>319.66</ele>
				<time>2026-05-20T18:16:01.378Z</time>
			</trkpt>
			<trkpt lat="45.34726" lon="1.77512">
				<ele>318.27</ele>
				<time>2026-05-20T18:16:02.141Z</time>
			</trkpt>
			<trkpt lat="45.34718" lon="1.77515">
				<ele>317.8</ele>
				<time>2026-05-20T18:16:02.787Z</time>
			</trkpt>
			<trkpt lat="45.34711" lon="1.77509">
				<ele>318.42</ele>
				<time>2026-05-20T18:16:03.426Z</time>
			</trkpt>
			<trkpt lat="45.34707" lon="1.77498">
				<ele>320.91</ele>
				<time>2026-05-20T18:16:04.106Z</time>
			</trkpt>
			<trkpt lat="45.34699" lon="1.77489">
				<ele>323.73</ele>
				<time>2026-05-20T18:16:04.904Z</time>
			</trkpt>
			<trkpt lat="45.34689" lon="1.77482">
				<ele>325.8</ele>
				<time>2026-05-20T18:16:05.777Z</time>
			</trkpt>
			<trkpt lat="45.34676" lon="1.7748">
				<ele>326.65</ele>
				<time>2026-05-20T18:16:06.802Z</time>
			</trkpt>
			<trkpt lat="45.3466" lon="1.77481">
				<ele>325.85</ele>
				<time>2026-05-20T18:16:08.059Z</time>
			</trkpt>
			<trkpt lat="45.34638" lon="1.77492">
				<ele>320.66</ele>
				<time>2026-05-20T18:16:09.892Z</time>
			</trkpt>
			<trkpt lat="45.34597" lon="1.77523">
				<ele>311.18</ele>
				<time>2026-05-20T18:16:13.552Z</time>
			</trkpt>
			<trkpt lat="45.34585" lon="1.77526">
				<ele>311.02</ele>
				<time>2026-05-20T18:16:14.515Z</time>
			</trkpt>
			<trkpt lat="45.34576" lon="1.77525">
				<ele>310.28</ele>
				<time>2026-05-20T18:16:15.229Z</time>
			</trkpt>
			<trkpt lat="45.34575" lon="1.77515">
				<ele>310.93</ele>
				<time>2026-05-20T18:16:15.791Z</time>
			</trkpt>
			<trkpt lat="45.34575" lon="1.77497">
				<ele>312.48</ele>
				<time>2026-05-20T18:16:16.793Z</time>
			</trkpt>
			<trkpt lat="45.34578" lon="1.77472">
				<ele>315.21</ele>
				<time>2026-05-20T18:16:18.207Z</time>
			</trkpt>
			<trkpt lat="45.34579" lon="1.77442">
				<ele>316.71</ele>
				<time>2026-05-20T18:16:19.884Z</time>
			</trkpt>
			<trkpt lat="45.34578" lon="1.77419">
				<ele>318.96</ele>
				<time>2026-05-20T18:16:21.172Z</time>
			</trkpt>
			<trkpt lat="45.34571" lon="1.77386">
				<ele>320.37</ele>
				<time>2026-05-20T18:16:23.103Z</time>
			</trkpt>
			<trkpt lat="45.34563" lon="1.77361">
				<ele>319.67</ele>
				<time>2026-05-20T18:16:24.645Z</time>
			</trkpt>
			<trkpt lat="45.34552" lon="1.77339">
				<ele>320.06</ele>
				<time>2026-05-20T18:16:26.162Z</time>
			</trkpt>
			<trkpt lat="45.34541" lon="1.77331">
				<ele>320.83</ele>
				<time>2026-05-20T18:16:27.152Z</time>
			</trkpt>
			<trkpt lat="45.3453" lon="1.77337">
				<ele>319.43</ele>
				<time>2026-05-20T18:16:28.096Z</time>
			</trkpt>
			<trkpt lat="45.34528" lon="1.77348">
				<ele>317.8</ele>
				<time>2026-05-20T18:16:28.737Z</time>
			</trkpt>
			<trkpt lat="45.34528" lon="1.77369">
				<ele>317.13</ele>
				<time>2026-05-20T18:16:29.922Z</time>
			</trkpt>
			<trkpt lat="45.34532" lon="1.77403">
				<ele>319.16</ele>
				<time>2026-05-20T18:16:31.872Z</time>
			</trkpt>
			<trkpt lat="45.34533" lon="1.77426">
				<ele>318.49</ele>
				<time>2026-05-20T18:16:33.177Z</time>
			</trkpt>
			<trkpt lat="45.34529" lon="1.77449">
				<ele>316.58</ele>
				<time>2026-05-20T18:16:34.521Z</time>
			</trkpt>
			<trkpt lat="45.34519" lon="1.77473">
				<ele>314.73</ele>
				<time>2026-05-20T18:16:36.106Z</time>
			</trkpt>
			<trkpt lat="45.34494" lon="1.77516">
				<ele>315.33</ele>
				<time>2026-05-20T18:16:39.284Z</time>
			</trkpt>
			<trkpt lat="45.3448" lon="1.77544">
				<ele>317.13</ele>
				<time>2026-05-20T18:16:41.247Z</time>
			</trkpt>
			<trkpt lat="45.34474" lon="1.77562">
				<ele>317.13</ele>
				<time>2026-05-20T18:16:42.387Z</time>
			</trkpt>
			<trkpt lat="45.34474" lon="1.77591">
				<ele>312.68</ele>
				<time>2026-05-20T18:16:44.049Z</time>
			</trkpt>
			<trkpt lat="45.34477" lon="1.77613">
				<ele>308.86</ele>
				<time>2026-05-20T18:16:45.335Z</time>
			</trkpt>
			<trkpt lat="45.34477" lon="1.77635">
				<ele>306.54</ele>
				<time>2026-05-20T18:16:46.599Z</time>
			</trkpt>
			<trkpt lat="45.34474" lon="1.77656">
				<ele>305.23</ele>
				<time>2026-05-20T18:16:47.833Z</time>
			</trkpt>
			<trkpt lat="45.34465" lon="1.77675">
				<ele>305.6</ele>
				<time>2026-05-20T18:16:49.153Z</time>
			</trkpt>
			<trkpt lat="45.34408" lon="1.77743">
				<ele>311.21</ele>
				<time>2026-05-20T18:16:55.278Z</time>
			</trkpt>
			<trkpt lat="45.34391" lon="1.77769">
				<ele>315.92</ele>
				<time>2026-05-20T18:16:57.342Z</time>
			</trkpt>
			<trkpt lat="45.34385" lon="1.77791">
				<ele>313.86</ele>
				<time>2026-05-20T18:16:58.716Z</time>
			</trkpt>
			<trkpt lat="45.34376" lon="1.7792">
				<ele>301.69</ele>
				<time>2026-05-20T18:17:06.304Z</time>
			</trkpt>
			<trkpt lat="45.3437" lon="1.77944">
				<ele>301.26</ele>
				<time>2026-05-20T18:17:07.803Z</time>
			</trkpt>
			<trkpt lat="45.34361" lon="1.77967">
				<ele>300.69</ele>
				<time>2026-05-20T18:17:09.354Z</time>
			</trkpt>
			<trkpt lat="45.34354" lon="1.77983">
				<ele>299.96</ele>
				<time>2026-05-20T18:17:10.466Z</time>
			</trkpt>
			<trkpt lat="45.34337" lon="1.78009">
				<ele>297.75</ele>
				<time>2026-05-20T18:17:12.566Z</time>
			</trkpt>
			<trkpt lat="45.34319" lon="1.78035">
				<ele>296.4</ele>
				<time>2026-05-20T18:17:14.728Z</time>
			</trkpt>
			<trkpt lat="45.34272" lon="1.78076">
				<ele>297.56</ele>
				<time>2026-05-20T18:17:19.395Z</time>
			</trkpt>
			<trkpt lat="45.3415" lon="1.78204">
				<ele>291.67</ele>
				<time>2026-05-20T18:17:32.353Z</time>
			</trkpt>
			<trkpt lat="45.3413" lon="1.78218">
				<ele>287.94</ele>
				<time>2026-05-20T18:17:34.274Z</time>
			</trkpt>
			<trkpt lat="45.34119" lon="1.78223">
				<ele>286.8</ele>
				<time>2026-05-20T18:17:35.271Z</time>
			</trkpt>
			<trkpt lat="45.34109" lon="1.78223">
				<ele>286.66</ele>
				<time>2026-05-20T18:17:36.136Z</time>
			</trkpt>
			<trkpt lat="45.34097" lon="1.78217">
				<ele>287.11</ele>
				<time>2026-05-20T18:17:37.236Z</time>
			</trkpt>
			<trkpt lat="45.34065" lon="1.78195">
				<ele>291.75</ele>
				<time>2026-05-20T18:17:40.319Z</time>
			</trkpt>
			<trkpt lat="45.34053" lon="1.78191">
				<ele>292.93</ele>
				<time>2026-05-20T18:17:41.391Z</time>
			</trkpt>
			<trkpt lat="45.34043" lon="1.78196">
				<ele>292.37</ele>
				<time>2026-05-20T18:17:42.313Z</time>
			</trkpt>
			<trkpt lat="45.34035" lon="1.78207">
				<ele>290.92</ele>
				<time>2026-05-20T18:17:43.283Z</time>
			</trkpt>
			<trkpt lat="45.34" lon="1.78285">
				<ele>293.92</ele>
				<time>2026-05-20T18:17:48.972Z</time>
			</trkpt>
			<trkpt lat="45.33993" lon="1.78306">
				<ele>294.7</ele>
				<time>2026-05-20T18:17:50.406Z</time>
			</trkpt>
			<trkpt lat="45.33993" lon="1.78327">
				<ele>292.83</ele>
				<time>2026-05-20T18:17:51.705Z</time>
			</trkpt>
			<trkpt lat="45.33996" lon="1.78349">
				<ele>290.93</ele>
				<time>2026-05-20T18:17:53.092Z</time>
			</trkpt>
			<trkpt lat="45.34026" lon="1.78469">
				<ele>280.64</ele>
				<time>2026-05-20T18:18:01.021Z</time>
			</trkpt>
			<trkpt lat="45.34029" lon="1.78494">
				<ele>280.51</ele>
				<time>2026-05-20T18:18:02.608Z</time>
			</trkpt>
			<trkpt lat="45.34029" lon="1.78507">
				<ele>280.69</ele>
				<time>2026-05-20T18:18:03.423Z</time>
			</trkpt>
			<trkpt lat="45.34026" lon="1.78523">
				<ele>281.63</ele>
				<time>2026-05-20T18:18:04.461Z</time>
			</trkpt>
			<trkpt lat="45.34019" lon="1.78536">
				<ele>283.91</ele>
				<time>2026-05-20T18:18:05.490Z</time>
			</trkpt>
			<trkpt lat="45.33982" lon="1.78576">
				<ele>291.16</ele>
				<time>2026-05-20T18:18:09.655Z</time>
			</trkpt>
			<trkpt lat="45.33967" lon="1.78595">
				<ele>290.46</ele>
				<time>2026-05-20T18:18:11.461Z</time>
			</trkpt>
			<trkpt lat="45.33919" lon="1.78688">
				<ele>280.67</ele>
				<time>2026-05-20T18:18:18.793Z</time>
			</trkpt>
			<trkpt lat="45.33909" lon="1.78696">
				<ele>280.85</ele>
				<time>2026-05-20T18:18:19.835Z</time>
			</trkpt>
			<trkpt lat="45.33885" lon="1.78696">
				<ele>285.01</ele>
				<time>2026-05-20T18:18:22.019Z</time>
			</trkpt>
			<trkpt lat="45.3387" lon="1.78703">
				<ele>284.92</ele>
				<time>2026-05-20T18:18:23.458Z</time>
			</trkpt>
			<trkpt lat="45.33858" lon="1.78715">
				<ele>283.78</ele>
				<time>2026-05-20T18:18:24.798Z</time>
			</trkpt>
			<trkpt lat="45.33838" lon="1.7874">
				<ele>284.75</ele>
				<time>2026-05-20T18:18:27.235Z</time>
			</trkpt>
			<trkpt lat="45.3383" lon="1.78756">
				<ele>285.08</ele>
				<time>2026-05-20T18:18:28.501Z</time>
			</trkpt>
			<trkpt lat="45.33823" lon="1.78827">
				<ele>281.37</ele>
				<time>2026-05-20T18:18:33.139Z</time>
			</trkpt>
			<trkpt lat="45.33819" lon="1.78855">
				<ele>279.71</ele>
				<time>2026-05-20T18:18:34.994Z</time>
			</trkpt>
			<trkpt lat="45.33802" lon="1.78909">
				<ele>274.78</ele>
				<time>2026-05-20T18:18:38.849Z</time>
			</trkpt>
			<trkpt lat="45.33801" lon="1.78916">
				<ele>273.14</ele>
				<time>2026-05-20T18:18:39.315Z</time>
			</trkpt>
			<trkpt lat="45.33813" lon="1.78919">
				<ele>270.24</ele>
				<time>2026-05-20T18:18:40.448Z</time>
			</trkpt>
			<trkpt lat="45.33829" lon="1.7893">
				<ele>268.17</ele>
				<time>2026-05-20T18:18:42.103Z</time>
			</trkpt>
			<trkpt lat="45.33836" lon="1.78942">
				<ele>266.64</ele>
				<time>2026-05-20T18:18:43.126Z</time>
			</trkpt>
			<trkpt lat="45.33839" lon="1.7896">
				<ele>264.17</ele>
				<time>2026-05-20T18:18:44.340Z</time>
			</trkpt>
			<trkpt lat="45.3384" lon="1.78976">
				<ele>261.73</ele>
				<time>2026-05-20T18:18:45.396Z</time>
			</trkpt>
			<trkpt lat="45.33835" lon="1.79009">
				<ele>258.2</ele>
				<time>2026-05-20T18:18:47.649Z</time>
			</trkpt>
			<trkpt lat="45.33818" lon="1.79054">
				<ele>257.58</ele>
				<time>2026-05-20T18:18:51.311Z</time>
			</trkpt>
			<trkpt lat="45.33797" lon="1.79101">
				<ele>262.25</ele>
				<time>2026-05-20T18:18:55.578Z</time>
			</trkpt>
			<trkpt lat="45.33778" lon="1.79155">
				<ele>263.52</ele>
				<time>2026-05-20T18:19:00.390Z</time>
			</trkpt>
			<trkpt lat="45.33776" lon="1.79167">
				<ele>262.44</ele>
				<time>2026-05-20T18:19:01.383Z</time>
			</trkpt>
			<trkpt lat="45.33777" lon="1.79177">
				<ele>262.39</ele>
				<time>2026-05-20T18:19:02.197Z</time>
			</trkpt>
			<trkpt lat="45.33786" lon="1.79189">
				<ele>262.47</ele>
				<time>2026-05-20T18:19:03.609Z</time>
			</trkpt>
			<trkpt lat="45.33796" lon="1.79198">
				<ele>262.61</ele>
				<time>2026-05-20T18:19:04.959Z</time>
			</trkpt>
			<trkpt lat="45.33812" lon="1.79211">
				<ele>265.94</ele>
				<time>2026-05-20T18:19:07.045Z</time>
			</trkpt>
			<trkpt lat="45.33825" lon="1.79216">
				<ele>270.46</ele>
				<time>2026-05-20T18:19:08.549Z</time>
			</trkpt>
			<trkpt lat="45.33825" lon="1.79221">
				<ele>271.37</ele>
				<time>2026-05-20T18:19:08.938Z</time>
			</trkpt>
			<trkpt lat="45.33808" lon="1.7926">
				<ele>266.31</ele>
				<time>2026-05-20T18:19:12.424Z</time>
			</trkpt>
			<trkpt lat="45.33782" lon="1.79309">
				<ele>261.67</ele>
				<time>2026-05-20T18:19:16.760Z</time>
			</trkpt>
			<trkpt lat="45.33781" lon="1.79325">
				<ele>260.35</ele>
				<time>2026-05-20T18:19:17.836Z</time>
			</trkpt>
			<trkpt lat="45.33787" lon="1.79338">
				<ele>260.62</ele>
				<time>2026-05-20T18:19:18.875Z</time>
			</trkpt>
			<trkpt lat="45.33826" lon="1.79375">
				<ele>266.02</ele>
				<time>2026-05-20T18:19:23.295Z</time>
			</trkpt>
			<trkpt lat="45.33839" lon="1.79395">
				<ele>268.04</ele>
				<time>2026-05-20T18:19:25.085Z</time>
			</trkpt>
			<trkpt lat="45.33851" lon="1.7942">
				<ele>270.08</ele>
				<time>2026-05-20T18:19:27.064Z</time>
			</trkpt>
			<trkpt lat="45.33884" lon="1.79507">
				<ele>271.82</ele>
				<time>2026-05-20T18:19:33.449Z</time>
			</trkpt>
			<trkpt lat="45.3389" lon="1.79533">
				<ele>271.12</ele>
				<time>2026-05-20T18:19:35.197Z</time>
			</trkpt>
			<trkpt lat="45.33896" lon="1.79592">
				<ele>270.73</ele>
				<time>2026-05-20T18:19:38.976Z</time>
			</trkpt>
			<trkpt lat="45.33903" lon="1.79633">
				<ele>272.74</ele>
				<time>2026-05-20T18:19:41.627Z</time>
			</trkpt>
			<trkpt lat="45.3394" lon="1.79753">
				<ele>276.95</ele>
				<time>2026-05-20T18:19:49.740Z</time>
			</trkpt>
			<trkpt lat="45.33972" lon="1.79818">
				<ele>274.38</ele>
				<time>2026-05-20T18:19:54.571Z</time>
			</trkpt>
			<trkpt lat="45.34054" lon="1.7994">
				<ele>271.75</ele>
				<time>2026-05-20T18:20:04.650Z</time>
			</trkpt>
			<trkpt lat="45.34066" lon="1.7997">
				<ele>269.15</ele>
				<time>2026-05-20T18:20:06.680Z</time>
			</trkpt>
			<trkpt lat="45.3407" lon="1.79994">
				<ele>267.81</ele>
				<time>2026-05-20T18:20:08.124Z</time>
			</trkpt>
			<trkpt lat="45.34071" lon="1.80012">
				<ele>266.97</ele>
				<time>2026-05-20T18:20:09.179Z</time>
			</trkpt>
			<trkpt lat="45.34069" lon="1.80029">
				<ele>265.96</ele>
				<time>2026-05-20T18:20:10.183Z</time>
			</trkpt>
			<trkpt lat="45.3406" lon="1.80051">
				<ele>262.49</ele>
				<time>2026-05-20T18:20:11.661Z</time>
			</trkpt>
			<trkpt lat="45.34048" lon="1.8007">
				<ele>262.58</ele>
				<time>2026-05-20T18:20:13.139Z</time>
			</trkpt>
			<trkpt lat="45.34033" lon="1.80092">
				<ele>265.59</ele>
				<time>2026-05-20T18:20:14.907Z</time>
			</trkpt>
			<trkpt lat="45.34029" lon="1.80102">
				<ele>267.43</ele>
				<time>2026-05-20T18:20:15.568Z</time>
			</trkpt>
			<trkpt lat="45.34028" lon="1.80112">
				<ele>269.17</ele>
				<time>2026-05-20T18:20:16.148Z</time>
			</trkpt>
			<trkpt lat="45.3403" lon="1.80126">
				<ele>271.66</ele>
				<time>2026-05-20T18:20:16.967Z</time>
			</trkpt>
			<trkpt lat="45.34039" lon="1.80151">
				<ele>274.56</ele>
				<time>2026-05-20T18:20:18.573Z</time>
			</trkpt>
			<trkpt lat="45.3407" lon="1.80207">
				<ele>278.14</ele>
				<time>2026-05-20T18:20:22.623Z</time>
			</trkpt>
			<trkpt lat="45.34165" lon="1.80337">
				<ele>280.21</ele>
				<time>2026-05-20T18:20:33.118Z</time>
			</trkpt>
			<trkpt lat="45.34202" lon="1.80423">
				<ele>285.83</ele>
				<time>2026-05-20T18:20:38.675Z</time>
			</trkpt>
			<trkpt lat="45.34227" lon="1.80465">
				<ele>286.35</ele>
				<time>2026-05-20T18:20:41.686Z</time>
			</trkpt>
			<trkpt lat="45.34258" lon="1.80546">
				<ele>289.32</ele>
				<time>2026-05-20T18:20:46.697Z</time>
			</trkpt>
			<trkpt lat="45.34308" lon="1.80614">
				<ele>281.24</ele>
				<time>2026-05-20T18:20:52.004Z</time>
			</trkpt>
			<trkpt lat="45.34316" lon="1.80629">
				<ele>279.48</ele>
				<time>2026-05-20T18:20:53.015Z</time>
			</trkpt>
			<trkpt lat="45.34327" lon="1.80675">
				<ele>278.92</ele>
				<time>2026-05-20T18:20:55.617Z</time>
			</trkpt>
			<trkpt lat="45.34327" lon="1.80689">
				<ele>280.76</ele>
				<time>2026-05-20T18:20:56.366Z</time>
			</trkpt>
			<trkpt lat="45.34321" lon="1.80704">
				<ele>284.51</ele>
				<time>2026-05-20T18:20:57.287Z</time>
			</trkpt>
			<trkpt lat="45.3429" lon="1.80745">
				<ele>294.21</ele>
				<time>2026-05-20T18:21:00.496Z</time>
			</trkpt>
			<trkpt lat="45.34274" lon="1.80777">
				<ele>297.18</ele>
				<time>2026-05-20T18:21:02.582Z</time>
			</trkpt>
			<trkpt lat="45.34271" lon="1.80796">
				<ele>298.79</ele>
				<time>2026-05-20T18:21:03.615Z</time>
			</trkpt>
			<trkpt lat="45.34277" lon="1.80806">
				<ele>298.28</ele>
				<time>2026-05-20T18:21:04.312Z</time>
			</trkpt>
			<trkpt lat="45.34287" lon="1.80809">
				<ele>298.74</ele>
				<time>2026-05-20T18:21:05.082Z</time>
			</trkpt>
			<trkpt lat="45.34322" lon="1.80792">
				<ele>292.26</ele>
				<time>2026-05-20T18:21:07.865Z</time>
			</trkpt>
			<trkpt lat="45.34362" lon="1.80781">
				<ele>289.39</ele>
				<time>2026-05-20T18:21:10.923Z</time>
			</trkpt>
			<trkpt lat="45.34376" lon="1.80786">
				<ele>290.34</ele>
				<time>2026-05-20T18:21:12.005Z</time>
			</trkpt>
			<trkpt lat="45.34387" lon="1.80799">
				<ele>292.84</ele>
				<time>2026-05-20T18:21:13.076Z</time>
			</trkpt>
			<trkpt lat="45.34394" lon="1.80816">
				<ele>294.76</ele>
				<time>2026-05-20T18:21:14.113Z</time>
			</trkpt>
			<trkpt lat="45.34395" lon="1.8085">
				<ele>298.94</ele>
				<time>2026-05-20T18:21:15.902Z</time>
			</trkpt>
			<trkpt lat="45.34386" lon="1.80898">
				<ele>306.41</ele>
				<time>2026-05-20T18:21:18.512Z</time>
			</trkpt>
			<trkpt lat="45.34385" lon="1.80919">
				<ele>308.73</ele>
				<time>2026-05-20T18:21:19.616Z</time>
			</trkpt>
			<trkpt lat="45.34389" lon="1.80944">
				<ele>309.82</ele>
				<time>2026-05-20T18:21:20.961Z</time>
			</trkpt>
			<trkpt lat="45.34397" lon="1.80955">
				<ele>306.75</ele>
				<time>2026-05-20T18:21:21.792Z</time>
			</trkpt>
			<trkpt lat="45.34407" lon="1.80956">
				<ele>302.87</ele>
				<time>2026-05-20T18:21:22.539Z</time>
			</trkpt>
			<trkpt lat="45.34428" lon="1.80963">
				<ele>296.92</ele>
				<time>2026-05-20T18:21:24.148Z</time>
			</trkpt>
			<trkpt lat="45.34437" lon="1.80975">
				<ele>295.89</ele>
				<time>2026-05-20T18:21:25.068Z</time>
			</trkpt>
			<trkpt lat="45.34443" lon="1.80994">
				<ele>298.79</ele>
				<time>2026-05-20T18:21:26.159Z</time>
			</trkpt>
			<trkpt lat="45.34448" lon="1.8104">
				<ele>307.62</ele>
				<time>2026-05-20T18:21:28.598Z</time>
			</trkpt>
			<trkpt lat="45.34455" lon="1.81078">
				<ele>309.64</ele>
				<time>2026-05-20T18:21:30.656Z</time>
			</trkpt>
			<trkpt lat="45.3446" lon="1.81094">
				<ele>307.13</ele>
				<time>2026-05-20T18:21:31.574Z</time>
			</trkpt>
			<trkpt lat="45.34469" lon="1.81107">
				<ele>303.91</ele>
				<time>2026-05-20T18:21:32.530Z</time>
			</trkpt>
			<trkpt lat="45.34477" lon="1.81125">
				<ele>302.3</ele>
				<time>2026-05-20T18:21:33.646Z</time>
			</trkpt>
			<trkpt lat="45.34479" lon="1.81142">
				<ele>302.97</ele>
				<time>2026-05-20T18:21:34.550Z</time>
			</trkpt>
			<trkpt lat="45.34477" lon="1.81179">
				<ele>308.16</ele>
				<time>2026-05-20T18:21:36.496Z</time>
			</trkpt>
			<trkpt lat="45.34481" lon="1.81199">
				<ele>309.24</ele>
				<time>2026-05-20T18:21:37.587Z</time>
			</trkpt>
			<trkpt lat="45.3454" lon="1.81259">
				<ele>305.66</ele>
				<time>2026-05-20T18:21:43.007Z</time>
			</trkpt>
			<trkpt lat="45.34551" lon="1.81291">
				<ele>309.55</ele>
				<time>2026-05-20T18:21:44.882Z</time>
			</trkpt>
			<trkpt lat="45.34554" lon="1.81315">
				<ele>312.74</ele>
				<time>2026-05-20T18:21:46.166Z</time>
			</trkpt>
			<trkpt lat="45.34548" lon="1.81391">
				<ele>314.57</ele>
				<time>2026-05-20T18:21:50.203Z</time>
			</trkpt>
			<trkpt lat="45.34554" lon="1.81415">
				<ele>317.02</ele>
				<time>2026-05-20T18:21:51.550Z</time>
			</trkpt>
			<trkpt lat="45.34569" lon="1.81433">
				<ele>318.67</ele>
				<time>2026-05-20T18:21:53.029Z</time>
			</trkpt>
			<trkpt lat="45.34594" lon="1.81444">
				<ele>317.01</ele>
				<time>2026-05-20T18:21:55.003Z</time>
			</trkpt>
			<trkpt lat="45.34613" lon="1.8146">
				<ele>316.23</ele>
				<time>2026-05-20T18:21:56.673Z</time>
			</trkpt>
			<trkpt lat="45.34627" lon="1.81477">
				<ele>315.93</ele>
				<time>2026-05-20T18:21:58.066Z</time>
			</trkpt>
			<trkpt lat="45.34635" lon="1.81494">
				<ele>317.39</ele>
				<time>2026-05-20T18:21:59.157Z</time>
			</trkpt>
			<trkpt lat="45.34654" lon="1.81568">
				<ele>320.14</ele>
				<time>2026-05-20T18:22:03.368Z</time>
			</trkpt>
			<trkpt lat="45.34655" lon="1.81593">
				<ele>319.85</ele>
				<time>2026-05-20T18:22:04.712Z</time>
			</trkpt>
			<trkpt lat="45.3465" lon="1.81616">
				<ele>320.16</ele>
				<time>2026-05-20T18:22:06.005Z</time>
			</trkpt>
			<trkpt lat="45.34632" lon="1.81667">
				<ele>320.01</ele>
				<time>2026-05-20T18:22:09.081Z</time>
			</trkpt>
			<trkpt lat="45.34627" lon="1.81688">
				<ele>319.58</ele>
				<time>2026-05-20T18:22:10.280Z</time>
			</trkpt>
			<trkpt lat="45.34629" lon="1.8171">
				<ele>319.38</ele>
				<time>2026-05-20T18:22:11.481Z</time>
			</trkpt>
			<trkpt lat="45.34644" lon="1.81729">
				<ele>321.3</ele>
				<time>2026-05-20T18:22:13.032Z</time>
			</trkpt>
			<trkpt lat="45.34657" lon="1.81738">
				<ele>323.41</ele>
				<time>2026-05-20T18:22:14.151Z</time>
			</trkpt>
			<trkpt lat="45.34672" lon="1.81741">
				<ele>324.5</ele>
				<time>2026-05-20T18:22:15.325Z</time>
			</trkpt>
			<trkpt lat="45.34694" lon="1.81737">
				<ele>324.12</ele>
				<time>2026-05-20T18:22:17.049Z</time>
			</trkpt>
			<trkpt lat="45.34723" lon="1.81736">
				<ele>325.05</ele>
				<time>2026-05-20T18:22:19.310Z</time>
			</trkpt>
			<trkpt lat="45.3474" lon="1.81743">
				<ele>324.71</ele>
				<time>2026-05-20T18:22:20.686Z</time>
			</trkpt>
			<trkpt lat="45.34764" lon="1.8176">
				<ele>325.18</ele>
				<time>2026-05-20T18:22:22.764Z</time>
			</trkpt>
			<trkpt lat="45.34786" lon="1.81792">
				<ele>327.06</ele>
				<time>2026-05-20T18:22:25.191Z</time>
			</trkpt>
			<trkpt lat="45.34824" lon="1.81858">
				<ele>334.12</ele>
				<time>2026-05-20T18:22:29.786Z</time>
			</trkpt>
			<trkpt lat="45.34832" lon="1.81893">
				<ele>339.07</ele>
				<time>2026-05-20T18:22:31.755Z</time>
			</trkpt>
			<trkpt lat="45.34833" lon="1.81915">
				<ele>342.56</ele>
				<time>2026-05-20T18:22:32.931Z</time>
			</trkpt>
			<trkpt lat="45.34839" lon="1.81932">
				<ele>344.02</ele>
				<time>2026-05-20T18:22:33.944Z</time>
			</trkpt>
			<trkpt lat="45.34872" lon="1.81968">
				<ele>341.16</ele>
				<time>2026-05-20T18:22:37.082Z</time>
			</trkpt>
			<trkpt lat="45.34882" lon="1.81999">
				<ele>343.2</ele>
				<time>2026-05-20T18:22:38.882Z</time>
			</trkpt>
			<trkpt lat="45.34939" lon="1.82113">
				<ele>344.18</ele>
				<time>2026-05-20T18:22:46.204Z</time>
			</trkpt>
			<trkpt lat="45.34961" lon="1.82186">
				<ele>346.56</ele>
				<time>2026-05-20T18:22:50.319Z</time>
			</trkpt>
			<trkpt lat="45.34974" lon="1.82252">
				<ele>348.47</ele>
				<time>2026-05-20T18:22:53.845Z</time>
			</trkpt>
			<trkpt lat="45.34982" lon="1.82281">
				<ele>346.41</ele>
				<time>2026-05-20T18:22:55.441Z</time>
			</trkpt>
			<trkpt lat="45.34991" lon="1.823">
				<ele>346.1</ele>
				<time>2026-05-20T18:22:56.612Z</time>
			</trkpt>
			<trkpt lat="45.3502" lon="1.82332">
				<ele>349.03</ele>
				<time>2026-05-20T18:22:59.271Z</time>
			</trkpt>
			<trkpt lat="45.35124" lon="1.82421">
				<ele>359.73</ele>
				<time>2026-05-20T18:23:07.984Z</time>
			</trkpt>
			<trkpt lat="45.35181" lon="1.8245">
				<ele>363.58</ele>
				<time>2026-05-20T18:23:12.285Z</time>
			</trkpt>
			<trkpt lat="45.35339" lon="1.82564">
				<ele>371.99</ele>
				<time>2026-05-20T18:23:24.716Z</time>
			</trkpt>
			<trkpt lat="45.35352" lon="1.82577">
				<ele>371.55</ele>
				<time>2026-05-20T18:23:25.820Z</time>
			</trkpt>
			<trkpt lat="45.35358" lon="1.82591">
				<ele>371.66</ele>
				<time>2026-05-20T18:23:26.620Z</time>
			</trkpt>
			<trkpt lat="45.35362" lon="1.82607">
				<ele>371.58</ele>
				<time>2026-05-20T18:23:27.448Z</time>
			</trkpt>
			<trkpt lat="45.35362" lon="1.8262">
				<ele>372.06</ele>
				<time>2026-05-20T18:23:28.081Z</time>
			</trkpt>
			<trkpt lat="45.35358" lon="1.82632">
				<ele>373.26</ele>
				<time>2026-05-20T18:23:28.727Z</time>
			</trkpt>
			<trkpt lat="45.35353" lon="1.82642">
				<ele>374.67</ele>
				<time>2026-05-20T18:23:29.323Z</time>
			</trkpt>
			<trkpt lat="45.35277" lon="1.82705">
				<ele>392.38</ele>
				<time>2026-05-20T18:23:35.381Z</time>
			</trkpt>
			<trkpt lat="45.35272" lon="1.82714">
				<ele>393.92</ele>
				<time>2026-05-20T18:23:35.934Z</time>
			</trkpt>
			<trkpt lat="45.35269" lon="1.82728">
				<ele>395.27</ele>
				<time>2026-05-20T18:23:36.639Z</time>
			</trkpt>
			<trkpt lat="45.35273" lon="1.82746">
				<ele>396.36</ele>
				<time>2026-05-20T18:23:37.548Z</time>
			</trkpt>
			<trkpt lat="45.35284" lon="1.82776">
				<ele>399.29</ele>
				<time>2026-05-20T18:23:39.174Z</time>
			</trkpt>
			<trkpt lat="45.35294" lon="1.82794">
				<ele>399.59</ele>
				<time>2026-05-20T18:23:40.275Z</time>
			</trkpt>
			<trkpt lat="45.35381" lon="1.82903">
				<ele>395.66</ele>
				<time>2026-05-20T18:23:48.152Z</time>
			</trkpt>
			<trkpt lat="45.35388" lon="1.82918">
				<ele>395.06</ele>
				<time>2026-05-20T18:23:49.008Z</time>
			</trkpt>
			<trkpt lat="45.3539" lon="1.82934">
				<ele>395.08</ele>
				<time>2026-05-20T18:23:49.780Z</time>
			</trkpt>
			<trkpt lat="45.35389" lon="1.82947">
				<ele>395.88</ele>
				<time>2026-05-20T18:23:50.401Z</time>
			</trkpt>
			<trkpt lat="45.35375" lon="1.83003">
				<ele>399.67</ele>
				<time>2026-05-20T18:23:53.218Z</time>
			</trkpt>
			<trkpt lat="45.35384" lon="1.8313">
				<ele>400.35</ele>
				<time>2026-05-20T18:23:59.245Z</time>
			</trkpt>
			<trkpt lat="45.35379" lon="1.83271">
				<ele>401.01</ele>
				<time>2026-05-20T18:24:05.880Z</time>
			</trkpt>
			<trkpt lat="45.35377" lon="1.83302">
				<ele>401.64</ele>
				<time>2026-05-20T18:24:07.339Z</time>
			</trkpt>
			<trkpt lat="45.35366" lon="1.83368">
				<ele>402.27</ele>
				<time>2026-05-20T18:24:10.514Z</time>
			</trkpt>
			<trkpt lat="45.35365" lon="1.83391">
				<ele>402.85</ele>
				<time>2026-05-20T18:24:11.592Z</time>
			</trkpt>
			<trkpt lat="45.35368" lon="1.83408">
				<ele>403.32</ele>
				<time>2026-05-20T18:24:12.411Z</time>
			</trkpt>
			<trkpt lat="45.35373" lon="1.83429">
				<ele>403.83</ele>
				<time>2026-05-20T18:24:13.446Z</time>
			</trkpt>
			<trkpt lat="45.35421" lon="1.83546">
				<ele>405.48</ele>
				<time>2026-05-20T18:24:19.764Z</time>
			</trkpt>
			<trkpt lat="45.35555" lon="1.83931">
				<ele>421.6</ele>
				<time>2026-05-20T18:24:39.734Z</time>
			</trkpt>
			<trkpt lat="45.35652" lon="1.84163">
				<ele>435.54</ele>
				<time>2026-05-20T18:24:52.288Z</time>
			</trkpt>
			<trkpt lat="45.35659" lon="1.84187">
				<ele>434.99</ele>
				<time>2026-05-20T18:24:53.499Z</time>
			</trkpt>
			<trkpt lat="45.35662" lon="1.84256">
				<ele>434.66</ele>
				<time>2026-05-20T18:24:56.722Z</time>
			</trkpt>
			<trkpt lat="45.35665" lon="1.84271">
				<ele>434.8</ele>
				<time>2026-05-20T18:24:57.450Z</time>
			</trkpt>
			<trkpt lat="45.35678" lon="1.84304">
				<ele>433.92</ele>
				<time>2026-05-20T18:24:59.217Z</time>
			</trkpt>
			<trkpt lat="45.35788" lon="1.84529">
				<ele>448.12</ele>
				<time>2026-05-20T18:25:12.069Z</time>
			</trkpt>
			<trkpt lat="45.35791" lon="1.84545">
				<ele>448.48</ele>
				<time>2026-05-20T18:25:12.849Z</time>
			</trkpt>
			<trkpt lat="45.35789" lon="1.84565">
				<ele>448.75</ele>
				<time>2026-05-20T18:25:13.802Z</time>
			</trkpt>
			<trkpt lat="45.35779" lon="1.84593">
				<ele>450.05</ele>
				<time>2026-05-20T18:25:15.283Z</time>
			</trkpt>
			<trkpt lat="45.35755" lon="1.84624">
				<ele>453.76</ele>
				<time>2026-05-20T18:25:17.463Z</time>
			</trkpt>
			<trkpt lat="45.35709" lon="1.84665">
				<ele>455.55</ele>
				<time>2026-05-20T18:25:21.122Z</time>
			</trkpt>
			<trkpt lat="45.35699" lon="1.8468">
				<ele>455.04</ele>
				<time>2026-05-20T18:25:22.104Z</time>
			</trkpt>
			<trkpt lat="45.35693" lon="1.84698">
				<ele>455.35</ele>
				<time>2026-05-20T18:25:23.051Z</time>
			</trkpt>
			<trkpt lat="45.35669" lon="1.84807">
				<ele>461.29</ele>
				<time>2026-05-20T18:25:28.495Z</time>
			</trkpt>
			<trkpt lat="45.35665" lon="1.8483">
				<ele>462.85</ele>
				<time>2026-05-20T18:25:29.629Z</time>
			</trkpt>
			<trkpt lat="45.35666" lon="1.84858">
				<ele>463.91</ele>
				<time>2026-05-20T18:25:30.971Z</time>
			</trkpt>
			<trkpt lat="45.35673" lon="1.84879">
				<ele>464.23</ele>
				<time>2026-05-20T18:25:32.086Z</time>
			</trkpt>
			<trkpt lat="45.35684" lon="1.84899">
				<ele>464.09</ele>
				<time>2026-05-20T18:25:33.306Z</time>
			</trkpt>
			<trkpt lat="45.35695" lon="1.84913">
				<ele>464.19</ele>
				<time>2026-05-20T18:25:34.315Z</time>
			</trkpt>
			<trkpt lat="45.35754" lon="1.84951">
				<ele>466.62</ele>
				<time>2026-05-20T18:25:38.761Z</time>
			</trkpt>
			<trkpt lat="45.35767" lon="1.84965">
				<ele>468.36</ele>
				<time>2026-05-20T18:25:39.884Z</time>
			</trkpt>
			<trkpt lat="45.35833" lon="1.85061">
				<ele>471.84</ele>
				<time>2026-05-20T18:25:46.415Z</time>
			</trkpt>
			<trkpt lat="45.35846" lon="1.85075">
				<ele>471.01</ele>
				<time>2026-05-20T18:25:47.549Z</time>
			</trkpt>
			<trkpt lat="45.35858" lon="1.85082">
				<ele>470.97</ele>
				<time>2026-05-20T18:25:48.453Z</time>
			</trkpt>
			<trkpt lat="45.35867" lon="1.85083">
				<ele>471.82</ele>
				<time>2026-05-20T18:25:49.082Z</time>
			</trkpt>
			<trkpt lat="45.35899" lon="1.85081">
				<ele>477.39</ele>
				<time>2026-05-20T18:25:51.320Z</time>
			</trkpt>
			<trkpt lat="45.3591" lon="1.85082">
				<ele>479.03</ele>
				<time>2026-05-20T18:25:52.092Z</time>
			</trkpt>
			<trkpt lat="45.35922" lon="1.85089">
				<ele>480.08</ele>
				<time>2026-05-20T18:25:53.001Z</time>
			</trkpt>
			<trkpt lat="45.35932" lon="1.85101">
				<ele>480.29</ele>
				<time>2026-05-20T18:25:53.919Z</time>
			</trkpt>
			<trkpt lat="45.35979" lon="1.85182">
				<ele>477.11</ele>
				<time>2026-05-20T18:25:59.124Z</time>
			</trkpt>
			<trkpt lat="45.36005" lon="1.85221">
				<ele>475.57</ele>
				<time>2026-05-20T18:26:01.804Z</time>
			</trkpt>
			<trkpt lat="45.36029" lon="1.85249">
				<ele>477.27</ele>
				<time>2026-05-20T18:26:04.014Z</time>
			</trkpt>
			<trkpt lat="45.36036" lon="1.85267">
				<ele>477.06</ele>
				<time>2026-05-20T18:26:05.045Z</time>
			</trkpt>
			<trkpt lat="45.36035" lon="1.85288">
				<ele>476.02</ele>
				<time>2026-05-20T18:26:06.103Z</time>
			</trkpt>
			<trkpt lat="45.36027" lon="1.85319">
				<ele>474.45</ele>
				<time>2026-05-20T18:26:07.766Z</time>
			</trkpt>
			<trkpt lat="45.36026" lon="1.85337">
				<ele>474.62</ele>
				<time>2026-05-20T18:26:08.677Z</time>
			</trkpt>
			<trkpt lat="45.36028" lon="1.85358">
				<ele>475.14</ele>
				<time>2026-05-20T18:26:09.748Z</time>
			</trkpt>
			<trkpt lat="45.36041" lon="1.85405">
				<ele>475.78</ele>
				<time>2026-05-20T18:26:12.309Z</time>
			</trkpt>
			<trkpt lat="45.36067" lon="1.85476">
				<ele>474.19</ele>
				<time>2026-05-20T18:26:16.390Z</time>
			</trkpt>
			<trkpt lat="45.36075" lon="1.85489">
				<ele>474.04</ele>
				<time>2026-05-20T18:26:17.275Z</time>
			</trkpt>
			<trkpt lat="45.36132" lon="1.85532">
				<ele>480.63</ele>
				<time>2026-05-20T18:26:21.998Z</time>
			</trkpt>
			<trkpt lat="45.36141" lon="1.85544">
				<ele>480.45</ele>
				<time>2026-05-20T18:26:22.905Z</time>
			</trkpt>
			<trkpt lat="45.36146" lon="1.85571">
				<ele>478.31</ele>
				<time>2026-05-20T18:26:24.352Z</time>
			</trkpt>
			<trkpt lat="45.36145" lon="1.85582">
				<ele>476.91</ele>
				<time>2026-05-20T18:26:24.928Z</time>
			</trkpt>
			<trkpt lat="45.36134" lon="1.85614">
				<ele>473.45</ele>
				<time>2026-05-20T18:26:26.781Z</time>
			</trkpt>
			<trkpt lat="45.3613" lon="1.85631">
				<ele>472.19</ele>
				<time>2026-05-20T18:26:27.715Z</time>
			</trkpt>
			<trkpt lat="45.3613" lon="1.85646">
				<ele>471.7</ele>
				<time>2026-05-20T18:26:28.499Z</time>
			</trkpt>
			<trkpt lat="45.36133" lon="1.85669">
				<ele>471.89</ele>
				<time>2026-05-20T18:26:29.723Z</time>
			</trkpt>
			<trkpt lat="45.36145" lon="1.85708">
				<ele>471.8</ele>
				<time>2026-05-20T18:26:31.958Z</time>
			</trkpt>
			<trkpt lat="45.36161" lon="1.85727">
				<ele>473.26</ele>
				<time>2026-05-20T18:26:33.520Z</time>
			</trkpt>
			<trkpt lat="45.36179" lon="1.85739">
				<ele>473.89</ele>
				<time>2026-05-20T18:26:35.015Z</time>
			</trkpt>
			<trkpt lat="45.36195" lon="1.85745">
				<ele>476.03</ele>
				<time>2026-05-20T18:26:36.262Z</time>
			</trkpt>
			<trkpt lat="45.36213" lon="1.85761">
				<ele>476.91</ele>
				<time>2026-05-20T18:26:37.866Z</time>
			</trkpt>
			<trkpt lat="45.36276" lon="1.85934">
				<ele>477.1</ele>
				<time>2026-05-20T18:26:48.335Z</time>
			</trkpt>
			<trkpt lat="45.36308" lon="1.86008">
				<ele>475.07</ele>
				<time>2026-05-20T18:26:53.074Z</time>
			</trkpt>
			<trkpt lat="45.36359" lon="1.86106">
				<ele>479.23</ele>
				<time>2026-05-20T18:26:59.801Z</time>
			</trkpt>
			<trkpt lat="45.36382" lon="1.86158">
				<ele>476.74</ele>
				<time>2026-05-20T18:27:03.225Z</time>
			</trkpt>
			<trkpt lat="45.36414" lon="1.86198">
				<ele>477.19</ele>
				<time>2026-05-20T18:27:06.627Z</time>
			</trkpt>
			<trkpt lat="45.36428" lon="1.86219">
				<ele>475.78</ele>
				<time>2026-05-20T18:27:08.260Z</time>
			</trkpt>
			<trkpt lat="45.36433" lon="1.8624">
				<ele>475.07</ele>
				<time>2026-05-20T18:27:09.514Z</time>
			</trkpt>
			<trkpt lat="45.36433" lon="1.86249">
				<ele>474.8</ele>
				<time>2026-05-20T18:27:10.024Z</time>
			</trkpt>
			<trkpt lat="45.36431" lon="1.86259">
				<ele>474.9</ele>
				<time>2026-05-20T18:27:10.614Z</time>
			</trkpt>
			<trkpt lat="45.36412" lon="1.86311">
				<ele>475.51</ele>
				<time>2026-05-20T18:27:13.954Z</time>
			</trkpt>
			<trkpt lat="45.36408" lon="1.8633">
				<ele>474.79</ele>
				<time>2026-05-20T18:27:15.089Z</time>
			</trkpt>
			<trkpt lat="45.36407" lon="1.86344">
				<ele>474.07</ele>
				<time>2026-05-20T18:27:15.896Z</time>
			</trkpt>
			<trkpt lat="45.36407" lon="1.86368">
				<ele>473.29</ele>
				<time>2026-05-20T18:27:17.276Z</time>
			</trkpt>
			<trkpt lat="45.36413" lon="1.86425">
				<ele>475.18</ele>
				<time>2026-05-20T18:27:20.606Z</time>
			</trkpt>
			<trkpt lat="45.36422" lon="1.86475">
				<ele>476.23</ele>
				<time>2026-05-20T18:27:23.608Z</time>
			</trkpt>
			<trkpt lat="45.3643" lon="1.86496">
				<ele>476.8</ele>
				<time>2026-05-20T18:27:25.003Z</time>
			</trkpt>
			<trkpt lat="45.3644" lon="1.86518">
				<ele>476.24</ele>
				<time>2026-05-20T18:27:26.539Z</time>
			</trkpt>
			<trkpt lat="45.36451" lon="1.86531">
				<ele>476.98</ele>
				<time>2026-05-20T18:27:27.735Z</time>
			</trkpt>
			<trkpt lat="45.36464" lon="1.86543">
				<ele>479.83</ele>
				<time>2026-05-20T18:27:29.035Z</time>
			</trkpt>
			<trkpt lat="45.36518" lon="1.86581">
				<ele>482.19</ele>
				<time>2026-05-20T18:27:34.121Z</time>
			</trkpt>
			<trkpt lat="45.36559" lon="1.86603">
				<ele>483.35</ele>
				<time>2026-05-20T18:27:37.856Z</time>
			</trkpt>
			<trkpt lat="45.36566" lon="1.86611">
				<ele>483.4</ele>
				<time>2026-05-20T18:27:38.625Z</time>
			</trkpt>
			<trkpt lat="45.36571" lon="1.86631">
				<ele>483.44</ele>
				<time>2026-05-20T18:27:39.905Z</time>
			</trkpt>
			<trkpt lat="45.36571" lon="1.8664">
				<ele>482.89</ele>
				<time>2026-05-20T18:27:40.449Z</time>
			</trkpt>
			<trkpt lat="45.36562" lon="1.86685">
				<ele>478.41</ele>
				<time>2026-05-20T18:27:43.286Z</time>
			</trkpt>
			<trkpt lat="45.36562" lon="1.86699">
				<ele>478.06</ele>
				<time>2026-05-20T18:27:44.138Z</time>
			</trkpt>
			<trkpt lat="45.36565" lon="1.86712">
				<ele>478.45</ele>
				<time>2026-05-20T18:27:44.972Z</time>
			</trkpt>
			<trkpt lat="45.36572" lon="1.86724">
				<ele>479.6</ele>
				<time>2026-05-20T18:27:45.925Z</time>
			</trkpt>
			<trkpt lat="45.36618" lon="1.86791">
				<ele>483.99</ele>
				<time>2026-05-20T18:27:51.690Z</time>
			</trkpt>
			<trkpt lat="45.36633" lon="1.8681">
				<ele>485.52</ele>
				<time>2026-05-20T18:27:53.463Z</time>
			</trkpt>
			<trkpt lat="45.36647" lon="1.86823">
				<ele>487.09</ele>
				<time>2026-05-20T18:27:54.944Z</time>
			</trkpt>
			<trkpt lat="45.36681" lon="1.8684">
				<ele>490.44</ele>
				<time>2026-05-20T18:27:58.152Z</time>
			</trkpt>
			<trkpt lat="45.36691" lon="1.86847">
				<ele>490.82</ele>
				<time>2026-05-20T18:27:59.149Z</time>
			</trkpt>
			<trkpt lat="45.36701" lon="1.86861">
				<ele>490.47</ele>
				<time>2026-05-20T18:28:00.407Z</time>
			</trkpt>
			<trkpt lat="45.36725" lon="1.86907">
				<ele>486.08</ele>
				<time>2026-05-20T18:28:04.034Z</time>
			</trkpt>
			<trkpt lat="45.36733" lon="1.86918">
				<ele>485.14</ele>
				<time>2026-05-20T18:28:05.042Z</time>
			</trkpt>
			<trkpt lat="45.36747" lon="1.86927">
				<ele>485.29</ele>
				<time>2026-05-20T18:28:06.437Z</time>
			</trkpt>
			<trkpt lat="45.36783" lon="1.86938">
				<ele>488.21</ele>
				<time>2026-05-20T18:28:09.797Z</time>
			</trkpt>
			<trkpt lat="45.36829" lon="1.86945">
				<ele>492.32</ele>
				<time>2026-05-20T18:28:14.052Z</time>
			</trkpt>
			<trkpt lat="45.36849" lon="1.86941">
				<ele>494.22</ele>
				<time>2026-05-20T18:28:15.922Z</time>
			</trkpt>
			<trkpt lat="45.36889" lon="1.86925">
				<ele>497.05</ele>
				<time>2026-05-20T18:28:19.793Z</time>
			</trkpt>
			<trkpt lat="45.36903" lon="1.86925">
				<ele>494.79</ele>
				<time>2026-05-20T18:28:21.104Z</time>
			</trkpt>
			<trkpt lat="45.36911" lon="1.86927">
				<ele>492.9</ele>
				<time>2026-05-20T18:28:21.867Z</time>
			</trkpt>
			<trkpt lat="45.36917" lon="1.86933">
				<ele>490.96</ele>
				<time>2026-05-20T18:28:22.556Z</time>
			</trkpt>
			<trkpt lat="45.3692" lon="1.86943">
				<ele>488.94</ele>
				<time>2026-05-20T18:28:23.275Z</time>
			</trkpt>
			<trkpt lat="45.3692" lon="1.86957">
				<ele>487.91</ele>
				<time>2026-05-20T18:28:24.203Z</time>
			</trkpt>
			<trkpt lat="45.36914" lon="1.86975">
				<ele>487.32</ele>
				<time>2026-05-20T18:28:25.526Z</time>
			</trkpt>
			<trkpt lat="45.36902" lon="1.86993">
				<ele>487.72</ele>
				<time>2026-05-20T18:28:27.180Z</time>
			</trkpt>
			<trkpt lat="45.36874" lon="1.87025">
				<ele>485.57</ele>
				<time>2026-05-20T18:28:30.603Z</time>
			</trkpt>
			<trkpt lat="45.36858" lon="1.87047">
				<ele>483.08</ele>
				<time>2026-05-20T18:28:32.736Z</time>
			</trkpt>
			<trkpt lat="45.36849" lon="1.87064">
				<ele>480.33</ele>
				<time>2026-05-20T18:28:34.176Z</time>
			</trkpt>
			<trkpt lat="45.36838" lon="1.87083">
				<ele>478</ele>
				<time>2026-05-20T18:28:35.846Z</time>
			</trkpt>
			<trkpt lat="45.36822" lon="1.87117">
				<ele>476.17</ele>
				<time>2026-05-20T18:28:38.635Z</time>
			</trkpt>
			<trkpt lat="45.36815" lon="1.87138">
				<ele>476.35</ele>
				<time>2026-05-20T18:28:40.227Z</time>
			</trkpt>
			<trkpt lat="45.36813" lon="1.87156">
				<ele>476.75</ele>
				<time>2026-05-20T18:28:41.478Z</time>
			</trkpt>
			<trkpt lat="45.36817" lon="1.8718">
				<ele>476.79</ele>
				<time>2026-05-20T18:28:43.177Z</time>
			</trkpt>
			<trkpt lat="45.36822" lon="1.87191">
				<ele>476.46</ele>
				<time>2026-05-20T18:28:44.082Z</time>
			</trkpt>
			<trkpt lat="45.36834" lon="1.87201">
				<ele>475.7</ele>
				<time>2026-05-20T18:28:45.453Z</time>
			</trkpt>
			<trkpt lat="45.36844" lon="1.87202">
				<ele>474.95</ele>
				<time>2026-05-20T18:28:46.443Z</time>
			</trkpt>
			<trkpt lat="45.36881" lon="1.87195">
				<ele>474.88</ele>
				<time>2026-05-20T18:28:50.148Z</time>
			</trkpt>
			<trkpt lat="45.36893" lon="1.87197">
				<ele>474.96</ele>
				<time>2026-05-20T18:28:51.353Z</time>
			</trkpt>
			<trkpt lat="45.36903" lon="1.87204">
				<ele>474.79</ele>
				<time>2026-05-20T18:28:52.467Z</time>
			</trkpt>
			<trkpt lat="45.36926" lon="1.87235">
				<ele>471.79</ele>
				<time>2026-05-20T18:28:55.649Z</time>
			</trkpt>
			<trkpt lat="45.36964" lon="1.87294">
				<ele>470.04</ele>
				<time>2026-05-20T18:29:01.348Z</time>
			</trkpt>
			<trkpt lat="45.36968" lon="1.87303">
				<ele>469.7</ele>
				<time>2026-05-20T18:29:02.112Z</time>
			</trkpt>
			<trkpt lat="45.36968" lon="1.87311">
				<ele>468.78</ele>
				<time>2026-05-20T18:29:02.686Z</time>
			</trkpt>
			<trkpt lat="45.36994" lon="1.87334">
				<ele>469.44</ele>
				<time>2026-05-20T18:29:05.825Z</time>
			</trkpt>
			<trkpt lat="45.37001" lon="1.87337">
				<ele>469.48</ele>
				<time>2026-05-20T18:29:06.578Z</time>
			</trkpt>
			<trkpt lat="45.37091" lon="1.87358">
				<ele>467.82</ele>
				<time>2026-05-20T18:29:16.232Z</time>
			</trkpt>
			<trkpt lat="45.37129" lon="1.87369">
				<ele>467.88</ele>
				<time>2026-05-20T18:29:21.047Z</time>
			</trkpt>
			<trkpt lat="45.37143" lon="1.87382">
				<ele>468.32</ele>
				<time>2026-05-20T18:29:23.271Z</time>
			</trkpt>
			<trkpt lat="45.3718" lon="1.87423">
				<ele>472.28</ele>
				<time>2026-05-20T18:29:29.830Z</time>
			</trkpt>
			<trkpt lat="45.37213" lon="1.87453">
				<ele>475.47</ele>
				<time>2026-05-20T18:29:35.498Z</time>
			</trkpt>
			<trkpt lat="45.37227" lon="1.87455">
				<ele>476.46</ele>
				<time>2026-05-20T18:29:37.539Z</time>
			</trkpt>
			<trkpt lat="45.37271" lon="1.8744">
				<ele>480.51</ele>
				<time>2026-05-20T18:29:43.985Z</time>
			</trkpt>
			<trkpt lat="45.3727" lon="1.87477">
				<ele>479.14</ele>
				<time>2026-05-20T18:29:47.530Z</time>
			</trkpt>
			<trkpt lat="45.37273" lon="1.87493">
				<ele>478.24</ele>
				<time>2026-05-20T18:29:49.060Z</time>
			</trkpt>
			<trkpt lat="45.37279" lon="1.87513">
				<ele>477.63</ele>
				<time>2026-05-20T18:29:51.005Z</time>
			</trkpt>
			<trkpt lat="45.37285" lon="1.87527">
				<ele>477.6</ele>
				<time>2026-05-20T18:29:52.417Z</time>
			</trkpt>
			<trkpt lat="45.37336" lon="1.87628">
				<ele>469.62</ele>
				<time>2026-05-20T18:30:01.753Z</time>
			</trkpt>
			<trkpt lat="45.37344" lon="1.87635">
				<ele>469.93</ele>
				<time>2026-05-20T18:30:02.706Z</time>
			</trkpt>
			<trkpt lat="45.37368" lon="1.87649">
				<ele>471.82</ele>
				<time>2026-05-20T18:30:05.321Z</time>
			</trkpt>
			<trkpt lat="45.37376" lon="1.87659">
				<ele>471.25</ele>
				<time>2026-05-20T18:30:06.387Z</time>
			</trkpt>
			<trkpt lat="45.37379" lon="1.87668">
				<ele>470.02</ele>
				<time>2026-05-20T18:30:07.085Z</time>
			</trkpt>
			<trkpt lat="45.3738" lon="1.87683">
				<ele>467.8</ele>
				<time>2026-05-20T18:30:08.138Z</time>
			</trkpt>
			<trkpt lat="45.37377" lon="1.87698">
				<ele>465.7</ele>
				<time>2026-05-20T18:30:09.224Z</time>
			</trkpt>
			<trkpt lat="45.37373" lon="1.87709">
				<ele>465.08</ele>
				<time>2026-05-20T18:30:10.084Z</time>
			</trkpt>
			<trkpt lat="45.37368" lon="1.87715">
				<ele>464.55</ele>
				<time>2026-05-20T18:30:10.728Z</time>
			</trkpt>
			<trkpt lat="45.37357" lon="1.87722">
				<ele>463.77</ele>
				<time>2026-05-20T18:30:11.910Z</time>
			</trkpt>
			<trkpt lat="45.37346" lon="1.87732">
				<ele>463.47</ele>
				<time>2026-05-20T18:30:13.185Z</time>
			</trkpt>
			<trkpt lat="45.37342" lon="1.87738">
				<ele>463.61</ele>
				<time>2026-05-20T18:30:13.751Z</time>
			</trkpt>
			<trkpt lat="45.37282" lon="1.87874">
				<ele>469.91</ele>
				<time>2026-05-20T18:30:24.507Z</time>
			</trkpt>
			<trkpt lat="45.37274" lon="1.87898">
				<ele>469.3</ele>
				<time>2026-05-20T18:30:26.245Z</time>
			</trkpt>
			<trkpt lat="45.3727" lon="1.87912">
				<ele>468.23</ele>
				<time>2026-05-20T18:30:27.229Z</time>
			</trkpt>
			<trkpt lat="45.3727" lon="1.87926">
				<ele>466.88</ele>
				<time>2026-05-20T18:30:28.137Z</time>
			</trkpt>
			<trkpt lat="45.37272" lon="1.87937">
				<ele>465.99</ele>
				<time>2026-05-20T18:30:28.871Z</time>
			</trkpt>
			<trkpt lat="45.3728" lon="1.87953">
				<ele>465.39</ele>
				<time>2026-05-20T18:30:30.137Z</time>
			</trkpt>
			<trkpt lat="45.37288" lon="1.87959">
				<ele>466.64</ele>
				<time>2026-05-20T18:30:30.963Z</time>
			</trkpt>
			<trkpt lat="45.37312" lon="1.87969">
				<ele>472.35</ele>
				<time>2026-05-20T18:30:33.233Z</time>
			</trkpt>
			<trkpt lat="45.37323" lon="1.87979">
				<ele>472.7</ele>
				<time>2026-05-20T18:30:34.411Z</time>
			</trkpt>
			<trkpt lat="45.37378" lon="1.88052">
				<ele>473.44</ele>
				<time>2026-05-20T18:30:41.095Z</time>
			</trkpt>
			<trkpt lat="45.37385" lon="1.88063">
				<ele>475.79</ele>
				<time>2026-05-20T18:30:42.008Z</time>
			</trkpt>
			<trkpt lat="45.3739" lon="1.88076">
				<ele>477.04</ele>
				<time>2026-05-20T18:30:42.917Z</time>
			</trkpt>
			<trkpt lat="45.374" lon="1.88122">
				<ele>476.12</ele>
				<time>2026-05-20T18:30:45.850Z</time>
			</trkpt>
			<trkpt lat="45.37409" lon="1.88147">
				<ele>477.45</ele>
				<time>2026-05-20T18:30:47.545Z</time>
			</trkpt>
			<trkpt lat="45.37414" lon="1.88158">
				<ele>479.29</ele>
				<time>2026-05-20T18:30:48.333Z</time>
			</trkpt>
			<trkpt lat="45.37417" lon="1.88173">
				<ele>480.83</ele>
				<time>2026-05-20T18:30:49.267Z</time>
			</trkpt>
			<trkpt lat="45.37413" lon="1.88188">
				<ele>481.29</ele>
				<time>2026-05-20T18:30:50.224Z</time>
			</trkpt>
			<trkpt lat="45.37384" lon="1.88216">
				<ele>477</ele>
				<time>2026-05-20T18:30:53.179Z</time>
			</trkpt>
			<trkpt lat="45.37377" lon="1.88228">
				<ele>476.67</ele>
				<time>2026-05-20T18:30:54.096Z</time>
			</trkpt>
			<trkpt lat="45.3737" lon="1.88248">
				<ele>477.26</ele>
				<time>2026-05-20T18:30:55.405Z</time>
			</trkpt>
			<trkpt lat="45.37364" lon="1.88279">
				<ele>479.58</ele>
				<time>2026-05-20T18:30:57.277Z</time>
			</trkpt>
			<trkpt lat="45.37355" lon="1.88313">
				<ele>479.68</ele>
				<time>2026-05-20T18:30:59.377Z</time>
			</trkpt>
			<trkpt lat="45.3733" lon="1.88368">
				<ele>477.29</ele>
				<time>2026-05-20T18:31:03.122Z</time>
			</trkpt>
			<trkpt lat="45.373" lon="1.88442">
				<ele>477.14</ele>
				<time>2026-05-20T18:31:07.931Z</time>
			</trkpt>
			<trkpt lat="45.37283" lon="1.88494">
				<ele>473.41</ele>
				<time>2026-05-20T18:31:11.113Z</time>
			</trkpt>
			<trkpt lat="45.3728" lon="1.88509">
				<ele>472.7</ele>
				<time>2026-05-20T18:31:11.972Z</time>
			</trkpt>
			<trkpt lat="45.37281" lon="1.88519">
				<ele>472.78</ele>
				<time>2026-05-20T18:31:12.527Z</time>
			</trkpt>
			<trkpt lat="45.37284" lon="1.88528">
				<ele>473.35</ele>
				<time>2026-05-20T18:31:13.073Z</time>
			</trkpt>
			<trkpt lat="45.3729" lon="1.88535">
				<ele>474.05</ele>
				<time>2026-05-20T18:31:13.677Z</time>
			</trkpt>
			<trkpt lat="45.37357" lon="1.88552">
				<ele>483.27</ele>
				<time>2026-05-20T18:31:18.925Z</time>
			</trkpt>
			<trkpt lat="45.37416" lon="1.88576">
				<ele>485.69</ele>
				<time>2026-05-20T18:31:23.577Z</time>
			</trkpt>
			<trkpt lat="45.37491" lon="1.88589">
				<ele>487.99</ele>
				<time>2026-05-20T18:31:29.210Z</time>
			</trkpt>
			<trkpt lat="45.37512" lon="1.88599">
				<ele>485.67</ele>
				<time>2026-05-20T18:31:30.841Z</time>
			</trkpt>
			<trkpt lat="45.37524" lon="1.88611">
				<ele>482.7</ele>
				<time>2026-05-20T18:31:31.917Z</time>
			</trkpt>
			<trkpt lat="45.37548" lon="1.88652">
				<ele>477.88</ele>
				<time>2026-05-20T18:31:34.652Z</time>
			</trkpt>
			<trkpt lat="45.37557" lon="1.88673">
				<ele>475.77</ele>
				<time>2026-05-20T18:31:35.906Z</time>
			</trkpt>
			<trkpt lat="45.37559" lon="1.88683">
				<ele>475.2</ele>
				<time>2026-05-20T18:31:36.434Z</time>
			</trkpt>
			<trkpt lat="45.37562" lon="1.88735">
				<ele>471.6</ele>
				<time>2026-05-20T18:31:39.073Z</time>
			</trkpt>
			<trkpt lat="45.37566" lon="1.88749">
				<ele>471.55</ele>
				<time>2026-05-20T18:31:39.834Z</time>
			</trkpt>
			<trkpt lat="45.37575" lon="1.88769">
				<ele>471.48</ele>
				<time>2026-05-20T18:31:41.026Z</time>
			</trkpt>
			<trkpt lat="45.37587" lon="1.88791">
				<ele>472.65</ele>
				<time>2026-05-20T18:31:42.419Z</time>
			</trkpt>
			<trkpt lat="45.37646" lon="1.88869">
				<ele>483.27</ele>
				<time>2026-05-20T18:31:48.100Z</time>
			</trkpt>
			<trkpt lat="45.37668" lon="1.88902">
				<ele>485.29</ele>
				<time>2026-05-20T18:31:50.333Z</time>
			</trkpt>
			<trkpt lat="45.37673" lon="1.88925">
				<ele>483.26</ele>
				<time>2026-05-20T18:31:51.510Z</time>
			</trkpt>
			<trkpt lat="45.37683" lon="1.89005">
				<ele>478.82</ele>
				<time>2026-05-20T18:31:55.459Z</time>
			</trkpt>
			<trkpt lat="45.37681" lon="1.89019">
				<ele>478.25</ele>
				<time>2026-05-20T18:31:56.150Z</time>
			</trkpt>
			<trkpt lat="45.37655" lon="1.89052">
				<ele>477.28</ele>
				<time>2026-05-20T18:31:58.541Z</time>
			</trkpt>
			<trkpt lat="45.37648" lon="1.89064">
				<ele>477.6</ele>
				<time>2026-05-20T18:31:59.290Z</time>
			</trkpt>
			<trkpt lat="45.37646" lon="1.89074">
				<ele>477.51</ele>
				<time>2026-05-20T18:31:59.789Z</time>
			</trkpt>
			<trkpt lat="45.37647" lon="1.89101">
				<ele>477.94</ele>
				<time>2026-05-20T18:32:01.085Z</time>
			</trkpt>
			<trkpt lat="45.37657" lon="1.89142">
				<ele>480.59</ele>
				<time>2026-05-20T18:32:03.160Z</time>
			</trkpt>
			<trkpt lat="45.37662" lon="1.89156">
				<ele>482.73</ele>
				<time>2026-05-20T18:32:03.909Z</time>
			</trkpt>
			<trkpt lat="45.37672" lon="1.89168">
				<ele>483.82</ele>
				<time>2026-05-20T18:32:04.795Z</time>
			</trkpt>
			<trkpt lat="45.3769" lon="1.89178">
				<ele>484.58</ele>
				<time>2026-05-20T18:32:06.103Z</time>
			</trkpt>
			<trkpt lat="45.37751" lon="1.89191">
				<ele>491.09</ele>
				<time>2026-05-20T18:32:10.261Z</time>
			</trkpt>
			<trkpt lat="45.37787" lon="1.89193">
				<ele>493.5</ele>
				<time>2026-05-20T18:32:12.680Z</time>
			</trkpt>
			<trkpt lat="45.378" lon="1.89185">
				<ele>492.01</ele>
				<time>2026-05-20T18:32:13.629Z</time>
			</trkpt>
			<trkpt lat="45.37831" lon="1.89156">
				<ele>486.95</ele>
				<time>2026-05-20T18:32:16.111Z</time>
			</trkpt>
			<trkpt lat="45.37854" lon="1.89148">
				<ele>487.54</ele>
				<time>2026-05-20T18:32:17.692Z</time>
			</trkpt>
			<trkpt lat="45.37905" lon="1.89143">
				<ele>491.29</ele>
				<time>2026-05-20T18:32:21.100Z</time>
			</trkpt>
			<trkpt lat="45.37951" lon="1.89129">
				<ele>490.31</ele>
				<time>2026-05-20T18:32:24.232Z</time>
			</trkpt>
			<trkpt lat="45.37961" lon="1.89129">
				<ele>490.02</ele>
				<time>2026-05-20T18:32:24.897Z</time>
			</trkpt>
			<trkpt lat="45.3797" lon="1.89134">
				<ele>490.38</ele>
				<time>2026-05-20T18:32:25.539Z</time>
			</trkpt>
			<trkpt lat="45.37982" lon="1.89157">
				<ele>493.47</ele>
				<time>2026-05-20T18:32:26.877Z</time>
			</trkpt>
			<trkpt lat="45.37984" lon="1.89172">
				<ele>496.25</ele>
				<time>2026-05-20T18:32:27.590Z</time>
			</trkpt>
			<trkpt lat="45.37985" lon="1.89292">
				<ele>506.14</ele>
				<time>2026-05-20T18:32:33.196Z</time>
			</trkpt>
			<trkpt lat="45.37991" lon="1.89374">
				<ele>505.29</ele>
				<time>2026-05-20T18:32:37.051Z</time>
			</trkpt>
			<trkpt lat="45.37989" lon="1.89398">
				<ele>505.01</ele>
				<time>2026-05-20T18:32:38.183Z</time>
			</trkpt>
			<trkpt lat="45.37982" lon="1.89419">
				<ele>505.27</ele>
				<time>2026-05-20T18:32:39.272Z</time>
			</trkpt>
			<trkpt lat="45.37974" lon="1.89434">
				<ele>505.87</ele>
				<time>2026-05-20T18:32:40.156Z</time>
			</trkpt>
			<trkpt lat="45.3795" lon="1.89458">
				<ele>508.18</ele>
				<time>2026-05-20T18:32:42.116Z</time>
			</trkpt>
			<trkpt lat="45.37919" lon="1.89482">
				<ele>512.08</ele>
				<time>2026-05-20T18:32:44.479Z</time>
			</trkpt>
			<trkpt lat="45.379" lon="1.89499">
				<ele>512.98</ele>
				<time>2026-05-20T18:32:45.985Z</time>
			</trkpt>
			<trkpt lat="45.37891" lon="1.8951">
				<ele>513.33</ele>
				<time>2026-05-20T18:32:46.782Z</time>
			</trkpt>
			<trkpt lat="45.37887" lon="1.89519">
				<ele>513.85</ele>
				<time>2026-05-20T18:32:47.285Z</time>
			</trkpt>
			<trkpt lat="45.37876" lon="1.89552">
				<ele>517.91</ele>
				<time>2026-05-20T18:32:49.013Z</time>
			</trkpt>
			<trkpt lat="45.37866" lon="1.89587">
				<ele>521.22</ele>
				<time>2026-05-20T18:32:50.804Z</time>
			</trkpt>
			<trkpt lat="45.3785" lon="1.89632">
				<ele>524.04</ele>
				<time>2026-05-20T18:32:53.203Z</time>
			</trkpt>
			<trkpt lat="45.37845" lon="1.89662">
				<ele>526.7</ele>
				<time>2026-05-20T18:32:54.674Z</time>
			</trkpt>
			<trkpt lat="45.37847" lon="1.8969">
				<ele>528.4</ele>
				<time>2026-05-20T18:32:56.020Z</time>
			</trkpt>
			<trkpt lat="45.37851" lon="1.89705">
				<ele>529.01</ele>
				<time>2026-05-20T18:32:56.788Z</time>
			</trkpt>
			<trkpt lat="45.37857" lon="1.8972">
				<ele>530.05</ele>
				<time>2026-05-20T18:32:57.616Z</time>
			</trkpt>
			<trkpt lat="45.37878" lon="1.89739">
				<ele>528.72</ele>
				<time>2026-05-20T18:32:59.320Z</time>
			</trkpt>
			<trkpt lat="45.37933" lon="1.89783">
				<ele>528.23</ele>
				<time>2026-05-20T18:33:03.665Z</time>
			</trkpt>
			<trkpt lat="45.37947" lon="1.89801">
				<ele>530.82</ele>
				<time>2026-05-20T18:33:04.972Z</time>
			</trkpt>
			<trkpt lat="45.37977" lon="1.89867">
				<ele>536.37</ele>
				<time>2026-05-20T18:33:08.821Z</time>
			</trkpt>
			<trkpt lat="45.37979" lon="1.89881">
				<ele>536.62</ele>
				<time>2026-05-20T18:33:09.524Z</time>
			</trkpt>
			<trkpt lat="45.37978" lon="1.89895">
				<ele>536.96</ele>
				<time>2026-05-20T18:33:10.218Z</time>
			</trkpt>
			<trkpt lat="45.37972" lon="1.89902">
				<ele>537.98</ele>
				<time>2026-05-20T18:33:10.763Z</time>
			</trkpt>
			<trkpt lat="45.37964" lon="1.89906">
				<ele>537.7</ele>
				<time>2026-05-20T18:33:11.360Z</time>
			</trkpt>
			<trkpt lat="45.37918" lon="1.89894">
				<ele>537.85</ele>
				<time>2026-05-20T18:33:14.669Z</time>
			</trkpt>
			<trkpt lat="45.37897" lon="1.89895">
				<ele>538.26</ele>
				<time>2026-05-20T18:33:16.165Z</time>
			</trkpt>
			<trkpt lat="45.37866" lon="1.89902">
				<ele>538.8</ele>
				<time>2026-05-20T18:33:18.412Z</time>
			</trkpt>
			<trkpt lat="45.37852" lon="1.89901">
				<ele>539.49</ele>
				<time>2026-05-20T18:33:19.420Z</time>
			</trkpt>
			<trkpt lat="45.37825" lon="1.89893">
				<ele>541.67</ele>
				<time>2026-05-20T18:33:21.411Z</time>
			</trkpt>
			<trkpt lat="45.37814" lon="1.89893">
				<ele>542.84</ele>
				<time>2026-05-20T18:33:22.209Z</time>
			</trkpt>
			<trkpt lat="45.37804" lon="1.89896">
				<ele>543.84</ele>
				<time>2026-05-20T18:33:22.952Z</time>
			</trkpt>
			<trkpt lat="45.3777" lon="1.89919">
				<ele>545.05</ele>
				<time>2026-05-20T18:33:25.702Z</time>
			</trkpt>
			<trkpt lat="45.3775" lon="1.89939">
				<ele>543.54</ele>
				<time>2026-05-20T18:33:27.500Z</time>
			</trkpt>
			<trkpt lat="45.37734" lon="1.89961">
				<ele>541.24</ele>
				<time>2026-05-20T18:33:29.145Z</time>
			</trkpt>
			<trkpt lat="45.37759" lon="1.89992">
				<ele>541.8</ele>
				<time>2026-05-20T18:33:31.614Z</time>
			</trkpt>
			<trkpt lat="45.37804" lon="1.90031">
				<ele>542.39</ele>
				<time>2026-05-20T18:33:35.578Z</time>
			</trkpt>
			<trkpt lat="45.37812" lon="1.90047">
				<ele>542.86</ele>
				<time>2026-05-20T18:33:36.624Z</time>
			</trkpt>
			<trkpt lat="45.3782" lon="1.90083">
				<ele>544.01</ele>
				<time>2026-05-20T18:33:38.645Z</time>
			</trkpt>
			<trkpt lat="45.37826" lon="1.90092">
				<ele>544.69</ele>
				<time>2026-05-20T18:33:39.310Z</time>
			</trkpt>
			<trkpt lat="45.37838" lon="1.90098">
				<ele>544.93</ele>
				<time>2026-05-20T18:33:40.280Z</time>
			</trkpt>
			<trkpt lat="45.37858" lon="1.90097">
				<ele>544.12</ele>
				<time>2026-05-20T18:33:41.807Z</time>
			</trkpt>
			<trkpt lat="45.37877" lon="1.90102">
				<ele>545.33</ele>
				<time>2026-05-20T18:33:43.282Z</time>
			</trkpt>
			<trkpt lat="45.37898" lon="1.90096">
				<ele>545.99</ele>
				<time>2026-05-20T18:33:44.917Z</time>
			</trkpt>
			<trkpt lat="45.37907" lon="1.90097">
				<ele>546.51</ele>
				<time>2026-05-20T18:33:45.606Z</time>
			</trkpt>
			<trkpt lat="45.37921" lon="1.90105">
				<ele>547.41</ele>
				<time>2026-05-20T18:33:46.758Z</time>
			</trkpt>
			<trkpt lat="45.37926" lon="1.90112">
				<ele>547.76</ele>
				<time>2026-05-20T18:33:47.294Z</time>
			</trkpt>
			<trkpt lat="45.37931" lon="1.90124">
				<ele>548.9</ele>
				<time>2026-05-20T18:33:48.042Z</time>
			</trkpt>
			<trkpt lat="45.37934" lon="1.90143">
				<ele>550.81</ele>
				<time>2026-05-20T18:33:49.087Z</time>
			</trkpt>
			<trkpt lat="45.37932" lon="1.90156">
				<ele>552.32</ele>
				<time>2026-05-20T18:33:49.801Z</time>
			</trkpt>
			<trkpt lat="45.37929" lon="1.9016">
				<ele>552.84</ele>
				<time>2026-05-20T18:33:50.115Z</time>
			</trkpt>
			<trkpt lat="45.37905" lon="1.90169">
				<ele>554.07</ele>
				<time>2026-05-20T18:33:52.011Z</time>
			</trkpt>
			<trkpt lat="45.37893" lon="1.90182">
				<ele>554.09</ele>
				<time>2026-05-20T18:33:53.164Z</time>
			</trkpt>
			<trkpt lat="45.37876" lon="1.90204">
				<ele>554.16</ele>
				<time>2026-05-20T18:33:54.920Z</time>
			</trkpt>
			<trkpt lat="45.37852" lon="1.90223">
				<ele>556.05</ele>
				<time>2026-05-20T18:33:57.019Z</time>
			</trkpt>
			<trkpt lat="45.37845" lon="1.90231">
				<ele>557.36</ele>
				<time>2026-05-20T18:33:57.706Z</time>
			</trkpt>
			<trkpt lat="45.37843" lon="1.90243">
				<ele>558.51</ele>
				<time>2026-05-20T18:33:58.368Z</time>
			</trkpt>
			<trkpt lat="45.37844" lon="1.90259">
				<ele>559.63</ele>
				<time>2026-05-20T18:33:59.231Z</time>
			</trkpt>
			<trkpt lat="45.37852" lon="1.90305">
				<ele>562.32</ele>
				<time>2026-05-20T18:34:01.778Z</time>
			</trkpt>
			<trkpt lat="45.37887" lon="1.90433">
				<ele>569.27</ele>
				<time>2026-05-20T18:34:09.163Z</time>
			</trkpt>
			<trkpt lat="45.37955" lon="1.90563">
				<ele>560.56</ele>
				<time>2026-05-20T18:34:17.885Z</time>
			</trkpt>
			<trkpt lat="45.37964" lon="1.90591">
				<ele>557.79</ele>
				<time>2026-05-20T18:34:19.543Z</time>
			</trkpt>
			<trkpt lat="45.37965" lon="1.90606">
				<ele>556.36</ele>
				<time>2026-05-20T18:34:20.355Z</time>
			</trkpt>
			<trkpt lat="45.37963" lon="1.90621">
				<ele>555.83</ele>
				<time>2026-05-20T18:34:21.177Z</time>
			</trkpt>
			<trkpt lat="45.37941" lon="1.90774">
				<ele>556.09</ele>
				<time>2026-05-20T18:34:29.590Z</time>
			</trkpt>
			<trkpt lat="45.3794" lon="1.90791">
				<ele>556.56</ele>
				<time>2026-05-20T18:34:30.509Z</time>
			</trkpt>
			<trkpt lat="45.37941" lon="1.908">
				<ele>556.83</ele>
				<time>2026-05-20T18:34:31.001Z</time>
			</trkpt>
			<trkpt lat="45.37945" lon="1.90815">
				<ele>556.96</ele>
				<time>2026-05-20T18:34:31.865Z</time>
			</trkpt>
			<trkpt lat="45.37952" lon="1.90833">
				<ele>556.69</ele>
				<time>2026-05-20T18:34:32.974Z</time>
			</trkpt>
			<trkpt lat="45.37992" lon="1.90897">
				<ele>560.37</ele>
				<time>2026-05-20T18:34:37.593Z</time>
			</trkpt>
			<trkpt lat="45.38" lon="1.90913">
				<ele>561.75</ele>
				<time>2026-05-20T18:34:38.652Z</time>
			</trkpt>
			<trkpt lat="45.38013" lon="1.90955">
				<ele>565.33</ele>
				<time>2026-05-20T18:34:41.127Z</time>
			</trkpt>
			<trkpt lat="45.3802" lon="1.90995">
				<ele>567.86</ele>
				<time>2026-05-20T18:34:43.351Z</time>
			</trkpt>
			<trkpt lat="45.38023" lon="1.91042">
				<ele>570.72</ele>
				<time>2026-05-20T18:34:45.896Z</time>
			</trkpt>
			<trkpt lat="45.38021" lon="1.91067">
				<ele>571.09</ele>
				<time>2026-05-20T18:34:47.254Z</time>
			</trkpt>
			<trkpt lat="45.38012" lon="1.91109">
				<ele>571.43</ele>
				<time>2026-05-20T18:34:49.623Z</time>
			</trkpt>
			<trkpt lat="45.38012" lon="1.91126">
				<ele>571.42</ele>
				<time>2026-05-20T18:34:50.540Z</time>
			</trkpt>
			<trkpt lat="45.38014" lon="1.91141">
				<ele>571.63</ele>
				<time>2026-05-20T18:34:51.364Z</time>
			</trkpt>
			<trkpt lat="45.38031" lon="1.91216">
				<ele>572.94</ele>
				<time>2026-05-20T18:34:55.617Z</time>
			</trkpt>
			<trkpt lat="45.38035" lon="1.91231">
				<ele>573.61</ele>
				<time>2026-05-20T18:34:56.483Z</time>
			</trkpt>
			<trkpt lat="45.38058" lon="1.91284">
				<ele>576.38</ele>
				<time>2026-05-20T18:34:59.846Z</time>
			</trkpt>
			<trkpt lat="45.38073" lon="1.91333">
				<ele>579.4</ele>
				<time>2026-05-20T18:35:02.731Z</time>
			</trkpt>
			<trkpt lat="45.38079" lon="1.91356">
				<ele>580.95</ele>
				<time>2026-05-20T18:35:04.056Z</time>
			</trkpt>
			<trkpt lat="45.38119" lon="1.91471">
				<ele>585.57</ele>
				<time>2026-05-20T18:35:10.984Z</time>
			</trkpt>
			<trkpt lat="45.38132" lon="1.91518">
				<ele>589.63</ele>
				<time>2026-05-20T18:35:13.712Z</time>
			</trkpt>
			<trkpt lat="45.38135" lon="1.9154">
				<ele>590.86</ele>
				<time>2026-05-20T18:35:14.922Z</time>
			</trkpt>
			<trkpt lat="45.38138" lon="1.91581">
				<ele>591.09</ele>
				<time>2026-05-20T18:35:17.148Z</time>
			</trkpt>
			<trkpt lat="45.38129" lon="1.91634">
				<ele>593.24</ele>
				<time>2026-05-20T18:35:20.092Z</time>
			</trkpt>
			<trkpt lat="45.38134" lon="1.91699">
				<ele>593.11</ele>
				<time>2026-05-20T18:35:23.623Z</time>
			</trkpt>
			<trkpt lat="45.38149" lon="1.91727">
				<ele>591.68</ele>
				<time>2026-05-20T18:35:25.524Z</time>
			</trkpt>
			<trkpt lat="45.38164" lon="1.91751">
				<ele>591.39</ele>
				<time>2026-05-20T18:35:27.259Z</time>
			</trkpt>
			<trkpt lat="45.38197" lon="1.91787">
				<ele>595.89</ele>
				<time>2026-05-20T18:35:30.455Z</time>
			</trkpt>
			<trkpt lat="45.38212" lon="1.91811">
				<ele>601.48</ele>
				<time>2026-05-20T18:35:32.190Z</time>
			</trkpt>
			<trkpt lat="45.38225" lon="1.91825">
				<ele>605.46</ele>
				<time>2026-05-20T18:35:33.443Z</time>
			</trkpt>
			<trkpt lat="45.38258" lon="1.91848">
				<ele>610.83</ele>
				<time>2026-05-20T18:35:36.267Z</time>
			</trkpt>
			<trkpt lat="45.38294" lon="1.91863">
				<ele>612.96</ele>
				<time>2026-05-20T18:35:39.150Z</time>
			</trkpt>
			<trkpt lat="45.38324" lon="1.91879">
				<ele>610.55</ele>
				<time>2026-05-20T18:35:41.613Z</time>
			</trkpt>
			<trkpt lat="45.38339" lon="1.91896">
				<ele>607.91</ele>
				<time>2026-05-20T18:35:43.086Z</time>
			</trkpt>
			<trkpt lat="45.38361" lon="1.9194">
				<ele>606.41</ele>
				<time>2026-05-20T18:35:46.002Z</time>
			</trkpt>
			<trkpt lat="45.38366" lon="1.91955">
				<ele>606.28</ele>
				<time>2026-05-20T18:35:46.898Z</time>
			</trkpt>
			<trkpt lat="45.3837" lon="1.9197">
				<ele>606.87</ele>
				<time>2026-05-20T18:35:47.764Z</time>
			</trkpt>
			<trkpt lat="45.3837" lon="1.92023">
				<ele>610.39</ele>
				<time>2026-05-20T18:35:50.624Z</time>
			</trkpt>
			<trkpt lat="45.38372" lon="1.92043">
				<ele>611.28</ele>
				<time>2026-05-20T18:35:51.714Z</time>
			</trkpt>
			<trkpt lat="45.38378" lon="1.92057">
				<ele>612.33</ele>
				<time>2026-05-20T18:35:52.599Z</time>
			</trkpt>
			<trkpt lat="45.38389" lon="1.92079">
				<ele>613.9</ele>
				<time>2026-05-20T18:35:54.056Z</time>
			</trkpt>
			<trkpt lat="45.38436" lon="1.92155">
				<ele>618.86</ele>
				<time>2026-05-20T18:35:59.519Z</time>
			</trkpt>
			<trkpt lat="45.3845" lon="1.92192">
				<ele>619.01</ele>
				<time>2026-05-20T18:36:01.786Z</time>
			</trkpt>
			<trkpt lat="45.3846" lon="1.92214">
				<ele>618.69</ele>
				<time>2026-05-20T18:36:03.199Z</time>
			</trkpt>
			<trkpt lat="45.38484" lon="1.92247">
				<ele>616.76</ele>
				<time>2026-05-20T18:36:05.761Z</time>
			</trkpt>
			<trkpt lat="45.3849" lon="1.92265">
				<ele>615.22</ele>
				<time>2026-05-20T18:36:06.835Z</time>
			</trkpt>
			<trkpt lat="45.38471" lon="1.92276">
				<ele>615.14</ele>
				<time>2026-05-20T18:36:08.410Z</time>
			</trkpt>
			<trkpt lat="45.38461" lon="1.92286">
				<ele>615.35</ele>
				<time>2026-05-20T18:36:09.348Z</time>
			</trkpt>
			<trkpt lat="45.38455" lon="1.92296">
				<ele>615.12</ele>
				<time>2026-05-20T18:36:10.057Z</time>
			</trkpt>
			<trkpt lat="45.38442" lon="1.9234">
				<ele>611.4</ele>
				<time>2026-05-20T18:36:12.630Z</time>
			</trkpt>
			<trkpt lat="45.38436" lon="1.92355">
				<ele>610.13</ele>
				<time>2026-05-20T18:36:13.560Z</time>
			</trkpt>
			<trkpt lat="45.38447" lon="1.92371">
				<ele>609.86</ele>
				<time>2026-05-20T18:36:14.767Z</time>
			</trkpt>
			<trkpt lat="45.38465" lon="1.92402">
				<ele>609.88</ele>
				<time>2026-05-20T18:36:16.949Z</time>
			</trkpt>
			<trkpt lat="45.38488" lon="1.9243">
				<ele>609.39</ele>
				<time>2026-05-20T18:36:19.344Z</time>
			</trkpt>
			<trkpt lat="45.38553" lon="1.92469">
				<ele>609.93</ele>
				<time>2026-05-20T18:36:24.440Z</time>
			</trkpt>
			<trkpt lat="45.38785" lon="1.92604">
				<ele>599.13</ele>
				<time>2026-05-20T18:36:40.430Z</time>
			</trkpt>
			<trkpt lat="45.38801" lon="1.92614">
				<ele>597.41</ele>
				<time>2026-05-20T18:36:41.479Z</time>
			</trkpt>
			<trkpt lat="45.38813" lon="1.92625">
				<ele>597.14</ele>
				<time>2026-05-20T18:36:42.330Z</time>
			</trkpt>
			<trkpt lat="45.3898" lon="1.92831">
				<ele>600.59</ele>
				<time>2026-05-20T18:36:54.942Z</time>
			</trkpt>
			<trkpt lat="45.39002" lon="1.92862">
				<ele>601.12</ele>
				<time>2026-05-20T18:36:56.638Z</time>
			</trkpt>
			<trkpt lat="45.39075" lon="1.92978">
				<ele>594.83</ele>
				<time>2026-05-20T18:37:02.531Z</time>
			</trkpt>
			<trkpt lat="45.3909" lon="1.92993">
				<ele>593.73</ele>
				<time>2026-05-20T18:37:03.505Z</time>
			</trkpt>
			<trkpt lat="45.39106" lon="1.93003">
				<ele>593.15</ele>
				<time>2026-05-20T18:37:04.430Z</time>
			</trkpt>
			<trkpt lat="45.39128" lon="1.9301">
				<ele>593.22</ele>
				<time>2026-05-20T18:37:05.620Z</time>
			</trkpt>
			<trkpt lat="45.3924" lon="1.9304">
				<ele>595.52</ele>
				<time>2026-05-20T18:37:11.584Z</time>
			</trkpt>
			<trkpt lat="45.39368" lon="1.93092">
				<ele>599.98</ele>
				<time>2026-05-20T18:37:18.496Z</time>
			</trkpt>
			<trkpt lat="45.39406" lon="1.93103">
				<ele>596.94</ele>
				<time>2026-05-20T18:37:20.510Z</time>
			</trkpt>
			<trkpt lat="45.39417" lon="1.93109">
				<ele>596.28</ele>
				<time>2026-05-20T18:37:21.123Z</time>
			</trkpt>
			<trkpt lat="45.39428" lon="1.93121">
				<ele>597.52</ele>
				<time>2026-05-20T18:37:21.844Z</time>
			</trkpt>
			<trkpt lat="45.39431" lon="1.93131">
				<ele>597.62</ele>
				<time>2026-05-20T18:37:22.242Z</time>
			</trkpt>
			<trkpt lat="45.39436" lon="1.93152">
				<ele>596.9</ele>
				<time>2026-05-20T18:37:23.054Z</time>
			</trkpt>
			<trkpt lat="45.39442" lon="1.93207">
				<ele>596.77</ele>
				<time>2026-05-20T18:37:25.099Z</time>
			</trkpt>
			<trkpt lat="45.3945" lon="1.93238">
				<ele>595.76</ele>
				<time>2026-05-20T18:37:26.316Z</time>
			</trkpt>
			<trkpt lat="45.39458" lon="1.93252">
				<ele>594.77</ele>
				<time>2026-05-20T18:37:26.983Z</time>
			</trkpt>
			<trkpt lat="45.39485" lon="1.93285">
				<ele>591.46</ele>
				<time>2026-05-20T18:37:28.863Z</time>
			</trkpt>
			<trkpt lat="45.39494" lon="1.93291">
				<ele>590.25</ele>
				<time>2026-05-20T18:37:29.390Z</time>
			</trkpt>
			<trkpt lat="45.39503" lon="1.93294">
				<ele>589.39</ele>
				<time>2026-05-20T18:37:29.881Z</time>
			</trkpt>
			<trkpt lat="45.39514" lon="1.93294">
				<ele>588.66</ele>
				<time>2026-05-20T18:37:30.466Z</time>
			</trkpt>
			<trkpt lat="45.39584" lon="1.93276">
				<ele>588.97</ele>
				<time>2026-05-20T18:37:34.284Z</time>
			</trkpt>
			<trkpt lat="45.39596" lon="1.93276">
				<ele>587.62</ele>
				<time>2026-05-20T18:37:34.934Z</time>
			</trkpt>
			<trkpt lat="45.39608" lon="1.93278">
				<ele>586.14</ele>
				<time>2026-05-20T18:37:35.591Z</time>
			</trkpt>
			<trkpt lat="45.39668" lon="1.93301">
				<ele>585.15</ele>
				<time>2026-05-20T18:37:39.002Z</time>
			</trkpt>
			<trkpt lat="45.39683" lon="1.93304">
				<ele>588.45</ele>
				<time>2026-05-20T18:37:39.843Z</time>
			</trkpt>
			<trkpt lat="45.39691" lon="1.93303">
				<ele>590.23</ele>
				<time>2026-05-20T18:37:40.290Z</time>
			</trkpt>
			<trkpt lat="45.39707" lon="1.93297">
				<ele>593.44</ele>
				<time>2026-05-20T18:37:41.215Z</time>
			</trkpt>
			<trkpt lat="45.39726" lon="1.93281">
				<ele>595.39</ele>
				<time>2026-05-20T18:37:42.457Z</time>
			</trkpt>
			<trkpt lat="45.39733" lon="1.93269">
				<ele>595.14</ele>
				<time>2026-05-20T18:37:43.077Z</time>
			</trkpt>
			<trkpt lat="45.39745" lon="1.93232">
				<ele>592.47</ele>
				<time>2026-05-20T18:37:44.707Z</time>
			</trkpt>
			<trkpt lat="45.39754" lon="1.93217">
				<ele>592.34</ele>
				<time>2026-05-20T18:37:45.502Z</time>
			</trkpt>
			<trkpt lat="45.39764" lon="1.93208">
				<ele>592.89</ele>
				<time>2026-05-20T18:37:46.184Z</time>
			</trkpt>
			<trkpt lat="45.39773" lon="1.93202">
				<ele>593.87</ele>
				<time>2026-05-20T18:37:46.759Z</time>
			</trkpt>
			<trkpt lat="45.39789" lon="1.93198">
				<ele>596.43</ele>
				<time>2026-05-20T18:37:47.704Z</time>
			</trkpt>
			<trkpt lat="45.39857" lon="1.93192">
				<ele>598.82</ele>
				<time>2026-05-20T18:37:51.734Z</time>
			</trkpt>
			<trkpt lat="45.39874" lon="1.93193">
				<ele>598.89</ele>
				<time>2026-05-20T18:37:52.758Z</time>
			</trkpt>
			<trkpt lat="45.39885" lon="1.93196">
				<ele>599.1</ele>
				<time>2026-05-20T18:37:53.436Z</time>
			</trkpt>
			<trkpt lat="45.39895" lon="1.93204">
				<ele>599.05</ele>
				<time>2026-05-20T18:37:54.133Z</time>
			</trkpt>
			<trkpt lat="45.39902" lon="1.93214">
				<ele>598.84</ele>
				<time>2026-05-20T18:37:54.739Z</time>
			</trkpt>
			<trkpt lat="45.39909" lon="1.93232">
				<ele>598.62</ele>
				<time>2026-05-20T18:37:55.627Z</time>
			</trkpt>
			<trkpt lat="45.39916" lon="1.93288">
				<ele>597.44</ele>
				<time>2026-05-20T18:37:58.111Z</time>
			</trkpt>
			<trkpt lat="45.3992" lon="1.93306">
				<ele>597.32</ele>
				<time>2026-05-20T18:37:58.946Z</time>
			</trkpt>
			<trkpt lat="45.39926" lon="1.93318">
				<ele>596.32</ele>
				<time>2026-05-20T18:37:59.601Z</time>
			</trkpt>
			<trkpt lat="45.39935" lon="1.93332">
				<ele>594.64</ele>
				<time>2026-05-20T18:38:00.449Z</time>
			</trkpt>
			<trkpt lat="45.39946" lon="1.9334">
				<ele>593.25</ele>
				<time>2026-05-20T18:38:01.240Z</time>
			</trkpt>
			<trkpt lat="45.39966" lon="1.93345">
				<ele>593.08</ele>
				<time>2026-05-20T18:38:02.551Z</time>
			</trkpt>
			<trkpt lat="45.39957" lon="1.93377">
				<ele>592.92</ele>
				<time>2026-05-20T18:38:04.131Z</time>
			</trkpt>
			<trkpt lat="45.39945" lon="1.93397">
				<ele>592.64</ele>
				<time>2026-05-20T18:38:05.349Z</time>
			</trkpt>
			<trkpt lat="45.39912" lon="1.93441">
				<ele>594.16</ele>
				<time>2026-05-20T18:38:08.379Z</time>
			</trkpt>
			<trkpt lat="45.39897" lon="1.93471">
				<ele>594.98</ele>
				<time>2026-05-20T18:38:10.144Z</time>
			</trkpt>
			<trkpt lat="45.39892" lon="1.93487">
				<ele>595.47</ele>
				<time>2026-05-20T18:38:10.992Z</time>
			</trkpt>
			<trkpt lat="45.39868" lon="1.93582">
				<ele>607.17</ele>
				<time>2026-05-20T18:38:16.030Z</time>
			</trkpt>
			<trkpt lat="45.3986" lon="1.93609">
				<ele>605.31</ele>
				<time>2026-05-20T18:38:17.538Z</time>
			</trkpt>
			<trkpt lat="45.39851" lon="1.93629">
				<ele>605.16</ele>
				<time>2026-05-20T18:38:18.776Z</time>
			</trkpt>
			<trkpt lat="45.39836" lon="1.93651">
				<ele>603.62</ele>
				<time>2026-05-20T18:38:20.392Z</time>
			</trkpt>
			<trkpt lat="45.39791" lon="1.93703">
				<ele>601.56</ele>
				<time>2026-05-20T18:38:24.844Z</time>
			</trkpt>
			<trkpt lat="45.3978" lon="1.93726">
				<ele>603.64</ele>
				<time>2026-05-20T18:38:26.377Z</time>
			</trkpt>
			<trkpt lat="45.39756" lon="1.93795">
				<ele>611.69</ele>
				<time>2026-05-20T18:38:30.698Z</time>
			</trkpt>
			<trkpt lat="45.39727" lon="1.93916">
				<ele>611.98</ele>
				<time>2026-05-20T18:38:38.107Z</time>
			</trkpt>
			<trkpt lat="45.39717" lon="1.93935">
				<ele>613.34</ele>
				<time>2026-05-20T18:38:39.512Z</time>
			</trkpt>
			<trkpt lat="45.39705" lon="1.9395">
				<ele>614.76</ele>
				<time>2026-05-20T18:38:40.866Z</time>
			</trkpt>
			<trkpt lat="45.3963" lon="1.94001">
				<ele>615.3</ele>
				<time>2026-05-20T18:38:48.032Z</time>
			</trkpt>
			<trkpt lat="45.39612" lon="1.94016">
				<ele>613.94</ele>
				<time>2026-05-20T18:38:49.859Z</time>
			</trkpt>
			<trkpt lat="45.39603" lon="1.94026">
				<ele>613.34</ele>
				<time>2026-05-20T18:38:50.863Z</time>
			</trkpt>
			<trkpt lat="45.39595" lon="1.94038">
				<ele>612.63</ele>
				<time>2026-05-20T18:38:51.888Z</time>
			</trkpt>
			<trkpt lat="45.39589" lon="1.94055">
				<ele>611.18</ele>
				<time>2026-05-20T18:38:53.071Z</time>
			</trkpt>
			<trkpt lat="45.39583" lon="1.9408">
				<ele>610.16</ele>
				<time>2026-05-20T18:38:54.720Z</time>
			</trkpt>
			<trkpt lat="45.39582" lon="1.94111">
				<ele>609.04</ele>
				<time>2026-05-20T18:38:56.665Z</time>
			</trkpt>
			<trkpt lat="45.39586" lon="1.94163">
				<ele>612.64</ele>
				<time>2026-05-20T18:38:59.965Z</time>
			</trkpt>
			<trkpt lat="45.39591" lon="1.94184">
				<ele>613.52</ele>
				<time>2026-05-20T18:39:01.371Z</time>
			</trkpt>
			<trkpt lat="45.396" lon="1.94206">
				<ele>614.7</ele>
				<time>2026-05-20T18:39:02.991Z</time>
			</trkpt>
			<trkpt lat="45.39611" lon="1.94226">
				<ele>616.51</ele>
				<time>2026-05-20T18:39:04.611Z</time>
			</trkpt>
			<trkpt lat="45.39629" lon="1.94249">
				<ele>618.01</ele>
				<time>2026-05-20T18:39:06.815Z</time>
			</trkpt>
			<trkpt lat="45.39652" lon="1.94275">
				<ele>619.62</ele>
				<time>2026-05-20T18:39:09.502Z</time>
			</trkpt>
			<trkpt lat="45.39672" lon="1.94292">
				<ele>620.08</ele>
				<time>2026-05-20T18:39:11.639Z</time>
			</trkpt>
			<trkpt lat="45.39695" lon="1.94307">
				<ele>620.47</ele>
				<time>2026-05-20T18:39:13.967Z</time>
			</trkpt>
			<trkpt lat="45.39729" lon="1.94327">
				<ele>621.5</ele>
				<time>2026-05-20T18:39:17.360Z</time>
			</trkpt>
			<trkpt lat="45.39736" lon="1.94333">
				<ele>621.98</ele>
				<time>2026-05-20T18:39:18.115Z</time>
			</trkpt>
			<trkpt lat="45.39742" lon="1.94342">
				<ele>622.56</ele>
				<time>2026-05-20T18:39:18.921Z</time>
			</trkpt>
			<trkpt lat="45.39746" lon="1.94351">
				<ele>623.24</ele>
				<time>2026-05-20T18:39:19.613Z</time>
			</trkpt>
			<trkpt lat="45.3976" lon="1.94394">
				<ele>626.25</ele>
				<time>2026-05-20T18:39:22.694Z</time>
			</trkpt>
			<trkpt lat="45.39777" lon="1.94489">
				<ele>630.23</ele>
				<time>2026-05-20T18:39:29.074Z</time>
			</trkpt>
			<trkpt lat="45.39784" lon="1.9451">
				<ele>631.22</ele>
				<time>2026-05-20T18:39:30.587Z</time>
			</trkpt>
			<trkpt lat="45.3979" lon="1.94525">
				<ele>631.46</ele>
				<time>2026-05-20T18:39:31.709Z</time>
			</trkpt>
			<trkpt lat="45.39812" lon="1.94555">
				<ele>633.23</ele>
				<time>2026-05-20T18:39:34.529Z</time>
			</trkpt>
			<trkpt lat="45.39901" lon="1.94636">
				<ele>631.1</ele>
				<time>2026-05-20T18:39:44.260Z</time>
			</trkpt>
			<trkpt lat="45.39954" lon="1.94681">
				<ele>629.42</ele>
				<time>2026-05-20T18:39:49.893Z</time>
			</trkpt>
			<trkpt lat="45.39961" lon="1.94688">
				<ele>628.84</ele>
				<time>2026-05-20T18:39:50.670Z</time>
			</trkpt>
			<trkpt lat="45.39964" lon="1.94696">
				<ele>628.16</ele>
				<time>2026-05-20T18:39:51.248Z</time>
			</trkpt>
			<trkpt lat="45.39965" lon="1.94708">
				<ele>627.3</ele>
				<time>2026-05-20T18:39:52.016Z</time>
			</trkpt>
			<trkpt lat="45.39963" lon="1.94722">
				<ele>626.54</ele>
				<time>2026-05-20T18:39:52.924Z</time>
			</trkpt>
			<trkpt lat="45.39959" lon="1.94733">
				<ele>626.11</ele>
				<time>2026-05-20T18:39:53.709Z</time>
			</trkpt>
			<trkpt lat="45.39951" lon="1.94742">
				<ele>626.08</ele>
				<time>2026-05-20T18:39:54.628Z</time>
			</trkpt>
			<trkpt lat="45.39915" lon="1.94758">
				<ele>626.11</ele>
				<time>2026-05-20T18:39:58.010Z</time>
			</trkpt>
			<trkpt lat="45.39904" lon="1.94767">
				<ele>625.68</ele>
				<time>2026-05-20T18:39:59.142Z</time>
			</trkpt>
			<trkpt lat="45.39895" lon="1.94778">
				<ele>624.7</ele>
				<time>2026-05-20T18:40:00.197Z</time>
			</trkpt>
			<trkpt lat="45.39887" lon="1.94791">
				<ele>623.91</ele>
				<time>2026-05-20T18:40:01.273Z</time>
			</trkpt>
			<trkpt lat="45.3988" lon="1.94806">
				<ele>623.69</ele>
				<time>2026-05-20T18:40:02.391Z</time>
			</trkpt>
			<trkpt lat="45.3987" lon="1.94847">
				<ele>621.8</ele>
				<time>2026-05-20T18:40:05.071Z</time>
			</trkpt>
			<trkpt lat="45.39859" lon="1.94872">
				<ele>621.32</ele>
				<time>2026-05-20T18:40:06.879Z</time>
			</trkpt>
			<trkpt lat="45.39855" lon="1.94888">
				<ele>620.43</ele>
				<time>2026-05-20T18:40:07.915Z</time>
			</trkpt>
			<trkpt lat="45.39853" lon="1.94905">
				<ele>618.86</ele>
				<time>2026-05-20T18:40:08.963Z</time>
			</trkpt>
			<trkpt lat="45.39854" lon="1.94926">
				<ele>617.13</ele>
				<time>2026-05-20T18:40:10.237Z</time>
			</trkpt>
			<trkpt lat="45.39865" lon="1.94988">
				<ele>617.34</ele>
				<time>2026-05-20T18:40:14.069Z</time>
			</trkpt>
			<trkpt lat="45.39874" lon="1.95011">
				<ele>617.54</ele>
				<time>2026-05-20T18:40:15.629Z</time>
			</trkpt>
			<trkpt lat="45.39928" lon="1.95105">
				<ele>619</ele>
				<time>2026-05-20T18:40:22.680Z</time>
			</trkpt>
			<trkpt lat="45.39936" lon="1.95123">
				<ele>619</ele>
				<time>2026-05-20T18:40:23.890Z</time>
			</trkpt>
			<trkpt lat="45.39939" lon="1.9514">
				<ele>619.03</ele>
				<time>2026-05-20T18:40:24.879Z</time>
			</trkpt>
			<trkpt lat="45.39938" lon="1.9519">
				<ele>620</ele>
				<time>2026-05-20T18:40:27.670Z</time>
			</trkpt>
			<trkpt lat="45.39858" lon="1.95267">
				<ele>621.42</ele>
				<time>2026-05-20T18:40:35.080Z</time>
			</trkpt>
			<trkpt lat="45.39843" lon="1.95288">
				<ele>620.57</ele>
				<time>2026-05-20T18:40:36.639Z</time>
			</trkpt>
			<trkpt lat="45.39834" lon="1.95305">
				<ele>618.79</ele>
				<time>2026-05-20T18:40:37.735Z</time>
			</trkpt>
			<trkpt lat="45.39828" lon="1.95325">
				<ele>616.71</ele>
				<time>2026-05-20T18:40:38.853Z</time>
			</trkpt>
			<trkpt lat="45.39823" lon="1.95352">
				<ele>613.7</ele>
				<time>2026-05-20T18:40:40.285Z</time>
			</trkpt>
			<trkpt lat="45.39818" lon="1.95397">
				<ele>609.8</ele>
				<time>2026-05-20T18:40:42.614Z</time>
			</trkpt>
			<trkpt lat="45.39814" lon="1.95417">
				<ele>608.29</ele>
				<time>2026-05-20T18:40:43.674Z</time>
			</trkpt>
			<trkpt lat="45.39806" lon="1.95443">
				<ele>607.96</ele>
				<time>2026-05-20T18:40:45.119Z</time>
			</trkpt>
			<trkpt lat="45.39776" lon="1.9551">
				<ele>606.34</ele>
				<time>2026-05-20T18:40:49.144Z</time>
			</trkpt>
			<trkpt lat="45.39768" lon="1.95536">
				<ele>606.66</ele>
				<time>2026-05-20T18:40:50.576Z</time>
			</trkpt>
			<trkpt lat="45.39764" lon="1.95565">
				<ele>606.63</ele>
				<time>2026-05-20T18:40:52.063Z</time>
			</trkpt>
			<trkpt lat="45.39762" lon="1.95596">
				<ele>605.03</ele>
				<time>2026-05-20T18:40:53.626Z</time>
			</trkpt>
			<trkpt lat="45.39764" lon="1.95622">
				<ele>602.87</ele>
				<time>2026-05-20T18:40:54.935Z</time>
			</trkpt>
			<trkpt lat="45.39768" lon="1.95649">
				<ele>601.91</ele>
				<time>2026-05-20T18:40:56.314Z</time>
			</trkpt>
			<trkpt lat="45.39774" lon="1.95673">
				<ele>601.6</ele>
				<time>2026-05-20T18:40:57.585Z</time>
			</trkpt>
			<trkpt lat="45.39794" lon="1.95724">
				<ele>597.9</ele>
				<time>2026-05-20T18:41:00.488Z</time>
			</trkpt>
			<trkpt lat="45.39799" lon="1.95739">
				<ele>596.7</ele>
				<time>2026-05-20T18:41:01.311Z</time>
			</trkpt>
			<trkpt lat="45.398" lon="1.95753">
				<ele>596.45</ele>
				<time>2026-05-20T18:41:02.007Z</time>
			</trkpt>
			<trkpt lat="45.39799" lon="1.95767">
				<ele>596.11</ele>
				<time>2026-05-20T18:41:02.703Z</time>
			</trkpt>
			<trkpt lat="45.39796" lon="1.95781">
				<ele>596.37</ele>
				<time>2026-05-20T18:41:03.425Z</time>
			</trkpt>
			<trkpt lat="45.39789" lon="1.95796">
				<ele>596.45</ele>
				<time>2026-05-20T18:41:04.314Z</time>
			</trkpt>
			<trkpt lat="45.39757" lon="1.95828">
				<ele>592.24</ele>
				<time>2026-05-20T18:41:07.052Z</time>
			</trkpt>
			<trkpt lat="45.39746" lon="1.95843">
				<ele>590.35</ele>
				<time>2026-05-20T18:41:08.115Z</time>
			</trkpt>
			<trkpt lat="45.39739" lon="1.95859">
				<ele>589.79</ele>
				<time>2026-05-20T18:41:09.038Z</time>
			</trkpt>
			<trkpt lat="45.39737" lon="1.95868">
				<ele>590.5</ele>
				<time>2026-05-20T18:41:09.500Z</time>
			</trkpt>
			<trkpt lat="45.39735" lon="1.95887">
				<ele>592.46</ele>
				<time>2026-05-20T18:41:10.438Z</time>
			</trkpt>
			<trkpt lat="45.39737" lon="1.95918">
				<ele>595.95</ele>
				<time>2026-05-20T18:41:11.956Z</time>
			</trkpt>
			<trkpt lat="45.39741" lon="1.95936">
				<ele>597.12</ele>
				<time>2026-05-20T18:41:12.874Z</time>
			</trkpt>
			<trkpt lat="45.39749" lon="1.95955">
				<ele>597.64</ele>
				<time>2026-05-20T18:41:13.950Z</time>
			</trkpt>
			<trkpt lat="45.39772" lon="1.95999">
				<ele>599.05</ele>
				<time>2026-05-20T18:41:16.607Z</time>
			</trkpt>
			<trkpt lat="45.39781" lon="1.96022">
				<ele>599.66</ele>
				<time>2026-05-20T18:41:17.879Z</time>
			</trkpt>
			<trkpt lat="45.39795" lon="1.96075">
				<ele>601.88</ele>
				<time>2026-05-20T18:41:20.604Z</time>
			</trkpt>
			<trkpt lat="45.39813" lon="1.96193">
				<ele>610.03</ele>
				<time>2026-05-20T18:41:26.378Z</time>
			</trkpt>
			<trkpt lat="45.39822" lon="1.96226">
				<ele>609.72</ele>
				<time>2026-05-20T18:41:28.061Z</time>
			</trkpt>
			<trkpt lat="45.39847" lon="1.96289">
				<ele>608.87</ele>
				<time>2026-05-20T18:41:31.488Z</time>
			</trkpt>
			<trkpt lat="45.3985" lon="1.96304">
				<ele>609.3</ele>
				<time>2026-05-20T18:41:32.225Z</time>
			</trkpt>
			<trkpt lat="45.39853" lon="1.96327">
				<ele>608.6</ele>
				<time>2026-05-20T18:41:33.327Z</time>
			</trkpt>
			<trkpt lat="45.39854" lon="1.96433">
				<ele>607.3</ele>
				<time>2026-05-20T18:41:38.301Z</time>
			</trkpt>
			<trkpt lat="45.39853" lon="1.96455">
				<ele>607.98</ele>
				<time>2026-05-20T18:41:39.331Z</time>
			</trkpt>
			<trkpt lat="45.39849" lon="1.96474">
				<ele>609.72</ele>
				<time>2026-05-20T18:41:40.256Z</time>
			</trkpt>
			<trkpt lat="45.39839" lon="1.96498">
				<ele>611.35</ele>
				<time>2026-05-20T18:41:41.556Z</time>
			</trkpt>
			<trkpt lat="45.39826" lon="1.96517">
				<ele>611.46</ele>
				<time>2026-05-20T18:41:42.788Z</time>
			</trkpt>
			<trkpt lat="45.397" lon="1.96662">
				<ele>600.8</ele>
				<time>2026-05-20T18:41:53.416Z</time>
			</trkpt>
			<trkpt lat="45.39637" lon="1.96725">
				<ele>602.95</ele>
				<time>2026-05-20T18:41:58.409Z</time>
			</trkpt>
			<trkpt lat="45.39627" lon="1.96736">
				<ele>603.29</ele>
				<time>2026-05-20T18:41:59.225Z</time>
			</trkpt>
			<trkpt lat="45.39617" lon="1.96755">
				<ele>603.23</ele>
				<time>2026-05-20T18:42:00.300Z</time>
			</trkpt>
			<trkpt lat="45.39611" lon="1.96771">
				<ele>602.71</ele>
				<time>2026-05-20T18:42:01.121Z</time>
			</trkpt>
			<trkpt lat="45.39607" lon="1.9679">
				<ele>601.81</ele>
				<time>2026-05-20T18:42:02.017Z</time>
			</trkpt>
			<trkpt lat="45.39606" lon="1.96813">
				<ele>601.52</ele>
				<time>2026-05-20T18:42:03.056Z</time>
			</trkpt>
			<trkpt lat="45.39607" lon="1.96829">
				<ele>601.89</ele>
				<time>2026-05-20T18:42:03.780Z</time>
			</trkpt>
			<trkpt lat="45.39615" lon="1.96863">
				<ele>603.78</ele>
				<time>2026-05-20T18:42:05.393Z</time>
			</trkpt>
			<trkpt lat="45.39728" lon="1.97262">
				<ele>614.54</ele>
				<time>2026-05-20T18:42:24.473Z</time>
			</trkpt>
			<trkpt lat="45.39736" lon="1.97295">
				<ele>613.6</ele>
				<time>2026-05-20T18:42:26.000Z</time>
			</trkpt>
			<trkpt lat="45.39742" lon="1.97341">
				<ele>614.68</ele>
				<time>2026-05-20T18:42:28.042Z</time>
			</trkpt>
			<trkpt lat="45.3974" lon="1.97363">
				<ele>616.9</ele>
				<time>2026-05-20T18:42:29.009Z</time>
			</trkpt>
			<trkpt lat="45.39737" lon="1.97384">
				<ele>619.48</ele>
				<time>2026-05-20T18:42:29.941Z</time>
			</trkpt>
			<trkpt lat="45.39731" lon="1.97402">
				<ele>622.07</ele>
				<time>2026-05-20T18:42:30.807Z</time>
			</trkpt>
			<trkpt lat="45.39725" lon="1.97416">
				<ele>624.09</ele>
				<time>2026-05-20T18:42:31.519Z</time>
			</trkpt>
			<trkpt lat="45.39716" lon="1.97431">
				<ele>627.32</ele>
				<time>2026-05-20T18:42:32.375Z</time>
			</trkpt>
			<trkpt lat="45.39704" lon="1.97446">
				<ele>629.62</ele>
				<time>2026-05-20T18:42:33.360Z</time>
			</trkpt>
			<trkpt lat="45.39668" lon="1.97477">
				<ele>633.02</ele>
				<time>2026-05-20T18:42:35.950Z</time>
			</trkpt>
			<trkpt lat="45.39653" lon="1.97494">
				<ele>631.47</ele>
				<time>2026-05-20T18:42:37.127Z</time>
			</trkpt>
			<trkpt lat="45.39645" lon="1.97507">
				<ele>630.51</ele>
				<time>2026-05-20T18:42:37.872Z</time>
			</trkpt>
			<trkpt lat="45.39633" lon="1.97539">
				<ele>629.7</ele>
				<time>2026-05-20T18:42:39.432Z</time>
			</trkpt>
			<trkpt lat="45.39625" lon="1.97584">
				<ele>632.09</ele>
				<time>2026-05-20T18:42:41.425Z</time>
			</trkpt>
			<trkpt lat="45.39606" lon="1.97704">
				<ele>634.29</ele>
				<time>2026-05-20T18:42:46.683Z</time>
			</trkpt>
			<trkpt lat="45.39598" lon="1.97735">
				<ele>634.07</ele>
				<time>2026-05-20T18:42:48.089Z</time>
			</trkpt>
			<trkpt lat="45.39587" lon="1.97766">
				<ele>634.93</ele>
				<time>2026-05-20T18:42:49.566Z</time>
			</trkpt>
			<trkpt lat="45.39572" lon="1.97792">
				<ele>635.11</ele>
				<time>2026-05-20T18:42:50.994Z</time>
			</trkpt>
			<trkpt lat="45.39564" lon="1.97804">
				<ele>634.58</ele>
				<time>2026-05-20T18:42:51.695Z</time>
			</trkpt>
			<trkpt lat="45.39515" lon="1.97857">
				<ele>633.82</ele>
				<time>2026-05-20T18:42:55.401Z</time>
			</trkpt>
			<trkpt lat="45.39504" lon="1.97872">
				<ele>633.13</ele>
				<time>2026-05-20T18:42:56.316Z</time>
			</trkpt>
			<trkpt lat="45.39494" lon="1.97894">
				<ele>633.77</ele>
				<time>2026-05-20T18:42:57.420Z</time>
			</trkpt>
			<trkpt lat="45.39492" lon="1.97906">
				<ele>633.93</ele>
				<time>2026-05-20T18:42:57.939Z</time>
			</trkpt>
			<trkpt lat="45.39492" lon="1.9792">
				<ele>634.22</ele>
				<time>2026-05-20T18:42:58.529Z</time>
			</trkpt>
			<trkpt lat="45.39495" lon="1.97942">
				<ele>634.64</ele>
				<time>2026-05-20T18:42:59.471Z</time>
			</trkpt>
			<trkpt lat="45.39509" lon="1.97988">
				<ele>636.35</ele>
				<time>2026-05-20T18:43:01.575Z</time>
			</trkpt>
			<trkpt lat="45.39523" lon="1.98025">
				<ele>634.03</ele>
				<time>2026-05-20T18:43:03.336Z</time>
			</trkpt>
			<trkpt lat="45.39536" lon="1.98055">
				<ele>631.53</ele>
				<time>2026-05-20T18:43:04.810Z</time>
			</trkpt>
			<trkpt lat="45.39542" lon="1.98067">
				<ele>631.38</ele>
				<time>2026-05-20T18:43:05.426Z</time>
			</trkpt>
			<trkpt lat="45.39554" lon="1.98084">
				<ele>629.91</ele>
				<time>2026-05-20T18:43:06.432Z</time>
			</trkpt>
			<trkpt lat="45.39568" lon="1.98098">
				<ele>630.19</ele>
				<time>2026-05-20T18:43:07.448Z</time>
			</trkpt>
			<trkpt lat="45.3962" lon="1.98134">
				<ele>633.73</ele>
				<time>2026-05-20T18:43:10.875Z</time>
			</trkpt>
			<trkpt lat="45.39639" lon="1.98151">
				<ele>635.11</ele>
				<time>2026-05-20T18:43:12.202Z</time>
			</trkpt>
			<trkpt lat="45.39653" lon="1.98171">
				<ele>636.6</ele>
				<time>2026-05-20T18:43:13.373Z</time>
			</trkpt>
			<trkpt lat="45.39663" lon="1.98192">
				<ele>637.75</ele>
				<time>2026-05-20T18:43:14.424Z</time>
			</trkpt>
			<trkpt lat="45.39672" lon="1.98213">
				<ele>637.21</ele>
				<time>2026-05-20T18:43:15.443Z</time>
			</trkpt>
			<trkpt lat="45.39677" lon="1.98232">
				<ele>635.39</ele>
				<time>2026-05-20T18:43:16.282Z</time>
			</trkpt>
			<trkpt lat="45.39679" lon="1.9825">
				<ele>632.77</ele>
				<time>2026-05-20T18:43:17.035Z</time>
			</trkpt>
			<trkpt lat="45.3968" lon="1.98285">
				<ele>627.9</ele>
				<time>2026-05-20T18:43:18.482Z</time>
			</trkpt>
			<trkpt lat="45.39674" lon="1.98387">
				<ele>620.6</ele>
				<time>2026-05-20T18:43:22.698Z</time>
			</trkpt>
			<trkpt lat="45.39655" lon="1.9868">
				<ele>616.73</ele>
				<time>2026-05-20T18:43:34.739Z</time>
			</trkpt>
			<trkpt lat="45.39658" lon="1.98722">
				<ele>616.71</ele>
				<time>2026-05-20T18:43:36.458Z</time>
			</trkpt>
			<trkpt lat="45.39664" lon="1.98751">
				<ele>615.87</ele>
				<time>2026-05-20T18:43:37.688Z</time>
			</trkpt>
			<trkpt lat="45.39672" lon="1.98777">
				<ele>615.41</ele>
				<time>2026-05-20T18:43:38.842Z</time>
			</trkpt>
			<trkpt lat="45.39742" lon="1.9901">
				<ele>612.46</ele>
				<time>2026-05-20T18:43:49.105Z</time>
			</trkpt>
			<trkpt lat="45.39749" lon="1.99048">
				<ele>612.96</ele>
				<time>2026-05-20T18:43:50.691Z</time>
			</trkpt>
			<trkpt lat="45.39748" lon="1.99078">
				<ele>612.11</ele>
				<time>2026-05-20T18:43:51.902Z</time>
			</trkpt>
			<trkpt lat="45.39744" lon="1.99101">
				<ele>611.93</ele>
				<time>2026-05-20T18:43:52.858Z</time>
			</trkpt>
			<trkpt lat="45.39725" lon="1.99184">
				<ele>612.07</ele>
				<time>2026-05-20T18:43:56.373Z</time>
			</trkpt>
			<trkpt lat="45.3972" lon="1.99213">
				<ele>612.6</ele>
				<time>2026-05-20T18:43:57.574Z</time>
			</trkpt>
			<trkpt lat="45.39719" lon="1.99234">
				<ele>614.25</ele>
				<time>2026-05-20T18:43:58.420Z</time>
			</trkpt>
			<trkpt lat="45.39723" lon="1.99292">
				<ele>619.57</ele>
				<time>2026-05-20T18:44:00.762Z</time>
			</trkpt>
			<trkpt lat="45.3973" lon="1.9935">
				<ele>622.09</ele>
				<time>2026-05-20T18:44:03.124Z</time>
			</trkpt>
			<trkpt lat="45.39742" lon="1.99404">
				<ele>626.63</ele>
				<time>2026-05-20T18:44:05.395Z</time>
			</trkpt>
			<trkpt lat="45.39759" lon="1.9945">
				<ele>627.68</ele>
				<time>2026-05-20T18:44:07.479Z</time>
			</trkpt>
			<trkpt lat="45.39869" lon="1.99722">
				<ele>638.35</ele>
				<time>2026-05-20T18:44:20.032Z</time>
			</trkpt>
			<trkpt lat="45.39913" lon="1.99837">
				<ele>626.13</ele>
				<time>2026-05-20T18:44:25.260Z</time>
			</trkpt>
			<trkpt lat="45.39918" lon="1.99857">
				<ele>626.94</ele>
				<time>2026-05-20T18:44:26.107Z</time>
			</trkpt>
			<trkpt lat="45.39922" lon="1.9991">
				<ele>634.12</ele>
				<time>2026-05-20T18:44:28.234Z</time>
			</trkpt>
			<trkpt lat="45.39922" lon="1.99934">
				<ele>637.78</ele>
				<time>2026-05-20T18:44:29.191Z</time>
			</trkpt>
			<trkpt lat="45.39902" lon="2.00134">
				<ele>641.05</ele>
				<time>2026-05-20T18:44:37.251Z</time>
			</trkpt>
			<trkpt lat="45.39903" lon="2.00167">
				<ele>640.13</ele>
				<time>2026-05-20T18:44:38.568Z</time>
			</trkpt>
			<trkpt lat="45.3991" lon="2.00194">
				<ele>640.34</ele>
				<time>2026-05-20T18:44:39.717Z</time>
			</trkpt>
			<trkpt lat="45.39923" lon="2.00222">
				<ele>640.78</ele>
				<time>2026-05-20T18:44:41.056Z</time>
			</trkpt>
			<trkpt lat="45.39962" lon="2.00273">
				<ele>644.25</ele>
				<time>2026-05-20T18:44:44.066Z</time>
			</trkpt>
			<trkpt lat="45.39976" lon="2.00295">
				<ele>645.91</ele>
				<time>2026-05-20T18:44:45.251Z</time>
			</trkpt>
			<trkpt lat="45.39992" lon="2.00333">
				<ele>644.58</ele>
				<time>2026-05-20T18:44:47.021Z</time>
			</trkpt>
			<trkpt lat="45.39999" lon="2.0037">
				<ele>644.42</ele>
				<time>2026-05-20T18:44:48.551Z</time>
			</trkpt>
			<trkpt lat="45.40014" lon="2.00476">
				<ele>641.24</ele>
				<time>2026-05-20T18:44:52.873Z</time>
			</trkpt>
			<trkpt lat="45.40097" lon="2.00804">
				<ele>620.61</ele>
				<time>2026-05-20T18:45:06.843Z</time>
			</trkpt>
			<trkpt lat="45.40113" lon="2.00856">
				<ele>618.78</ele>
				<time>2026-05-20T18:45:09.124Z</time>
			</trkpt>
			<trkpt lat="45.40171" lon="2.01023">
				<ele>611</ele>
				<time>2026-05-20T18:45:16.629Z</time>
			</trkpt>
			<trkpt lat="45.40191" lon="2.01088">
				<ele>605.88</ele>
				<time>2026-05-20T18:45:19.494Z</time>
			</trkpt>
			<trkpt lat="45.40197" lon="2.01125">
				<ele>606.56</ele>
				<time>2026-05-20T18:45:21.030Z</time>
			</trkpt>
			<trkpt lat="45.402" lon="2.01224">
				<ele>612.88</ele>
				<time>2026-05-20T18:45:25.043Z</time>
			</trkpt>
			<trkpt lat="45.40208" lon="2.01264">
				<ele>614</ele>
				<time>2026-05-20T18:45:26.730Z</time>
			</trkpt>
			<trkpt lat="45.4023" lon="2.01341">
				<ele>619.77</ele>
				<time>2026-05-20T18:45:30.108Z</time>
			</trkpt>
			<trkpt lat="45.40236" lon="2.01369">
				<ele>620.21</ele>
				<time>2026-05-20T18:45:31.300Z</time>
			</trkpt>
			<trkpt lat="45.40238" lon="2.01396">
				<ele>619.44</ele>
				<time>2026-05-20T18:45:32.406Z</time>
			</trkpt>
			<trkpt lat="45.40239" lon="2.01419">
				<ele>618.82</ele>
				<time>2026-05-20T18:45:33.345Z</time>
			</trkpt>
			<trkpt lat="45.40238" lon="2.01481">
				<ele>615.56</ele>
				<time>2026-05-20T18:45:35.876Z</time>
			</trkpt>
			<trkpt lat="45.40235" lon="2.01521">
				<ele>612.47</ele>
				<time>2026-05-20T18:45:37.520Z</time>
			</trkpt>
			<trkpt lat="45.4023" lon="2.01563">
				<ele>611.46</ele>
				<time>2026-05-20T18:45:39.264Z</time>
			</trkpt>
			<trkpt lat="45.40206" lon="2.01647">
				<ele>606.7</ele>
				<time>2026-05-20T18:45:42.983Z</time>
			</trkpt>
			<trkpt lat="45.40197" lon="2.01696">
				<ele>604.82</ele>
				<time>2026-05-20T18:45:45.065Z</time>
			</trkpt>
			<trkpt lat="45.4019" lon="2.01805">
				<ele>603.36</ele>
				<time>2026-05-20T18:45:49.577Z</time>
			</trkpt>
			<trkpt lat="45.4018" lon="2.0202">
				<ele>593.46</ele>
				<time>2026-05-20T18:45:58.514Z</time>
			</trkpt>
			<trkpt lat="45.4017" lon="2.02199">
				<ele>599.02</ele>
				<time>2026-05-20T18:46:06.020Z</time>
			</trkpt>
			<trkpt lat="45.40159" lon="2.02241">
				<ele>600.2</ele>
				<time>2026-05-20T18:46:07.902Z</time>
			</trkpt>
			<trkpt lat="45.40156" lon="2.02244">
				<ele>600.3</ele>
				<time>2026-05-20T18:46:08.122Z</time>
			</trkpt>
			<trkpt lat="45.40151" lon="2.02254">
				<ele>600.6</ele>
				<time>2026-05-20T18:46:08.638Z</time>
			</trkpt>
			<trkpt lat="45.4012" lon="2.02264">
				<ele>599.52</ele>
				<time>2026-05-20T18:46:10.545Z</time>
			</trkpt>
			<trkpt lat="45.39811" lon="2.02286">
				<ele>596.56</ele>
				<time>2026-05-20T18:46:29.196Z</time>
			</trkpt>
			<trkpt lat="45.39774" lon="2.02293">
				<ele>597.11</ele>
				<time>2026-05-20T18:46:31.444Z</time>
			</trkpt>
			<trkpt lat="45.39742" lon="2.02304">
				<ele>598.01</ele>
				<time>2026-05-20T18:46:33.425Z</time>
			</trkpt>
			<trkpt lat="45.39688" lon="2.02331">
				<ele>597.28</ele>
				<time>2026-05-20T18:46:36.868Z</time>
			</trkpt>
			<trkpt lat="45.39635" lon="2.02373">
				<ele>596.32</ele>
				<time>2026-05-20T18:46:40.515Z</time>
			</trkpt>
			<trkpt lat="45.3944" lon="2.02561">
				<ele>585.64</ele>
				<time>2026-05-20T18:46:54.654Z</time>
			</trkpt>
			<trkpt lat="45.39358" lon="2.02644">
				<ele>579.81</ele>
				<time>2026-05-20T18:47:00.688Z</time>
			</trkpt>
			<trkpt lat="45.39335" lon="2.02672">
				<ele>578.79</ele>
				<time>2026-05-20T18:47:02.503Z</time>
			</trkpt>
			<trkpt lat="45.39322" lon="2.02694">
				<ele>578.41</ele>
				<time>2026-05-20T18:47:03.713Z</time>
			</trkpt>
			<trkpt lat="45.39309" lon="2.02719">
				<ele>578.09</ele>
				<time>2026-05-20T18:47:05.022Z</time>
			</trkpt>
			<trkpt lat="45.39299" lon="2.02743">
				<ele>577.21</ele>
				<time>2026-05-20T18:47:06.197Z</time>
			</trkpt>
			<trkpt lat="45.39287" lon="2.02783">
				<ele>575.71</ele>
				<time>2026-05-20T18:47:08.028Z</time>
			</trkpt>
			<trkpt lat="45.39278" lon="2.0284">
				<ele>574</ele>
				<time>2026-05-20T18:47:10.486Z</time>
			</trkpt>
			<trkpt lat="45.39275" lon="2.02877">
				<ele>574</ele>
				<time>2026-05-20T18:47:12.054Z</time>
			</trkpt>
			<trkpt lat="45.39266" lon="2.03084">
				<ele>582.06</ele>
				<time>2026-05-20T18:47:20.780Z</time>
			</trkpt>
			<trkpt lat="45.39256" lon="2.03132">
				<ele>584.21</ele>
				<time>2026-05-20T18:47:22.886Z</time>
			</trkpt>
			<trkpt lat="45.39246" lon="2.03141">
				<ele>584.45</ele>
				<time>2026-05-20T18:47:23.595Z</time>
			</trkpt>
			<trkpt lat="45.39242" lon="2.03151">
				<ele>585.95</ele>
				<time>2026-05-20T18:47:24.079Z</time>
			</trkpt>
			<trkpt lat="45.3924" lon="2.03162">
				<ele>587.71</ele>
				<time>2026-05-20T18:47:24.557Z</time>
			</trkpt>
			<trkpt lat="45.39241" lon="2.03173">
				<ele>589.53</ele>
				<time>2026-05-20T18:47:25.023Z</time>
			</trkpt>
			<trkpt lat="45.39244" lon="2.03183">
				<ele>590.97</ele>
				<time>2026-05-20T18:47:25.481Z</time>
			</trkpt>
			<trkpt lat="45.39249" lon="2.03191">
				<ele>591.59</ele>
				<time>2026-05-20T18:47:25.932Z</time>
			</trkpt>
			<trkpt lat="45.39251" lon="2.03208">
				<ele>594.39</ele>
				<time>2026-05-20T18:47:26.657Z</time>
			</trkpt>
			<trkpt lat="45.39247" lon="2.03265">
				<ele>604.44</ele>
				<time>2026-05-20T18:47:29.067Z</time>
			</trkpt>
			<trkpt lat="45.39239" lon="2.0333">
				<ele>602.01</ele>
				<time>2026-05-20T18:47:31.844Z</time>
			</trkpt>
			<trkpt lat="45.39235" lon="2.03381">
				<ele>600.6</ele>
				<time>2026-05-20T18:47:34.004Z</time>
			</trkpt>
			<trkpt lat="45.39231" lon="2.03453">
				<ele>598.33</ele>
				<time>2026-05-20T18:47:37.047Z</time>
			</trkpt>
			<trkpt lat="45.39231" lon="2.03502">
				<ele>600.18</ele>
				<time>2026-05-20T18:47:39.112Z</time>
			</trkpt>
			<trkpt lat="45.39234" lon="2.03612">
				<ele>604.63</ele>
				<time>2026-05-20T18:47:43.756Z</time>
			</trkpt>
			<trkpt lat="45.39252" lon="2.03823">
				<ele>606.8</ele>
				<time>2026-05-20T18:47:52.732Z</time>
			</trkpt>
			<trkpt lat="45.3925" lon="2.03896">
				<ele>617.52</ele>
				<time>2026-05-20T18:47:55.820Z</time>
			</trkpt>
			<trkpt lat="45.39241" lon="2.03965">
				<ele>619.46</ele>
				<time>2026-05-20T18:47:58.787Z</time>
			</trkpt>
			<trkpt lat="45.39132" lon="2.04388">
				<ele>623.75</ele>
				<time>2026-05-20T18:48:17.843Z</time>
			</trkpt>
			<trkpt lat="45.39106" lon="2.04469">
				<ele>614.65</ele>
				<time>2026-05-20T18:48:21.608Z</time>
			</trkpt>
			<trkpt lat="45.39072" lon="2.04538">
				<ele>612.75</ele>
				<time>2026-05-20T18:48:25.170Z</time>
			</trkpt>
			<trkpt lat="45.39026" lon="2.04612">
				<ele>609.9</ele>
				<time>2026-05-20T18:48:29.344Z</time>
			</trkpt>
			<trkpt lat="45.38952" lon="2.04719">
				<ele>609.19</ele>
				<time>2026-05-20T18:48:35.681Z</time>
			</trkpt>
			<trkpt lat="45.38931" lon="2.04747">
				<ele>619.54</ele>
				<time>2026-05-20T18:48:37.409Z</time>
			</trkpt>
			<trkpt lat="45.38862" lon="2.0485">
				<ele>629.2</ele>
				<time>2026-05-20T18:48:43.405Z</time>
			</trkpt>
			<trkpt lat="45.3881" lon="2.04924">
				<ele>611.3</ele>
				<time>2026-05-20T18:48:47.809Z</time>
			</trkpt>
			<trkpt lat="45.38723" lon="2.05031">
				<ele>608.23</ele>
				<time>2026-05-20T18:48:54.683Z</time>
			</trkpt>
			<trkpt lat="45.38697" lon="2.05078">
				<ele>607.97</ele>
				<time>2026-05-20T18:48:57.191Z</time>
			</trkpt>
			<trkpt lat="45.38678" lon="2.05133">
				<ele>600.19</ele>
				<time>2026-05-20T18:48:59.758Z</time>
			</trkpt>
			<trkpt lat="45.38666" lon="2.05198">
				<ele>601.44</ele>
				<time>2026-05-20T18:49:02.570Z</time>
			</trkpt>
			<trkpt lat="45.38664" lon="2.05257">
				<ele>606.29</ele>
				<time>2026-05-20T18:49:05.039Z</time>
			</trkpt>
			<trkpt lat="45.38667" lon="2.05283">
				<ele>608.49</ele>
				<time>2026-05-20T18:49:06.139Z</time>
			</trkpt>
			<trkpt lat="45.38676" lon="2.05339">
				<ele>611.24</ele>
				<time>2026-05-20T18:49:08.536Z</time>
			</trkpt>
			<trkpt lat="45.38683" lon="2.05363">
				<ele>611.32</ele>
				<time>2026-05-20T18:49:09.619Z</time>
			</trkpt>
			<trkpt lat="45.38692" lon="2.05391">
				<ele>611.74</ele>
				<time>2026-05-20T18:49:10.902Z</time>
			</trkpt>
			<trkpt lat="45.38703" lon="2.05416">
				<ele>612.01</ele>
				<time>2026-05-20T18:49:12.131Z</time>
			</trkpt>
			<trkpt lat="45.3881" lon="2.05632">
				<ele>615.59</ele>
				<time>2026-05-20T18:49:23.100Z</time>
			</trkpt>
			<trkpt lat="45.38844" lon="2.05696">
				<ele>616.87</ele>
				<time>2026-05-20T18:49:26.417Z</time>
			</trkpt>
			<trkpt lat="45.38856" lon="2.05731">
				<ele>618.14</ele>
				<time>2026-05-20T18:49:28.024Z</time>
			</trkpt>
			<trkpt lat="45.38858" lon="2.05748">
				<ele>618.85</ele>
				<time>2026-05-20T18:49:28.735Z</time>
			</trkpt>
			<trkpt lat="45.38857" lon="2.05756">
				<ele>618.86</ele>
				<time>2026-05-20T18:49:29.070Z</time>
			</trkpt>
			<trkpt lat="45.38857" lon="2.05763">
				<ele>618.87</ele>
				<time>2026-05-20T18:49:29.358Z</time>
			</trkpt>
			<trkpt lat="45.38855" lon="2.05778">
				<ele>618.74</ele>
				<time>2026-05-20T18:49:29.987Z</time>
			</trkpt>
			<trkpt lat="45.38837" lon="2.05812">
				<ele>617.07</ele>
				<time>2026-05-20T18:49:31.740Z</time>
			</trkpt>
			<trkpt lat="45.3869" lon="2.06035">
				<ele>617.88</ele>
				<time>2026-05-20T18:49:41.463Z</time>
			</trkpt>
			<trkpt lat="45.38678" lon="2.0605">
				<ele>617.9</ele>
				<time>2026-05-20T18:49:41.879Z</time>
			</trkpt>
			<trkpt lat="45.38664" lon="2.06064">
				<ele>617.85</ele>
				<time>2026-05-20T18:49:42.366Z</time>
			</trkpt>
			<trkpt lat="45.38648" lon="2.06076">
				<ele>617.18</ele>
				<time>2026-05-20T18:49:42.959Z</time>
			</trkpt>
			<trkpt lat="45.38637" lon="2.06081">
				<ele>616.95</ele>
				<time>2026-05-20T18:49:43.393Z</time>
			</trkpt>
			<trkpt lat="45.3864" lon="2.06096">
				<ele>617.03</ele>
				<time>2026-05-20T18:49:43.855Z</time>
			</trkpt>
			<trkpt lat="45.38625" lon="2.06119">
				<ele>617.47</ele>
				<time>2026-05-20T18:49:44.960Z</time>
			</trkpt>
			<trkpt lat="45.38615" lon="2.06155">
				<ele>617.84</ele>
				<time>2026-05-20T18:49:46.719Z</time>
			</trkpt>
			<trkpt lat="45.38602" lon="2.06211">
				<ele>617.99</ele>
				<time>2026-05-20T18:49:50.477Z</time>
			</trkpt>
			<trkpt lat="45.38603" lon="2.06246">
				<ele>616.95</ele>
				<time>2026-05-20T18:49:53.463Z</time>
			</trkpt>
			<trkpt lat="45.38606" lon="2.06268">
				<ele>616.38</ele>
				<time>2026-05-20T18:49:55.715Z</time>
			</trkpt>
			<trkpt lat="45.38609" lon="2.0632">
				<ele>616.04</ele>
				<time>2026-05-20T18:50:15.029Z</time>
			</trkpt>
			<trkpt lat="45.38597" lon="2.0642">
				<ele>615.13</ele>
				<time>2026-05-20T18:50:23.228Z</time>
			</trkpt>
			<trkpt lat="45.38598" lon="2.06445">
				<ele>616</ele>
				<time>2026-05-20T18:50:25.252Z</time>
			</trkpt>
			<trkpt lat="45.38606" lon="2.06506">
				<ele>615.71</ele>
				<time>2026-05-20T18:50:30.267Z</time>
			</trkpt>
			<trkpt lat="45.38606" lon="2.06525">
				<ele>614.53</ele>
				<time>2026-05-20T18:50:31.802Z</time>
			</trkpt>
			<trkpt lat="45.38589" lon="2.06611">
				<ele>609.97</ele>
				<time>2026-05-20T18:50:39.023Z</time>
			</trkpt>
			<trkpt lat="45.38589" lon="2.06649">
				<ele>608.14</ele>
				<time>2026-05-20T18:50:42.094Z</time>
			</trkpt>
			<trkpt lat="45.38593" lon="2.06667">
				<ele>607.98</ele>
				<time>2026-05-20T18:50:43.620Z</time>
			</trkpt>
			<trkpt lat="45.38606" lon="2.067">
				<ele>606.95</ele>
				<time>2026-05-20T18:50:46.678Z</time>
			</trkpt>
			<trkpt lat="45.38644" lon="2.06761">
				<ele>604.48</ele>
				<time>2026-05-20T18:50:53.268Z</time>
			</trkpt>
			<trkpt lat="45.38706" lon="2.06948">
				<ele>600</ele>
				<time>2026-05-20T18:51:09.982Z</time>
			</trkpt>
			<trkpt lat="45.38723" lon="2.07013">
				<ele>599.93</ele>
				<time>2026-05-20T18:51:15.588Z</time>
			</trkpt>
			<trkpt lat="45.38728" lon="2.07026">
				<ele>599.76</ele>
				<time>2026-05-20T18:51:16.786Z</time>
			</trkpt>
			<trkpt lat="45.38774" lon="2.07091">
				<ele>599.18</ele>
				<time>2026-05-20T18:51:24.244Z</time>
			</trkpt>
			<trkpt lat="45.38798" lon="2.07131">
				<ele>596.39</ele>
				<time>2026-05-20T18:51:28.497Z</time>
			</trkpt>
			<trkpt lat="45.3885" lon="2.07177">
				<ele>591.58</ele>
				<time>2026-05-20T18:51:35.542Z</time>
			</trkpt>
			<trkpt lat="45.38879" lon="2.07189">
				<ele>588.26</ele>
				<time>2026-05-20T18:51:39.018Z</time>
			</trkpt>
			<trkpt lat="45.38887" lon="2.07196">
				<ele>587.22</ele>
				<time>2026-05-20T18:51:40.098Z</time>
			</trkpt>
			<trkpt lat="45.38891" lon="2.07203">
				<ele>586.65</ele>
				<time>2026-05-20T18:51:40.828Z</time>
			</trkpt>
			<trkpt lat="45.38896" lon="2.07217">
				<ele>586.24</ele>
				<time>2026-05-20T18:51:42.097Z</time>
			</trkpt>
			<trkpt lat="45.38897" lon="2.07234">
				<ele>586.08</ele>
				<time>2026-05-20T18:51:43.476Z</time>
			</trkpt>
			<trkpt lat="45.38889" lon="2.07277">
				<ele>584.84</ele>
				<time>2026-05-20T18:51:47.071Z</time>
			</trkpt>
			<trkpt lat="45.38887" lon="2.07303">
				<ele>582.45</ele>
				<time>2026-05-20T18:51:49.185Z</time>
			</trkpt>
			<trkpt lat="45.38886" lon="2.07352">
				<ele>579.54</ele>
				<time>2026-05-20T18:51:53.148Z</time>
			</trkpt>
			<trkpt lat="45.38883" lon="2.07402">
				<ele>578.46</ele>
				<time>2026-05-20T18:51:57.204Z</time>
			</trkpt>
			<trkpt lat="45.38896" lon="2.07468">
				<ele>575.96</ele>
				<time>2026-05-20T18:52:02.744Z</time>
			</trkpt>
			<trkpt lat="45.38901" lon="2.07482">
				<ele>576.66</ele>
				<time>2026-05-20T18:52:04.013Z</time>
			</trkpt>
			<trkpt lat="45.38906" lon="2.07491">
				<ele>577.56</ele>
				<time>2026-05-20T18:52:04.941Z</time>
			</trkpt>
			<trkpt lat="45.38916" lon="2.07501">
				<ele>579.11</ele>
				<time>2026-05-20T18:52:06.347Z</time>
			</trkpt>
			<trkpt lat="45.38929" lon="2.07508">
				<ele>580.21</ele>
				<time>2026-05-20T18:52:07.947Z</time>
			</trkpt>
			<trkpt lat="45.38946" lon="2.07512">
				<ele>581.47</ele>
				<time>2026-05-20T18:52:09.930Z</time>
			</trkpt>
			<trkpt lat="45.38966" lon="2.07523">
				<ele>583.27</ele>
				<time>2026-05-20T18:52:12.397Z</time>
			</trkpt>
			<trkpt lat="45.38978" lon="2.07534">
				<ele>584.29</ele>
				<time>2026-05-20T18:52:14.040Z</time>
			</trkpt>
			<trkpt lat="45.39002" lon="2.07569">
				<ele>587.21</ele>
				<time>2026-05-20T18:52:17.993Z</time>
			</trkpt>
			<trkpt lat="45.39014" lon="2.07588">
				<ele>587.65</ele>
				<time>2026-05-20T18:52:20.059Z</time>
			</trkpt>
			<trkpt lat="45.39034" lon="2.07638">
				<ele>591.19</ele>
				<time>2026-05-20T18:52:24.709Z</time>
			</trkpt>
			<trkpt lat="45.39047" lon="2.07682">
				<ele>592.59</ele>
				<time>2026-05-20T18:52:28.567Z</time>
			</trkpt>
			<trkpt lat="45.39055" lon="2.07721">
				<ele>592.04</ele>
				<time>2026-05-20T18:52:31.851Z</time>
			</trkpt>
			<trkpt lat="45.3906" lon="2.07733">
				<ele>591.35</ele>
				<time>2026-05-20T18:52:32.979Z</time>
			</trkpt>
			<trkpt lat="45.39066" lon="2.07739">
				<ele>590.47</ele>
				<time>2026-05-20T18:52:33.823Z</time>
			</trkpt>
			<trkpt lat="45.39075" lon="2.07765">
				<ele>588.39</ele>
				<time>2026-05-20T18:52:36.165Z</time>
			</trkpt>
			<trkpt lat="45.3908" lon="2.0779">
				<ele>586.38</ele>
				<time>2026-05-20T18:52:38.266Z</time>
			</trkpt>
			<trkpt lat="45.39083" lon="2.07812">
				<ele>584.25</ele>
				<time>2026-05-20T18:52:40.078Z</time>
			</trkpt>
			<trkpt lat="45.39085" lon="2.07839">
				<ele>581.61</ele>
				<time>2026-05-20T18:52:42.272Z</time>
			</trkpt>
			<trkpt lat="45.39082" lon="2.07917">
				<ele>581.01</ele>
				<time>2026-05-20T18:52:48.585Z</time>
			</trkpt>
			<trkpt lat="45.39077" lon="2.07952">
				<ele>579.91</ele>
				<time>2026-05-20T18:52:51.472Z</time>
			</trkpt>
			<trkpt lat="45.39072" lon="2.07971">
				<ele>579.39</ele>
				<time>2026-05-20T18:52:53.112Z</time>
			</trkpt>
			<trkpt lat="45.39065" lon="2.07991">
				<ele>578.29</ele>
				<time>2026-05-20T18:52:54.918Z</time>
			</trkpt>
			<trkpt lat="45.39022" lon="2.08068">
				<ele>571.48</ele>
				<time>2026-05-20T18:53:02.868Z</time>
			</trkpt>
			<trkpt lat="45.39008" lon="2.08076">
				<ele>571.75</ele>
				<time>2026-05-20T18:53:04.604Z</time>
			</trkpt>
			<trkpt lat="45.39011" lon="2.08094">
				<ele>572.64</ele>
				<time>2026-05-20T18:53:06.100Z</time>
			</trkpt>
			<trkpt lat="45.39027" lon="2.08146">
				<ele>574.01</ele>
				<time>2026-05-20T18:53:10.688Z</time>
			</trkpt>
			<trkpt lat="45.39111" lon="2.08406">
				<ele>561.37</ele>
				<time>2026-05-20T18:53:34.167Z</time>
			</trkpt>
			<trkpt lat="45.39122" lon="2.08451">
				<ele>559.89</ele>
				<time>2026-05-20T18:53:38.235Z</time>
			</trkpt>
			<trkpt lat="45.39124" lon="2.08485">
				<ele>558.79</ele>
				<time>2026-05-20T18:53:41.169Z</time>
			</trkpt>
			<trkpt lat="45.39119" lon="2.08526">
				<ele>558.69</ele>
				<time>2026-05-20T18:53:44.762Z</time>
			</trkpt>
			<trkpt lat="45.3912" lon="2.08552">
				<ele>559.28</ele>
				<time>2026-05-20T18:53:47.015Z</time>
			</trkpt>
			<trkpt lat="45.39133" lon="2.08583">
				<ele>562.39</ele>
				<time>2026-05-20T18:53:50.142Z</time>
			</trkpt>
			<trkpt lat="45.39172" lon="2.08659">
				<ele>570.92</ele>
				<time>2026-05-20T18:53:58.272Z</time>
			</trkpt>
			<trkpt lat="45.39197" lon="2.08696">
				<ele>571.79</ele>
				<time>2026-05-20T18:54:02.669Z</time>
			</trkpt>
			<trkpt lat="45.39257" lon="2.08779">
				<ele>575.59</ele>
				<time>2026-05-20T18:54:12.667Z</time>
			</trkpt>
			<trkpt lat="45.39305" lon="2.08839">
				<ele>576.66</ele>
				<time>2026-05-20T18:54:20.018Z</time>
			</trkpt>
			<trkpt lat="45.39329" lon="2.08865">
				<ele>578.31</ele>
				<time>2026-05-20T18:54:23.377Z</time>
			</trkpt>
			<trkpt lat="45.39335" lon="2.08881">
				<ele>578.67</ele>
				<time>2026-05-20T18:54:24.772Z</time>
			</trkpt>
			<trkpt lat="45.39333" lon="2.0889">
				<ele>579.02</ele>
				<time>2026-05-20T18:54:25.491Z</time>
			</trkpt>
			<trkpt lat="45.39321" lon="2.08875">
				<ele>579.17</ele>
				<time>2026-05-20T18:54:27.207Z</time>
			</trkpt>
			<trkpt lat="45.39296" lon="2.08853">
				<ele>578.46</ele>
				<time>2026-05-20T18:54:30.294Z</time>
			</trkpt>
			<trkpt lat="45.39274" lon="2.08839">
				<ele>579.13</ele>
				<time>2026-05-20T18:54:32.754Z</time>
			</trkpt>
			<trkpt lat="45.39213" lon="2.08807">
				<ele>578.12</ele>
				<time>2026-05-20T18:54:39.028Z</time>
			</trkpt>
			<trkpt lat="45.39181" lon="2.08799">
				<ele>578.48</ele>
				<time>2026-05-20T18:54:41.973Z</time>
			</trkpt>
			<trkpt lat="45.39159" lon="2.08789">
				<ele>579.13</ele>
				<time>2026-05-20T18:54:44.053Z</time>
			</trkpt>
			<trkpt lat="45.39149" lon="2.0878">
				<ele>578.8</ele>
				<time>2026-05-20T18:54:45.116Z</time>
			</trkpt>
			<trkpt lat="45.39142" lon="2.08768">
				<ele>578.77</ele>
				<time>2026-05-20T18:54:46.100Z</time>
			</trkpt>
			<trkpt lat="45.39137" lon="2.08748">
				<ele>579.05</ele>
				<time>2026-05-20T18:54:47.436Z</time>
			</trkpt>
			<trkpt lat="45.39129" lon="2.08698">
				<ele>578.7</ele>
				<time>2026-05-20T18:54:50.657Z</time>
			</trkpt>
			<trkpt lat="45.39121" lon="2.08673">
				<ele>577.75</ele>
				<time>2026-05-20T18:54:52.378Z</time>
			</trkpt>
			<trkpt lat="45.39108" lon="2.0866">
				<ele>577.07</ele>
				<time>2026-05-20T18:54:53.792Z</time>
			</trkpt>
			<trkpt lat="45.39094" lon="2.08653">
				<ele>576.05</ele>
				<time>2026-05-20T18:54:55.111Z</time>
			</trkpt>
			<trkpt lat="45.3905" lon="2.0865">
				<ele>575.12</ele>
				<time>2026-05-20T18:54:59.016Z</time>
			</trkpt>
			<trkpt lat="45.3903" lon="2.0865">
				<ele>574.76</ele>
				<time>2026-05-20T18:55:00.783Z</time>
			</trkpt>
			<trkpt lat="45.39015" lon="2.08656">
				<ele>574.35</ele>
				<time>2026-05-20T18:55:02.157Z</time>
			</trkpt>
			<trkpt lat="45.39003" lon="2.08666">
				<ele>574.33</ele>
				<time>2026-05-20T18:55:03.381Z</time>
			</trkpt>
			<trkpt lat="45.38962" lon="2.08735">
				<ele>575.08</ele>
				<time>2026-05-20T18:55:08.949Z</time>
			</trkpt>
			<trkpt lat="45.38944" lon="2.08753">
				<ele>576.24</ele>
				<time>2026-05-20T18:55:10.871Z</time>
			</trkpt>
			<trkpt lat="45.38892" lon="2.08792">
				<ele>573</ele>
				<time>2026-05-20T18:55:15.983Z</time>
			</trkpt>
			<trkpt lat="45.38865" lon="2.08824">
				<ele>573.42</ele>
				<time>2026-05-20T18:55:19.025Z</time>
			</trkpt>
			<trkpt lat="45.38795" lon="2.0892">
				<ele>571.59</ele>
				<time>2026-05-20T18:55:27.385Z</time>
			</trkpt>
			<trkpt lat="45.38627" lon="2.09166">
				<ele>567.82</ele>
				<time>2026-05-20T18:55:47.769Z</time>
			</trkpt>
			<trkpt lat="45.38586" lon="2.09251">
				<ele>565.69</ele>
				<time>2026-05-20T18:55:53.799Z</time>
			</trkpt>
			<trkpt lat="45.38542" lon="2.0935">
				<ele>562.67</ele>
				<time>2026-05-20T18:56:00.599Z</time>
			</trkpt>
			<trkpt lat="45.38524" lon="2.09406">
				<ele>561.05</ele>
				<time>2026-05-20T18:56:04.152Z</time>
			</trkpt>
			<trkpt lat="45.38512" lon="2.09469">
				<ele>561.31</ele>
				<time>2026-05-20T18:56:07.900Z</time>
			</trkpt>
			<trkpt lat="45.38506" lon="2.09528">
				<ele>561.44</ele>
				<time>2026-05-20T18:56:11.309Z</time>
			</trkpt>
			<trkpt lat="45.38509" lon="2.0958">
				<ele>560.14</ele>
				<time>2026-05-20T18:56:14.281Z</time>
			</trkpt>
			<trkpt lat="45.3852" lon="2.0962">
				<ele>559.13</ele>
				<time>2026-05-20T18:56:16.720Z</time>
			</trkpt>
			<trkpt lat="45.38539" lon="2.09654">
				<ele>559.39</ele>
				<time>2026-05-20T18:56:19.180Z</time>
			</trkpt>
			<trkpt lat="45.38586" lon="2.09724">
				<ele>557.96</ele>
				<time>2026-05-20T18:56:24.635Z</time>
			</trkpt>
			<trkpt lat="45.38602" lon="2.0974">
				<ele>557.68</ele>
				<time>2026-05-20T18:56:26.196Z</time>
			</trkpt>
			<trkpt lat="45.38625" lon="2.0977">
				<ele>558.09</ele>
				<time>2026-05-20T18:56:28.681Z</time>
			</trkpt>
			<trkpt lat="45.38666" lon="2.0986">
				<ele>555.98</ele>
				<time>2026-05-20T18:56:34.652Z</time>
			</trkpt>
			<trkpt lat="45.3867" lon="2.09875">
				<ele>555.63</ele>
				<time>2026-05-20T18:56:35.541Z</time>
			</trkpt>
			<trkpt lat="45.38668" lon="2.09891">
				<ele>556.63</ele>
				<time>2026-05-20T18:56:36.441Z</time>
			</trkpt>
			<trkpt lat="45.38648" lon="2.09928">
				<ele>562.05</ele>
				<time>2026-05-20T18:56:39.020Z</time>
			</trkpt>
			<trkpt lat="45.38643" lon="2.0995">
				<ele>564.33</ele>
				<time>2026-05-20T18:56:40.294Z</time>
			</trkpt>
			<trkpt lat="45.38645" lon="2.09973">
				<ele>565.56</ele>
				<time>2026-05-20T18:56:41.569Z</time>
			</trkpt>
			<trkpt lat="45.38652" lon="2.09995">
				<ele>565.8</ele>
				<time>2026-05-20T18:56:42.896Z</time>
			</trkpt>
			<trkpt lat="45.38734" lon="2.10093">
				<ele>558.4</ele>
				<time>2026-05-20T18:56:51.220Z</time>
			</trkpt>
			<trkpt lat="45.38744" lon="2.10113">
				<ele>557.05</ele>
				<time>2026-05-20T18:56:52.552Z</time>
			</trkpt>
			<trkpt lat="45.38747" lon="2.10134">
				<ele>557.34</ele>
				<time>2026-05-20T18:56:53.713Z</time>
			</trkpt>
			<trkpt lat="45.38744" lon="2.10155">
				<ele>559.32</ele>
				<time>2026-05-20T18:56:54.873Z</time>
			</trkpt>
			<trkpt lat="45.38728" lon="2.1019">
				<ele>566.67</ele>
				<time>2026-05-20T18:56:57.128Z</time>
			</trkpt>
			<trkpt lat="45.38715" lon="2.10224">
				<ele>570.62</ele>
				<time>2026-05-20T18:56:59.212Z</time>
			</trkpt>
			<trkpt lat="45.3871" lon="2.10242">
				<ele>571.24</ele>
				<time>2026-05-20T18:57:00.253Z</time>
			</trkpt>
			<trkpt lat="45.38711" lon="2.10263">
				<ele>569.84</ele>
				<time>2026-05-20T18:57:01.382Z</time>
			</trkpt>
			<trkpt lat="45.38719" lon="2.1028">
				<ele>567.07</ele>
				<time>2026-05-20T18:57:02.479Z</time>
			</trkpt>
			<trkpt lat="45.38744" lon="2.10316">
				<ele>562.36</ele>
				<time>2026-05-20T18:57:05.186Z</time>
			</trkpt>
			<trkpt lat="45.3875" lon="2.10337">
				<ele>563.35</ele>
				<time>2026-05-20T18:57:06.395Z</time>
			</trkpt>
			<trkpt lat="45.3875" lon="2.10377">
				<ele>566.4</ele>
				<time>2026-05-20T18:57:08.523Z</time>
			</trkpt>
			<trkpt lat="45.38755" lon="2.10389">
				<ele>565.99</ele>
				<time>2026-05-20T18:57:09.265Z</time>
			</trkpt>
			<trkpt lat="45.38812" lon="2.10458">
				<ele>559.1</ele>
				<time>2026-05-20T18:57:14.901Z</time>
			</trkpt>
			<trkpt lat="45.38823" lon="2.10482">
				<ele>558.54</ele>
				<time>2026-05-20T18:57:16.410Z</time>
			</trkpt>
			<trkpt lat="45.38835" lon="2.10517">
				<ele>557</ele>
				<time>2026-05-20T18:57:18.456Z</time>
			</trkpt>
			<trkpt lat="45.38839" lon="2.10545">
				<ele>557.12</ele>
				<time>2026-05-20T18:57:19.954Z</time>
			</trkpt>
			<trkpt lat="45.38835" lon="2.10608">
				<ele>555.6</ele>
				<time>2026-05-20T18:57:23.261Z</time>
			</trkpt>
			<trkpt lat="45.38835" lon="2.1064">
				<ele>555.11</ele>
				<time>2026-05-20T18:57:24.928Z</time>
			</trkpt>
			<trkpt lat="45.38839" lon="2.10667">
				<ele>555.01</ele>
				<time>2026-05-20T18:57:26.362Z</time>
			</trkpt>
			<trkpt lat="45.38849" lon="2.10721">
				<ele>550.29</ele>
				<time>2026-05-20T18:57:29.258Z</time>
			</trkpt>
			<trkpt lat="45.38845" lon="2.10747">
				<ele>550.87</ele>
				<time>2026-05-20T18:57:30.634Z</time>
			</trkpt>
			<trkpt lat="45.38834" lon="2.10777">
				<ele>555.64</ele>
				<time>2026-05-20T18:57:32.381Z</time>
			</trkpt>
			<trkpt lat="45.38831" lon="2.10799">
				<ele>557.71</ele>
				<time>2026-05-20T18:57:33.535Z</time>
			</trkpt>
			<trkpt lat="45.38833" lon="2.10819">
				<ele>556.8</ele>
				<time>2026-05-20T18:57:34.574Z</time>
			</trkpt>
			<trkpt lat="45.38842" lon="2.10835">
				<ele>552.88</ele>
				<time>2026-05-20T18:57:35.627Z</time>
			</trkpt>
			<trkpt lat="45.38856" lon="2.10853">
				<ele>548.94</ele>
				<time>2026-05-20T18:57:37.005Z</time>
			</trkpt>
			<trkpt lat="45.38872" lon="2.10921">
				<ele>548.65</ele>
				<time>2026-05-20T18:57:40.670Z</time>
			</trkpt>
			<trkpt lat="45.38879" lon="2.1094">
				<ele>547.11</ele>
				<time>2026-05-20T18:57:41.764Z</time>
			</trkpt>
			<trkpt lat="45.38911" lon="2.10982">
				<ele>539.03</ele>
				<time>2026-05-20T18:57:44.913Z</time>
			</trkpt>
			<trkpt lat="45.38951" lon="2.11059">
				<ele>538.27</ele>
				<time>2026-05-20T18:57:49.755Z</time>
			</trkpt>
			<trkpt lat="45.38957" lon="2.11083">
				<ele>540.22</ele>
				<time>2026-05-20T18:57:51.038Z</time>
			</trkpt>
			<trkpt lat="45.38957" lon="2.11105">
				<ele>542.13</ele>
				<time>2026-05-20T18:57:52.144Z</time>
			</trkpt>
			<trkpt lat="45.38969" lon="2.11154">
				<ele>535.44</ele>
				<time>2026-05-20T18:57:54.746Z</time>
			</trkpt>
			<trkpt lat="45.38983" lon="2.11202">
				<ele>530.06</ele>
				<time>2026-05-20T18:57:57.344Z</time>
			</trkpt>
			<trkpt lat="45.39018" lon="2.11277">
				<ele>523.31</ele>
				<time>2026-05-20T18:58:01.824Z</time>
			</trkpt>
			<trkpt lat="45.39041" lon="2.11332">
				<ele>519.88</ele>
				<time>2026-05-20T18:58:04.993Z</time>
			</trkpt>
			<trkpt lat="45.39054" lon="2.11349">
				<ele>517.59</ele>
				<time>2026-05-20T18:58:06.234Z</time>
			</trkpt>
			<trkpt lat="45.3906" lon="2.11363">
				<ele>516.19</ele>
				<time>2026-05-20T18:58:07.042Z</time>
			</trkpt>
			<trkpt lat="45.39063" lon="2.1138">
				<ele>516.64</ele>
				<time>2026-05-20T18:58:07.905Z</time>
			</trkpt>
			<trkpt lat="45.39061" lon="2.11402">
				<ele>518.01</ele>
				<time>2026-05-20T18:58:08.996Z</time>
			</trkpt>
			<trkpt lat="45.39057" lon="2.11418">
				<ele>519.26</ele>
				<time>2026-05-20T18:58:09.830Z</time>
			</trkpt>
			<trkpt lat="45.3905" lon="2.11432">
				<ele>520.59</ele>
				<time>2026-05-20T18:58:10.673Z</time>
			</trkpt>
			<trkpt lat="45.39028" lon="2.11462">
				<ele>520.7</ele>
				<time>2026-05-20T18:58:12.797Z</time>
			</trkpt>
			<trkpt lat="45.3901" lon="2.11477">
				<ele>520.44</ele>
				<time>2026-05-20T18:58:14.248Z</time>
			</trkpt>
			<trkpt lat="45.38993" lon="2.11485">
				<ele>522.6</ele>
				<time>2026-05-20T18:58:15.491Z</time>
			</trkpt>
			<trkpt lat="45.38974" lon="2.11506">
				<ele>523.47</ele>
				<time>2026-05-20T18:58:17.158Z</time>
			</trkpt>
			<trkpt lat="45.38944" lon="2.11553">
				<ele>516.94</ele>
				<time>2026-05-20T18:58:20.239Z</time>
			</trkpt>
			<trkpt lat="45.38918" lon="2.1157">
				<ele>520.71</ele>
				<time>2026-05-20T18:58:22.209Z</time>
			</trkpt>
			<trkpt lat="45.38909" lon="2.1158">
				<ele>520.64</ele>
				<time>2026-05-20T18:58:22.994Z</time>
			</trkpt>
			<trkpt lat="45.38901" lon="2.11611">
				<ele>517.33</ele>
				<time>2026-05-20T18:58:24.586Z</time>
			</trkpt>
			<trkpt lat="45.38886" lon="2.11621">
				<ele>522.31</ele>
				<time>2026-05-20T18:58:25.720Z</time>
			</trkpt>
			<trkpt lat="45.38872" lon="2.11625">
				<ele>530.1</ele>
				<time>2026-05-20T18:58:26.697Z</time>
			</trkpt>
			<trkpt lat="45.38866" lon="2.11634">
				<ele>532.89</ele>
				<time>2026-05-20T18:58:27.292Z</time>
			</trkpt>
			<trkpt lat="45.38864" lon="2.11648">
				<ele>533.36</ele>
				<time>2026-05-20T18:58:27.977Z</time>
			</trkpt>
			<trkpt lat="45.38869" lon="2.11678">
				<ele>527.62</ele>
				<time>2026-05-20T18:58:29.453Z</time>
			</trkpt>
			<trkpt lat="45.38874" lon="2.11686">
				<ele>523.11</ele>
				<time>2026-05-20T18:58:29.966Z</time>
			</trkpt>
			<trkpt lat="45.38888" lon="2.11696">
				<ele>512.33</ele>
				<time>2026-05-20T18:58:31.031Z</time>
			</trkpt>
			<trkpt lat="45.38896" lon="2.11704">
				<ele>504.91</ele>
				<time>2026-05-20T18:58:31.695Z</time>
			</trkpt>
			<trkpt lat="45.38898" lon="2.11712">
				<ele>501.95</ele>
				<time>2026-05-20T18:58:32.100Z</time>
			</trkpt>
			<trkpt lat="45.38897" lon="2.11727">
				<ele>500.74</ele>
				<time>2026-05-20T18:58:32.818Z</time>
			</trkpt>
			<trkpt lat="45.38879" lon="2.11759">
				<ele>508.97</ele>
				<time>2026-05-20T18:58:34.767Z</time>
			</trkpt>
			<trkpt lat="45.38876" lon="2.1177">
				<ele>510.7</ele>
				<time>2026-05-20T18:58:35.328Z</time>
			</trkpt>
			<trkpt lat="45.38877" lon="2.11781">
				<ele>510.27</ele>
				<time>2026-05-20T18:58:35.854Z</time>
			</trkpt>
			<trkpt lat="45.38891" lon="2.11802">
				<ele>504.43</ele>
				<time>2026-05-20T18:58:37.226Z</time>
			</trkpt>
			<trkpt lat="45.38895" lon="2.11817">
				<ele>503.45</ele>
				<time>2026-05-20T18:58:37.985Z</time>
			</trkpt>
			<trkpt lat="45.38895" lon="2.11855">
				<ele>508.32</ele>
				<time>2026-05-20T18:58:39.780Z</time>
			</trkpt>
			<trkpt lat="45.38898" lon="2.11871">
				<ele>506.99</ele>
				<time>2026-05-20T18:58:40.561Z</time>
			</trkpt>
			<trkpt lat="45.38907" lon="2.11885">
				<ele>502.27</ele>
				<time>2026-05-20T18:58:41.455Z</time>
			</trkpt>
			<trkpt lat="45.38916" lon="2.11893">
				<ele>497.52</ele>
				<time>2026-05-20T18:58:42.166Z</time>
			</trkpt>
			<trkpt lat="45.38932" lon="2.11896">
				<ele>489.83</ele>
				<time>2026-05-20T18:58:43.246Z</time>
			</trkpt>
			<trkpt lat="45.38937" lon="2.11902">
				<ele>487.26</ele>
				<time>2026-05-20T18:58:43.683Z</time>
			</trkpt>
			<trkpt lat="45.38939" lon="2.1191">
				<ele>486.42</ele>
				<time>2026-05-20T18:58:44.082Z</time>
			</trkpt>
			<trkpt lat="45.38936" lon="2.11919">
				<ele>487.34</ele>
				<time>2026-05-20T18:58:44.549Z</time>
			</trkpt>
			<trkpt lat="45.3893" lon="2.11929">
				<ele>489.03</ele>
				<time>2026-05-20T18:58:45.165Z</time>
			</trkpt>
			<trkpt lat="45.38853" lon="2.11996">
				<ele>503.47</ele>
				<time>2026-05-20T18:58:51.161Z</time>
			</trkpt>
			<trkpt lat="45.38806" lon="2.12059">
				<ele>492.41</ele>
				<time>2026-05-20T18:58:55.420Z</time>
			</trkpt>
			<trkpt lat="45.38794" lon="2.12071">
				<ele>490.09</ele>
				<time>2026-05-20T18:58:56.384Z</time>
			</trkpt>
			<trkpt lat="45.3878" lon="2.1208">
				<ele>489.64</ele>
				<time>2026-05-20T18:58:57.393Z</time>
			</trkpt>
			<trkpt lat="45.38762" lon="2.12084">
				<ele>489.1</ele>
				<time>2026-05-20T18:58:58.588Z</time>
			</trkpt>
			<trkpt lat="45.3874" lon="2.12086">
				<ele>488.27</ele>
				<time>2026-05-20T18:59:00.031Z</time>
			</trkpt>
			<trkpt lat="45.38703" lon="2.12076">
				<ele>489.67</ele>
				<time>2026-05-20T18:59:02.490Z</time>
			</trkpt>
			<trkpt lat="45.38612" lon="2.12059">
				<ele>488.35</ele>
				<time>2026-05-20T18:59:08.448Z</time>
			</trkpt>
			<trkpt lat="45.38588" lon="2.12058">
				<ele>484.87</ele>
				<time>2026-05-20T18:59:10.000Z</time>
			</trkpt>
			<trkpt lat="45.38564" lon="2.12062">
				<ele>481.56</ele>
				<time>2026-05-20T18:59:11.557Z</time>
			</trkpt>
			<trkpt lat="45.38525" lon="2.12075">
				<ele>477.15</ele>
				<time>2026-05-20T18:59:14.133Z</time>
			</trkpt>
			<trkpt lat="45.38495" lon="2.12091">
				<ele>473.4</ele>
				<time>2026-05-20T18:59:16.186Z</time>
			</trkpt>
			<trkpt lat="45.38479" lon="2.12095">
				<ele>476.7</ele>
				<time>2026-05-20T18:59:17.225Z</time>
			</trkpt>
			<trkpt lat="45.38465" lon="2.12092">
				<ele>483.26</ele>
				<time>2026-05-20T18:59:18.130Z</time>
			</trkpt>
			<trkpt lat="45.38456" lon="2.12095">
				<ele>487.58</ele>
				<time>2026-05-20T18:59:18.719Z</time>
			</trkpt>
			<trkpt lat="45.38448" lon="2.12103">
				<ele>489.38</ele>
				<time>2026-05-20T18:59:19.343Z</time>
			</trkpt>
			<trkpt lat="45.38442" lon="2.12112">
				<ele>489.58</ele>
				<time>2026-05-20T18:59:19.898Z</time>
			</trkpt>
			<trkpt lat="45.38418" lon="2.12221">
				<ele>480.39</ele>
				<time>2026-05-20T18:59:24.991Z</time>
			</trkpt>
			<trkpt lat="45.38416" lon="2.12236">
				<ele>480.49</ele>
				<time>2026-05-20T18:59:25.669Z</time>
			</trkpt>
			<trkpt lat="45.38418" lon="2.12249">
				<ele>479.03</ele>
				<time>2026-05-20T18:59:26.260Z</time>
			</trkpt>
			<trkpt lat="45.38434" lon="2.12298">
				<ele>465.36</ele>
				<time>2026-05-20T18:59:28.653Z</time>
			</trkpt>
			<trkpt lat="45.38436" lon="2.12315">
				<ele>461.91</ele>
				<time>2026-05-20T18:59:29.415Z</time>
			</trkpt>
			<trkpt lat="45.38431" lon="2.12332">
				<ele>460.76</ele>
				<time>2026-05-20T18:59:30.229Z</time>
			</trkpt>
			<trkpt lat="45.38423" lon="2.12345">
				<ele>460.67</ele>
				<time>2026-05-20T18:59:30.991Z</time>
			</trkpt>
			<trkpt lat="45.38409" lon="2.12359">
				<ele>461.61</ele>
				<time>2026-05-20T18:59:32.064Z</time>
			</trkpt>
			<trkpt lat="45.38298" lon="2.12411">
				<ele>470.24</ele>
				<time>2026-05-20T18:59:39.353Z</time>
			</trkpt>
			<trkpt lat="45.38282" lon="2.12427">
				<ele>468.75</ele>
				<time>2026-05-20T18:59:40.566Z</time>
			</trkpt>
			<trkpt lat="45.38252" lon="2.12477">
				<ele>463.84</ele>
				<time>2026-05-20T18:59:43.423Z</time>
			</trkpt>
			<trkpt lat="45.38228" lon="2.12544">
				<ele>452.84</ele>
				<time>2026-05-20T18:59:46.678Z</time>
			</trkpt>
			<trkpt lat="45.38217" lon="2.12589">
				<ele>447.49</ele>
				<time>2026-05-20T18:59:48.733Z</time>
			</trkpt>
			<trkpt lat="45.38213" lon="2.12612">
				<ele>446.88</ele>
				<time>2026-05-20T18:59:49.753Z</time>
			</trkpt>
			<trkpt lat="45.38215" lon="2.12634">
				<ele>446.41</ele>
				<time>2026-05-20T18:59:50.706Z</time>
			</trkpt>
			<trkpt lat="45.38227" lon="2.12667">
				<ele>444.59</ele>
				<time>2026-05-20T18:59:52.301Z</time>
			</trkpt>
			<trkpt lat="45.38226" lon="2.12684">
				<ele>443.92</ele>
				<time>2026-05-20T18:59:53.032Z</time>
			</trkpt>
			<trkpt lat="45.38218" lon="2.12707">
				<ele>445.01</ele>
				<time>2026-05-20T18:59:54.130Z</time>
			</trkpt>
			<trkpt lat="45.38207" lon="2.12727">
				<ele>449.53</ele>
				<time>2026-05-20T18:59:55.216Z</time>
			</trkpt>
			<trkpt lat="45.38197" lon="2.12753">
				<ele>452.97</ele>
				<time>2026-05-20T18:59:56.481Z</time>
			</trkpt>
			<trkpt lat="45.38192" lon="2.12795">
				<ele>452.32</ele>
				<time>2026-05-20T18:59:58.295Z</time>
			</trkpt>
			<trkpt lat="45.38193" lon="2.12832">
				<ele>446.71</ele>
				<time>2026-05-20T18:59:59.868Z</time>
			</trkpt>
			<trkpt lat="45.38203" lon="2.12897">
				<ele>438.29</ele>
				<time>2026-05-20T19:00:02.688Z</time>
			</trkpt>
			<trkpt lat="45.38214" lon="2.12939">
				<ele>435.93</ele>
				<time>2026-05-20T19:00:04.581Z</time>
			</trkpt>
			<trkpt lat="45.38225" lon="2.12976">
				<ele>439.22</ele>
				<time>2026-05-20T19:00:06.275Z</time>
			</trkpt>
			<trkpt lat="45.38228" lon="2.12985">
				<ele>441.27</ele>
				<time>2026-05-20T19:00:06.694Z</time>
			</trkpt>
			<trkpt lat="45.38228" lon="2.12999">
				<ele>443.63</ele>
				<time>2026-05-20T19:00:07.283Z</time>
			</trkpt>
			<trkpt lat="45.38224" lon="2.13014">
				<ele>445.3</ele>
				<time>2026-05-20T19:00:07.957Z</time>
			</trkpt>
			<trkpt lat="45.38211" lon="2.13043">
				<ele>444.95</ele>
				<time>2026-05-20T19:00:09.401Z</time>
			</trkpt>
			<trkpt lat="45.38207" lon="2.1306">
				<ele>444.4</ele>
				<time>2026-05-20T19:00:10.152Z</time>
			</trkpt>
			<trkpt lat="45.38206" lon="2.13076">
				<ele>445.19</ele>
				<time>2026-05-20T19:00:10.825Z</time>
			</trkpt>
			<trkpt lat="45.38208" lon="2.13092">
				<ele>446.26</ele>
				<time>2026-05-20T19:00:11.505Z</time>
			</trkpt>
			<trkpt lat="45.38221" lon="2.13129">
				<ele>451.38</ele>
				<time>2026-05-20T19:00:13.233Z</time>
			</trkpt>
			<trkpt lat="45.38223" lon="2.13141">
				<ele>452.76</ele>
				<time>2026-05-20T19:00:13.747Z</time>
			</trkpt>
			<trkpt lat="45.38222" lon="2.13182">
				<ele>456.25</ele>
				<time>2026-05-20T19:00:15.456Z</time>
			</trkpt>
			<trkpt lat="45.38212" lon="2.13215">
				<ele>457.25</ele>
				<time>2026-05-20T19:00:16.950Z</time>
			</trkpt>
			<trkpt lat="45.38198" lon="2.13245">
				<ele>455.96</ele>
				<time>2026-05-20T19:00:18.444Z</time>
			</trkpt>
			<trkpt lat="45.38194" lon="2.13259">
				<ele>456.3</ele>
				<time>2026-05-20T19:00:19.071Z</time>
			</trkpt>
			<trkpt lat="45.3819" lon="2.13276">
				<ele>457.15</ele>
				<time>2026-05-20T19:00:19.813Z</time>
			</trkpt>
			<trkpt lat="45.38186" lon="2.13313">
				<ele>463.2</ele>
				<time>2026-05-20T19:00:21.360Z</time>
			</trkpt>
			<trkpt lat="45.3818" lon="2.13339">
				<ele>466.25</ele>
				<time>2026-05-20T19:00:22.490Z</time>
			</trkpt>
			<trkpt lat="45.38176" lon="2.13346">
				<ele>466.32</ele>
				<time>2026-05-20T19:00:22.862Z</time>
			</trkpt>
			<trkpt lat="45.3815" lon="2.13384">
				<ele>462.15</ele>
				<time>2026-05-20T19:00:25.045Z</time>
			</trkpt>
			<trkpt lat="45.38137" lon="2.13417">
				<ele>463.69</ele>
				<time>2026-05-20T19:00:26.599Z</time>
			</trkpt>
			<trkpt lat="45.38131" lon="2.13437">
				<ele>465.17</ele>
				<time>2026-05-20T19:00:27.491Z</time>
			</trkpt>
			<trkpt lat="45.38129" lon="2.13451">
				<ele>466.23</ele>
				<time>2026-05-20T19:00:28.076Z</time>
			</trkpt>
			<trkpt lat="45.3813" lon="2.13463">
				<ele>468.27</ele>
				<time>2026-05-20T19:00:28.570Z</time>
			</trkpt>
			<trkpt lat="45.38142" lon="2.1352">
				<ele>479.26</ele>
				<time>2026-05-20T19:00:31.002Z</time>
			</trkpt>
			<trkpt lat="45.38143" lon="2.13575">
				<ele>482.64</ele>
				<time>2026-05-20T19:00:33.244Z</time>
			</trkpt>
			<trkpt lat="45.38142" lon="2.13616">
				<ele>484.94</ele>
				<time>2026-05-20T19:00:34.911Z</time>
			</trkpt>
			<trkpt lat="45.38139" lon="2.13631">
				<ele>486.86</ele>
				<time>2026-05-20T19:00:35.544Z</time>
			</trkpt>
			<trkpt lat="45.38136" lon="2.13643">
				<ele>488.47</ele>
				<time>2026-05-20T19:00:36.060Z</time>
			</trkpt>
			<trkpt lat="45.38129" lon="2.1365">
				<ele>489.25</ele>
				<time>2026-05-20T19:00:36.554Z</time>
			</trkpt>
			<trkpt lat="45.38123" lon="2.13647">
				<ele>488.56</ele>
				<time>2026-05-20T19:00:36.921Z</time>
			</trkpt>
			<trkpt lat="45.38118" lon="2.1364">
				<ele>486.82</ele>
				<time>2026-05-20T19:00:37.325Z</time>
			</trkpt>
			<trkpt lat="45.3811" lon="2.13613">
				<ele>480.53</ele>
				<time>2026-05-20T19:00:38.510Z</time>
			</trkpt>
			<trkpt lat="45.38099" lon="2.13588">
				<ele>474.41</ele>
				<time>2026-05-20T19:00:39.702Z</time>
			</trkpt>
			<trkpt lat="45.3809" lon="2.1358">
				<ele>471.79</ele>
				<time>2026-05-20T19:00:40.312Z</time>
			</trkpt>
			<trkpt lat="45.38085" lon="2.13579">
				<ele>470.9</ele>
				<time>2026-05-20T19:00:40.601Z</time>
			</trkpt>
			<trkpt lat="45.38073" lon="2.13584">
				<ele>472.31</ele>
				<time>2026-05-20T19:00:41.319Z</time>
			</trkpt>
			<trkpt lat="45.38023" lon="2.13631">
				<ele>488.06</ele>
				<time>2026-05-20T19:00:44.748Z</time>
			</trkpt>
			<trkpt lat="45.38007" lon="2.13643">
				<ele>490.75</ele>
				<time>2026-05-20T19:00:45.780Z</time>
			</trkpt>
			<trkpt lat="45.37984" lon="2.13648">
				<ele>492.16</ele>
				<time>2026-05-20T19:00:47.106Z</time>
			</trkpt>
			<trkpt lat="45.37907" lon="2.13654">
				<ele>496.59</ele>
				<time>2026-05-20T19:00:51.486Z</time>
			</trkpt>
			<trkpt lat="45.37892" lon="2.13654">
				<ele>499.72</ele>
				<time>2026-05-20T19:00:52.335Z</time>
			</trkpt>
			<trkpt lat="45.37881" lon="2.13647">
				<ele>499.01</ele>
				<time>2026-05-20T19:00:53.017Z</time>
			</trkpt>
			<trkpt lat="45.3783" lon="2.13607">
				<ele>493.9</ele>
				<time>2026-05-20T19:00:56.303Z</time>
			</trkpt>
			<trkpt lat="45.37813" lon="2.13598">
				<ele>496.63</ele>
				<time>2026-05-20T19:00:57.324Z</time>
			</trkpt>
			<trkpt lat="45.37758" lon="2.13584">
				<ele>510.12</ele>
				<time>2026-05-20T19:01:00.461Z</time>
			</trkpt>
			<trkpt lat="45.37713" lon="2.13558">
				<ele>505.84</ele>
				<time>2026-05-20T19:01:03.179Z</time>
			</trkpt>
			<trkpt lat="45.37702" lon="2.13555">
				<ele>504.1</ele>
				<time>2026-05-20T19:01:03.804Z</time>
			</trkpt>
			<trkpt lat="45.37693" lon="2.13557">
				<ele>504.82</ele>
				<time>2026-05-20T19:01:04.313Z</time>
			</trkpt>
			<trkpt lat="45.37642" lon="2.13589">
				<ele>513.99</ele>
				<time>2026-05-20T19:01:07.417Z</time>
			</trkpt>
			<trkpt lat="45.37634" lon="2.13592">
				<ele>514.25</ele>
				<time>2026-05-20T19:01:07.876Z</time>
			</trkpt>
			<trkpt lat="45.37596" lon="2.13592">
				<ele>513.71</ele>
				<time>2026-05-20T19:01:09.985Z</time>
			</trkpt>
			<trkpt lat="45.3757" lon="2.13607">
				<ele>524.64</ele>
				<time>2026-05-20T19:01:11.539Z</time>
			</trkpt>
			<trkpt lat="45.37561" lon="2.13607">
				<ele>526.58</ele>
				<time>2026-05-20T19:01:12.037Z</time>
			</trkpt>
			<trkpt lat="45.3755" lon="2.13604">
				<ele>527.89</ele>
				<time>2026-05-20T19:01:12.656Z</time>
			</trkpt>
			<trkpt lat="45.37542" lon="2.13599">
				<ele>528.23</ele>
				<time>2026-05-20T19:01:13.139Z</time>
			</trkpt>
			<trkpt lat="45.37525" lon="2.1358">
				<ele>527.34</ele>
				<time>2026-05-20T19:01:14.332Z</time>
			</trkpt>
			<trkpt lat="45.37512" lon="2.1356">
				<ele>523.07</ele>
				<time>2026-05-20T19:01:15.387Z</time>
			</trkpt>
			<trkpt lat="45.37499" lon="2.13529">
				<ele>515.67</ele>
				<time>2026-05-20T19:01:16.783Z</time>
			</trkpt>
			<trkpt lat="45.37487" lon="2.13518">
				<ele>515</ele>
				<time>2026-05-20T19:01:17.568Z</time>
			</trkpt>
			<trkpt lat="45.37479" lon="2.13514">
				<ele>515.74</ele>
				<time>2026-05-20T19:01:18.034Z</time>
			</trkpt>
			<trkpt lat="45.37469" lon="2.13513">
				<ele>517.47</ele>
				<time>2026-05-20T19:01:18.584Z</time>
			</trkpt>
			<trkpt lat="45.37429" lon="2.1352">
				<ele>519.13</ele>
				<time>2026-05-20T19:01:20.794Z</time>
			</trkpt>
			<trkpt lat="45.37422" lon="2.13524">
				<ele>519.77</ele>
				<time>2026-05-20T19:01:21.207Z</time>
			</trkpt>
			<trkpt lat="45.37417" lon="2.13531">
				<ele>520.8</ele>
				<time>2026-05-20T19:01:21.590Z</time>
			</trkpt>
			<trkpt lat="45.37412" lon="2.13542">
				<ele>521.86</ele>
				<time>2026-05-20T19:01:22.094Z</time>
			</trkpt>
			<trkpt lat="45.3741" lon="2.13561">
				<ele>524.29</ele>
				<time>2026-05-20T19:01:22.832Z</time>
			</trkpt>
			<trkpt lat="45.37411" lon="2.13588">
				<ele>526.95</ele>
				<time>2026-05-20T19:01:23.869Z</time>
			</trkpt>
			<trkpt lat="45.37405" lon="2.13622">
				<ele>528.96</ele>
				<time>2026-05-20T19:01:25.212Z</time>
			</trkpt>
			<trkpt lat="45.37393" lon="2.13646">
				<ele>528.25</ele>
				<time>2026-05-20T19:01:26.339Z</time>
			</trkpt>
			<trkpt lat="45.37358" lon="2.13709">
				<ele>525.96</ele>
				<time>2026-05-20T19:01:29.405Z</time>
			</trkpt>
			<trkpt lat="45.37356" lon="2.1372">
				<ele>526.87</ele>
				<time>2026-05-20T19:01:29.838Z</time>
			</trkpt>
			<trkpt lat="45.37356" lon="2.13731">
				<ele>527.97</ele>
				<time>2026-05-20T19:01:30.256Z</time>
			</trkpt>
			<trkpt lat="45.37374" lon="2.13784">
				<ele>537.62</ele>
				<time>2026-05-20T19:01:32.495Z</time>
			</trkpt>
			<trkpt lat="45.37377" lon="2.13823">
				<ele>539.01</ele>
				<time>2026-05-20T19:01:33.984Z</time>
			</trkpt>
			<trkpt lat="45.37382" lon="2.13847">
				<ele>540.19</ele>
				<time>2026-05-20T19:01:34.933Z</time>
			</trkpt>
			<trkpt lat="45.37388" lon="2.1386">
				<ele>541.02</ele>
				<time>2026-05-20T19:01:35.522Z</time>
			</trkpt>
			<trkpt lat="45.37412" lon="2.13897">
				<ele>543.01</ele>
				<time>2026-05-20T19:01:37.427Z</time>
			</trkpt>
			<trkpt lat="45.37421" lon="2.13908">
				<ele>542.82</ele>
				<time>2026-05-20T19:01:38.065Z</time>
			</trkpt>
			<trkpt lat="45.3743" lon="2.13913">
				<ele>542.98</ele>
				<time>2026-05-20T19:01:38.584Z</time>
			</trkpt>
			<trkpt lat="45.37475" lon="2.13918">
				<ele>547.56</ele>
				<time>2026-05-20T19:01:41.006Z</time>
			</trkpt>
			<trkpt lat="45.37485" lon="2.13925">
				<ele>549</ele>
				<time>2026-05-20T19:01:41.603Z</time>
			</trkpt>
			<trkpt lat="45.37491" lon="2.13937">
				<ele>549.64</ele>
				<time>2026-05-20T19:01:42.157Z</time>
			</trkpt>
			<trkpt lat="45.37493" lon="2.13954">
				<ele>550.54</ele>
				<time>2026-05-20T19:01:42.805Z</time>
			</trkpt>
			<trkpt lat="45.37492" lon="2.13968">
				<ele>551.33</ele>
				<time>2026-05-20T19:01:43.333Z</time>
			</trkpt>
			<trkpt lat="45.37487" lon="2.1398">
				<ele>551.85</ele>
				<time>2026-05-20T19:01:43.857Z</time>
			</trkpt>
			<trkpt lat="45.3746" lon="2.14015">
				<ele>551.24</ele>
				<time>2026-05-20T19:01:45.806Z</time>
			</trkpt>
			<trkpt lat="45.37456" lon="2.14032">
				<ele>551.91</ele>
				<time>2026-05-20T19:01:46.478Z</time>
			</trkpt>
			<trkpt lat="45.37455" lon="2.14053">
				<ele>553.21</ele>
				<time>2026-05-20T19:01:47.265Z</time>
			</trkpt>
			<trkpt lat="45.37458" lon="2.14075">
				<ele>554.69</ele>
				<time>2026-05-20T19:01:48.103Z</time>
			</trkpt>
			<trkpt lat="45.37463" lon="2.14098">
				<ele>556.04</ele>
				<time>2026-05-20T19:01:49.003Z</time>
			</trkpt>
			<trkpt lat="45.37508" lon="2.14232">
				<ele>560.86</ele>
				<time>2026-05-20T19:01:54.534Z</time>
			</trkpt>
			<trkpt lat="45.37525" lon="2.14266">
				<ele>562.01</ele>
				<time>2026-05-20T19:01:56.083Z</time>
			</trkpt>
			<trkpt lat="45.37548" lon="2.14288">
				<ele>565.61</ele>
				<time>2026-05-20T19:01:57.545Z</time>
			</trkpt>
			<trkpt lat="45.37573" lon="2.14305">
				<ele>567.3</ele>
				<time>2026-05-20T19:01:59.005Z</time>
			</trkpt>
			<trkpt lat="45.37623" lon="2.14326">
				<ele>570.04</ele>
				<time>2026-05-20T19:02:01.746Z</time>
			</trkpt>
			<trkpt lat="45.37629" lon="2.14331">
				<ele>570.91</ele>
				<time>2026-05-20T19:02:02.111Z</time>
			</trkpt>
			<trkpt lat="45.37637" lon="2.14344">
				<ele>573.07</ele>
				<time>2026-05-20T19:02:02.748Z</time>
			</trkpt>
			<trkpt lat="45.3764" lon="2.14353">
				<ele>574.41</ele>
				<time>2026-05-20T19:02:03.115Z</time>
			</trkpt>
			<trkpt lat="45.37643" lon="2.14371">
				<ele>576.22</ele>
				<time>2026-05-20T19:02:03.796Z</time>
			</trkpt>
			<trkpt lat="45.37637" lon="2.14399">
				<ele>577.24</ele>
				<time>2026-05-20T19:02:04.873Z</time>
			</trkpt>
			<trkpt lat="45.37635" lon="2.14425">
				<ele>576.82</ele>
				<time>2026-05-20T19:02:05.835Z</time>
			</trkpt>
			<trkpt lat="45.37638" lon="2.14461">
				<ele>575.35</ele>
				<time>2026-05-20T19:02:07.167Z</time>
			</trkpt>
			<trkpt lat="45.37652" lon="2.14491">
				<ele>576.91</ele>
				<time>2026-05-20T19:02:08.488Z</time>
			</trkpt>
			<trkpt lat="45.37663" lon="2.14504">
				<ele>578.21</ele>
				<time>2026-05-20T19:02:09.234Z</time>
			</trkpt>
			<trkpt lat="45.37679" lon="2.14519">
				<ele>580.05</ele>
				<time>2026-05-20T19:02:10.232Z</time>
			</trkpt>
			<trkpt lat="45.37697" lon="2.14527">
				<ele>582</ele>
				<time>2026-05-20T19:02:11.215Z</time>
			</trkpt>
			<trkpt lat="45.37753" lon="2.14532">
				<ele>583.93</ele>
				<time>2026-05-20T19:02:14.132Z</time>
			</trkpt>
			<trkpt lat="45.3777" lon="2.14538">
				<ele>584.36</ele>
				<time>2026-05-20T19:02:15.042Z</time>
			</trkpt>
			<trkpt lat="45.37841" lon="2.14581">
				<ele>587.45</ele>
				<time>2026-05-20T19:02:19.039Z</time>
			</trkpt>
			<trkpt lat="45.37861" lon="2.14597">
				<ele>589.47</ele>
				<time>2026-05-20T19:02:20.225Z</time>
			</trkpt>
			<trkpt lat="45.37887" lon="2.14627">
				<ele>587.54</ele>
				<time>2026-05-20T19:02:21.953Z</time>
			</trkpt>
			<trkpt lat="45.37979" lon="2.14745">
				<ele>581.68</ele>
				<time>2026-05-20T19:02:28.326Z</time>
			</trkpt>
			<trkpt lat="45.38005" lon="2.14782">
				<ele>583.75</ele>
				<time>2026-05-20T19:02:30.211Z</time>
			</trkpt>
			<trkpt lat="45.38014" lon="2.14801">
				<ele>585.32</ele>
				<time>2026-05-20T19:02:31.036Z</time>
			</trkpt>
			<trkpt lat="45.38046" lon="2.14894">
				<ele>587.28</ele>
				<time>2026-05-20T19:02:34.757Z</time>
			</trkpt>
			<trkpt lat="45.38055" lon="2.14927">
				<ele>588.39</ele>
				<time>2026-05-20T19:02:36.027Z</time>
			</trkpt>
			<trkpt lat="45.38057" lon="2.14941">
				<ele>588.83</ele>
				<time>2026-05-20T19:02:36.539Z</time>
			</trkpt>
			<trkpt lat="45.38057" lon="2.14953">
				<ele>589.25</ele>
				<time>2026-05-20T19:02:36.969Z</time>
			</trkpt>
			<trkpt lat="45.38054" lon="2.14966">
				<ele>589.82</ele>
				<time>2026-05-20T19:02:37.459Z</time>
			</trkpt>
			<trkpt lat="45.38045" lon="2.14984">
				<ele>591.21</ele>
				<time>2026-05-20T19:02:38.250Z</time>
			</trkpt>
			<trkpt lat="45.38031" lon="2.15003">
				<ele>593.2</ele>
				<time>2026-05-20T19:02:39.235Z</time>
			</trkpt>
			<trkpt lat="45.37908" lon="2.15149">
				<ele>587.76</ele>
				<time>2026-05-20T19:02:47.367Z</time>
			</trkpt>
			<trkpt lat="45.37889" lon="2.15168">
				<ele>585.09</ele>
				<time>2026-05-20T19:02:48.543Z</time>
			</trkpt>
			<trkpt lat="45.37872" lon="2.15179">
				<ele>583.82</ele>
				<time>2026-05-20T19:02:49.487Z</time>
			</trkpt>
			<trkpt lat="45.37833" lon="2.15194">
				<ele>580.97</ele>
				<time>2026-05-20T19:02:51.529Z</time>
			</trkpt>
			<trkpt lat="45.37817" lon="2.15203">
				<ele>579.94</ele>
				<time>2026-05-20T19:02:52.398Z</time>
			</trkpt>
			<trkpt lat="45.37804" lon="2.15219">
				<ele>579.08</ele>
				<time>2026-05-20T19:02:53.265Z</time>
			</trkpt>
			<trkpt lat="45.37791" lon="2.15252">
				<ele>580.21</ele>
				<time>2026-05-20T19:02:54.605Z</time>
			</trkpt>
			<trkpt lat="45.37781" lon="2.15265">
				<ele>582.61</ele>
				<time>2026-05-20T19:02:55.288Z</time>
			</trkpt>
			<trkpt lat="45.37769" lon="2.15269">
				<ele>584.16</ele>
				<time>2026-05-20T19:02:55.909Z</time>
			</trkpt>
			<trkpt lat="45.37727" lon="2.15255">
				<ele>582.46</ele>
				<time>2026-05-20T19:02:58.080Z</time>
			</trkpt>
			<trkpt lat="45.37719" lon="2.15255">
				<ele>582.41</ele>
				<time>2026-05-20T19:02:58.482Z</time>
			</trkpt>
			<trkpt lat="45.37711" lon="2.15258">
				<ele>583.42</ele>
				<time>2026-05-20T19:02:58.898Z</time>
			</trkpt>
			<trkpt lat="45.37613" lon="2.15314">
				<ele>588.34</ele>
				<time>2026-05-20T19:03:04.201Z</time>
			</trkpt>
			<trkpt lat="45.37585" lon="2.15332">
				<ele>589.1</ele>
				<time>2026-05-20T19:03:05.740Z</time>
			</trkpt>
			<trkpt lat="45.37576" lon="2.15346">
				<ele>589.33</ele>
				<time>2026-05-20T19:03:06.408Z</time>
			</trkpt>
			<trkpt lat="45.37572" lon="2.15365">
				<ele>590.43</ele>
				<time>2026-05-20T19:03:07.106Z</time>
			</trkpt>
			<trkpt lat="45.37572" lon="2.15426">
				<ele>591.27</ele>
				<time>2026-05-20T19:03:09.250Z</time>
			</trkpt>
			<trkpt lat="45.37569" lon="2.15466">
				<ele>589.3</ele>
				<time>2026-05-20T19:03:10.662Z</time>
			</trkpt>
			<trkpt lat="45.37563" lon="2.15498">
				<ele>584.97</ele>
				<time>2026-05-20T19:03:11.825Z</time>
			</trkpt>
			<trkpt lat="45.37485" lon="2.1574">
				<ele>576.87</ele>
				<time>2026-05-20T19:03:21.147Z</time>
			</trkpt>
			<trkpt lat="45.37482" lon="2.15756">
				<ele>577.46</ele>
				<time>2026-05-20T19:03:21.725Z</time>
			</trkpt>
			<trkpt lat="45.37483" lon="2.15787">
				<ele>578.39</ele>
				<time>2026-05-20T19:03:22.809Z</time>
			</trkpt>
			<trkpt lat="45.37486" lon="2.15802">
				<ele>578.38</ele>
				<time>2026-05-20T19:03:23.354Z</time>
			</trkpt>
			<trkpt lat="45.37492" lon="2.15819">
				<ele>577.43</ele>
				<time>2026-05-20T19:03:24.018Z</time>
			</trkpt>
			<trkpt lat="45.37538" lon="2.15913">
				<ele>571.41</ele>
				<time>2026-05-20T19:03:28.013Z</time>
			</trkpt>
			<trkpt lat="45.37553" lon="2.15939">
				<ele>570.17</ele>
				<time>2026-05-20T19:03:29.186Z</time>
			</trkpt>
			<trkpt lat="45.37559" lon="2.15958">
				<ele>569.85</ele>
				<time>2026-05-20T19:03:29.911Z</time>
			</trkpt>
			<trkpt lat="45.37572" lon="2.16006">
				<ele>570.72</ele>
				<time>2026-05-20T19:03:31.703Z</time>
			</trkpt>
			<trkpt lat="45.37583" lon="2.16075">
				<ele>566.88</ele>
				<time>2026-05-20T19:03:34.165Z</time>
			</trkpt>
			<trkpt lat="45.37582" lon="2.16107">
				<ele>562.63</ele>
				<time>2026-05-20T19:03:35.278Z</time>
			</trkpt>
			<trkpt lat="45.3758" lon="2.1613">
				<ele>562.13</ele>
				<time>2026-05-20T19:03:36.084Z</time>
			</trkpt>
			<trkpt lat="45.3757" lon="2.16192">
				<ele>560.31</ele>
				<time>2026-05-20T19:03:38.295Z</time>
			</trkpt>
			<trkpt lat="45.37569" lon="2.16209">
				<ele>559.47</ele>
				<time>2026-05-20T19:03:38.887Z</time>
			</trkpt>
			<trkpt lat="45.3757" lon="2.16223">
				<ele>559.04</ele>
				<time>2026-05-20T19:03:39.376Z</time>
			</trkpt>
			<trkpt lat="45.37572" lon="2.16233">
				<ele>558.57</ele>
				<time>2026-05-20T19:03:39.737Z</time>
			</trkpt>
			<trkpt lat="45.37599" lon="2.16302">
				<ele>561.45</ele>
				<time>2026-05-20T19:03:42.479Z</time>
			</trkpt>
			<trkpt lat="45.37637" lon="2.16366">
				<ele>564.24</ele>
				<time>2026-05-20T19:03:45.387Z</time>
			</trkpt>
			<trkpt lat="45.37642" lon="2.16385">
				<ele>563.24</ele>
				<time>2026-05-20T19:03:46.090Z</time>
			</trkpt>
			<trkpt lat="45.37643" lon="2.16394">
				<ele>562.23</ele>
				<time>2026-05-20T19:03:46.406Z</time>
			</trkpt>
			<trkpt lat="45.37641" lon="2.16403">
				<ele>561.02</ele>
				<time>2026-05-20T19:03:46.734Z</time>
			</trkpt>
			<trkpt lat="45.37634" lon="2.16416">
				<ele>558.47</ele>
				<time>2026-05-20T19:03:47.302Z</time>
			</trkpt>
			<trkpt lat="45.37613" lon="2.16434">
				<ele>557.83</ele>
				<time>2026-05-20T19:03:48.511Z</time>
			</trkpt>
			<trkpt lat="45.37605" lon="2.16437">
				<ele>559.68</ele>
				<time>2026-05-20T19:03:48.919Z</time>
			</trkpt>
			<trkpt lat="45.376" lon="2.16436">
				<ele>560.82</ele>
				<time>2026-05-20T19:03:49.169Z</time>
			</trkpt>
			<trkpt lat="45.37594" lon="2.16432">
				<ele>561.69</ele>
				<time>2026-05-20T19:03:49.495Z</time>
			</trkpt>
			<trkpt lat="45.37521" lon="2.16342">
				<ele>559.45</ele>
				<time>2026-05-20T19:03:54.258Z</time>
			</trkpt>
			<trkpt lat="45.37502" lon="2.1633">
				<ele>560.77</ele>
				<time>2026-05-20T19:03:55.283Z</time>
			</trkpt>
			<trkpt lat="45.37484" lon="2.16327">
				<ele>561.24</ele>
				<time>2026-05-20T19:03:56.176Z</time>
			</trkpt>
			<trkpt lat="45.37474" lon="2.16328">
				<ele>561.78</ele>
				<time>2026-05-20T19:03:56.670Z</time>
			</trkpt>
			<trkpt lat="45.37458" lon="2.16334">
				<ele>560.72</ele>
				<time>2026-05-20T19:03:57.485Z</time>
			</trkpt>
			<trkpt lat="45.37444" lon="2.16342">
				<ele>560.09</ele>
				<time>2026-05-20T19:03:58.229Z</time>
			</trkpt>
			<trkpt lat="45.37431" lon="2.16353">
				<ele>560.49</ele>
				<time>2026-05-20T19:03:58.974Z</time>
			</trkpt>
			<trkpt lat="45.37417" lon="2.16367">
				<ele>561.64</ele>
				<time>2026-05-20T19:03:59.817Z</time>
			</trkpt>
			<trkpt lat="45.37409" lon="2.16384">
				<ele>563.92</ele>
				<time>2026-05-20T19:04:00.525Z</time>
			</trkpt>
			<trkpt lat="45.37392" lon="2.16445">
				<ele>568.43</ele>
				<time>2026-05-20T19:04:02.796Z</time>
			</trkpt>
			<trkpt lat="45.37384" lon="2.16485">
				<ele>568.28</ele>
				<time>2026-05-20T19:04:04.235Z</time>
			</trkpt>
			<trkpt lat="45.37383" lon="2.16504">
				<ele>568.73</ele>
				<time>2026-05-20T19:04:04.894Z</time>
			</trkpt>
			<trkpt lat="45.37384" lon="2.16584">
				<ele>572.57</ele>
				<time>2026-05-20T19:04:07.662Z</time>
			</trkpt>
			<trkpt lat="45.37386" lon="2.16605">
				<ele>573.21</ele>
				<time>2026-05-20T19:04:08.396Z</time>
			</trkpt>
			<trkpt lat="45.37389" lon="2.16619">
				<ele>573.9</ele>
				<time>2026-05-20T19:04:08.902Z</time>
			</trkpt>
			<trkpt lat="45.3741" lon="2.1668">
				<ele>578.6</ele>
				<time>2026-05-20T19:04:11.252Z</time>
			</trkpt>
			<trkpt lat="45.3743" lon="2.16732">
				<ele>578.38</ele>
				<time>2026-05-20T19:04:13.303Z</time>
			</trkpt>
			<trkpt lat="45.37446" lon="2.16758">
				<ele>578.83</ele>
				<time>2026-05-20T19:04:14.499Z</time>
			</trkpt>
			<trkpt lat="45.37458" lon="2.16773">
				<ele>580.8</ele>
				<time>2026-05-20T19:04:15.285Z</time>
			</trkpt>
			<trkpt lat="45.37509" lon="2.16819">
				<ele>586.87</ele>
				<time>2026-05-20T19:04:18.259Z</time>
			</trkpt>
			<trkpt lat="45.37575" lon="2.16884">
				<ele>583.7</ele>
				<time>2026-05-20T19:04:22.213Z</time>
			</trkpt>
			<trkpt lat="45.37586" lon="2.16901">
				<ele>584.42</ele>
				<time>2026-05-20T19:04:23.013Z</time>
			</trkpt>
			<trkpt lat="45.37589" lon="2.16912">
				<ele>584.85</ele>
				<time>2026-05-20T19:04:23.421Z</time>
			</trkpt>
			<trkpt lat="45.37589" lon="2.16921">
				<ele>585.06</ele>
				<time>2026-05-20T19:04:23.733Z</time>
			</trkpt>
			<trkpt lat="45.37578" lon="2.16955">
				<ele>584.34</ele>
				<time>2026-05-20T19:04:25.029Z</time>
			</trkpt>
			<trkpt lat="45.37569" lon="2.16977">
				<ele>584.16</ele>
				<time>2026-05-20T19:04:25.910Z</time>
			</trkpt>
			<trkpt lat="45.37564" lon="2.16995">
				<ele>585.76</ele>
				<time>2026-05-20T19:04:26.581Z</time>
			</trkpt>
			<trkpt lat="45.37561" lon="2.17017">
				<ele>586.1</ele>
				<time>2026-05-20T19:04:27.357Z</time>
			</trkpt>
			<trkpt lat="45.37558" lon="2.17079">
				<ele>585.74</ele>
				<time>2026-05-20T19:04:29.510Z</time>
			</trkpt>
			<trkpt lat="45.37552" lon="2.17102">
				<ele>584.51</ele>
				<time>2026-05-20T19:04:30.360Z</time>
			</trkpt>
			<trkpt lat="45.37547" lon="2.17118">
				<ele>583.46</ele>
				<time>2026-05-20T19:04:30.967Z</time>
			</trkpt>
			<trkpt lat="45.37497" lon="2.17225">
				<ele>578.79</ele>
				<time>2026-05-20T19:04:35.422Z</time>
			</trkpt>
			<trkpt lat="45.37492" lon="2.17237">
				<ele>578.76</ele>
				<time>2026-05-20T19:04:35.906Z</time>
			</trkpt>
			<trkpt lat="45.37486" lon="2.17264">
				<ele>578.05</ele>
				<time>2026-05-20T19:04:36.888Z</time>
			</trkpt>
			<trkpt lat="45.37472" lon="2.17409">
				<ele>573.33</ele>
				<time>2026-05-20T19:04:41.969Z</time>
			</trkpt>
			<trkpt lat="45.37449" lon="2.17634">
				<ele>568.4</ele>
				<time>2026-05-20T19:04:49.877Z</time>
			</trkpt>
			<trkpt lat="45.37446" lon="2.17657">
				<ele>566.8</ele>
				<time>2026-05-20T19:04:50.691Z</time>
			</trkpt>
			<trkpt lat="45.37435" lon="2.17695">
				<ele>562.7</ele>
				<time>2026-05-20T19:04:52.123Z</time>
			</trkpt>
			<trkpt lat="45.37401" lon="2.17799">
				<ele>562.08</ele>
				<time>2026-05-20T19:04:56.123Z</time>
			</trkpt>
			<trkpt lat="45.37397" lon="2.1783">
				<ele>564.36</ele>
				<time>2026-05-20T19:04:57.223Z</time>
			</trkpt>
			<trkpt lat="45.37396" lon="2.17863">
				<ele>568.23</ele>
				<time>2026-05-20T19:04:58.377Z</time>
			</trkpt>
			<trkpt lat="45.37399" lon="2.17955">
				<ele>575.4</ele>
				<time>2026-05-20T19:05:01.595Z</time>
			</trkpt>
			<trkpt lat="45.37403" lon="2.18012">
				<ele>577.52</ele>
				<time>2026-05-20T19:05:03.600Z</time>
			</trkpt>
			<trkpt lat="45.37407" lon="2.1803">
				<ele>577.77</ele>
				<time>2026-05-20T19:05:04.261Z</time>
			</trkpt>
			<trkpt lat="45.37425" lon="2.18073">
				<ele>580.31</ele>
				<time>2026-05-20T19:05:06.014Z</time>
			</trkpt>
			<trkpt lat="45.37558" lon="2.18291">
				<ele>594.77</ele>
				<time>2026-05-20T19:05:16.156Z</time>
			</trkpt>
			<trkpt lat="45.37575" lon="2.18331">
				<ele>595.51</ele>
				<time>2026-05-20T19:05:17.803Z</time>
			</trkpt>
			<trkpt lat="45.37589" lon="2.18374">
				<ele>598.31</ele>
				<time>2026-05-20T19:05:19.474Z</time>
			</trkpt>
			<trkpt lat="45.376" lon="2.18395">
				<ele>600.71</ele>
				<time>2026-05-20T19:05:20.398Z</time>
			</trkpt>
			<trkpt lat="45.37663" lon="2.18491">
				<ele>605.23</ele>
				<time>2026-05-20T19:05:25.041Z</time>
			</trkpt>
			<trkpt lat="45.37678" lon="2.18518">
				<ele>604.97</ele>
				<time>2026-05-20T19:05:26.260Z</time>
			</trkpt>
			<trkpt lat="45.37692" lon="2.1856">
				<ele>605.1</ele>
				<time>2026-05-20T19:05:27.907Z</time>
			</trkpt>
			<trkpt lat="45.3777" lon="2.18808">
				<ele>611.68</ele>
				<time>2026-05-20T19:05:37.569Z</time>
			</trkpt>
			<trkpt lat="45.3784" lon="2.1904">
				<ele>610.41</ele>
				<time>2026-05-20T19:05:46.605Z</time>
			</trkpt>
			<trkpt lat="45.37971" lon="2.19451">
				<ele>611.67</ele>
				<time>2026-05-20T19:06:02.911Z</time>
			</trkpt>
			<trkpt lat="45.37991" lon="2.19511">
				<ele>612.56</ele>
				<time>2026-05-20T19:06:05.328Z</time>
			</trkpt>
			<trkpt lat="45.38018" lon="2.19564">
				<ele>612.21</ele>
				<time>2026-05-20T19:06:07.717Z</time>
			</trkpt>
			<trkpt lat="45.38067" lon="2.19672">
				<ele>608</ele>
				<time>2026-05-20T19:06:12.421Z</time>
			</trkpt>
			<trkpt lat="45.38174" lon="2.19898">
				<ele>609.22</ele>
				<time>2026-05-20T19:06:22.460Z</time>
			</trkpt>
			<trkpt lat="45.38198" lon="2.19934">
				<ele>606.49</ele>
				<time>2026-05-20T19:06:24.299Z</time>
			</trkpt>
			<trkpt lat="45.38226" lon="2.19966">
				<ele>607.02</ele>
				<time>2026-05-20T19:06:26.195Z</time>
			</trkpt>
			<trkpt lat="45.38255" lon="2.19992">
				<ele>607</ele>
				<time>2026-05-20T19:06:28.009Z</time>
			</trkpt>
			<trkpt lat="45.38282" lon="2.20009">
				<ele>606.83</ele>
				<time>2026-05-20T19:06:29.574Z</time>
			</trkpt>
			<trkpt lat="45.38309" lon="2.20023">
				<ele>605.74</ele>
				<time>2026-05-20T19:06:31.100Z</time>
			</trkpt>
			<trkpt lat="45.38408" lon="2.20065">
				<ele>599.69</ele>
				<time>2026-05-20T19:06:36.603Z</time>
			</trkpt>
			<trkpt lat="45.38434" lon="2.2008">
				<ele>596.43</ele>
				<time>2026-05-20T19:06:38.103Z</time>
			</trkpt>
			<trkpt lat="45.38454" lon="2.20096">
				<ele>593.71</ele>
				<time>2026-05-20T19:06:39.331Z</time>
			</trkpt>
			<trkpt lat="45.38467" lon="2.20111">
				<ele>591.72</ele>
				<time>2026-05-20T19:06:40.228Z</time>
			</trkpt>
			<trkpt lat="45.38479" lon="2.20129">
				<ele>591.26</ele>
				<time>2026-05-20T19:06:41.163Z</time>
			</trkpt>
			<trkpt lat="45.3849" lon="2.20154">
				<ele>589.69</ele>
				<time>2026-05-20T19:06:42.275Z</time>
			</trkpt>
			<trkpt lat="45.38503" lon="2.20213">
				<ele>586.78</ele>
				<time>2026-05-20T19:06:44.612Z</time>
			</trkpt>
			<trkpt lat="45.38511" lon="2.20375">
				<ele>577.95</ele>
				<time>2026-05-20T19:06:50.776Z</time>
			</trkpt>
			<trkpt lat="45.38516" lon="2.20426">
				<ele>575.92</ele>
				<time>2026-05-20T19:06:52.739Z</time>
			</trkpt>
			<trkpt lat="45.38524" lon="2.20474">
				<ele>574.29</ele>
				<time>2026-05-20T19:06:54.623Z</time>
			</trkpt>
			<trkpt lat="45.38548" lon="2.20591">
				<ele>572.18</ele>
				<time>2026-05-20T19:06:59.296Z</time>
			</trkpt>
			<trkpt lat="45.38557" lon="2.20646">
				<ele>570.76</ele>
				<time>2026-05-20T19:07:01.469Z</time>
			</trkpt>
			<trkpt lat="45.3856" lon="2.20676">
				<ele>570.71</ele>
				<time>2026-05-20T19:07:02.637Z</time>
			</trkpt>
			<trkpt lat="45.3856" lon="2.20705">
				<ele>570.44</ele>
				<time>2026-05-20T19:07:03.757Z</time>
			</trkpt>
			<trkpt lat="45.38556" lon="2.20728">
				<ele>569.73</ele>
				<time>2026-05-20T19:07:04.672Z</time>
			</trkpt>
			<trkpt lat="45.3855" lon="2.20751">
				<ele>570.01</ele>
				<time>2026-05-20T19:07:05.622Z</time>
			</trkpt>
			<trkpt lat="45.38534" lon="2.20782">
				<ele>568.94</ele>
				<time>2026-05-20T19:07:07.112Z</time>
			</trkpt>
			<trkpt lat="45.38509" lon="2.2082">
				<ele>566.8</ele>
				<time>2026-05-20T19:07:09.133Z</time>
			</trkpt>
			<trkpt lat="45.38432" lon="2.20915">
				<ele>554.08</ele>
				<time>2026-05-20T19:07:14.789Z</time>
			</trkpt>
			<trkpt lat="45.3842" lon="2.20937">
				<ele>552.55</ele>
				<time>2026-05-20T19:07:15.879Z</time>
			</trkpt>
			<trkpt lat="45.3841" lon="2.20962">
				<ele>551.64</ele>
				<time>2026-05-20T19:07:17.007Z</time>
			</trkpt>
			<trkpt lat="45.38402" lon="2.20994">
				<ele>550.7</ele>
				<time>2026-05-20T19:07:18.340Z</time>
			</trkpt>
			<trkpt lat="45.38399" lon="2.21032">
				<ele>549.09</ele>
				<time>2026-05-20T19:07:19.843Z</time>
			</trkpt>
			<trkpt lat="45.384" lon="2.21058">
				<ele>549.75</ele>
				<time>2026-05-20T19:07:20.868Z</time>
			</trkpt>
			<trkpt lat="45.38418" lon="2.21171">
				<ele>550.74</ele>
				<time>2026-05-20T19:07:25.445Z</time>
			</trkpt>
			<trkpt lat="45.38421" lon="2.21205">
				<ele>550.68</ele>
				<time>2026-05-20T19:07:26.804Z</time>
			</trkpt>
			<trkpt lat="45.38421" lon="2.21239">
				<ele>550.94</ele>
				<time>2026-05-20T19:07:28.154Z</time>
			</trkpt>
			<trkpt lat="45.38413" lon="2.21414">
				<ele>551.91</ele>
				<time>2026-05-20T19:07:35.152Z</time>
			</trkpt>
			<trkpt lat="45.38414" lon="2.21526">
				<ele>550.38</ele>
				<time>2026-05-20T19:07:39.653Z</time>
			</trkpt>
			<trkpt lat="45.3841" lon="2.21556">
				<ele>549.07</ele>
				<time>2026-05-20T19:07:40.884Z</time>
			</trkpt>
			<trkpt lat="45.38401" lon="2.21582">
				<ele>549.22</ele>
				<time>2026-05-20T19:07:42.055Z</time>
			</trkpt>
			<trkpt lat="45.38386" lon="2.21603">
				<ele>549.55</ele>
				<time>2026-05-20T19:07:43.266Z</time>
			</trkpt>
			<trkpt lat="45.3835" lon="2.21636">
				<ele>552.3</ele>
				<time>2026-05-20T19:07:45.737Z</time>
			</trkpt>
			<trkpt lat="45.38327" lon="2.21653">
				<ele>552.26</ele>
				<time>2026-05-20T19:07:47.236Z</time>
			</trkpt>
			<trkpt lat="45.3829" lon="2.2167">
				<ele>550.01</ele>
				<time>2026-05-20T19:07:49.491Z</time>
			</trkpt>
			<trkpt lat="45.38277" lon="2.21671">
				<ele>550.13</ele>
				<time>2026-05-20T19:07:50.247Z</time>
			</trkpt>
			<trkpt lat="45.38248" lon="2.21663">
				<ele>548.53</ele>
				<time>2026-05-20T19:07:51.966Z</time>
			</trkpt>
			<trkpt lat="45.38235" lon="2.21658">
				<ele>548.61</ele>
				<time>2026-05-20T19:07:52.751Z</time>
			</trkpt>
			<trkpt lat="45.38178" lon="2.21624">
				<ele>550.83</ele>
				<time>2026-05-20T19:07:56.363Z</time>
			</trkpt>
			<trkpt lat="45.38164" lon="2.21619">
				<ele>551.14</ele>
				<time>2026-05-20T19:07:57.209Z</time>
			</trkpt>
			<trkpt lat="45.38153" lon="2.2162">
				<ele>550.77</ele>
				<time>2026-05-20T19:07:57.855Z</time>
			</trkpt>
			<trkpt lat="45.38143" lon="2.21625">
				<ele>549.35</ele>
				<time>2026-05-20T19:07:58.478Z</time>
			</trkpt>
			<trkpt lat="45.38122" lon="2.21644">
				<ele>545.59</ele>
				<time>2026-05-20T19:07:59.940Z</time>
			</trkpt>
			<trkpt lat="45.38113" lon="2.21658">
				<ele>543.5</ele>
				<time>2026-05-20T19:08:00.725Z</time>
			</trkpt>
			<trkpt lat="45.38108" lon="2.21675">
				<ele>541.85</ele>
				<time>2026-05-20T19:08:01.488Z</time>
			</trkpt>
			<trkpt lat="45.38101" lon="2.21707">
				<ele>541.56</ele>
				<time>2026-05-20T19:08:02.877Z</time>
			</trkpt>
			<trkpt lat="45.38094" lon="2.2172">
				<ele>542.36</ele>
				<time>2026-05-20T19:08:03.557Z</time>
			</trkpt>
			<trkpt lat="45.38086" lon="2.21728">
				<ele>543.49</ele>
				<time>2026-05-20T19:08:04.135Z</time>
			</trkpt>
			<trkpt lat="45.38077" lon="2.21729">
				<ele>544.55</ele>
				<time>2026-05-20T19:08:04.669Z</time>
			</trkpt>
			<trkpt lat="45.38047" lon="2.21718">
				<ele>546.09</ele>
				<time>2026-05-20T19:08:06.505Z</time>
			</trkpt>
			<trkpt lat="45.38038" lon="2.21718">
				<ele>546.4</ele>
				<time>2026-05-20T19:08:07.039Z</time>
			</trkpt>
			<trkpt lat="45.38029" lon="2.21721">
				<ele>546.9</ele>
				<time>2026-05-20T19:08:07.588Z</time>
			</trkpt>
			<trkpt lat="45.3801" lon="2.21736">
				<ele>547.51</ele>
				<time>2026-05-20T19:08:08.880Z</time>
			</trkpt>
			<trkpt lat="45.37991" lon="2.21745">
				<ele>548.17</ele>
				<time>2026-05-20T19:08:10.073Z</time>
			</trkpt>
			<trkpt lat="45.37971" lon="2.21743">
				<ele>549.06</ele>
				<time>2026-05-20T19:08:11.269Z</time>
			</trkpt>
			<trkpt lat="45.37911" lon="2.21706">
				<ele>554.15</ele>
				<time>2026-05-20T19:08:15.182Z</time>
			</trkpt>
			<trkpt lat="45.3787" lon="2.21677">
				<ele>552.62</ele>
				<time>2026-05-20T19:08:17.934Z</time>
			</trkpt>
			<trkpt lat="45.37851" lon="2.21669">
				<ele>553.38</ele>
				<time>2026-05-20T19:08:19.128Z</time>
			</trkpt>
			<trkpt lat="45.37828" lon="2.21666">
				<ele>555.39</ele>
				<time>2026-05-20T19:08:20.522Z</time>
			</trkpt>
			<trkpt lat="45.37741" lon="2.21661">
				<ele>560.83</ele>
				<time>2026-05-20T19:08:25.800Z</time>
			</trkpt>
			<trkpt lat="45.37724" lon="2.21656">
				<ele>562.8</ele>
				<time>2026-05-20T19:08:26.857Z</time>
			</trkpt>
			<trkpt lat="45.37706" lon="2.21645">
				<ele>564.57</ele>
				<time>2026-05-20T19:08:28.051Z</time>
			</trkpt>
			<trkpt lat="45.37663" lon="2.21596">
				<ele>564.84</ele>
				<time>2026-05-20T19:08:31.418Z</time>
			</trkpt>
			<trkpt lat="45.37653" lon="2.21588">
				<ele>565.61</ele>
				<time>2026-05-20T19:08:32.121Z</time>
			</trkpt>
			<trkpt lat="45.37641" lon="2.21586">
				<ele>567.17</ele>
				<time>2026-05-20T19:08:32.863Z</time>
			</trkpt>
			<trkpt lat="45.37633" lon="2.21588">
				<ele>569.3</ele>
				<time>2026-05-20T19:08:33.362Z</time>
			</trkpt>
			<trkpt lat="45.37622" lon="2.21596">
				<ele>572.78</ele>
				<time>2026-05-20T19:08:34.121Z</time>
			</trkpt>
			<trkpt lat="45.37588" lon="2.21647">
				<ele>580.99</ele>
				<time>2026-05-20T19:08:37.164Z</time>
			</trkpt>
			<trkpt lat="45.3758" lon="2.21654">
				<ele>582.44</ele>
				<time>2026-05-20T19:08:37.744Z</time>
			</trkpt>
			<trkpt lat="45.37568" lon="2.21657">
				<ele>583.81</ele>
				<time>2026-05-20T19:08:38.497Z</time>
			</trkpt>
			<trkpt lat="45.37558" lon="2.21656">
				<ele>584.66</ele>
				<time>2026-05-20T19:08:39.117Z</time>
			</trkpt>
			<trkpt lat="45.37544" lon="2.21646">
				<ele>584.08</ele>
				<time>2026-05-20T19:08:40.088Z</time>
			</trkpt>
			<trkpt lat="45.37525" lon="2.21609">
				<ele>580.88</ele>
				<time>2026-05-20T19:08:42.086Z</time>
			</trkpt>
			<trkpt lat="45.37515" lon="2.21596">
				<ele>579.3</ele>
				<time>2026-05-20T19:08:42.928Z</time>
			</trkpt>
			<trkpt lat="45.37504" lon="2.2159">
				<ele>577.63</ele>
				<time>2026-05-20T19:08:43.661Z</time>
			</trkpt>
			<trkpt lat="45.37492" lon="2.21588">
				<ele>576.36</ele>
				<time>2026-05-20T19:08:44.413Z</time>
			</trkpt>
			<trkpt lat="45.37479" lon="2.21592">
				<ele>575.89</ele>
				<time>2026-05-20T19:08:45.243Z</time>
			</trkpt>
			<trkpt lat="45.37461" lon="2.21604">
				<ele>575.92</ele>
				<time>2026-05-20T19:08:46.484Z</time>
			</trkpt>
			<trkpt lat="45.37441" lon="2.2163">
				<ele>576.8</ele>
				<time>2026-05-20T19:08:48.179Z</time>
			</trkpt>
			<trkpt lat="45.37398" lon="2.21694">
				<ele>580.06</ele>
				<time>2026-05-20T19:08:52.086Z</time>
			</trkpt>
			<trkpt lat="45.37393" lon="2.21707">
				<ele>580.01</ele>
				<time>2026-05-20T19:08:52.742Z</time>
			</trkpt>
			<trkpt lat="45.37391" lon="2.21721">
				<ele>580.35</ele>
				<time>2026-05-20T19:08:53.374Z</time>
			</trkpt>
			<trkpt lat="45.37395" lon="2.21738">
				<ele>581.53</ele>
				<time>2026-05-20T19:08:54.169Z</time>
			</trkpt>
			<trkpt lat="45.37403" lon="2.21753">
				<ele>583.05</ele>
				<time>2026-05-20T19:08:55.005Z</time>
			</trkpt>
			<trkpt lat="45.37486" lon="2.2188">
				<ele>590.74</ele>
				<time>2026-05-20T19:09:02.747Z</time>
			</trkpt>
			<trkpt lat="45.37524" lon="2.21946">
				<ele>595.42</ele>
				<time>2026-05-20T19:09:06.585Z</time>
			</trkpt>
			<trkpt lat="45.37535" lon="2.21972">
				<ele>597.55</ele>
				<time>2026-05-20T19:09:07.954Z</time>
			</trkpt>
			<trkpt lat="45.37549" lon="2.22029">
				<ele>598.18</ele>
				<time>2026-05-20T19:09:10.687Z</time>
			</trkpt>
			<trkpt lat="45.37605" lon="2.22184">
				<ele>602.07</ele>
				<time>2026-05-20T19:09:18.630Z</time>
			</trkpt>
			<trkpt lat="45.37615" lon="2.22227">
				<ele>603.87</ele>
				<time>2026-05-20T19:09:20.708Z</time>
			</trkpt>
			<trkpt lat="45.37617" lon="2.22257">
				<ele>604.7</ele>
				<time>2026-05-20T19:09:22.094Z</time>
			</trkpt>
			<trkpt lat="45.37624" lon="2.22284">
				<ele>604.96</ele>
				<time>2026-05-20T19:09:23.420Z</time>
			</trkpt>
			<trkpt lat="45.37632" lon="2.22298">
				<ele>605.67</ele>
				<time>2026-05-20T19:09:24.253Z</time>
			</trkpt>
			<trkpt lat="45.37646" lon="2.22314">
				<ele>605.26</ele>
				<time>2026-05-20T19:09:25.433Z</time>
			</trkpt>
			<trkpt lat="45.37679" lon="2.22334">
				<ele>604.32</ele>
				<time>2026-05-20T19:09:27.797Z</time>
			</trkpt>
			<trkpt lat="45.37691" lon="2.22347">
				<ele>602.85</ele>
				<time>2026-05-20T19:09:28.794Z</time>
			</trkpt>
			<trkpt lat="45.37711" lon="2.22379">
				<ele>603.49</ele>
				<time>2026-05-20T19:09:30.785Z</time>
			</trkpt>
			<trkpt lat="45.37729" lon="2.22417">
				<ele>608.36</ele>
				<time>2026-05-20T19:09:32.922Z</time>
			</trkpt>
			<trkpt lat="45.37731" lon="2.22431">
				<ele>609.37</ele>
				<time>2026-05-20T19:09:33.590Z</time>
			</trkpt>
			<trkpt lat="45.3773" lon="2.22446">
				<ele>610.06</ele>
				<time>2026-05-20T19:09:34.294Z</time>
			</trkpt>
			<trkpt lat="45.37723" lon="2.22465">
				<ele>611.31</ele>
				<time>2026-05-20T19:09:35.299Z</time>
			</trkpt>
			<trkpt lat="45.37701" lon="2.22511">
				<ele>612.44</ele>
				<time>2026-05-20T19:09:37.910Z</time>
			</trkpt>
			<trkpt lat="45.37693" lon="2.22536">
				<ele>612.22</ele>
				<time>2026-05-20T19:09:39.202Z</time>
			</trkpt>
			<trkpt lat="45.3769" lon="2.22575">
				<ele>612.37</ele>
				<time>2026-05-20T19:09:41.052Z</time>
			</trkpt>
			<trkpt lat="45.3769" lon="2.22638">
				<ele>610.72</ele>
				<time>2026-05-20T19:09:44.031Z</time>
			</trkpt>
			<trkpt lat="45.37692" lon="2.22659">
				<ele>610.2</ele>
				<time>2026-05-20T19:09:45.036Z</time>
			</trkpt>
			<trkpt lat="45.37716" lon="2.22709">
				<ele>611.15</ele>
				<time>2026-05-20T19:09:47.915Z</time>
			</trkpt>
			<trkpt lat="45.37723" lon="2.22727">
				<ele>611.06</ele>
				<time>2026-05-20T19:09:48.896Z</time>
			</trkpt>
			<trkpt lat="45.37729" lon="2.22751">
				<ele>610.98</ele>
				<time>2026-05-20T19:09:50.112Z</time>
			</trkpt>
			<trkpt lat="45.3774" lon="2.22817">
				<ele>611.76</ele>
				<time>2026-05-20T19:09:53.359Z</time>
			</trkpt>
			<trkpt lat="45.37743" lon="2.22846">
				<ele>612.33</ele>
				<time>2026-05-20T19:09:54.767Z</time>
			</trkpt>
			<trkpt lat="45.3774" lon="2.22879">
				<ele>612.89</ele>
				<time>2026-05-20T19:09:56.368Z</time>
			</trkpt>
			<trkpt lat="45.37735" lon="2.22911">
				<ele>613.94</ele>
				<time>2026-05-20T19:09:57.949Z</time>
			</trkpt>
			<trkpt lat="45.37729" lon="2.2293">
				<ele>615.09</ele>
				<time>2026-05-20T19:09:58.955Z</time>
			</trkpt>
			<trkpt lat="45.37716" lon="2.2295">
				<ele>616.35</ele>
				<time>2026-05-20T19:10:00.273Z</time>
			</trkpt>
			<trkpt lat="45.37692" lon="2.2297">
				<ele>617.19</ele>
				<time>2026-05-20T19:10:02.192Z</time>
			</trkpt>
			<trkpt lat="45.37685" lon="2.22981">
				<ele>617.52</ele>
				<time>2026-05-20T19:10:02.913Z</time>
			</trkpt>
			<trkpt lat="45.37681" lon="2.23006">
				<ele>617.46</ele>
				<time>2026-05-20T19:10:04.160Z</time>
			</trkpt>
			<trkpt lat="45.37676" lon="2.23024">
				<ele>617.65</ele>
				<time>2026-05-20T19:10:05.103Z</time>
			</trkpt>
			<trkpt lat="45.37671" lon="2.23031">
				<ele>617.96</ele>
				<time>2026-05-20T19:10:05.589Z</time>
			</trkpt>
			<trkpt lat="45.37662" lon="2.23036">
				<ele>618.55</ele>
				<time>2026-05-20T19:10:06.260Z</time>
			</trkpt>
			<trkpt lat="45.37631" lon="2.2305">
				<ele>620.76</ele>
				<time>2026-05-20T19:10:08.523Z</time>
			</trkpt>
			<trkpt lat="45.37619" lon="2.23058">
				<ele>622.21</ele>
				<time>2026-05-20T19:10:09.447Z</time>
			</trkpt>
			<trkpt lat="45.37612" lon="2.23068">
				<ele>623.35</ele>
				<time>2026-05-20T19:10:10.139Z</time>
			</trkpt>
			<trkpt lat="45.3761" lon="2.23079">
				<ele>623.95</ele>
				<time>2026-05-20T19:10:10.697Z</time>
			</trkpt>
			<trkpt lat="45.3761" lon="2.23091">
				<ele>624.62</ele>
				<time>2026-05-20T19:10:11.286Z</time>
			</trkpt>
			<trkpt lat="45.37615" lon="2.23102">
				<ele>625.15</ele>
				<time>2026-05-20T19:10:11.930Z</time>
			</trkpt>
			<trkpt lat="45.37654" lon="2.23161">
				<ele>628.71</ele>
				<time>2026-05-20T19:10:15.924Z</time>
			</trkpt>
			<trkpt lat="45.37657" lon="2.23172">
				<ele>629</ele>
				<time>2026-05-20T19:10:16.507Z</time>
			</trkpt>
			<trkpt lat="45.37654" lon="2.23196">
				<ele>629.05</ele>
				<time>2026-05-20T19:10:17.714Z</time>
			</trkpt>
			<trkpt lat="45.37651" lon="2.23205">
				<ele>629.39</ele>
				<time>2026-05-20T19:10:18.208Z</time>
			</trkpt>
			<trkpt lat="45.37628" lon="2.23247">
				<ele>632.2</ele>
				<time>2026-05-20T19:10:20.852Z</time>
			</trkpt>
			<trkpt lat="45.37456" lon="2.23551">
				<ele>643.59</ele>
				<time>2026-05-20T19:10:40.522Z</time>
			</trkpt>
			<trkpt lat="45.37446" lon="2.2358">
				<ele>644.08</ele>
				<time>2026-05-20T19:10:42.173Z</time>
			</trkpt>
			<trkpt lat="45.37439" lon="2.23612">
				<ele>645.67</ele>
				<time>2026-05-20T19:10:43.889Z</time>
			</trkpt>
			<trkpt lat="45.37423" lon="2.23714">
				<ele>648.71</ele>
				<time>2026-05-20T19:10:49.266Z</time>
			</trkpt>
			<trkpt lat="45.37415" lon="2.23944">
				<ele>648.96</ele>
				<time>2026-05-20T19:11:01.245Z</time>
			</trkpt>
			<trkpt lat="45.37411" lon="2.23982">
				<ele>648.1</ele>
				<time>2026-05-20T19:11:03.262Z</time>
			</trkpt>
			<trkpt lat="45.37386" lon="2.24114">
				<ele>653.38</ele>
				<time>2026-05-20T19:11:10.481Z</time>
			</trkpt>
			<trkpt lat="45.37373" lon="2.24172">
				<ele>655.37</ele>
				<time>2026-05-20T19:11:13.717Z</time>
			</trkpt>
			<trkpt lat="45.37369" lon="2.24199">
				<ele>654.48</ele>
				<time>2026-05-20T19:11:15.188Z</time>
			</trkpt>
			<trkpt lat="45.37367" lon="2.24233">
				<ele>652.63</ele>
				<time>2026-05-20T19:11:17.011Z</time>
			</trkpt>
			<trkpt lat="45.37363" lon="2.24578">
				<ele>658.3</ele>
				<time>2026-05-20T19:11:35.684Z</time>
			</trkpt>
			<trkpt lat="45.37369" lon="2.24617">
				<ele>660.29</ele>
				<time>2026-05-20T19:11:37.873Z</time>
			</trkpt>
			<trkpt lat="45.37376" lon="2.24631">
				<ele>661.16</ele>
				<time>2026-05-20T19:11:38.818Z</time>
			</trkpt>
			<trkpt lat="45.3742" lon="2.24676">
				<ele>664.77</ele>
				<time>2026-05-20T19:11:43.068Z</time>
			</trkpt>
			<trkpt lat="45.37434" lon="2.24695">
				<ele>665.4</ele>
				<time>2026-05-20T19:11:44.591Z</time>
			</trkpt>
			<trkpt lat="45.37476" lon="2.24783">
				<ele>659.25</ele>
				<time>2026-05-20T19:11:50.503Z</time>
			</trkpt>
			<trkpt lat="45.3754" lon="2.24875">
				<ele>658.17</ele>
				<time>2026-05-20T19:11:57.757Z</time>
			</trkpt>
			<trkpt lat="45.37552" lon="2.24901">
				<ele>658.2</ele>
				<time>2026-05-20T19:11:59.509Z</time>
			</trkpt>
			<trkpt lat="45.37555" lon="2.24918">
				<ele>656.8</ele>
				<time>2026-05-20T19:12:00.498Z</time>
			</trkpt>
			<trkpt lat="45.37556" lon="2.24932">
				<ele>655.52</ele>
				<time>2026-05-20T19:12:01.293Z</time>
			</trkpt>
			<trkpt lat="45.37555" lon="2.24948">
				<ele>653.8</ele>
				<time>2026-05-20T19:12:02.202Z</time>
			</trkpt>
			<trkpt lat="45.3755" lon="2.24963">
				<ele>652.47</ele>
				<time>2026-05-20T19:12:03.141Z</time>
			</trkpt>
			<trkpt lat="45.37541" lon="2.24979">
				<ele>651.63</ele>
				<time>2026-05-20T19:12:04.303Z</time>
			</trkpt>
			<trkpt lat="45.37527" lon="2.24992">
				<ele>651.96</ele>
				<time>2026-05-20T19:12:05.654Z</time>
			</trkpt>
			<trkpt lat="45.37458" lon="2.25039">
				<ele>653.16</ele>
				<time>2026-05-20T19:12:11.864Z</time>
			</trkpt>
			<trkpt lat="45.37441" lon="2.25056">
				<ele>652.8</ele>
				<time>2026-05-20T19:12:13.559Z</time>
			</trkpt>
			<trkpt lat="45.37424" lon="2.25081">
				<ele>651.84</ele>
				<time>2026-05-20T19:12:15.557Z</time>
			</trkpt>
			<trkpt lat="45.37409" lon="2.25115">
				<ele>649.91</ele>
				<time>2026-05-20T19:12:17.869Z</time>
			</trkpt>
			<trkpt lat="45.37406" lon="2.25128">
				<ele>649.52</ele>
				<time>2026-05-20T19:12:18.659Z</time>
			</trkpt>
			<trkpt lat="45.37405" lon="2.2514">
				<ele>649.14</ele>
				<time>2026-05-20T19:12:19.356Z</time>
			</trkpt>
			<trkpt lat="45.3741" lon="2.25167">
				<ele>648.73</ele>
				<time>2026-05-20T19:12:20.971Z</time>
			</trkpt>
			<trkpt lat="45.37414" lon="2.25178">
				<ele>648.48</ele>
				<time>2026-05-20T19:12:21.688Z</time>
			</trkpt>
			<trkpt lat="45.37469" lon="2.25249">
				<ele>649.85</ele>
				<time>2026-05-20T19:12:27.833Z</time>
			</trkpt>
			<trkpt lat="45.37484" lon="2.25279">
				<ele>647.22</ele>
				<time>2026-05-20T19:12:29.985Z</time>
			</trkpt>
			<trkpt lat="45.3753" lon="2.25439">
				<ele>640.01</ele>
				<time>2026-05-20T19:12:40.160Z</time>
			</trkpt>
			<trkpt lat="45.37537" lon="2.25475">
				<ele>642.21</ele>
				<time>2026-05-20T19:12:42.375Z</time>
			</trkpt>
			<trkpt lat="45.37535" lon="2.25496">
				<ele>643.76</ele>
				<time>2026-05-20T19:12:43.634Z</time>
			</trkpt>
			<trkpt lat="45.37531" lon="2.25507">
				<ele>644.37</ele>
				<time>2026-05-20T19:12:44.371Z</time>
			</trkpt>
			<trkpt lat="45.37516" lon="2.25526">
				<ele>644.14</ele>
				<time>2026-05-20T19:12:46.074Z</time>
			</trkpt>
			<trkpt lat="45.37489" lon="2.25546">
				<ele>641.58</ele>
				<time>2026-05-20T19:12:48.661Z</time>
			</trkpt>
			<trkpt lat="45.37476" lon="2.25562">
				<ele>639.79</ele>
				<time>2026-05-20T19:12:50.125Z</time>
			</trkpt>
			<trkpt lat="45.37469" lon="2.25584">
				<ele>637.87</ele>
				<time>2026-05-20T19:12:51.574Z</time>
			</trkpt>
			<trkpt lat="45.37468" lon="2.256">
				<ele>637.23</ele>
				<time>2026-05-20T19:12:52.538Z</time>
			</trkpt>
			<trkpt lat="45.37472" lon="2.25631">
				<ele>637.01</ele>
				<time>2026-05-20T19:12:54.434Z</time>
			</trkpt>
			<trkpt lat="45.37472" lon="2.25651">
				<ele>636.99</ele>
				<time>2026-05-20T19:12:55.639Z</time>
			</trkpt>
			<trkpt lat="45.37468" lon="2.2568">
				<ele>636.85</ele>
				<time>2026-05-20T19:12:57.423Z</time>
			</trkpt>
			<trkpt lat="45.37467" lon="2.25703">
				<ele>637.62</ele>
				<time>2026-05-20T19:12:58.816Z</time>
			</trkpt>
			<trkpt lat="45.37468" lon="2.25745">
				<ele>638.97</ele>
				<time>2026-05-20T19:13:01.363Z</time>
			</trkpt>
			<trkpt lat="45.37474" lon="2.25771">
				<ele>638.17</ele>
				<time>2026-05-20T19:13:03.026Z</time>
			</trkpt>
			<trkpt lat="45.37478" lon="2.25781">
				<ele>637.58</ele>
				<time>2026-05-20T19:13:03.726Z</time>
			</trkpt>
			<trkpt lat="45.37499" lon="2.25807">
				<ele>636.8</ele>
				<time>2026-05-20T19:13:06.141Z</time>
			</trkpt>
			<trkpt lat="45.37507" lon="2.25823">
				<ele>636.19</ele>
				<time>2026-05-20T19:13:07.340Z</time>
			</trkpt>
			<trkpt lat="45.3751" lon="2.25842">
				<ele>635.12</ele>
				<time>2026-05-20T19:13:08.531Z</time>
			</trkpt>
			<trkpt lat="45.37513" lon="2.25887">
				<ele>632.96</ele>
				<time>2026-05-20T19:13:11.302Z</time>
			</trkpt>
			<trkpt lat="45.37507" lon="2.25933">
				<ele>633.06</ele>
				<time>2026-05-20T19:13:14.179Z</time>
			</trkpt>
			<trkpt lat="45.37505" lon="2.25967">
				<ele>633.32</ele>
				<time>2026-05-20T19:13:16.283Z</time>
			</trkpt>
			<trkpt lat="45.3751" lon="2.26043">
				<ele>632.58</ele>
				<time>2026-05-20T19:13:21.009Z</time>
			</trkpt>
			<trkpt lat="45.37516" lon="2.26072">
				<ele>633.13</ele>
				<time>2026-05-20T19:13:22.888Z</time>
			</trkpt>
			<trkpt lat="45.37526" lon="2.26099">
				<ele>633.1</ele>
				<time>2026-05-20T19:13:24.789Z</time>
			</trkpt>
			<trkpt lat="45.37543" lon="2.2612">
				<ele>633.26</ele>
				<time>2026-05-20T19:13:26.789Z</time>
			</trkpt>
			<trkpt lat="45.37606" lon="2.26165">
				<ele>635.42</ele>
				<time>2026-05-20T19:13:33.081Z</time>
			</trkpt>
			<trkpt lat="45.37618" lon="2.2618">
				<ele>634.46</ele>
				<time>2026-05-20T19:13:34.512Z</time>
			</trkpt>
			<trkpt lat="45.37625" lon="2.26195">
				<ele>632.99</ele>
				<time>2026-05-20T19:13:35.648Z</time>
			</trkpt>
			<trkpt lat="45.37628" lon="2.26209">
				<ele>631.38</ele>
				<time>2026-05-20T19:13:36.572Z</time>
			</trkpt>
			<trkpt lat="45.37629" lon="2.26226">
				<ele>629.43</ele>
				<time>2026-05-20T19:13:37.651Z</time>
			</trkpt>
			<trkpt lat="45.37628" lon="2.26289">
				<ele>625.04</ele>
				<time>2026-05-20T19:13:41.645Z</time>
			</trkpt>
			<trkpt lat="45.37626" lon="2.26304">
				<ele>623.86</ele>
				<time>2026-05-20T19:13:42.616Z</time>
			</trkpt>
			<trkpt lat="45.37619" lon="2.26365">
				<ele>622.36</ele>
				<time>2026-05-20T19:13:46.555Z</time>
			</trkpt>
			<trkpt lat="45.3762" lon="2.26388">
				<ele>623.01</ele>
				<time>2026-05-20T19:13:48.028Z</time>
			</trkpt>
			<trkpt lat="45.37624" lon="2.26407">
				<ele>623.48</ele>
				<time>2026-05-20T19:13:49.298Z</time>
			</trkpt>
			<trkpt lat="45.37627" lon="2.26417">
				<ele>623.55</ele>
				<time>2026-05-20T19:13:49.995Z</time>
			</trkpt>
			<trkpt lat="45.37644" lon="2.26453">
				<ele>623</ele>
				<time>2026-05-20T19:13:52.781Z</time>
			</trkpt>
			<trkpt lat="45.37692" lon="2.26535">
				<ele>620.95</ele>
				<time>2026-05-20T19:13:59.672Z</time>
			</trkpt>
			<trkpt lat="45.37698" lon="2.26553">
				<ele>619.59</ele>
				<time>2026-05-20T19:14:00.964Z</time>
			</trkpt>
			<trkpt lat="45.37699" lon="2.26566">
				<ele>619.25</ele>
				<time>2026-05-20T19:14:01.813Z</time>
			</trkpt>
			<trkpt lat="45.37697" lon="2.26592">
				<ele>618.1</ele>
				<time>2026-05-20T19:14:03.513Z</time>
			</trkpt>
			<trkpt lat="45.37683" lon="2.26651">
				<ele>614.57</ele>
				<time>2026-05-20T19:14:07.575Z</time>
			</trkpt>
			<trkpt lat="45.3768" lon="2.26669">
				<ele>614.04</ele>
				<time>2026-05-20T19:14:08.785Z</time>
			</trkpt>
			<trkpt lat="45.37681" lon="2.26709">
				<ele>614.1</ele>
				<time>2026-05-20T19:14:11.408Z</time>
			</trkpt>
			<trkpt lat="45.37687" lon="2.2675">
				<ele>614.93</ele>
				<time>2026-05-20T19:14:14.161Z</time>
			</trkpt>
			<trkpt lat="45.37694" lon="2.26771">
				<ele>614.41</ele>
				<time>2026-05-20T19:14:15.692Z</time>
			</trkpt>
			<trkpt lat="45.37707" lon="2.26789">
				<ele>614.13</ele>
				<time>2026-05-20T19:14:17.396Z</time>
			</trkpt>
			<trkpt lat="45.37717" lon="2.26795">
				<ele>614</ele>
				<time>2026-05-20T19:14:18.417Z</time>
			</trkpt>
			<trkpt lat="45.37775" lon="2.26817">
				<ele>615.03</ele>
				<time>2026-05-20T19:14:24.085Z</time>
			</trkpt>
			<trkpt lat="45.3781" lon="2.26853">
				<ele>612.5</ele>
				<time>2026-05-20T19:14:28.183Z</time>
			</trkpt>
			<trkpt lat="45.37843" lon="2.26844">
				<ele>613.06</ele>
				<time>2026-05-20T19:14:31.385Z</time>
			</trkpt>
			<trkpt lat="45.37954" lon="2.26827">
				<ele>612.51</ele>
				<time>2026-05-20T19:14:42.100Z</time>
			</trkpt>
			<trkpt lat="45.37955" lon="2.26832">
				<ele>612.43</ele>
				<time>2026-05-20T19:14:42.453Z</time>
			</trkpt>
			<trkpt lat="45.37974" lon="2.26844">
				<ele>613.29</ele>
				<time>2026-05-20T19:14:44.462Z</time>
			</trkpt>
			<trkpt lat="45.37984" lon="2.26853">
				<ele>614.33</ele>
				<time>2026-05-20T19:14:45.608Z</time>
			</trkpt>
			<trkpt lat="45.37987" lon="2.2686">
				<ele>614.64</ele>
				<time>2026-05-20T19:14:46.166Z</time>
			</trkpt>
			<trkpt lat="45.37989" lon="2.26867">
				<ele>614.92</ele>
				<time>2026-05-20T19:14:46.680Z</time>
			</trkpt>
			<trkpt lat="45.37991" lon="2.26928">
				<ele>615.38</ele>
				<time>2026-05-20T19:14:51.030Z</time>
			</trkpt>
			<trkpt lat="45.37993" lon="2.26937">
				<ele>615.52</ele>
				<time>2026-05-20T19:14:51.799Z</time>
			</trkpt>
			<trkpt lat="45.38005" lon="2.26959">
				<ele>616.26</ele>
				<time>2026-05-20T19:14:54.224Z</time>
			</trkpt>
			<trkpt lat="45.3802" lon="2.26979">
				<ele>616.74</ele>
				<time>2026-05-20T19:14:56.967Z</time>
			</trkpt>
			<trkpt lat="45.38027" lon="2.26985">
				<ele>616.98</ele>
				<time>2026-05-20T19:14:58.099Z</time>
			</trkpt>
			<trkpt lat="45.38043" lon="2.26994">
				<ele>618.77</ele>
				<time>2026-05-20T19:15:00.529Z</time>
			</trkpt>
			<trkpt lat="45.38076" lon="2.27002">
				<ele>623.07</ele>
				<time>2026-05-20T19:15:05.310Z</time>
			</trkpt>
			<trkpt lat="45.38085" lon="2.2701">
				<ele>624.7</ele>
				<time>2026-05-20T19:15:06.800Z</time>
			</trkpt>
			<trkpt lat="45.38091" lon="2.27022">
				<ele>625.7</ele>
				<time>2026-05-20T19:15:08.227Z</time>
			</trkpt>
			<trkpt lat="45.38093" lon="2.27033">
				<ele>626.32</ele>
				<time>2026-05-20T19:15:09.326Z</time>
			</trkpt>
			<trkpt lat="45.38094" lon="2.27047">
				<ele>626.86</ele>
				<time>2026-05-20T19:15:10.699Z</time>
			</trkpt>
			<trkpt lat="45.38088" lon="2.27088">
				<ele>628.49</ele>
				<time>2026-05-20T19:15:14.864Z</time>
			</trkpt>
			<trkpt lat="45.38079" lon="2.27118">
				<ele>628.27</ele>
				<time>2026-05-20T19:15:18.183Z</time>
			</trkpt>
			<trkpt lat="45.38077" lon="2.27146">
				<ele>627.12</ele>
				<time>2026-05-20T19:15:21.095Z</time>
			</trkpt>
			<trkpt lat="45.38079" lon="2.27157">
				<ele>626.95</ele>
				<time>2026-05-20T19:15:22.283Z</time>
			</trkpt>
			<trkpt lat="45.38086" lon="2.27183">
				<ele>626.51</ele>
				<time>2026-05-20T19:15:25.220Z</time>
			</trkpt>
			<trkpt lat="45.38094" lon="2.27202">
				<ele>626.09</ele>
				<time>2026-05-20T19:15:27.583Z</time>
			</trkpt>
			<trkpt lat="45.38109" lon="2.27222">
				<ele>625.94</ele>
				<time>2026-05-20T19:15:30.735Z</time>
			</trkpt>
			<trkpt lat="45.38156" lon="2.27292">
				<ele>620.9</ele>
				<time>2026-05-20T19:15:41.377Z</time>
			</trkpt>
			<trkpt lat="45.3819" lon="2.27342">
				<ele>620.26</ele>
				<time>2026-05-20T19:15:49.165Z</time>
			</trkpt>
			<trkpt lat="45.383" lon="2.27482">
				<ele>619.27</ele>
				<time>2026-05-20T19:16:12.807Z</time>
			</trkpt>
			<trkpt lat="45.38315" lon="2.27503">
				<ele>619.61</ele>
				<time>2026-05-20T19:16:16.136Z</time>
			</trkpt>
			<trkpt lat="45.38346" lon="2.27561">
				<ele>619.94</ele>
				<time>2026-05-20T19:16:24.134Z</time>
			</trkpt>
			<trkpt lat="45.38394" lon="2.27678">
				<ele>616.71</ele>
				<time>2026-05-20T19:16:38.434Z</time>
			</trkpt>
			<trkpt lat="45.38411" lon="2.27694">
				<ele>615.38</ele>
				<time>2026-05-20T19:16:41.370Z</time>
			</trkpt>
			<trkpt lat="45.38409" lon="2.27702">
				<ele>615.53</ele>
				<time>2026-05-20T19:16:42.220Z</time>
			</trkpt>
			<trkpt lat="45.3841" lon="2.27711">
				<ele>615.45</ele>
				<time>2026-05-20T19:16:43.126Z</time>
			</trkpt>
			<trkpt lat="45.38412" lon="2.27714">
				<ele>615.3</ele>
				<time>2026-05-20T19:16:43.536Z</time>
			</trkpt>
			<trkpt lat="45.38418" lon="2.27719">
				<ele>615</ele>
				<time>2026-05-20T19:16:44.512Z</time>
			</trkpt>
			<trkpt lat="45.38425" lon="2.27716">
				<ele>615</ele>
				<time>2026-05-20T19:16:45.531Z</time>
			</trkpt>
			<trkpt lat="45.38448" lon="2.27746">
				<ele>615.25</ele>
				<time>2026-05-20T19:16:49.793Z</time>
			</trkpt>
			<trkpt lat="45.38454" lon="2.27757">
				<ele>615.69</ele>
				<time>2026-05-20T19:16:51.099Z</time>
			</trkpt>
			<trkpt lat="45.3847" lon="2.27804">
				<ele>617.75</ele>
				<time>2026-05-20T19:16:55.859Z</time>
			</trkpt>
			<trkpt lat="45.38474" lon="2.27821">
				<ele>618.9</ele>
				<time>2026-05-20T19:16:57.439Z</time>
			</trkpt>
			<trkpt lat="45.38477" lon="2.27844">
				<ele>619.91</ele>
				<time>2026-05-20T19:16:59.458Z</time>
			</trkpt>
			<trkpt lat="45.38476" lon="2.27872">
				<ele>619.72</ele>
				<time>2026-05-20T19:17:01.810Z</time>
			</trkpt>
			<trkpt lat="45.38459" lon="2.28006">
				<ele>622.43</ele>
				<time>2026-05-20T19:17:12.208Z</time>
			</trkpt>
			<trkpt lat="45.38459" lon="2.28021">
				<ele>623.53</ele>
				<time>2026-05-20T19:17:13.299Z</time>
			</trkpt>
			<trkpt lat="45.38462" lon="2.28036">
				<ele>624.97</ele>
				<time>2026-05-20T19:17:14.428Z</time>
			</trkpt>
			<trkpt lat="45.38465" lon="2.28045">
				<ele>625.94</ele>
				<time>2026-05-20T19:17:15.147Z</time>
			</trkpt>
			<trkpt lat="45.38475" lon="2.28062">
				<ele>627.2</ele>
				<time>2026-05-20T19:17:16.743Z</time>
			</trkpt>
			<trkpt lat="45.3863" lon="2.28196">
				<ele>631.06</ele>
				<time>2026-05-20T19:17:34.723Z</time>
			</trkpt>
			<trkpt lat="45.38639" lon="2.28208">
				<ele>631.53</ele>
				<time>2026-05-20T19:17:35.907Z</time>
			</trkpt>
			<trkpt lat="45.38646" lon="2.28221">
				<ele>632.25</ele>
				<time>2026-05-20T19:17:37.008Z</time>
			</trkpt>
			<trkpt lat="45.38674" lon="2.28282">
				<ele>637.84</ele>
				<time>2026-05-20T19:17:41.855Z</time>
			</trkpt>
			<trkpt lat="45.3868" lon="2.2831">
				<ele>638.05</ele>
				<time>2026-05-20T19:17:43.779Z</time>
			</trkpt>
			<trkpt lat="45.38681" lon="2.28323">
				<ele>638.15</ele>
				<time>2026-05-20T19:17:44.635Z</time>
			</trkpt>
			<trkpt lat="45.38678" lon="2.28343">
				<ele>637.88</ele>
				<time>2026-05-20T19:17:45.968Z</time>
			</trkpt>
			<trkpt lat="45.38674" lon="2.28352">
				<ele>637.99</ele>
				<time>2026-05-20T19:17:46.660Z</time>
			</trkpt>
			<trkpt lat="45.38617" lon="2.28414">
				<ele>638.74</ele>
				<time>2026-05-20T19:17:53.211Z</time>
			</trkpt>
			<trkpt lat="45.38601" lon="2.28428">
				<ele>636.91</ele>
				<time>2026-05-20T19:17:54.902Z</time>
			</trkpt>
			<trkpt lat="45.38595" lon="2.28432">
				<ele>636.4</ele>
				<time>2026-05-20T19:17:55.496Z</time>
			</trkpt>
			<trkpt lat="45.38563" lon="2.28436">
				<ele>635.05</ele>
				<time>2026-05-20T19:17:58.360Z</time>
			</trkpt>
			<trkpt lat="45.38554" lon="2.28442">
				<ele>633.41</ele>
				<time>2026-05-20T19:17:59.240Z</time>
			</trkpt>
			<trkpt lat="45.38544" lon="2.28457">
				<ele>631.86</ele>
				<time>2026-05-20T19:18:00.521Z</time>
			</trkpt>
			<trkpt lat="45.38543" lon="2.28471">
				<ele>630.48</ele>
				<time>2026-05-20T19:18:01.389Z</time>
			</trkpt>
			<trkpt lat="45.38543" lon="2.28484">
				<ele>630.27</ele>
				<time>2026-05-20T19:18:02.190Z</time>
			</trkpt>
			<trkpt lat="45.38561" lon="2.28607">
				<ele>632.88</ele>
				<time>2026-05-20T19:18:09.807Z</time>
			</trkpt>
			<trkpt lat="45.38573" lon="2.28683">
				<ele>636.46</ele>
				<time>2026-05-20T19:18:14.429Z</time>
			</trkpt>
			<trkpt lat="45.3858" lon="2.28716">
				<ele>637.1</ele>
				<time>2026-05-20T19:18:16.450Z</time>
			</trkpt>
			<trkpt lat="45.38604" lon="2.28796">
				<ele>643.1</ele>
				<time>2026-05-20T19:18:21.488Z</time>
			</trkpt>
			<trkpt lat="45.38606" lon="2.28828">
				<ele>643.84</ele>
				<time>2026-05-20T19:18:23.326Z</time>
			</trkpt>
			<trkpt lat="45.38601" lon="2.28853">
				<ele>641.94</ele>
				<time>2026-05-20T19:18:24.804Z</time>
			</trkpt>
			<trkpt lat="45.38596" lon="2.28863">
				<ele>640.66</ele>
				<time>2026-05-20T19:18:25.499Z</time>
			</trkpt>
			<trkpt lat="45.38589" lon="2.28872">
				<ele>638.54</ele>
				<time>2026-05-20T19:18:26.258Z</time>
			</trkpt>
			<trkpt lat="45.38579" lon="2.28881">
				<ele>636.72</ele>
				<time>2026-05-20T19:18:27.207Z</time>
			</trkpt>
			<trkpt lat="45.38568" lon="2.28885">
				<ele>636.99</ele>
				<time>2026-05-20T19:18:28.115Z</time>
			</trkpt>
			<trkpt lat="45.38553" lon="2.28885">
				<ele>638.36</ele>
				<time>2026-05-20T19:18:29.309Z</time>
			</trkpt>
			<trkpt lat="45.3854" lon="2.28879">
				<ele>639</ele>
				<time>2026-05-20T19:18:30.393Z</time>
			</trkpt>
			<trkpt lat="45.38487" lon="2.28847">
				<ele>641.96</ele>
				<time>2026-05-20T19:18:34.916Z</time>
			</trkpt>
			<trkpt lat="45.38472" lon="2.28841">
				<ele>643.07</ele>
				<time>2026-05-20T19:18:36.127Z</time>
			</trkpt>
			<trkpt lat="45.38456" lon="2.2884">
				<ele>643.46</ele>
				<time>2026-05-20T19:18:37.367Z</time>
			</trkpt>
			<trkpt lat="45.38444" lon="2.28843">
				<ele>643.11</ele>
				<time>2026-05-20T19:18:38.307Z</time>
			</trkpt>
			<trkpt lat="45.38432" lon="2.2885">
				<ele>643.63</ele>
				<time>2026-05-20T19:18:39.304Z</time>
			</trkpt>
			<trkpt lat="45.38423" lon="2.28859">
				<ele>643.35</ele>
				<time>2026-05-20T19:18:40.147Z</time>
			</trkpt>
			<trkpt lat="45.38415" lon="2.28872">
				<ele>642.95</ele>
				<time>2026-05-20T19:18:41.075Z</time>
			</trkpt>
			<trkpt lat="45.3841" lon="2.28887">
				<ele>642.11</ele>
				<time>2026-05-20T19:18:41.963Z</time>
			</trkpt>
			<trkpt lat="45.38406" lon="2.2891">
				<ele>640.96</ele>
				<time>2026-05-20T19:18:43.226Z</time>
			</trkpt>
			<trkpt lat="45.38398" lon="2.28929">
				<ele>640.2</ele>
				<time>2026-05-20T19:18:44.401Z</time>
			</trkpt>
			<trkpt lat="45.38388" lon="2.28945">
				<ele>639.84</ele>
				<time>2026-05-20T19:18:45.534Z</time>
			</trkpt>
			<trkpt lat="45.38273" lon="2.29063">
				<ele>628.47</ele>
				<time>2026-05-20T19:18:55.996Z</time>
			</trkpt>
			<trkpt lat="45.38237" lon="2.29112">
				<ele>627.23</ele>
				<time>2026-05-20T19:18:59.588Z</time>
			</trkpt>
			<trkpt lat="45.38202" lon="2.29196">
				<ele>623.26</ele>
				<time>2026-05-20T19:19:04.469Z</time>
			</trkpt>
			<trkpt lat="45.38142" lon="2.29351">
				<ele>619.29</ele>
				<time>2026-05-20T19:19:13.131Z</time>
			</trkpt>
			<trkpt lat="45.38132" lon="2.29373">
				<ele>618.13</ele>
				<time>2026-05-20T19:19:14.395Z</time>
			</trkpt>
			<trkpt lat="45.3812" lon="2.29392">
				<ele>616.64</ele>
				<time>2026-05-20T19:19:15.623Z</time>
			</trkpt>
			<trkpt lat="45.38106" lon="2.29407">
				<ele>615.09</ele>
				<time>2026-05-20T19:19:16.818Z</time>
			</trkpt>
			<trkpt lat="45.38082" lon="2.29422">
				<ele>613.25</ele>
				<time>2026-05-20T19:19:18.598Z</time>
			</trkpt>
			<trkpt lat="45.37951" lon="2.29452">
				<ele>610.08</ele>
				<time>2026-05-20T19:19:27.483Z</time>
			</trkpt>
			<trkpt lat="45.37818" lon="2.29461">
				<ele>608.1</ele>
				<time>2026-05-20T19:19:36.212Z</time>
			</trkpt>
			<trkpt lat="45.378" lon="2.29459">
				<ele>607.99</ele>
				<time>2026-05-20T19:19:37.383Z</time>
			</trkpt>
			<trkpt lat="45.37785" lon="2.29454">
				<ele>607.97</ele>
				<time>2026-05-20T19:19:38.380Z</time>
			</trkpt>
			<trkpt lat="45.37772" lon="2.29448">
				<ele>608</ele>
				<time>2026-05-20T19:19:39.263Z</time>
			</trkpt>
			<trkpt lat="45.37713" lon="2.2939">
				<ele>607.47</ele>
				<time>2026-05-20T19:19:43.871Z</time>
			</trkpt>
			<trkpt lat="45.37698" lon="2.29381">
				<ele>606.1</ele>
				<time>2026-05-20T19:19:44.912Z</time>
			</trkpt>
			<trkpt lat="45.37681" lon="2.2938">
				<ele>604.53</ele>
				<time>2026-05-20T19:19:45.999Z</time>
			</trkpt>
			<trkpt lat="45.37674" lon="2.29382">
				<ele>603.83</ele>
				<time>2026-05-20T19:19:46.454Z</time>
			</trkpt>
			<trkpt lat="45.37657" lon="2.29397">
				<ele>603.57</ele>
				<time>2026-05-20T19:19:47.727Z</time>
			</trkpt>
			<trkpt lat="45.37649" lon="2.29427">
				<ele>604.89</ele>
				<time>2026-05-20T19:19:49.160Z</time>
			</trkpt>
			<trkpt lat="45.3765" lon="2.29453">
				<ele>606.09</ele>
				<time>2026-05-20T19:19:50.320Z</time>
			</trkpt>
			<trkpt lat="45.37687" lon="2.29635">
				<ele>608.85</ele>
				<time>2026-05-20T19:19:58.714Z</time>
			</trkpt>
			<trkpt lat="45.37688" lon="2.29657">
				<ele>608.64</ele>
				<time>2026-05-20T19:19:59.685Z</time>
			</trkpt>
			<trkpt lat="45.37686" lon="2.29678">
				<ele>608.63</ele>
				<time>2026-05-20T19:20:00.619Z</time>
			</trkpt>
			<trkpt lat="45.37674" lon="2.29736">
				<ele>604.5</ele>
				<time>2026-05-20T19:20:03.279Z</time>
			</trkpt>
			<trkpt lat="45.37674" lon="2.29758">
				<ele>604.28</ele>
				<time>2026-05-20T19:20:04.245Z</time>
			</trkpt>
			<trkpt lat="45.37676" lon="2.2977">
				<ele>604.16</ele>
				<time>2026-05-20T19:20:04.787Z</time>
			</trkpt>
			<trkpt lat="45.37688" lon="2.29822">
				<ele>602.34</ele>
				<time>2026-05-20T19:20:07.189Z</time>
			</trkpt>
			<trkpt lat="45.37689" lon="2.29837">
				<ele>601.38</ele>
				<time>2026-05-20T19:20:07.850Z</time>
			</trkpt>
			<trkpt lat="45.37687" lon="2.29856">
				<ele>598.69</ele>
				<time>2026-05-20T19:20:08.692Z</time>
			</trkpt>
			<trkpt lat="45.37683" lon="2.2987">
				<ele>599.4</ele>
				<time>2026-05-20T19:20:09.355Z</time>
			</trkpt>
			<trkpt lat="45.37646" lon="2.2994">
				<ele>606.69</ele>
				<time>2026-05-20T19:20:13.193Z</time>
			</trkpt>
			<trkpt lat="45.3764" lon="2.29969">
				<ele>609.04</ele>
				<time>2026-05-20T19:20:14.517Z</time>
			</trkpt>
			<trkpt lat="45.37638" lon="2.30033">
				<ele>613.89</ele>
				<time>2026-05-20T19:20:17.324Z</time>
			</trkpt>
			<trkpt lat="45.37641" lon="2.30051">
				<ele>614.64</ele>
				<time>2026-05-20T19:20:18.134Z</time>
			</trkpt>
			<trkpt lat="45.3765" lon="2.30079">
				<ele>616.58</ele>
				<time>2026-05-20T19:20:19.484Z</time>
			</trkpt>
			<trkpt lat="45.37659" lon="2.30095">
				<ele>617.66</ele>
				<time>2026-05-20T19:20:20.383Z</time>
			</trkpt>
			<trkpt lat="45.37702" lon="2.3013">
				<ele>624.28</ele>
				<time>2026-05-20T19:20:23.478Z</time>
			</trkpt>
			<trkpt lat="45.37712" lon="2.30144">
				<ele>624.65</ele>
				<time>2026-05-20T19:20:24.355Z</time>
			</trkpt>
			<trkpt lat="45.37716" lon="2.30161">
				<ele>624.37</ele>
				<time>2026-05-20T19:20:25.143Z</time>
			</trkpt>
			<trkpt lat="45.37715" lon="2.30187">
				<ele>624.73</ele>
				<time>2026-05-20T19:20:26.288Z</time>
			</trkpt>
			<trkpt lat="45.37712" lon="2.302">
				<ele>625.03</ele>
				<time>2026-05-20T19:20:26.890Z</time>
			</trkpt>
			<trkpt lat="45.37708" lon="2.30211">
				<ele>625.23</ele>
				<time>2026-05-20T19:20:27.436Z</time>
			</trkpt>
			<trkpt lat="45.37688" lon="2.30244">
				<ele>624.47</ele>
				<time>2026-05-20T19:20:29.357Z</time>
			</trkpt>
			<trkpt lat="45.37586" lon="2.30387">
				<ele>634.3</ele>
				<time>2026-05-20T19:20:38.391Z</time>
			</trkpt>
			<trkpt lat="45.37568" lon="2.30418">
				<ele>635.99</ele>
				<time>2026-05-20T19:20:40.186Z</time>
			</trkpt>
			<trkpt lat="45.37565" lon="2.30432">
				<ele>637.43</ele>
				<time>2026-05-20T19:20:40.841Z</time>
			</trkpt>
			<trkpt lat="45.37564" lon="2.30446">
				<ele>639.19</ele>
				<time>2026-05-20T19:20:41.470Z</time>
			</trkpt>
			<trkpt lat="45.37566" lon="2.30464">
				<ele>641.96</ele>
				<time>2026-05-20T19:20:42.287Z</time>
			</trkpt>
			<trkpt lat="45.37574" lon="2.30484">
				<ele>644.55</ele>
				<time>2026-05-20T19:20:43.320Z</time>
			</trkpt>
			<trkpt lat="45.37705" lon="2.30668">
				<ele>656.1</ele>
				<time>2026-05-20T19:20:55.217Z</time>
			</trkpt>
			<trkpt lat="45.37716" lon="2.30701">
				<ele>658.05</ele>
				<time>2026-05-20T19:20:56.899Z</time>
			</trkpt>
			<trkpt lat="45.37718" lon="2.30716">
				<ele>658.11</ele>
				<time>2026-05-20T19:20:57.604Z</time>
			</trkpt>
			<trkpt lat="45.37718" lon="2.30734">
				<ele>658.18</ele>
				<time>2026-05-20T19:20:58.436Z</time>
			</trkpt>
			<trkpt lat="45.37713" lon="2.30786">
				<ele>659.14</ele>
				<time>2026-05-20T19:21:00.873Z</time>
			</trkpt>
			<trkpt lat="45.37705" lon="2.30844">
				<ele>660.68</ele>
				<time>2026-05-20T19:21:03.636Z</time>
			</trkpt>
			<trkpt lat="45.37699" lon="2.3086">
				<ele>660.81</ele>
				<time>2026-05-20T19:21:04.487Z</time>
			</trkpt>
			<trkpt lat="45.37689" lon="2.30877">
				<ele>661.14</ele>
				<time>2026-05-20T19:21:05.530Z</time>
			</trkpt>
			<trkpt lat="45.37652" lon="2.30915">
				<ele>662.72</ele>
				<time>2026-05-20T19:21:08.603Z</time>
			</trkpt>
			<trkpt lat="45.37643" lon="2.30929">
				<ele>662.34</ele>
				<time>2026-05-20T19:21:09.506Z</time>
			</trkpt>
			<trkpt lat="45.37638" lon="2.30941">
				<ele>661.42</ele>
				<time>2026-05-20T19:21:10.171Z</time>
			</trkpt>
			<trkpt lat="45.37637" lon="2.30953">
				<ele>659.8</ele>
				<time>2026-05-20T19:21:10.748Z</time>
			</trkpt>
			<trkpt lat="45.37636" lon="2.30968">
				<ele>657.83</ele>
				<time>2026-05-20T19:21:11.469Z</time>
			</trkpt>
			<trkpt lat="45.37638" lon="2.30984">
				<ele>656.2</ele>
				<time>2026-05-20T19:21:12.248Z</time>
			</trkpt>
			<trkpt lat="45.37642" lon="2.31001">
				<ele>654.49</ele>
				<time>2026-05-20T19:21:13.109Z</time>
			</trkpt>
			<trkpt lat="45.37648" lon="2.31021">
				<ele>653.63</ele>
				<time>2026-05-20T19:21:14.157Z</time>
			</trkpt>
			<trkpt lat="45.37691" lon="2.31134">
				<ele>645.76</ele>
				<time>2026-05-20T19:21:20.414Z</time>
			</trkpt>
			<trkpt lat="45.37699" lon="2.31161">
				<ele>643.36</ele>
				<time>2026-05-20T19:21:21.858Z</time>
			</trkpt>
			<trkpt lat="45.377" lon="2.31181">
				<ele>643</ele>
				<time>2026-05-20T19:21:22.849Z</time>
			</trkpt>
			<trkpt lat="45.37698" lon="2.312">
				<ele>643.03</ele>
				<time>2026-05-20T19:21:23.802Z</time>
			</trkpt>
			<trkpt lat="45.37687" lon="2.3124">
				<ele>643.73</ele>
				<time>2026-05-20T19:21:25.942Z</time>
			</trkpt>
			<trkpt lat="45.37683" lon="2.31238">
				<ele>643.74</ele>
				<time>2026-05-20T19:21:26.244Z</time>
			</trkpt>
			<trkpt lat="45.37674" lon="2.3124">
				<ele>643.9</ele>
				<time>2026-05-20T19:21:26.894Z</time>
			</trkpt>
			<trkpt lat="45.37429" lon="2.3135">
				<ele>643.25</ele>
				<time>2026-05-20T19:21:45.786Z</time>
			</trkpt>
			<trkpt lat="45.37417" lon="2.31361">
				<ele>643.95</ele>
				<time>2026-05-20T19:21:46.857Z</time>
			</trkpt>
			<trkpt lat="45.37409" lon="2.31371">
				<ele>642.91</ele>
				<time>2026-05-20T19:21:47.655Z</time>
			</trkpt>
			<trkpt lat="45.37401" lon="2.31387">
				<ele>642.04</ele>
				<time>2026-05-20T19:21:48.690Z</time>
			</trkpt>
			<trkpt lat="45.37396" lon="2.31407">
				<ele>641.33</ele>
				<time>2026-05-20T19:21:49.807Z</time>
			</trkpt>
			<trkpt lat="45.37368" lon="2.31586">
				<ele>647.11</ele>
				<time>2026-05-20T19:21:59.450Z</time>
			</trkpt>
			<trkpt lat="45.37312" lon="2.31966">
				<ele>646.9</ele>
				<time>2026-05-20T19:22:19.789Z</time>
			</trkpt>
			<trkpt lat="45.3727" lon="2.32268">
				<ele>652.79</ele>
				<time>2026-05-20T19:22:35.846Z</time>
			</trkpt>
			<trkpt lat="45.37264" lon="2.3229">
				<ele>652.02</ele>
				<time>2026-05-20T19:22:37.074Z</time>
			</trkpt>
			<trkpt lat="45.37257" lon="2.32309">
				<ele>651.07</ele>
				<time>2026-05-20T19:22:38.191Z</time>
			</trkpt>
			<trkpt lat="45.37245" lon="2.32328">
				<ele>649.86</ele>
				<time>2026-05-20T19:22:39.520Z</time>
			</trkpt>
			<trkpt lat="45.37207" lon="2.32376">
				<ele>646.39</ele>
				<time>2026-05-20T19:22:43.281Z</time>
			</trkpt>
			<trkpt lat="45.36975" lon="2.32687">
				<ele>634.36</ele>
				<time>2026-05-20T19:23:06.813Z</time>
			</trkpt>
			<trkpt lat="45.36948" lon="2.32719">
				<ele>634.24</ele>
				<time>2026-05-20T19:23:09.401Z</time>
			</trkpt>
			<trkpt lat="45.36922" lon="2.32743">
				<ele>633.41</ele>
				<time>2026-05-20T19:23:11.684Z</time>
			</trkpt>
			<trkpt lat="45.36898" lon="2.32761">
				<ele>631.24</ele>
				<time>2026-05-20T19:23:13.681Z</time>
			</trkpt>
			<trkpt lat="45.36787" lon="2.32826">
				<ele>620.65</ele>
				<time>2026-05-20T19:23:22.510Z</time>
			</trkpt>
			<trkpt lat="45.3675" lon="2.3285">
				<ele>619.49</ele>
				<time>2026-05-20T19:23:25.498Z</time>
			</trkpt>
			<trkpt lat="45.36719" lon="2.32879">
				<ele>621.44</ele>
				<time>2026-05-20T19:23:28.224Z</time>
			</trkpt>
			<trkpt lat="45.36608" lon="2.33032">
				<ele>612.61</ele>
				<time>2026-05-20T19:23:39.566Z</time>
			</trkpt>
			<trkpt lat="45.3658" lon="2.33082">
				<ele>609.63</ele>
				<time>2026-05-20T19:23:42.860Z</time>
			</trkpt>
			<trkpt lat="45.36514" lon="2.33164">
				<ele>601.52</ele>
				<time>2026-05-20T19:23:49.282Z</time>
			</trkpt>
			<trkpt lat="45.36497" lon="2.33197">
				<ele>603.02</ele>
				<time>2026-05-20T19:23:51.389Z</time>
			</trkpt>
			<trkpt lat="45.36478" lon="2.33224">
				<ele>603.62</ele>
				<time>2026-05-20T19:23:53.356Z</time>
			</trkpt>
			<trkpt lat="45.36398" lon="2.33288">
				<ele>607.69</ele>
				<time>2026-05-20T19:24:00.076Z</time>
			</trkpt>
			<trkpt lat="45.36291" lon="2.3338">
				<ele>608.39</ele>
				<time>2026-05-20T19:24:09.225Z</time>
			</trkpt>
			<trkpt lat="45.36259" lon="2.3341">
				<ele>605.71</ele>
				<time>2026-05-20T19:24:12.029Z</time>
			</trkpt>
			<trkpt lat="45.36195" lon="2.33508">
				<ele>600.36</ele>
				<time>2026-05-20T19:24:18.904Z</time>
			</trkpt>
			<trkpt lat="45.36053" lon="2.33717">
				<ele>601.05</ele>
				<time>2026-05-20T19:24:33.836Z</time>
			</trkpt>
			<trkpt lat="45.36027" lon="2.33761">
				<ele>601</ele>
				<time>2026-05-20T19:24:36.788Z</time>
			</trkpt>
			<trkpt lat="45.36009" lon="2.33772">
				<ele>601.12</ele>
				<time>2026-05-20T19:24:38.220Z</time>
			</trkpt>
			<trkpt lat="45.35944" lon="2.33772">
				<ele>597.17</ele>
				<time>2026-05-20T19:24:42.970Z</time>
			</trkpt>
			<trkpt lat="45.35909" lon="2.3377">
				<ele>596.27</ele>
				<time>2026-05-20T19:24:45.529Z</time>
			</trkpt>
			<trkpt lat="45.35895" lon="2.3377">
				<ele>596.24</ele>
				<time>2026-05-20T19:24:46.552Z</time>
			</trkpt>
			<trkpt lat="45.35887" lon="2.33774">
				<ele>596.24</ele>
				<time>2026-05-20T19:24:47.172Z</time>
			</trkpt>
			<trkpt lat="45.3588" lon="2.3378">
				<ele>596.76</ele>
				<time>2026-05-20T19:24:47.769Z</time>
			</trkpt>
			<trkpt lat="45.35851" lon="2.33861">
				<ele>594.33</ele>
				<time>2026-05-20T19:24:52.436Z</time>
			</trkpt>
			<trkpt lat="45.35846" lon="2.33868">
				<ele>594.16</ele>
				<time>2026-05-20T19:24:52.949Z</time>
			</trkpt>
			<trkpt lat="45.35835" lon="2.33873">
				<ele>594.42</ele>
				<time>2026-05-20T19:24:53.792Z</time>
			</trkpt>
			<trkpt lat="45.35826" lon="2.33873">
				<ele>594.41</ele>
				<time>2026-05-20T19:24:54.450Z</time>
			</trkpt>
			<trkpt lat="45.3575" lon="2.33838">
				<ele>591.02</ele>
				<time>2026-05-20T19:25:00.287Z</time>
			</trkpt>
			<trkpt lat="45.35735" lon="2.33838">
				<ele>591.83</ele>
				<time>2026-05-20T19:25:01.383Z</time>
			</trkpt>
			<trkpt lat="45.35724" lon="2.33848">
				<ele>591.86</ele>
				<time>2026-05-20T19:25:02.337Z</time>
			</trkpt>
			<trkpt lat="45.35652" lon="2.3396">
				<ele>586.19</ele>
				<time>2026-05-20T19:25:10.133Z</time>
			</trkpt>
			<trkpt lat="45.3563" lon="2.33998">
				<ele>587.61</ele>
				<time>2026-05-20T19:25:12.662Z</time>
			</trkpt>
			<trkpt lat="45.35554" lon="2.34116">
				<ele>581.38</ele>
				<time>2026-05-20T19:25:20.886Z</time>
			</trkpt>
			<trkpt lat="45.35549" lon="2.34126">
				<ele>580.02</ele>
				<time>2026-05-20T19:25:21.516Z</time>
			</trkpt>
			<trkpt lat="45.35546" lon="2.34146">
				<ele>578.15</ele>
				<time>2026-05-20T19:25:22.567Z</time>
			</trkpt>
			<trkpt lat="45.35549" lon="2.34167">
				<ele>576.77</ele>
				<time>2026-05-20T19:25:23.669Z</time>
			</trkpt>
			<trkpt lat="45.35592" lon="2.34314">
				<ele>571.25</ele>
				<time>2026-05-20T19:25:31.854Z</time>
			</trkpt>
			<trkpt lat="45.35622" lon="2.34367">
				<ele>567.4</ele>
				<time>2026-05-20T19:25:35.354Z</time>
			</trkpt>
			<trkpt lat="45.35628" lon="2.34384">
				<ele>566.35</ele>
				<time>2026-05-20T19:25:36.333Z</time>
			</trkpt>
			<trkpt lat="45.35633" lon="2.34442">
				<ele>565.9</ele>
				<time>2026-05-20T19:25:39.339Z</time>
			</trkpt>
			<trkpt lat="45.35636" lon="2.34453">
				<ele>566.02</ele>
				<time>2026-05-20T19:25:39.946Z</time>
			</trkpt>
			<trkpt lat="45.35643" lon="2.34466">
				<ele>565.88</ele>
				<time>2026-05-20T19:25:40.789Z</time>
			</trkpt>
			<trkpt lat="45.35665" lon="2.34501">
				<ele>565.21</ele>
				<time>2026-05-20T19:25:43.206Z</time>
			</trkpt>
			<trkpt lat="45.35677" lon="2.34524">
				<ele>565.15</ele>
				<time>2026-05-20T19:25:44.680Z</time>
			</trkpt>
			<trkpt lat="45.35681" lon="2.34536">
				<ele>564.42</ele>
				<time>2026-05-20T19:25:45.364Z</time>
			</trkpt>
			<trkpt lat="45.35689" lon="2.34594">
				<ele>555.92</ele>
				<time>2026-05-20T19:25:48.407Z</time>
			</trkpt>
			<trkpt lat="45.35693" lon="2.34615">
				<ele>552.89</ele>
				<time>2026-05-20T19:25:49.527Z</time>
			</trkpt>
			<trkpt lat="45.35699" lon="2.3463">
				<ele>551.83</ele>
				<time>2026-05-20T19:25:50.416Z</time>
			</trkpt>
			<trkpt lat="45.3571" lon="2.3465">
				<ele>551.26</ele>
				<time>2026-05-20T19:25:51.724Z</time>
			</trkpt>
			<trkpt lat="45.35735" lon="2.3469">
				<ele>547.47</ele>
				<time>2026-05-20T19:25:54.482Z</time>
			</trkpt>
			<trkpt lat="45.35746" lon="2.34712">
				<ele>545.02</ele>
				<time>2026-05-20T19:25:55.873Z</time>
			</trkpt>
			<trkpt lat="45.35775" lon="2.3479">
				<ele>544.64</ele>
				<time>2026-05-20T19:26:00.422Z</time>
			</trkpt>
			<trkpt lat="45.358" lon="2.34838">
				<ele>544.52</ele>
				<time>2026-05-20T19:26:03.503Z</time>
			</trkpt>
			<trkpt lat="45.35814" lon="2.34855">
				<ele>544.52</ele>
				<time>2026-05-20T19:26:04.854Z</time>
			</trkpt>
			<trkpt lat="45.3582" lon="2.34882">
				<ele>544.82</ele>
				<time>2026-05-20T19:26:06.315Z</time>
			</trkpt>
			<trkpt lat="45.35826" lon="2.34968">
				<ele>543.6</ele>
				<time>2026-05-20T19:26:10.775Z</time>
			</trkpt>
			<trkpt lat="45.35834" lon="2.35023">
				<ele>540.04</ele>
				<time>2026-05-20T19:26:13.675Z</time>
			</trkpt>
			<trkpt lat="45.35825" lon="2.3511">
				<ele>536.73</ele>
				<time>2026-05-20T19:26:18.217Z</time>
			</trkpt>
			<trkpt lat="45.35814" lon="2.35137">
				<ele>536.94</ele>
				<time>2026-05-20T19:26:19.830Z</time>
			</trkpt>
			<trkpt lat="45.35784" lon="2.35173">
				<ele>534.38</ele>
				<time>2026-05-20T19:26:22.717Z</time>
			</trkpt>
			<trkpt lat="45.35777" lon="2.35192">
				<ele>532.12</ele>
				<time>2026-05-20T19:26:23.827Z</time>
			</trkpt>
			<trkpt lat="45.35772" lon="2.3521">
				<ele>531.07</ele>
				<time>2026-05-20T19:26:24.828Z</time>
			</trkpt>
			<trkpt lat="45.35769" lon="2.35236">
				<ele>529.67</ele>
				<time>2026-05-20T19:26:26.191Z</time>
			</trkpt>
			<trkpt lat="45.35765" lon="2.35252">
				<ele>528.27</ele>
				<time>2026-05-20T19:26:27.070Z</time>
			</trkpt>
			<trkpt lat="45.35759" lon="2.35266">
				<ele>525.88</ele>
				<time>2026-05-20T19:26:27.918Z</time>
			</trkpt>
			<trkpt lat="45.35755" lon="2.35281">
				<ele>523.43</ele>
				<time>2026-05-20T19:26:28.749Z</time>
			</trkpt>
			<trkpt lat="45.35749" lon="2.35328">
				<ele>520.7</ele>
				<time>2026-05-20T19:26:31.222Z</time>
			</trkpt>
			<trkpt lat="45.3574" lon="2.35356">
				<ele>518.24</ele>
				<time>2026-05-20T19:26:32.816Z</time>
			</trkpt>
			<trkpt lat="45.3573" lon="2.35378">
				<ele>513.93</ele>
				<time>2026-05-20T19:26:34.173Z</time>
			</trkpt>
			<trkpt lat="45.35725" lon="2.35393">
				<ele>510.37</ele>
				<time>2026-05-20T19:26:35.034Z</time>
			</trkpt>
			<trkpt lat="45.35721" lon="2.3541">
				<ele>507.09</ele>
				<time>2026-05-20T19:26:35.963Z</time>
			</trkpt>
			<trkpt lat="45.35718" lon="2.35428">
				<ele>504.07</ele>
				<time>2026-05-20T19:26:36.921Z</time>
			</trkpt>
			<trkpt lat="45.35721" lon="2.35446">
				<ele>503.06</ele>
				<time>2026-05-20T19:26:37.880Z</time>
			</trkpt>
			<trkpt lat="45.35741" lon="2.35505">
				<ele>499.03</ele>
				<time>2026-05-20T19:26:41.277Z</time>
			</trkpt>
			<trkpt lat="45.35743" lon="2.3555">
				<ele>493.1</ele>
				<time>2026-05-20T19:26:43.616Z</time>
			</trkpt>
			<trkpt lat="45.35746" lon="2.35587">
				<ele>492.16</ele>
				<time>2026-05-20T19:26:45.549Z</time>
			</trkpt>
			<trkpt lat="45.35759" lon="2.35621">
				<ele>494.03</ele>
				<time>2026-05-20T19:26:47.559Z</time>
			</trkpt>
			<trkpt lat="45.3576" lon="2.35632">
				<ele>494.18</ele>
				<time>2026-05-20T19:26:48.135Z</time>
			</trkpt>
			<trkpt lat="45.35759" lon="2.35644">
				<ele>493.79</ele>
				<time>2026-05-20T19:26:48.763Z</time>
			</trkpt>
			<trkpt lat="45.35753" lon="2.35657">
				<ele>492.62</ele>
				<time>2026-05-20T19:26:49.570Z</time>
			</trkpt>
			<trkpt lat="45.35712" lon="2.35709">
				<ele>473.39</ele>
				<time>2026-05-20T19:26:53.632Z</time>
			</trkpt>
			<trkpt lat="45.35709" lon="2.35726">
				<ele>472.69</ele>
				<time>2026-05-20T19:26:54.544Z</time>
			</trkpt>
			<trkpt lat="45.35715" lon="2.35762">
				<ele>476.23</ele>
				<time>2026-05-20T19:26:56.468Z</time>
			</trkpt>
			<trkpt lat="45.35716" lon="2.35777">
				<ele>475.44</ele>
				<time>2026-05-20T19:26:57.252Z</time>
			</trkpt>
			<trkpt lat="45.35725" lon="2.35822">
				<ele>479.41</ele>
				<time>2026-05-20T19:26:59.687Z</time>
			</trkpt>
			<trkpt lat="45.35724" lon="2.35837">
				<ele>478.2</ele>
				<time>2026-05-20T19:27:00.471Z</time>
			</trkpt>
			<trkpt lat="45.35718" lon="2.3586">
				<ele>472.5</ele>
				<time>2026-05-20T19:27:01.748Z</time>
			</trkpt>
			<trkpt lat="45.35717" lon="2.35879">
				<ele>472.64</ele>
				<time>2026-05-20T19:27:02.741Z</time>
			</trkpt>
			<trkpt lat="45.35719" lon="2.35912">
				<ele>475.47</ele>
				<time>2026-05-20T19:27:04.466Z</time>
			</trkpt>
			<trkpt lat="45.35705" lon="2.35941">
				<ele>464.57</ele>
				<time>2026-05-20T19:27:06.300Z</time>
			</trkpt>
			<trkpt lat="45.35701" lon="2.35963">
				<ele>462.55</ele>
				<time>2026-05-20T19:27:07.485Z</time>
			</trkpt>
			<trkpt lat="45.35701" lon="2.35973">
				<ele>463.06</ele>
				<time>2026-05-20T19:27:08.006Z</time>
			</trkpt>
			<trkpt lat="45.35708" lon="2.3602">
				<ele>465.66</ele>
				<time>2026-05-20T19:27:10.512Z</time>
			</trkpt>
			<trkpt lat="45.35708" lon="2.36031">
				<ele>465.7</ele>
				<time>2026-05-20T19:27:11.086Z</time>
			</trkpt>
			<trkpt lat="45.35701" lon="2.36059">
				<ele>465.1</ele>
				<time>2026-05-20T19:27:12.637Z</time>
			</trkpt>
			<trkpt lat="45.35692" lon="2.36082">
				<ele>465.39</ele>
				<time>2026-05-20T19:27:14.012Z</time>
			</trkpt>
			<trkpt lat="45.35683" lon="2.36092">
				<ele>460.24</ele>
				<time>2026-05-20T19:27:14.860Z</time>
			</trkpt>
			<trkpt lat="45.35667" lon="2.36102">
				<ele>451.17</ele>
				<time>2026-05-20T19:27:16.159Z</time>
			</trkpt>
			<trkpt lat="45.35662" lon="2.36109">
				<ele>450.23</ele>
				<time>2026-05-20T19:27:16.681Z</time>
			</trkpt>
			<trkpt lat="45.35655" lon="2.36127">
				<ele>451.56</ele>
				<time>2026-05-20T19:27:17.756Z</time>
			</trkpt>
			<trkpt lat="45.35648" lon="2.36154">
				<ele>455.16</ele>
				<time>2026-05-20T19:27:19.260Z</time>
			</trkpt>
			<trkpt lat="45.35644" lon="2.36161">
				<ele>454.84</ele>
				<time>2026-05-20T19:27:19.732Z</time>
			</trkpt>
			<trkpt lat="45.35612" lon="2.3617">
				<ele>444.19</ele>
				<time>2026-05-20T19:27:22.160Z</time>
			</trkpt>
			<trkpt lat="45.35603" lon="2.36175">
				<ele>438.61</ele>
				<time>2026-05-20T19:27:22.879Z</time>
			</trkpt>
			<trkpt lat="45.35584" lon="2.36214">
				<ele>430.62</ele>
				<time>2026-05-20T19:27:25.363Z</time>
			</trkpt>
			<trkpt lat="45.35582" lon="2.36225">
				<ele>429.25</ele>
				<time>2026-05-20T19:27:25.958Z</time>
			</trkpt>
			<trkpt lat="45.35581" lon="2.36235">
				<ele>428.33</ele>
				<time>2026-05-20T19:27:26.487Z</time>
			</trkpt>
			<trkpt lat="45.35584" lon="2.36246">
				<ele>428.75</ele>
				<time>2026-05-20T19:27:27.105Z</time>
			</trkpt>
			<trkpt lat="45.3559" lon="2.36255">
				<ele>430</ele>
				<time>2026-05-20T19:27:27.755Z</time>
			</trkpt>
			<trkpt lat="45.35622" lon="2.36281">
				<ele>435.6</ele>
				<time>2026-05-20T19:27:30.503Z</time>
			</trkpt>
			<trkpt lat="45.3563" lon="2.36285">
				<ele>435.14</ele>
				<time>2026-05-20T19:27:31.136Z</time>
			</trkpt>
			<trkpt lat="45.35647" lon="2.36286">
				<ele>435.94</ele>
				<time>2026-05-20T19:27:32.405Z</time>
			</trkpt>
			<trkpt lat="45.35711" lon="2.36276">
				<ele>438.08</ele>
				<time>2026-05-20T19:27:37.214Z</time>
			</trkpt>
			<trkpt lat="45.35737" lon="2.36269">
				<ele>435.88</ele>
				<time>2026-05-20T19:27:39.192Z</time>
			</trkpt>
			<trkpt lat="45.35764" lon="2.3627">
				<ele>433.37</ele>
				<time>2026-05-20T19:27:41.212Z</time>
			</trkpt>
			<trkpt lat="45.358" lon="2.36275">
				<ele>433.05</ele>
				<time>2026-05-20T19:27:43.919Z</time>
			</trkpt>
			<trkpt lat="45.35812" lon="2.3628">
				<ele>429.79</ele>
				<time>2026-05-20T19:27:44.855Z</time>
			</trkpt>
			<trkpt lat="45.35835" lon="2.363">
				<ele>418.01</ele>
				<time>2026-05-20T19:27:46.874Z</time>
			</trkpt>
			<trkpt lat="45.35841" lon="2.36303">
				<ele>416.05</ele>
				<time>2026-05-20T19:27:47.351Z</time>
			</trkpt>
			<trkpt lat="45.3585" lon="2.36302">
				<ele>414.8</ele>
				<time>2026-05-20T19:27:48.027Z</time>
			</trkpt>
			<trkpt lat="45.35885" lon="2.36287">
				<ele>420.75</ele>
				<time>2026-05-20T19:27:50.768Z</time>
			</trkpt>
			<trkpt lat="45.35907" lon="2.36285">
				<ele>420.7</ele>
				<time>2026-05-20T19:27:52.422Z</time>
			</trkpt>
			<trkpt lat="45.35933" lon="2.3628">
				<ele>419.47</ele>
				<time>2026-05-20T19:27:54.391Z</time>
			</trkpt>
			<trkpt lat="45.3595" lon="2.3627">
				<ele>421.46</ele>
				<time>2026-05-20T19:27:55.773Z</time>
			</trkpt>
			<trkpt lat="45.36015" lon="2.3626">
				<ele>411.02</ele>
				<time>2026-05-20T19:28:00.687Z</time>
			</trkpt>
			<trkpt lat="45.36024" lon="2.3626">
				<ele>411.19</ele>
				<time>2026-05-20T19:28:01.364Z</time>
			</trkpt>
			<trkpt lat="45.36059" lon="2.36272">
				<ele>402.27</ele>
				<time>2026-05-20T19:28:04.074Z</time>
			</trkpt>
			<trkpt lat="45.36075" lon="2.36272">
				<ele>399.04</ele>
				<time>2026-05-20T19:28:05.278Z</time>
			</trkpt>
			<trkpt lat="45.36118" lon="2.36264">
				<ele>400.21</ele>
				<time>2026-05-20T19:28:08.546Z</time>
			</trkpt>
			<trkpt lat="45.36139" lon="2.36255">
				<ele>401.41</ele>
				<time>2026-05-20T19:28:10.200Z</time>
			</trkpt>
			<trkpt lat="45.36241" lon="2.36263">
				<ele>400.18</ele>
				<time>2026-05-20T19:28:17.916Z</time>
			</trkpt>
			<trkpt lat="45.36262" lon="2.36269">
				<ele>399.57</ele>
				<time>2026-05-20T19:28:19.536Z</time>
			</trkpt>
			<trkpt lat="45.36274" lon="2.36277">
				<ele>397.39</ele>
				<time>2026-05-20T19:28:20.538Z</time>
			</trkpt>
			<trkpt lat="45.36282" lon="2.36287">
				<ele>394.17</ele>
				<time>2026-05-20T19:28:21.344Z</time>
			</trkpt>
			<trkpt lat="45.36296" lon="2.36312">
				<ele>386.47</ele>
				<time>2026-05-20T19:28:23.045Z</time>
			</trkpt>
			<trkpt lat="45.36307" lon="2.36322">
				<ele>385.15</ele>
				<time>2026-05-20T19:28:24.034Z</time>
			</trkpt>
			<trkpt lat="45.36336" lon="2.36339">
				<ele>380.45</ele>
				<time>2026-05-20T19:28:26.411Z</time>
			</trkpt>
			<trkpt lat="45.3635" lon="2.36342">
				<ele>383.24</ele>
				<time>2026-05-20T19:28:27.484Z</time>
			</trkpt>
			<trkpt lat="45.36379" lon="2.36353">
				<ele>386.69</ele>
				<time>2026-05-20T19:28:29.762Z</time>
			</trkpt>
			<trkpt lat="45.36392" lon="2.36361">
				<ele>387.54</ele>
				<time>2026-05-20T19:28:30.837Z</time>
			</trkpt>
			<trkpt lat="45.36406" lon="2.36374">
				<ele>387</ele>
				<time>2026-05-20T19:28:32.106Z</time>
			</trkpt>
			<trkpt lat="45.36415" lon="2.36394">
				<ele>380.92</ele>
				<time>2026-05-20T19:28:33.374Z</time>
			</trkpt>
			<trkpt lat="45.36423" lon="2.36419">
				<ele>376.3</ele>
				<time>2026-05-20T19:28:34.841Z</time>
			</trkpt>
			<trkpt lat="45.36464" lon="2.36506">
				<ele>364.01</ele>
				<time>2026-05-20T19:28:40.443Z</time>
			</trkpt>
			<trkpt lat="45.36484" lon="2.36536">
				<ele>363.84</ele>
				<time>2026-05-20T19:28:42.657Z</time>
			</trkpt>
			<trkpt lat="45.36493" lon="2.36577">
				<ele>357.97</ele>
				<time>2026-05-20T19:28:44.959Z</time>
			</trkpt>
			<trkpt lat="45.36504" lon="2.36616">
				<ele>356.45</ele>
				<time>2026-05-20T19:28:47.213Z</time>
			</trkpt>
			<trkpt lat="45.3651" lon="2.36631">
				<ele>356.27</ele>
				<time>2026-05-20T19:28:48.139Z</time>
			</trkpt>
			<trkpt lat="45.36518" lon="2.36644">
				<ele>356.11</ele>
				<time>2026-05-20T19:28:49.066Z</time>
			</trkpt>
			<trkpt lat="45.36534" lon="2.36664">
				<ele>355.5</ele>
				<time>2026-05-20T19:28:50.694Z</time>
			</trkpt>
			<trkpt lat="45.36553" lon="2.36675">
				<ele>356.53</ele>
				<time>2026-05-20T19:28:52.263Z</time>
			</trkpt>
			<trkpt lat="45.3658" lon="2.36683">
				<ele>356.04</ele>
				<time>2026-05-20T19:28:54.373Z</time>
			</trkpt>
			<trkpt lat="45.36586" lon="2.36687">
				<ele>354.97</ele>
				<time>2026-05-20T19:28:54.880Z</time>
			</trkpt>
			<trkpt lat="45.36595" lon="2.367">
				<ele>351.61</ele>
				<time>2026-05-20T19:28:55.862Z</time>
			</trkpt>
			<trkpt lat="45.36598" lon="2.3671">
				<ele>348.38</ele>
				<time>2026-05-20T19:28:56.447Z</time>
			</trkpt>
			<trkpt lat="45.36589" lon="2.36773">
				<ele>348.82</ele>
				<time>2026-05-20T19:28:59.910Z</time>
			</trkpt>
			<trkpt lat="45.36585" lon="2.3682">
				<ele>349.17</ele>
				<time>2026-05-20T19:29:02.462Z</time>
			</trkpt>
			<trkpt lat="45.36559" lon="2.36881">
				<ele>358.16</ele>
				<time>2026-05-20T19:29:06.314Z</time>
			</trkpt>
			<trkpt lat="45.3655" lon="2.36888">
				<ele>358.19</ele>
				<time>2026-05-20T19:29:07.103Z</time>
			</trkpt>
			<trkpt lat="45.36503" lon="2.36908">
				<ele>359.5</ele>
				<time>2026-05-20T19:29:10.878Z</time>
			</trkpt>
			<trkpt lat="45.36491" lon="2.36917">
				<ele>360.54</ele>
				<time>2026-05-20T19:29:11.923Z</time>
			</trkpt>
			<trkpt lat="45.3648" lon="2.36931">
				<ele>362.7</ele>
				<time>2026-05-20T19:29:13.060Z</time>
			</trkpt>
			<trkpt lat="45.3647" lon="2.36954">
				<ele>366.98</ele>
				<time>2026-05-20T19:29:14.526Z</time>
			</trkpt>
			<trkpt lat="45.36457" lon="2.37003">
				<ele>376.06</ele>
				<time>2026-05-20T19:29:17.365Z</time>
			</trkpt>
			<trkpt lat="45.36436" lon="2.37068">
				<ele>385.77</ele>
				<time>2026-05-20T19:29:21.249Z</time>
			</trkpt>
			<trkpt lat="45.36429" lon="2.37094">
				<ele>389.79</ele>
				<time>2026-05-20T19:29:22.763Z</time>
			</trkpt>
			<trkpt lat="45.36424" lon="2.37125">
				<ele>396.22</ele>
				<time>2026-05-20T19:29:24.492Z</time>
			</trkpt>
			<trkpt lat="45.3642" lon="2.3714">
				<ele>399.24</ele>
				<time>2026-05-20T19:29:25.365Z</time>
			</trkpt>
			<trkpt lat="45.36416" lon="2.37146">
				<ele>399.57</ele>
				<time>2026-05-20T19:29:25.815Z</time>
			</trkpt>
			<trkpt lat="45.36409" lon="2.37151">
				<ele>400.52</ele>
				<time>2026-05-20T19:29:26.422Z</time>
			</trkpt>
			<trkpt lat="45.36404" lon="2.37148">
				<ele>399.72</ele>
				<time>2026-05-20T19:29:26.843Z</time>
			</trkpt>
			<trkpt lat="45.36401" lon="2.37136">
				<ele>397.64</ele>
				<time>2026-05-20T19:29:27.536Z</time>
			</trkpt>
			<trkpt lat="45.36403" lon="2.37111">
				<ele>393.28</ele>
				<time>2026-05-20T19:29:28.907Z</time>
			</trkpt>
			<trkpt lat="45.364" lon="2.37044">
				<ele>389.22</ele>
				<time>2026-05-20T19:29:32.568Z</time>
			</trkpt>
			<trkpt lat="45.36394" lon="2.37017">
				<ele>389.97</ele>
				<time>2026-05-20T19:29:34.114Z</time>
			</trkpt>
			<trkpt lat="45.36385" lon="2.36995">
				<ele>391.31</ele>
				<time>2026-05-20T19:29:35.505Z</time>
			</trkpt>
			<trkpt lat="45.36375" lon="2.36978">
				<ele>392.97</ele>
				<time>2026-05-20T19:29:36.716Z</time>
			</trkpt>
			<trkpt lat="45.36344" lon="2.36947">
				<ele>396.3</ele>
				<time>2026-05-20T19:29:39.666Z</time>
			</trkpt>
			<trkpt lat="45.3631" lon="2.36927">
				<ele>400.93</ele>
				<time>2026-05-20T19:29:42.533Z</time>
			</trkpt>
			<trkpt lat="45.36279" lon="2.36913">
				<ele>406.62</ele>
				<time>2026-05-20T19:29:45.071Z</time>
			</trkpt>
			<trkpt lat="45.36247" lon="2.36881">
				<ele>412.25</ele>
				<time>2026-05-20T19:29:48.127Z</time>
			</trkpt>
			<trkpt lat="45.36227" lon="2.36849">
				<ele>414.94</ele>
				<time>2026-05-20T19:29:50.480Z</time>
			</trkpt>
			<trkpt lat="45.36213" lon="2.36795">
				<ele>414.77</ele>
				<time>2026-05-20T19:29:53.647Z</time>
			</trkpt>
			<trkpt lat="45.3621" lon="2.36753">
				<ele>413.7</ele>
				<time>2026-05-20T19:29:55.972Z</time>
			</trkpt>
			<trkpt lat="45.36209" lon="2.36692">
				<ele>407.18</ele>
				<time>2026-05-20T19:29:59.337Z</time>
			</trkpt>
			<trkpt lat="45.36203" lon="2.36679">
				<ele>406.78</ele>
				<time>2026-05-20T19:30:00.195Z</time>
			</trkpt>
			<trkpt lat="45.36193" lon="2.36666">
				<ele>408.51</ele>
				<time>2026-05-20T19:30:01.260Z</time>
			</trkpt>
			<trkpt lat="45.36147" lon="2.36635">
				<ele>414.51</ele>
				<time>2026-05-20T19:30:05.264Z</time>
			</trkpt>
			<trkpt lat="45.36129" lon="2.36629">
				<ele>415.02</ele>
				<time>2026-05-20T19:30:06.720Z</time>
			</trkpt>
			<trkpt lat="45.36118" lon="2.36629">
				<ele>416.36</ele>
				<time>2026-05-20T19:30:07.587Z</time>
			</trkpt>
			<trkpt lat="45.36099" lon="2.36635">
				<ele>418.6</ele>
				<time>2026-05-20T19:30:09.122Z</time>
			</trkpt>
			<trkpt lat="45.3609" lon="2.3664">
				<ele>420.13</ele>
				<time>2026-05-20T19:30:09.884Z</time>
			</trkpt>
			<trkpt lat="45.36071" lon="2.3666">
				<ele>427.56</ele>
				<time>2026-05-20T19:30:11.749Z</time>
			</trkpt>
			<trkpt lat="45.3606" lon="2.36665">
				<ele>429.46</ele>
				<time>2026-05-20T19:30:12.661Z</time>
			</trkpt>
			<trkpt lat="45.36045" lon="2.36663">
				<ele>426.04</ele>
				<time>2026-05-20T19:30:13.852Z</time>
			</trkpt>
			<trkpt lat="45.36038" lon="2.36659">
				<ele>421.98</ele>
				<time>2026-05-20T19:30:14.448Z</time>
			</trkpt>
			<trkpt lat="45.36032" lon="2.36657">
				<ele>419.4</ele>
				<time>2026-05-20T19:30:14.935Z</time>
			</trkpt>
			<trkpt lat="45.36027" lon="2.36658">
				<ele>418.68</ele>
				<time>2026-05-20T19:30:15.335Z</time>
			</trkpt>
			<trkpt lat="45.36021" lon="2.36661">
				<ele>419.42</ele>
				<time>2026-05-20T19:30:15.838Z</time>
			</trkpt>
			<trkpt lat="45.36001" lon="2.36684">
				<ele>428.91</ele>
				<time>2026-05-20T19:30:17.873Z</time>
			</trkpt>
			<trkpt lat="45.35992" lon="2.36691">
				<ele>432.2</ele>
				<time>2026-05-20T19:30:18.685Z</time>
			</trkpt>
			<trkpt lat="45.35881" lon="2.3673">
				<ele>437.34</ele>
				<time>2026-05-20T19:30:27.760Z</time>
			</trkpt>
			<trkpt lat="45.35869" lon="2.3674">
				<ele>439.43</ele>
				<time>2026-05-20T19:30:28.866Z</time>
			</trkpt>
			<trkpt lat="45.35849" lon="2.36765">
				<ele>448.23</ele>
				<time>2026-05-20T19:30:30.985Z</time>
			</trkpt>
			<trkpt lat="45.35838" lon="2.36769">
				<ele>449.42</ele>
				<time>2026-05-20T19:30:31.890Z</time>
			</trkpt>
			<trkpt lat="45.35822" lon="2.36769">
				<ele>451.28</ele>
				<time>2026-05-20T19:30:33.165Z</time>
			</trkpt>
			<trkpt lat="45.358" lon="2.36761">
				<ele>451.47</ele>
				<time>2026-05-20T19:30:34.976Z</time>
			</trkpt>
			<trkpt lat="45.3578" lon="2.36756">
				<ele>451.32</ele>
				<time>2026-05-20T19:30:36.597Z</time>
			</trkpt>
			<trkpt lat="45.35765" lon="2.3676">
				<ele>452.59</ele>
				<time>2026-05-20T19:30:37.816Z</time>
			</trkpt>
			<trkpt lat="45.35758" lon="2.36766">
				<ele>454.27</ele>
				<time>2026-05-20T19:30:38.469Z</time>
			</trkpt>
			<trkpt lat="45.35751" lon="2.36778">
				<ele>458.29</ele>
				<time>2026-05-20T19:30:39.345Z</time>
			</trkpt>
			<trkpt lat="45.35745" lon="2.36793">
				<ele>462.94</ele>
				<time>2026-05-20T19:30:40.315Z</time>
			</trkpt>
			<trkpt lat="45.35742" lon="2.36809">
				<ele>467.84</ele>
				<time>2026-05-20T19:30:41.246Z</time>
			</trkpt>
			<trkpt lat="45.35734" lon="2.36818">
				<ele>470.45</ele>
				<time>2026-05-20T19:30:42.063Z</time>
			</trkpt>
			<trkpt lat="45.35722" lon="2.36822">
				<ele>472.12</ele>
				<time>2026-05-20T19:30:43.050Z</time>
			</trkpt>
			<trkpt lat="45.35683" lon="2.3682">
				<ele>473.73</ele>
				<time>2026-05-20T19:30:46.178Z</time>
			</trkpt>
			<trkpt lat="45.35669" lon="2.36816">
				<ele>473.28</ele>
				<time>2026-05-20T19:30:47.323Z</time>
			</trkpt>
			<trkpt lat="45.35599" lon="2.36784">
				<ele>476.69</ele>
				<time>2026-05-20T19:30:53.232Z</time>
			</trkpt>
			<trkpt lat="45.35581" lon="2.36781">
				<ele>477.02</ele>
				<time>2026-05-20T19:30:54.691Z</time>
			</trkpt>
			<trkpt lat="45.35566" lon="2.36783">
				<ele>477.87</ele>
				<time>2026-05-20T19:30:55.905Z</time>
			</trkpt>
			<trkpt lat="45.35553" lon="2.36793">
				<ele>479.33</ele>
				<time>2026-05-20T19:30:57.096Z</time>
			</trkpt>
			<trkpt lat="45.35547" lon="2.36808">
				<ele>479.99</ele>
				<time>2026-05-20T19:30:58.074Z</time>
			</trkpt>
			<trkpt lat="45.3554" lon="2.36868">
				<ele>487.56</ele>
				<time>2026-05-20T19:31:01.525Z</time>
			</trkpt>
			<trkpt lat="45.35535" lon="2.36888">
				<ele>489.19</ele>
				<time>2026-05-20T19:31:02.731Z</time>
			</trkpt>
			<trkpt lat="45.35528" lon="2.36908">
				<ele>490.01</ele>
				<time>2026-05-20T19:31:04.000Z</time>
			</trkpt>
			<trkpt lat="45.3552" lon="2.36923">
				<ele>491.24</ele>
				<time>2026-05-20T19:31:05.071Z</time>
			</trkpt>
			<trkpt lat="45.35503" lon="2.36936">
				<ele>491.5</ele>
				<time>2026-05-20T19:31:06.634Z</time>
			</trkpt>
			<trkpt lat="45.35471" lon="2.36955">
				<ele>492.49</ele>
				<time>2026-05-20T19:31:09.444Z</time>
			</trkpt>
			<trkpt lat="45.35399" lon="2.36973">
				<ele>494.2</ele>
				<time>2026-05-20T19:31:15.382Z</time>
			</trkpt>
			<trkpt lat="45.35384" lon="2.36982">
				<ele>494.38</ele>
				<time>2026-05-20T19:31:16.707Z</time>
			</trkpt>
			<trkpt lat="45.35372" lon="2.36992">
				<ele>494.14</ele>
				<time>2026-05-20T19:31:17.839Z</time>
			</trkpt>
			<trkpt lat="45.35363" lon="2.37002">
				<ele>494.55</ele>
				<time>2026-05-20T19:31:18.769Z</time>
			</trkpt>
			<trkpt lat="45.35358" lon="2.37014">
				<ele>496.06</ele>
				<time>2026-05-20T19:31:19.568Z</time>
			</trkpt>
			<trkpt lat="45.35351" lon="2.37042">
				<ele>499.66</ele>
				<time>2026-05-20T19:31:21.272Z</time>
			</trkpt>
			<trkpt lat="45.35349" lon="2.37069">
				<ele>503.39</ele>
				<time>2026-05-20T19:31:22.829Z</time>
			</trkpt>
			<trkpt lat="45.35351" lon="2.37085">
				<ele>506.24</ele>
				<time>2026-05-20T19:31:23.761Z</time>
			</trkpt>
			<trkpt lat="45.35352" lon="2.37102">
				<ele>508.94</ele>
				<time>2026-05-20T19:31:24.741Z</time>
			</trkpt>
			<trkpt lat="45.3535" lon="2.37117">
				<ele>510.01</ele>
				<time>2026-05-20T19:31:25.618Z</time>
			</trkpt>
			<trkpt lat="45.35337" lon="2.37154">
				<ele>510.05</ele>
				<time>2026-05-20T19:31:27.996Z</time>
			</trkpt>
			<trkpt lat="45.35336" lon="2.37166">
				<ele>510.94</ele>
				<time>2026-05-20T19:31:28.691Z</time>
			</trkpt>
			<trkpt lat="45.35338" lon="2.37182">
				<ele>513.81</ele>
				<time>2026-05-20T19:31:29.626Z</time>
			</trkpt>
			<trkpt lat="45.35357" lon="2.37237">
				<ele>522.8</ele>
				<time>2026-05-20T19:31:33.158Z</time>
			</trkpt>
			<trkpt lat="45.35358" lon="2.37254">
				<ele>524.93</ele>
				<time>2026-05-20T19:31:34.142Z</time>
			</trkpt>
			<trkpt lat="45.35355" lon="2.37277">
				<ele>526.76</ele>
				<time>2026-05-20T19:31:35.492Z</time>
			</trkpt>
			<trkpt lat="45.35344" lon="2.3731">
				<ele>528.38</ele>
				<time>2026-05-20T19:31:37.602Z</time>
			</trkpt>
			<trkpt lat="45.35343" lon="2.37332">
				<ele>530.37</ele>
				<time>2026-05-20T19:31:38.877Z</time>
			</trkpt>
			<trkpt lat="45.35351" lon="2.37367">
				<ele>534.61</ele>
				<time>2026-05-20T19:31:41.007Z</time>
			</trkpt>
			<trkpt lat="45.35391" lon="2.37467">
				<ele>538.29</ele>
				<time>2026-05-20T19:31:47.681Z</time>
			</trkpt>
			<trkpt lat="45.35394" lon="2.37479">
				<ele>539</ele>
				<time>2026-05-20T19:31:48.421Z</time>
			</trkpt>
			<trkpt lat="45.35395" lon="2.37492">
				<ele>539.33</ele>
				<time>2026-05-20T19:31:49.181Z</time>
			</trkpt>
			<trkpt lat="45.35391" lon="2.37522">
				<ele>537.88</ele>
				<time>2026-05-20T19:31:50.957Z</time>
			</trkpt>
			<trkpt lat="45.35392" lon="2.3754">
				<ele>539.16</ele>
				<time>2026-05-20T19:31:52.008Z</time>
			</trkpt>
			<trkpt lat="45.35425" lon="2.37703">
				<ele>548.95</ele>
				<time>2026-05-20T19:32:01.911Z</time>
			</trkpt>
			<trkpt lat="45.35464" lon="2.37806">
				<ele>555.61</ele>
				<time>2026-05-20T19:32:08.770Z</time>
			</trkpt>
			<trkpt lat="45.35474" lon="2.37822">
				<ele>556.34</ele>
				<time>2026-05-20T19:32:10.029Z</time>
			</trkpt>
			<trkpt lat="45.35485" lon="2.37834">
				<ele>558.66</ele>
				<time>2026-05-20T19:32:11.188Z</time>
			</trkpt>
			<trkpt lat="45.35493" lon="2.37849">
				<ele>559.56</ele>
				<time>2026-05-20T19:32:12.296Z</time>
			</trkpt>
			<trkpt lat="45.35496" lon="2.37871">
				<ele>558.21</ele>
				<time>2026-05-20T19:32:13.615Z</time>
			</trkpt>
			<trkpt lat="45.35497" lon="2.37914">
				<ele>555.9</ele>
				<time>2026-05-20T19:32:16.150Z</time>
			</trkpt>
			<trkpt lat="45.35502" lon="2.37935">
				<ele>555.66</ele>
				<time>2026-05-20T19:32:17.458Z</time>
			</trkpt>
			<trkpt lat="45.35523" lon="2.37978">
				<ele>556.29</ele>
				<time>2026-05-20T19:32:20.551Z</time>
			</trkpt>
			<trkpt lat="45.35584" lon="2.3807">
				<ele>560.48</ele>
				<time>2026-05-20T19:32:28.041Z</time>
			</trkpt>
			<trkpt lat="45.35592" lon="2.38079">
				<ele>560.47</ele>
				<time>2026-05-20T19:32:28.902Z</time>
			</trkpt>
			<trkpt lat="45.35603" lon="2.38087">
				<ele>560.66</ele>
				<time>2026-05-20T19:32:29.946Z</time>
			</trkpt>
			<trkpt lat="45.35635" lon="2.38087">
				<ele>562.57</ele>
				<time>2026-05-20T19:32:32.653Z</time>
			</trkpt>
			<trkpt lat="45.35644" lon="2.38092">
				<ele>563.46</ele>
				<time>2026-05-20T19:32:33.471Z</time>
			</trkpt>
			<trkpt lat="45.35649" lon="2.38098">
				<ele>564.02</ele>
				<time>2026-05-20T19:32:34.025Z</time>
			</trkpt>
			<trkpt lat="45.3566" lon="2.38117">
				<ele>564.71</ele>
				<time>2026-05-20T19:32:35.491Z</time>
			</trkpt>
			<trkpt lat="45.35706" lon="2.38219">
				<ele>571.2</ele>
				<time>2026-05-20T19:32:42.725Z</time>
			</trkpt>
			<trkpt lat="45.35716" lon="2.38234">
				<ele>572.3</ele>
				<time>2026-05-20T19:32:43.962Z</time>
			</trkpt>
			<trkpt lat="45.35733" lon="2.3825">
				<ele>573.63</ele>
				<time>2026-05-20T19:32:45.699Z</time>
			</trkpt>
			<trkpt lat="45.3579" lon="2.3827">
				<ele>575.53</ele>
				<time>2026-05-20T19:32:50.711Z</time>
			</trkpt>
			<trkpt lat="45.35806" lon="2.38279">
				<ele>575.86</ele>
				<time>2026-05-20T19:32:52.182Z</time>
			</trkpt>
			<trkpt lat="45.35811" lon="2.38285">
				<ele>575.65</ele>
				<time>2026-05-20T19:32:52.741Z</time>
			</trkpt>
			<trkpt lat="45.35822" lon="2.38305">
				<ele>574.61</ele>
				<time>2026-05-20T19:32:54.269Z</time>
			</trkpt>
			<trkpt lat="45.35828" lon="2.38327">
				<ele>575.61</ele>
				<time>2026-05-20T19:32:55.690Z</time>
			</trkpt>
			<trkpt lat="45.35829" lon="2.38348">
				<ele>577.47</ele>
				<time>2026-05-20T19:32:56.958Z</time>
			</trkpt>
			<trkpt lat="45.35827" lon="2.38359">
				<ele>578.64</ele>
				<time>2026-05-20T19:32:57.643Z</time>
			</trkpt>
			<trkpt lat="45.3582" lon="2.38379">
				<ele>580.2</ele>
				<time>2026-05-20T19:32:58.991Z</time>
			</trkpt>
			<trkpt lat="45.35806" lon="2.38396">
				<ele>580.55</ele>
				<time>2026-05-20T19:33:00.572Z</time>
			</trkpt>
			<trkpt lat="45.35758" lon="2.38431">
				<ele>581.55</ele>
				<time>2026-05-20T19:33:05.213Z</time>
			</trkpt>
			<trkpt lat="45.35743" lon="2.38447">
				<ele>582.79</ele>
				<time>2026-05-20T19:33:06.829Z</time>
			</trkpt>
			<trkpt lat="45.35733" lon="2.38467">
				<ele>584.26</ele>
				<time>2026-05-20T19:33:08.317Z</time>
			</trkpt>
			<trkpt lat="45.35689" lon="2.38569">
				<ele>585.75</ele>
				<time>2026-05-20T19:33:15.590Z</time>
			</trkpt>
			<trkpt lat="45.35681" lon="2.38596">
				<ele>585.78</ele>
				<time>2026-05-20T19:33:17.375Z</time>
			</trkpt>
			<trkpt lat="45.35674" lon="2.38612">
				<ele>585.59</ele>
				<time>2026-05-20T19:33:18.524Z</time>
			</trkpt>
			<trkpt lat="45.35665" lon="2.38622">
				<ele>585.84</ele>
				<time>2026-05-20T19:33:19.516Z</time>
			</trkpt>
			<trkpt lat="45.35643" lon="2.38639">
				<ele>587.04</ele>
				<time>2026-05-20T19:33:21.691Z</time>
			</trkpt>
			<trkpt lat="45.35637" lon="2.38646">
				<ele>587.3</ele>
				<time>2026-05-20T19:33:22.366Z</time>
			</trkpt>
			<trkpt lat="45.35623" lon="2.38669">
				<ele>588.04</ele>
				<time>2026-05-20T19:33:24.227Z</time>
			</trkpt>
			<trkpt lat="45.35608" lon="2.38703">
				<ele>587.7</ele>
				<time>2026-05-20T19:33:26.685Z</time>
			</trkpt>
			<trkpt lat="45.35597" lon="2.38744">
				<ele>587.88</ele>
				<time>2026-05-20T19:33:29.376Z</time>
			</trkpt>
			<trkpt lat="45.35555" lon="2.39064">
				<ele>597.99</ele>
				<time>2026-05-20T19:33:49.465Z</time>
			</trkpt>
			<trkpt lat="45.35553" lon="2.39093">
				<ele>597.7</ele>
				<time>2026-05-20T19:33:51.274Z</time>
			</trkpt>
			<trkpt lat="45.35555" lon="2.39118">
				<ele>598</ele>
				<time>2026-05-20T19:33:52.838Z</time>
			</trkpt>
			<trkpt lat="45.35562" lon="2.39142">
				<ele>599.25</ele>
				<time>2026-05-20T19:33:54.454Z</time>
			</trkpt>
			<trkpt lat="45.35568" lon="2.39154">
				<ele>600.34</ele>
				<time>2026-05-20T19:33:55.371Z</time>
			</trkpt>
			<trkpt lat="45.35587" lon="2.39176">
				<ele>602.17</ele>
				<time>2026-05-20T19:33:57.543Z</time>
			</trkpt>
			<trkpt lat="45.35704" lon="2.39284">
				<ele>598.85</ele>
				<time>2026-05-20T19:34:09.960Z</time>
			</trkpt>
			<trkpt lat="45.35724" lon="2.39311">
				<ele>598.77</ele>
				<time>2026-05-20T19:34:12.424Z</time>
			</trkpt>
			<trkpt lat="45.3573" lon="2.39329">
				<ele>598.12</ele>
				<time>2026-05-20T19:34:13.678Z</time>
			</trkpt>
			<trkpt lat="45.35732" lon="2.39352">
				<ele>597.32</ele>
				<time>2026-05-20T19:34:15.136Z</time>
			</trkpt>
			<trkpt lat="45.35732" lon="2.39369">
				<ele>597</ele>
				<time>2026-05-20T19:34:16.207Z</time>
			</trkpt>
			<trkpt lat="45.3571" lon="2.39678">
				<ele>616.83</ele>
				<time>2026-05-20T19:34:35.888Z</time>
			</trkpt>
			<trkpt lat="45.35705" lon="2.39749">
				<ele>620.19</ele>
				<time>2026-05-20T19:34:40.441Z</time>
			</trkpt>
			<trkpt lat="45.35701" lon="2.39835">
				<ele>622</ele>
				<time>2026-05-20T19:34:45.957Z</time>
			</trkpt>
			<trkpt lat="45.35701" lon="2.39856">
				<ele>622</ele>
				<time>2026-05-20T19:34:47.303Z</time>
			</trkpt>
			<trkpt lat="45.35698" lon="2.39859">
				<ele>622</ele>
				<time>2026-05-20T19:34:47.638Z</time>
			</trkpt>
			<trkpt lat="45.35697" lon="2.39862">
				<ele>622.03</ele>
				<time>2026-05-20T19:34:47.851Z</time>
			</trkpt>
			<trkpt lat="45.35697" lon="2.39865">
				<ele>622.12</ele>
				<time>2026-05-20T19:34:48.044Z</time>
			</trkpt>
			<trkpt lat="45.357" lon="2.39868">
				<ele>622.2</ele>
				<time>2026-05-20T19:34:48.378Z</time>
			</trkpt>
			<trkpt lat="45.35698" lon="2.3988">
				<ele>622.57</ele>
				<time>2026-05-20T19:34:49.170Z</time>
			</trkpt>
			<trkpt lat="45.35695" lon="2.39922">
				<ele>622.96</ele>
				<time>2026-05-20T19:34:51.883Z</time>
			</trkpt>
			<trkpt lat="45.3569" lon="2.39965">
				<ele>623.84</ele>
				<time>2026-05-20T19:34:54.689Z</time>
			</trkpt>
			<trkpt lat="45.35685" lon="2.39969">
				<ele>624.22</ele>
				<time>2026-05-20T19:34:55.215Z</time>
			</trkpt>
			<trkpt lat="45.35685" lon="2.39974">
				<ele>624.41</ele>
				<time>2026-05-20T19:34:55.537Z</time>
			</trkpt>
			<trkpt lat="45.35689" lon="2.39979">
				<ele>624.43</ele>
				<time>2026-05-20T19:34:56.026Z</time>
			</trkpt>
			<trkpt lat="45.35677" lon="2.40076">
				<ele>625.61</ele>
				<time>2026-05-20T19:35:02.387Z</time>
			</trkpt>
			<trkpt lat="45.35675" lon="2.40115">
				<ele>625.78</ele>
				<time>2026-05-20T19:35:04.920Z</time>
			</trkpt>
			<trkpt lat="45.35694" lon="2.40325">
				<ele>631.71</ele>
				<time>2026-05-20T19:35:19.351Z</time>
			</trkpt>
			<trkpt lat="45.35696" lon="2.40371">
				<ele>632.22</ele>
				<time>2026-05-20T19:35:22.484Z</time>
			</trkpt>
			<trkpt lat="45.35693" lon="2.40424">
				<ele>634.04</ele>
				<time>2026-05-20T19:35:26.003Z</time>
			</trkpt>
			<trkpt lat="45.35603" lon="2.40943">
				<ele>640</ele>
				<time>2026-05-20T19:36:00.864Z</time>
			</trkpt>
			<trkpt lat="45.35603" lon="2.40962">
				<ele>639.82</ele>
				<time>2026-05-20T19:36:02.086Z</time>
			</trkpt>
			<trkpt lat="45.35605" lon="2.41025">
				<ele>638.87</ele>
				<time>2026-05-20T19:36:06.134Z</time>
			</trkpt>
			<trkpt lat="45.35615" lon="2.41152">
				<ele>639.14</ele>
				<time>2026-05-20T19:36:14.301Z</time>
			</trkpt>
			<trkpt lat="45.35634" lon="2.41458">
				<ele>638.51</ele>
				<time>2026-05-20T19:36:33.730Z</time>
			</trkpt>
			<trkpt lat="45.3564" lon="2.41498">
				<ele>639.05</ele>
				<time>2026-05-20T19:36:36.296Z</time>
			</trkpt>
			<trkpt lat="45.35678" lon="2.41655">
				<ele>641.63</ele>
				<time>2026-05-20T19:36:46.666Z</time>
			</trkpt>
			<trkpt lat="45.3569" lon="2.41717">
				<ele>641.77</ele>
				<time>2026-05-20T19:36:50.661Z</time>
			</trkpt>
			<trkpt lat="45.35695" lon="2.41778">
				<ele>639</ele>
				<time>2026-05-20T19:36:54.466Z</time>
			</trkpt>
			<trkpt lat="45.357" lon="2.41801">
				<ele>637.87</ele>
				<time>2026-05-20T19:36:55.954Z</time>
			</trkpt>
			<trkpt lat="45.35722" lon="2.41861">
				<ele>637.95</ele>
				<time>2026-05-20T19:37:00.131Z</time>
			</trkpt>
			<trkpt lat="45.3573" lon="2.4189">
				<ele>637.05</ele>
				<time>2026-05-20T19:37:02.050Z</time>
			</trkpt>
			<trkpt lat="45.35739" lon="2.4193">
				<ele>634.32</ele>
				<time>2026-05-20T19:37:04.632Z</time>
			</trkpt>
			<trkpt lat="45.35746" lon="2.41948">
				<ele>633.06</ele>
				<time>2026-05-20T19:37:05.895Z</time>
			</trkpt>
			<trkpt lat="45.35762" lon="2.41969">
				<ele>631.72</ele>
				<time>2026-05-20T19:37:07.795Z</time>
			</trkpt>
			<trkpt lat="45.3584" lon="2.4206">
				<ele>630.62</ele>
				<time>2026-05-20T19:37:16.566Z</time>
			</trkpt>
			<trkpt lat="45.3588" lon="2.42128">
				<ele>627.22</ele>
				<time>2026-05-20T19:37:21.959Z</time>
			</trkpt>
			<trkpt lat="45.35901" lon="2.42149">
				<ele>625.18</ele>
				<time>2026-05-20T19:37:24.175Z</time>
			</trkpt>
			<trkpt lat="45.35924" lon="2.42165">
				<ele>624.37</ele>
				<time>2026-05-20T19:37:26.382Z</time>
			</trkpt>
			<trkpt lat="45.35935" lon="2.42177">
				<ele>623.21</ele>
				<time>2026-05-20T19:37:27.575Z</time>
			</trkpt>
			<trkpt lat="45.35943" lon="2.42192">
				<ele>622.19</ele>
				<time>2026-05-20T19:37:28.713Z</time>
			</trkpt>
			<trkpt lat="45.3596" lon="2.42236">
				<ele>619.55</ele>
				<time>2026-05-20T19:37:31.744Z</time>
			</trkpt>
			<trkpt lat="45.35981" lon="2.4232">
				<ele>616.17</ele>
				<time>2026-05-20T19:37:37.112Z</time>
			</trkpt>
			<trkpt lat="45.35991" lon="2.42341">
				<ele>616.29</ele>
				<time>2026-05-20T19:37:38.635Z</time>
			</trkpt>
			<trkpt lat="45.36053" lon="2.42424">
				<ele>614.48</ele>
				<time>2026-05-20T19:37:45.890Z</time>
			</trkpt>
			<trkpt lat="45.36089" lon="2.4245">
				<ele>614.21</ele>
				<time>2026-05-20T19:37:49.319Z</time>
			</trkpt>
			<trkpt lat="45.36099" lon="2.42461">
				<ele>614.88</ele>
				<time>2026-05-20T19:37:50.392Z</time>
			</trkpt>
			<trkpt lat="45.36112" lon="2.42482">
				<ele>615.07</ele>
				<time>2026-05-20T19:37:52.058Z</time>
			</trkpt>
			<trkpt lat="45.36124" lon="2.42515">
				<ele>613.74</ele>
				<time>2026-05-20T19:37:54.268Z</time>
			</trkpt>
			<trkpt lat="45.36181" lon="2.42681">
				<ele>611.27</ele>
				<time>2026-05-20T19:38:05.211Z</time>
			</trkpt>
			<trkpt lat="45.36205" lon="2.42729">
				<ele>610.52</ele>
				<time>2026-05-20T19:38:08.685Z</time>
			</trkpt>
			<trkpt lat="45.36209" lon="2.42748">
				<ele>609.27</ele>
				<time>2026-05-20T19:38:09.853Z</time>
			</trkpt>
			<trkpt lat="45.36211" lon="2.42777">
				<ele>607.22</ele>
				<time>2026-05-20T19:38:11.568Z</time>
			</trkpt>
			<trkpt lat="45.36228" lon="2.42907">
				<ele>597.41</ele>
				<time>2026-05-20T19:38:19.325Z</time>
			</trkpt>
			<trkpt lat="45.36262" lon="2.43046">
				<ele>593.46</ele>
				<time>2026-05-20T19:38:27.919Z</time>
			</trkpt>
			<trkpt lat="45.36272" lon="2.4307">
				<ele>591.84</ele>
				<time>2026-05-20T19:38:29.543Z</time>
			</trkpt>
			<trkpt lat="45.36281" lon="2.43088">
				<ele>590.54</ele>
				<time>2026-05-20T19:38:30.828Z</time>
			</trkpt>
			<trkpt lat="45.36298" lon="2.43113">
				<ele>588.89</ele>
				<time>2026-05-20T19:38:32.850Z</time>
			</trkpt>
			<trkpt lat="45.3633" lon="2.43154">
				<ele>588.61</ele>
				<time>2026-05-20T19:38:36.405Z</time>
			</trkpt>
			<trkpt lat="45.3635" lon="2.43175">
				<ele>587.96</ele>
				<time>2026-05-20T19:38:38.455Z</time>
			</trkpt>
			<trkpt lat="45.36387" lon="2.43207">
				<ele>585.64</ele>
				<time>2026-05-20T19:38:42.019Z</time>
			</trkpt>
			<trkpt lat="45.36397" lon="2.43221">
				<ele>584.13</ele>
				<time>2026-05-20T19:38:43.172Z</time>
			</trkpt>
			<trkpt lat="45.36401" lon="2.43239">
				<ele>583.09</ele>
				<time>2026-05-20T19:38:44.262Z</time>
			</trkpt>
			<trkpt lat="45.36401" lon="2.43254">
				<ele>582.45</ele>
				<time>2026-05-20T19:38:45.127Z</time>
			</trkpt>
			<trkpt lat="45.36397" lon="2.43269">
				<ele>582.19</ele>
				<time>2026-05-20T19:38:46.053Z</time>
			</trkpt>
			<trkpt lat="45.3636" lon="2.43317">
				<ele>579.54</ele>
				<time>2026-05-20T19:38:50.157Z</time>
			</trkpt>
			<trkpt lat="45.36341" lon="2.43353">
				<ele>577.78</ele>
				<time>2026-05-20T19:38:52.745Z</time>
			</trkpt>
			<trkpt lat="45.3633" lon="2.43408">
				<ele>577.9</ele>
				<time>2026-05-20T19:38:56.028Z</time>
			</trkpt>
			<trkpt lat="45.36329" lon="2.43442">
				<ele>576.91</ele>
				<time>2026-05-20T19:38:57.979Z</time>
			</trkpt>
			<trkpt lat="45.36331" lon="2.43461">
				<ele>575.72</ele>
				<time>2026-05-20T19:38:59.079Z</time>
			</trkpt>
			<trkpt lat="45.36336" lon="2.43479">
				<ele>574.68</ele>
				<time>2026-05-20T19:39:00.188Z</time>
			</trkpt>
			<trkpt lat="45.36353" lon="2.43519">
				<ele>573.1</ele>
				<time>2026-05-20T19:39:02.861Z</time>
			</trkpt>
			<trkpt lat="45.36374" lon="2.43559">
				<ele>571.09</ele>
				<time>2026-05-20T19:39:05.713Z</time>
			</trkpt>
			<trkpt lat="45.36385" lon="2.43573">
				<ele>571.25</ele>
				<time>2026-05-20T19:39:06.912Z</time>
			</trkpt>
			<trkpt lat="45.36416" lon="2.43603">
				<ele>573.26</ele>
				<time>2026-05-20T19:39:09.953Z</time>
			</trkpt>
			<trkpt lat="45.365" lon="2.43738">
				<ele>568</ele>
				<time>2026-05-20T19:39:20.199Z</time>
			</trkpt>
			<trkpt lat="45.36507" lon="2.43755">
				<ele>568.34</ele>
				<time>2026-05-20T19:39:21.316Z</time>
			</trkpt>
			<trkpt lat="45.3651" lon="2.43785">
				<ele>568.71</ele>
				<time>2026-05-20T19:39:23.032Z</time>
			</trkpt>
			<trkpt lat="45.36502" lon="2.43883">
				<ele>569.07</ele>
				<time>2026-05-20T19:39:28.609Z</time>
			</trkpt>
			<trkpt lat="45.36497" lon="2.43899">
				<ele>568.54</ele>
				<time>2026-05-20T19:39:29.598Z</time>
			</trkpt>
			<trkpt lat="45.36492" lon="2.4391">
				<ele>567.96</ele>
				<time>2026-05-20T19:39:30.337Z</time>
			</trkpt>
			<trkpt lat="45.36486" lon="2.43919">
				<ele>567.41</ele>
				<time>2026-05-20T19:39:31.037Z</time>
			</trkpt>
			<trkpt lat="45.36452" lon="2.43946">
				<ele>565.23</ele>
				<time>2026-05-20T19:39:34.161Z</time>
			</trkpt>
			<trkpt lat="45.36437" lon="2.4396">
				<ele>564.41</ele>
				<time>2026-05-20T19:39:35.598Z</time>
			</trkpt>
			<trkpt lat="45.3643" lon="2.43971">
				<ele>564.01</ele>
				<time>2026-05-20T19:39:36.434Z</time>
			</trkpt>
			<trkpt lat="45.36422" lon="2.43991">
				<ele>563.09</ele>
				<time>2026-05-20T19:39:37.728Z</time>
			</trkpt>
			<trkpt lat="45.36405" lon="2.44097">
				<ele>558.27</ele>
				<time>2026-05-20T19:39:43.836Z</time>
			</trkpt>
			<trkpt lat="45.36389" lon="2.44279">
				<ele>555.16</ele>
				<time>2026-05-20T19:39:54.105Z</time>
			</trkpt>
			<trkpt lat="45.36374" lon="2.44354">
				<ele>553.41</ele>
				<time>2026-05-20T19:39:58.458Z</time>
			</trkpt>
			<trkpt lat="45.36291" lon="2.44725">
				<ele>548.09</ele>
				<time>2026-05-20T19:40:20.096Z</time>
			</trkpt>
			<trkpt lat="45.36282" lon="2.44746">
				<ele>549.35</ele>
				<time>2026-05-20T19:40:21.458Z</time>
			</trkpt>
			<trkpt lat="45.36198" lon="2.44877">
				<ele>551.24</ele>
				<time>2026-05-20T19:40:31.261Z</time>
			</trkpt>
			<trkpt lat="45.36173" lon="2.44925">
				<ele>550.44</ele>
				<time>2026-05-20T19:40:34.557Z</time>
			</trkpt>
			<trkpt lat="45.36113" lon="2.45066">
				<ele>543.36</ele>
				<time>2026-05-20T19:40:43.636Z</time>
			</trkpt>
			<trkpt lat="45.36085" lon="2.45121">
				<ele>545.38</ele>
				<time>2026-05-20T19:40:47.371Z</time>
			</trkpt>
			<trkpt lat="45.36025" lon="2.45206">
				<ele>548.12</ele>
				<time>2026-05-20T19:40:53.988Z</time>
			</trkpt>
			<trkpt lat="45.35909" lon="2.4536">
				<ele>542.28</ele>
				<time>2026-05-20T19:41:06.364Z</time>
			</trkpt>
			<trkpt lat="45.35829" lon="2.45437">
				<ele>539.34</ele>
				<time>2026-05-20T19:41:13.884Z</time>
			</trkpt>
			<trkpt lat="45.35794" lon="2.45466">
				<ele>537.91</ele>
				<time>2026-05-20T19:41:17.035Z</time>
			</trkpt>
			<trkpt lat="45.35785" lon="2.4547">
				<ele>537.94</ele>
				<time>2026-05-20T19:41:17.768Z</time>
			</trkpt>
			<trkpt lat="45.35625" lon="2.45481">
				<ele>527.67</ele>
				<time>2026-05-20T19:41:30.216Z</time>
			</trkpt>
			<trkpt lat="45.3561" lon="2.45485">
				<ele>526.94</ele>
				<time>2026-05-20T19:41:31.401Z</time>
			</trkpt>
			<trkpt lat="45.356" lon="2.45491">
				<ele>526.08</ele>
				<time>2026-05-20T19:41:32.243Z</time>
			</trkpt>
			<trkpt lat="45.35593" lon="2.45503">
				<ele>524.9</ele>
				<time>2026-05-20T19:41:33.094Z</time>
			</trkpt>
			<trkpt lat="45.3559" lon="2.45514">
				<ele>523.83</ele>
				<time>2026-05-20T19:41:33.738Z</time>
			</trkpt>
			<trkpt lat="45.3559" lon="2.45528">
				<ele>522.96</ele>
				<time>2026-05-20T19:41:34.501Z</time>
			</trkpt>
			<trkpt lat="45.35592" lon="2.45542">
				<ele>522.84</ele>
				<time>2026-05-20T19:41:35.280Z</time>
			</trkpt>
			<trkpt lat="45.35601" lon="2.45558">
				<ele>523.29</ele>
				<time>2026-05-20T19:41:36.398Z</time>
			</trkpt>
			<trkpt lat="45.35704" lon="2.45716">
				<ele>518.61</ele>
				<time>2026-05-20T19:41:48.145Z</time>
			</trkpt>
			<trkpt lat="45.35712" lon="2.45739">
				<ele>517.75</ele>
				<time>2026-05-20T19:41:49.543Z</time>
			</trkpt>
			<trkpt lat="45.35718" lon="2.45767">
				<ele>516.46</ele>
				<time>2026-05-20T19:41:51.138Z</time>
			</trkpt>
			<trkpt lat="45.35716" lon="2.45785">
				<ele>515.84</ele>
				<time>2026-05-20T19:41:52.130Z</time>
			</trkpt>
			<trkpt lat="45.35704" lon="2.45811">
				<ele>516.12</ele>
				<time>2026-05-20T19:41:53.825Z</time>
			</trkpt>
			<trkpt lat="45.35686" lon="2.45833">
				<ele>517.3</ele>
				<time>2026-05-20T19:41:55.664Z</time>
			</trkpt>
			<trkpt lat="45.35679" lon="2.45837">
				<ele>517.61</ele>
				<time>2026-05-20T19:41:56.249Z</time>
			</trkpt>
			<trkpt lat="45.3567" lon="2.45838">
				<ele>517.89</ele>
				<time>2026-05-20T19:41:56.948Z</time>
			</trkpt>
			<trkpt lat="45.35663" lon="2.45836">
				<ele>518.01</ele>
				<time>2026-05-20T19:41:57.502Z</time>
			</trkpt>
			<trkpt lat="45.35626" lon="2.45799">
				<ele>516.04</ele>
				<time>2026-05-20T19:42:01.007Z</time>
			</trkpt>
			<trkpt lat="45.35532" lon="2.45753">
				<ele>509.55</ele>
				<time>2026-05-20T19:42:08.710Z</time>
			</trkpt>
			<trkpt lat="45.3552" lon="2.45751">
				<ele>507.91</ele>
				<time>2026-05-20T19:42:09.647Z</time>
			</trkpt>
			<trkpt lat="45.3551" lon="2.45752">
				<ele>506.51</ele>
				<time>2026-05-20T19:42:10.423Z</time>
			</trkpt>
			<trkpt lat="45.35461" lon="2.45766">
				<ele>502.85</ele>
				<time>2026-05-20T19:42:14.297Z</time>
			</trkpt>
			<trkpt lat="45.35418" lon="2.45786">
				<ele>498.65</ele>
				<time>2026-05-20T19:42:17.803Z</time>
			</trkpt>
			<trkpt lat="45.35338" lon="2.45854">
				<ele>492.29</ele>
				<time>2026-05-20T19:42:25.028Z</time>
			</trkpt>
			<trkpt lat="45.35224" lon="2.45898">
				<ele>492.54</ele>
				<time>2026-05-20T19:42:34.190Z</time>
			</trkpt>
			<trkpt lat="45.35212" lon="2.45897">
				<ele>492.97</ele>
				<time>2026-05-20T19:42:35.122Z</time>
			</trkpt>
			<trkpt lat="45.35192" lon="2.4589">
				<ele>492.79</ele>
				<time>2026-05-20T19:42:36.721Z</time>
			</trkpt>
			<trkpt lat="45.35179" lon="2.45889">
				<ele>490.82</ele>
				<time>2026-05-20T19:42:37.731Z</time>
			</trkpt>
			<trkpt lat="45.35163" lon="2.45895">
				<ele>488.33</ele>
				<time>2026-05-20T19:42:39.016Z</time>
			</trkpt>
			<trkpt lat="45.35151" lon="2.4591">
				<ele>485.91</ele>
				<time>2026-05-20T19:42:40.256Z</time>
			</trkpt>
			<trkpt lat="45.35146" lon="2.45926">
				<ele>484.75</ele>
				<time>2026-05-20T19:42:41.211Z</time>
			</trkpt>
			<trkpt lat="45.35143" lon="2.45955">
				<ele>483.55</ele>
				<time>2026-05-20T19:42:42.811Z</time>
			</trkpt>
			<trkpt lat="45.35143" lon="2.45985">
				<ele>482.59</ele>
				<time>2026-05-20T19:42:44.448Z</time>
			</trkpt>
			<trkpt lat="45.35145" lon="2.46013">
				<ele>481.5</ele>
				<time>2026-05-20T19:42:45.984Z</time>
			</trkpt>
			<trkpt lat="45.35161" lon="2.46072">
				<ele>478.25</ele>
				<time>2026-05-20T19:42:49.438Z</time>
			</trkpt>
			<trkpt lat="45.35194" lon="2.46142">
				<ele>475.5</ele>
				<time>2026-05-20T19:42:54.043Z</time>
			</trkpt>
			<trkpt lat="45.35218" lon="2.46187">
				<ele>474.89</ele>
				<time>2026-05-20T19:42:57.132Z</time>
			</trkpt>
			<trkpt lat="45.35275" lon="2.46257">
				<ele>473.72</ele>
				<time>2026-05-20T19:43:02.993Z</time>
			</trkpt>
			<trkpt lat="45.35287" lon="2.46264">
				<ele>473.63</ele>
				<time>2026-05-20T19:43:04.003Z</time>
			</trkpt>
			<trkpt lat="45.35374" lon="2.46295">
				<ele>476.15</ele>
				<time>2026-05-20T19:43:10.994Z</time>
			</trkpt>
			<trkpt lat="45.35382" lon="2.46304">
				<ele>476.55</ele>
				<time>2026-05-20T19:43:11.789Z</time>
			</trkpt>
			<trkpt lat="45.35382" lon="2.46316">
				<ele>476.14</ele>
				<time>2026-05-20T19:43:12.447Z</time>
			</trkpt>
			<trkpt lat="45.35377" lon="2.46331">
				<ele>475.26</ele>
				<time>2026-05-20T19:43:13.357Z</time>
			</trkpt>
			<trkpt lat="45.35371" lon="2.46334">
				<ele>474.69</ele>
				<time>2026-05-20T19:43:13.854Z</time>
			</trkpt>
			<trkpt lat="45.35366" lon="2.46343">
				<ele>474.01</ele>
				<time>2026-05-20T19:43:14.483Z</time>
			</trkpt>
			<trkpt lat="45.35365" lon="2.46354">
				<ele>473.58</ele>
				<time>2026-05-20T19:43:15.091Z</time>
			</trkpt>
			<trkpt lat="45.35368" lon="2.46364">
				<ele>473.38</ele>
				<time>2026-05-20T19:43:15.688Z</time>
			</trkpt>
			<trkpt lat="45.35376" lon="2.46373">
				<ele>473.68</ele>
				<time>2026-05-20T19:43:16.484Z</time>
			</trkpt>
			<trkpt lat="45.35383" lon="2.46373">
				<ele>474.15</ele>
				<time>2026-05-20T19:43:17.031Z</time>
			</trkpt>
			<trkpt lat="45.35388" lon="2.4637">
				<ele>474.63</ele>
				<time>2026-05-20T19:43:17.455Z</time>
			</trkpt>
			<trkpt lat="45.35401" lon="2.46371">
				<ele>475.07</ele>
				<time>2026-05-20T19:43:18.472Z</time>
			</trkpt>
			<trkpt lat="45.35415" lon="2.46376">
				<ele>475.38</ele>
				<time>2026-05-20T19:43:19.599Z</time>
			</trkpt>
			<trkpt lat="45.35501" lon="2.46434">
				<ele>483.23</ele>
				<time>2026-05-20T19:43:27.042Z</time>
			</trkpt>
			<trkpt lat="45.35554" lon="2.46456">
				<ele>484.14</ele>
				<time>2026-05-20T19:43:31.366Z</time>
			</trkpt>
			<trkpt lat="45.35611" lon="2.46477">
				<ele>487.42</ele>
				<time>2026-05-20T19:43:35.897Z</time>
			</trkpt>
			<trkpt lat="45.35647" lon="2.46499">
				<ele>490.27</ele>
				<time>2026-05-20T19:43:38.549Z</time>
			</trkpt>
			<trkpt lat="45.35672" lon="2.46523">
				<ele>492.23</ele>
				<time>2026-05-20T19:43:40.544Z</time>
			</trkpt>
			<trkpt lat="45.35692" lon="2.46548">
				<ele>494.6</ele>
				<time>2026-05-20T19:43:42.272Z</time>
			</trkpt>
			<trkpt lat="45.35709" lon="2.46577">
				<ele>496.29</ele>
				<time>2026-05-20T19:43:43.967Z</time>
			</trkpt>
			<trkpt lat="45.35724" lon="2.46615">
				<ele>498.03</ele>
				<time>2026-05-20T19:43:45.889Z</time>
			</trkpt>
			<trkpt lat="45.35745" lon="2.46684">
				<ele>498.75</ele>
				<time>2026-05-20T19:43:49.128Z</time>
			</trkpt>
			<trkpt lat="45.35762" lon="2.46731">
				<ele>501.35</ele>
				<time>2026-05-20T19:43:51.350Z</time>
			</trkpt>
			<trkpt lat="45.35785" lon="2.46777">
				<ele>501.99</ele>
				<time>2026-05-20T19:43:53.679Z</time>
			</trkpt>
			<trkpt lat="45.35871" lon="2.46923">
				<ele>498.72</ele>
				<time>2026-05-20T19:44:01.264Z</time>
			</trkpt>
			<trkpt lat="45.35888" lon="2.46946">
				<ele>499.19</ele>
				<time>2026-05-20T19:44:02.559Z</time>
			</trkpt>
			<trkpt lat="45.35919" lon="2.46975">
				<ele>502.04</ele>
				<time>2026-05-20T19:44:04.591Z</time>
			</trkpt>
			<trkpt lat="45.35961" lon="2.47">
				<ele>501.8</ele>
				<time>2026-05-20T19:44:07.064Z</time>
			</trkpt>
			<trkpt lat="45.36031" lon="2.47033">
				<ele>500.1</ele>
				<time>2026-05-20T19:44:11.040Z</time>
			</trkpt>
			<trkpt lat="45.36071" lon="2.4706">
				<ele>499.48</ele>
				<time>2026-05-20T19:44:13.420Z</time>
			</trkpt>
			<trkpt lat="45.36079" lon="2.47068">
				<ele>499.19</ele>
				<time>2026-05-20T19:44:13.946Z</time>
			</trkpt>
			<trkpt lat="45.36082" lon="2.47086">
				<ele>499.02</ele>
				<time>2026-05-20T19:44:14.645Z</time>
			</trkpt>
			<trkpt lat="45.3608" lon="2.47099">
				<ele>499.25</ele>
				<time>2026-05-20T19:44:15.149Z</time>
			</trkpt>
			<trkpt lat="45.36075" lon="2.47114">
				<ele>499.76</ele>
				<time>2026-05-20T19:44:15.777Z</time>
			</trkpt>
			<trkpt lat="45.36058" lon="2.4714">
				<ele>500.68</ele>
				<time>2026-05-20T19:44:17.124Z</time>
			</trkpt>
			<trkpt lat="45.36044" lon="2.47149">
				<ele>501.42</ele>
				<time>2026-05-20T19:44:17.955Z</time>
			</trkpt>
			<trkpt lat="45.35998" lon="2.47173">
				<ele>503.1</ele>
				<time>2026-05-20T19:44:20.620Z</time>
			</trkpt>
			<trkpt lat="45.35965" lon="2.47199">
				<ele>505.11</ele>
				<time>2026-05-20T19:44:22.690Z</time>
			</trkpt>
			<trkpt lat="45.35924" lon="2.47248">
				<ele>505.73</ele>
				<time>2026-05-20T19:44:25.664Z</time>
			</trkpt>
			<trkpt lat="45.3588" lon="2.47315">
				<ele>505.08</ele>
				<time>2026-05-20T19:44:29.317Z</time>
			</trkpt>
			<trkpt lat="45.35863" lon="2.47344">
				<ele>504.06</ele>
				<time>2026-05-20T19:44:30.842Z</time>
			</trkpt>
			<trkpt lat="45.35829" lon="2.4741">
				<ele>504.31</ele>
				<time>2026-05-20T19:44:34.140Z</time>
			</trkpt>
			<trkpt lat="45.358" lon="2.47478">
				<ele>506.63</ele>
				<time>2026-05-20T19:44:37.333Z</time>
			</trkpt>
			<trkpt lat="45.35772" lon="2.47557">
				<ele>503.59</ele>
				<time>2026-05-20T19:44:40.871Z</time>
			</trkpt>
			<trkpt lat="45.35758" lon="2.47601">
				<ele>502.62</ele>
				<time>2026-05-20T19:44:42.798Z</time>
			</trkpt>
			<trkpt lat="45.35733" lon="2.47706">
				<ele>503.07</ele>
				<time>2026-05-20T19:44:47.207Z</time>
			</trkpt>
			<trkpt lat="45.35715" lon="2.47825">
				<ele>502.23</ele>
				<time>2026-05-20T19:44:52.028Z</time>
			</trkpt>
			<trkpt lat="45.35691" lon="2.48052">
				<ele>501.52</ele>
				<time>2026-05-20T19:45:01.076Z</time>
			</trkpt>
			<trkpt lat="45.35686" lon="2.48125">
				<ele>496.97</ele>
				<time>2026-05-20T19:45:03.957Z</time>
			</trkpt>
			<trkpt lat="45.35686" lon="2.48165">
				<ele>497.77</ele>
				<time>2026-05-20T19:45:05.527Z</time>
			</trkpt>
			<trkpt lat="45.35691" lon="2.48215">
				<ele>501.47</ele>
				<time>2026-05-20T19:45:07.507Z</time>
			</trkpt>
			<trkpt lat="45.35699" lon="2.48258">
				<ele>503.06</ele>
				<time>2026-05-20T19:45:09.250Z</time>
			</trkpt>
			<trkpt lat="45.35743" lon="2.4844">
				<ele>483.69</ele>
				<time>2026-05-20T19:45:16.781Z</time>
			</trkpt>
			<trkpt lat="45.35755" lon="2.48501">
				<ele>484.03</ele>
				<time>2026-05-20T19:45:19.258Z</time>
			</trkpt>
			<trkpt lat="45.35764" lon="2.48577">
				<ele>484.05</ele>
				<time>2026-05-20T19:45:22.271Z</time>
			</trkpt>
			<trkpt lat="45.35768" lon="2.48649">
				<ele>479.21</ele>
				<time>2026-05-20T19:45:25.094Z</time>
			</trkpt>
			<trkpt lat="45.35762" lon="2.49006">
				<ele>473.59</ele>
				<time>2026-05-20T19:45:39.074Z</time>
			</trkpt>
			<trkpt lat="45.35757" lon="2.49157">
				<ele>468.56</ele>
				<time>2026-05-20T19:45:45.014Z</time>
			</trkpt>
			<trkpt lat="45.35734" lon="2.49458">
				<ele>470.85</ele>
				<time>2026-05-20T19:45:56.977Z</time>
			</trkpt>
			<trkpt lat="45.35689" lon="2.49992">
				<ele>469</ele>
				<time>2026-05-20T19:46:18.564Z</time>
			</trkpt>
			<trkpt lat="45.35684" lon="2.50093">
				<ele>469.35</ele>
				<time>2026-05-20T19:46:22.692Z</time>
			</trkpt>
			<trkpt lat="45.35683" lon="2.50198">
				<ele>468</ele>
				<time>2026-05-20T19:46:26.998Z</time>
			</trkpt>
			<trkpt lat="45.35684" lon="2.50271">
				<ele>468.76</ele>
				<time>2026-05-20T19:46:30.008Z</time>
			</trkpt>
			<trkpt lat="45.35702" lon="2.50803">
				<ele>473.46</ele>
				<time>2026-05-20T19:46:52.425Z</time>
			</trkpt>
			<trkpt lat="45.35802" lon="2.50818">
				<ele>475.04</ele>
				<time>2026-05-20T19:46:58.605Z</time>
			</trkpt>
			<trkpt lat="45.35823" lon="2.50825">
				<ele>474.34</ele>
				<time>2026-05-20T19:46:59.940Z</time>
			</trkpt>
			<trkpt lat="45.35985" lon="2.50928">
				<ele>474.28</ele>
				<time>2026-05-20T19:47:11.057Z</time>
			</trkpt>
			<trkpt lat="45.36003" lon="2.50935">
				<ele>474.13</ele>
				<time>2026-05-20T19:47:12.236Z</time>
			</trkpt>
			<trkpt lat="45.36027" lon="2.50936">
				<ele>475</ele>
				<time>2026-05-20T19:47:13.751Z</time>
			</trkpt>
			<trkpt lat="45.36087" lon="2.50931">
				<ele>476.38</ele>
				<time>2026-05-20T19:47:17.536Z</time>
			</trkpt>
			<trkpt lat="45.3612" lon="2.50931">
				<ele>475.66</ele>
				<time>2026-05-20T19:47:19.608Z</time>
			</trkpt>
			<trkpt lat="45.36186" lon="2.50936">
				<ele>476.27</ele>
				<time>2026-05-20T19:47:23.749Z</time>
			</trkpt>
			<trkpt lat="45.36204" lon="2.5094">
				<ele>475.76</ele>
				<time>2026-05-20T19:47:24.888Z</time>
			</trkpt>
			<trkpt lat="45.3622" lon="2.5095">
				<ele>475.04</ele>
				<time>2026-05-20T19:47:25.980Z</time>
			</trkpt>
			<trkpt lat="45.36228" lon="2.50958">
				<ele>475</ele>
				<time>2026-05-20T19:47:26.591Z</time>
			</trkpt>
			<trkpt lat="45.36387" lon="2.51163">
				<ele>469.05</ele>
				<time>2026-05-20T19:47:39.924Z</time>
			</trkpt>
			<trkpt lat="45.36454" lon="2.51249">
				<ele>469</ele>
				<time>2026-05-20T19:47:45.500Z</time>
			</trkpt>
			<trkpt lat="45.36472" lon="2.51259">
				<ele>469.34</ele>
				<time>2026-05-20T19:47:46.693Z</time>
			</trkpt>
			<trkpt lat="45.36484" lon="2.51259">
				<ele>469.63</ele>
				<time>2026-05-20T19:47:47.433Z</time>
			</trkpt>
			<trkpt lat="45.36525" lon="2.51243">
				<ele>470.25</ele>
				<time>2026-05-20T19:47:50.053Z</time>
			</trkpt>
			<trkpt lat="45.3654" lon="2.51242">
				<ele>470.01</ele>
				<time>2026-05-20T19:47:50.978Z</time>
			</trkpt>
			<trkpt lat="45.36551" lon="2.51249">
				<ele>469.98</ele>
				<time>2026-05-20T19:47:51.720Z</time>
			</trkpt>
			<trkpt lat="45.36562" lon="2.51264">
				<ele>470.01</ele>
				<time>2026-05-20T19:47:52.658Z</time>
			</trkpt>
			<trkpt lat="45.36574" lon="2.51275">
				<ele>470.55</ele>
				<time>2026-05-20T19:47:53.536Z</time>
			</trkpt>
			<trkpt lat="45.36641" lon="2.51287">
				<ele>470.48</ele>
				<time>2026-05-20T19:47:57.688Z</time>
			</trkpt>
			<trkpt lat="45.3666" lon="2.51296">
				<ele>468.78</ele>
				<time>2026-05-20T19:47:58.918Z</time>
			</trkpt>
			<trkpt lat="45.36732" lon="2.51372">
				<ele>468.29</ele>
				<time>2026-05-20T19:48:04.420Z</time>
			</trkpt>
			<trkpt lat="45.36775" lon="2.5146">
				<ele>473.27</ele>
				<time>2026-05-20T19:48:09.038Z</time>
			</trkpt>
			<trkpt lat="45.36781" lon="2.5149">
				<ele>474.73</ele>
				<time>2026-05-20T19:48:10.381Z</time>
			</trkpt>
			<trkpt lat="45.36802" lon="2.51677">
				<ele>476.87</ele>
				<time>2026-05-20T19:48:18.533Z</time>
			</trkpt>
			<trkpt lat="45.36793" lon="2.51777">
				<ele>476.98</ele>
				<time>2026-05-20T19:48:22.873Z</time>
			</trkpt>
			<trkpt lat="45.36782" lon="2.51869">
				<ele>476.97</ele>
				<time>2026-05-20T19:48:26.892Z</time>
			</trkpt>
			<trkpt lat="45.3678" lon="2.51967">
				<ele>478.65</ele>
				<time>2026-05-20T19:48:31.116Z</time>
			</trkpt>
			<trkpt lat="45.36815" lon="2.52093">
				<ele>486</ele>
				<time>2026-05-20T19:48:36.961Z</time>
			</trkpt>
			<trkpt lat="45.36865" lon="2.52203">
				<ele>491.83</ele>
				<time>2026-05-20T19:48:42.621Z</time>
			</trkpt>
			<trkpt lat="45.36911" lon="2.52279">
				<ele>500.3</ele>
				<time>2026-05-20T19:48:46.963Z</time>
			</trkpt>
			<trkpt lat="45.36964" lon="2.52384">
				<ele>503.82</ele>
				<time>2026-05-20T19:48:52.572Z</time>
			</trkpt>
			<trkpt lat="45.37048" lon="2.52509">
				<ele>507.72</ele>
				<time>2026-05-20T19:49:00.101Z</time>
			</trkpt>
			<trkpt lat="45.37124" lon="2.52681">
				<ele>518.43</ele>
				<time>2026-05-20T19:49:08.990Z</time>
			</trkpt>
			<trkpt lat="45.37132" lon="2.52707">
				<ele>519.43</ele>
				<time>2026-05-20T19:49:10.237Z</time>
			</trkpt>
			<trkpt lat="45.37157" lon="2.52869">
				<ele>523.59</ele>
				<time>2026-05-20T19:49:17.543Z</time>
			</trkpt>
			<trkpt lat="45.37172" lon="2.52951">
				<ele>528.59</ele>
				<time>2026-05-20T19:49:21.292Z</time>
			</trkpt>
			<trkpt lat="45.37223" lon="2.53037">
				<ele>530.98</ele>
				<time>2026-05-20T19:49:26.292Z</time>
			</trkpt>
			<trkpt lat="45.3727" lon="2.53084">
				<ele>530.05</ele>
				<time>2026-05-20T19:49:29.939Z</time>
			</trkpt>
			<trkpt lat="45.37295" lon="2.53087">
				<ele>529.42</ele>
				<time>2026-05-20T19:49:31.536Z</time>
			</trkpt>
			<trkpt lat="45.37315" lon="2.53073">
				<ele>528.98</ele>
				<time>2026-05-20T19:49:32.957Z</time>
			</trkpt>
			<trkpt lat="45.37335" lon="2.53055">
				<ele>528.9</ele>
				<time>2026-05-20T19:49:34.468Z</time>
			</trkpt>
			<trkpt lat="45.37349" lon="2.53047">
				<ele>528.81</ele>
				<time>2026-05-20T19:49:35.432Z</time>
			</trkpt>
			<trkpt lat="45.37362" lon="2.53044">
				<ele>528.23</ele>
				<time>2026-05-20T19:49:36.275Z</time>
			</trkpt>
			<trkpt lat="45.37378" lon="2.5305">
				<ele>524.68</ele>
				<time>2026-05-20T19:49:37.335Z</time>
			</trkpt>
			<trkpt lat="45.37392" lon="2.53069">
				<ele>520.16</ele>
				<time>2026-05-20T19:49:38.575Z</time>
			</trkpt>
			<trkpt lat="45.37397" lon="2.53089">
				<ele>517.1</ele>
				<time>2026-05-20T19:49:39.533Z</time>
			</trkpt>
			<trkpt lat="45.37388" lon="2.53117">
				<ele>517.61</ele>
				<time>2026-05-20T19:49:40.924Z</time>
			</trkpt>
			<trkpt lat="45.37385" lon="2.53154">
				<ele>515.59</ele>
				<time>2026-05-20T19:49:42.609Z</time>
			</trkpt>
			<trkpt lat="45.37395" lon="2.53198">
				<ele>511.75</ele>
				<time>2026-05-20T19:49:44.705Z</time>
			</trkpt>
			<trkpt lat="45.37389" lon="2.53265">
				<ele>511.26</ele>
				<time>2026-05-20T19:49:47.777Z</time>
			</trkpt>
			<trkpt lat="45.37395" lon="2.53356">
				<ele>510.82</ele>
				<time>2026-05-20T19:49:51.951Z</time>
			</trkpt>
			<trkpt lat="45.37414" lon="2.53391">
				<ele>505.4</ele>
				<time>2026-05-20T19:49:53.978Z</time>
			</trkpt>
			<trkpt lat="45.37519" lon="2.53522">
				<ele>489.72</ele>
				<time>2026-05-20T19:50:03.153Z</time>
			</trkpt>
			<trkpt lat="45.37611" lon="2.53655">
				<ele>475.1</ele>
				<time>2026-05-20T19:50:11.871Z</time>
			</trkpt>
			<trkpt lat="45.37625" lon="2.53698">
				<ele>473.12</ele>
				<time>2026-05-20T19:50:14.101Z</time>
			</trkpt>
			<trkpt lat="45.37635" lon="2.53771">
				<ele>476.1</ele>
				<time>2026-05-20T19:50:17.615Z</time>
			</trkpt>
			<trkpt lat="45.37635" lon="2.53796">
				<ele>477.59</ele>
				<time>2026-05-20T19:50:18.801Z</time>
			</trkpt>
			<trkpt lat="45.37622" lon="2.53856">
				<ele>482.57</ele>
				<time>2026-05-20T19:50:21.786Z</time>
			</trkpt>
			<trkpt lat="45.37617" lon="2.53894">
				<ele>481.58</ele>
				<time>2026-05-20T19:50:23.631Z</time>
			</trkpt>
			<trkpt lat="45.37622" lon="2.53924">
				<ele>478.48</ele>
				<time>2026-05-20T19:50:25.105Z</time>
			</trkpt>
			<trkpt lat="45.37635" lon="2.53952">
				<ele>476.07</ele>
				<time>2026-05-20T19:50:26.714Z</time>
			</trkpt>
			<trkpt lat="45.37721" lon="2.54036">
				<ele>467.01</ele>
				<time>2026-05-20T19:50:33.879Z</time>
			</trkpt>
			<trkpt lat="45.37742" lon="2.54076">
				<ele>469.02</ele>
				<time>2026-05-20T19:50:36.306Z</time>
			</trkpt>
			<trkpt lat="45.37758" lon="2.5412">
				<ele>471.04</ele>
				<time>2026-05-20T19:50:38.724Z</time>
			</trkpt>
			<trkpt lat="45.37767" lon="2.54202">
				<ele>479.01</ele>
				<time>2026-05-20T19:50:42.794Z</time>
			</trkpt>
			<trkpt lat="45.37802" lon="2.54257">
				<ele>477.67</ele>
				<time>2026-05-20T19:50:46.455Z</time>
			</trkpt>
			<trkpt lat="45.37817" lon="2.54266">
				<ele>473.33</ele>
				<time>2026-05-20T19:50:47.603Z</time>
			</trkpt>
			<trkpt lat="45.37858" lon="2.54267">
				<ele>466.38</ele>
				<time>2026-05-20T19:50:50.503Z</time>
			</trkpt>
			<trkpt lat="45.37864" lon="2.54265">
				<ele>466.97</ele>
				<time>2026-05-20T19:50:50.940Z</time>
			</trkpt>
			<trkpt lat="45.37874" lon="2.54253">
				<ele>468.73</ele>
				<time>2026-05-20T19:50:51.869Z</time>
			</trkpt>
			<trkpt lat="45.37901" lon="2.54219">
				<ele>472.98</ele>
				<time>2026-05-20T19:50:54.436Z</time>
			</trkpt>
			<trkpt lat="45.37936" lon="2.54193">
				<ele>477.84</ele>
				<time>2026-05-20T19:50:57.259Z</time>
			</trkpt>
			<trkpt lat="45.38252" lon="2.54056">
				<ele>478.19</ele>
				<time>2026-05-20T19:51:21.419Z</time>
			</trkpt>
			<trkpt lat="45.38275" lon="2.54048">
				<ele>479.35</ele>
				<time>2026-05-20T19:51:23.189Z</time>
			</trkpt>
			<trkpt lat="45.383" lon="2.54044">
				<ele>480.01</ele>
				<time>2026-05-20T19:51:25.076Z</time>
			</trkpt>
			<trkpt lat="45.3834" lon="2.54044">
				<ele>481.79</ele>
				<time>2026-05-20T19:51:28.089Z</time>
			</trkpt>
			<trkpt lat="45.38399" lon="2.54061">
				<ele>480.99</ele>
				<time>2026-05-20T19:51:32.652Z</time>
			</trkpt>
			<trkpt lat="45.38536" lon="2.54139">
				<ele>488.71</ele>
				<time>2026-05-20T19:51:43.995Z</time>
			</trkpt>
			<trkpt lat="45.38554" lon="2.54169">
				<ele>491.15</ele>
				<time>2026-05-20T19:51:46.150Z</time>
			</trkpt>
			<trkpt lat="45.38568" lon="2.5422">
				<ele>490.26</ele>
				<time>2026-05-20T19:51:49.155Z</time>
			</trkpt>
			<trkpt lat="45.38572" lon="2.54282">
				<ele>487.9</ele>
				<time>2026-05-20T19:51:52.592Z</time>
			</trkpt>
			<trkpt lat="45.38583" lon="2.54363">
				<ele>489.35</ele>
				<time>2026-05-20T19:51:57.177Z</time>
			</trkpt>
			<trkpt lat="45.38592" lon="2.54386">
				<ele>490.71</ele>
				<time>2026-05-20T19:51:58.648Z</time>
			</trkpt>
			<trkpt lat="45.38659" lon="2.5448">
				<ele>493.29</ele>
				<time>2026-05-20T19:52:06.192Z</time>
			</trkpt>
			<trkpt lat="45.38715" lon="2.5457">
				<ele>487.77</ele>
				<time>2026-05-20T19:52:13.052Z</time>
			</trkpt>
			<trkpt lat="45.38726" lon="2.54584">
				<ele>487.54</ele>
				<time>2026-05-20T19:52:14.259Z</time>
			</trkpt>
			<trkpt lat="45.38756" lon="2.54593">
				<ele>485.01</ele>
				<time>2026-05-20T19:52:16.775Z</time>
			</trkpt>
			<trkpt lat="45.38899" lon="2.54646">
				<ele>492.43</ele>
				<time>2026-05-20T19:52:29.063Z</time>
			</trkpt>
			<trkpt lat="45.38939" lon="2.54672">
				<ele>491.14</ele>
				<time>2026-05-20T19:52:32.772Z</time>
			</trkpt>
			<trkpt lat="45.38968" lon="2.54718">
				<ele>491.03</ele>
				<time>2026-05-20T19:52:36.457Z</time>
			</trkpt>
			<trkpt lat="45.38996" lon="2.54757">
				<ele>485.79</ele>
				<time>2026-05-20T19:52:39.803Z</time>
			</trkpt>
			<trkpt lat="45.39009" lon="2.54804">
				<ele>487.17</ele>
				<time>2026-05-20T19:52:42.851Z</time>
			</trkpt>
			<trkpt lat="45.39021" lon="2.54902">
				<ele>497.89</ele>
				<time>2026-05-20T19:52:48.900Z</time>
			</trkpt>
			<trkpt lat="45.39077" lon="2.54981">
				<ele>487.29</ele>
				<time>2026-05-20T19:52:55.804Z</time>
			</trkpt>
			<trkpt lat="45.39105" lon="2.55075">
				<ele>495.55</ele>
				<time>2026-05-20T19:53:02.157Z</time>
			</trkpt>
			<trkpt lat="45.39138" lon="2.55152">
				<ele>499.75</ele>
				<time>2026-05-20T19:53:07.828Z</time>
			</trkpt>
			<trkpt lat="45.39189" lon="2.55236">
				<ele>498.66</ele>
				<time>2026-05-20T19:53:14.887Z</time>
			</trkpt>
			<trkpt lat="45.39207" lon="2.55287">
				<ele>495.9</ele>
				<time>2026-05-20T19:53:18.549Z</time>
			</trkpt>
			<trkpt lat="45.39207" lon="2.55408">
				<ele>501.52</ele>
				<time>2026-05-20T19:53:26.388Z</time>
			</trkpt>
			<trkpt lat="45.39214" lon="2.55478">
				<ele>504.47</ele>
				<time>2026-05-20T19:53:31.018Z</time>
			</trkpt>
			<trkpt lat="45.39222" lon="2.55505">
				<ele>499.64</ele>
				<time>2026-05-20T19:53:32.948Z</time>
			</trkpt>
			<trkpt lat="45.39232" lon="2.55528">
				<ele>495.68</ele>
				<time>2026-05-20T19:53:34.735Z</time>
			</trkpt>
			<trkpt lat="45.39292" lon="2.55552">
				<ele>488.99</ele>
				<time>2026-05-20T19:53:40.635Z</time>
			</trkpt>
			<trkpt lat="45.39345" lon="2.55565">
				<ele>490.43</ele>
				<time>2026-05-20T19:53:45.774Z</time>
			</trkpt>
			<trkpt lat="45.39413" lon="2.5557">
				<ele>492</ele>
				<time>2026-05-20T19:53:52.345Z</time>
			</trkpt>
			<trkpt lat="45.39453" lon="2.55979">
				<ele>496.65</ele>
				<time>2026-05-20T19:54:21.150Z</time>
			</trkpt>
			<trkpt lat="45.39459" lon="2.56014">
				<ele>496.21</ele>
				<time>2026-05-20T19:54:23.772Z</time>
			</trkpt>
			<trkpt lat="45.39464" lon="2.56027">
				<ele>496</ele>
				<time>2026-05-20T19:54:24.914Z</time>
			</trkpt>
			<trkpt lat="45.39473" lon="2.56036">
				<ele>496.04</ele>
				<time>2026-05-20T19:54:26.163Z</time>
			</trkpt>
			<trkpt lat="45.39485" lon="2.56044">
				<ele>496.47</ele>
				<time>2026-05-20T19:54:27.722Z</time>
			</trkpt>
			<trkpt lat="45.39504" lon="2.56049">
				<ele>497.12</ele>
				<time>2026-05-20T19:54:30.093Z</time>
			</trkpt>
			<trkpt lat="45.39514" lon="2.56055">
				<ele>497.51</ele>
				<time>2026-05-20T19:54:31.471Z</time>
			</trkpt>
			<trkpt lat="45.39524" lon="2.56068">
				<ele>497.87</ele>
				<time>2026-05-20T19:54:33.234Z</time>
			</trkpt>
			<trkpt lat="45.39561" lon="2.56144">
				<ele>497</ele>
				<time>2026-05-20T19:54:42.210Z</time>
			</trkpt>
			<trkpt lat="45.39603" lon="2.56145">
				<ele>497</ele>
				<time>2026-05-20T19:54:48.314Z</time>
			</trkpt>
			<trkpt lat="45.39623" lon="2.56139">
				<ele>497</ele>
				<time>2026-05-20T19:54:51.320Z</time>
			</trkpt>
			<trkpt lat="45.39662" lon="2.56111">
				<ele>497</ele>
				<time>2026-05-20T19:54:57.733Z</time>
			</trkpt>
			<trkpt lat="45.39676" lon="2.56108">
				<ele>497.35</ele>
				<time>2026-05-20T19:54:59.790Z</time>
			</trkpt>
			<trkpt lat="45.39704" lon="2.56115">
				<ele>498.37</ele>
				<time>2026-05-20T19:55:03.855Z</time>
			</trkpt>
			<trkpt lat="45.39717" lon="2.56113">
				<ele>498.82</ele>
				<time>2026-05-20T19:55:05.686Z</time>
			</trkpt>
			<trkpt lat="45.39752" lon="2.56098">
				<ele>499.03</ele>
				<time>2026-05-20T19:55:10.637Z</time>
			</trkpt>
			<trkpt lat="45.39761" lon="2.56098">
				<ele>499.17</ele>
				<time>2026-05-20T19:55:11.811Z</time>
			</trkpt>
			<trkpt lat="45.39771" lon="2.56106">
				<ele>499.13</ele>
				<time>2026-05-20T19:55:13.276Z</time>
			</trkpt>
			<trkpt lat="45.39788" lon="2.56134">
				<ele>499.9</ele>
				<time>2026-05-20T19:55:16.459Z</time>
			</trkpt>
			<trkpt lat="45.39813" lon="2.56167">
				<ele>501</ele>
				<time>2026-05-20T19:55:20.299Z</time>
			</trkpt>
			<trkpt lat="45.39916" lon="2.56196">
				<ele>505.81</ele>
				<time>2026-05-20T19:55:30.670Z</time>
			</trkpt>
			<trkpt lat="45.39927" lon="2.56203">
				<ele>507.31</ele>
				<time>2026-05-20T19:55:31.846Z</time>
			</trkpt>
			<trkpt lat="45.39938" lon="2.56215">
				<ele>508.32</ele>
				<time>2026-05-20T19:55:33.198Z</time>
			</trkpt>
			<trkpt lat="45.39955" lon="2.56252">
				<ele>511.95</ele>
				<time>2026-05-20T19:55:36.224Z</time>
			</trkpt>
			<trkpt lat="45.39963" lon="2.56289">
				<ele>516.38</ele>
				<time>2026-05-20T19:55:38.868Z</time>
			</trkpt>
			<trkpt lat="45.39978" lon="2.56308">
				<ele>521.48</ele>
				<time>2026-05-20T19:55:40.819Z</time>
			</trkpt>
			<trkpt lat="45.39987" lon="2.5634">
				<ele>523.38</ele>
				<time>2026-05-20T19:55:43.168Z</time>
			</trkpt>
			<trkpt lat="45.40006" lon="2.56444">
				<ele>530.93</ele>
				<time>2026-05-20T19:55:50.470Z</time>
			</trkpt>
			<trkpt lat="45.40016" lon="2.56532">
				<ele>531.75</ele>
				<time>2026-05-20T19:55:56.504Z</time>
			</trkpt>
			<trkpt lat="45.40012" lon="2.5663">
				<ele>538.15</ele>
				<time>2026-05-20T19:56:03.124Z</time>
			</trkpt>
			<trkpt lat="45.40002" lon="2.56672">
				<ele>539.79</ele>
				<time>2026-05-20T19:56:06.107Z</time>
			</trkpt>
			<trkpt lat="45.39981" lon="2.56715">
				<ele>542.3</ele>
				<time>2026-05-20T19:56:09.623Z</time>
			</trkpt>
			<trkpt lat="45.39973" lon="2.56727">
				<ele>543.22</ele>
				<time>2026-05-20T19:56:10.732Z</time>
			</trkpt>
			<trkpt lat="45.39937" lon="2.56769">
				<ele>542.66</ele>
				<time>2026-05-20T19:56:15.168Z</time>
			</trkpt>
			<trkpt lat="45.39914" lon="2.56806">
				<ele>544.26</ele>
				<time>2026-05-20T19:56:18.468Z</time>
			</trkpt>
			<trkpt lat="45.39871" lon="2.56888">
				<ele>552.14</ele>
				<time>2026-05-20T19:56:25.282Z</time>
			</trkpt>
			<trkpt lat="45.39827" lon="2.56941">
				<ele>550.15</ele>
				<time>2026-05-20T19:56:30.727Z</time>
			</trkpt>
			<trkpt lat="45.39816" lon="2.56961">
				<ele>551.07</ele>
				<time>2026-05-20T19:56:32.409Z</time>
			</trkpt>
			<trkpt lat="45.39804" lon="2.56986">
				<ele>554</ele>
				<time>2026-05-20T19:56:34.412Z</time>
			</trkpt>
			<trkpt lat="45.39761" lon="2.57093">
				<ele>559.18</ele>
				<time>2026-05-20T19:56:42.541Z</time>
			</trkpt>
			<trkpt lat="45.39752" lon="2.57121">
				<ele>559.77</ele>
				<time>2026-05-20T19:56:44.565Z</time>
			</trkpt>
			<trkpt lat="45.39746" lon="2.57146">
				<ele>561.83</ele>
				<time>2026-05-20T19:56:46.300Z</time>
			</trkpt>
			<trkpt lat="45.39743" lon="2.57189">
				<ele>564.88</ele>
				<time>2026-05-20T19:56:49.134Z</time>
			</trkpt>
			<trkpt lat="45.39742" lon="2.57241">
				<ele>570.25</ele>
				<time>2026-05-20T19:56:52.539Z</time>
			</trkpt>
			<trkpt lat="45.39739" lon="2.57271">
				<ele>572.94</ele>
				<time>2026-05-20T19:56:54.519Z</time>
			</trkpt>
			<trkpt lat="45.39736" lon="2.57292">
				<ele>574.71</ele>
				<time>2026-05-20T19:56:55.918Z</time>
			</trkpt>
			<trkpt lat="45.39716" lon="2.57357">
				<ele>576.89</ele>
				<time>2026-05-20T19:57:00.543Z</time>
			</trkpt>
			<trkpt lat="45.39713" lon="2.57377">
				<ele>576.52</ele>
				<time>2026-05-20T19:57:01.874Z</time>
			</trkpt>
			<trkpt lat="45.39713" lon="2.57393">
				<ele>577.48</ele>
				<time>2026-05-20T19:57:02.914Z</time>
			</trkpt>
			<trkpt lat="45.39716" lon="2.57408">
				<ele>578.98</ele>
				<time>2026-05-20T19:57:03.927Z</time>
			</trkpt>
			<trkpt lat="45.39729" lon="2.57456">
				<ele>586.52</ele>
				<time>2026-05-20T19:57:07.265Z</time>
			</trkpt>
			<trkpt lat="45.39729" lon="2.5747">
				<ele>587.58</ele>
				<time>2026-05-20T19:57:08.172Z</time>
			</trkpt>
			<trkpt lat="45.39726" lon="2.57485">
				<ele>588.81</ele>
				<time>2026-05-20T19:57:09.182Z</time>
			</trkpt>
			<trkpt lat="45.39721" lon="2.57497">
				<ele>588.91</ele>
				<time>2026-05-20T19:57:10.085Z</time>
			</trkpt>
			<trkpt lat="45.39675" lon="2.57542">
				<ele>579.97</ele>
				<time>2026-05-20T19:57:15.220Z</time>
			</trkpt>
			<trkpt lat="45.39641" lon="2.57616">
				<ele>589.67</ele>
				<time>2026-05-20T19:57:20.916Z</time>
			</trkpt>
			<trkpt lat="45.39621" lon="2.57651">
				<ele>591.52</ele>
				<time>2026-05-20T19:57:23.814Z</time>
			</trkpt>
			<trkpt lat="45.39568" lon="2.57722">
				<ele>596.39</ele>
				<time>2026-05-20T19:57:30.451Z</time>
			</trkpt>
			<trkpt lat="45.39541" lon="2.57765">
				<ele>598.3</ele>
				<time>2026-05-20T19:57:34.135Z</time>
			</trkpt>
			<trkpt lat="45.39517" lon="2.57824">
				<ele>603.05</ele>
				<time>2026-05-20T19:57:38.478Z</time>
			</trkpt>
			<trkpt lat="45.39493" lon="2.57895">
				<ele>606.1</ele>
				<time>2026-05-20T19:57:43.483Z</time>
			</trkpt>
			<trkpt lat="45.39486" lon="2.57921">
				<ele>608.07</ele>
				<time>2026-05-20T19:57:45.248Z</time>
			</trkpt>
			<trkpt lat="45.39476" lon="2.58013">
				<ele>612.97</ele>
				<time>2026-05-20T19:57:51.135Z</time>
			</trkpt>
			<trkpt lat="45.39477" lon="2.5803">
				<ele>612.18</ele>
				<time>2026-05-20T19:57:52.212Z</time>
			</trkpt>
			<trkpt lat="45.3948" lon="2.58042">
				<ele>611.76</ele>
				<time>2026-05-20T19:57:53.015Z</time>
			</trkpt>
			<trkpt lat="45.39485" lon="2.58053">
				<ele>613.18</ele>
				<time>2026-05-20T19:57:53.841Z</time>
			</trkpt>
			<trkpt lat="45.39491" lon="2.5806">
				<ele>615.4</ele>
				<time>2026-05-20T19:57:54.537Z</time>
			</trkpt>
			<trkpt lat="45.39522" lon="2.58083">
				<ele>626.65</ele>
				<time>2026-05-20T19:57:57.670Z</time>
			</trkpt>
			<trkpt lat="45.39528" lon="2.58093">
				<ele>627.58</ele>
				<time>2026-05-20T19:57:58.497Z</time>
			</trkpt>
			<trkpt lat="45.39532" lon="2.58105">
				<ele>627.54</ele>
				<time>2026-05-20T19:57:59.331Z</time>
			</trkpt>
			<trkpt lat="45.39533" lon="2.58121">
				<ele>627.66</ele>
				<time>2026-05-20T19:58:00.340Z</time>
			</trkpt>
			<trkpt lat="45.39532" lon="2.58132">
				<ele>626.93</ele>
				<time>2026-05-20T19:58:01.036Z</time>
			</trkpt>
			<trkpt lat="45.39525" lon="2.58154">
				<ele>623.94</ele>
				<time>2026-05-20T19:58:02.551Z</time>
			</trkpt>
			<trkpt lat="45.39503" lon="2.58184">
				<ele>616.77</ele>
				<time>2026-05-20T19:58:05.268Z</time>
			</trkpt>
			<trkpt lat="45.39488" lon="2.58215">
				<ele>618.77</ele>
				<time>2026-05-20T19:58:07.622Z</time>
			</trkpt>
			<trkpt lat="45.39484" lon="2.58234">
				<ele>621.84</ele>
				<time>2026-05-20T19:58:08.861Z</time>
			</trkpt>
			<trkpt lat="45.39481" lon="2.58254">
				<ele>625.31</ele>
				<time>2026-05-20T19:58:10.138Z</time>
			</trkpt>
			<trkpt lat="45.39479" lon="2.58274">
				<ele>627.44</ele>
				<time>2026-05-20T19:58:11.398Z</time>
			</trkpt>
			<trkpt lat="45.3948" lon="2.58291">
				<ele>629.48</ele>
				<time>2026-05-20T19:58:12.461Z</time>
			</trkpt>
			<trkpt lat="45.39482" lon="2.58302">
				<ele>631.2</ele>
				<time>2026-05-20T19:58:13.169Z</time>
			</trkpt>
			<trkpt lat="45.39487" lon="2.58316">
				<ele>633.25</ele>
				<time>2026-05-20T19:58:14.147Z</time>
			</trkpt>
			<trkpt lat="45.39509" lon="2.58357">
				<ele>640.61</ele>
				<time>2026-05-20T19:58:17.355Z</time>
			</trkpt>
			<trkpt lat="45.39518" lon="2.58381">
				<ele>642.65</ele>
				<time>2026-05-20T19:58:19.045Z</time>
			</trkpt>
			<trkpt lat="45.39544" lon="2.58491">
				<ele>641.6</ele>
				<time>2026-05-20T19:58:26.231Z</time>
			</trkpt>
			<trkpt lat="45.3955" lon="2.58509">
				<ele>641.42</ele>
				<time>2026-05-20T19:58:27.461Z</time>
			</trkpt>
			<trkpt lat="45.39558" lon="2.58527">
				<ele>642.45</ele>
				<time>2026-05-20T19:58:28.776Z</time>
			</trkpt>
			<trkpt lat="45.39614" lon="2.58614">
				<ele>645.14</ele>
				<time>2026-05-20T19:58:36.039Z</time>
			</trkpt>
			<trkpt lat="45.39629" lon="2.58654">
				<ele>646.25</ele>
				<time>2026-05-20T19:58:38.821Z</time>
			</trkpt>
			<trkpt lat="45.39632" lon="2.58682">
				<ele>649.36</ele>
				<time>2026-05-20T19:58:40.556Z</time>
			</trkpt>
			<trkpt lat="45.39633" lon="2.58783">
				<ele>654.69</ele>
				<time>2026-05-20T19:58:46.729Z</time>
			</trkpt>
			<trkpt lat="45.39627" lon="2.5883">
				<ele>659.8</ele>
				<time>2026-05-20T19:58:49.640Z</time>
			</trkpt>
			<trkpt lat="45.39614" lon="2.58884">
				<ele>663.34</ele>
				<time>2026-05-20T19:58:53.112Z</time>
			</trkpt>
			<trkpt lat="45.39612" lon="2.58901">
				<ele>664.54</ele>
				<time>2026-05-20T19:58:54.159Z</time>
			</trkpt>
			<trkpt lat="45.39608" lon="2.59028">
				<ele>669.05</ele>
				<time>2026-05-20T19:59:01.859Z</time>
			</trkpt>
			<trkpt lat="45.39603" lon="2.59045">
				<ele>671.28</ele>
				<time>2026-05-20T19:59:02.972Z</time>
			</trkpt>
			<trkpt lat="45.39594" lon="2.59055">
				<ele>672.45</ele>
				<time>2026-05-20T19:59:03.953Z</time>
			</trkpt>
			<trkpt lat="45.39586" lon="2.59061">
				<ele>673.37</ele>
				<time>2026-05-20T19:59:04.730Z</time>
			</trkpt>
			<trkpt lat="45.3957" lon="2.59061">
				<ele>674.41</ele>
				<time>2026-05-20T19:59:06.104Z</time>
			</trkpt>
			<trkpt lat="45.3956" lon="2.59054">
				<ele>673.57</ele>
				<time>2026-05-20T19:59:07.060Z</time>
			</trkpt>
			<trkpt lat="45.39549" lon="2.59036">
				<ele>672.6</ele>
				<time>2026-05-20T19:59:08.496Z</time>
			</trkpt>
			<trkpt lat="45.39547" lon="2.59022">
				<ele>671.02</ele>
				<time>2026-05-20T19:59:09.355Z</time>
			</trkpt>
			<trkpt lat="45.39544" lon="2.58968">
				<ele>670.8</ele>
				<time>2026-05-20T19:59:12.610Z</time>
			</trkpt>
			<trkpt lat="45.3954" lon="2.58909">
				<ele>678.25</ele>
				<time>2026-05-20T19:59:16.163Z</time>
			</trkpt>
			<trkpt lat="45.39536" lon="2.58892">
				<ele>680.91</ele>
				<time>2026-05-20T19:59:17.236Z</time>
			</trkpt>
			<trkpt lat="45.39529" lon="2.58878">
				<ele>683.75</ele>
				<time>2026-05-20T19:59:18.264Z</time>
			</trkpt>
			<trkpt lat="45.39504" lon="2.58839">
				<ele>686</ele>
				<time>2026-05-20T19:59:21.419Z</time>
			</trkpt>
			<trkpt lat="45.39488" lon="2.58823">
				<ele>685.92</ele>
				<time>2026-05-20T19:59:23.079Z</time>
			</trkpt>
			<trkpt lat="45.39419" lon="2.58775">
				<ele>690.18</ele>
				<time>2026-05-20T19:59:29.586Z</time>
			</trkpt>
			<trkpt lat="45.3937" lon="2.58749">
				<ele>694.61</ele>
				<time>2026-05-20T19:59:34.001Z</time>
			</trkpt>
			<trkpt lat="45.39362" lon="2.5875">
				<ele>696.81</ele>
				<time>2026-05-20T19:59:34.678Z</time>
			</trkpt>
			<trkpt lat="45.39356" lon="2.58758">
				<ele>700.44</ele>
				<time>2026-05-20T19:59:35.370Z</time>
			</trkpt>
			<trkpt lat="45.39354" lon="2.58768">
				<ele>702.99</ele>
				<time>2026-05-20T19:59:35.985Z</time>
			</trkpt>
			<trkpt lat="45.39355" lon="2.58775">
				<ele>704.2</ele>
				<time>2026-05-20T19:59:36.408Z</time>
			</trkpt>
			<trkpt lat="45.39359" lon="2.58785">
				<ele>705.29</ele>
				<time>2026-05-20T19:59:37.088Z</time>
			</trkpt>
			<trkpt lat="45.39398" lon="2.58806">
				<ele>700.93</ele>
				<time>2026-05-20T19:59:40.592Z</time>
			</trkpt>
			<trkpt lat="45.3945" lon="2.58841">
				<ele>696.99</ele>
				<time>2026-05-20T19:59:45.414Z</time>
			</trkpt>
			<trkpt lat="45.39463" lon="2.58856">
				<ele>695.98</ele>
				<time>2026-05-20T19:59:46.814Z</time>
			</trkpt>
			<trkpt lat="45.3947" lon="2.58874">
				<ele>696.57</ele>
				<time>2026-05-20T19:59:48.022Z</time>
			</trkpt>
			<trkpt lat="45.39472" lon="2.58892">
				<ele>698.22</ele>
				<time>2026-05-20T19:59:49.091Z</time>
			</trkpt>
			<trkpt lat="45.39469" lon="2.58918">
				<ele>701.39</ele>
				<time>2026-05-20T19:59:50.635Z</time>
			</trkpt>
			<trkpt lat="45.39447" lon="2.59002">
				<ele>713.39</ele>
				<time>2026-05-20T19:59:55.878Z</time>
			</trkpt>
			<trkpt lat="45.39444" lon="2.59025">
				<ele>716.87</ele>
				<time>2026-05-20T19:59:57.243Z</time>
			</trkpt>
			<trkpt lat="45.39443" lon="2.59053">
				<ele>721.36</ele>
				<time>2026-05-20T19:59:58.878Z</time>
			</trkpt>
			<trkpt lat="45.39444" lon="2.59073">
				<ele>723.39</ele>
				<time>2026-05-20T20:00:00.046Z</time>
			</trkpt>
			<trkpt lat="45.3945" lon="2.59099">
				<ele>722.73</ele>
				<time>2026-05-20T20:00:01.639Z</time>
			</trkpt>
			<trkpt lat="45.39459" lon="2.59124">
				<ele>721.78</ele>
				<time>2026-05-20T20:00:03.272Z</time>
			</trkpt>
			<trkpt lat="45.39481" lon="2.59158">
				<ele>722.74</ele>
				<time>2026-05-20T20:00:05.956Z</time>
			</trkpt>
			<trkpt lat="45.39494" lon="2.59172">
				<ele>721.8</ele>
				<time>2026-05-20T20:00:07.302Z</time>
			</trkpt>
			<trkpt lat="45.39551" lon="2.59213">
				<ele>725.38</ele>
				<time>2026-05-20T20:00:12.564Z</time>
			</trkpt>
			<trkpt lat="45.39579" lon="2.5924">
				<ele>726.46</ele>
				<time>2026-05-20T20:00:15.343Z</time>
			</trkpt>
			<trkpt lat="45.39607" lon="2.59277">
				<ele>725.72</ele>
				<time>2026-05-20T20:00:18.476Z</time>
			</trkpt>
			<trkpt lat="45.39625" lon="2.59312">
				<ele>731.54</ele>
				<time>2026-05-20T20:00:20.970Z</time>
			</trkpt>
			<trkpt lat="45.39671" lon="2.59436">
				<ele>738.63</ele>
				<time>2026-05-20T20:00:29.006Z</time>
			</trkpt>
			<trkpt lat="45.3968" lon="2.59456">
				<ele>738.21</ele>
				<time>2026-05-20T20:00:30.363Z</time>
			</trkpt>
			<trkpt lat="45.39701" lon="2.59489">
				<ele>738.09</ele>
				<time>2026-05-20T20:00:32.904Z</time>
			</trkpt>
			<trkpt lat="45.39722" lon="2.59506">
				<ele>738.82</ele>
				<time>2026-05-20T20:00:34.864Z</time>
			</trkpt>
			<trkpt lat="45.39776" lon="2.59536">
				<ele>744.63</ele>
				<time>2026-05-20T20:00:39.556Z</time>
			</trkpt>
			<trkpt lat="45.39796" lon="2.5955">
				<ele>750.52</ele>
				<time>2026-05-20T20:00:41.356Z</time>
			</trkpt>
			<trkpt lat="45.39808" lon="2.59566">
				<ele>754.39</ele>
				<time>2026-05-20T20:00:42.683Z</time>
			</trkpt>
			<trkpt lat="45.39824" lon="2.59594">
				<ele>757.88</ele>
				<time>2026-05-20T20:00:44.727Z</time>
			</trkpt>
			<trkpt lat="45.39831" lon="2.59616">
				<ele>758.81</ele>
				<time>2026-05-20T20:00:46.092Z</time>
			</trkpt>
			<trkpt lat="45.39835" lon="2.59636">
				<ele>758.75</ele>
				<time>2026-05-20T20:00:47.267Z</time>
			</trkpt>
			<trkpt lat="45.39838" lon="2.59661">
				<ele>758.5</ele>
				<time>2026-05-20T20:00:48.699Z</time>
			</trkpt>
			<trkpt lat="45.39838" lon="2.59691">
				<ele>760.62</ele>
				<time>2026-05-20T20:00:50.390Z</time>
			</trkpt>
			<trkpt lat="45.39832" lon="2.59767">
				<ele>765.56</ele>
				<time>2026-05-20T20:00:54.695Z</time>
			</trkpt>
			<trkpt lat="45.39833" lon="2.59792">
				<ele>766.01</ele>
				<time>2026-05-20T20:00:56.101Z</time>
			</trkpt>
			<trkpt lat="45.39837" lon="2.59817">
				<ele>766.21</ele>
				<time>2026-05-20T20:00:57.541Z</time>
			</trkpt>
			<trkpt lat="45.39848" lon="2.59859">
				<ele>765.97</ele>
				<time>2026-05-20T20:01:00.053Z</time>
			</trkpt>
			<trkpt lat="45.3988" lon="2.59963">
				<ele>766.79</ele>
				<time>2026-05-20T20:01:06.399Z</time>
			</trkpt>
			<trkpt lat="45.39888" lon="2.59997">
				<ele>766.99</ele>
				<time>2026-05-20T20:01:08.398Z</time>
			</trkpt>
			<trkpt lat="45.39926" lon="2.60283">
				<ele>764.23</ele>
				<time>2026-05-20T20:01:24.525Z</time>
			</trkpt>
			<trkpt lat="45.39929" lon="2.60318">
				<ele>763.69</ele>
				<time>2026-05-20T20:01:26.467Z</time>
			</trkpt>
			<trkpt lat="45.39927" lon="2.60405">
				<ele>764.61</ele>
				<time>2026-05-20T20:01:31.251Z</time>
			</trkpt>
			<trkpt lat="45.39927" lon="2.60429">
				<ele>764.72</ele>
				<time>2026-05-20T20:01:32.567Z</time>
			</trkpt>
			<trkpt lat="45.39929" lon="2.60451">
				<ele>764.42</ele>
				<time>2026-05-20T20:01:33.783Z</time>
			</trkpt>
			<trkpt lat="45.39939" lon="2.60492">
				<ele>762.37</ele>
				<time>2026-05-20T20:01:36.158Z</time>
			</trkpt>
			<trkpt lat="45.40003" lon="2.60654">
				<ele>757.62</ele>
				<time>2026-05-20T20:01:46.291Z</time>
			</trkpt>
			<trkpt lat="45.40008" lon="2.60672">
				<ele>757.88</ele>
				<time>2026-05-20T20:01:47.342Z</time>
			</trkpt>
			<trkpt lat="45.40011" lon="2.6069">
				<ele>758.58</ele>
				<time>2026-05-20T20:01:48.346Z</time>
			</trkpt>
			<trkpt lat="45.40013" lon="2.60716">
				<ele>758.59</ele>
				<time>2026-05-20T20:01:49.764Z</time>
			</trkpt>
			<trkpt lat="45.40012" lon="2.6074">
				<ele>757.43</ele>
				<time>2026-05-20T20:01:51.067Z</time>
			</trkpt>
			<trkpt lat="45.40005" lon="2.60776">
				<ele>755.17</ele>
				<time>2026-05-20T20:01:53.089Z</time>
			</trkpt>
			<trkpt lat="45.39957" lon="2.60921">
				<ele>748.88</ele>
				<time>2026-05-20T20:02:01.734Z</time>
			</trkpt>
			<trkpt lat="45.39857" lon="2.61319">
				<ele>768.84</ele>
				<time>2026-05-20T20:02:24.296Z</time>
			</trkpt>
			<trkpt lat="45.39848" lon="2.61339">
				<ele>769.46</ele>
				<time>2026-05-20T20:02:25.554Z</time>
			</trkpt>
			<trkpt lat="45.39786" lon="2.61444">
				<ele>773.06</ele>
				<time>2026-05-20T20:02:32.799Z</time>
			</trkpt>
			<trkpt lat="45.39777" lon="2.61466">
				<ele>771.91</ele>
				<time>2026-05-20T20:02:34.140Z</time>
			</trkpt>
			<trkpt lat="45.3977" lon="2.6149">
				<ele>771.72</ele>
				<time>2026-05-20T20:02:35.507Z</time>
			</trkpt>
			<trkpt lat="45.39765" lon="2.61519">
				<ele>773.28</ele>
				<time>2026-05-20T20:02:37.076Z</time>
			</trkpt>
			<trkpt lat="45.39761" lon="2.61596">
				<ele>778.59</ele>
				<time>2026-05-20T20:02:41.127Z</time>
			</trkpt>
			<trkpt lat="45.39758" lon="2.61632">
				<ele>780.54</ele>
				<time>2026-05-20T20:02:43.025Z</time>
			</trkpt>
			<trkpt lat="45.39683" lon="2.61939">
				<ele>776.44</ele>
				<time>2026-05-20T20:02:59.937Z</time>
			</trkpt>
			<trkpt lat="45.39669" lon="2.61994">
				<ele>777.91</ele>
				<time>2026-05-20T20:03:02.961Z</time>
			</trkpt>
			<trkpt lat="45.39617" lon="2.62165">
				<ele>780.31</ele>
				<time>2026-05-20T20:03:12.552Z</time>
			</trkpt>
			<trkpt lat="45.39586" lon="2.6229">
				<ele>784.64</ele>
				<time>2026-05-20T20:03:19.338Z</time>
			</trkpt>
			<trkpt lat="45.39556" lon="2.62381">
				<ele>785.01</ele>
				<time>2026-05-20T20:03:24.464Z</time>
			</trkpt>
			<trkpt lat="45.39549" lon="2.62409">
				<ele>785.92</ele>
				<time>2026-05-20T20:03:25.976Z</time>
			</trkpt>
			<trkpt lat="45.39495" lon="2.62686">
				<ele>793.65</ele>
				<time>2026-05-20T20:03:40.523Z</time>
			</trkpt>
			<trkpt lat="45.39492" lon="2.62727">
				<ele>797.85</ele>
				<time>2026-05-20T20:03:42.598Z</time>
			</trkpt>
			<trkpt lat="45.39494" lon="2.62757">
				<ele>799.76</ele>
				<time>2026-05-20T20:03:44.112Z</time>
			</trkpt>
			<trkpt lat="45.3952" lon="2.6289">
				<ele>804.26</ele>
				<time>2026-05-20T20:03:51.032Z</time>
			</trkpt>
			<trkpt lat="45.39524" lon="2.62916">
				<ele>803.33</ele>
				<time>2026-05-20T20:03:52.363Z</time>
			</trkpt>
			<trkpt lat="45.39524" lon="2.62935">
				<ele>803.54</ele>
				<time>2026-05-20T20:03:53.312Z</time>
			</trkpt>
			<trkpt lat="45.3952" lon="2.62975">
				<ele>804.65</ele>
				<time>2026-05-20T20:03:55.328Z</time>
			</trkpt>
			<trkpt lat="45.39507" lon="2.6301">
				<ele>806.04</ele>
				<time>2026-05-20T20:03:57.301Z</time>
			</trkpt>
			<trkpt lat="45.39498" lon="2.63026">
				<ele>806.95</ele>
				<time>2026-05-20T20:03:58.322Z</time>
			</trkpt>
			<trkpt lat="45.39451" lon="2.63086">
				<ele>814.37</ele>
				<time>2026-05-20T20:04:02.789Z</time>
			</trkpt>
			<trkpt lat="45.39423" lon="2.63117">
				<ele>816.8</ele>
				<time>2026-05-20T20:04:05.293Z</time>
			</trkpt>
			<trkpt lat="45.39414" lon="2.63133">
				<ele>816.92</ele>
				<time>2026-05-20T20:04:06.308Z</time>
			</trkpt>
			<trkpt lat="45.39401" lon="2.63163">
				<ele>817.76</ele>
				<time>2026-05-20T20:04:08.052Z</time>
			</trkpt>
			<trkpt lat="45.39397" lon="2.63193">
				<ele>818.9</ele>
				<time>2026-05-20T20:04:09.561Z</time>
			</trkpt>
			<trkpt lat="45.39401" lon="2.6323">
				<ele>820.46</ele>
				<time>2026-05-20T20:04:11.409Z</time>
			</trkpt>
			<trkpt lat="45.39412" lon="2.6326">
				<ele>820.75</ele>
				<time>2026-05-20T20:04:13.078Z</time>
			</trkpt>
			<trkpt lat="45.39426" lon="2.63278">
				<ele>821.6</ele>
				<time>2026-05-20T20:04:14.401Z</time>
			</trkpt>
			<trkpt lat="45.39485" lon="2.63343">
				<ele>826.72</ele>
				<time>2026-05-20T20:04:19.623Z</time>
			</trkpt>
			<trkpt lat="45.39501" lon="2.63358">
				<ele>827.39</ele>
				<time>2026-05-20T20:04:20.961Z</time>
			</trkpt>
			<trkpt lat="45.39517" lon="2.63368">
				<ele>826.04</ele>
				<time>2026-05-20T20:04:22.180Z</time>
			</trkpt>
			<trkpt lat="45.39587" lon="2.634">
				<ele>827.2</ele>
				<time>2026-05-20T20:04:27.300Z</time>
			</trkpt>
			<trkpt lat="45.39609" lon="2.63416">
				<ele>829.87</ele>
				<time>2026-05-20T20:04:29.017Z</time>
			</trkpt>
			<trkpt lat="45.3962" lon="2.6343">
				<ele>832.35</ele>
				<time>2026-05-20T20:04:30.041Z</time>
			</trkpt>
			<trkpt lat="45.39632" lon="2.63452">
				<ele>833.9</ele>
				<time>2026-05-20T20:04:31.398Z</time>
			</trkpt>
			<trkpt lat="45.3964" lon="2.63475">
				<ele>834.08</ele>
				<time>2026-05-20T20:04:32.647Z</time>
			</trkpt>
			<trkpt lat="45.39646" lon="2.6351">
				<ele>832.64</ele>
				<time>2026-05-20T20:04:34.399Z</time>
			</trkpt>
			<trkpt lat="45.39638" lon="2.63627">
				<ele>835.02</ele>
				<time>2026-05-20T20:04:40.100Z</time>
			</trkpt>
			<trkpt lat="45.39636" lon="2.63666">
				<ele>835.08</ele>
				<time>2026-05-20T20:04:41.992Z</time>
			</trkpt>
			<trkpt lat="45.39643" lon="2.63731">
				<ele>833</ele>
				<time>2026-05-20T20:04:45.168Z</time>
			</trkpt>
			<trkpt lat="45.39643" lon="2.63753">
				<ele>832</ele>
				<time>2026-05-20T20:04:46.229Z</time>
			</trkpt>
			<trkpt lat="45.39641" lon="2.63774">
				<ele>831.67</ele>
				<time>2026-05-20T20:04:47.250Z</time>
			</trkpt>
			<trkpt lat="45.39637" lon="2.63789">
				<ele>831.06</ele>
				<time>2026-05-20T20:04:48.023Z</time>
			</trkpt>
			<trkpt lat="45.39625" lon="2.63814">
				<ele>831.88</ele>
				<time>2026-05-20T20:04:49.481Z</time>
			</trkpt>
			<trkpt lat="45.39605" lon="2.63845">
				<ele>833.34</ele>
				<time>2026-05-20T20:04:51.505Z</time>
			</trkpt>
			<trkpt lat="45.39592" lon="2.63874">
				<ele>833.2</ele>
				<time>2026-05-20T20:04:53.157Z</time>
			</trkpt>
			<trkpt lat="45.39588" lon="2.63891">
				<ele>831.79</ele>
				<time>2026-05-20T20:04:54.017Z</time>
			</trkpt>
			<trkpt lat="45.39585" lon="2.63909">
				<ele>831.44</ele>
				<time>2026-05-20T20:04:54.905Z</time>
			</trkpt>
			<trkpt lat="45.39585" lon="2.63929">
				<ele>830.9</ele>
				<time>2026-05-20T20:04:55.863Z</time>
			</trkpt>
			<trkpt lat="45.39588" lon="2.63948">
				<ele>831.48</ele>
				<time>2026-05-20T20:04:56.796Z</time>
			</trkpt>
			<trkpt lat="45.39607" lon="2.64038">
				<ele>841.54</ele>
				<time>2026-05-20T20:05:01.289Z</time>
			</trkpt>
			<trkpt lat="45.39623" lon="2.64095">
				<ele>841.2</ele>
				<time>2026-05-20T20:05:04.217Z</time>
			</trkpt>
			<trkpt lat="45.39641" lon="2.64152">
				<ele>839.73</ele>
				<time>2026-05-20T20:05:07.192Z</time>
			</trkpt>
			<trkpt lat="45.39649" lon="2.64169">
				<ele>840.8</ele>
				<time>2026-05-20T20:05:08.165Z</time>
			</trkpt>
			<trkpt lat="45.39657" lon="2.64182">
				<ele>842.3</ele>
				<time>2026-05-20T20:05:08.986Z</time>
			</trkpt>
			<trkpt lat="45.3967" lon="2.64195">
				<ele>844.45</ele>
				<time>2026-05-20T20:05:10.060Z</time>
			</trkpt>
			<trkpt lat="45.39736" lon="2.64236">
				<ele>847.78</ele>
				<time>2026-05-20T20:05:14.920Z</time>
			</trkpt>
			<trkpt lat="45.3975" lon="2.64246">
				<ele>848.26</ele>
				<time>2026-05-20T20:05:15.975Z</time>
			</trkpt>
			<trkpt lat="45.39761" lon="2.64258">
				<ele>848.24</ele>
				<time>2026-05-20T20:05:16.908Z</time>
			</trkpt>
			<trkpt lat="45.39772" lon="2.64276">
				<ele>847.53</ele>
				<time>2026-05-20T20:05:18.035Z</time>
			</trkpt>
			<trkpt lat="45.3978" lon="2.64293">
				<ele>846.03</ele>
				<time>2026-05-20T20:05:19.001Z</time>
			</trkpt>
			<trkpt lat="45.39787" lon="2.64318">
				<ele>844.15</ele>
				<time>2026-05-20T20:05:20.271Z</time>
			</trkpt>
			<trkpt lat="45.39834" lon="2.64595">
				<ele>850.6</ele>
				<time>2026-05-20T20:05:33.650Z</time>
			</trkpt>
			<trkpt lat="45.39834" lon="2.64624">
				<ele>850.13</ele>
				<time>2026-05-20T20:05:35.005Z</time>
			</trkpt>
			<trkpt lat="45.39831" lon="2.64664">
				<ele>850.7</ele>
				<time>2026-05-20T20:05:36.883Z</time>
			</trkpt>
			<trkpt lat="45.39831" lon="2.64695">
				<ele>850.7</ele>
				<time>2026-05-20T20:05:38.328Z</time>
			</trkpt>
			<trkpt lat="45.39836" lon="2.64721">
				<ele>851.32</ele>
				<time>2026-05-20T20:05:39.584Z</time>
			</trkpt>
			<trkpt lat="45.39842" lon="2.64736">
				<ele>851.48</ele>
				<time>2026-05-20T20:05:40.388Z</time>
			</trkpt>
			<trkpt lat="45.39852" lon="2.64753">
				<ele>851.78</ele>
				<time>2026-05-20T20:05:41.420Z</time>
			</trkpt>
			<trkpt lat="45.39902" lon="2.64803">
				<ele>851.55</ele>
				<time>2026-05-20T20:05:45.462Z</time>
			</trkpt>
			<trkpt lat="45.39911" lon="2.64821">
				<ele>851.16</ele>
				<time>2026-05-20T20:05:46.486Z</time>
			</trkpt>
			<trkpt lat="45.39919" lon="2.64845">
				<ele>850.98</ele>
				<time>2026-05-20T20:05:47.718Z</time>
			</trkpt>
			<trkpt lat="45.39948" lon="2.64957">
				<ele>854.3</ele>
				<time>2026-05-20T20:05:53.238Z</time>
			</trkpt>
			<trkpt lat="45.39952" lon="2.64966">
				<ele>854.42</ele>
				<time>2026-05-20T20:05:53.729Z</time>
			</trkpt>
			<trkpt lat="45.39962" lon="2.64982">
				<ele>854.12</ele>
				<time>2026-05-20T20:05:54.718Z</time>
			</trkpt>
			<trkpt lat="45.4005" lon="2.65045">
				<ele>849.46</ele>
				<time>2026-05-20T20:06:01.173Z</time>
			</trkpt>
			<trkpt lat="45.40072" lon="2.65067">
				<ele>851.17</ele>
				<time>2026-05-20T20:06:02.931Z</time>
			</trkpt>
			<trkpt lat="45.40093" lon="2.65101">
				<ele>851.81</ele>
				<time>2026-05-20T20:06:05.007Z</time>
			</trkpt>
			<trkpt lat="45.40105" lon="2.65124">
				<ele>852.21</ele>
				<time>2026-05-20T20:06:06.319Z</time>
			</trkpt>
			<trkpt lat="45.40109" lon="2.65143">
				<ele>853.64</ele>
				<time>2026-05-20T20:06:07.227Z</time>
			</trkpt>
			<trkpt lat="45.40109" lon="2.65219">
				<ele>858.68</ele>
				<time>2026-05-20T20:06:10.700Z</time>
			</trkpt>
			<trkpt lat="45.40112" lon="2.6524">
				<ele>858.62</ele>
				<time>2026-05-20T20:06:11.679Z</time>
			</trkpt>
			<trkpt lat="45.40119" lon="2.6526">
				<ele>859.69</ele>
				<time>2026-05-20T20:06:12.698Z</time>
			</trkpt>
			<trkpt lat="45.40134" lon="2.65289">
				<ele>861.11</ele>
				<time>2026-05-20T20:06:14.339Z</time>
			</trkpt>
			<trkpt lat="45.40152" lon="2.65318">
				<ele>862.44</ele>
				<time>2026-05-20T20:06:16.101Z</time>
			</trkpt>
			<trkpt lat="45.40167" lon="2.65331">
				<ele>863.84</ele>
				<time>2026-05-20T20:06:17.239Z</time>
			</trkpt>
			<trkpt lat="45.40344" lon="2.65444">
				<ele>856</ele>
				<time>2026-05-20T20:06:29.750Z</time>
			</trkpt>
			<trkpt lat="45.40368" lon="2.65455">
				<ele>855.66</ele>
				<time>2026-05-20T20:06:31.369Z</time>
			</trkpt>
			<trkpt lat="45.40431" lon="2.65467">
				<ele>851.01</ele>
				<time>2026-05-20T20:06:35.444Z</time>
			</trkpt>
			<trkpt lat="45.40443" lon="2.65477">
				<ele>850.64</ele>
				<time>2026-05-20T20:06:36.334Z</time>
			</trkpt>
			<trkpt lat="45.40451" lon="2.6549">
				<ele>850.85</ele>
				<time>2026-05-20T20:06:37.110Z</time>
			</trkpt>
			<trkpt lat="45.40466" lon="2.65552">
				<ele>851.57</ele>
				<time>2026-05-20T20:06:40.052Z</time>
			</trkpt>
			<trkpt lat="45.40476" lon="2.65605">
				<ele>848.35</ele>
				<time>2026-05-20T20:06:42.510Z</time>
			</trkpt>
			<trkpt lat="45.40488" lon="2.6566">
				<ele>847.68</ele>
				<time>2026-05-20T20:06:45.086Z</time>
			</trkpt>
			<trkpt lat="45.40489" lon="2.65682">
				<ele>848.21</ele>
				<time>2026-05-20T20:06:46.071Z</time>
			</trkpt>
			<trkpt lat="45.40485" lon="2.6575">
				<ele>850.84</ele>
				<time>2026-05-20T20:06:49.115Z</time>
			</trkpt>
			<trkpt lat="45.40485" lon="2.65795">
				<ele>851.97</ele>
				<time>2026-05-20T20:06:51.120Z</time>
			</trkpt>
			<trkpt lat="45.4049" lon="2.65824">
				<ele>852.23</ele>
				<time>2026-05-20T20:06:52.449Z</time>
			</trkpt>
			<trkpt lat="45.40505" lon="2.65883">
				<ele>860.9</ele>
				<time>2026-05-20T20:06:55.238Z</time>
			</trkpt>
			<trkpt lat="45.40505" lon="2.65899">
				<ele>863.04</ele>
				<time>2026-05-20T20:06:55.949Z</time>
			</trkpt>
			<trkpt lat="45.40504" lon="2.65916">
				<ele>864.68</ele>
				<time>2026-05-20T20:06:56.706Z</time>
			</trkpt>
			<trkpt lat="45.40499" lon="2.6593">
				<ele>865.31</ele>
				<time>2026-05-20T20:06:57.403Z</time>
			</trkpt>
			<trkpt lat="45.4047" lon="2.65984">
				<ele>865.62</ele>
				<time>2026-05-20T20:07:00.415Z</time>
			</trkpt>
			<trkpt lat="45.40461" lon="2.66016">
				<ele>866.81</ele>
				<time>2026-05-20T20:07:01.941Z</time>
			</trkpt>
			<trkpt lat="45.40455" lon="2.66062">
				<ele>869.5</ele>
				<time>2026-05-20T20:07:04.009Z</time>
			</trkpt>
			<trkpt lat="45.40454" lon="2.66103">
				<ele>869.96</ele>
				<time>2026-05-20T20:07:05.820Z</time>
			</trkpt>
			<trkpt lat="45.40457" lon="2.66138">
				<ele>868.73</ele>
				<time>2026-05-20T20:07:07.376Z</time>
			</trkpt>
			<trkpt lat="45.40458" lon="2.66173">
				<ele>867.32</ele>
				<time>2026-05-20T20:07:08.919Z</time>
			</trkpt>
			<trkpt lat="45.40452" lon="2.66223">
				<ele>866.2</ele>
				<time>2026-05-20T20:07:11.152Z</time>
			</trkpt>
			<trkpt lat="45.40451" lon="2.66251">
				<ele>867.79</ele>
				<time>2026-05-20T20:07:12.385Z</time>
			</trkpt>
			<trkpt lat="45.40459" lon="2.66373">
				<ele>871.24</ele>
				<time>2026-05-20T20:07:17.763Z</time>
			</trkpt>
			<trkpt lat="45.40467" lon="2.66471">
				<ele>881.73</ele>
				<time>2026-05-20T20:07:22.080Z</time>
			</trkpt>
			<trkpt lat="45.40465" lon="2.66502">
				<ele>884.78</ele>
				<time>2026-05-20T20:07:23.440Z</time>
			</trkpt>
			<trkpt lat="45.40456" lon="2.6654">
				<ele>884.92</ele>
				<time>2026-05-20T20:07:25.191Z</time>
			</trkpt>
			<trkpt lat="45.40427" lon="2.66636">
				<ele>886.86</ele>
				<time>2026-05-20T20:07:29.744Z</time>
			</trkpt>
			<trkpt lat="45.40416" lon="2.6669">
				<ele>889.7</ele>
				<time>2026-05-20T20:07:32.189Z</time>
			</trkpt>
			<trkpt lat="45.40414" lon="2.66716">
				<ele>890.56</ele>
				<time>2026-05-20T20:07:33.325Z</time>
			</trkpt>
			<trkpt lat="45.40414" lon="2.66746">
				<ele>891.42</ele>
				<time>2026-05-20T20:07:34.627Z</time>
			</trkpt>
			<trkpt lat="45.40417" lon="2.66775">
				<ele>890.26</ele>
				<time>2026-05-20T20:07:35.899Z</time>
			</trkpt>
			<trkpt lat="45.40442" lon="2.66912">
				<ele>872.34</ele>
				<time>2026-05-20T20:07:42.025Z</time>
			</trkpt>
			<trkpt lat="45.40448" lon="2.66963">
				<ele>868.73</ele>
				<time>2026-05-20T20:07:44.258Z</time>
			</trkpt>
			<trkpt lat="45.40449" lon="2.67032">
				<ele>863.11</ele>
				<time>2026-05-20T20:07:47.233Z</time>
			</trkpt>
			<trkpt lat="45.40447" lon="2.6708">
				<ele>860.99</ele>
				<time>2026-05-20T20:07:49.304Z</time>
			</trkpt>
			<trkpt lat="45.40437" lon="2.67129">
				<ele>859.91</ele>
				<time>2026-05-20T20:07:51.498Z</time>
			</trkpt>
			<trkpt lat="45.40424" lon="2.67168">
				<ele>860.17</ele>
				<time>2026-05-20T20:07:53.352Z</time>
			</trkpt>
			<trkpt lat="45.40377" lon="2.6728">
				<ele>865.2</ele>
				<time>2026-05-20T20:07:58.945Z</time>
			</trkpt>
			<trkpt lat="45.40366" lon="2.673">
				<ele>864.42</ele>
				<time>2026-05-20T20:08:00.032Z</time>
			</trkpt>
			<trkpt lat="45.40356" lon="2.67311">
				<ele>864.25</ele>
				<time>2026-05-20T20:08:00.801Z</time>
			</trkpt>
			<trkpt lat="45.40344" lon="2.67318">
				<ele>864.76</ele>
				<time>2026-05-20T20:08:01.591Z</time>
			</trkpt>
			<trkpt lat="45.40331" lon="2.6732">
				<ele>865.04</ele>
				<time>2026-05-20T20:08:02.386Z</time>
			</trkpt>
			<trkpt lat="45.403" lon="2.67317">
				<ele>863.27</ele>
				<time>2026-05-20T20:08:04.276Z</time>
			</trkpt>
			<trkpt lat="45.40286" lon="2.6732">
				<ele>863.15</ele>
				<time>2026-05-20T20:08:05.136Z</time>
			</trkpt>
			<trkpt lat="45.40273" lon="2.67326">
				<ele>863.14</ele>
				<time>2026-05-20T20:08:05.966Z</time>
			</trkpt>
			<trkpt lat="45.40222" lon="2.6737">
				<ele>864.67</ele>
				<time>2026-05-20T20:08:09.583Z</time>
			</trkpt>
			<trkpt lat="45.40143" lon="2.67442">
				<ele>862.78</ele>
				<time>2026-05-20T20:08:15.257Z</time>
			</trkpt>
			<trkpt lat="45.40119" lon="2.67469">
				<ele>862.2</ele>
				<time>2026-05-20T20:08:17.104Z</time>
			</trkpt>
			<trkpt lat="45.40103" lon="2.67496">
				<ele>862.84</ele>
				<time>2026-05-20T20:08:18.601Z</time>
			</trkpt>
			<trkpt lat="45.40099" lon="2.67509">
				<ele>863.91</ele>
				<time>2026-05-20T20:08:19.201Z</time>
			</trkpt>
			<trkpt lat="45.40098" lon="2.6752">
				<ele>864.86</ele>
				<time>2026-05-20T20:08:19.671Z</time>
			</trkpt>
			<trkpt lat="45.401" lon="2.6754">
				<ele>866.7</ele>
				<time>2026-05-20T20:08:20.525Z</time>
			</trkpt>
			<trkpt lat="45.40118" lon="2.67589">
				<ele>868.8</ele>
				<time>2026-05-20T20:08:22.863Z</time>
			</trkpt>
			<trkpt lat="45.4012" lon="2.67603">
				<ele>868.9</ele>
				<time>2026-05-20T20:08:23.467Z</time>
			</trkpt>
			<trkpt lat="45.40122" lon="2.67629">
				<ele>869.39</ele>
				<time>2026-05-20T20:08:24.571Z</time>
			</trkpt>
			<trkpt lat="45.40121" lon="2.67674">
				<ele>868.36</ele>
				<time>2026-05-20T20:08:26.470Z</time>
			</trkpt>
			<trkpt lat="45.40123" lon="2.67695">
				<ele>868.39</ele>
				<time>2026-05-20T20:08:27.363Z</time>
			</trkpt>
			<trkpt lat="45.4013" lon="2.67718">
				<ele>867.81</ele>
				<time>2026-05-20T20:08:28.419Z</time>
			</trkpt>
			<trkpt lat="45.40164" lon="2.67799">
				<ele>866.16</ele>
				<time>2026-05-20T20:08:32.390Z</time>
			</trkpt>
			<trkpt lat="45.40176" lon="2.67815">
				<ele>864.73</ele>
				<time>2026-05-20T20:08:33.374Z</time>
			</trkpt>
			<trkpt lat="45.40185" lon="2.6782">
				<ele>863.93</ele>
				<time>2026-05-20T20:08:33.952Z</time>
			</trkpt>
			<trkpt lat="45.40194" lon="2.67823">
				<ele>863.35</ele>
				<time>2026-05-20T20:08:34.505Z</time>
			</trkpt>
			<trkpt lat="45.40231" lon="2.67828">
				<ele>863.51</ele>
				<time>2026-05-20T20:08:36.726Z</time>
			</trkpt>
			<trkpt lat="45.4024" lon="2.67826">
				<ele>863.87</ele>
				<time>2026-05-20T20:08:37.270Z</time>
			</trkpt>
			<trkpt lat="45.40273" lon="2.67801">
				<ele>865.86</ele>
				<time>2026-05-20T20:08:39.500Z</time>
			</trkpt>
			<trkpt lat="45.40279" lon="2.67799">
				<ele>866.09</ele>
				<time>2026-05-20T20:08:39.868Z</time>
			</trkpt>
			<trkpt lat="45.40298" lon="2.67806">
				<ele>866.69</ele>
				<time>2026-05-20T20:08:41.038Z</time>
			</trkpt>
			<trkpt lat="45.4039" lon="2.679">
				<ele>867.58</ele>
				<time>2026-05-20T20:08:47.774Z</time>
			</trkpt>
			<trkpt lat="45.40406" lon="2.6792">
				<ele>867.59</ele>
				<time>2026-05-20T20:08:49.038Z</time>
			</trkpt>
			<trkpt lat="45.40415" lon="2.67938">
				<ele>867.89</ele>
				<time>2026-05-20T20:08:49.958Z</time>
			</trkpt>
			<trkpt lat="45.40419" lon="2.6796">
				<ele>868.16</ele>
				<time>2026-05-20T20:08:50.905Z</time>
			</trkpt>
			<trkpt lat="45.40419" lon="2.67987">
				<ele>868.22</ele>
				<time>2026-05-20T20:08:52.029Z</time>
			</trkpt>
			<trkpt lat="45.4041" lon="2.68061">
				<ele>866.19</ele>
				<time>2026-05-20T20:08:55.151Z</time>
			</trkpt>
			<trkpt lat="45.40412" lon="2.68078">
				<ele>865.16</ele>
				<time>2026-05-20T20:08:55.867Z</time>
			</trkpt>
			<trkpt lat="45.40415" lon="2.68086">
				<ele>864.71</ele>
				<time>2026-05-20T20:08:56.244Z</time>
			</trkpt>
			<trkpt lat="45.40424" lon="2.68098">
				<ele>864.16</ele>
				<time>2026-05-20T20:08:56.973Z</time>
			</trkpt>
			<trkpt lat="45.40431" lon="2.68103">
				<ele>864.09</ele>
				<time>2026-05-20T20:08:57.436Z</time>
			</trkpt>
			<trkpt lat="45.40479" lon="2.68122">
				<ele>865.13</ele>
				<time>2026-05-20T20:09:00.378Z</time>
			</trkpt>
			<trkpt lat="45.40493" lon="2.68135">
				<ele>865.62</ele>
				<time>2026-05-20T20:09:01.364Z</time>
			</trkpt>
			<trkpt lat="45.40501" lon="2.68149">
				<ele>865.7</ele>
				<time>2026-05-20T20:09:02.112Z</time>
			</trkpt>
			<trkpt lat="45.40525" lon="2.68197">
				<ele>865.86</ele>
				<time>2026-05-20T20:09:04.550Z</time>
			</trkpt>
			<trkpt lat="45.40533" lon="2.68207">
				<ele>866.5</ele>
				<time>2026-05-20T20:09:05.177Z</time>
			</trkpt>
			<trkpt lat="45.40566" lon="2.68234">
				<ele>869.04</ele>
				<time>2026-05-20T20:09:07.416Z</time>
			</trkpt>
			<trkpt lat="45.40637" lon="2.68282">
				<ele>879.69</ele>
				<time>2026-05-20T20:09:12.034Z</time>
			</trkpt>
			<trkpt lat="45.40647" lon="2.68292">
				<ele>882.2</ele>
				<time>2026-05-20T20:09:12.751Z</time>
			</trkpt>
			<trkpt lat="45.40656" lon="2.68307">
				<ele>884.5</ele>
				<time>2026-05-20T20:09:13.563Z</time>
			</trkpt>
			<trkpt lat="45.40677" lon="2.68361">
				<ele>887.22</ele>
				<time>2026-05-20T20:09:16.103Z</time>
			</trkpt>
			<trkpt lat="45.40693" lon="2.68396">
				<ele>888.35</ele>
				<time>2026-05-20T20:09:17.820Z</time>
			</trkpt>
			<trkpt lat="45.40698" lon="2.68413">
				<ele>888.25</ele>
				<time>2026-05-20T20:09:18.577Z</time>
			</trkpt>
			<trkpt lat="45.40701" lon="2.68455">
				<ele>887.67</ele>
				<time>2026-05-20T20:09:20.311Z</time>
			</trkpt>
			<trkpt lat="45.40708" lon="2.68473">
				<ele>890.17</ele>
				<time>2026-05-20T20:09:21.155Z</time>
			</trkpt>
			<trkpt lat="45.40738" lon="2.68518">
				<ele>898.22</ele>
				<time>2026-05-20T20:09:23.699Z</time>
			</trkpt>
			<trkpt lat="45.40784" lon="2.68577">
				<ele>901.98</ele>
				<time>2026-05-20T20:09:27.309Z</time>
			</trkpt>
			<trkpt lat="45.40797" lon="2.6859">
				<ele>902.44</ele>
				<time>2026-05-20T20:09:28.235Z</time>
			</trkpt>
			<trkpt lat="45.4081" lon="2.68593">
				<ele>903.64</ele>
				<time>2026-05-20T20:09:29.002Z</time>
			</trkpt>
			<trkpt lat="45.40834" lon="2.68594">
				<ele>906.71</ele>
				<time>2026-05-20T20:09:30.399Z</time>
			</trkpt>
			<trkpt lat="45.40859" lon="2.68607">
				<ele>908.98</ele>
				<time>2026-05-20T20:09:31.947Z</time>
			</trkpt>
			<trkpt lat="45.40875" lon="2.68621">
				<ele>908.93</ele>
				<time>2026-05-20T20:09:33.039Z</time>
			</trkpt>
			<trkpt lat="45.40889" lon="2.68648">
				<ele>909.13</ele>
				<time>2026-05-20T20:09:34.408Z</time>
			</trkpt>
			<trkpt lat="45.40908" lon="2.68675">
				<ele>911.5</ele>
				<time>2026-05-20T20:09:35.966Z</time>
			</trkpt>
			<trkpt lat="45.40921" lon="2.68686">
				<ele>913.01</ele>
				<time>2026-05-20T20:09:36.844Z</time>
			</trkpt>
			<trkpt lat="45.40946" lon="2.68699">
				<ele>916.86</ele>
				<time>2026-05-20T20:09:38.387Z</time>
			</trkpt>
			<trkpt lat="45.4096" lon="2.68709">
				<ele>917.94</ele>
				<time>2026-05-20T20:09:39.295Z</time>
			</trkpt>
			<trkpt lat="45.41003" lon="2.68787">
				<ele>922.04</ele>
				<time>2026-05-20T20:09:43.327Z</time>
			</trkpt>
			<trkpt lat="45.41038" lon="2.68823">
				<ele>926.08</ele>
				<time>2026-05-20T20:09:45.823Z</time>
			</trkpt>
			<trkpt lat="45.41083" lon="2.6886">
				<ele>932.2</ele>
				<time>2026-05-20T20:09:48.824Z</time>
			</trkpt>
			<trkpt lat="45.41105" lon="2.68882">
				<ele>933.96</ele>
				<time>2026-05-20T20:09:50.375Z</time>
			</trkpt>
			<trkpt lat="45.41139" lon="2.6893">
				<ele>932.7</ele>
				<time>2026-05-20T20:09:53.135Z</time>
			</trkpt>
			<trkpt lat="45.41157" lon="2.6895">
				<ele>934.64</ele>
				<time>2026-05-20T20:09:54.449Z</time>
			</trkpt>
			<trkpt lat="45.41186" lon="2.6896">
				<ele>938.53</ele>
				<time>2026-05-20T20:09:56.167Z</time>
			</trkpt>
			<trkpt lat="45.41266" lon="2.69012">
				<ele>945.42</ele>
				<time>2026-05-20T20:10:01.221Z</time>
			</trkpt>
			<trkpt lat="45.41282" lon="2.69029">
				<ele>943.7</ele>
				<time>2026-05-20T20:10:02.367Z</time>
			</trkpt>
			<trkpt lat="45.41295" lon="2.69052">
				<ele>943.77</ele>
				<time>2026-05-20T20:10:03.557Z</time>
			</trkpt>
			<trkpt lat="45.41314" lon="2.69093">
				<ele>946.02</ele>
				<time>2026-05-20T20:10:05.534Z</time>
			</trkpt>
			<trkpt lat="45.4133" lon="2.69143">
				<ele>948.5</ele>
				<time>2026-05-20T20:10:07.744Z</time>
			</trkpt>
			<trkpt lat="45.41341" lon="2.69165">
				<ele>950.51</ele>
				<time>2026-05-20T20:10:08.830Z</time>
			</trkpt>
			<trkpt lat="45.41352" lon="2.69178">
				<ele>951.64</ele>
				<time>2026-05-20T20:10:09.648Z</time>
			</trkpt>
			<trkpt lat="45.41367" lon="2.69192">
				<ele>951.44</ele>
				<time>2026-05-20T20:10:10.674Z</time>
			</trkpt>
			<trkpt lat="45.41406" lon="2.69215">
				<ele>952.13</ele>
				<time>2026-05-20T20:10:13.087Z</time>
			</trkpt>
			<trkpt lat="45.4146" lon="2.69258">
				<ele>953.47</ele>
				<time>2026-05-20T20:10:16.620Z</time>
			</trkpt>
			<trkpt lat="45.41528" lon="2.69324">
				<ele>944.65</ele>
				<time>2026-05-20T20:10:21.312Z</time>
			</trkpt>
			<trkpt lat="45.41591" lon="2.69393">
				<ele>944.21</ele>
				<time>2026-05-20T20:10:25.835Z</time>
			</trkpt>
			<trkpt lat="45.41626" lon="2.69467">
				<ele>946.18</ele>
				<time>2026-05-20T20:10:29.395Z</time>
			</trkpt>
			<trkpt lat="45.41629" lon="2.69479">
				<ele>945.79</ele>
				<time>2026-05-20T20:10:29.903Z</time>
			</trkpt>
			<trkpt lat="45.41629" lon="2.6949">
				<ele>945.53</ele>
				<time>2026-05-20T20:10:30.341Z</time>
			</trkpt>
			<trkpt lat="45.41625" lon="2.69502">
				<ele>945.79</ele>
				<time>2026-05-20T20:10:30.870Z</time>
			</trkpt>
			<trkpt lat="45.41605" lon="2.69518">
				<ele>947.02</ele>
				<time>2026-05-20T20:10:32.172Z</time>
			</trkpt>
			<trkpt lat="45.41576" lon="2.69537">
				<ele>946.69</ele>
				<time>2026-05-20T20:10:33.983Z</time>
			</trkpt>
			<trkpt lat="45.4156" lon="2.69541">
				<ele>946.45</ele>
				<time>2026-05-20T20:10:34.904Z</time>
			</trkpt>
			<trkpt lat="45.4153" lon="2.69536">
				<ele>949.51</ele>
				<time>2026-05-20T20:10:36.615Z</time>
			</trkpt>
			<trkpt lat="45.41418" lon="2.69573">
				<ele>959.97</ele>
				<time>2026-05-20T20:10:43.121Z</time>
			</trkpt>
			<trkpt lat="45.41404" lon="2.69582">
				<ele>960.87</ele>
				<time>2026-05-20T20:10:43.989Z</time>
			</trkpt>
			<trkpt lat="45.41396" lon="2.69592">
				<ele>961.03</ele>
				<time>2026-05-20T20:10:44.590Z</time>
			</trkpt>
			<trkpt lat="45.4139" lon="2.69606">
				<ele>960.33</ele>
				<time>2026-05-20T20:10:45.241Z</time>
			</trkpt>
			<trkpt lat="45.41387" lon="2.69624">
				<ele>959.61</ele>
				<time>2026-05-20T20:10:45.974Z</time>
			</trkpt>
			<trkpt lat="45.41389" lon="2.69639">
				<ele>958.97</ele>
				<time>2026-05-20T20:10:46.579Z</time>
			</trkpt>
			<trkpt lat="45.41397" lon="2.69655">
				<ele>958.58</ele>
				<time>2026-05-20T20:10:47.358Z</time>
			</trkpt>
			<trkpt lat="45.41413" lon="2.69672">
				<ele>958.27</ele>
				<time>2026-05-20T20:10:48.484Z</time>
			</trkpt>
			<trkpt lat="45.41464" lon="2.69692">
				<ele>956.19</ele>
				<time>2026-05-20T20:10:51.467Z</time>
			</trkpt>
			<trkpt lat="45.41475" lon="2.69701">
				<ele>955.7</ele>
				<time>2026-05-20T20:10:52.182Z</time>
			</trkpt>
			<trkpt lat="45.41482" lon="2.69712">
				<ele>954.99</ele>
				<time>2026-05-20T20:10:52.769Z</time>
			</trkpt>
			<trkpt lat="45.41487" lon="2.69728">
				<ele>954.29</ele>
				<time>2026-05-20T20:10:53.462Z</time>
			</trkpt>
			<trkpt lat="45.41486" lon="2.69745">
				<ele>954.05</ele>
				<time>2026-05-20T20:10:54.136Z</time>
			</trkpt>
			<trkpt lat="45.41482" lon="2.69757">
				<ele>954.21</ele>
				<time>2026-05-20T20:10:54.661Z</time>
			</trkpt>
			<trkpt lat="45.41466" lon="2.6978">
				<ele>953.65</ele>
				<time>2026-05-20T20:10:55.941Z</time>
			</trkpt>
			<trkpt lat="45.41462" lon="2.69793">
				<ele>952.9</ele>
				<time>2026-05-20T20:10:56.501Z</time>
			</trkpt>
			<trkpt lat="45.41464" lon="2.69809">
				<ele>952.15</ele>
				<time>2026-05-20T20:10:57.143Z</time>
			</trkpt>
			<trkpt lat="45.41469" lon="2.69823">
				<ele>951.47</ele>
				<time>2026-05-20T20:10:57.764Z</time>
			</trkpt>
			<trkpt lat="45.4151" lon="2.69892">
				<ele>949.86</ele>
				<time>2026-05-20T20:11:01.331Z</time>
			</trkpt>
			<trkpt lat="45.41523" lon="2.69907">
				<ele>949.33</ele>
				<time>2026-05-20T20:11:02.271Z</time>
			</trkpt>
			<trkpt lat="45.41568" lon="2.69948">
				<ele>948.85</ele>
				<time>2026-05-20T20:11:05.270Z</time>
			</trkpt>
			<trkpt lat="45.41581" lon="2.69966">
				<ele>949.12</ele>
				<time>2026-05-20T20:11:06.287Z</time>
			</trkpt>
			<trkpt lat="45.41638" lon="2.7008">
				<ele>945.24</ele>
				<time>2026-05-20T20:11:11.794Z</time>
			</trkpt>
			<trkpt lat="45.41645" lon="2.70102">
				<ele>944.54</ele>
				<time>2026-05-20T20:11:12.744Z</time>
			</trkpt>
			<trkpt lat="45.41648" lon="2.70122">
				<ele>944.19</ele>
				<time>2026-05-20T20:11:13.547Z</time>
			</trkpt>
			<trkpt lat="45.41648" lon="2.70138">
				<ele>944</ele>
				<time>2026-05-20T20:11:14.176Z</time>
			</trkpt>
			<trkpt lat="45.41645" lon="2.70155">
				<ele>944</ele>
				<time>2026-05-20T20:11:14.865Z</time>
			</trkpt>
			<trkpt lat="45.41636" lon="2.70169">
				<ele>944.18</ele>
				<time>2026-05-20T20:11:15.610Z</time>
			</trkpt>
			<trkpt lat="45.41594" lon="2.70209">
				<ele>946.85</ele>
				<time>2026-05-20T20:11:18.436Z</time>
			</trkpt>
			<trkpt lat="45.41587" lon="2.70218">
				<ele>948.13</ele>
				<time>2026-05-20T20:11:18.963Z</time>
			</trkpt>
			<trkpt lat="45.41581" lon="2.70232">
				<ele>950.34</ele>
				<time>2026-05-20T20:11:19.606Z</time>
			</trkpt>
			<trkpt lat="45.4158" lon="2.70249">
				<ele>952.37</ele>
				<time>2026-05-20T20:11:20.275Z</time>
			</trkpt>
			<trkpt lat="45.41585" lon="2.70259">
				<ele>952.3</ele>
				<time>2026-05-20T20:11:20.757Z</time>
			</trkpt>
			<trkpt lat="45.41596" lon="2.70269">
				<ele>951.3</ele>
				<time>2026-05-20T20:11:21.486Z</time>
			</trkpt>
			<trkpt lat="45.41629" lon="2.70271">
				<ele>949.54</ele>
				<time>2026-05-20T20:11:23.330Z</time>
			</trkpt>
			<trkpt lat="45.41643" lon="2.70276">
				<ele>950.79</ele>
				<time>2026-05-20T20:11:24.136Z</time>
			</trkpt>
			<trkpt lat="45.41655" lon="2.70287">
				<ele>952.18</ele>
				<time>2026-05-20T20:11:24.932Z</time>
			</trkpt>
			<trkpt lat="45.41677" lon="2.70319">
				<ele>954.3</ele>
				<time>2026-05-20T20:11:26.686Z</time>
			</trkpt>
			<trkpt lat="45.41693" lon="2.70351">
				<ele>955.66</ele>
				<time>2026-05-20T20:11:28.224Z</time>
			</trkpt>
			<trkpt lat="45.41709" lon="2.70413">
				<ele>962.18</ele>
				<time>2026-05-20T20:11:30.809Z</time>
			</trkpt>
			<trkpt lat="45.41711" lon="2.70439">
				<ele>962.93</ele>
				<time>2026-05-20T20:11:31.831Z</time>
			</trkpt>
			<trkpt lat="45.41706" lon="2.70462">
				<ele>962.9</ele>
				<time>2026-05-20T20:11:32.773Z</time>
			</trkpt>
			<trkpt lat="45.41693" lon="2.70485">
				<ele>962.46</ele>
				<time>2026-05-20T20:11:33.927Z</time>
			</trkpt>
			<trkpt lat="45.41687" lon="2.705">
				<ele>963.05</ele>
				<time>2026-05-20T20:11:34.602Z</time>
			</trkpt>
			<trkpt lat="45.41686" lon="2.7052">
				<ele>964.95</ele>
				<time>2026-05-20T20:11:35.385Z</time>
			</trkpt>
			<trkpt lat="45.4169" lon="2.70533">
				<ele>966.44</ele>
				<time>2026-05-20T20:11:35.939Z</time>
			</trkpt>
			<trkpt lat="45.41696" lon="2.70542">
				<ele>967.52</ele>
				<time>2026-05-20T20:11:36.424Z</time>
			</trkpt>
			<trkpt lat="45.41735" lon="2.7058">
				<ele>971.64</ele>
				<time>2026-05-20T20:11:39.052Z</time>
			</trkpt>
			<trkpt lat="45.41744" lon="2.70596">
				<ele>973.12</ele>
				<time>2026-05-20T20:11:39.852Z</time>
			</trkpt>
			<trkpt lat="45.41746" lon="2.70611">
				<ele>975.05</ele>
				<time>2026-05-20T20:11:40.448Z</time>
			</trkpt>
			<trkpt lat="45.41742" lon="2.70629">
				<ele>976.28</ele>
				<time>2026-05-20T20:11:41.185Z</time>
			</trkpt>
			<trkpt lat="45.41678" lon="2.70722">
				<ele>976.43</ele>
				<time>2026-05-20T20:11:46.262Z</time>
			</trkpt>
			<trkpt lat="45.41666" lon="2.70749">
				<ele>976.97</ele>
				<time>2026-05-20T20:11:47.507Z</time>
			</trkpt>
			<trkpt lat="45.4166" lon="2.70782">
				<ele>979</ele>
				<time>2026-05-20T20:11:48.835Z</time>
			</trkpt>
			<trkpt lat="45.41659" lon="2.70816">
				<ele>981.98</ele>
				<time>2026-05-20T20:11:50.160Z</time>
			</trkpt>
			<trkpt lat="45.41663" lon="2.70842">
				<ele>983.68</ele>
				<time>2026-05-20T20:11:51.196Z</time>
			</trkpt>
			<trkpt lat="45.41677" lon="2.70898">
				<ele>981.67</ele>
				<time>2026-05-20T20:11:53.509Z</time>
			</trkpt>
			<trkpt lat="45.41683" lon="2.70947">
				<ele>979.78</ele>
				<time>2026-05-20T20:11:55.443Z</time>
			</trkpt>
			<trkpt lat="45.41682" lon="2.70974">
				<ele>979.71</ele>
				<time>2026-05-20T20:11:56.494Z</time>
			</trkpt>
			<trkpt lat="45.41653" lon="2.71166">
				<ele>981.81</ele>
				<time>2026-05-20T20:12:04.124Z</time>
			</trkpt>
			<trkpt lat="45.41653" lon="2.71197">
				<ele>984.98</ele>
				<time>2026-05-20T20:12:05.327Z</time>
			</trkpt>
			<trkpt lat="45.4166" lon="2.71226">
				<ele>989.07</ele>
				<time>2026-05-20T20:12:06.517Z</time>
			</trkpt>
			<trkpt lat="45.41706" lon="2.7134">
				<ele>992.02</ele>
				<time>2026-05-20T20:12:11.616Z</time>
			</trkpt>
			<trkpt lat="45.4171" lon="2.71364">
				<ele>991.73</ele>
				<time>2026-05-20T20:12:12.572Z</time>
			</trkpt>
			<trkpt lat="45.41706" lon="2.71389">
				<ele>992.66</ele>
				<time>2026-05-20T20:12:13.566Z</time>
			</trkpt>
			<trkpt lat="45.417" lon="2.71407">
				<ele>992.44</ele>
				<time>2026-05-20T20:12:14.338Z</time>
			</trkpt>
			<trkpt lat="45.41683" lon="2.71436">
				<ele>990.98</ele>
				<time>2026-05-20T20:12:15.802Z</time>
			</trkpt>
			<trkpt lat="45.4163" lon="2.71512">
				<ele>992.16</ele>
				<time>2026-05-20T20:12:19.950Z</time>
			</trkpt>
			<trkpt lat="45.41622" lon="2.71534">
				<ele>992.54</ele>
				<time>2026-05-20T20:12:20.909Z</time>
			</trkpt>
			<trkpt lat="45.41622" lon="2.71552">
				<ele>993.49</ele>
				<time>2026-05-20T20:12:21.605Z</time>
			</trkpt>
			<trkpt lat="45.41625" lon="2.71568">
				<ele>994.11</ele>
				<time>2026-05-20T20:12:22.246Z</time>
			</trkpt>
			<trkpt lat="45.41711" lon="2.71717">
				<ele>997.4</ele>
				<time>2026-05-20T20:12:29.706Z</time>
			</trkpt>
			<trkpt lat="45.41744" lon="2.71775">
				<ele>996.36</ele>
				<time>2026-05-20T20:12:32.591Z</time>
			</trkpt>
			<trkpt lat="45.41763" lon="2.71802">
				<ele>997.73</ele>
				<time>2026-05-20T20:12:34.068Z</time>
			</trkpt>
			<trkpt lat="45.41802" lon="2.71842">
				<ele>999.84</ele>
				<time>2026-05-20T20:12:36.712Z</time>
			</trkpt>
			<trkpt lat="45.41814" lon="2.71859">
				<ele>1000.24</ele>
				<time>2026-05-20T20:12:37.643Z</time>
			</trkpt>
			<trkpt lat="45.41823" lon="2.7188">
				<ele>1000.16</ele>
				<time>2026-05-20T20:12:38.593Z</time>
			</trkpt>
			<trkpt lat="45.41833" lon="2.7194">
				<ele>1002.72</ele>
				<time>2026-05-20T20:12:40.973Z</time>
			</trkpt>
			<trkpt lat="45.4183" lon="2.72002">
				<ele>1004.61</ele>
				<time>2026-05-20T20:12:43.371Z</time>
			</trkpt>
			<trkpt lat="45.41824" lon="2.72033">
				<ele>1006.06</ele>
				<time>2026-05-20T20:12:44.612Z</time>
			</trkpt>
			<trkpt lat="45.4182" lon="2.72061">
				<ele>1007.38</ele>
				<time>2026-05-20T20:12:45.714Z</time>
			</trkpt>
			<trkpt lat="45.41822" lon="2.72078">
				<ele>1007.74</ele>
				<time>2026-05-20T20:12:46.379Z</time>
			</trkpt>
			<trkpt lat="45.41844" lon="2.72168">
				<ele>1009.76</ele>
				<time>2026-05-20T20:12:50.053Z</time>
			</trkpt>
			<trkpt lat="45.41852" lon="2.72203">
				<ele>1012.43</ele>
				<time>2026-05-20T20:12:51.472Z</time>
			</trkpt>
			<trkpt lat="45.41855" lon="2.72248">
				<ele>1013.94</ele>
				<time>2026-05-20T20:12:53.215Z</time>
			</trkpt>
			<trkpt lat="45.41854" lon="2.72313">
				<ele>1015</ele>
				<time>2026-05-20T20:12:55.720Z</time>
			</trkpt>
			<trkpt lat="45.41854" lon="2.72346">
				<ele>1015.8</ele>
				<time>2026-05-20T20:12:56.992Z</time>
			</trkpt>
			<trkpt lat="45.41853" lon="2.72353">
				<ele>1016.27</ele>
				<time>2026-05-20T20:12:57.267Z</time>
			</trkpt>
			<trkpt lat="45.4185" lon="2.72359">
				<ele>1016.49</ele>
				<time>2026-05-20T20:12:57.551Z</time>
			</trkpt>
			<trkpt lat="45.41823" lon="2.7238">
				<ele>1016.36</ele>
				<time>2026-05-20T20:12:59.239Z</time>
			</trkpt>
			<trkpt lat="45.41811" lon="2.72396">
				<ele>1016.48</ele>
				<time>2026-05-20T20:13:00.141Z</time>
			</trkpt>
			<trkpt lat="45.41808" lon="2.72406">
				<ele>1016.73</ele>
				<time>2026-05-20T20:13:00.560Z</time>
			</trkpt>
			<trkpt lat="45.41807" lon="2.72425">
				<ele>1016.73</ele>
				<time>2026-05-20T20:13:01.294Z</time>
			</trkpt>
			<trkpt lat="45.41815" lon="2.72446">
				<ele>1015.87</ele>
				<time>2026-05-20T20:13:02.214Z</time>
			</trkpt>
			<trkpt lat="45.41851" lon="2.72489">
				<ele>1014.28</ele>
				<time>2026-05-20T20:13:04.791Z</time>
			</trkpt>
			<trkpt lat="45.41863" lon="2.72506">
				<ele>1014.42</ele>
				<time>2026-05-20T20:13:05.720Z</time>
			</trkpt>
			<trkpt lat="45.41877" lon="2.72537">
				<ele>1015.99</ele>
				<time>2026-05-20T20:13:07.139Z</time>
			</trkpt>
			<trkpt lat="45.41885" lon="2.72562">
				<ele>1015.88</ele>
				<time>2026-05-20T20:13:08.197Z</time>
			</trkpt>
			<trkpt lat="45.41892" lon="2.72591">
				<ele>1015.59</ele>
				<time>2026-05-20T20:13:09.377Z</time>
			</trkpt>
			<trkpt lat="45.41894" lon="2.72623">
				<ele>1014.37</ele>
				<time>2026-05-20T20:13:10.614Z</time>
			</trkpt>
			<trkpt lat="45.41893" lon="2.72646">
				<ele>1013.58</ele>
				<time>2026-05-20T20:13:11.501Z</time>
			</trkpt>
			<trkpt lat="45.41885" lon="2.72777">
				<ele>1011.99</ele>
				<time>2026-05-20T20:13:16.561Z</time>
			</trkpt>
			<trkpt lat="45.41884" lon="2.7279">
				<ele>1012</ele>
				<time>2026-05-20T20:13:17.064Z</time>
			</trkpt>
			<trkpt lat="45.41881" lon="2.72855">
				<ele>1012.22</ele>
				<time>2026-05-20T20:13:19.571Z</time>
			</trkpt>
			<trkpt lat="45.4188" lon="2.72903">
				<ele>1012.81</ele>
				<time>2026-05-20T20:13:21.418Z</time>
			</trkpt>
			<trkpt lat="45.41889" lon="2.72928">
				<ele>1012.95</ele>
				<time>2026-05-20T20:13:22.499Z</time>
			</trkpt>
			<trkpt lat="45.41915" lon="2.73029">
				<ele>1012.11</ele>
				<time>2026-05-20T20:13:26.637Z</time>
			</trkpt>
			<trkpt lat="45.41926" lon="2.73058">
				<ele>1013.06</ele>
				<time>2026-05-20T20:13:27.905Z</time>
			</trkpt>
			<trkpt lat="45.41976" lon="2.73159">
				<ele>1014.72</ele>
				<time>2026-05-20T20:13:32.659Z</time>
			</trkpt>
			<trkpt lat="45.41984" lon="2.73179">
				<ele>1015.47</ele>
				<time>2026-05-20T20:13:33.544Z</time>
			</trkpt>
			<trkpt lat="45.41986" lon="2.73193">
				<ele>1015.95</ele>
				<time>2026-05-20T20:13:34.094Z</time>
			</trkpt>
			<trkpt lat="45.41987" lon="2.73223">
				<ele>1015.88</ele>
				<time>2026-05-20T20:13:35.249Z</time>
			</trkpt>
			<trkpt lat="45.41977" lon="2.73379">
				<ele>1017.8</ele>
				<time>2026-05-20T20:13:41.273Z</time>
			</trkpt>
			<trkpt lat="45.41978" lon="2.7342">
				<ele>1017.61</ele>
				<time>2026-05-20T20:13:42.851Z</time>
			</trkpt>
			<trkpt lat="45.41986" lon="2.73506">
				<ele>1017.7</ele>
				<time>2026-05-20T20:13:46.188Z</time>
			</trkpt>
			<trkpt lat="45.41992" lon="2.73534">
				<ele>1018.27</ele>
				<time>2026-05-20T20:13:47.314Z</time>
			</trkpt>
			<trkpt lat="45.42002" lon="2.73566">
				<ele>1018.08</ele>
				<time>2026-05-20T20:13:48.661Z</time>
			</trkpt>
			<trkpt lat="45.42244" lon="2.74166">
				<ele>1023.79</ele>
				<time>2026-05-20T20:14:15.292Z</time>
			</trkpt>
			<trkpt lat="45.42264" lon="2.74195">
				<ele>1025.01</ele>
				<time>2026-05-20T20:14:16.858Z</time>
			</trkpt>
			<trkpt lat="45.42277" lon="2.7421">
				<ele>1025.56</ele>
				<time>2026-05-20T20:14:17.776Z</time>
			</trkpt>
			<trkpt lat="45.42485" lon="2.744">
				<ele>1028.79</ele>
				<time>2026-05-20T20:14:31.345Z</time>
			</trkpt>
			<trkpt lat="45.42507" lon="2.74426">
				<ele>1029.26</ele>
				<time>2026-05-20T20:14:32.916Z</time>
			</trkpt>
			<trkpt lat="45.42515" lon="2.74442">
				<ele>1029.55</ele>
				<time>2026-05-20T20:14:33.674Z</time>
			</trkpt>
			<trkpt lat="45.42522" lon="2.74459">
				<ele>1029.79</ele>
				<time>2026-05-20T20:14:34.434Z</time>
			</trkpt>
			<trkpt lat="45.42544" lon="2.74529">
				<ele>1032.27</ele>
				<time>2026-05-20T20:14:37.394Z</time>
			</trkpt>
			<trkpt lat="45.42554" lon="2.74561">
				<ele>1034.11</ele>
				<time>2026-05-20T20:14:38.746Z</time>
			</trkpt>
			<trkpt lat="45.42565" lon="2.74606">
				<ele>1036.44</ele>
				<time>2026-05-20T20:14:40.586Z</time>
			</trkpt>
			<trkpt lat="45.42569" lon="2.74648">
				<ele>1038.16</ele>
				<time>2026-05-20T20:14:42.223Z</time>
			</trkpt>
			<trkpt lat="45.42575" lon="2.74786">
				<ele>1035.96</ele>
				<time>2026-05-20T20:14:47.565Z</time>
			</trkpt>
			<trkpt lat="45.42584" lon="2.74859">
				<ele>1039.01</ele>
				<time>2026-05-20T20:14:50.430Z</time>
			</trkpt>
			<trkpt lat="45.42595" lon="2.74931">
				<ele>1038.9</ele>
				<time>2026-05-20T20:14:53.280Z</time>
			</trkpt>
			<trkpt lat="45.42607" lon="2.74979">
				<ele>1039.98</ele>
				<time>2026-05-20T20:14:55.251Z</time>
			</trkpt>
			<trkpt lat="45.4263" lon="2.75051">
				<ele>1040.69</ele>
				<time>2026-05-20T20:14:58.313Z</time>
			</trkpt>
			<trkpt lat="45.42657" lon="2.75121">
				<ele>1040</ele>
				<time>2026-05-20T20:15:01.406Z</time>
			</trkpt>
			<trkpt lat="45.42876" lon="2.75532">
				<ele>1045.45</ele>
				<time>2026-05-20T20:15:21.431Z</time>
			</trkpt>
			<trkpt lat="45.42896" lon="2.75565">
				<ele>1045.16</ele>
				<time>2026-05-20T20:15:23.127Z</time>
			</trkpt>
			<trkpt lat="45.42927" lon="2.75609">
				<ele>1045.01</ele>
				<time>2026-05-20T20:15:25.552Z</time>
			</trkpt>
			<trkpt lat="45.43226" lon="2.75988">
				<ele>1044.17</ele>
				<time>2026-05-20T20:15:47.801Z</time>
			</trkpt>
			<trkpt lat="45.4346" lon="2.76283">
				<ele>1034.58</ele>
				<time>2026-05-20T20:16:05.261Z</time>
			</trkpt>
			<trkpt lat="45.43487" lon="2.76321">
				<ele>1036.06</ele>
				<time>2026-05-20T20:16:07.388Z</time>
			</trkpt>
			<trkpt lat="45.43496" lon="2.76337">
				<ele>1036.59</ele>
				<time>2026-05-20T20:16:08.194Z</time>
			</trkpt>
			<trkpt lat="45.43505" lon="2.76356">
				<ele>1036.35</ele>
				<time>2026-05-20T20:16:09.096Z</time>
			</trkpt>
			<trkpt lat="45.43593" lon="2.76575">
				<ele>1032</ele>
				<time>2026-05-20T20:16:19.044Z</time>
			</trkpt>
			<trkpt lat="45.43753" lon="2.76966">
				<ele>1025.81</ele>
				<time>2026-05-20T20:16:36.965Z</time>
			</trkpt>
			<trkpt lat="45.43763" lon="2.76984">
				<ele>1026.23</ele>
				<time>2026-05-20T20:16:37.877Z</time>
			</trkpt>
			<trkpt lat="45.43772" lon="2.76998">
				<ele>1026.18</ele>
				<time>2026-05-20T20:16:38.631Z</time>
			</trkpt>
			<trkpt lat="45.43817" lon="2.77041">
				<ele>1026.43</ele>
				<time>2026-05-20T20:16:41.701Z</time>
			</trkpt>
			<trkpt lat="45.44184" lon="2.77375">
				<ele>1031</ele>
				<time>2026-05-20T20:17:06.500Z</time>
			</trkpt>
			<trkpt lat="45.44216" lon="2.77392">
				<ele>1032.6</ele>
				<time>2026-05-20T20:17:08.455Z</time>
			</trkpt>
			<trkpt lat="45.44338" lon="2.77422">
				<ele>1036.21</ele>
				<time>2026-05-20T20:17:15.556Z</time>
			</trkpt>
			<trkpt lat="45.4463" lon="2.77553">
				<ele>1044.64</ele>
				<time>2026-05-20T20:17:33.202Z</time>
			</trkpt>
			<trkpt lat="45.44653" lon="2.77562">
				<ele>1046.05</ele>
				<time>2026-05-20T20:17:34.583Z</time>
			</trkpt>
			<trkpt lat="45.44674" lon="2.77562">
				<ele>1046.81</ele>
				<time>2026-05-20T20:17:35.799Z</time>
			</trkpt>
			<trkpt lat="45.44687" lon="2.77554">
				<ele>1046.64</ele>
				<time>2026-05-20T20:17:36.619Z</time>
			</trkpt>
			<trkpt lat="45.4471" lon="2.77534">
				<ele>1046.05</ele>
				<time>2026-05-20T20:17:38.181Z</time>
			</trkpt>
			<trkpt lat="45.44735" lon="2.77523">
				<ele>1045.75</ele>
				<time>2026-05-20T20:17:39.699Z</time>
			</trkpt>
			<trkpt lat="45.44758" lon="2.77522">
				<ele>1046.05</ele>
				<time>2026-05-20T20:17:41.035Z</time>
			</trkpt>
			<trkpt lat="45.44777" lon="2.77526">
				<ele>1046.91</ele>
				<time>2026-05-20T20:17:42.150Z</time>
			</trkpt>
			<trkpt lat="45.44798" lon="2.77534">
				<ele>1048.05</ele>
				<time>2026-05-20T20:17:43.413Z</time>
			</trkpt>
			<trkpt lat="45.4484" lon="2.7755">
				<ele>1046.42</ele>
				<time>2026-05-20T20:17:45.941Z</time>
			</trkpt>
			<trkpt lat="45.44858" lon="2.77561">
				<ele>1045.41</ele>
				<time>2026-05-20T20:17:47.081Z</time>
			</trkpt>
			<trkpt lat="45.44898" lon="2.77604">
				<ele>1044.71</ele>
				<time>2026-05-20T20:17:50.000Z</time>
			</trkpt>
			<trkpt lat="45.44923" lon="2.77634">
				<ele>1045.43</ele>
				<time>2026-05-20T20:17:51.906Z</time>
			</trkpt>
			<trkpt lat="45.44976" lon="2.77713">
				<ele>1042.56</ele>
				<time>2026-05-20T20:17:56.386Z</time>
			</trkpt>
			<trkpt lat="45.45039" lon="2.77843">
				<ele>1039.01</ele>
				<time>2026-05-20T20:18:02.877Z</time>
			</trkpt>
			<trkpt lat="45.4512" lon="2.78016">
				<ele>1042.45</ele>
				<time>2026-05-20T20:18:11.452Z</time>
			</trkpt>
			<trkpt lat="45.45226" lon="2.78236">
				<ele>1048.32</ele>
				<time>2026-05-20T20:18:22.508Z</time>
			</trkpt>
			<trkpt lat="45.45246" lon="2.78269">
				<ele>1050.08</ele>
				<time>2026-05-20T20:18:24.321Z</time>
			</trkpt>
			<trkpt lat="45.45263" lon="2.78289">
				<ele>1049.95</ele>
				<time>2026-05-20T20:18:25.628Z</time>
			</trkpt>
			<trkpt lat="45.45279" lon="2.78303">
				<ele>1049.4</ele>
				<time>2026-05-20T20:18:26.741Z</time>
			</trkpt>
			<trkpt lat="45.45302" lon="2.78319">
				<ele>1051.11</ele>
				<time>2026-05-20T20:18:28.260Z</time>
			</trkpt>
			<trkpt lat="45.45402" lon="2.7838">
				<ele>1055.13</ele>
				<time>2026-05-20T20:18:34.731Z</time>
			</trkpt>
			<trkpt lat="45.45429" lon="2.784">
				<ele>1055.57</ele>
				<time>2026-05-20T20:18:36.544Z</time>
			</trkpt>
			<trkpt lat="45.45473" lon="2.78449">
				<ele>1052.81</ele>
				<time>2026-05-20T20:18:39.877Z</time>
			</trkpt>
			<trkpt lat="45.45491" lon="2.78467">
				<ele>1052.17</ele>
				<time>2026-05-20T20:18:41.191Z</time>
			</trkpt>
			<trkpt lat="45.45512" lon="2.78482">
				<ele>1051.83</ele>
				<time>2026-05-20T20:18:42.596Z</time>
			</trkpt>
			<trkpt lat="45.45532" lon="2.78505">
				<ele>1050.96</ele>
				<time>2026-05-20T20:18:44.134Z</time>
			</trkpt>
			<trkpt lat="45.45541" lon="2.78521">
				<ele>1050.61</ele>
				<time>2026-05-20T20:18:44.995Z</time>
			</trkpt>
			<trkpt lat="45.45662" lon="2.78817">
				<ele>1051.9</ele>
				<time>2026-05-20T20:18:59.445Z</time>
			</trkpt>
			<trkpt lat="45.45691" lon="2.78878">
				<ele>1051.93</ele>
				<time>2026-05-20T20:19:02.568Z</time>
			</trkpt>
			<trkpt lat="45.45712" lon="2.78916">
				<ele>1050.93</ele>
				<time>2026-05-20T20:19:04.621Z</time>
			</trkpt>
			<trkpt lat="45.45728" lon="2.78941">
				<ele>1050.86</ele>
				<time>2026-05-20T20:19:06.058Z</time>
			</trkpt>
			<trkpt lat="45.45763" lon="2.78983">
				<ele>1051.51</ele>
				<time>2026-05-20T20:19:08.832Z</time>
			</trkpt>
			<trkpt lat="45.45779" lon="2.78998">
				<ele>1052.2</ele>
				<time>2026-05-20T20:19:09.994Z</time>
			</trkpt>
			<trkpt lat="45.45794" lon="2.79007">
				<ele>1053.33</ele>
				<time>2026-05-20T20:19:10.982Z</time>
			</trkpt>
			<trkpt lat="45.45816" lon="2.79013">
				<ele>1054.88</ele>
				<time>2026-05-20T20:19:12.343Z</time>
			</trkpt>
			<trkpt lat="45.45843" lon="2.79025">
				<ele>1055.55</ele>
				<time>2026-05-20T20:19:14.063Z</time>
			</trkpt>
			<trkpt lat="45.45891" lon="2.79057">
				<ele>1054</ele>
				<time>2026-05-20T20:19:17.290Z</time>
			</trkpt>
			<trkpt lat="45.45991" lon="2.79134">
				<ele>1056.3</ele>
				<time>2026-05-20T20:19:24.231Z</time>
			</trkpt>
			<trkpt lat="45.46014" lon="2.79146">
				<ele>1055.38</ele>
				<time>2026-05-20T20:19:25.730Z</time>
			</trkpt>
			<trkpt lat="45.46017" lon="2.79159">
				<ele>1055.97</ele>
				<time>2026-05-20T20:19:26.318Z</time>
			</trkpt>
			<trkpt lat="45.46022" lon="2.79174">
				<ele>1056.41</ele>
				<time>2026-05-20T20:19:27.032Z</time>
			</trkpt>
			<trkpt lat="45.46096" lon="2.79347">
				<ele>1062.29</ele>
				<time>2026-05-20T20:19:35.764Z</time>
			</trkpt>
			<trkpt lat="45.46107" lon="2.79377">
				<ele>1064.12</ele>
				<time>2026-05-20T20:19:37.228Z</time>
			</trkpt>
			<trkpt lat="45.46115" lon="2.79422">
				<ele>1065.53</ele>
				<time>2026-05-20T20:19:39.236Z</time>
			</trkpt>
			<trkpt lat="45.46116" lon="2.79443">
				<ele>1066.35</ele>
				<time>2026-05-20T20:19:40.147Z</time>
			</trkpt>
			<trkpt lat="45.46114" lon="2.79481">
				<ele>1070.31</ele>
				<time>2026-05-20T20:19:41.798Z</time>
			</trkpt>
			<trkpt lat="45.46104" lon="2.79556">
				<ele>1078.27</ele>
				<time>2026-05-20T20:19:45.111Z</time>
			</trkpt>
			<trkpt lat="45.46104" lon="2.79599">
				<ele>1079.23</ele>
				<time>2026-05-20T20:19:46.980Z</time>
			</trkpt>
			<trkpt lat="45.46114" lon="2.79669">
				<ele>1081.76</ele>
				<time>2026-05-20T20:19:50.082Z</time>
			</trkpt>
			<trkpt lat="45.46115" lon="2.79691">
				<ele>1082.81</ele>
				<time>2026-05-20T20:19:51.039Z</time>
			</trkpt>
			<trkpt lat="45.46116" lon="2.79754">
				<ele>1085.86</ele>
				<time>2026-05-20T20:19:53.770Z</time>
			</trkpt>
			<trkpt lat="45.46114" lon="2.7978">
				<ele>1086.78</ele>
				<time>2026-05-20T20:19:54.903Z</time>
			</trkpt>
			<trkpt lat="45.4611" lon="2.79804">
				<ele>1087.87</ele>
				<time>2026-05-20T20:19:55.971Z</time>
			</trkpt>
			<trkpt lat="45.46102" lon="2.79827">
				<ele>1089.58</ele>
				<time>2026-05-20T20:19:57.082Z</time>
			</trkpt>
			<trkpt lat="45.46086" lon="2.79849">
				<ele>1090.21</ele>
				<time>2026-05-20T20:19:58.452Z</time>
			</trkpt>
			<trkpt lat="45.46075" lon="2.79858">
				<ele>1090.89</ele>
				<time>2026-05-20T20:19:59.234Z</time>
			</trkpt>
			<trkpt lat="45.46064" lon="2.79864">
				<ele>1091.4</ele>
				<time>2026-05-20T20:19:59.959Z</time>
			</trkpt>
			<trkpt lat="45.46026" lon="2.79873">
				<ele>1093.6</ele>
				<time>2026-05-20T20:20:02.331Z</time>
			</trkpt>
			<trkpt lat="45.46006" lon="2.79883">
				<ele>1096.33</ele>
				<time>2026-05-20T20:20:03.634Z</time>
			</trkpt>
			<trkpt lat="45.45993" lon="2.79893">
				<ele>1096.97</ele>
				<time>2026-05-20T20:20:04.543Z</time>
			</trkpt>
			<trkpt lat="45.45977" lon="2.79914">
				<ele>1096.24</ele>
				<time>2026-05-20T20:20:05.879Z</time>
			</trkpt>
			<trkpt lat="45.45965" lon="2.79943">
				<ele>1096.67</ele>
				<time>2026-05-20T20:20:07.329Z</time>
			</trkpt>
			<trkpt lat="45.45954" lon="2.79994">
				<ele>1101.08</ele>
				<time>2026-05-20T20:20:09.626Z</time>
			</trkpt>
			<trkpt lat="45.45953" lon="2.80012">
				<ele>1102.86</ele>
				<time>2026-05-20T20:20:10.403Z</time>
			</trkpt>
			<trkpt lat="45.45956" lon="2.80048">
				<ele>1106.39</ele>
				<time>2026-05-20T20:20:11.961Z</time>
			</trkpt>
			<trkpt lat="45.4596" lon="2.80063">
				<ele>1107.42</ele>
				<time>2026-05-20T20:20:12.651Z</time>
			</trkpt>
			<trkpt lat="45.45982" lon="2.80109">
				<ele>1110.56</ele>
				<time>2026-05-20T20:20:15.042Z</time>
			</trkpt>
			<trkpt lat="45.4599" lon="2.80134">
				<ele>1110.82</ele>
				<time>2026-05-20T20:20:16.221Z</time>
			</trkpt>
			<trkpt lat="45.45992" lon="2.80152">
				<ele>1109.86</ele>
				<time>2026-05-20T20:20:17.003Z</time>
			</trkpt>
			<trkpt lat="45.45992" lon="2.80237">
				<ele>1109.75</ele>
				<time>2026-05-20T20:20:20.645Z</time>
			</trkpt>
			<trkpt lat="45.45994" lon="2.80253">
				<ele>1110.26</ele>
				<time>2026-05-20T20:20:21.341Z</time>
			</trkpt>
			<trkpt lat="45.46003" lon="2.80289">
				<ele>1110.93</ele>
				<time>2026-05-20T20:20:22.977Z</time>
			</trkpt>
			<trkpt lat="45.4601" lon="2.80303">
				<ele>1112.07</ele>
				<time>2026-05-20T20:20:23.712Z</time>
			</trkpt>
			<trkpt lat="45.46136" lon="2.80506">
				<ele>1118.5</ele>
				<time>2026-05-20T20:20:35.280Z</time>
			</trkpt>
			<trkpt lat="45.46156" lon="2.80546">
				<ele>1121.31</ele>
				<time>2026-05-20T20:20:37.371Z</time>
			</trkpt>
			<trkpt lat="45.46171" lon="2.80588">
				<ele>1123.79</ele>
				<time>2026-05-20T20:20:39.376Z</time>
			</trkpt>
			<trkpt lat="45.46225" lon="2.80799">
				<ele>1120.71</ele>
				<time>2026-05-20T20:20:48.909Z</time>
			</trkpt>
			<trkpt lat="45.4624" lon="2.8084">
				<ele>1121.23</ele>
				<time>2026-05-20T20:20:50.868Z</time>
			</trkpt>
			<trkpt lat="45.4625" lon="2.80856">
				<ele>1121.84</ele>
				<time>2026-05-20T20:20:51.775Z</time>
			</trkpt>
			<trkpt lat="45.46278" lon="2.80895">
				<ele>1124.45</ele>
				<time>2026-05-20T20:20:54.137Z</time>
			</trkpt>
			<trkpt lat="45.46291" lon="2.80908">
				<ele>1124.93</ele>
				<time>2026-05-20T20:20:55.094Z</time>
			</trkpt>
			<trkpt lat="45.4634" lon="2.80946">
				<ele>1125.81</ele>
				<time>2026-05-20T20:20:58.455Z</time>
			</trkpt>
			<trkpt lat="45.46368" lon="2.80976">
				<ele>1125.51</ele>
				<time>2026-05-20T20:21:00.564Z</time>
			</trkpt>
			<trkpt lat="45.4638" lon="2.80991">
				<ele>1125.56</ele>
				<time>2026-05-20T20:21:01.524Z</time>
			</trkpt>
			<trkpt lat="45.464" lon="2.81024">
				<ele>1125.54</ele>
				<time>2026-05-20T20:21:03.364Z</time>
			</trkpt>
			<trkpt lat="45.4641" lon="2.81044">
				<ele>1125.24</ele>
				<time>2026-05-20T20:21:04.400Z</time>
			</trkpt>
			<trkpt lat="45.46452" lon="2.81145">
				<ele>1132</ele>
				<time>2026-05-20T20:21:09.347Z</time>
			</trkpt>
			<trkpt lat="45.46469" lon="2.81194">
				<ele>1132</ele>
				<time>2026-05-20T20:21:11.648Z</time>
			</trkpt>
			<trkpt lat="45.46479" lon="2.8124">
				<ele>1133.64</ele>
				<time>2026-05-20T20:21:13.673Z</time>
			</trkpt>
			<trkpt lat="45.46483" lon="2.81275">
				<ele>1135.07</ele>
				<time>2026-05-20T20:21:15.164Z</time>
			</trkpt>
			<trkpt lat="45.46484" lon="2.813">
				<ele>1136.93</ele>
				<time>2026-05-20T20:21:16.216Z</time>
			</trkpt>
			<trkpt lat="45.46483" lon="2.81325">
				<ele>1138.26</ele>
				<time>2026-05-20T20:21:17.268Z</time>
			</trkpt>
			<trkpt lat="45.46474" lon="2.81457">
				<ele>1142.81</ele>
				<time>2026-05-20T20:21:22.835Z</time>
			</trkpt>
			<trkpt lat="45.46471" lon="2.81521">
				<ele>1143.46</ele>
				<time>2026-05-20T20:21:25.524Z</time>
			</trkpt>
			<trkpt lat="45.46488" lon="2.82397">
				<ele>1159.43</ele>
				<time>2026-05-20T20:22:02.105Z</time>
			</trkpt>
			<trkpt lat="45.46489" lon="2.8242">
				<ele>1159.54</ele>
				<time>2026-05-20T20:22:03.064Z</time>
			</trkpt>
			<trkpt lat="45.46494" lon="2.82463">
				<ele>1160.9</ele>
				<time>2026-05-20T20:22:04.876Z</time>
			</trkpt>
			<trkpt lat="45.46589" lon="2.82803">
				<ele>1169.85</ele>
				<time>2026-05-20T20:22:20.078Z</time>
			</trkpt>
			<trkpt lat="45.4661" lon="2.82848">
				<ele>1168.68</ele>
				<time>2026-05-20T20:22:22.321Z</time>
			</trkpt>
			<trkpt lat="45.46683" lon="2.8296">
				<ele>1175.56</ele>
				<time>2026-05-20T20:22:28.662Z</time>
			</trkpt>
			<trkpt lat="45.467" lon="2.82995">
				<ele>1179.32</ele>
				<time>2026-05-20T20:22:30.427Z</time>
			</trkpt>
			<trkpt lat="45.46708" lon="2.83015">
				<ele>1179.76</ele>
				<time>2026-05-20T20:22:31.382Z</time>
			</trkpt>
			<trkpt lat="45.46719" lon="2.83058">
				<ele>1180.38</ele>
				<time>2026-05-20T20:22:33.279Z</time>
			</trkpt>
			<trkpt lat="45.46838" lon="2.8377">
				<ele>1188.2</ele>
				<time>2026-05-20T20:23:03.592Z</time>
			</trkpt>
			<trkpt lat="45.4685" lon="2.83822">
				<ele>1184.65</ele>
				<time>2026-05-20T20:23:05.858Z</time>
			</trkpt>
			<trkpt lat="45.4687" lon="2.83885">
				<ele>1185.52</ele>
				<time>2026-05-20T20:23:08.722Z</time>
			</trkpt>
			<trkpt lat="45.46889" lon="2.83933">
				<ele>1186.57</ele>
				<time>2026-05-20T20:23:11.004Z</time>
			</trkpt>
			<trkpt lat="45.46902" lon="2.83957">
				<ele>1187.25</ele>
				<time>2026-05-20T20:23:12.259Z</time>
			</trkpt>
			<trkpt lat="45.46944" lon="2.84027">
				<ele>1188.03</ele>
				<time>2026-05-20T20:23:16.074Z</time>
			</trkpt>
			<trkpt lat="45.47015" lon="2.84133">
				<ele>1186.67</ele>
				<time>2026-05-20T20:23:22.146Z</time>
			</trkpt>
			<trkpt lat="45.47046" lon="2.84166">
				<ele>1186.66</ele>
				<time>2026-05-20T20:23:24.431Z</time>
			</trkpt>
			<trkpt lat="45.47094" lon="2.84208">
				<ele>1185.34</ele>
				<time>2026-05-20T20:23:27.758Z</time>
			</trkpt>
			<trkpt lat="45.47104" lon="2.8422">
				<ele>1185.32</ele>
				<time>2026-05-20T20:23:28.531Z</time>
			</trkpt>
			<trkpt lat="45.47114" lon="2.84236">
				<ele>1185.83</ele>
				<time>2026-05-20T20:23:29.419Z</time>
			</trkpt>
			<trkpt lat="45.47121" lon="2.84256">
				<ele>1185.82</ele>
				<time>2026-05-20T20:23:30.345Z</time>
			</trkpt>
			<trkpt lat="45.47137" lon="2.84331">
				<ele>1186.71</ele>
				<time>2026-05-20T20:23:33.595Z</time>
			</trkpt>
			<trkpt lat="45.47148" lon="2.84365">
				<ele>1188</ele>
				<time>2026-05-20T20:23:35.147Z</time>
			</trkpt>
			<trkpt lat="45.47164" lon="2.84396">
				<ele>1187.71</ele>
				<time>2026-05-20T20:23:36.743Z</time>
			</trkpt>
			<trkpt lat="45.47173" lon="2.8441">
				<ele>1186.75</ele>
				<time>2026-05-20T20:23:37.531Z</time>
			</trkpt>
			<trkpt lat="45.47222" lon="2.84467">
				<ele>1182.16</ele>
				<time>2026-05-20T20:23:41.272Z</time>
			</trkpt>
			<trkpt lat="45.47234" lon="2.84486">
				<ele>1180.94</ele>
				<time>2026-05-20T20:23:42.333Z</time>
			</trkpt>
			<trkpt lat="45.4724" lon="2.84512">
				<ele>1179.7</ele>
				<time>2026-05-20T20:23:43.468Z</time>
			</trkpt>
			<trkpt lat="45.47242" lon="2.8453">
				<ele>1179.24</ele>
				<time>2026-05-20T20:23:44.225Z</time>
			</trkpt>
			<trkpt lat="45.47241" lon="2.84617">
				<ele>1181.71</ele>
				<time>2026-05-20T20:23:47.837Z</time>
			</trkpt>
			<trkpt lat="45.47242" lon="2.84639">
				<ele>1184.03</ele>
				<time>2026-05-20T20:23:48.752Z</time>
			</trkpt>
			<trkpt lat="45.47247" lon="2.84681">
				<ele>1186.62</ele>
				<time>2026-05-20T20:23:50.521Z</time>
			</trkpt>
			<trkpt lat="45.47257" lon="2.84726">
				<ele>1187.14</ele>
				<time>2026-05-20T20:23:52.482Z</time>
			</trkpt>
			<trkpt lat="45.47271" lon="2.84765">
				<ele>1186.17</ele>
				<time>2026-05-20T20:23:54.303Z</time>
			</trkpt>
			<trkpt lat="45.47322" lon="2.84866">
				<ele>1188.87</ele>
				<time>2026-05-20T20:23:59.477Z</time>
			</trkpt>
			<trkpt lat="45.47325" lon="2.84876">
				<ele>1188.92</ele>
				<time>2026-05-20T20:23:59.929Z</time>
			</trkpt>
			<trkpt lat="45.47327" lon="2.84891">
				<ele>1189.12</ele>
				<time>2026-05-20T20:24:00.565Z</time>
			</trkpt>
			<trkpt lat="45.47322" lon="2.84905">
				<ele>1188.77</ele>
				<time>2026-05-20T20:24:01.218Z</time>
			</trkpt>
			<trkpt lat="45.47347" lon="2.8493">
				<ele>1187.72</ele>
				<time>2026-05-20T20:24:03.030Z</time>
			</trkpt>
			<trkpt lat="45.47357" lon="2.84943">
				<ele>1187.96</ele>
				<time>2026-05-20T20:24:03.833Z</time>
			</trkpt>
			<trkpt lat="45.47373" lon="2.84971">
				<ele>1189.91</ele>
				<time>2026-05-20T20:24:05.336Z</time>
			</trkpt>
			<trkpt lat="45.47382" lon="2.84992">
				<ele>1191.49</ele>
				<time>2026-05-20T20:24:06.361Z</time>
			</trkpt>
			<trkpt lat="45.4743" lon="2.85174">
				<ele>1189.05</ele>
				<time>2026-05-20T20:24:14.463Z</time>
			</trkpt>
			<trkpt lat="45.47438" lon="2.85194">
				<ele>1190.77</ele>
				<time>2026-05-20T20:24:15.423Z</time>
			</trkpt>
			<trkpt lat="45.47448" lon="2.85212">
				<ele>1192.78</ele>
				<time>2026-05-20T20:24:16.381Z</time>
			</trkpt>
			<trkpt lat="45.47491" lon="2.85262">
				<ele>1191.42</ele>
				<time>2026-05-20T20:24:19.683Z</time>
			</trkpt>
			<trkpt lat="45.47502" lon="2.85283">
				<ele>1191.06</ele>
				<time>2026-05-20T20:24:20.777Z</time>
			</trkpt>
			<trkpt lat="45.47511" lon="2.85302">
				<ele>1191.26</ele>
				<time>2026-05-20T20:24:21.734Z</time>
			</trkpt>
			<trkpt lat="45.47519" lon="2.85337">
				<ele>1190.71</ele>
				<time>2026-05-20T20:24:23.271Z</time>
			</trkpt>
			<trkpt lat="45.47525" lon="2.85387">
				<ele>1189.29</ele>
				<time>2026-05-20T20:24:25.386Z</time>
			</trkpt>
			<trkpt lat="45.47532" lon="2.85424">
				<ele>1190.33</ele>
				<time>2026-05-20T20:24:26.982Z</time>
			</trkpt>
			<trkpt lat="45.47555" lon="2.85489">
				<ele>1192.65</ele>
				<time>2026-05-20T20:24:30.012Z</time>
			</trkpt>
			<trkpt lat="45.47567" lon="2.85513">
				<ele>1191.06</ele>
				<time>2026-05-20T20:24:31.237Z</time>
			</trkpt>
			<trkpt lat="45.47573" lon="2.85523">
				<ele>1190.07</ele>
				<time>2026-05-20T20:24:31.784Z</time>
			</trkpt>
			<trkpt lat="45.47583" lon="2.85533">
				<ele>1189.45</ele>
				<time>2026-05-20T20:24:32.507Z</time>
			</trkpt>
			<trkpt lat="45.47623" lon="2.85572">
				<ele>1192.19</ele>
				<time>2026-05-20T20:24:35.375Z</time>
			</trkpt>
			<trkpt lat="45.47679" lon="2.85646">
				<ele>1195.47</ele>
				<time>2026-05-20T20:24:39.885Z</time>
			</trkpt>
			<trkpt lat="45.47693" lon="2.85663">
				<ele>1195.74</ele>
				<time>2026-05-20T20:24:40.970Z</time>
			</trkpt>
			<trkpt lat="45.47709" lon="2.85676">
				<ele>1195.23</ele>
				<time>2026-05-20T20:24:42.056Z</time>
			</trkpt>
			<trkpt lat="45.47751" lon="2.85698">
				<ele>1193.23</ele>
				<time>2026-05-20T20:24:44.693Z</time>
			</trkpt>
			<trkpt lat="45.47769" lon="2.85712">
				<ele>1191.78</ele>
				<time>2026-05-20T20:24:45.900Z</time>
			</trkpt>
			<trkpt lat="45.47877" lon="2.85815">
				<ele>1194.25</ele>
				<time>2026-05-20T20:24:53.536Z</time>
			</trkpt>
			<trkpt lat="45.47909" lon="2.8584">
				<ele>1193.87</ele>
				<time>2026-05-20T20:24:55.677Z</time>
			</trkpt>
			<trkpt lat="45.48027" lon="2.85898">
				<ele>1196.33</ele>
				<time>2026-05-20T20:25:02.987Z</time>
			</trkpt>
			<trkpt lat="45.48046" lon="2.85913">
				<ele>1196.22</ele>
				<time>2026-05-20T20:25:04.257Z</time>
			</trkpt>
			<trkpt lat="45.48089" lon="2.85968">
				<ele>1196.63</ele>
				<time>2026-05-20T20:25:07.633Z</time>
			</trkpt>
			<trkpt lat="45.48108" lon="2.85986">
				<ele>1196.59</ele>
				<time>2026-05-20T20:25:08.965Z</time>
			</trkpt>
			<trkpt lat="45.48117" lon="2.85991">
				<ele>1196.64</ele>
				<time>2026-05-20T20:25:09.529Z</time>
			</trkpt>
			<trkpt lat="45.48153" lon="2.86004">
				<ele>1196.74</ele>
				<time>2026-05-20T20:25:11.696Z</time>
			</trkpt>
			<trkpt lat="45.48196" lon="2.86016">
				<ele>1194.47</ele>
				<time>2026-05-20T20:25:14.252Z</time>
			</trkpt>
			<trkpt lat="45.48235" lon="2.86014">
				<ele>1194.02</ele>
				<time>2026-05-20T20:25:16.526Z</time>
			</trkpt>
			<trkpt lat="45.48292" lon="2.85999">
				<ele>1195.89</ele>
				<time>2026-05-20T20:25:19.903Z</time>
			</trkpt>
			<trkpt lat="45.48322" lon="2.85999">
				<ele>1193.79</ele>
				<time>2026-05-20T20:25:21.649Z</time>
			</trkpt>
			<trkpt lat="45.48337" lon="2.86004">
				<ele>1193.29</ele>
				<time>2026-05-20T20:25:22.545Z</time>
			</trkpt>
			<trkpt lat="45.48352" lon="2.86013">
				<ele>1193.95</ele>
				<time>2026-05-20T20:25:23.492Z</time>
			</trkpt>
			<trkpt lat="45.48536" lon="2.86182">
				<ele>1197.73</ele>
				<time>2026-05-20T20:25:36.209Z</time>
			</trkpt>
			<trkpt lat="45.48563" lon="2.86203">
				<ele>1199.86</ele>
				<time>2026-05-20T20:25:37.994Z</time>
			</trkpt>
			<trkpt lat="45.48586" lon="2.86214">
				<ele>1202.02</ele>
				<time>2026-05-20T20:25:39.401Z</time>
			</trkpt>
			<trkpt lat="45.48603" lon="2.86215">
				<ele>1202.73</ele>
				<time>2026-05-20T20:25:40.389Z</time>
			</trkpt>
			<trkpt lat="45.48633" lon="2.86207">
				<ele>1205.48</ele>
				<time>2026-05-20T20:25:42.159Z</time>
			</trkpt>
			<trkpt lat="45.48661" lon="2.86192">
				<ele>1207.93</ele>
				<time>2026-05-20T20:25:43.894Z</time>
			</trkpt>
			<trkpt lat="45.48717" lon="2.8614">
				<ele>1208.89</ele>
				<time>2026-05-20T20:25:47.768Z</time>
			</trkpt>
			<trkpt lat="45.48733" lon="2.8613">
				<ele>1209.08</ele>
				<time>2026-05-20T20:25:48.781Z</time>
			</trkpt>
			<trkpt lat="45.48757" lon="2.86125">
				<ele>1209.51</ele>
				<time>2026-05-20T20:25:50.187Z</time>
			</trkpt>
			<trkpt lat="45.489" lon="2.86115">
				<ele>1207.34</ele>
				<time>2026-05-20T20:25:58.484Z</time>
			</trkpt>
			<trkpt lat="45.48933" lon="2.86116">
				<ele>1208.23</ele>
				<time>2026-05-20T20:26:00.397Z</time>
			</trkpt>
			<trkpt lat="45.4904" lon="2.86129">
				<ele>1204.3</ele>
				<time>2026-05-20T20:26:06.619Z</time>
			</trkpt>
			<trkpt lat="45.49067" lon="2.86128">
				<ele>1204.27</ele>
				<time>2026-05-20T20:26:08.185Z</time>
			</trkpt>
			<trkpt lat="45.49105" lon="2.86121">
				<ele>1205.6</ele>
				<time>2026-05-20T20:26:10.405Z</time>
			</trkpt>
			<trkpt lat="45.49224" lon="2.86085">
				<ele>1205.26</ele>
				<time>2026-05-20T20:26:17.458Z</time>
			</trkpt>
			<trkpt lat="45.49251" lon="2.86085">
				<ele>1206.14</ele>
				<time>2026-05-20T20:26:19.023Z</time>
			</trkpt>
			<trkpt lat="45.49284" lon="2.86099">
				<ele>1206.24</ele>
				<time>2026-05-20T20:26:21.020Z</time>
			</trkpt>
			<trkpt lat="45.49299" lon="2.86115">
				<ele>1206.09</ele>
				<time>2026-05-20T20:26:22.107Z</time>
			</trkpt>
			<trkpt lat="45.49311" lon="2.86131">
				<ele>1206.58</ele>
				<time>2026-05-20T20:26:23.060Z</time>
			</trkpt>
			<trkpt lat="45.49318" lon="2.86146">
				<ele>1207.14</ele>
				<time>2026-05-20T20:26:23.793Z</time>
			</trkpt>
			<trkpt lat="45.49324" lon="2.86166">
				<ele>1207.7</ele>
				<time>2026-05-20T20:26:24.678Z</time>
			</trkpt>
			<trkpt lat="45.49332" lon="2.86205">
				<ele>1210.6</ele>
				<time>2026-05-20T20:26:26.332Z</time>
			</trkpt>
			<trkpt lat="45.49353" lon="2.86464">
				<ele>1217.05</ele>
				<time>2026-05-20T20:26:36.951Z</time>
			</trkpt>
			<trkpt lat="45.4936" lon="2.86527">
				<ele>1216.06</ele>
				<time>2026-05-20T20:26:39.552Z</time>
			</trkpt>
			<trkpt lat="45.49367" lon="2.86557">
				<ele>1214.94</ele>
				<time>2026-05-20T20:26:40.842Z</time>
			</trkpt>
			<trkpt lat="45.49375" lon="2.86581">
				<ele>1212.78</ele>
				<time>2026-05-20T20:26:41.926Z</time>
			</trkpt>
			<trkpt lat="45.49432" lon="2.86713">
				<ele>1204.28</ele>
				<time>2026-05-20T20:26:48.259Z</time>
			</trkpt>
			<trkpt lat="45.49439" lon="2.86738">
				<ele>1204.38</ele>
				<time>2026-05-20T20:26:49.359Z</time>
			</trkpt>
			<trkpt lat="45.49448" lon="2.86788">
				<ele>1208.09</ele>
				<time>2026-05-20T20:26:51.471Z</time>
			</trkpt>
			<trkpt lat="45.49453" lon="2.86831">
				<ele>1209.78</ele>
				<time>2026-05-20T20:26:53.254Z</time>
			</trkpt>
			<trkpt lat="45.49463" lon="2.86967">
				<ele>1204.03</ele>
				<time>2026-05-20T20:26:58.857Z</time>
			</trkpt>
			<trkpt lat="45.49471" lon="2.87011">
				<ele>1203.25</ele>
				<time>2026-05-20T20:27:00.721Z</time>
			</trkpt>
			<trkpt lat="45.49493" lon="2.87115">
				<ele>1210.38</ele>
				<time>2026-05-20T20:27:05.181Z</time>
			</trkpt>
			<trkpt lat="45.49528" lon="2.87325">
				<ele>1196.8</ele>
				<time>2026-05-20T20:27:14.066Z</time>
			</trkpt>
			<trkpt lat="45.49541" lon="2.87383">
				<ele>1194.5</ele>
				<time>2026-05-20T20:27:16.578Z</time>
			</trkpt>
			<trkpt lat="45.4955" lon="2.87405">
				<ele>1193.48</ele>
				<time>2026-05-20T20:27:17.630Z</time>
			</trkpt>
			<trkpt lat="45.49563" lon="2.8743">
				<ele>1192.07</ele>
				<time>2026-05-20T20:27:18.915Z</time>
			</trkpt>
			<trkpt lat="45.49578" lon="2.87451">
				<ele>1191.16</ele>
				<time>2026-05-20T20:27:20.154Z</time>
			</trkpt>
			<trkpt lat="45.49685" lon="2.87565">
				<ele>1190.7</ele>
				<time>2026-05-20T20:27:28.043Z</time>
			</trkpt>
			<trkpt lat="45.49715" lon="2.87586">
				<ele>1188.15</ele>
				<time>2026-05-20T20:27:30.022Z</time>
			</trkpt>
			<trkpt lat="45.49806" lon="2.87623">
				<ele>1184.56</ele>
				<time>2026-05-20T20:27:35.635Z</time>
			</trkpt>
			<trkpt lat="45.49833" lon="2.87643">
				<ele>1184</ele>
				<time>2026-05-20T20:27:37.443Z</time>
			</trkpt>
			<trkpt lat="45.49853" lon="2.87669">
				<ele>1184.02</ele>
				<time>2026-05-20T20:27:39.053Z</time>
			</trkpt>
			<trkpt lat="45.49866" lon="2.87688">
				<ele>1183.64</ele>
				<time>2026-05-20T20:27:40.160Z</time>
			</trkpt>
			<trkpt lat="45.49881" lon="2.87726">
				<ele>1184.34</ele>
				<time>2026-05-20T20:27:41.981Z</time>
			</trkpt>
			<trkpt lat="45.49887" lon="2.87749">
				<ele>1184.18</ele>
				<time>2026-05-20T20:27:43.007Z</time>
			</trkpt>
			<trkpt lat="45.499" lon="2.87836">
				<ele>1180.95</ele>
				<time>2026-05-20T20:27:46.729Z</time>
			</trkpt>
			<trkpt lat="45.49914" lon="2.87898">
				<ele>1178.14</ele>
				<time>2026-05-20T20:27:49.459Z</time>
			</trkpt>
			<trkpt lat="45.50089" lon="2.88474">
				<ele>1168.61</ele>
				<time>2026-05-20T20:28:16.010Z</time>
			</trkpt>
			<trkpt lat="45.50184" lon="2.88796">
				<ele>1164.81</ele>
				<time>2026-05-20T20:28:30.992Z</time>
			</trkpt>
			<trkpt lat="45.50197" lon="2.88845">
				<ele>1164.09</ele>
				<time>2026-05-20T20:28:33.253Z</time>
			</trkpt>
			<trkpt lat="45.50217" lon="2.88938">
				<ele>1158.45</ele>
				<time>2026-05-20T20:28:37.462Z</time>
			</trkpt>
			<trkpt lat="45.5023" lon="2.88983">
				<ele>1159.2</ele>
				<time>2026-05-20T20:28:39.572Z</time>
			</trkpt>
			<trkpt lat="45.50271" lon="2.89094">
				<ele>1161.99</ele>
				<time>2026-05-20T20:28:45.029Z</time>
			</trkpt>
			<trkpt lat="45.50287" lon="2.89145">
				<ele>1161.09</ele>
				<time>2026-05-20T20:28:47.467Z</time>
			</trkpt>
			<trkpt lat="45.50287" lon="2.89153">
				<ele>1161.62</ele>
				<time>2026-05-20T20:28:47.816Z</time>
			</trkpt>
			<trkpt lat="45.50291" lon="2.89165">
				<ele>1161.86</ele>
				<time>2026-05-20T20:28:48.397Z</time>
			</trkpt>
			<trkpt lat="45.503" lon="2.89173">
				<ele>1161.77</ele>
				<time>2026-05-20T20:28:49.058Z</time>
			</trkpt>
			<trkpt lat="45.50339" lon="2.89245">
				<ele>1161.83</ele>
				<time>2026-05-20T20:28:53.044Z</time>
			</trkpt>
			<trkpt lat="45.50365" lon="2.89312">
				<ele>1165.01</ele>
				<time>2026-05-20T20:28:56.408Z</time>
			</trkpt>
			<trkpt lat="45.50416" lon="2.8947">
				<ele>1163.16</ele>
				<time>2026-05-20T20:29:04.085Z</time>
			</trkpt>
			<trkpt lat="45.50426" lon="2.89512">
				<ele>1161.96</ele>
				<time>2026-05-20T20:29:06.051Z</time>
			</trkpt>
			<trkpt lat="45.50433" lon="2.8955">
				<ele>1161.9</ele>
				<time>2026-05-20T20:29:07.794Z</time>
			</trkpt>
			<trkpt lat="45.50439" lon="2.8965">
				<ele>1157.51</ele>
				<time>2026-05-20T20:29:12.256Z</time>
			</trkpt>
			<trkpt lat="45.50438" lon="2.89686">
				<ele>1159.39</ele>
				<time>2026-05-20T20:29:13.860Z</time>
			</trkpt>
			<trkpt lat="45.50431" lon="2.89751">
				<ele>1158.19</ele>
				<time>2026-05-20T20:29:16.795Z</time>
			</trkpt>
			<trkpt lat="45.50422" lon="2.89807">
				<ele>1153.98</ele>
				<time>2026-05-20T20:29:19.374Z</time>
			</trkpt>
			<trkpt lat="45.50383" lon="2.89982">
				<ele>1166.21</ele>
				<time>2026-05-20T20:29:27.768Z</time>
			</trkpt>
			<trkpt lat="45.50378" lon="2.90017">
				<ele>1170.12</ele>
				<time>2026-05-20T20:29:29.439Z</time>
			</trkpt>
			<trkpt lat="45.50377" lon="2.90053">
				<ele>1173.27</ele>
				<time>2026-05-20T20:29:31.139Z</time>
			</trkpt>
			<trkpt lat="45.50379" lon="2.90082">
				<ele>1173.64</ele>
				<time>2026-05-20T20:29:32.526Z</time>
			</trkpt>
			<trkpt lat="45.50385" lon="2.90134">
				<ele>1173.6</ele>
				<time>2026-05-20T20:29:35.066Z</time>
			</trkpt>
			<trkpt lat="45.50442" lon="2.9042">
				<ele>1180.39</ele>
				<time>2026-05-20T20:29:49.902Z</time>
			</trkpt>
			<trkpt lat="45.50452" lon="2.90479">
				<ele>1184.94</ele>
				<time>2026-05-20T20:29:52.942Z</time>
			</trkpt>
			<trkpt lat="45.50458" lon="2.90652">
				<ele>1191.98</ele>
				<time>2026-05-20T20:30:01.619Z</time>
			</trkpt>
			<trkpt lat="45.50472" lon="2.90879">
				<ele>1192.64</ele>
				<time>2026-05-20T20:30:13.071Z</time>
			</trkpt>
			<trkpt lat="45.50471" lon="2.91011">
				<ele>1193.41</ele>
				<time>2026-05-20T20:30:19.743Z</time>
			</trkpt>
			<trkpt lat="45.50482" lon="2.91231">
				<ele>1182.9</ele>
				<time>2026-05-20T20:30:30.985Z</time>
			</trkpt>
			<trkpt lat="45.50488" lon="2.91311">
				<ele>1177.8</ele>
				<time>2026-05-20T20:30:35.124Z</time>
			</trkpt>
			<trkpt lat="45.50497" lon="2.91347">
				<ele>1174.31</ele>
				<time>2026-05-20T20:30:37.098Z</time>
			</trkpt>
			<trkpt lat="45.50565" lon="2.9149">
				<ele>1160.34</ele>
				<time>2026-05-20T20:30:46.095Z</time>
			</trkpt>
			<trkpt lat="45.5059" lon="2.91556">
				<ele>1155.45</ele>
				<time>2026-05-20T20:30:50.043Z</time>
			</trkpt>
			<trkpt lat="45.50602" lon="2.91593">
				<ele>1153.42</ele>
				<time>2026-05-20T20:30:52.200Z</time>
			</trkpt>
			<trkpt lat="45.50609" lon="2.91631">
				<ele>1149.85</ele>
				<time>2026-05-20T20:30:54.286Z</time>
			</trkpt>
			<trkpt lat="45.50616" lon="2.91687">
				<ele>1146.64</ele>
				<time>2026-05-20T20:30:57.321Z</time>
			</trkpt>
			<trkpt lat="45.50622" lon="2.91715">
				<ele>1146.32</ele>
				<time>2026-05-20T20:30:58.890Z</time>
			</trkpt>
			<trkpt lat="45.50629" lon="2.91739">
				<ele>1145.7</ele>
				<time>2026-05-20T20:31:00.287Z</time>
			</trkpt>
			<trkpt lat="45.50654" lon="2.91792">
				<ele>1145.23</ele>
				<time>2026-05-20T20:31:03.737Z</time>
			</trkpt>
			<trkpt lat="45.5067" lon="2.9182">
				<ele>1145.3</ele>
				<time>2026-05-20T20:31:05.699Z</time>
			</trkpt>
			<trkpt lat="45.50686" lon="2.91855">
				<ele>1143.69</ele>
				<time>2026-05-20T20:31:07.978Z</time>
			</trkpt>
			<trkpt lat="45.50721" lon="2.91976">
				<ele>1136.44</ele>
				<time>2026-05-20T20:31:15.192Z</time>
			</trkpt>
			<trkpt lat="45.5075" lon="2.92083">
				<ele>1133.17</ele>
				<time>2026-05-20T20:31:21.612Z</time>
			</trkpt>
			<trkpt lat="45.50759" lon="2.92127">
				<ele>1128.98</ele>
				<time>2026-05-20T20:31:24.204Z</time>
			</trkpt>
			<trkpt lat="45.5076" lon="2.92152">
				<ele>1124.59</ele>
				<time>2026-05-20T20:31:25.626Z</time>
			</trkpt>
			<trkpt lat="45.50757" lon="2.92243">
				<ele>1114.05</ele>
				<time>2026-05-20T20:31:30.844Z</time>
			</trkpt>
			<trkpt lat="45.50763" lon="2.92288">
				<ele>1111.08</ele>
				<time>2026-05-20T20:31:33.493Z</time>
			</trkpt>
			<trkpt lat="45.5078" lon="2.92421">
				<ele>1098.82</ele>
				<time>2026-05-20T20:31:41.416Z</time>
			</trkpt>
			<trkpt lat="45.508" lon="2.92499">
				<ele>1091.54</ele>
				<time>2026-05-20T20:31:46.363Z</time>
			</trkpt>
			<trkpt lat="45.50808" lon="2.92519">
				<ele>1090.61</ele>
				<time>2026-05-20T20:31:47.746Z</time>
			</trkpt>
			<trkpt lat="45.50815" lon="2.92534">
				<ele>1089.44</ele>
				<time>2026-05-20T20:31:48.832Z</time>
			</trkpt>
			<trkpt lat="45.5089" lon="2.92617">
				<ele>1081.61</ele>
				<time>2026-05-20T20:31:57.093Z</time>
			</trkpt>
			<trkpt lat="45.50904" lon="2.92636">
				<ele>1080.79</ele>
				<time>2026-05-20T20:31:58.797Z</time>
			</trkpt>
			<trkpt lat="45.50915" lon="2.92654">
				<ele>1079.24</ele>
				<time>2026-05-20T20:32:00.280Z</time>
			</trkpt>
			<trkpt lat="45.50933" lon="2.92692">
				<ele>1078.92</ele>
				<time>2026-05-20T20:32:03.143Z</time>
			</trkpt>
			<trkpt lat="45.50953" lon="2.92742">
				<ele>1077.16</ele>
				<time>2026-05-20T20:32:06.769Z</time>
			</trkpt>
			<trkpt lat="45.5097" lon="2.92805">
				<ele>1071.75</ele>
				<time>2026-05-20T20:32:11.067Z</time>
			</trkpt>
			<trkpt lat="45.50996" lon="2.9291">
				<ele>1061.46</ele>
				<time>2026-05-20T20:32:18.267Z</time>
			</trkpt>
			<trkpt lat="45.51006" lon="2.92933">
				<ele>1059.93</ele>
				<time>2026-05-20T20:32:20.038Z</time>
			</trkpt>
			<trkpt lat="45.5105" lon="2.93007">
				<ele>1058.28</ele>
				<time>2026-05-20T20:32:26.461Z</time>
			</trkpt>
			<trkpt lat="45.51065" lon="2.9303">
				<ele>1057.78</ele>
				<time>2026-05-20T20:32:28.564Z</time>
			</trkpt>
			<trkpt lat="45.51074" lon="2.93053">
				<ele>1055.87</ele>
				<time>2026-05-20T20:32:30.337Z</time>
			</trkpt>
			<trkpt lat="45.51076" lon="2.93064">
				<ele>1054.84</ele>
				<time>2026-05-20T20:32:31.105Z</time>
			</trkpt>
			<trkpt lat="45.51075" lon="2.93077">
				<ele>1053.57</ele>
				<time>2026-05-20T20:32:31.990Z</time>
			</trkpt>
			<trkpt lat="45.51063" lon="2.93113">
				<ele>1050.9</ele>
				<time>2026-05-20T20:32:34.702Z</time>
			</trkpt>
			<trkpt lat="45.51052" lon="2.93134">
				<ele>1050.16</ele>
				<time>2026-05-20T20:32:36.496Z</time>
			</trkpt>
			<trkpt lat="45.51039" lon="2.93156">
				<ele>1049.46</ele>
				<time>2026-05-20T20:32:38.476Z</time>
			</trkpt>
			<trkpt lat="45.51032" lon="2.93162">
				<ele>1049.7</ele>
				<time>2026-05-20T20:32:39.281Z</time>
			</trkpt>
			<trkpt lat="45.51024" lon="2.93167">
				<ele>1049.78</ele>
				<time>2026-05-20T20:32:40.143Z</time>
			</trkpt>
			<trkpt lat="45.51022" lon="2.93175">
				<ele>1049.62</ele>
				<time>2026-05-20T20:32:40.732Z</time>
			</trkpt>
			<trkpt lat="45.51023" lon="2.93183">
				<ele>1049.71</ele>
				<time>2026-05-20T20:32:41.297Z</time>
			</trkpt>
			<trkpt lat="45.51009" lon="2.93228">
				<ele>1049.04</ele>
				<time>2026-05-20T20:32:44.735Z</time>
			</trkpt>
			<trkpt lat="45.50994" lon="2.93264">
				<ele>1046.64</ele>
				<time>2026-05-20T20:32:47.685Z</time>
			</trkpt>
			<trkpt lat="45.50988" lon="2.93286">
				<ele>1045.09</ele>
				<time>2026-05-20T20:32:49.358Z</time>
			</trkpt>
			<trkpt lat="45.50969" lon="2.93425">
				<ele>1040.74</ele>
				<time>2026-05-20T20:32:59.558Z</time>
			</trkpt>
			<trkpt lat="45.5096" lon="2.93429">
				<ele>1040.91</ele>
				<time>2026-05-20T20:33:00.541Z</time>
			</trkpt>
			<trkpt lat="45.50957" lon="2.93436">
				<ele>1041.01</ele>
				<time>2026-05-20T20:33:01.142Z</time>
			</trkpt>
			<trkpt lat="45.50957" lon="2.9344">
				<ele>1041.03</ele>
				<time>2026-05-20T20:33:01.436Z</time>
			</trkpt>
			<trkpt lat="45.50961" lon="2.93451">
				<ele>1040.62</ele>
				<time>2026-05-20T20:33:02.346Z</time>
			</trkpt>
			<trkpt lat="45.50966" lon="2.93454">
				<ele>1040.1</ele>
				<time>2026-05-20T20:33:02.916Z</time>
			</trkpt>
			<trkpt lat="45.50963" lon="2.93497">
				<ele>1038.48</ele>
				<time>2026-05-20T20:33:06.113Z</time>
			</trkpt>
			<trkpt lat="45.50964" lon="2.93557">
				<ele>1034.36</ele>
				<time>2026-05-20T20:33:10.598Z</time>
			</trkpt>
			<trkpt lat="45.50973" lon="2.93617">
				<ele>1033.87</ele>
				<time>2026-05-20T20:33:15.240Z</time>
			</trkpt>
			<trkpt lat="45.50989" lon="2.93672">
				<ele>1030.75</ele>
				<time>2026-05-20T20:33:20.038Z</time>
			</trkpt>
			<trkpt lat="45.50999" lon="2.93699">
				<ele>1030.18</ele>
				<time>2026-05-20T20:33:22.736Z</time>
			</trkpt>
			<trkpt lat="45.51015" lon="2.9373">
				<ele>1030.6</ele>
				<time>2026-05-20T20:33:26.302Z</time>
			</trkpt>
			<trkpt lat="45.51033" lon="2.93758">
				<ele>1030.17</ele>
				<time>2026-05-20T20:33:29.942Z</time>
			</trkpt>
			<trkpt lat="45.51063" lon="2.93796">
				<ele>1025.54</ele>
				<time>2026-05-20T20:33:35.510Z</time>
			</trkpt>
			<trkpt lat="45.51082" lon="2.93813">
				<ele>1021.22</ele>
				<time>2026-05-20T20:33:38.597Z</time>
			</trkpt>
			<trkpt lat="45.51119" lon="2.93837">
				<ele>1016.4</ele>
				<time>2026-05-20T20:33:44.014Z</time>
			</trkpt>
			<trkpt lat="45.51247" lon="2.93889">
				<ele>1008.1</ele>
				<time>2026-05-20T20:34:01.515Z</time>
			</trkpt>
			<trkpt lat="45.51258" lon="2.93895">
				<ele>1007.25</ele>
				<time>2026-05-20T20:34:03.064Z</time>
			</trkpt>
			<trkpt lat="45.51258" lon="2.93903">
				<ele>1007.51</ele>
				<time>2026-05-20T20:34:03.801Z</time>
			</trkpt>
			<trkpt lat="45.5126" lon="2.93911">
				<ele>1007.3</ele>
				<time>2026-05-20T20:34:04.584Z</time>
			</trkpt>
			<trkpt lat="45.51263" lon="2.93913">
				<ele>1007</ele>
				<time>2026-05-20T20:34:05.019Z</time>
			</trkpt>
			<trkpt lat="45.51269" lon="2.93915">
				<ele>1006.12</ele>
				<time>2026-05-20T20:34:05.829Z</time>
			</trkpt>
			<trkpt lat="45.51274" lon="2.93912">
				<ele>1005.44</ele>
				<time>2026-05-20T20:34:06.543Z</time>
			</trkpt>
			<trkpt lat="45.51278" lon="2.93902">
				<ele>1004.92</ele>
				<time>2026-05-20T20:34:07.604Z</time>
			</trkpt>
			<trkpt lat="45.5129" lon="2.93904">
				<ele>1003.57</ele>
				<time>2026-05-20T20:34:09.193Z</time>
			</trkpt>
			<trkpt lat="45.51402" lon="2.93947">
				<ele>996.51</ele>
				<time>2026-05-20T20:34:24.446Z</time>
			</trkpt>
			<trkpt lat="45.51455" lon="2.93975">
				<ele>992.7</ele>
				<time>2026-05-20T20:34:31.878Z</time>
			</trkpt>
			<trkpt lat="45.51482" lon="2.93994">
				<ele>992.44</ele>
				<time>2026-05-20T20:34:35.837Z</time>
			</trkpt>
			<trkpt lat="45.51522" lon="2.93918">
				<ele>987.34</ele>
				<time>2026-05-20T20:34:44.597Z</time>
			</trkpt>
			<trkpt lat="45.51527" lon="2.93911">
				<ele>985.65</ele>
				<time>2026-05-20T20:34:45.518Z</time>
			</trkpt>
			<trkpt lat="45.51536" lon="2.93904">
				<ele>983.61</ele>
				<time>2026-05-20T20:34:46.866Z</time>
			</trkpt>
			<trkpt lat="45.51543" lon="2.93904">
				<ele>982.61</ele>
				<time>2026-05-20T20:34:47.786Z</time>
			</trkpt>
			<trkpt lat="45.51547" lon="2.93901">
				<ele>981.76</ele>
				<time>2026-05-20T20:34:48.381Z</time>
			</trkpt>
			<trkpt lat="45.51549" lon="2.93896">
				<ele>981.19</ele>
				<time>2026-05-20T20:34:48.911Z</time>
			</trkpt>
			<trkpt lat="45.51549" lon="2.93888">
				<ele>980.78</ele>
				<time>2026-05-20T20:34:49.648Z</time>
			</trkpt>
			<trkpt lat="45.51559" lon="2.93875">
				<ele>979.43</ele>
				<time>2026-05-20T20:34:51.439Z</time>
			</trkpt>
			<trkpt lat="45.51573" lon="2.93868">
				<ele>979.09</ele>
				<time>2026-05-20T20:34:53.429Z</time>
			</trkpt>
			<trkpt lat="45.51587" lon="2.93865">
				<ele>979.74</ele>
				<time>2026-05-20T20:34:55.350Z</time>
			</trkpt>
			<trkpt lat="45.51603" lon="2.93865">
				<ele>982.37</ele>
				<time>2026-05-20T20:34:57.537Z</time>
			</trkpt>
			<trkpt lat="45.51622" lon="2.93873">
				<ele>984.92</ele>
				<time>2026-05-20T20:35:00.262Z</time>
			</trkpt>
			<trkpt lat="45.51637" lon="2.93882">
				<ele>986.46</ele>
				<time>2026-05-20T20:35:02.503Z</time>
			</trkpt>
			<trkpt lat="45.51763" lon="2.93955">
				<ele>988.45</ele>
				<time>2026-05-20T20:35:20.288Z</time>
			</trkpt>
			<trkpt lat="45.51783" lon="2.93962">
				<ele>989.58</ele>
				<time>2026-05-20T20:35:22.666Z</time>
			</trkpt>
			<trkpt lat="45.51802" lon="2.93966">
				<ele>991.31</ele>
				<time>2026-05-20T20:35:24.804Z</time>
			</trkpt>
			<trkpt lat="45.51822" lon="2.93966">
				<ele>993.48</ele>
				<time>2026-05-20T20:35:26.949Z</time>
			</trkpt>
			<trkpt lat="45.51924" lon="2.93953">
				<ele>993.98</ele>
				<time>2026-05-20T20:35:36.102Z</time>
			</trkpt>
			<trkpt lat="45.51951" lon="2.9396">
				<ele>992.58</ele>
				<time>2026-05-20T20:35:38.357Z</time>
			</trkpt>
			<trkpt lat="45.51962" lon="2.93967">
				<ele>994.24</ele>
				<time>2026-05-20T20:35:39.336Z</time>
			</trkpt>
			<trkpt lat="45.51972" lon="2.93975">
				<ele>995.69</ele>
				<time>2026-05-20T20:35:40.261Z</time>
			</trkpt>
			<trkpt lat="45.51992" lon="2.94001">
				<ele>999.83</ele>
				<time>2026-05-20T20:35:42.421Z</time>
			</trkpt>
			<trkpt lat="45.52091" lon="2.94155">
				<ele>992.91</ele>
				<time>2026-05-20T20:35:53.574Z</time>
			</trkpt>
			<trkpt lat="45.52111" lon="2.94191">
				<ele>996.42</ele>
				<time>2026-05-20T20:35:55.914Z</time>
			</trkpt>
			<trkpt lat="45.52148" lon="2.94268">
				<ele>994.34</ele>
				<time>2026-05-20T20:36:00.557Z</time>
			</trkpt>
			<trkpt lat="45.52194" lon="2.94344">
				<ele>988.8</ele>
				<time>2026-05-20T20:36:05.397Z</time>
			</trkpt>
			<trkpt lat="45.52225" lon="2.94382">
				<ele>992.37</ele>
				<time>2026-05-20T20:36:08.141Z</time>
			</trkpt>
			<trkpt lat="45.52244" lon="2.94403">
				<ele>992.34</ele>
				<time>2026-05-20T20:36:09.734Z</time>
			</trkpt>
			<trkpt lat="45.52356" lon="2.94503">
				<ele>992.09</ele>
				<time>2026-05-20T20:36:18.242Z</time>
			</trkpt>
			<trkpt lat="45.52394" lon="2.94545">
				<ele>996.63</ele>
				<time>2026-05-20T20:36:21.248Z</time>
			</trkpt>
			<trkpt lat="45.52413" lon="2.94571">
				<ele>997.75</ele>
				<time>2026-05-20T20:36:22.877Z</time>
			</trkpt>
			<trkpt lat="45.52438" lon="2.94613">
				<ele>995.89</ele>
				<time>2026-05-20T20:36:25.248Z</time>
			</trkpt>
			<trkpt lat="45.52532" lon="2.94799">
				<ele>995.76</ele>
				<time>2026-05-20T20:36:34.926Z</time>
			</trkpt>
			<trkpt lat="45.5255" lon="2.9483">
				<ele>995.1</ele>
				<time>2026-05-20T20:36:36.603Z</time>
			</trkpt>
			<trkpt lat="45.52574" lon="2.94856">
				<ele>993.88</ele>
				<time>2026-05-20T20:36:38.391Z</time>
			</trkpt>
			<trkpt lat="45.52599" lon="2.94871">
				<ele>993.45</ele>
				<time>2026-05-20T20:36:39.998Z</time>
			</trkpt>
			<trkpt lat="45.52624" lon="2.94875">
				<ele>993.97</ele>
				<time>2026-05-20T20:36:41.488Z</time>
			</trkpt>
			<trkpt lat="45.52635" lon="2.94874">
				<ele>994.4</ele>
				<time>2026-05-20T20:36:42.140Z</time>
			</trkpt>
			<trkpt lat="45.52665" lon="2.94866">
				<ele>996.73</ele>
				<time>2026-05-20T20:36:43.947Z</time>
			</trkpt>
			<trkpt lat="45.52851" lon="2.94783">
				<ele>1011.52</ele>
				<time>2026-05-20T20:36:55.579Z</time>
			</trkpt>
			<trkpt lat="45.52856" lon="2.94797">
				<ele>1011.25</ele>
				<time>2026-05-20T20:36:56.246Z</time>
			</trkpt>
			<trkpt lat="45.52867" lon="2.9481">
				<ele>1010.75</ele>
				<time>2026-05-20T20:36:57.112Z</time>
			</trkpt>
			<trkpt lat="45.52884" lon="2.94824">
				<ele>1010.17</ele>
				<time>2026-05-20T20:36:58.307Z</time>
			</trkpt>
			<trkpt lat="45.53014" lon="2.94984">
				<ele>1006.85</ele>
				<time>2026-05-20T20:37:09.017Z</time>
			</trkpt>
			<trkpt lat="45.53033" lon="2.95001">
				<ele>1006.67</ele>
				<time>2026-05-20T20:37:10.458Z</time>
			</trkpt>
			<trkpt lat="45.53063" lon="2.95016">
				<ele>1005.94</ele>
				<time>2026-05-20T20:37:12.521Z</time>
			</trkpt>
			<trkpt lat="45.53313" lon="2.9511">
				<ele>994.01</ele>
				<time>2026-05-20T20:37:29.900Z</time>
			</trkpt>
			<trkpt lat="45.53351" lon="2.95121">
				<ele>993</ele>
				<time>2026-05-20T20:37:32.525Z</time>
			</trkpt>
			<trkpt lat="45.53382" lon="2.9514">
				<ele>991.65</ele>
				<time>2026-05-20T20:37:34.810Z</time>
			</trkpt>
			<trkpt lat="45.53399" lon="2.9516">
				<ele>991.53</ele>
				<time>2026-05-20T20:37:36.303Z</time>
			</trkpt>
			<trkpt lat="45.53429" lon="2.95235">
				<ele>988.72</ele>
				<time>2026-05-20T20:37:40.403Z</time>
			</trkpt>
			<trkpt lat="45.5346" lon="2.95276">
				<ele>986.82</ele>
				<time>2026-05-20T20:37:43.269Z</time>
			</trkpt>
			<trkpt lat="45.53497" lon="2.95299">
				<ele>986.89</ele>
				<time>2026-05-20T20:37:46.007Z</time>
			</trkpt>
			<trkpt lat="45.53524" lon="2.95309">
				<ele>988.8</ele>
				<time>2026-05-20T20:37:47.901Z</time>
			</trkpt>
			<trkpt lat="45.53542" lon="2.95325">
				<ele>988.65</ele>
				<time>2026-05-20T20:37:49.340Z</time>
			</trkpt>
			<trkpt lat="45.53578" lon="2.95453">
				<ele>981.27</ele>
				<time>2026-05-20T20:37:55.905Z</time>
			</trkpt>
			<trkpt lat="45.53587" lon="2.9551">
				<ele>983.11</ele>
				<time>2026-05-20T20:37:58.689Z</time>
			</trkpt>
			<trkpt lat="45.53588" lon="2.9562">
				<ele>978.64</ele>
				<time>2026-05-20T20:38:03.934Z</time>
			</trkpt>
			<trkpt lat="45.53602" lon="2.95723">
				<ele>976.78</ele>
				<time>2026-05-20T20:38:08.942Z</time>
			</trkpt>
			<trkpt lat="45.53599" lon="2.95856">
				<ele>971.91</ele>
				<time>2026-05-20T20:38:15.301Z</time>
			</trkpt>
			<trkpt lat="45.5357" lon="2.96269">
				<ele>957.45</ele>
				<time>2026-05-20T20:38:35.200Z</time>
			</trkpt>
			<trkpt lat="45.53572" lon="2.96308">
				<ele>957.08</ele>
				<time>2026-05-20T20:38:37.081Z</time>
			</trkpt>
			<trkpt lat="45.53576" lon="2.96346">
				<ele>955.67</ele>
				<time>2026-05-20T20:38:38.929Z</time>
			</trkpt>
			<trkpt lat="45.53581" lon="2.96374">
				<ele>954.71</ele>
				<time>2026-05-20T20:38:40.320Z</time>
			</trkpt>
			<trkpt lat="45.53654" lon="2.96694">
				<ele>934.94</ele>
				<time>2026-05-20T20:38:56.559Z</time>
			</trkpt>
			<trkpt lat="45.53672" lon="2.96734">
				<ele>933</ele>
				<time>2026-05-20T20:38:58.860Z</time>
			</trkpt>
			<trkpt lat="45.53759" lon="2.96897">
				<ele>921.85</ele>
				<time>2026-05-20T20:39:08.796Z</time>
			</trkpt>
			<trkpt lat="45.53769" lon="2.96913">
				<ele>919.97</ele>
				<time>2026-05-20T20:39:09.838Z</time>
			</trkpt>
			<trkpt lat="45.5378" lon="2.96925">
				<ele>919.05</ele>
				<time>2026-05-20T20:39:10.798Z</time>
			</trkpt>
			<trkpt lat="45.53819" lon="2.96953">
				<ele>917.7</ele>
				<time>2026-05-20T20:39:13.829Z</time>
			</trkpt>
			<trkpt lat="45.53835" lon="2.96954">
				<ele>918.1</ele>
				<time>2026-05-20T20:39:14.941Z</time>
			</trkpt>
			<trkpt lat="45.53846" lon="2.96949">
				<ele>917.35</ele>
				<time>2026-05-20T20:39:15.744Z</time>
			</trkpt>
			<trkpt lat="45.53885" lon="2.96919">
				<ele>914.4</ele>
				<time>2026-05-20T20:39:18.824Z</time>
			</trkpt>
			<trkpt lat="45.53898" lon="2.96911">
				<ele>914.83</ele>
				<time>2026-05-20T20:39:19.810Z</time>
			</trkpt>
			<trkpt lat="45.53909" lon="2.9691">
				<ele>915.23</ele>
				<time>2026-05-20T20:39:20.577Z</time>
			</trkpt>
			<trkpt lat="45.53926" lon="2.96915">
				<ele>915.09</ele>
				<time>2026-05-20T20:39:21.786Z</time>
			</trkpt>
			<trkpt lat="45.53989" lon="2.96962">
				<ele>910.89</ele>
				<time>2026-05-20T20:39:26.741Z</time>
			</trkpt>
			<trkpt lat="45.5402" lon="2.9699">
				<ele>909.67</ele>
				<time>2026-05-20T20:39:29.302Z</time>
			</trkpt>
			<trkpt lat="45.54033" lon="2.97006">
				<ele>908.78</ele>
				<time>2026-05-20T20:39:30.501Z</time>
			</trkpt>
			<trkpt lat="45.54046" lon="2.97032">
				<ele>907.54</ele>
				<time>2026-05-20T20:39:32.065Z</time>
			</trkpt>
			<trkpt lat="45.54074" lon="2.97106">
				<ele>902.8</ele>
				<time>2026-05-20T20:39:36.188Z</time>
			</trkpt>
			<trkpt lat="45.54088" lon="2.97165">
				<ele>896.01</ele>
				<time>2026-05-20T20:39:39.245Z</time>
			</trkpt>
			<trkpt lat="45.54106" lon="2.97204">
				<ele>893.53</ele>
				<time>2026-05-20T20:39:41.540Z</time>
			</trkpt>
			<trkpt lat="45.54152" lon="2.97294">
				<ele>890.24</ele>
				<time>2026-05-20T20:39:47.023Z</time>
			</trkpt>
			<trkpt lat="45.54204" lon="2.9742">
				<ele>884.43</ele>
				<time>2026-05-20T20:39:54.238Z</time>
			</trkpt>
			<trkpt lat="45.54214" lon="2.9744">
				<ele>881.53</ele>
				<time>2026-05-20T20:39:55.452Z</time>
			</trkpt>
			<trkpt lat="45.54221" lon="2.97447">
				<ele>880.38</ele>
				<time>2026-05-20T20:39:56.055Z</time>
			</trkpt>
			<trkpt lat="45.54234" lon="2.97451">
				<ele>878.77</ele>
				<time>2026-05-20T20:39:56.995Z</time>
			</trkpt>
			<trkpt lat="45.54246" lon="2.97448">
				<ele>878.48</ele>
				<time>2026-05-20T20:39:57.855Z</time>
			</trkpt>
			<trkpt lat="45.54257" lon="2.97437">
				<ele>878.04</ele>
				<time>2026-05-20T20:39:58.804Z</time>
			</trkpt>
			<trkpt lat="45.54275" lon="2.97412">
				<ele>879.51</ele>
				<time>2026-05-20T20:40:00.580Z</time>
			</trkpt>
			<trkpt lat="45.54283" lon="2.97404">
				<ele>880.15</ele>
				<time>2026-05-20T20:40:01.271Z</time>
			</trkpt>
			<trkpt lat="45.54295" lon="2.97397">
				<ele>880.39</ele>
				<time>2026-05-20T20:40:02.188Z</time>
			</trkpt>
			<trkpt lat="45.54307" lon="2.97393">
				<ele>880.19</ele>
				<time>2026-05-20T20:40:03.060Z</time>
			</trkpt>
			<trkpt lat="45.54324" lon="2.97393">
				<ele>879.25</ele>
				<time>2026-05-20T20:40:04.265Z</time>
			</trkpt>
			<trkpt lat="45.54376" lon="2.97423">
				<ele>874.57</ele>
				<time>2026-05-20T20:40:08.241Z</time>
			</trkpt>
			<trkpt lat="45.54477" lon="2.97442">
				<ele>867.1</ele>
				<time>2026-05-20T20:40:15.483Z</time>
			</trkpt>
			<trkpt lat="45.5451" lon="2.97442">
				<ele>862.54</ele>
				<time>2026-05-20T20:40:17.834Z</time>
			</trkpt>
			<trkpt lat="45.54531" lon="2.97422">
				<ele>862.28</ele>
				<time>2026-05-20T20:40:19.634Z</time>
			</trkpt>
			<trkpt lat="45.54547" lon="2.97387">
				<ele>864.66</ele>
				<time>2026-05-20T20:40:21.723Z</time>
			</trkpt>
			<trkpt lat="45.54559" lon="2.97321">
				<ele>867.68</ele>
				<time>2026-05-20T20:40:25.136Z</time>
			</trkpt>
			<trkpt lat="45.54572" lon="2.97282">
				<ele>857.47</ele>
				<time>2026-05-20T20:40:27.300Z</time>
			</trkpt>
			<trkpt lat="45.54578" lon="2.97259">
				<ele>854.72</ele>
				<time>2026-05-20T20:40:28.531Z</time>
			</trkpt>
			<trkpt lat="45.54578" lon="2.97233">
				<ele>853.87</ele>
				<time>2026-05-20T20:40:29.836Z</time>
			</trkpt>
			<trkpt lat="45.54574" lon="2.97206">
				<ele>852.93</ele>
				<time>2026-05-20T20:40:31.221Z</time>
			</trkpt>
			<trkpt lat="45.54557" lon="2.9714">
				<ele>850.33</ele>
				<time>2026-05-20T20:40:34.757Z</time>
			</trkpt>
			<trkpt lat="45.54553" lon="2.97111">
				<ele>853.15</ele>
				<time>2026-05-20T20:40:36.244Z</time>
			</trkpt>
			<trkpt lat="45.54558" lon="2.97058">
				<ele>846.49</ele>
				<time>2026-05-20T20:40:38.939Z</time>
			</trkpt>
			<trkpt lat="45.54559" lon="2.97029">
				<ele>851.3</ele>
				<time>2026-05-20T20:40:40.403Z</time>
			</trkpt>
			<trkpt lat="45.54573" lon="2.96961">
				<ele>850.74</ele>
				<time>2026-05-20T20:40:43.982Z</time>
			</trkpt>
			<trkpt lat="45.54581" lon="2.96956">
				<ele>849.75</ele>
				<time>2026-05-20T20:40:44.612Z</time>
			</trkpt>
			<trkpt lat="45.54594" lon="2.96951">
				<ele>848.1</ele>
				<time>2026-05-20T20:40:45.585Z</time>
			</trkpt>
			<trkpt lat="45.54608" lon="2.96959">
				<ele>847.53</ele>
				<time>2026-05-20T20:40:46.674Z</time>
			</trkpt>
			<trkpt lat="45.54622" lon="2.96984">
				<ele>848.38</ele>
				<time>2026-05-20T20:40:48.294Z</time>
			</trkpt>
			<trkpt lat="45.54671" lon="2.97176">
				<ele>845.82</ele>
				<time>2026-05-20T20:40:58.671Z</time>
			</trkpt>
			<trkpt lat="45.54683" lon="2.97205">
				<ele>843.58</ele>
				<time>2026-05-20T20:41:00.387Z</time>
			</trkpt>
			<trkpt lat="45.54689" lon="2.97206">
				<ele>845.55</ele>
				<time>2026-05-20T20:41:00.827Z</time>
			</trkpt>
			<trkpt lat="45.54723" lon="2.97249">
				<ele>847.46</ele>
				<time>2026-05-20T20:41:04.135Z</time>
			</trkpt>
			<trkpt lat="45.54796" lon="2.97318">
				<ele>851.7</ele>
				<time>2026-05-20T20:41:10.528Z</time>
			</trkpt>
			<trkpt lat="45.54809" lon="2.97337">
				<ele>851.94</ele>
				<time>2026-05-20T20:41:11.889Z</time>
			</trkpt>
			<trkpt lat="45.54836" lon="2.97391">
				<ele>853.01</ele>
				<time>2026-05-20T20:41:15.294Z</time>
			</trkpt>
			<trkpt lat="45.5485" lon="2.97426">
				<ele>857.7</ele>
				<time>2026-05-20T20:41:17.365Z</time>
			</trkpt>
			<trkpt lat="45.54863" lon="2.97483">
				<ele>857.08</ele>
				<time>2026-05-20T20:41:20.449Z</time>
			</trkpt>
			<trkpt lat="45.54867" lon="2.97597">
				<ele>858.55</ele>
				<time>2026-05-20T20:41:26.337Z</time>
			</trkpt>
			<trkpt lat="45.5487" lon="2.97614">
				<ele>860.6</ele>
				<time>2026-05-20T20:41:27.243Z</time>
			</trkpt>
			<trkpt lat="45.54885" lon="2.97681">
				<ele>866.49</ele>
				<time>2026-05-20T20:41:30.887Z</time>
			</trkpt>
			<trkpt lat="45.54887" lon="2.97695">
				<ele>865.84</ele>
				<time>2026-05-20T20:41:31.629Z</time>
			</trkpt>
			<trkpt lat="45.54888" lon="2.97725">
				<ele>865.08</ele>
				<time>2026-05-20T20:41:33.191Z</time>
			</trkpt>
			<trkpt lat="45.54895" lon="2.97792">
				<ele>867.04</ele>
				<time>2026-05-20T20:41:36.725Z</time>
			</trkpt>
			<trkpt lat="45.54895" lon="2.97814">
				<ele>867.71</ele>
				<time>2026-05-20T20:41:37.876Z</time>
			</trkpt>
			<trkpt lat="45.54891" lon="2.97862">
				<ele>867.72</ele>
				<time>2026-05-20T20:41:40.410Z</time>
			</trkpt>
			<trkpt lat="45.54885" lon="2.9789">
				<ele>867.57</ele>
				<time>2026-05-20T20:41:41.949Z</time>
			</trkpt>
			<trkpt lat="45.54844" lon="2.98031">
				<ele>869.38</ele>
				<time>2026-05-20T20:41:50.010Z</time>
			</trkpt>
			<trkpt lat="45.54834" lon="2.98055">
				<ele>871.44</ele>
				<time>2026-05-20T20:41:51.492Z</time>
			</trkpt>
			<trkpt lat="45.54786" lon="2.98117">
				<ele>869.24</ele>
				<time>2026-05-20T20:41:56.409Z</time>
			</trkpt>
			<trkpt lat="45.5478" lon="2.98131">
				<ele>869.52</ele>
				<time>2026-05-20T20:41:57.285Z</time>
			</trkpt>
			<trkpt lat="45.54774" lon="2.9815">
				<ele>869.65</ele>
				<time>2026-05-20T20:41:58.397Z</time>
			</trkpt>
			<trkpt lat="45.54772" lon="2.98228">
				<ele>869.48</ele>
				<time>2026-05-20T20:42:02.574Z</time>
			</trkpt>
			<trkpt lat="45.5476" lon="2.98294">
				<ele>866.59</ele>
				<time>2026-05-20T20:42:06.233Z</time>
			</trkpt>
			<trkpt lat="45.5475" lon="2.98371">
				<ele>859.32</ele>
				<time>2026-05-20T20:42:10.449Z</time>
			</trkpt>
			<trkpt lat="45.54751" lon="2.98386">
				<ele>858.66</ele>
				<time>2026-05-20T20:42:11.262Z</time>
			</trkpt>
			<trkpt lat="45.54753" lon="2.98397">
				<ele>858.94</ele>
				<time>2026-05-20T20:42:11.875Z</time>
			</trkpt>
			<trkpt lat="45.5476" lon="2.98405">
				<ele>860.49</ele>
				<time>2026-05-20T20:42:12.566Z</time>
			</trkpt>
			<trkpt lat="45.54767" lon="2.9841">
				<ele>862.49</ele>
				<time>2026-05-20T20:42:13.169Z</time>
			</trkpt>
			<trkpt lat="45.54835" lon="2.98433">
				<ele>868.47</ele>
				<time>2026-05-20T20:42:18.568Z</time>
			</trkpt>
			<trkpt lat="45.54857" lon="2.98442">
				<ele>868.07</ele>
				<time>2026-05-20T20:42:20.340Z</time>
			</trkpt>
			<trkpt lat="45.54874" lon="2.98457">
				<ele>867.16</ele>
				<time>2026-05-20T20:42:21.889Z</time>
			</trkpt>
			<trkpt lat="45.54888" lon="2.98474">
				<ele>867.47</ele>
				<time>2026-05-20T20:42:23.314Z</time>
			</trkpt>
			<trkpt lat="45.54899" lon="2.98491">
				<ele>866.7</ele>
				<time>2026-05-20T20:42:24.573Z</time>
			</trkpt>
			<trkpt lat="45.54933" lon="2.98554">
				<ele>868.36</ele>
				<time>2026-05-20T20:42:28.903Z</time>
			</trkpt>
			<trkpt lat="45.54984" lon="2.98709">
				<ele>858.91</ele>
				<time>2026-05-20T20:42:38.255Z</time>
			</trkpt>
			<trkpt lat="45.54996" lon="2.9873">
				<ele>857.06</ele>
				<time>2026-05-20T20:42:39.739Z</time>
			</trkpt>
			<trkpt lat="45.55028" lon="2.98764">
				<ele>852.45</ele>
				<time>2026-05-20T20:42:42.859Z</time>
			</trkpt>
			<trkpt lat="45.55052" lon="2.98803">
				<ele>850.79</ele>
				<time>2026-05-20T20:42:45.706Z</time>
			</trkpt>
			<trkpt lat="45.55074" lon="2.98826">
				<ele>852.92</ele>
				<time>2026-05-20T20:42:47.842Z</time>
			</trkpt>
			<trkpt lat="45.5508" lon="2.98837">
				<ele>853.2</ele>
				<time>2026-05-20T20:42:48.608Z</time>
			</trkpt>
			<trkpt lat="45.55099" lon="2.98877">
				<ele>850.35</ele>
				<time>2026-05-20T20:42:51.262Z</time>
			</trkpt>
			<trkpt lat="45.55113" lon="2.98899">
				<ele>849.01</ele>
				<time>2026-05-20T20:42:52.896Z</time>
			</trkpt>
			<trkpt lat="45.55134" lon="2.98922">
				<ele>848</ele>
				<time>2026-05-20T20:42:54.973Z</time>
			</trkpt>
			<trkpt lat="45.55169" lon="2.98947">
				<ele>848.79</ele>
				<time>2026-05-20T20:42:58.047Z</time>
			</trkpt>
			<trkpt lat="45.5518" lon="2.9896">
				<ele>848.13</ele>
				<time>2026-05-20T20:42:59.169Z</time>
			</trkpt>
			<trkpt lat="45.5519" lon="2.98982">
				<ele>846.48</ele>
				<time>2026-05-20T20:43:00.612Z</time>
			</trkpt>
			<trkpt lat="45.55215" lon="2.99049">
				<ele>843.9</ele>
				<time>2026-05-20T20:43:04.792Z</time>
			</trkpt>
			<trkpt lat="45.55243" lon="2.99134">
				<ele>837.22</ele>
				<time>2026-05-20T20:43:09.966Z</time>
			</trkpt>
			<trkpt lat="45.55253" lon="2.99146">
				<ele>836.93</ele>
				<time>2026-05-20T20:43:10.993Z</time>
			</trkpt>
			<trkpt lat="45.55275" lon="2.99164">
				<ele>838.78</ele>
				<time>2026-05-20T20:43:12.988Z</time>
			</trkpt>
			<trkpt lat="45.55379" lon="2.9923">
				<ele>843.96</ele>
				<time>2026-05-20T20:43:21.942Z</time>
			</trkpt>
			<trkpt lat="45.5541" lon="2.99253">
				<ele>844.61</ele>
				<time>2026-05-20T20:43:24.689Z</time>
			</trkpt>
			<trkpt lat="45.55433" lon="2.99273">
				<ele>844.69</ele>
				<time>2026-05-20T20:43:26.806Z</time>
			</trkpt>
			<trkpt lat="45.55459" lon="2.99299">
				<ele>847.13</ele>
				<time>2026-05-20T20:43:29.301Z</time>
			</trkpt>
			<trkpt lat="45.55485" lon="2.99332">
				<ele>848.5</ele>
				<time>2026-05-20T20:43:32.035Z</time>
			</trkpt>
			<trkpt lat="45.55554" lon="2.9944">
				<ele>841.61</ele>
				<time>2026-05-20T20:43:40.070Z</time>
			</trkpt>
			<trkpt lat="45.55571" lon="2.9946">
				<ele>839.67</ele>
				<time>2026-05-20T20:43:41.797Z</time>
			</trkpt>
			<trkpt lat="45.55608" lon="2.99484">
				<ele>835.85</ele>
				<time>2026-05-20T20:43:44.981Z</time>
			</trkpt>
			<trkpt lat="45.55682" lon="2.99511">
				<ele>831.07</ele>
				<time>2026-05-20T20:43:50.956Z</time>
			</trkpt>
			<trkpt lat="45.55682" lon="2.99585">
				<ele>827.88</ele>
				<time>2026-05-20T20:43:55.002Z</time>
			</trkpt>
			<trkpt lat="45.55785" lon="2.99552">
				<ele>825.07</ele>
				<time>2026-05-20T20:44:03.222Z</time>
			</trkpt>
			<trkpt lat="45.5582" lon="2.99516">
				<ele>820.95</ele>
				<time>2026-05-20T20:44:06.572Z</time>
			</trkpt>
			<trkpt lat="45.55837" lon="2.99494">
				<ele>819.65</ele>
				<time>2026-05-20T20:44:08.351Z</time>
			</trkpt>
			<trkpt lat="45.55885" lon="2.99309">
				<ele>810.47</ele>
				<time>2026-05-20T20:44:19.023Z</time>
			</trkpt>
			<trkpt lat="45.55927" lon="2.9919">
				<ele>802.96</ele>
				<time>2026-05-20T20:44:26.182Z</time>
			</trkpt>
			<trkpt lat="45.55963" lon="2.99036">
				<ele>793.51</ele>
				<time>2026-05-20T20:44:34.901Z</time>
			</trkpt>
			<trkpt lat="45.55979" lon="2.98962">
				<ele>788.22</ele>
				<time>2026-05-20T20:44:39.061Z</time>
			</trkpt>
			<trkpt lat="45.55989" lon="2.98942">
				<ele>786.75</ele>
				<time>2026-05-20T20:44:40.381Z</time>
			</trkpt>
			<trkpt lat="45.56076" lon="2.98877">
				<ele>786.13</ele>
				<time>2026-05-20T20:44:47.913Z</time>
			</trkpt>
			<trkpt lat="45.56118" lon="2.98827">
				<ele>785.37</ele>
				<time>2026-05-20T20:44:52.108Z</time>
			</trkpt>
			<trkpt lat="45.56127" lon="2.9881">
				<ele>784.03</ele>
				<time>2026-05-20T20:44:53.253Z</time>
			</trkpt>
			<trkpt lat="45.56131" lon="2.98792">
				<ele>783.4</ele>
				<time>2026-05-20T20:44:54.267Z</time>
			</trkpt>
			<trkpt lat="45.56127" lon="2.98704">
				<ele>783.09</ele>
				<time>2026-05-20T20:44:59.004Z</time>
			</trkpt>
			<trkpt lat="45.5613" lon="2.98653">
				<ele>779.34</ele>
				<time>2026-05-20T20:45:01.753Z</time>
			</trkpt>
			<trkpt lat="45.56143" lon="2.98593">
				<ele>778.66</ele>
				<time>2026-05-20T20:45:05.127Z</time>
			</trkpt>
			<trkpt lat="45.56152" lon="2.98567">
				<ele>779.75</ele>
				<time>2026-05-20T20:45:06.685Z</time>
			</trkpt>
			<trkpt lat="45.56168" lon="2.98542">
				<ele>781.18</ele>
				<time>2026-05-20T20:45:08.505Z</time>
			</trkpt>
			<trkpt lat="45.56188" lon="2.98524">
				<ele>781.58</ele>
				<time>2026-05-20T20:45:10.318Z</time>
			</trkpt>
			<trkpt lat="45.56243" lon="2.98605">
				<ele>765.02</ele>
				<time>2026-05-20T20:45:16.379Z</time>
			</trkpt>
			<trkpt lat="45.56255" lon="2.98618">
				<ele>763.59</ele>
				<time>2026-05-20T20:45:17.535Z</time>
			</trkpt>
			<trkpt lat="45.56301" lon="2.98651">
				<ele>758.62</ele>
				<time>2026-05-20T20:45:21.484Z</time>
			</trkpt>
			<trkpt lat="45.56321" lon="2.98659">
				<ele>755.57</ele>
				<time>2026-05-20T20:45:23.078Z</time>
			</trkpt>
			<trkpt lat="45.56335" lon="2.98658">
				<ele>753.7</ele>
				<time>2026-05-20T20:45:24.153Z</time>
			</trkpt>
			<trkpt lat="45.56351" lon="2.98643">
				<ele>751.99</ele>
				<time>2026-05-20T20:45:25.622Z</time>
			</trkpt>
			<trkpt lat="45.56368" lon="2.98606">
				<ele>749.05</ele>
				<time>2026-05-20T20:45:27.999Z</time>
			</trkpt>
			<trkpt lat="45.56397" lon="2.98532">
				<ele>743.36</ele>
				<time>2026-05-20T20:45:32.554Z</time>
			</trkpt>
			<trkpt lat="45.56421" lon="2.98509">
				<ele>740.85</ele>
				<time>2026-05-20T20:45:34.771Z</time>
			</trkpt>
			<trkpt lat="45.56515" lon="2.98464">
				<ele>729.91</ele>
				<time>2026-05-20T20:45:42.375Z</time>
			</trkpt>
			<trkpt lat="45.56527" lon="2.98452">
				<ele>728.36</ele>
				<time>2026-05-20T20:45:43.497Z</time>
			</trkpt>
			<trkpt lat="45.56542" lon="2.98427">
				<ele>726.17</ele>
				<time>2026-05-20T20:45:45.262Z</time>
			</trkpt>
			<trkpt lat="45.56588" lon="2.98334">
				<ele>728.92</ele>
				<time>2026-05-20T20:45:51.358Z</time>
			</trkpt>
			<trkpt lat="45.56597" lon="2.983">
				<ele>730.08</ele>
				<time>2026-05-20T20:45:53.303Z</time>
			</trkpt>
			<trkpt lat="45.56609" lon="2.98204">
				<ele>731.12</ele>
				<time>2026-05-20T20:45:58.516Z</time>
			</trkpt>
			<trkpt lat="45.56617" lon="2.98177">
				<ele>731.5</ele>
				<time>2026-05-20T20:46:00.083Z</time>
			</trkpt>
			<trkpt lat="45.56632" lon="2.98137">
				<ele>731.8</ele>
				<time>2026-05-20T20:46:02.508Z</time>
			</trkpt>
			<trkpt lat="45.56642" lon="2.98135">
				<ele>730.73</ele>
				<time>2026-05-20T20:46:03.279Z</time>
			</trkpt>
			<trkpt lat="45.56694" lon="2.9814">
				<ele>720.86</ele>
				<time>2026-05-20T20:46:07.257Z</time>
			</trkpt>
			<trkpt lat="45.56712" lon="2.98135">
				<ele>717.21</ele>
				<time>2026-05-20T20:46:08.658Z</time>
			</trkpt>
			<trkpt lat="45.56765" lon="2.98098">
				<ele>711.58</ele>
				<time>2026-05-20T20:46:13.163Z</time>
			</trkpt>
			<trkpt lat="45.56797" lon="2.9808">
				<ele>707.64</ele>
				<time>2026-05-20T20:46:15.792Z</time>
			</trkpt>
			<trkpt lat="45.56814" lon="2.98076">
				<ele>706.63</ele>
				<time>2026-05-20T20:46:17.109Z</time>
			</trkpt>
			<trkpt lat="45.56833" lon="2.9808">
				<ele>705.34</ele>
				<time>2026-05-20T20:46:18.578Z</time>
			</trkpt>
			<trkpt lat="45.56837" lon="2.98083">
				<ele>705.15</ele>
				<time>2026-05-20T20:46:18.924Z</time>
			</trkpt>
			<trkpt lat="45.5685" lon="2.98095">
				<ele>705.7</ele>
				<time>2026-05-20T20:46:20.109Z</time>
			</trkpt>
			<trkpt lat="45.56857" lon="2.9811">
				<ele>706.58</ele>
				<time>2026-05-20T20:46:21.075Z</time>
			</trkpt>
			<trkpt lat="45.56854" lon="2.98128">
				<ele>706.84</ele>
				<time>2026-05-20T20:46:22.067Z</time>
			</trkpt>
			<trkpt lat="45.56839" lon="2.98159">
				<ele>705.05</ele>
				<time>2026-05-20T20:46:24.088Z</time>
			</trkpt>
			<trkpt lat="45.56823" lon="2.98186">
				<ele>704.11</ele>
				<time>2026-05-20T20:46:25.987Z</time>
			</trkpt>
			<trkpt lat="45.56812" lon="2.98215">
				<ele>703.53</ele>
				<time>2026-05-20T20:46:27.759Z</time>
			</trkpt>
			<trkpt lat="45.56789" lon="2.98316">
				<ele>703.43</ele>
				<time>2026-05-20T20:46:33.475Z</time>
			</trkpt>
			<trkpt lat="45.56779" lon="2.98396">
				<ele>700.71</ele>
				<time>2026-05-20T20:46:37.860Z</time>
			</trkpt>
			<trkpt lat="45.56781" lon="2.98474">
				<ele>702.9</ele>
				<time>2026-05-20T20:46:42.083Z</time>
			</trkpt>
			<trkpt lat="45.56782" lon="2.98599">
				<ele>701.09</ele>
				<time>2026-05-20T20:46:48.873Z</time>
			</trkpt>
			<trkpt lat="45.56778" lon="2.9867">
				<ele>696.37</ele>
				<time>2026-05-20T20:46:52.743Z</time>
			</trkpt>
			<trkpt lat="45.56767" lon="2.98753">
				<ele>697.06</ele>
				<time>2026-05-20T20:46:57.268Z</time>
			</trkpt>
			<trkpt lat="45.56766" lon="2.98961">
				<ele>687.44</ele>
				<time>2026-05-20T20:47:08.134Z</time>
			</trkpt>
			<trkpt lat="45.56775" lon="2.99037">
				<ele>686.33</ele>
				<time>2026-05-20T20:47:12.076Z</time>
			</trkpt>
			<trkpt lat="45.56778" lon="2.99074">
				<ele>687.74</ele>
				<time>2026-05-20T20:47:13.967Z</time>
			</trkpt>
			<trkpt lat="45.56774" lon="2.99157">
				<ele>695.48</ele>
				<time>2026-05-20T20:47:18.163Z</time>
			</trkpt>
			<trkpt lat="45.5678" lon="2.99183">
				<ele>695.71</ele>
				<time>2026-05-20T20:47:19.536Z</time>
			</trkpt>
			<trkpt lat="45.56802" lon="2.99212">
				<ele>695.8</ele>
				<time>2026-05-20T20:47:21.674Z</time>
			</trkpt>
			<trkpt lat="45.56815" lon="2.99219">
				<ele>695.71</ele>
				<time>2026-05-20T20:47:22.664Z</time>
			</trkpt>
			<trkpt lat="45.56827" lon="2.99231">
				<ele>693.72</ele>
				<time>2026-05-20T20:47:23.706Z</time>
			</trkpt>
			<trkpt lat="45.56856" lon="2.99276">
				<ele>686.5</ele>
				<time>2026-05-20T20:47:26.743Z</time>
			</trkpt>
			<trkpt lat="45.56875" lon="2.99328">
				<ele>686.42</ele>
				<time>2026-05-20T20:47:29.646Z</time>
			</trkpt>
			<trkpt lat="45.5688" lon="2.99353">
				<ele>686.54</ele>
				<time>2026-05-20T20:47:30.930Z</time>
			</trkpt>
			<trkpt lat="45.56877" lon="2.99389">
				<ele>684.96</ele>
				<time>2026-05-20T20:47:32.719Z</time>
			</trkpt>
			<trkpt lat="45.56857" lon="2.99513">
				<ele>682.86</ele>
				<time>2026-05-20T20:47:38.986Z</time>
			</trkpt>
			<trkpt lat="45.56848" lon="2.99553">
				<ele>679.53</ele>
				<time>2026-05-20T20:47:41.055Z</time>
			</trkpt>
			<trkpt lat="45.56849" lon="2.99572">
				<ele>676.15</ele>
				<time>2026-05-20T20:47:41.993Z</time>
			</trkpt>
			<trkpt lat="45.56854" lon="2.99589">
				<ele>673.46</ele>
				<time>2026-05-20T20:47:42.901Z</time>
			</trkpt>
			<trkpt lat="45.56873" lon="2.99612">
				<ele>672.96</ele>
				<time>2026-05-20T20:47:44.655Z</time>
			</trkpt>
			<trkpt lat="45.57043" lon="2.99709">
				<ele>673.54</ele>
				<time>2026-05-20T20:47:57.635Z</time>
			</trkpt>
			<trkpt lat="45.57119" lon="2.99773">
				<ele>675.27</ele>
				<time>2026-05-20T20:48:03.988Z</time>
			</trkpt>
			<trkpt lat="45.57172" lon="2.99851">
				<ele>669.35</ele>
				<time>2026-05-20T20:48:09.543Z</time>
			</trkpt>
			<trkpt lat="45.57208" lon="2.99895">
				<ele>664.63</ele>
				<time>2026-05-20T20:48:13.044Z</time>
			</trkpt>
			<trkpt lat="45.5724" lon="2.99915">
				<ele>662.69</ele>
				<time>2026-05-20T20:48:15.649Z</time>
			</trkpt>
			<trkpt lat="45.57358" lon="2.99959">
				<ele>661.29</ele>
				<time>2026-05-20T20:48:24.922Z</time>
			</trkpt>
			<trkpt lat="45.57374" lon="2.99964">
				<ele>660.1</ele>
				<time>2026-05-20T20:48:26.191Z</time>
			</trkpt>
			<trkpt lat="45.57444" lon="2.99975">
				<ele>661.66</ele>
				<time>2026-05-20T20:48:31.716Z</time>
			</trkpt>
			<trkpt lat="45.57468" lon="2.99972">
				<ele>662.77</ele>
				<time>2026-05-20T20:48:33.634Z</time>
			</trkpt>
			<trkpt lat="45.57513" lon="2.99955">
				<ele>664.41</ele>
				<time>2026-05-20T20:48:37.382Z</time>
			</trkpt>
			<trkpt lat="45.57582" lon="2.99944">
				<ele>666.02</ele>
				<time>2026-05-20T20:48:43.084Z</time>
			</trkpt>
			<trkpt lat="45.57656" lon="2.99928">
				<ele>673</ele>
				<time>2026-05-20T20:48:49.390Z</time>
			</trkpt>
			<trkpt lat="45.57698" lon="2.99928">
				<ele>669.09</ele>
				<time>2026-05-20T20:48:53.007Z</time>
			</trkpt>
			<trkpt lat="45.57749" lon="2.99934">
				<ele>669.76</ele>
				<time>2026-05-20T20:48:57.494Z</time>
			</trkpt>
			<trkpt lat="45.57764" lon="2.99941">
				<ele>667.68</ele>
				<time>2026-05-20T20:48:58.896Z</time>
			</trkpt>
			<trkpt lat="45.57776" lon="2.99956">
				<ele>665.68</ele>
				<time>2026-05-20T20:49:00.322Z</time>
			</trkpt>
			<trkpt lat="45.57781" lon="2.99969">
				<ele>664.14</ele>
				<time>2026-05-20T20:49:01.256Z</time>
			</trkpt>
			<trkpt lat="45.57787" lon="2.99961">
				<ele>664.73</ele>
				<time>2026-05-20T20:49:01.996Z</time>
			</trkpt>
			<trkpt lat="45.57804" lon="2.99939">
				<ele>666.06</ele>
				<time>2026-05-20T20:49:04.080Z</time>
			</trkpt>
			<trkpt lat="45.57815" lon="2.99927">
				<ele>667.35</ele>
				<time>2026-05-20T20:49:05.346Z</time>
			</trkpt>
			<trkpt lat="45.57845" lon="2.99909">
				<ele>667.08</ele>
				<time>2026-05-20T20:49:08.353Z</time>
			</trkpt>
			<trkpt lat="45.57852" lon="2.99903">
				<ele>667.07</ele>
				<time>2026-05-20T20:49:09.114Z</time>
			</trkpt>
			<trkpt lat="45.57867" lon="2.99883">
				<ele>668.09</ele>
				<time>2026-05-20T20:49:11.039Z</time>
			</trkpt>
			<trkpt lat="45.57874" lon="2.99868">
				<ele>669.86</ele>
				<time>2026-05-20T20:49:12.230Z</time>
			</trkpt>
			<trkpt lat="45.57892" lon="2.99811">
				<ele>673.18</ele>
				<time>2026-05-20T20:49:16.415Z</time>
			</trkpt>
			<trkpt lat="45.5792" lon="2.99673">
				<ele>674.72</ele>
				<time>2026-05-20T20:49:26.343Z</time>
			</trkpt>
			<trkpt lat="45.57923" lon="2.9965">
				<ele>675.81</ele>
				<time>2026-05-20T20:49:28.003Z</time>
			</trkpt>
			<trkpt lat="45.57918" lon="2.99545">
				<ele>678.52</ele>
				<time>2026-05-20T20:49:35.624Z</time>
			</trkpt>
			<trkpt lat="45.57922" lon="2.99482">
				<ele>684.24</ele>
				<time>2026-05-20T20:49:40.343Z</time>
			</trkpt>
			<trkpt lat="45.57928" lon="2.9946">
				<ele>684.06</ele>
				<time>2026-05-20T20:49:42.163Z</time>
			</trkpt>
			<trkpt lat="45.57939" lon="2.99438">
				<ele>681.39</ele>
				<time>2026-05-20T20:49:44.293Z</time>
			</trkpt>
			<trkpt lat="45.57948" lon="2.99425">
				<ele>681.58</ele>
				<time>2026-05-20T20:49:45.762Z</time>
			</trkpt>
			<trkpt lat="45.57959" lon="2.99415">
				<ele>681.65</ele>
				<time>2026-05-20T20:49:47.281Z</time>
			</trkpt>
			<trkpt lat="45.5797" lon="2.9941">
				<ele>680.52</ele>
				<time>2026-05-20T20:49:48.645Z</time>
			</trkpt>
			<trkpt lat="45.58005" lon="2.99401">
				<ele>684.01</ele>
				<time>2026-05-20T20:49:52.955Z</time>
			</trkpt>
			<trkpt lat="45.58015" lon="2.99395">
				<ele>684.56</ele>
				<time>2026-05-20T20:49:54.301Z</time>
			</trkpt>
			<trkpt lat="45.5803" lon="2.99378">
				<ele>684.28</ele>
				<time>2026-05-20T20:49:56.713Z</time>
			</trkpt>
			<trkpt lat="45.58076" lon="2.99307">
				<ele>684.82</ele>
				<time>2026-05-20T20:50:05.586Z</time>
			</trkpt>
			<trkpt lat="45.58086" lon="2.99298">
				<ele>684.65</ele>
				<time>2026-05-20T20:50:07.186Z</time>
			</trkpt>
			<trkpt lat="45.581" lon="2.99293">
				<ele>683.96</ele>
				<time>2026-05-20T20:50:09.161Z</time>
			</trkpt>
			<trkpt lat="45.58107" lon="2.99295">
				<ele>683.77</ele>
				<time>2026-05-20T20:50:10.146Z</time>
			</trkpt>
			<trkpt lat="45.58163" lon="2.99322">
				<ele>685.99</ele>
				<time>2026-05-20T20:50:18.493Z</time>
			</trkpt>
			<trkpt lat="45.58186" lon="2.99327">
				<ele>687.22</ele>
				<time>2026-05-20T20:50:21.869Z</time>
			</trkpt>
			<trkpt lat="45.58204" lon="2.99326">
				<ele>687.26</ele>
				<time>2026-05-20T20:50:24.516Z</time>
			</trkpt>
			<trkpt lat="45.58215" lon="2.99322">
				<ele>686.82</ele>
				<time>2026-05-20T20:50:26.198Z</time>
			</trkpt>
			<trkpt lat="45.58253" lon="2.99289">
				<ele>685.16</ele>
				<time>2026-05-20T20:50:32.888Z</time>
			</trkpt>
			<trkpt lat="45.58278" lon="2.99262">
				<ele>685.07</ele>
				<time>2026-05-20T20:50:37.693Z</time>
			</trkpt>
			<trkpt lat="45.58324" lon="2.99211">
				<ele>688.46</ele>
				<time>2026-05-20T20:50:46.798Z</time>
			</trkpt>
			<trkpt lat="45.58343" lon="2.99198">
				<ele>691.56</ele>
				<time>2026-05-20T20:50:50.143Z</time>
			</trkpt>
			<trkpt lat="45.58366" lon="2.99194">
				<ele>693.8</ele>
				<time>2026-05-20T20:50:53.852Z</time>
			</trkpt>
			<trkpt lat="45.5838" lon="2.99196">
				<ele>693.6</ele>
				<time>2026-05-20T20:50:56.118Z</time>
			</trkpt>
			<trkpt lat="45.58434" lon="2.99222">
				<ele>695.62</ele>
				<time>2026-05-20T20:51:05.391Z</time>
			</trkpt>
			<trkpt lat="45.58447" lon="2.99226">
				<ele>696.97</ele>
				<time>2026-05-20T20:51:07.575Z</time>
			</trkpt>
			<trkpt lat="45.58461" lon="2.99225">
				<ele>698.23</ele>
				<time>2026-05-20T20:51:09.884Z</time>
			</trkpt>
			<trkpt lat="45.58509" lon="2.99198">
				<ele>701.61</ele>
				<time>2026-05-20T20:51:18.437Z</time>
			</trkpt>
			<trkpt lat="45.58525" lon="2.99192">
				<ele>701.93</ele>
				<time>2026-05-20T20:51:21.196Z</time>
			</trkpt>
			<trkpt lat="45.58557" lon="2.99186">
				<ele>703.41</ele>
				<time>2026-05-20T20:51:26.596Z</time>
			</trkpt>
			<trkpt lat="45.58599" lon="2.99177">
				<ele>702.94</ele>
				<time>2026-05-20T20:51:33.729Z</time>
			</trkpt>
			<trkpt lat="45.58617" lon="2.9918">
				<ele>703.33</ele>
				<time>2026-05-20T20:51:36.780Z</time>
			</trkpt>
			<trkpt lat="45.58629" lon="2.99187">
				<ele>704.33</ele>
				<time>2026-05-20T20:51:38.963Z</time>
			</trkpt>
			<trkpt lat="45.58638" lon="2.99201">
				<ele>704.51</ele>
				<time>2026-05-20T20:51:41.205Z</time>
			</trkpt>
			<trkpt lat="45.58658" lon="2.99239">
				<ele>704.21</ele>
				<time>2026-05-20T20:51:46.814Z</time>
			</trkpt>
			<trkpt lat="45.58667" lon="2.99249">
				<ele>703.08</ele>
				<time>2026-05-20T20:51:48.735Z</time>
			</trkpt>
			<trkpt lat="45.58682" lon="2.99256">
				<ele>704.92</ele>
				<time>2026-05-20T20:51:51.393Z</time>
			</trkpt>
			<trkpt lat="45.5869" lon="2.99256">
				<ele>705.91</ele>
				<time>2026-05-20T20:51:52.740Z</time>
			</trkpt>
			<trkpt lat="45.58698" lon="2.99253">
				<ele>706.77</ele>
				<time>2026-05-20T20:51:54.132Z</time>
			</trkpt>
			<trkpt lat="45.58707" lon="2.99246">
				<ele>707.86</ele>
				<time>2026-05-20T20:51:55.855Z</time>
			</trkpt>
			<trkpt lat="45.58716" lon="2.99235">
				<ele>709.79</ele>
				<time>2026-05-20T20:51:57.846Z</time>
			</trkpt>
			<trkpt lat="45.58736" lon="2.99185">
				<ele>717.08</ele>
				<time>2026-05-20T20:52:04.603Z</time>
			</trkpt>
			<trkpt lat="45.5875" lon="2.99158">
				<ele>716.66</ele>
				<time>2026-05-20T20:52:08.530Z</time>
			</trkpt>
			<trkpt lat="45.58774" lon="2.99128">
				<ele>711.33</ele>
				<time>2026-05-20T20:52:13.832Z</time>
			</trkpt>
			<trkpt lat="45.58779" lon="2.99113">
				<ele>710.29</ele>
				<time>2026-05-20T20:52:15.759Z</time>
			</trkpt>
			<trkpt lat="45.58802" lon="2.9912">
				<ele>712.1</ele>
				<time>2026-05-20T20:52:19.640Z</time>
			</trkpt>
			<trkpt lat="45.58812" lon="2.99127">
				<ele>713.21</ele>
				<time>2026-05-20T20:52:21.471Z</time>
			</trkpt>
			<trkpt lat="45.58837" lon="2.99137">
				<ele>716.71</ele>
				<time>2026-05-20T20:52:25.721Z</time>
			</trkpt>
			<trkpt lat="45.5884" lon="2.99142">
				<ele>717.24</ele>
				<time>2026-05-20T20:52:26.473Z</time>
			</trkpt>
			<trkpt lat="45.58841" lon="2.99148">
				<ele>717.64</ele>
				<time>2026-05-20T20:52:27.176Z</time>
			</trkpt>
			<trkpt lat="45.58836" lon="2.9916">
				<ele>717.82</ele>
				<time>2026-05-20T20:52:28.765Z</time>
			</trkpt>
			<trkpt lat="45.58832" lon="2.99162">
				<ele>717.54</ele>
				<time>2026-05-20T20:52:29.452Z</time>
			</trkpt>
			<trkpt lat="45.5881" lon="2.99154">
				<ele>714.05</ele>
				<time>2026-05-20T20:52:33.120Z</time>
			</trkpt>
			<trkpt lat="45.58804" lon="2.99157">
				<ele>713.66</ele>
				<time>2026-05-20T20:52:34.143Z</time>
			</trkpt>
			<trkpt lat="45.5879" lon="2.99172">
				<ele>715.63</ele>
				<time>2026-05-20T20:52:36.946Z</time>
			</trkpt>
			<trkpt lat="45.58773" lon="2.99185">
				<ele>717.29</ele>
				<time>2026-05-20T20:52:40.016Z</time>
			</trkpt>
			<trkpt lat="45.58759" lon="2.99211">
				<ele>717.56</ele>
				<time>2026-05-20T20:52:43.643Z</time>
			</trkpt>
			<trkpt lat="45.58757" lon="2.99223">
				<ele>717.19</ele>
				<time>2026-05-20T20:52:44.998Z</time>
			</trkpt>
			<trkpt lat="45.58766" lon="2.99312">
				<ele>719.71</ele>
				<time>2026-05-20T20:52:54.727Z</time>
			</trkpt>
			<trkpt lat="45.58769" lon="2.9932">
				<ele>720.55</ele>
				<time>2026-05-20T20:52:55.694Z</time>
			</trkpt>
			<trkpt lat="45.58775" lon="2.99327">
				<ele>722.45</ele>
				<time>2026-05-20T20:52:56.868Z</time>
			</trkpt>
			<trkpt lat="45.5879" lon="2.99332">
				<ele>727.18</ele>
				<time>2026-05-20T20:52:59.189Z</time>
			</trkpt>
			<trkpt lat="45.58824" lon="2.99327">
				<ele>734.55</ele>
				<time>2026-05-20T20:53:04.271Z</time>
			</trkpt>
			<trkpt lat="45.58842" lon="2.99327">
				<ele>736.41</ele>
				<time>2026-05-20T20:53:06.907Z</time>
			</trkpt>
			<trkpt lat="45.58852" lon="2.99334">
				<ele>737.03</ele>
				<time>2026-05-20T20:53:08.524Z</time>
			</trkpt>
			<trkpt lat="45.58866" lon="2.9936">
				<ele>737.8</ele>
				<time>2026-05-20T20:53:11.821Z</time>
			</trkpt>
			<trkpt lat="45.58871" lon="2.99366">
				<ele>738.52</ele>
				<time>2026-05-20T20:53:12.750Z</time>
			</trkpt>
			<trkpt lat="45.58878" lon="2.9937">
				<ele>739.68</ele>
				<time>2026-05-20T20:53:13.817Z</time>
			</trkpt>
			<trkpt lat="45.58884" lon="2.99369">
				<ele>740.63</ele>
				<time>2026-05-20T20:53:14.669Z</time>
			</trkpt>
			<trkpt lat="45.58894" lon="2.99362">
				<ele>742.21</ele>
				<time>2026-05-20T20:53:16.216Z</time>
			</trkpt>
			<trkpt lat="45.58897" lon="2.99357">
				<ele>743.03</ele>
				<time>2026-05-20T20:53:16.831Z</time>
			</trkpt>
			<trkpt lat="45.58901" lon="2.99342">
				<ele>744.7</ele>
				<time>2026-05-20T20:53:18.266Z</time>
			</trkpt>
			<trkpt lat="45.589" lon="2.99333">
				<ele>745.02</ele>
				<time>2026-05-20T20:53:19.040Z</time>
			</trkpt>
			<trkpt lat="45.58897" lon="2.99327">
				<ele>745.04</ele>
				<time>2026-05-20T20:53:19.646Z</time>
			</trkpt>
			<trkpt lat="45.58875" lon="2.99304">
				<ele>743.52</ele>
				<time>2026-05-20T20:53:22.577Z</time>
			</trkpt>
			<trkpt lat="45.58861" lon="2.99286">
				<ele>742.36</ele>
				<time>2026-05-20T20:53:24.370Z</time>
			</trkpt>
			<trkpt lat="45.58859" lon="2.99272">
				<ele>742.45</ele>
				<time>2026-05-20T20:53:25.257Z</time>
			</trkpt>
			<trkpt lat="45.5886" lon="2.99264">
				<ele>741.95</ele>
				<time>2026-05-20T20:53:25.744Z</time>
			</trkpt>
			<trkpt lat="45.58862" lon="2.99259">
				<ele>741.76</ele>
				<time>2026-05-20T20:53:26.082Z</time>
			</trkpt>
			<trkpt lat="45.58867" lon="2.99254">
				<ele>741.77</ele>
				<time>2026-05-20T20:53:26.583Z</time>
			</trkpt>
			<trkpt lat="45.58873" lon="2.99253">
				<ele>742.14</ele>
				<time>2026-05-20T20:53:27.067Z</time>
			</trkpt>
			<trkpt lat="45.5887" lon="2.99242">
				<ele>740.49</ele>
				<time>2026-05-20T20:53:27.713Z</time>
			</trkpt>
			<trkpt lat="45.58862" lon="2.99238">
				<ele>739.46</ele>
				<time>2026-05-20T20:53:28.358Z</time>
			</trkpt>
			<trkpt lat="45.58858" lon="2.9924">
				<ele>739.44</ele>
				<time>2026-05-20T20:53:28.675Z</time>
			</trkpt>
			<trkpt lat="45.58854" lon="2.99247">
				<ele>740.06</ele>
				<time>2026-05-20T20:53:29.141Z</time>
			</trkpt>
		</trkseg>
	</trk>
</gpx>