<?xml version="1.0" encoding="UTF-8"?>
<gpx version="1.1" creator="Kurviger" xmlns="http://www.topografix.com/GPX/1/1" xmlns:xsi="http://www.w3.org/2001/XMLSchema-instance" xsi:schemaLocation="http://www.topografix.com/GPX/1/1 http://www.topografix.com/GPX/1/1/gpx.xsd http://www.garmin.com/xmlschemas/GpxExtensions/v3 http://www.garmin.com/xmlschemas/GpxExtensionsv3.xsd http://www.garmin.com/xmlschemas/TripExtensions/v1 http://www.garmin.com/xmlschemas/TripExtensionsv1.xsd" xmlns:gpxx="http://www.garmin.com/xmlschemas/GpxExtensions/v3" xmlns:trp="http://www.garmin.com/xmlschemas/TripExtensions/v1">
	<metadata>
		<name>Mions - Saint-Nectaire</name>
		<copyright author="OpenStreetMap contributors"/>
		<link href="https://kurviger.com">
			<text>Kurviger.com GPX</text>
		</link>
		<time>2026-05-20T17:28:15.714Z</time>
	</metadata>
	<trk>
		<name>Mions - Saint-Nectaire</name>
		<trkseg>
			<trkpt lat="45.66397" lon="4.95694">
				<ele>225.41</ele>
				<time>2026-05-20T17:28:15.713Z</time>
			</trkpt>
			<trkpt lat="45.66399" lon="4.95696">
				<ele>225.21</ele>
				<time>2026-05-20T17:28:16.272Z</time>
			</trkpt>
			<trkpt lat="45.66404" lon="4.95681">
				<ele>224.93</ele>
				<time>2026-05-20T17:28:18.969Z</time>
			</trkpt>
			<trkpt lat="45.66403" lon="4.95611">
				<ele>225</ele>
				<time>2026-05-20T17:28:30.877Z</time>
			</trkpt>
			<trkpt lat="45.66399" lon="4.95576">
				<ele>225</ele>
				<time>2026-05-20T17:28:37.122Z</time>
			</trkpt>
			<trkpt lat="45.66388" lon="4.95506">
				<ele>222.48</ele>
				<time>2026-05-20T17:28:49.829Z</time>
			</trkpt>
			<trkpt lat="45.66371" lon="4.95424">
				<ele>220.64</ele>
				<time>2026-05-20T17:29:04.405Z</time>
			</trkpt>
			<trkpt lat="45.66345" lon="4.95338">
				<ele>220.79</ele>
				<time>2026-05-20T17:29:18.524Z</time>
			</trkpt>
			<trkpt lat="45.66339" lon="4.95331">
				<ele>221</ele>
				<time>2026-05-20T17:29:20.006Z</time>
			</trkpt>
			<trkpt lat="45.66332" lon="4.95327">
				<ele>221</ele>
				<time>2026-05-20T17:29:21.403Z</time>
			</trkpt>
			<trkpt lat="45.66315" lon="4.95326">
				<ele>221</ele>
				<time>2026-05-20T17:29:24.382Z</time>
			</trkpt>
			<trkpt lat="45.66306" lon="4.95321">
				<ele>221</ele>
				<time>2026-05-20T17:29:25.957Z</time>
			</trkpt>
			<trkpt lat="45.66308" lon="4.95312">
				<ele>221</ele>
				<time>2026-05-20T17:29:27.000Z</time>
			</trkpt>
			<trkpt lat="45.66306" lon="4.95304">
				<ele>221</ele>
				<time>2026-05-20T17:29:27.935Z</time>
			</trkpt>
			<trkpt lat="45.66326" lon="4.95281">
				<ele>221</ele>
				<time>2026-05-20T17:29:31.929Z</time>
			</trkpt>
			<trkpt lat="45.66337" lon="4.9527">
				<ele>220.76</ele>
				<time>2026-05-20T17:29:33.989Z</time>
			</trkpt>
			<trkpt lat="45.66442" lon="4.95211">
				<ele>217.02</ele>
				<time>2026-05-20T17:29:50.575Z</time>
			</trkpt>
			<trkpt lat="45.66601" lon="4.95141">
				<ele>215.73</ele>
				<time>2026-05-20T17:30:12.821Z</time>
			</trkpt>
			<trkpt lat="45.66676" lon="4.95114">
				<ele>215</ele>
				<time>2026-05-20T17:30:22.357Z</time>
			</trkpt>
			<trkpt lat="45.66703" lon="4.95106">
				<ele>215.31</ele>
				<time>2026-05-20T17:30:25.644Z</time>
			</trkpt>
			<trkpt lat="45.66908" lon="4.95043">
				<ele>216.67</ele>
				<time>2026-05-20T17:30:48.908Z</time>
			</trkpt>
			<trkpt lat="45.66983" lon="4.95023">
				<ele>216</ele>
				<time>2026-05-20T17:30:56.708Z</time>
			</trkpt>
			<trkpt lat="45.67063" lon="4.94998">
				<ele>214.27</ele>
				<time>2026-05-20T17:31:04.750Z</time>
			</trkpt>
			<trkpt lat="45.67244" lon="4.94955">
				<ele>214.1</ele>
				<time>2026-05-20T17:31:21.759Z</time>
			</trkpt>
			<trkpt lat="45.67314" lon="4.94941">
				<ele>212.66</ele>
				<time>2026-05-20T17:31:28.021Z</time>
			</trkpt>
			<trkpt lat="45.67417" lon="4.94929">
				<ele>211.06</ele>
				<time>2026-05-20T17:31:36.973Z</time>
			</trkpt>
			<trkpt lat="45.67478" lon="4.94931">
				<ele>214.11</ele>
				<time>2026-05-20T17:31:42.177Z</time>
			</trkpt>
			<trkpt lat="45.67515" lon="4.94929">
				<ele>215.04</ele>
				<time>2026-05-20T17:31:45.316Z</time>
			</trkpt>
			<trkpt lat="45.67561" lon="4.94924">
				<ele>215.43</ele>
				<time>2026-05-20T17:31:49.214Z</time>
			</trkpt>
			<trkpt lat="45.67969" lon="4.94915">
				<ele>212.96</ele>
				<time>2026-05-20T17:32:24.319Z</time>
			</trkpt>
			<trkpt lat="45.67993" lon="4.94911">
				<ele>212.8</ele>
				<time>2026-05-20T17:32:26.502Z</time>
			</trkpt>
			<trkpt lat="45.68008" lon="4.94901">
				<ele>212.93</ele>
				<time>2026-05-20T17:32:28.007Z</time>
			</trkpt>
			<trkpt lat="45.68022" lon="4.94887">
				<ele>213.58</ele>
				<time>2026-05-20T17:32:29.570Z</time>
			</trkpt>
			<trkpt lat="45.68028" lon="4.94879">
				<ele>213.66</ele>
				<time>2026-05-20T17:32:30.324Z</time>
			</trkpt>
			<trkpt lat="45.68049" lon="4.94844">
				<ele>213.18</ele>
				<time>2026-05-20T17:32:33.313Z</time>
			</trkpt>
			<trkpt lat="45.68068" lon="4.94819">
				<ele>213.16</ele>
				<time>2026-05-20T17:32:35.734Z</time>
			</trkpt>
			<trkpt lat="45.6809" lon="4.94798">
				<ele>214.45</ele>
				<time>2026-05-20T17:32:38.243Z</time>
			</trkpt>
			<trkpt lat="45.6811" lon="4.94784">
				<ele>215.19</ele>
				<time>2026-05-20T17:32:40.379Z</time>
			</trkpt>
			<trkpt lat="45.68125" lon="4.9478">
				<ele>215.04</ele>
				<time>2026-05-20T17:32:41.855Z</time>
			</trkpt>
			<trkpt lat="45.68139" lon="4.94781">
				<ele>215.02</ele>
				<time>2026-05-20T17:32:43.220Z</time>
			</trkpt>
			<trkpt lat="45.68155" lon="4.94787">
				<ele>215.58</ele>
				<time>2026-05-20T17:32:44.844Z</time>
			</trkpt>
			<trkpt lat="45.6819" lon="4.94804">
				<ele>215.13</ele>
				<time>2026-05-20T17:32:48.519Z</time>
			</trkpt>
			<trkpt lat="45.68231" lon="4.9482">
				<ele>214.52</ele>
				<time>2026-05-20T17:32:52.832Z</time>
			</trkpt>
			<trkpt lat="45.68254" lon="4.94825">
				<ele>215</ele>
				<time>2026-05-20T17:32:55.234Z</time>
			</trkpt>
			<trkpt lat="45.68273" lon="4.94825">
				<ele>216.42</ele>
				<time>2026-05-20T17:32:57.219Z</time>
			</trkpt>
			<trkpt lat="45.6833" lon="4.94809">
				<ele>214.11</ele>
				<time>2026-05-20T17:33:03.420Z</time>
			</trkpt>
			<trkpt lat="45.68494" lon="4.94752">
				<ele>214.1</ele>
				<time>2026-05-20T17:33:22.700Z</time>
			</trkpt>
			<trkpt lat="45.68503" lon="4.94752">
				<ele>214.07</ele>
				<time>2026-05-20T17:33:23.787Z</time>
			</trkpt>
			<trkpt lat="45.6851" lon="4.94754">
				<ele>214.1</ele>
				<time>2026-05-20T17:33:24.655Z</time>
			</trkpt>
			<trkpt lat="45.68516" lon="4.94758">
				<ele>214.11</ele>
				<time>2026-05-20T17:33:25.464Z</time>
			</trkpt>
			<trkpt lat="45.68525" lon="4.94769">
				<ele>214.04</ele>
				<time>2026-05-20T17:33:26.921Z</time>
			</trkpt>
			<trkpt lat="45.6853" lon="4.94782">
				<ele>214.13</ele>
				<time>2026-05-20T17:33:28.208Z</time>
			</trkpt>
			<trkpt lat="45.68532" lon="4.948">
				<ele>214.67</ele>
				<time>2026-05-20T17:33:29.801Z</time>
			</trkpt>
			<trkpt lat="45.6852" lon="4.94836">
				<ele>215.52</ele>
				<time>2026-05-20T17:33:33.339Z</time>
			</trkpt>
			<trkpt lat="45.68286" lon="4.95351">
				<ele>214.54</ele>
				<time>2026-05-20T17:34:33.196Z</time>
			</trkpt>
			<trkpt lat="45.6822" lon="4.95495">
				<ele>217.78</ele>
				<time>2026-05-20T17:34:50.483Z</time>
			</trkpt>
			<trkpt lat="45.68131" lon="4.95692">
				<ele>221.02</ele>
				<time>2026-05-20T17:35:13.253Z</time>
			</trkpt>
			<trkpt lat="45.68091" lon="4.9577">
				<ele>217.24</ele>
				<time>2026-05-20T17:35:22.194Z</time>
			</trkpt>
			<trkpt lat="45.68081" lon="4.95788">
				<ele>217.04</ele>
				<time>2026-05-20T17:35:24.269Z</time>
			</trkpt>
			<trkpt lat="45.68048" lon="4.95857">
				<ele>216.5</ele>
				<time>2026-05-20T17:35:31.630Z</time>
			</trkpt>
			<trkpt lat="45.68035" lon="4.95862">
				<ele>215.57</ele>
				<time>2026-05-20T17:35:33.296Z</time>
			</trkpt>
			<trkpt lat="45.68026" lon="4.95876">
				<ele>214.96</ele>
				<time>2026-05-20T17:35:34.951Z</time>
			</trkpt>
			<trkpt lat="45.68024" lon="4.95887">
				<ele>214.86</ele>
				<time>2026-05-20T17:35:35.942Z</time>
			</trkpt>
			<trkpt lat="45.68023" lon="4.95898">
				<ele>215.2</ele>
				<time>2026-05-20T17:35:36.907Z</time>
			</trkpt>
			<trkpt lat="45.68026" lon="4.95909">
				<ele>215.68</ele>
				<time>2026-05-20T17:35:37.932Z</time>
			</trkpt>
			<trkpt lat="45.6803" lon="4.95917">
				<ele>216.12</ele>
				<time>2026-05-20T17:35:38.781Z</time>
			</trkpt>
			<trkpt lat="45.68035" lon="4.95924">
				<ele>216.48</ele>
				<time>2026-05-20T17:35:39.641Z</time>
			</trkpt>
			<trkpt lat="45.68041" lon="4.95927">
				<ele>216.7</ele>
				<time>2026-05-20T17:35:40.417Z</time>
			</trkpt>
			<trkpt lat="45.68054" lon="4.95928">
				<ele>216.98</ele>
				<time>2026-05-20T17:35:41.986Z</time>
			</trkpt>
			<trkpt lat="45.68072" lon="4.95948">
				<ele>216.55</ele>
				<time>2026-05-20T17:35:44.646Z</time>
			</trkpt>
			<trkpt lat="45.68119" lon="4.9598">
				<ele>216.49</ele>
				<time>2026-05-20T17:35:50.104Z</time>
			</trkpt>
			<trkpt lat="45.6814" lon="4.95992">
				<ele>216.71</ele>
				<time>2026-05-20T17:35:52.218Z</time>
			</trkpt>
			<trkpt lat="45.6815" lon="4.96">
				<ele>216.96</ele>
				<time>2026-05-20T17:35:53.288Z</time>
			</trkpt>
			<trkpt lat="45.68162" lon="4.96014">
				<ele>216.47</ele>
				<time>2026-05-20T17:35:54.733Z</time>
			</trkpt>
			<trkpt lat="45.68172" lon="4.96033">
				<ele>216</ele>
				<time>2026-05-20T17:35:56.283Z</time>
			</trkpt>
			<trkpt lat="45.68178" lon="4.96051">
				<ele>215.57</ele>
				<time>2026-05-20T17:35:57.582Z</time>
			</trkpt>
			<trkpt lat="45.68183" lon="4.96069">
				<ele>215.08</ele>
				<time>2026-05-20T17:35:58.842Z</time>
			</trkpt>
			<trkpt lat="45.68193" lon="4.96171">
				<ele>216.14</ele>
				<time>2026-05-20T17:36:05.528Z</time>
			</trkpt>
			<trkpt lat="45.68198" lon="4.96198">
				<ele>217</ele>
				<time>2026-05-20T17:36:07.337Z</time>
			</trkpt>
			<trkpt lat="45.68206" lon="4.96225">
				<ele>217.06</ele>
				<time>2026-05-20T17:36:09.234Z</time>
			</trkpt>
			<trkpt lat="45.68215" lon="4.96248">
				<ele>217.22</ele>
				<time>2026-05-20T17:36:10.938Z</time>
			</trkpt>
			<trkpt lat="45.68227" lon="4.9627">
				<ele>217.74</ele>
				<time>2026-05-20T17:36:12.740Z</time>
			</trkpt>
			<trkpt lat="45.6824" lon="4.96289">
				<ele>218.7</ele>
				<time>2026-05-20T17:36:14.455Z</time>
			</trkpt>
			<trkpt lat="45.68254" lon="4.96306">
				<ele>220.21</ele>
				<time>2026-05-20T17:36:16.149Z</time>
			</trkpt>
			<trkpt lat="45.68268" lon="4.96318">
				<ele>221.15</ele>
				<time>2026-05-20T17:36:17.653Z</time>
			</trkpt>
			<trkpt lat="45.6828" lon="4.96325">
				<ele>221.73</ele>
				<time>2026-05-20T17:36:18.846Z</time>
			</trkpt>
			<trkpt lat="45.6829" lon="4.96328">
				<ele>221.89</ele>
				<time>2026-05-20T17:36:19.786Z</time>
			</trkpt>
			<trkpt lat="45.68308" lon="4.96324">
				<ele>221.76</ele>
				<time>2026-05-20T17:36:21.461Z</time>
			</trkpt>
			<trkpt lat="45.6832" lon="4.96314">
				<ele>220.91</ele>
				<time>2026-05-20T17:36:22.737Z</time>
			</trkpt>
			<trkpt lat="45.68367" lon="4.96244">
				<ele>219.24</ele>
				<time>2026-05-20T17:36:28.956Z</time>
			</trkpt>
			<trkpt lat="45.6838" lon="4.96231">
				<ele>219.68</ele>
				<time>2026-05-20T17:36:30.407Z</time>
			</trkpt>
			<trkpt lat="45.68396" lon="4.9622">
				<ele>220.47</ele>
				<time>2026-05-20T17:36:32.030Z</time>
			</trkpt>
			<trkpt lat="45.6841" lon="4.96214">
				<ele>221.26</ele>
				<time>2026-05-20T17:36:33.364Z</time>
			</trkpt>
			<trkpt lat="45.68476" lon="4.96206">
				<ele>222</ele>
				<time>2026-05-20T17:36:39.401Z</time>
			</trkpt>
			<trkpt lat="45.6853" lon="4.96213">
				<ele>220.89</ele>
				<time>2026-05-20T17:36:44.328Z</time>
			</trkpt>
			<trkpt lat="45.68562" lon="4.96219">
				<ele>220.47</ele>
				<time>2026-05-20T17:36:47.254Z</time>
			</trkpt>
			<trkpt lat="45.68618" lon="4.96236">
				<ele>226</ele>
				<time>2026-05-20T17:36:52.431Z</time>
			</trkpt>
			<trkpt lat="45.68671" lon="4.96256">
				<ele>226.76</ele>
				<time>2026-05-20T17:36:57.375Z</time>
			</trkpt>
			<trkpt lat="45.68734" lon="4.96289">
				<ele>233.37</ele>
				<time>2026-05-20T17:37:03.406Z</time>
			</trkpt>
			<trkpt lat="45.68767" lon="4.9631">
				<ele>237.53</ele>
				<time>2026-05-20T17:37:06.644Z</time>
			</trkpt>
			<trkpt lat="45.68826" lon="4.96352">
				<ele>240.19</ele>
				<time>2026-05-20T17:37:12.537Z</time>
			</trkpt>
			<trkpt lat="45.6888" lon="4.96401">
				<ele>241.58</ele>
				<time>2026-05-20T17:37:18.236Z</time>
			</trkpt>
			<trkpt lat="45.68927" lon="4.96449">
				<ele>243.24</ele>
				<time>2026-05-20T17:37:23.366Z</time>
			</trkpt>
			<trkpt lat="45.68954" lon="4.96481">
				<ele>245.33</ele>
				<time>2026-05-20T17:37:26.473Z</time>
			</trkpt>
			<trkpt lat="45.6916" lon="4.96738">
				<ele>251.13</ele>
				<time>2026-05-20T17:37:50.504Z</time>
			</trkpt>
			<trkpt lat="45.69243" lon="4.96834">
				<ele>247.99</ele>
				<time>2026-05-20T17:37:59.797Z</time>
			</trkpt>
			<trkpt lat="45.69292" lon="4.9688">
				<ele>249.85</ele>
				<time>2026-05-20T17:38:04.879Z</time>
			</trkpt>
			<trkpt lat="45.69351" lon="4.96924">
				<ele>248.71</ele>
				<time>2026-05-20T17:38:10.631Z</time>
			</trkpt>
			<trkpt lat="45.69375" lon="4.96939">
				<ele>245.44</ele>
				<time>2026-05-20T17:38:12.889Z</time>
			</trkpt>
			<trkpt lat="45.69403" lon="4.96953">
				<ele>243.75</ele>
				<time>2026-05-20T17:38:15.444Z</time>
			</trkpt>
			<trkpt lat="45.69448" lon="4.96968">
				<ele>244.41</ele>
				<time>2026-05-20T17:38:19.415Z</time>
			</trkpt>
			<trkpt lat="45.69506" lon="4.96978">
				<ele>243.44</ele>
				<time>2026-05-20T17:38:24.424Z</time>
			</trkpt>
			<trkpt lat="45.69565" lon="4.96977">
				<ele>243.82</ele>
				<time>2026-05-20T17:38:29.467Z</time>
			</trkpt>
			<trkpt lat="45.69601" lon="4.96971">
				<ele>239.46</ele>
				<time>2026-05-20T17:38:32.558Z</time>
			</trkpt>
			<trkpt lat="45.69625" lon="4.96964">
				<ele>237.22</ele>
				<time>2026-05-20T17:38:34.643Z</time>
			</trkpt>
			<trkpt lat="45.69675" lon="4.96944">
				<ele>236.69</ele>
				<time>2026-05-20T17:38:39.055Z</time>
			</trkpt>
			<trkpt lat="45.69706" lon="4.96926">
				<ele>235.74</ele>
				<time>2026-05-20T17:38:41.891Z</time>
			</trkpt>
			<trkpt lat="45.69732" lon="4.96909">
				<ele>235.42</ele>
				<time>2026-05-20T17:38:44.311Z</time>
			</trkpt>
			<trkpt lat="45.69782" lon="4.96867">
				<ele>234</ele>
				<time>2026-05-20T17:38:49.208Z</time>
			</trkpt>
			<trkpt lat="45.69894" lon="4.96753">
				<ele>231.83</ele>
				<time>2026-05-20T17:39:00.760Z</time>
			</trkpt>
			<trkpt lat="45.69956" lon="4.96696">
				<ele>228</ele>
				<time>2026-05-20T17:39:06.921Z</time>
			</trkpt>
			<trkpt lat="45.69997" lon="4.96665">
				<ele>227.09</ele>
				<time>2026-05-20T17:39:10.786Z</time>
			</trkpt>
			<trkpt lat="45.70041" lon="4.96641">
				<ele>225.83</ele>
				<time>2026-05-20T17:39:14.702Z</time>
			</trkpt>
			<trkpt lat="45.70062" lon="4.96632">
				<ele>225.14</ele>
				<time>2026-05-20T17:39:16.522Z</time>
			</trkpt>
			<trkpt lat="45.70107" lon="4.96617">
				<ele>223.39</ele>
				<time>2026-05-20T17:39:20.351Z</time>
			</trkpt>
			<trkpt lat="45.7013" lon="4.96612">
				<ele>221.72</ele>
				<time>2026-05-20T17:39:22.276Z</time>
			</trkpt>
			<trkpt lat="45.70176" lon="4.96608">
				<ele>220.58</ele>
				<time>2026-05-20T17:39:26.082Z</time>
			</trkpt>
			<trkpt lat="45.7024" lon="4.96612">
				<ele>221.05</ele>
				<time>2026-05-20T17:39:31.359Z</time>
			</trkpt>
			<trkpt lat="45.70293" lon="4.96622">
				<ele>222.73</ele>
				<time>2026-05-20T17:39:35.749Z</time>
			</trkpt>
			<trkpt lat="45.70814" lon="4.96764">
				<ele>207.84</ele>
				<time>2026-05-20T17:40:18.681Z</time>
			</trkpt>
			<trkpt lat="45.71123" lon="4.9685">
				<ele>209.63</ele>
				<time>2026-05-20T17:40:43.638Z</time>
			</trkpt>
			<trkpt lat="45.71432" lon="4.96963">
				<ele>212.91</ele>
				<time>2026-05-20T17:41:08.535Z</time>
			</trkpt>
			<trkpt lat="45.7154" lon="4.97007">
				<ele>211.31</ele>
				<time>2026-05-20T17:41:17.209Z</time>
			</trkpt>
			<trkpt lat="45.71848" lon="4.97143">
				<ele>208.9</ele>
				<time>2026-05-20T17:41:41.853Z</time>
			</trkpt>
			<trkpt lat="45.71912" lon="4.97178">
				<ele>208.52</ele>
				<time>2026-05-20T17:41:47.042Z</time>
			</trkpt>
			<trkpt lat="45.71962" lon="4.9721">
				<ele>209.28</ele>
				<time>2026-05-20T17:41:51.178Z</time>
			</trkpt>
			<trkpt lat="45.72111" lon="4.97325">
				<ele>210.71</ele>
				<time>2026-05-20T17:42:03.894Z</time>
			</trkpt>
			<trkpt lat="45.72206" lon="4.97392">
				<ele>208.86</ele>
				<time>2026-05-20T17:42:11.799Z</time>
			</trkpt>
			<trkpt lat="45.72304" lon="4.97452">
				<ele>208.72</ele>
				<time>2026-05-20T17:42:19.715Z</time>
			</trkpt>
			<trkpt lat="45.72395" lon="4.97499">
				<ele>210.24</ele>
				<time>2026-05-20T17:42:26.866Z</time>
			</trkpt>
			<trkpt lat="45.72434" lon="4.97517">
				<ele>211.39</ele>
				<time>2026-05-20T17:42:29.886Z</time>
			</trkpt>
			<trkpt lat="45.72502" lon="4.97545">
				<ele>209.59</ele>
				<time>2026-05-20T17:42:35.086Z</time>
			</trkpt>
			<trkpt lat="45.72654" lon="4.976">
				<ele>211.62</ele>
				<time>2026-05-20T17:42:46.549Z</time>
			</trkpt>
			<trkpt lat="45.72729" lon="4.97635">
				<ele>209.45</ele>
				<time>2026-05-20T17:42:52.285Z</time>
			</trkpt>
			<trkpt lat="45.72789" lon="4.97665">
				<ele>207.83</ele>
				<time>2026-05-20T17:42:56.891Z</time>
			</trkpt>
			<trkpt lat="45.72881" lon="4.97719">
				<ele>208</ele>
				<time>2026-05-20T17:43:04.071Z</time>
			</trkpt>
			<trkpt lat="45.7328" lon="4.97975">
				<ele>206.3</ele>
				<time>2026-05-20T17:43:35.264Z</time>
			</trkpt>
			<trkpt lat="45.7339" lon="4.98052">
				<ele>209.87</ele>
				<time>2026-05-20T17:43:43.891Z</time>
			</trkpt>
			<trkpt lat="45.73462" lon="4.98108">
				<ele>206.45</ele>
				<time>2026-05-20T17:43:49.637Z</time>
			</trkpt>
			<trkpt lat="45.7357" lon="4.98199">
				<ele>206.9</ele>
				<time>2026-05-20T17:43:58.386Z</time>
			</trkpt>
			<trkpt lat="45.74091" lon="4.98653">
				<ele>218</ele>
				<time>2026-05-20T17:44:40.297Z</time>
			</trkpt>
			<trkpt lat="45.74175" lon="4.98722">
				<ele>221.32</ele>
				<time>2026-05-20T17:44:46.853Z</time>
			</trkpt>
			<trkpt lat="45.74215" lon="4.9875">
				<ele>225.03</ele>
				<time>2026-05-20T17:44:49.858Z</time>
			</trkpt>
			<trkpt lat="45.74267" lon="4.98781">
				<ele>230.56</ele>
				<time>2026-05-20T17:44:53.652Z</time>
			</trkpt>
			<trkpt lat="45.74314" lon="4.98803">
				<ele>229.93</ele>
				<time>2026-05-20T17:44:56.976Z</time>
			</trkpt>
			<trkpt lat="45.74357" lon="4.9882">
				<ele>232.33</ele>
				<time>2026-05-20T17:44:59.968Z</time>
			</trkpt>
			<trkpt lat="45.74403" lon="4.98835">
				<ele>233.61</ele>
				<time>2026-05-20T17:45:03.127Z</time>
			</trkpt>
			<trkpt lat="45.74456" lon="4.98846">
				<ele>235.27</ele>
				<time>2026-05-20T17:45:06.705Z</time>
			</trkpt>
			<trkpt lat="45.74509" lon="4.98853">
				<ele>238.61</ele>
				<time>2026-05-20T17:45:10.254Z</time>
			</trkpt>
			<trkpt lat="45.74558" lon="4.98855">
				<ele>237.67</ele>
				<time>2026-05-20T17:45:13.516Z</time>
			</trkpt>
			<trkpt lat="45.74598" lon="4.98853">
				<ele>235.23</ele>
				<time>2026-05-20T17:45:16.174Z</time>
			</trkpt>
			<trkpt lat="45.74652" lon="4.98846">
				<ele>233.23</ele>
				<time>2026-05-20T17:45:19.768Z</time>
			</trkpt>
			<trkpt lat="45.74697" lon="4.98836">
				<ele>233.91</ele>
				<time>2026-05-20T17:45:22.781Z</time>
			</trkpt>
			<trkpt lat="45.7475" lon="4.98821">
				<ele>232.61</ele>
				<time>2026-05-20T17:45:26.347Z</time>
			</trkpt>
			<trkpt lat="45.74788" lon="4.98806">
				<ele>233.05</ele>
				<time>2026-05-20T17:45:28.945Z</time>
			</trkpt>
			<trkpt lat="45.74843" lon="4.98779">
				<ele>229.2</ele>
				<time>2026-05-20T17:45:32.769Z</time>
			</trkpt>
			<trkpt lat="45.74889" lon="4.98753">
				<ele>228.97</ele>
				<time>2026-05-20T17:45:36.014Z</time>
			</trkpt>
			<trkpt lat="45.75029" lon="4.98665">
				<ele>223.94</ele>
				<time>2026-05-20T17:45:46.007Z</time>
			</trkpt>
			<trkpt lat="45.75086" lon="4.98632">
				<ele>223.12</ele>
				<time>2026-05-20T17:45:50.009Z</time>
			</trkpt>
			<trkpt lat="45.75141" lon="4.98607">
				<ele>223.64</ele>
				<time>2026-05-20T17:45:53.756Z</time>
			</trkpt>
			<trkpt lat="45.75172" lon="4.98595">
				<ele>222.06</ele>
				<time>2026-05-20T17:45:55.838Z</time>
			</trkpt>
			<trkpt lat="45.75207" lon="4.98584">
				<ele>219.14</ele>
				<time>2026-05-20T17:45:58.158Z</time>
			</trkpt>
			<trkpt lat="45.7526" lon="4.98572">
				<ele>219.58</ele>
				<time>2026-05-20T17:46:01.626Z</time>
			</trkpt>
			<trkpt lat="45.75358" lon="4.9856">
				<ele>214.28</ele>
				<time>2026-05-20T17:46:07.965Z</time>
			</trkpt>
			<trkpt lat="45.75398" lon="4.98558">
				<ele>213.12</ele>
				<time>2026-05-20T17:46:10.537Z</time>
			</trkpt>
			<trkpt lat="45.77196" lon="4.98479">
				<ele>191.83</ele>
				<time>2026-05-20T17:48:02.421Z</time>
			</trkpt>
			<trkpt lat="45.77252" lon="4.98474">
				<ele>188.07</ele>
				<time>2026-05-20T17:48:05.803Z</time>
			</trkpt>
			<trkpt lat="45.77321" lon="4.9846">
				<ele>189.63</ele>
				<time>2026-05-20T17:48:09.995Z</time>
			</trkpt>
			<trkpt lat="45.77349" lon="4.9845">
				<ele>191.24</ele>
				<time>2026-05-20T17:48:11.729Z</time>
			</trkpt>
			<trkpt lat="45.77398" lon="4.98426">
				<ele>193.23</ele>
				<time>2026-05-20T17:48:14.835Z</time>
			</trkpt>
			<trkpt lat="45.77451" lon="4.9839">
				<ele>191.74</ele>
				<time>2026-05-20T17:48:18.348Z</time>
			</trkpt>
			<trkpt lat="45.77494" lon="4.9835">
				<ele>187.66</ele>
				<time>2026-05-20T17:48:21.412Z</time>
			</trkpt>
			<trkpt lat="45.77524" lon="4.98316">
				<ele>185.24</ele>
				<time>2026-05-20T17:48:23.696Z</time>
			</trkpt>
			<trkpt lat="45.77546" lon="4.98286">
				<ele>185.89</ele>
				<time>2026-05-20T17:48:25.507Z</time>
			</trkpt>
			<trkpt lat="45.77585" lon="4.98225">
				<ele>185.13</ele>
				<time>2026-05-20T17:48:28.945Z</time>
			</trkpt>
			<trkpt lat="45.77602" lon="4.98191">
				<ele>186.03</ele>
				<time>2026-05-20T17:48:30.681Z</time>
			</trkpt>
			<trkpt lat="45.77635" lon="4.98112">
				<ele>187.13</ele>
				<time>2026-05-20T17:48:34.497Z</time>
			</trkpt>
			<trkpt lat="45.77657" lon="4.98033">
				<ele>188.67</ele>
				<time>2026-05-20T17:48:38.016Z</time>
			</trkpt>
			<trkpt lat="45.77668" lon="4.97981">
				<ele>188.41</ele>
				<time>2026-05-20T17:48:40.261Z</time>
			</trkpt>
			<trkpt lat="45.77678" lon="4.9792">
				<ele>185.65</ele>
				<time>2026-05-20T17:48:42.846Z</time>
			</trkpt>
			<trkpt lat="45.77684" lon="4.97869">
				<ele>185.63</ele>
				<time>2026-05-20T17:48:44.977Z</time>
			</trkpt>
			<trkpt lat="45.77811" lon="4.96602">
				<ele>192.97</ele>
				<time>2026-05-20T17:49:37.068Z</time>
			</trkpt>
			<trkpt lat="45.77824" lon="4.96504">
				<ele>190.94</ele>
				<time>2026-05-20T17:49:41.077Z</time>
			</trkpt>
			<trkpt lat="45.77832" lon="4.96458">
				<ele>192.08</ele>
				<time>2026-05-20T17:49:42.980Z</time>
			</trkpt>
			<trkpt lat="45.77845" lon="4.96396">
				<ele>191.22</ele>
				<time>2026-05-20T17:49:45.577Z</time>
			</trkpt>
			<trkpt lat="45.77866" lon="4.96318">
				<ele>188.41</ele>
				<time>2026-05-20T17:49:48.926Z</time>
			</trkpt>
			<trkpt lat="45.77879" lon="4.96273">
				<ele>186.8</ele>
				<time>2026-05-20T17:49:50.875Z</time>
			</trkpt>
			<trkpt lat="45.77908" lon="4.9619">
				<ele>183.75</ele>
				<time>2026-05-20T17:49:54.585Z</time>
			</trkpt>
			<trkpt lat="45.7794" lon="4.96116">
				<ele>180.98</ele>
				<time>2026-05-20T17:49:58.060Z</time>
			</trkpt>
			<trkpt lat="45.77979" lon="4.96037">
				<ele>183.5</ele>
				<time>2026-05-20T17:50:01.918Z</time>
			</trkpt>
			<trkpt lat="45.78009" lon="4.95986">
				<ele>180.79</ele>
				<time>2026-05-20T17:50:04.573Z</time>
			</trkpt>
			<trkpt lat="45.78056" lon="4.95916">
				<ele>178.97</ele>
				<time>2026-05-20T17:50:08.435Z</time>
			</trkpt>
			<trkpt lat="45.78084" lon="4.95879">
				<ele>177.88</ele>
				<time>2026-05-20T17:50:10.603Z</time>
			</trkpt>
			<trkpt lat="45.78116" lon="4.95842">
				<ele>175.92</ele>
				<time>2026-05-20T17:50:12.941Z</time>
			</trkpt>
			<trkpt lat="45.78156" lon="4.958">
				<ele>175.93</ele>
				<time>2026-05-20T17:50:15.759Z</time>
			</trkpt>
			<trkpt lat="45.78192" lon="4.95768">
				<ele>175.04</ele>
				<time>2026-05-20T17:50:18.163Z</time>
			</trkpt>
			<trkpt lat="45.78254" lon="4.95719">
				<ele>174.94</ele>
				<time>2026-05-20T17:50:22.177Z</time>
			</trkpt>
			<trkpt lat="45.78301" lon="4.95688">
				<ele>176.05</ele>
				<time>2026-05-20T17:50:25.107Z</time>
			</trkpt>
			<trkpt lat="45.78365" lon="4.95655">
				<ele>175</ele>
				<time>2026-05-20T17:50:28.954Z</time>
			</trkpt>
			<trkpt lat="45.78419" lon="4.95633">
				<ele>175.07</ele>
				<time>2026-05-20T17:50:32.125Z</time>
			</trkpt>
			<trkpt lat="45.78495" lon="4.95612">
				<ele>176.65</ele>
				<time>2026-05-20T17:50:36.492Z</time>
			</trkpt>
			<trkpt lat="45.78574" lon="4.95602">
				<ele>182.48</ele>
				<time>2026-05-20T17:50:40.960Z</time>
			</trkpt>
			<trkpt lat="45.78609" lon="4.956">
				<ele>177.42</ele>
				<time>2026-05-20T17:50:42.931Z</time>
			</trkpt>
			<trkpt lat="45.7865" lon="4.95602">
				<ele>177.49</ele>
				<time>2026-05-20T17:50:45.237Z</time>
			</trkpt>
			<trkpt lat="45.78802" lon="4.9562">
				<ele>177.82</ele>
				<time>2026-05-20T17:50:53.798Z</time>
			</trkpt>
			<trkpt lat="45.78844" lon="4.95622">
				<ele>178</ele>
				<time>2026-05-20T17:50:56.153Z</time>
			</trkpt>
			<trkpt lat="45.78881" lon="4.95621">
				<ele>178</ele>
				<time>2026-05-20T17:50:58.225Z</time>
			</trkpt>
			<trkpt lat="45.78916" lon="4.95616">
				<ele>178</ele>
				<time>2026-05-20T17:51:00.193Z</time>
			</trkpt>
			<trkpt lat="45.78949" lon="4.95608">
				<ele>176.88</ele>
				<time>2026-05-20T17:51:02.065Z</time>
			</trkpt>
			<trkpt lat="45.79003" lon="4.9559">
				<ele>177.5</ele>
				<time>2026-05-20T17:51:05.163Z</time>
			</trkpt>
			<trkpt lat="45.79067" lon="4.95558">
				<ele>178.05</ele>
				<time>2026-05-20T17:51:08.947Z</time>
			</trkpt>
			<trkpt lat="45.79099" lon="4.95538">
				<ele>178.21</ele>
				<time>2026-05-20T17:51:10.894Z</time>
			</trkpt>
			<trkpt lat="45.79142" lon="4.95505">
				<ele>175</ele>
				<time>2026-05-20T17:51:13.612Z</time>
			</trkpt>
			<trkpt lat="45.7918" lon="4.9547">
				<ele>175.06</ele>
				<time>2026-05-20T17:51:16.127Z</time>
			</trkpt>
			<trkpt lat="45.79207" lon="4.95441">
				<ele>176.99</ele>
				<time>2026-05-20T17:51:18.005Z</time>
			</trkpt>
			<trkpt lat="45.79236" lon="4.95408">
				<ele>178.14</ele>
				<time>2026-05-20T17:51:20.064Z</time>
			</trkpt>
			<trkpt lat="45.79279" lon="4.95348">
				<ele>177.94</ele>
				<time>2026-05-20T17:51:23.400Z</time>
			</trkpt>
			<trkpt lat="45.79322" lon="4.95275">
				<ele>175.29</ele>
				<time>2026-05-20T17:51:27.100Z</time>
			</trkpt>
			<trkpt lat="45.79345" lon="4.9523">
				<ele>173.25</ele>
				<time>2026-05-20T17:51:29.259Z</time>
			</trkpt>
			<trkpt lat="45.79379" lon="4.95157">
				<ele>173.04</ele>
				<time>2026-05-20T17:51:32.653Z</time>
			</trkpt>
			<trkpt lat="45.79406" lon="4.9509">
				<ele>174.45</ele>
				<time>2026-05-20T17:51:35.643Z</time>
			</trkpt>
			<trkpt lat="45.79451" lon="4.94969">
				<ele>176.93</ele>
				<time>2026-05-20T17:51:40.935Z</time>
			</trkpt>
			<trkpt lat="45.79542" lon="4.9472">
				<ele>174.47</ele>
				<time>2026-05-20T17:51:51.764Z</time>
			</trkpt>
			<trkpt lat="45.79597" lon="4.94558">
				<ele>174.04</ele>
				<time>2026-05-20T17:51:58.690Z</time>
			</trkpt>
			<trkpt lat="45.79616" lon="4.94495">
				<ele>175.48</ele>
				<time>2026-05-20T17:52:01.325Z</time>
			</trkpt>
			<trkpt lat="45.79649" lon="4.94372">
				<ele>175.41</ele>
				<time>2026-05-20T17:52:06.382Z</time>
			</trkpt>
			<trkpt lat="45.79665" lon="4.94299">
				<ele>173.26</ele>
				<time>2026-05-20T17:52:09.316Z</time>
			</trkpt>
			<trkpt lat="45.79677" lon="4.94236">
				<ele>174.8</ele>
				<time>2026-05-20T17:52:11.818Z</time>
			</trkpt>
			<trkpt lat="45.7969" lon="4.94144">
				<ele>175</ele>
				<time>2026-05-20T17:52:15.413Z</time>
			</trkpt>
			<trkpt lat="45.79696" lon="4.94067">
				<ele>173</ele>
				<time>2026-05-20T17:52:18.378Z</time>
			</trkpt>
			<trkpt lat="45.79699" lon="4.94009">
				<ele>174.1</ele>
				<time>2026-05-20T17:52:20.603Z</time>
			</trkpt>
			<trkpt lat="45.79699" lon="4.93959">
				<ele>174.79</ele>
				<time>2026-05-20T17:52:22.515Z</time>
			</trkpt>
			<trkpt lat="45.79696" lon="4.93879">
				<ele>173.79</ele>
				<time>2026-05-20T17:52:25.577Z</time>
			</trkpt>
			<trkpt lat="45.7969" lon="4.93819">
				<ele>171.8</ele>
				<time>2026-05-20T17:52:27.893Z</time>
			</trkpt>
			<trkpt lat="45.79683" lon="4.93762">
				<ele>172.46</ele>
				<time>2026-05-20T17:52:30.103Z</time>
			</trkpt>
			<trkpt lat="45.79665" lon="4.93672">
				<ele>176.1</ele>
				<time>2026-05-20T17:52:33.678Z</time>
			</trkpt>
			<trkpt lat="45.7964" lon="4.93582">
				<ele>172.02</ele>
				<time>2026-05-20T17:52:37.374Z</time>
			</trkpt>
			<trkpt lat="45.79594" lon="4.93429">
				<ele>175.03</ele>
				<time>2026-05-20T17:52:43.727Z</time>
			</trkpt>
			<trkpt lat="45.79575" lon="4.93345">
				<ele>174.31</ele>
				<time>2026-05-20T17:52:47.091Z</time>
			</trkpt>
			<trkpt lat="45.7957" lon="4.9331">
				<ele>173.62</ele>
				<time>2026-05-20T17:52:48.452Z</time>
			</trkpt>
			<trkpt lat="45.79566" lon="4.93276">
				<ele>172.98</ele>
				<time>2026-05-20T17:52:49.765Z</time>
			</trkpt>
			<trkpt lat="45.79565" lon="4.93237">
				<ele>172.04</ele>
				<time>2026-05-20T17:52:51.251Z</time>
			</trkpt>
			<trkpt lat="45.79566" lon="4.93211">
				<ele>171.21</ele>
				<time>2026-05-20T17:52:52.243Z</time>
			</trkpt>
			<trkpt lat="45.79574" lon="4.93155">
				<ele>171.16</ele>
				<time>2026-05-20T17:52:54.419Z</time>
			</trkpt>
			<trkpt lat="45.7958" lon="4.93127">
				<ele>172.88</ele>
				<time>2026-05-20T17:52:55.533Z</time>
			</trkpt>
			<trkpt lat="45.79588" lon="4.931">
				<ele>174.1</ele>
				<time>2026-05-20T17:52:56.650Z</time>
			</trkpt>
			<trkpt lat="45.79601" lon="4.93066">
				<ele>175.34</ele>
				<time>2026-05-20T17:52:58.125Z</time>
			</trkpt>
			<trkpt lat="45.79615" lon="4.93038">
				<ele>175.83</ele>
				<time>2026-05-20T17:52:59.436Z</time>
			</trkpt>
			<trkpt lat="45.79627" lon="4.93018">
				<ele>175.19</ele>
				<time>2026-05-20T17:53:00.439Z</time>
			</trkpt>
			<trkpt lat="45.79662" lon="4.92974">
				<ele>173.22</ele>
				<time>2026-05-20T17:53:02.978Z</time>
			</trkpt>
			<trkpt lat="45.79685" lon="4.92954">
				<ele>173.67</ele>
				<time>2026-05-20T17:53:04.445Z</time>
			</trkpt>
			<trkpt lat="45.79718" lon="4.92933">
				<ele>173.61</ele>
				<time>2026-05-20T17:53:06.413Z</time>
			</trkpt>
			<trkpt lat="45.79851" lon="4.92875">
				<ele>174.65</ele>
				<time>2026-05-20T17:53:13.990Z</time>
			</trkpt>
			<trkpt lat="45.79866" lon="4.92864">
				<ele>174.54</ele>
				<time>2026-05-20T17:53:14.908Z</time>
			</trkpt>
			<trkpt lat="45.80038" lon="4.92789">
				<ele>177.91</ele>
				<time>2026-05-20T17:53:24.699Z</time>
			</trkpt>
			<trkpt lat="45.80338" lon="4.92632">
				<ele>181.06</ele>
				<time>2026-05-20T17:53:42.078Z</time>
			</trkpt>
			<trkpt lat="45.80346" lon="4.92624">
				<ele>181.12</ele>
				<time>2026-05-20T17:53:42.609Z</time>
			</trkpt>
			<trkpt lat="45.80363" lon="4.92616">
				<ele>180.36</ele>
				<time>2026-05-20T17:53:43.582Z</time>
			</trkpt>
			<trkpt lat="45.80456" lon="4.9259">
				<ele>181.66</ele>
				<time>2026-05-20T17:53:48.724Z</time>
			</trkpt>
			<trkpt lat="45.80489" lon="4.92573">
				<ele>181.81</ele>
				<time>2026-05-20T17:53:50.622Z</time>
			</trkpt>
			<trkpt lat="45.8051" lon="4.92558">
				<ele>179.86</ele>
				<time>2026-05-20T17:53:51.891Z</time>
			</trkpt>
			<trkpt lat="45.80539" lon="4.92529">
				<ele>178.18</ele>
				<time>2026-05-20T17:53:53.800Z</time>
			</trkpt>
			<trkpt lat="45.80559" lon="4.92498">
				<ele>177.77</ele>
				<time>2026-05-20T17:53:55.389Z</time>
			</trkpt>
			<trkpt lat="45.8057" lon="4.92479">
				<ele>178.4</ele>
				<time>2026-05-20T17:53:56.317Z</time>
			</trkpt>
			<trkpt lat="45.80608" lon="4.92391">
				<ele>181.73</ele>
				<time>2026-05-20T17:54:00.201Z</time>
			</trkpt>
			<trkpt lat="45.80632" lon="4.92338">
				<ele>176.59</ele>
				<time>2026-05-20T17:54:02.567Z</time>
			</trkpt>
			<trkpt lat="45.80859" lon="4.91885">
				<ele>207.27</ele>
				<time>2026-05-20T17:54:23.289Z</time>
			</trkpt>
			<trkpt lat="45.80878" lon="4.91852">
				<ele>209.02</ele>
				<time>2026-05-20T17:54:24.867Z</time>
			</trkpt>
			<trkpt lat="45.8091" lon="4.91802">
				<ele>209.48</ele>
				<time>2026-05-20T17:54:27.366Z</time>
			</trkpt>
			<trkpt lat="45.8094" lon="4.91761">
				<ele>214.6</ele>
				<time>2026-05-20T17:54:29.550Z</time>
			</trkpt>
			<trkpt lat="45.80994" lon="4.917">
				<ele>223.93</ele>
				<time>2026-05-20T17:54:33.167Z</time>
			</trkpt>
			<trkpt lat="45.81025" lon="4.91673">
				<ele>224.8</ele>
				<time>2026-05-20T17:54:35.072Z</time>
			</trkpt>
			<trkpt lat="45.81065" lon="4.91647">
				<ele>228.21</ele>
				<time>2026-05-20T17:54:37.375Z</time>
			</trkpt>
			<trkpt lat="45.81088" lon="4.91635">
				<ele>225.66</ele>
				<time>2026-05-20T17:54:38.657Z</time>
			</trkpt>
			<trkpt lat="45.81121" lon="4.91621">
				<ele>227.53</ele>
				<time>2026-05-20T17:54:40.458Z</time>
			</trkpt>
			<trkpt lat="45.81158" lon="4.91611">
				<ele>232.42</ele>
				<time>2026-05-20T17:54:42.426Z</time>
			</trkpt>
			<trkpt lat="45.81193" lon="4.91606">
				<ele>235.53</ele>
				<time>2026-05-20T17:54:44.262Z</time>
			</trkpt>
			<trkpt lat="45.81216" lon="4.91605">
				<ele>239.47</ele>
				<time>2026-05-20T17:54:45.462Z</time>
			</trkpt>
			<trkpt lat="45.81259" lon="4.91607">
				<ele>242.62</ele>
				<time>2026-05-20T17:54:47.702Z</time>
			</trkpt>
			<trkpt lat="45.81307" lon="4.91615">
				<ele>240.8</ele>
				<time>2026-05-20T17:54:50.215Z</time>
			</trkpt>
			<trkpt lat="45.81374" lon="4.91638">
				<ele>245.5</ele>
				<time>2026-05-20T17:54:53.790Z</time>
			</trkpt>
			<trkpt lat="45.81414" lon="4.91656">
				<ele>245.48</ele>
				<time>2026-05-20T17:54:55.961Z</time>
			</trkpt>
			<trkpt lat="45.81481" lon="4.91692">
				<ele>247.43</ele>
				<time>2026-05-20T17:54:59.659Z</time>
			</trkpt>
			<trkpt lat="45.81608" lon="4.91769">
				<ele>262.54</ele>
				<time>2026-05-20T17:55:06.760Z</time>
			</trkpt>
			<trkpt lat="45.81701" lon="4.9182">
				<ele>265.95</ele>
				<time>2026-05-20T17:55:11.867Z</time>
			</trkpt>
			<trkpt lat="45.81762" lon="4.91844">
				<ele>268.9</ele>
				<time>2026-05-20T17:55:15.102Z</time>
			</trkpt>
			<trkpt lat="45.81836" lon="4.91862">
				<ele>275.21</ele>
				<time>2026-05-20T17:55:18.932Z</time>
			</trkpt>
			<trkpt lat="45.81908" lon="4.91867">
				<ele>278.34</ele>
				<time>2026-05-20T17:55:22.601Z</time>
			</trkpt>
			<trkpt lat="45.81993" lon="4.91861">
				<ele>283.58</ele>
				<time>2026-05-20T17:55:26.921Z</time>
			</trkpt>
			<trkpt lat="45.82208" lon="4.91832">
				<ele>291.47</ele>
				<time>2026-05-20T17:55:37.829Z</time>
			</trkpt>
			<trkpt lat="45.82261" lon="4.91827">
				<ele>291.22</ele>
				<time>2026-05-20T17:55:40.499Z</time>
			</trkpt>
			<trkpt lat="45.82327" lon="4.91825">
				<ele>296.76</ele>
				<time>2026-05-20T17:55:43.812Z</time>
			</trkpt>
			<trkpt lat="45.82362" lon="4.91826">
				<ele>299.72</ele>
				<time>2026-05-20T17:55:45.566Z</time>
			</trkpt>
			<trkpt lat="45.82404" lon="4.91831">
				<ele>297.88</ele>
				<time>2026-05-20T17:55:47.675Z</time>
			</trkpt>
			<trkpt lat="45.82528" lon="4.91855">
				<ele>299.77</ele>
				<time>2026-05-20T17:55:53.919Z</time>
			</trkpt>
			<trkpt lat="45.82601" lon="4.91865">
				<ele>299.24</ele>
				<time>2026-05-20T17:55:57.566Z</time>
			</trkpt>
			<trkpt lat="45.8267" lon="4.91864">
				<ele>301.23</ele>
				<time>2026-05-20T17:56:00.990Z</time>
			</trkpt>
			<trkpt lat="45.82777" lon="4.91853">
				<ele>302.74</ele>
				<time>2026-05-20T17:56:06.299Z</time>
			</trkpt>
			<trkpt lat="45.82861" lon="4.9185">
				<ele>303.65</ele>
				<time>2026-05-20T17:56:10.444Z</time>
			</trkpt>
			<trkpt lat="45.83041" lon="4.91867">
				<ele>305.72</ele>
				<time>2026-05-20T17:56:19.306Z</time>
			</trkpt>
			<trkpt lat="45.8312" lon="4.91863">
				<ele>303.59</ele>
				<time>2026-05-20T17:56:23.174Z</time>
			</trkpt>
			<trkpt lat="45.83169" lon="4.91855">
				<ele>301.98</ele>
				<time>2026-05-20T17:56:25.582Z</time>
			</trkpt>
			<trkpt lat="45.83195" lon="4.91848">
				<ele>301.56</ele>
				<time>2026-05-20T17:56:26.872Z</time>
			</trkpt>
			<trkpt lat="45.83281" lon="4.91821">
				<ele>300.81</ele>
				<time>2026-05-20T17:56:31.158Z</time>
			</trkpt>
			<trkpt lat="45.83412" lon="4.91773">
				<ele>300</ele>
				<time>2026-05-20T17:56:37.717Z</time>
			</trkpt>
			<trkpt lat="45.83501" lon="4.91749">
				<ele>299.95</ele>
				<time>2026-05-20T17:56:42.096Z</time>
			</trkpt>
			<trkpt lat="45.8359" lon="4.91737">
				<ele>294.74</ele>
				<time>2026-05-20T17:56:46.406Z</time>
			</trkpt>
			<trkpt lat="45.83775" lon="4.91719">
				<ele>290.17</ele>
				<time>2026-05-20T17:56:55.310Z</time>
			</trkpt>
			<trkpt lat="45.83817" lon="4.91711">
				<ele>289.93</ele>
				<time>2026-05-20T17:56:57.337Z</time>
			</trkpt>
			<trkpt lat="45.83892" lon="4.9169">
				<ele>287.86</ele>
				<time>2026-05-20T17:57:00.988Z</time>
			</trkpt>
			<trkpt lat="45.83952" lon="4.91666">
				<ele>286.29</ele>
				<time>2026-05-20T17:57:03.958Z</time>
			</trkpt>
			<trkpt lat="45.84027" lon="4.91626">
				<ele>288.98</ele>
				<time>2026-05-20T17:57:07.764Z</time>
			</trkpt>
			<trkpt lat="45.84103" lon="4.91577">
				<ele>285.47</ele>
				<time>2026-05-20T17:57:11.719Z</time>
			</trkpt>
			<trkpt lat="45.84253" lon="4.9147">
				<ele>286.2</ele>
				<time>2026-05-20T17:57:19.640Z</time>
			</trkpt>
			<trkpt lat="45.84313" lon="4.91432">
				<ele>289.69</ele>
				<time>2026-05-20T17:57:22.732Z</time>
			</trkpt>
			<trkpt lat="45.84365" lon="4.91404">
				<ele>289.7</ele>
				<time>2026-05-20T17:57:25.345Z</time>
			</trkpt>
			<trkpt lat="45.85076" lon="4.91056">
				<ele>286.04</ele>
				<time>2026-05-20T17:58:00.306Z</time>
			</trkpt>
			<trkpt lat="45.85146" lon="4.91024">
				<ele>287.18</ele>
				<time>2026-05-20T17:58:03.687Z</time>
			</trkpt>
			<trkpt lat="45.85215" lon="4.90996">
				<ele>289.88</ele>
				<time>2026-05-20T17:58:06.982Z</time>
			</trkpt>
			<trkpt lat="45.85298" lon="4.90966">
				<ele>289.67</ele>
				<time>2026-05-20T17:58:10.906Z</time>
			</trkpt>
			<trkpt lat="45.85444" lon="4.90929">
				<ele>287.05</ele>
				<time>2026-05-20T17:58:17.684Z</time>
			</trkpt>
			<trkpt lat="45.8552" lon="4.90914">
				<ele>283.56</ele>
				<time>2026-05-20T17:58:21.182Z</time>
			</trkpt>
			<trkpt lat="45.8578" lon="4.9088">
				<ele>270.69</ele>
				<time>2026-05-20T17:58:33.035Z</time>
			</trkpt>
			<trkpt lat="45.85902" lon="4.90854">
				<ele>271.37</ele>
				<time>2026-05-20T17:58:38.608Z</time>
			</trkpt>
			<trkpt lat="45.8604" lon="4.90815">
				<ele>275.09</ele>
				<time>2026-05-20T17:58:44.945Z</time>
			</trkpt>
			<trkpt lat="45.86171" lon="4.90768">
				<ele>270.55</ele>
				<time>2026-05-20T17:58:51.008Z</time>
			</trkpt>
			<trkpt lat="45.86233" lon="4.90743">
				<ele>269.54</ele>
				<time>2026-05-20T17:58:53.894Z</time>
			</trkpt>
			<trkpt lat="45.8633" lon="4.90698">
				<ele>271.09</ele>
				<time>2026-05-20T17:58:58.453Z</time>
			</trkpt>
			<trkpt lat="45.8644" lon="4.90653">
				<ele>270.85</ele>
				<time>2026-05-20T17:59:03.555Z</time>
			</trkpt>
			<trkpt lat="45.8653" lon="4.90613">
				<ele>271.07</ele>
				<time>2026-05-20T17:59:07.749Z</time>
			</trkpt>
			<trkpt lat="45.86655" lon="4.90563">
				<ele>274.6</ele>
				<time>2026-05-20T17:59:13.511Z</time>
			</trkpt>
			<trkpt lat="45.86732" lon="4.90538">
				<ele>276.36</ele>
				<time>2026-05-20T17:59:17.009Z</time>
			</trkpt>
			<trkpt lat="45.86931" lon="4.90489">
				<ele>283.22</ele>
				<time>2026-05-20T17:59:25.928Z</time>
			</trkpt>
			<trkpt lat="45.87122" lon="4.90453">
				<ele>289.39</ele>
				<time>2026-05-20T17:59:34.405Z</time>
			</trkpt>
			<trkpt lat="45.87213" lon="4.90432">
				<ele>292.7</ele>
				<time>2026-05-20T17:59:38.449Z</time>
			</trkpt>
			<trkpt lat="45.87303" lon="4.90405">
				<ele>294.39</ele>
				<time>2026-05-20T17:59:42.476Z</time>
			</trkpt>
			<trkpt lat="45.87393" lon="4.90371">
				<ele>295.95</ele>
				<time>2026-05-20T17:59:46.544Z</time>
			</trkpt>
			<trkpt lat="45.87471" lon="4.90336">
				<ele>303.04</ele>
				<time>2026-05-20T17:59:50.111Z</time>
			</trkpt>
			<trkpt lat="45.87571" lon="4.90282">
				<ele>303.1</ele>
				<time>2026-05-20T17:59:54.767Z</time>
			</trkpt>
			<trkpt lat="45.8764" lon="4.90239">
				<ele>302.56</ele>
				<time>2026-05-20T17:59:58.039Z</time>
			</trkpt>
			<trkpt lat="45.87709" lon="4.90192">
				<ele>302.5</ele>
				<time>2026-05-20T18:00:01.356Z</time>
			</trkpt>
			<trkpt lat="45.8782" lon="4.90103">
				<ele>302.34</ele>
				<time>2026-05-20T18:00:06.869Z</time>
			</trkpt>
			<trkpt lat="45.8787" lon="4.90058">
				<ele>301.88</ele>
				<time>2026-05-20T18:00:09.424Z</time>
			</trkpt>
			<trkpt lat="45.87983" lon="4.89948">
				<ele>300.79</ele>
				<time>2026-05-20T18:00:15.324Z</time>
			</trkpt>
			<trkpt lat="45.88091" lon="4.89839">
				<ele>298.71</ele>
				<time>2026-05-20T18:00:21.017Z</time>
			</trkpt>
			<trkpt lat="45.88216" lon="4.89719">
				<ele>301.2</ele>
				<time>2026-05-20T18:00:27.487Z</time>
			</trkpt>
			<trkpt lat="45.88253" lon="4.89686">
				<ele>298.48</ele>
				<time>2026-05-20T18:00:29.358Z</time>
			</trkpt>
			<trkpt lat="45.88335" lon="4.89618">
				<ele>296.78</ele>
				<time>2026-05-20T18:00:33.422Z</time>
			</trkpt>
			<trkpt lat="45.88381" lon="4.89583">
				<ele>299.7</ele>
				<time>2026-05-20T18:00:35.654Z</time>
			</trkpt>
			<trkpt lat="45.88497" lon="4.89505">
				<ele>302.7</ele>
				<time>2026-05-20T18:00:41.138Z</time>
			</trkpt>
			<trkpt lat="45.88623" lon="4.89433">
				<ele>298</ele>
				<time>2026-05-20T18:00:46.933Z</time>
			</trkpt>
			<trkpt lat="45.89166" lon="4.89159">
				<ele>296.02</ele>
				<time>2026-05-20T18:01:11.411Z</time>
			</trkpt>
			<trkpt lat="45.89233" lon="4.89121">
				<ele>296.97</ele>
				<time>2026-05-20T18:01:14.462Z</time>
			</trkpt>
			<trkpt lat="45.89356" lon="4.89037">
				<ele>294.93</ele>
				<time>2026-05-20T18:01:20.224Z</time>
			</trkpt>
			<trkpt lat="45.89422" lon="4.88982">
				<ele>294.22</ele>
				<time>2026-05-20T18:01:23.449Z</time>
			</trkpt>
			<trkpt lat="45.89503" lon="4.88909">
				<ele>296.23</ele>
				<time>2026-05-20T18:01:27.485Z</time>
			</trkpt>
			<trkpt lat="45.89572" lon="4.88837">
				<ele>294.63</ele>
				<time>2026-05-20T18:01:31.082Z</time>
			</trkpt>
			<trkpt lat="45.89633" lon="4.88768">
				<ele>296.16</ele>
				<time>2026-05-20T18:01:34.354Z</time>
			</trkpt>
			<trkpt lat="45.89682" lon="4.88704">
				<ele>293.53</ele>
				<time>2026-05-20T18:01:37.143Z</time>
			</trkpt>
			<trkpt lat="45.89729" lon="4.88639">
				<ele>295.27</ele>
				<time>2026-05-20T18:01:39.889Z</time>
			</trkpt>
			<trkpt lat="45.89838" lon="4.8847">
				<ele>285.79</ele>
				<time>2026-05-20T18:01:46.631Z</time>
			</trkpt>
			<trkpt lat="45.89881" lon="4.88393">
				<ele>285.14</ele>
				<time>2026-05-20T18:01:49.517Z</time>
			</trkpt>
			<trkpt lat="45.89932" lon="4.88292">
				<ele>282.23</ele>
				<time>2026-05-20T18:01:53.162Z</time>
			</trkpt>
			<trkpt lat="45.89956" lon="4.88239">
				<ele>281.88</ele>
				<time>2026-05-20T18:01:55.008Z</time>
			</trkpt>
			<trkpt lat="45.90001" lon="4.88133">
				<ele>285</ele>
				<time>2026-05-20T18:01:58.631Z</time>
			</trkpt>
			<trkpt lat="45.9004" lon="4.88024">
				<ele>287.53</ele>
				<time>2026-05-20T18:02:02.205Z</time>
			</trkpt>
			<trkpt lat="45.90076" lon="4.87914">
				<ele>290.01</ele>
				<time>2026-05-20T18:02:05.747Z</time>
			</trkpt>
			<trkpt lat="45.90117" lon="4.87768">
				<ele>291.05</ele>
				<time>2026-05-20T18:02:10.332Z</time>
			</trkpt>
			<trkpt lat="45.9034" lon="4.86863">
				<ele>287</ele>
				<time>2026-05-20T18:02:38.225Z</time>
			</trkpt>
			<trkpt lat="45.90389" lon="4.86693">
				<ele>287.97</ele>
				<time>2026-05-20T18:02:43.560Z</time>
			</trkpt>
			<trkpt lat="45.9041" lon="4.86623">
				<ele>286</ele>
				<time>2026-05-20T18:02:45.770Z</time>
			</trkpt>
			<trkpt lat="45.9044" lon="4.86539">
				<ele>285.53</ele>
				<time>2026-05-20T18:02:48.506Z</time>
			</trkpt>
			<trkpt lat="45.905" lon="4.86392">
				<ele>281.11</ele>
				<time>2026-05-20T18:02:53.444Z</time>
			</trkpt>
			<trkpt lat="45.90565" lon="4.86258">
				<ele>280.98</ele>
				<time>2026-05-20T18:02:58.175Z</time>
			</trkpt>
			<trkpt lat="45.9062" lon="4.86157">
				<ele>281.98</ele>
				<time>2026-05-20T18:03:01.888Z</time>
			</trkpt>
			<trkpt lat="45.90681" lon="4.86053">
				<ele>284</ele>
				<time>2026-05-20T18:03:05.826Z</time>
			</trkpt>
			<trkpt lat="45.9081" lon="4.85843">
				<ele>278.81</ele>
				<time>2026-05-20T18:03:13.934Z</time>
			</trkpt>
			<trkpt lat="45.90855" lon="4.8576">
				<ele>277.62</ele>
				<time>2026-05-20T18:03:16.979Z</time>
			</trkpt>
			<trkpt lat="45.909" lon="4.85656">
				<ele>277.26</ele>
				<time>2026-05-20T18:03:20.523Z</time>
			</trkpt>
			<trkpt lat="45.9093" lon="4.85574">
				<ele>278.49</ele>
				<time>2026-05-20T18:03:23.203Z</time>
			</trkpt>
			<trkpt lat="45.90945" lon="4.85526">
				<ele>279.04</ele>
				<time>2026-05-20T18:03:24.726Z</time>
			</trkpt>
			<trkpt lat="45.90967" lon="4.85445">
				<ele>278</ele>
				<time>2026-05-20T18:03:27.242Z</time>
			</trkpt>
			<trkpt lat="45.90982" lon="4.8538">
				<ele>274.95</ele>
				<time>2026-05-20T18:03:29.224Z</time>
			</trkpt>
			<trkpt lat="45.91003" lon="4.85258">
				<ele>271.37</ele>
				<time>2026-05-20T18:03:32.861Z</time>
			</trkpt>
			<trkpt lat="45.9101" lon="4.85196">
				<ele>268.23</ele>
				<time>2026-05-20T18:03:34.678Z</time>
			</trkpt>
			<trkpt lat="45.91016" lon="4.85103">
				<ele>262.49</ele>
				<time>2026-05-20T18:03:37.382Z</time>
			</trkpt>
			<trkpt lat="45.91018" lon="4.85006">
				<ele>262.56</ele>
				<time>2026-05-20T18:03:40.190Z</time>
			</trkpt>
			<trkpt lat="45.91016" lon="4.84928">
				<ele>257.12</ele>
				<time>2026-05-20T18:03:42.450Z</time>
			</trkpt>
			<trkpt lat="45.91006" lon="4.84798">
				<ele>250.57</ele>
				<time>2026-05-20T18:03:46.236Z</time>
			</trkpt>
			<trkpt lat="45.90985" lon="4.84614">
				<ele>247.59</ele>
				<time>2026-05-20T18:03:51.636Z</time>
			</trkpt>
			<trkpt lat="45.90972" lon="4.8452">
				<ele>245.74</ele>
				<time>2026-05-20T18:03:54.412Z</time>
			</trkpt>
			<trkpt lat="45.90959" lon="4.8445">
				<ele>244.19</ele>
				<time>2026-05-20T18:03:56.511Z</time>
			</trkpt>
			<trkpt lat="45.90948" lon="4.84395">
				<ele>244.31</ele>
				<time>2026-05-20T18:03:58.169Z</time>
			</trkpt>
			<trkpt lat="45.90923" lon="4.84296">
				<ele>243.13</ele>
				<time>2026-05-20T18:04:01.221Z</time>
			</trkpt>
			<trkpt lat="45.90893" lon="4.84206">
				<ele>240.17</ele>
				<time>2026-05-20T18:04:04.114Z</time>
			</trkpt>
			<trkpt lat="45.90859" lon="4.84117">
				<ele>235.38</ele>
				<time>2026-05-20T18:04:07.058Z</time>
			</trkpt>
			<trkpt lat="45.90815" lon="4.84022">
				<ele>234.42</ele>
				<time>2026-05-20T18:04:10.368Z</time>
			</trkpt>
			<trkpt lat="45.90735" lon="4.83863">
				<ele>230.25</ele>
				<time>2026-05-20T18:04:16.061Z</time>
			</trkpt>
			<trkpt lat="45.90703" lon="4.8379">
				<ele>225.93</ele>
				<time>2026-05-20T18:04:18.566Z</time>
			</trkpt>
			<trkpt lat="45.90667" lon="4.83698">
				<ele>222.22</ele>
				<time>2026-05-20T18:04:21.632Z</time>
			</trkpt>
			<trkpt lat="45.90653" lon="4.83656">
				<ele>222.68</ele>
				<time>2026-05-20T18:04:22.985Z</time>
			</trkpt>
			<trkpt lat="45.90628" lon="4.83571">
				<ele>219.77</ele>
				<time>2026-05-20T18:04:25.666Z</time>
			</trkpt>
			<trkpt lat="45.90613" lon="4.83517">
				<ele>215.77</ele>
				<time>2026-05-20T18:04:27.356Z</time>
			</trkpt>
			<trkpt lat="45.9059" lon="4.83419">
				<ele>211.45</ele>
				<time>2026-05-20T18:04:30.364Z</time>
			</trkpt>
			<trkpt lat="45.90558" lon="4.83269">
				<ele>206.96</ele>
				<time>2026-05-20T18:04:34.928Z</time>
			</trkpt>
			<trkpt lat="45.90532" lon="4.83161">
				<ele>202.65</ele>
				<time>2026-05-20T18:04:38.255Z</time>
			</trkpt>
			<trkpt lat="45.90516" lon="4.83104">
				<ele>201.36</ele>
				<time>2026-05-20T18:04:40.045Z</time>
			</trkpt>
			<trkpt lat="45.90489" lon="4.83019">
				<ele>196.88</ele>
				<time>2026-05-20T18:04:42.768Z</time>
			</trkpt>
			<trkpt lat="45.90397" lon="4.82759">
				<ele>194.45</ele>
				<time>2026-05-20T18:04:51.275Z</time>
			</trkpt>
			<trkpt lat="45.9036" lon="4.82646">
				<ele>194.97</ele>
				<time>2026-05-20T18:04:54.921Z</time>
			</trkpt>
			<trkpt lat="45.90326" lon="4.82524">
				<ele>192</ele>
				<time>2026-05-20T18:04:58.761Z</time>
			</trkpt>
			<trkpt lat="45.90288" lon="4.82364">
				<ele>190.51</ele>
				<time>2026-05-20T18:05:03.706Z</time>
			</trkpt>
			<trkpt lat="45.90264" lon="4.82243">
				<ele>189.3</ele>
				<time>2026-05-20T18:05:07.389Z</time>
			</trkpt>
			<trkpt lat="45.90249" lon="4.82155">
				<ele>187.99</ele>
				<time>2026-05-20T18:05:10.044Z</time>
			</trkpt>
			<trkpt lat="45.90234" lon="4.82039">
				<ele>186</ele>
				<time>2026-05-20T18:05:13.503Z</time>
			</trkpt>
			<trkpt lat="45.9021" lon="4.81797">
				<ele>183.03</ele>
				<time>2026-05-20T18:05:20.679Z</time>
			</trkpt>
			<trkpt lat="45.90202" lon="4.81661">
				<ele>181.79</ele>
				<time>2026-05-20T18:05:24.691Z</time>
			</trkpt>
			<trkpt lat="45.90201" lon="4.81567">
				<ele>177.99</ele>
				<time>2026-05-20T18:05:27.457Z</time>
			</trkpt>
			<trkpt lat="45.90204" lon="4.815">
				<ele>176.63</ele>
				<time>2026-05-20T18:05:29.433Z</time>
			</trkpt>
			<trkpt lat="45.90208" lon="4.81431">
				<ele>176.95</ele>
				<time>2026-05-20T18:05:31.473Z</time>
			</trkpt>
			<trkpt lat="45.90216" lon="4.8136">
				<ele>176.42</ele>
				<time>2026-05-20T18:05:33.593Z</time>
			</trkpt>
			<trkpt lat="45.90226" lon="4.81284">
				<ele>173.12</ele>
				<time>2026-05-20T18:05:35.874Z</time>
			</trkpt>
			<trkpt lat="45.90244" lon="4.81187">
				<ele>176.38</ele>
				<time>2026-05-20T18:05:38.837Z</time>
			</trkpt>
			<trkpt lat="45.90313" lon="4.80845">
				<ele>172.29</ele>
				<time>2026-05-20T18:05:49.367Z</time>
			</trkpt>
			<trkpt lat="45.90342" lon="4.80711">
				<ele>170.03</ele>
				<time>2026-05-20T18:05:53.526Z</time>
			</trkpt>
			<trkpt lat="45.90372" lon="4.80588">
				<ele>168.96</ele>
				<time>2026-05-20T18:05:57.393Z</time>
			</trkpt>
			<trkpt lat="45.90396" lon="4.80505">
				<ele>168.22</ele>
				<time>2026-05-20T18:06:00.063Z</time>
			</trkpt>
			<trkpt lat="45.90428" lon="4.80409">
				<ele>167.36</ele>
				<time>2026-05-20T18:06:03.228Z</time>
			</trkpt>
			<trkpt lat="45.90461" lon="4.80317">
				<ele>166.54</ele>
				<time>2026-05-20T18:06:06.309Z</time>
			</trkpt>
			<trkpt lat="45.90522" lon="4.80175">
				<ele>171.06</ele>
				<time>2026-05-20T18:06:11.283Z</time>
			</trkpt>
			<trkpt lat="45.90554" lon="4.80109">
				<ele>171.94</ele>
				<time>2026-05-20T18:06:13.684Z</time>
			</trkpt>
			<trkpt lat="45.90591" lon="4.80041">
				<ele>173.14</ele>
				<time>2026-05-20T18:06:16.262Z</time>
			</trkpt>
			<trkpt lat="45.90627" lon="4.79982">
				<ele>172.81</ele>
				<time>2026-05-20T18:06:18.608Z</time>
			</trkpt>
			<trkpt lat="45.9066" lon="4.79933">
				<ele>171.64</ele>
				<time>2026-05-20T18:06:20.649Z</time>
			</trkpt>
			<trkpt lat="45.90684" lon="4.79902">
				<ele>171.36</ele>
				<time>2026-05-20T18:06:22.037Z</time>
			</trkpt>
			<trkpt lat="45.90742" lon="4.79831">
				<ele>169.98</ele>
				<time>2026-05-20T18:06:25.318Z</time>
			</trkpt>
			<trkpt lat="45.90788" lon="4.79784">
				<ele>170.91</ele>
				<time>2026-05-20T18:06:27.751Z</time>
			</trkpt>
			<trkpt lat="45.90828" lon="4.79746">
				<ele>170.04</ele>
				<time>2026-05-20T18:06:29.820Z</time>
			</trkpt>
			<trkpt lat="45.90881" lon="4.79702">
				<ele>169</ele>
				<time>2026-05-20T18:06:32.463Z</time>
			</trkpt>
			<trkpt lat="45.90932" lon="4.79664">
				<ele>170.04</ele>
				<time>2026-05-20T18:06:34.946Z</time>
			</trkpt>
			<trkpt lat="45.90993" lon="4.79627">
				<ele>170</ele>
				<time>2026-05-20T18:06:37.811Z</time>
			</trkpt>
			<trkpt lat="45.91121" lon="4.79558">
				<ele>167.55</ele>
				<time>2026-05-20T18:06:43.737Z</time>
			</trkpt>
			<trkpt lat="45.91212" lon="4.79506">
				<ele>169.77</ele>
				<time>2026-05-20T18:06:47.990Z</time>
			</trkpt>
			<trkpt lat="45.9126" lon="4.79471">
				<ele>169.63</ele>
				<time>2026-05-20T18:06:50.331Z</time>
			</trkpt>
			<trkpt lat="45.91315" lon="4.79425">
				<ele>168.55</ele>
				<time>2026-05-20T18:06:53.102Z</time>
			</trkpt>
			<trkpt lat="45.91362" lon="4.7938">
				<ele>167.98</ele>
				<time>2026-05-20T18:06:55.563Z</time>
			</trkpt>
			<trkpt lat="45.91421" lon="4.79317">
				<ele>167.64</ele>
				<time>2026-05-20T18:06:58.771Z</time>
			</trkpt>
			<trkpt lat="45.91483" lon="4.79237">
				<ele>169.67</ele>
				<time>2026-05-20T18:07:02.412Z</time>
			</trkpt>
			<trkpt lat="45.91523" lon="4.79179">
				<ele>171.17</ele>
				<time>2026-05-20T18:07:04.899Z</time>
			</trkpt>
			<trkpt lat="45.91556" lon="4.79124">
				<ele>170.97</ele>
				<time>2026-05-20T18:07:07.112Z</time>
			</trkpt>
			<trkpt lat="45.91581" lon="4.7908">
				<ele>171.25</ele>
				<time>2026-05-20T18:07:08.845Z</time>
			</trkpt>
			<trkpt lat="45.91604" lon="4.79035">
				<ele>172.41</ele>
				<time>2026-05-20T18:07:10.550Z</time>
			</trkpt>
			<trkpt lat="45.91654" lon="4.78925">
				<ele>170.91</ele>
				<time>2026-05-20T18:07:14.566Z</time>
			</trkpt>
			<trkpt lat="45.91674" lon="4.7887">
				<ele>169.61</ele>
				<time>2026-05-20T18:07:16.465Z</time>
			</trkpt>
			<trkpt lat="45.91694" lon="4.78811">
				<ele>169.99</ele>
				<time>2026-05-20T18:07:18.476Z</time>
			</trkpt>
			<trkpt lat="45.91715" lon="4.78742">
				<ele>172.45</ele>
				<time>2026-05-20T18:07:20.785Z</time>
			</trkpt>
			<trkpt lat="45.91731" lon="4.78681">
				<ele>173.65</ele>
				<time>2026-05-20T18:07:22.786Z</time>
			</trkpt>
			<trkpt lat="45.91744" lon="4.78623">
				<ele>172.3</ele>
				<time>2026-05-20T18:07:24.658Z</time>
			</trkpt>
			<trkpt lat="45.91758" lon="4.78546">
				<ele>169.47</ele>
				<time>2026-05-20T18:07:27.106Z</time>
			</trkpt>
			<trkpt lat="45.91769" lon="4.78477">
				<ele>170.24</ele>
				<time>2026-05-20T18:07:29.285Z</time>
			</trkpt>
			<trkpt lat="45.9178" lon="4.78381">
				<ele>170.33</ele>
				<time>2026-05-20T18:07:32.284Z</time>
			</trkpt>
			<trkpt lat="45.91803" lon="4.78077">
				<ele>168.26</ele>
				<time>2026-05-20T18:07:41.738Z</time>
			</trkpt>
			<trkpt lat="45.91821" lon="4.77912">
				<ele>167.42</ele>
				<time>2026-05-20T18:07:46.920Z</time>
			</trkpt>
			<trkpt lat="45.91839" lon="4.77789">
				<ele>168.23</ele>
				<time>2026-05-20T18:07:50.828Z</time>
			</trkpt>
			<trkpt lat="45.9185" lon="4.77726">
				<ele>169</ele>
				<time>2026-05-20T18:07:52.851Z</time>
			</trkpt>
			<trkpt lat="45.91867" lon="4.7764">
				<ele>168.28</ele>
				<time>2026-05-20T18:07:55.639Z</time>
			</trkpt>
			<trkpt lat="45.919" lon="4.77495">
				<ele>170.84</ele>
				<time>2026-05-20T18:08:00.405Z</time>
			</trkpt>
			<trkpt lat="45.91932" lon="4.77381">
				<ele>166.67</ele>
				<time>2026-05-20T18:08:04.254Z</time>
			</trkpt>
			<trkpt lat="45.91949" lon="4.77326">
				<ele>168.26</ele>
				<time>2026-05-20T18:08:06.141Z</time>
			</trkpt>
			<trkpt lat="45.91968" lon="4.77267">
				<ele>168.61</ele>
				<time>2026-05-20T18:08:08.182Z</time>
			</trkpt>
			<trkpt lat="45.92013" lon="4.77141">
				<ele>167.39</ele>
				<time>2026-05-20T18:08:12.635Z</time>
			</trkpt>
			<trkpt lat="45.92069" lon="4.77006">
				<ele>167.88</ele>
				<time>2026-05-20T18:08:17.589Z</time>
			</trkpt>
			<trkpt lat="45.92115" lon="4.76907">
				<ele>167.16</ele>
				<time>2026-05-20T18:08:21.350Z</time>
			</trkpt>
			<trkpt lat="45.9218" lon="4.76781">
				<ele>170.45</ele>
				<time>2026-05-20T18:08:26.317Z</time>
			</trkpt>
			<trkpt lat="45.92292" lon="4.76573">
				<ele>168.29</ele>
				<time>2026-05-20T18:08:34.677Z</time>
			</trkpt>
			<trkpt lat="45.92355" lon="4.7645">
				<ele>167.81</ele>
				<time>2026-05-20T18:08:39.549Z</time>
			</trkpt>
			<trkpt lat="45.92417" lon="4.76321">
				<ele>169.66</ele>
				<time>2026-05-20T18:08:44.564Z</time>
			</trkpt>
			<trkpt lat="45.9248" lon="4.76173">
				<ele>170.22</ele>
				<time>2026-05-20T18:08:50.130Z</time>
			</trkpt>
			<trkpt lat="45.92521" lon="4.76068">
				<ele>172</ele>
				<time>2026-05-20T18:08:54.003Z</time>
			</trkpt>
			<trkpt lat="45.92575" lon="4.75908">
				<ele>171.66</ele>
				<time>2026-05-20T18:08:59.739Z</time>
			</trkpt>
			<trkpt lat="45.92628" lon="4.75764">
				<ele>170.52</ele>
				<time>2026-05-20T18:09:05.008Z</time>
			</trkpt>
			<trkpt lat="45.9269" lon="4.75557">
				<ele>171</ele>
				<time>2026-05-20T18:09:12.316Z</time>
			</trkpt>
			<trkpt lat="45.92705" lon="4.75515">
				<ele>170.43</ele>
				<time>2026-05-20T18:09:13.850Z</time>
			</trkpt>
			<trkpt lat="45.92723" lon="4.75475">
				<ele>169</ele>
				<time>2026-05-20T18:09:15.398Z</time>
			</trkpt>
			<trkpt lat="45.92794" lon="4.75337">
				<ele>168</ele>
				<time>2026-05-20T18:09:20.983Z</time>
			</trkpt>
			<trkpt lat="45.92815" lon="4.75289">
				<ele>168.73</ele>
				<time>2026-05-20T18:09:22.831Z</time>
			</trkpt>
			<trkpt lat="45.92826" lon="4.75259">
				<ele>168.83</ele>
				<time>2026-05-20T18:09:23.937Z</time>
			</trkpt>
			<trkpt lat="45.92835" lon="4.75228">
				<ele>168.22</ele>
				<time>2026-05-20T18:09:25.032Z</time>
			</trkpt>
			<trkpt lat="45.92844" lon="4.75179">
				<ele>168</ele>
				<time>2026-05-20T18:09:26.686Z</time>
			</trkpt>
			<trkpt lat="45.92847" lon="4.75146">
				<ele>168</ele>
				<time>2026-05-20T18:09:27.772Z</time>
			</trkpt>
			<trkpt lat="45.92847" lon="4.75096">
				<ele>167.71</ele>
				<time>2026-05-20T18:09:29.405Z</time>
			</trkpt>
			<trkpt lat="45.92844" lon="4.75062">
				<ele>167.58</ele>
				<time>2026-05-20T18:09:30.525Z</time>
			</trkpt>
			<trkpt lat="45.92838" lon="4.75029">
				<ele>167.79</ele>
				<time>2026-05-20T18:09:31.640Z</time>
			</trkpt>
			<trkpt lat="45.9283" lon="4.74998">
				<ele>168.08</ele>
				<time>2026-05-20T18:09:32.722Z</time>
			</trkpt>
			<trkpt lat="45.9282" lon="4.74968">
				<ele>168.38</ele>
				<time>2026-05-20T18:09:33.810Z</time>
			</trkpt>
			<trkpt lat="45.92808" lon="4.74939">
				<ele>167.98</ele>
				<time>2026-05-20T18:09:34.914Z</time>
			</trkpt>
			<trkpt lat="45.9279" lon="4.74907">
				<ele>168</ele>
				<time>2026-05-20T18:09:36.261Z</time>
			</trkpt>
			<trkpt lat="45.92768" lon="4.74878">
				<ele>168.69</ele>
				<time>2026-05-20T18:09:37.667Z</time>
			</trkpt>
			<trkpt lat="45.92755" lon="4.74864">
				<ele>169.05</ele>
				<time>2026-05-20T18:09:38.432Z</time>
			</trkpt>
			<trkpt lat="45.92739" lon="4.74849">
				<ele>169.67</ele>
				<time>2026-05-20T18:09:39.332Z</time>
			</trkpt>
			<trkpt lat="45.92708" lon="4.74825">
				<ele>170</ele>
				<time>2026-05-20T18:09:40.992Z</time>
			</trkpt>
			<trkpt lat="45.9235" lon="4.74576">
				<ele>170</ele>
				<time>2026-05-20T18:09:59.798Z</time>
			</trkpt>
			<trkpt lat="45.92286" lon="4.74535">
				<ele>170</ele>
				<time>2026-05-20T18:10:03.122Z</time>
			</trkpt>
			<trkpt lat="45.92231" lon="4.74504">
				<ele>170.16</ele>
				<time>2026-05-20T18:10:05.927Z</time>
			</trkpt>
			<trkpt lat="45.92175" lon="4.74477">
				<ele>170.82</ele>
				<time>2026-05-20T18:10:08.734Z</time>
			</trkpt>
			<trkpt lat="45.91691" lon="4.74276">
				<ele>172</ele>
				<time>2026-05-20T18:10:32.756Z</time>
			</trkpt>
			<trkpt lat="45.91191" lon="4.74054">
				<ele>174.04</ele>
				<time>2026-05-20T18:10:57.848Z</time>
			</trkpt>
			<trkpt lat="45.91124" lon="4.74024">
				<ele>172.55</ele>
				<time>2026-05-20T18:11:01.222Z</time>
			</trkpt>
			<trkpt lat="45.91055" lon="4.7399">
				<ele>172.34</ele>
				<time>2026-05-20T18:11:04.731Z</time>
			</trkpt>
			<trkpt lat="45.90989" lon="4.73951">
				<ele>173.83</ele>
				<time>2026-05-20T18:11:08.167Z</time>
			</trkpt>
			<trkpt lat="45.90903" lon="4.73886">
				<ele>174.03</ele>
				<time>2026-05-20T18:11:12.847Z</time>
			</trkpt>
			<trkpt lat="45.90848" lon="4.73841">
				<ele>175</ele>
				<time>2026-05-20T18:11:15.898Z</time>
			</trkpt>
			<trkpt lat="45.90728" lon="4.7376">
				<ele>179.1</ele>
				<time>2026-05-20T18:11:22.293Z</time>
			</trkpt>
			<trkpt lat="45.90619" lon="4.73696">
				<ele>185.38</ele>
				<time>2026-05-20T18:11:27.978Z</time>
			</trkpt>
			<trkpt lat="45.90292" lon="4.7347">
				<ele>175.52</ele>
				<time>2026-05-20T18:11:45.521Z</time>
			</trkpt>
			<trkpt lat="45.90207" lon="4.7341">
				<ele>175.46</ele>
				<time>2026-05-20T18:11:50.106Z</time>
			</trkpt>
			<trkpt lat="45.90145" lon="4.7337">
				<ele>177.91</ele>
				<time>2026-05-20T18:11:53.397Z</time>
			</trkpt>
			<trkpt lat="45.89763" lon="4.7314">
				<ele>178.5</ele>
				<time>2026-05-20T18:12:13.475Z</time>
			</trkpt>
			<trkpt lat="45.89644" lon="4.73069">
				<ele>181.4</ele>
				<time>2026-05-20T18:12:19.726Z</time>
			</trkpt>
			<trkpt lat="45.89608" lon="4.73054">
				<ele>179.89</ele>
				<time>2026-05-20T18:12:21.546Z</time>
			</trkpt>
			<trkpt lat="45.8959" lon="4.73049">
				<ele>179.41</ele>
				<time>2026-05-20T18:12:22.435Z</time>
			</trkpt>
			<trkpt lat="45.89567" lon="4.73045">
				<ele>179.14</ele>
				<time>2026-05-20T18:12:23.560Z</time>
			</trkpt>
			<trkpt lat="45.89536" lon="4.73046">
				<ele>179.45</ele>
				<time>2026-05-20T18:12:25.065Z</time>
			</trkpt>
			<trkpt lat="45.89514" lon="4.73051">
				<ele>179.43</ele>
				<time>2026-05-20T18:12:26.146Z</time>
			</trkpt>
			<trkpt lat="45.89488" lon="4.7306">
				<ele>179.18</ele>
				<time>2026-05-20T18:12:27.444Z</time>
			</trkpt>
			<trkpt lat="45.8945" lon="4.73084">
				<ele>180</ele>
				<time>2026-05-20T18:12:29.459Z</time>
			</trkpt>
			<trkpt lat="45.89427" lon="4.73105">
				<ele>180</ele>
				<time>2026-05-20T18:12:30.782Z</time>
			</trkpt>
			<trkpt lat="45.8941" lon="4.73124">
				<ele>180</ele>
				<time>2026-05-20T18:12:31.828Z</time>
			</trkpt>
			<trkpt lat="45.89384" lon="4.73159">
				<ele>180.61</ele>
				<time>2026-05-20T18:12:33.558Z</time>
			</trkpt>
			<trkpt lat="45.89323" lon="4.73252">
				<ele>180.32</ele>
				<time>2026-05-20T18:12:37.877Z</time>
			</trkpt>
			<trkpt lat="45.89298" lon="4.73284">
				<ele>179.47</ele>
				<time>2026-05-20T18:12:39.503Z</time>
			</trkpt>
			<trkpt lat="45.89272" lon="4.73311">
				<ele>178.15</ele>
				<time>2026-05-20T18:12:41.060Z</time>
			</trkpt>
			<trkpt lat="45.89248" lon="4.73333">
				<ele>180.05</ele>
				<time>2026-05-20T18:12:42.443Z</time>
			</trkpt>
			<trkpt lat="45.89214" lon="4.73356">
				<ele>179.65</ele>
				<time>2026-05-20T18:12:44.268Z</time>
			</trkpt>
			<trkpt lat="45.89107" lon="4.73424">
				<ele>180.45</ele>
				<time>2026-05-20T18:12:49.950Z</time>
			</trkpt>
			<trkpt lat="45.88499" lon="4.73722">
				<ele>186</ele>
				<time>2026-05-20T18:13:21.144Z</time>
			</trkpt>
			<trkpt lat="45.88409" lon="4.73764">
				<ele>186.24</ele>
				<time>2026-05-20T18:13:25.737Z</time>
			</trkpt>
			<trkpt lat="45.88326" lon="4.738">
				<ele>187.56</ele>
				<time>2026-05-20T18:13:29.943Z</time>
			</trkpt>
			<trkpt lat="45.88247" lon="4.73831">
				<ele>188.09</ele>
				<time>2026-05-20T18:13:33.916Z</time>
			</trkpt>
			<trkpt lat="45.88148" lon="4.73866">
				<ele>190.64</ele>
				<time>2026-05-20T18:13:38.860Z</time>
			</trkpt>
			<trkpt lat="45.88" lon="4.73911">
				<ele>190.81</ele>
				<time>2026-05-20T18:13:46.193Z</time>
			</trkpt>
			<trkpt lat="45.87916" lon="4.73933">
				<ele>190.01</ele>
				<time>2026-05-20T18:13:50.329Z</time>
			</trkpt>
			<trkpt lat="45.8778" lon="4.73961">
				<ele>194.25</ele>
				<time>2026-05-20T18:13:56.982Z</time>
			</trkpt>
			<trkpt lat="45.87698" lon="4.73974">
				<ele>198.8</ele>
				<time>2026-05-20T18:14:00.975Z</time>
			</trkpt>
			<trkpt lat="45.8761" lon="4.73985">
				<ele>202.52</ele>
				<time>2026-05-20T18:14:05.248Z</time>
			</trkpt>
			<trkpt lat="45.86264" lon="4.74106">
				<ele>226.36</ele>
				<time>2026-05-20T18:15:10.155Z</time>
			</trkpt>
			<trkpt lat="45.8614" lon="4.7412">
				<ele>228.61</ele>
				<time>2026-05-20T18:15:16.101Z</time>
			</trkpt>
			<trkpt lat="45.85936" lon="4.74149">
				<ele>237.2</ele>
				<time>2026-05-20T18:15:25.882Z</time>
			</trkpt>
			<trkpt lat="45.8588" lon="4.7416">
				<ele>240.89</ele>
				<time>2026-05-20T18:15:28.575Z</time>
			</trkpt>
			<trkpt lat="45.85726" lon="4.74196">
				<ele>245.62</ele>
				<time>2026-05-20T18:15:35.999Z</time>
			</trkpt>
			<trkpt lat="45.85661" lon="4.74213">
				<ele>247.89</ele>
				<time>2026-05-20T18:15:39.138Z</time>
			</trkpt>
			<trkpt lat="45.85542" lon="4.7425">
				<ele>253.03</ele>
				<time>2026-05-20T18:15:44.916Z</time>
			</trkpt>
			<trkpt lat="45.85423" lon="4.74293">
				<ele>256.43</ele>
				<time>2026-05-20T18:15:50.729Z</time>
			</trkpt>
			<trkpt lat="45.8529" lon="4.74349">
				<ele>264.95</ele>
				<time>2026-05-20T18:15:57.283Z</time>
			</trkpt>
			<trkpt lat="45.85156" lon="4.74413">
				<ele>273.05</ele>
				<time>2026-05-20T18:16:03.948Z</time>
			</trkpt>
			<trkpt lat="45.85053" lon="4.74468">
				<ele>275.61</ele>
				<time>2026-05-20T18:16:09.124Z</time>
			</trkpt>
			<trkpt lat="45.84949" lon="4.74529">
				<ele>273.8</ele>
				<time>2026-05-20T18:16:14.406Z</time>
			</trkpt>
			<trkpt lat="45.84798" lon="4.74627">
				<ele>275.48</ele>
				<time>2026-05-20T18:16:22.181Z</time>
			</trkpt>
			<trkpt lat="45.84712" lon="4.74689">
				<ele>288.98</ele>
				<time>2026-05-20T18:16:26.686Z</time>
			</trkpt>
			<trkpt lat="45.8463" lon="4.74752">
				<ele>291.05</ele>
				<time>2026-05-20T18:16:31.032Z</time>
			</trkpt>
			<trkpt lat="45.84534" lon="4.74829">
				<ele>296.53</ele>
				<time>2026-05-20T18:16:36.163Z</time>
			</trkpt>
			<trkpt lat="45.84468" lon="4.74886">
				<ele>301.33</ele>
				<time>2026-05-20T18:16:39.750Z</time>
			</trkpt>
			<trkpt lat="45.84311" lon="4.75032">
				<ele>303.6</ele>
				<time>2026-05-20T18:16:48.442Z</time>
			</trkpt>
			<trkpt lat="45.84226" lon="4.75116">
				<ele>308.2</ele>
				<time>2026-05-20T18:16:53.223Z</time>
			</trkpt>
			<trkpt lat="45.84131" lon="4.75199">
				<ele>312.55</ele>
				<time>2026-05-20T18:16:58.368Z</time>
			</trkpt>
			<trkpt lat="45.84031" lon="4.75291">
				<ele>316</ele>
				<time>2026-05-20T18:17:03.861Z</time>
			</trkpt>
			<trkpt lat="45.84014" lon="4.75305">
				<ele>316.48</ele>
				<time>2026-05-20T18:17:04.767Z</time>
			</trkpt>
			<trkpt lat="45.84001" lon="4.75313">
				<ele>316.67</ele>
				<time>2026-05-20T18:17:05.421Z</time>
			</trkpt>
			<trkpt lat="45.83977" lon="4.75324">
				<ele>317.13</ele>
				<time>2026-05-20T18:17:06.585Z</time>
			</trkpt>
			<trkpt lat="45.8395" lon="4.7533">
				<ele>317.79</ele>
				<time>2026-05-20T18:17:07.848Z</time>
			</trkpt>
			<trkpt lat="45.83929" lon="4.7533">
				<ele>319.1</ele>
				<time>2026-05-20T18:17:08.818Z</time>
			</trkpt>
			<trkpt lat="45.8391" lon="4.75326">
				<ele>319.95</ele>
				<time>2026-05-20T18:17:09.706Z</time>
			</trkpt>
			<trkpt lat="45.83889" lon="4.75319">
				<ele>319.51</ele>
				<time>2026-05-20T18:17:10.702Z</time>
			</trkpt>
			<trkpt lat="45.83877" lon="4.75312">
				<ele>318.84</ele>
				<time>2026-05-20T18:17:11.301Z</time>
			</trkpt>
			<trkpt lat="45.83854" lon="4.75296">
				<ele>318.22</ele>
				<time>2026-05-20T18:17:12.481Z</time>
			</trkpt>
			<trkpt lat="45.83829" lon="4.7527">
				<ele>319.53</ele>
				<time>2026-05-20T18:17:13.908Z</time>
			</trkpt>
			<trkpt lat="45.83727" lon="4.75156">
				<ele>316.48</ele>
				<time>2026-05-20T18:17:19.878Z</time>
			</trkpt>
			<trkpt lat="45.83688" lon="4.75108">
				<ele>309.54</ele>
				<time>2026-05-20T18:17:22.250Z</time>
			</trkpt>
			<trkpt lat="45.83546" lon="4.74928">
				<ele>300.68</ele>
				<time>2026-05-20T18:17:30.993Z</time>
			</trkpt>
			<trkpt lat="45.83503" lon="4.74865">
				<ele>300.61</ele>
				<time>2026-05-20T18:17:33.827Z</time>
			</trkpt>
			<trkpt lat="45.83475" lon="4.74814">
				<ele>298.96</ele>
				<time>2026-05-20T18:17:35.914Z</time>
			</trkpt>
			<trkpt lat="45.83444" lon="4.74744">
				<ele>299</ele>
				<time>2026-05-20T18:17:38.578Z</time>
			</trkpt>
			<trkpt lat="45.83408" lon="4.74645">
				<ele>299.22</ele>
				<time>2026-05-20T18:17:42.165Z</time>
			</trkpt>
			<trkpt lat="45.83391" lon="4.74601">
				<ele>298.03</ele>
				<time>2026-05-20T18:17:43.781Z</time>
			</trkpt>
			<trkpt lat="45.83372" lon="4.74558">
				<ele>298</ele>
				<time>2026-05-20T18:17:45.416Z</time>
			</trkpt>
			<trkpt lat="45.83345" lon="4.74504">
				<ele>298</ele>
				<time>2026-05-20T18:17:47.550Z</time>
			</trkpt>
			<trkpt lat="45.8332" lon="4.74462">
				<ele>298.78</ele>
				<time>2026-05-20T18:17:49.323Z</time>
			</trkpt>
			<trkpt lat="45.83267" lon="4.74388">
				<ele>294.63</ele>
				<time>2026-05-20T18:17:52.728Z</time>
			</trkpt>
			<trkpt lat="45.83231" lon="4.74343">
				<ele>299.49</ele>
				<time>2026-05-20T18:17:54.927Z</time>
			</trkpt>
			<trkpt lat="45.83189" lon="4.74299">
				<ele>307.19</ele>
				<time>2026-05-20T18:17:57.321Z</time>
			</trkpt>
			<trkpt lat="45.82977" lon="4.7413">
				<ele>320.25</ele>
				<time>2026-05-20T18:18:08.481Z</time>
			</trkpt>
			<trkpt lat="45.82743" lon="4.73945">
				<ele>331.54</ele>
				<time>2026-05-20T18:18:20.763Z</time>
			</trkpt>
			<trkpt lat="45.82698" lon="4.73907">
				<ele>330.23</ele>
				<time>2026-05-20T18:18:23.163Z</time>
			</trkpt>
			<trkpt lat="45.82643" lon="4.73855">
				<ele>333.69</ele>
				<time>2026-05-20T18:18:26.188Z</time>
			</trkpt>
			<trkpt lat="45.8258" lon="4.73784">
				<ele>338.56</ele>
				<time>2026-05-20T18:18:29.868Z</time>
			</trkpt>
			<trkpt lat="45.82561" lon="4.7376">
				<ele>339</ele>
				<time>2026-05-20T18:18:31.030Z</time>
			</trkpt>
			<trkpt lat="45.82515" lon="4.73694">
				<ele>341.44</ele>
				<time>2026-05-20T18:18:34.016Z</time>
			</trkpt>
			<trkpt lat="45.8246" lon="4.73602">
				<ele>342.7</ele>
				<time>2026-05-20T18:18:37.894Z</time>
			</trkpt>
			<trkpt lat="45.82409" lon="4.73501">
				<ele>346.05</ele>
				<time>2026-05-20T18:18:41.882Z</time>
			</trkpt>
			<trkpt lat="45.82388" lon="4.73452">
				<ele>349.03</ele>
				<time>2026-05-20T18:18:43.721Z</time>
			</trkpt>
			<trkpt lat="45.82182" lon="4.72911">
				<ele>342.58</ele>
				<time>2026-05-20T18:19:03.414Z</time>
			</trkpt>
			<trkpt lat="45.82107" lon="4.72717">
				<ele>335.66</ele>
				<time>2026-05-20T18:19:10.494Z</time>
			</trkpt>
			<trkpt lat="45.82068" lon="4.72612">
				<ele>326.65</ele>
				<time>2026-05-20T18:19:14.290Z</time>
			</trkpt>
			<trkpt lat="45.82052" lon="4.72558">
				<ele>322.31</ele>
				<time>2026-05-20T18:19:16.161Z</time>
			</trkpt>
			<trkpt lat="45.82042" lon="4.72515">
				<ele>324.11</ele>
				<time>2026-05-20T18:19:17.607Z</time>
			</trkpt>
			<trkpt lat="45.82023" lon="4.72411">
				<ele>329.25</ele>
				<time>2026-05-20T18:19:21.035Z</time>
			</trkpt>
			<trkpt lat="45.82018" lon="4.72377">
				<ele>328.41</ele>
				<time>2026-05-20T18:19:22.143Z</time>
			</trkpt>
			<trkpt lat="45.82014" lon="4.72322">
				<ele>327.24</ele>
				<time>2026-05-20T18:19:23.905Z</time>
			</trkpt>
			<trkpt lat="45.82011" lon="4.72265">
				<ele>326.14</ele>
				<time>2026-05-20T18:19:25.727Z</time>
			</trkpt>
			<trkpt lat="45.82014" lon="4.72159">
				<ele>325.61</ele>
				<time>2026-05-20T18:19:29.107Z</time>
			</trkpt>
			<trkpt lat="45.82018" lon="4.72102">
				<ele>326.63</ele>
				<time>2026-05-20T18:19:30.933Z</time>
			</trkpt>
			<trkpt lat="45.82034" lon="4.71968">
				<ele>320.78</ele>
				<time>2026-05-20T18:19:35.263Z</time>
			</trkpt>
			<trkpt lat="45.8204" lon="4.71902">
				<ele>321.54</ele>
				<time>2026-05-20T18:19:37.382Z</time>
			</trkpt>
			<trkpt lat="45.82044" lon="4.71834">
				<ele>321.39</ele>
				<time>2026-05-20T18:19:39.555Z</time>
			</trkpt>
			<trkpt lat="45.82046" lon="4.71742">
				<ele>319.98</ele>
				<time>2026-05-20T18:19:42.485Z</time>
			</trkpt>
			<trkpt lat="45.82041" lon="4.71583">
				<ele>312.97</ele>
				<time>2026-05-20T18:19:47.550Z</time>
			</trkpt>
			<trkpt lat="45.82005" lon="4.70822">
				<ele>320.38</ele>
				<time>2026-05-20T18:20:11.797Z</time>
			</trkpt>
			<trkpt lat="45.81999" lon="4.70669">
				<ele>322.15</ele>
				<time>2026-05-20T18:20:16.663Z</time>
			</trkpt>
			<trkpt lat="45.81997" lon="4.70535">
				<ele>322.67</ele>
				<time>2026-05-20T18:20:20.918Z</time>
			</trkpt>
			<trkpt lat="45.82006" lon="4.70047">
				<ele>326.4</ele>
				<time>2026-05-20T18:20:36.404Z</time>
			</trkpt>
			<trkpt lat="45.82006" lon="4.69972">
				<ele>328.06</ele>
				<time>2026-05-20T18:20:38.781Z</time>
			</trkpt>
			<trkpt lat="45.82003" lon="4.69901">
				<ele>329.04</ele>
				<time>2026-05-20T18:20:41.036Z</time>
			</trkpt>
			<trkpt lat="45.81986" lon="4.69676">
				<ele>325.46</ele>
				<time>2026-05-20T18:20:48.207Z</time>
			</trkpt>
			<trkpt lat="45.81984" lon="4.69571">
				<ele>325.31</ele>
				<time>2026-05-20T18:20:51.534Z</time>
			</trkpt>
			<trkpt lat="45.81986" lon="4.69505">
				<ele>324.96</ele>
				<time>2026-05-20T18:20:53.626Z</time>
			</trkpt>
			<trkpt lat="45.8199" lon="4.69453">
				<ele>325</ele>
				<time>2026-05-20T18:20:55.283Z</time>
			</trkpt>
			<trkpt lat="45.81997" lon="4.69392">
				<ele>323.13</ele>
				<time>2026-05-20T18:20:57.240Z</time>
			</trkpt>
			<trkpt lat="45.82007" lon="4.6933">
				<ele>322.35</ele>
				<time>2026-05-20T18:20:59.254Z</time>
			</trkpt>
			<trkpt lat="45.8202" lon="4.69269">
				<ele>319.77</ele>
				<time>2026-05-20T18:21:01.273Z</time>
			</trkpt>
			<trkpt lat="45.82034" lon="4.69211">
				<ele>318.75</ele>
				<time>2026-05-20T18:21:03.216Z</time>
			</trkpt>
			<trkpt lat="45.82073" lon="4.69091">
				<ele>313.27</ele>
				<time>2026-05-20T18:21:07.405Z</time>
			</trkpt>
			<trkpt lat="45.82129" lon="4.68969">
				<ele>304.03</ele>
				<time>2026-05-20T18:21:12.026Z</time>
			</trkpt>
			<trkpt lat="45.82161" lon="4.68913">
				<ele>306.72</ele>
				<time>2026-05-20T18:21:14.316Z</time>
			</trkpt>
			<trkpt lat="45.82193" lon="4.68862">
				<ele>308</ele>
				<time>2026-05-20T18:21:16.485Z</time>
			</trkpt>
			<trkpt lat="45.82255" lon="4.68784">
				<ele>311.41</ele>
				<time>2026-05-20T18:21:20.225Z</time>
			</trkpt>
			<trkpt lat="45.82302" lon="4.68736">
				<ele>313.92</ele>
				<time>2026-05-20T18:21:22.841Z</time>
			</trkpt>
			<trkpt lat="45.82366" lon="4.68682">
				<ele>312.27</ele>
				<time>2026-05-20T18:21:26.207Z</time>
			</trkpt>
			<trkpt lat="45.82391" lon="4.68663">
				<ele>311.05</ele>
				<time>2026-05-20T18:21:27.490Z</time>
			</trkpt>
			<trkpt lat="45.82481" lon="4.68608">
				<ele>313.46</ele>
				<time>2026-05-20T18:21:31.923Z</time>
			</trkpt>
			<trkpt lat="45.82563" lon="4.68583">
				<ele>319</ele>
				<time>2026-05-20T18:21:35.721Z</time>
			</trkpt>
			<trkpt lat="45.82605" lon="4.68573">
				<ele>319.86</ele>
				<time>2026-05-20T18:21:37.650Z</time>
			</trkpt>
			<trkpt lat="45.82651" lon="4.68567">
				<ele>322.2</ele>
				<time>2026-05-20T18:21:39.742Z</time>
			</trkpt>
			<trkpt lat="45.82709" lon="4.68564">
				<ele>319.34</ele>
				<time>2026-05-20T18:21:42.370Z</time>
			</trkpt>
			<trkpt lat="45.82773" lon="4.68568">
				<ele>311.58</ele>
				<time>2026-05-20T18:21:45.271Z</time>
			</trkpt>
			<trkpt lat="45.8285" lon="4.68582">
				<ele>305.4</ele>
				<time>2026-05-20T18:21:48.784Z</time>
			</trkpt>
			<trkpt lat="45.83047" lon="4.68631">
				<ele>292.23</ele>
				<time>2026-05-20T18:21:57.831Z</time>
			</trkpt>
			<trkpt lat="45.83127" lon="4.68647">
				<ele>287.58</ele>
				<time>2026-05-20T18:22:01.484Z</time>
			</trkpt>
			<trkpt lat="45.83197" lon="4.68647">
				<ele>281.83</ele>
				<time>2026-05-20T18:22:04.649Z</time>
			</trkpt>
			<trkpt lat="45.83297" lon="4.68632">
				<ele>282.53</ele>
				<time>2026-05-20T18:22:09.195Z</time>
			</trkpt>
			<trkpt lat="45.83354" lon="4.68611">
				<ele>277.87</ele>
				<time>2026-05-20T18:22:11.854Z</time>
			</trkpt>
			<trkpt lat="45.83408" lon="4.6859">
				<ele>275.41</ele>
				<time>2026-05-20T18:22:14.382Z</time>
			</trkpt>
			<trkpt lat="45.83505" lon="4.68534">
				<ele>268.57</ele>
				<time>2026-05-20T18:22:19.106Z</time>
			</trkpt>
			<trkpt lat="45.83597" lon="4.68457">
				<ele>270.79</ele>
				<time>2026-05-20T18:22:23.915Z</time>
			</trkpt>
			<trkpt lat="45.83701" lon="4.6834">
				<ele>270.72</ele>
				<time>2026-05-20T18:22:29.881Z</time>
			</trkpt>
			<trkpt lat="45.83772" lon="4.68243">
				<ele>259.55</ele>
				<time>2026-05-20T18:22:34.304Z</time>
			</trkpt>
			<trkpt lat="45.83868" lon="4.68089">
				<ele>253.12</ele>
				<time>2026-05-20T18:22:40.799Z</time>
			</trkpt>
			<trkpt lat="45.83968" lon="4.67918">
				<ele>269.6</ele>
				<time>2026-05-20T18:22:47.813Z</time>
			</trkpt>
			<trkpt lat="45.84035" lon="4.67809">
				<ele>274.87</ele>
				<time>2026-05-20T18:22:52.378Z</time>
			</trkpt>
			<trkpt lat="45.84081" lon="4.67741">
				<ele>273.15</ele>
				<time>2026-05-20T18:22:55.353Z</time>
			</trkpt>
			<trkpt lat="45.84137" lon="4.67662">
				<ele>274.21</ele>
				<time>2026-05-20T18:22:58.891Z</time>
			</trkpt>
			<trkpt lat="45.84215" lon="4.67566">
				<ele>274.61</ele>
				<time>2026-05-20T18:23:03.519Z</time>
			</trkpt>
			<trkpt lat="45.84304" lon="4.67485">
				<ele>275.3</ele>
				<time>2026-05-20T18:23:08.264Z</time>
			</trkpt>
			<trkpt lat="45.84362" lon="4.67441">
				<ele>272.14</ele>
				<time>2026-05-20T18:23:11.217Z</time>
			</trkpt>
			<trkpt lat="45.84436" lon="4.67403">
				<ele>263.33</ele>
				<time>2026-05-20T18:23:14.754Z</time>
			</trkpt>
			<trkpt lat="45.84519" lon="4.67376">
				<ele>258.7</ele>
				<time>2026-05-20T18:23:18.584Z</time>
			</trkpt>
			<trkpt lat="45.84624" lon="4.67353">
				<ele>254.28</ele>
				<time>2026-05-20T18:23:23.362Z</time>
			</trkpt>
			<trkpt lat="45.8472" lon="4.67322">
				<ele>255.13</ele>
				<time>2026-05-20T18:23:27.787Z</time>
			</trkpt>
			<trkpt lat="45.84759" lon="4.67306">
				<ele>258.36</ele>
				<time>2026-05-20T18:23:29.611Z</time>
			</trkpt>
			<trkpt lat="45.8483" lon="4.67271">
				<ele>262.93</ele>
				<time>2026-05-20T18:23:32.986Z</time>
			</trkpt>
			<trkpt lat="45.84929" lon="4.67203">
				<ele>254.72</ele>
				<time>2026-05-20T18:23:37.918Z</time>
			</trkpt>
			<trkpt lat="45.85019" lon="4.67114">
				<ele>239.83</ele>
				<time>2026-05-20T18:23:42.828Z</time>
			</trkpt>
			<trkpt lat="45.85067" lon="4.67058">
				<ele>232.31</ele>
				<time>2026-05-20T18:23:45.606Z</time>
			</trkpt>
			<trkpt lat="45.85103" lon="4.67009">
				<ele>234.3</ele>
				<time>2026-05-20T18:23:47.834Z</time>
			</trkpt>
			<trkpt lat="45.85146" lon="4.66947">
				<ele>236.8</ele>
				<time>2026-05-20T18:23:50.571Z</time>
			</trkpt>
			<trkpt lat="45.85178" lon="4.66892">
				<ele>238.88</ele>
				<time>2026-05-20T18:23:52.812Z</time>
			</trkpt>
			<trkpt lat="45.85205" lon="4.6684">
				<ele>240.84</ele>
				<time>2026-05-20T18:23:54.839Z</time>
			</trkpt>
			<trkpt lat="45.85236" lon="4.66775">
				<ele>251.61</ele>
				<time>2026-05-20T18:23:57.302Z</time>
			</trkpt>
			<trkpt lat="45.85262" lon="4.66715">
				<ele>254.86</ele>
				<time>2026-05-20T18:23:59.511Z</time>
			</trkpt>
			<trkpt lat="45.8528" lon="4.66668">
				<ele>254.04</ele>
				<time>2026-05-20T18:24:01.187Z</time>
			</trkpt>
			<trkpt lat="45.85299" lon="4.66607">
				<ele>256.17</ele>
				<time>2026-05-20T18:24:03.276Z</time>
			</trkpt>
			<trkpt lat="45.85317" lon="4.66543">
				<ele>252.96</ele>
				<time>2026-05-20T18:24:05.432Z</time>
			</trkpt>
			<trkpt lat="45.85354" lon="4.66367">
				<ele>251.88</ele>
				<time>2026-05-20T18:24:11.175Z</time>
			</trkpt>
			<trkpt lat="45.85373" lon="4.66223">
				<ele>247.13</ele>
				<time>2026-05-20T18:24:15.752Z</time>
			</trkpt>
			<trkpt lat="45.85382" lon="4.66097">
				<ele>237.1</ele>
				<time>2026-05-20T18:24:19.706Z</time>
			</trkpt>
			<trkpt lat="45.85385" lon="4.65991">
				<ele>232.27</ele>
				<time>2026-05-20T18:24:23.017Z</time>
			</trkpt>
			<trkpt lat="45.85382" lon="4.65851">
				<ele>237.46</ele>
				<time>2026-05-20T18:24:27.388Z</time>
			</trkpt>
			<trkpt lat="45.85375" lon="4.65651">
				<ele>238.99</ele>
				<time>2026-05-20T18:24:33.635Z</time>
			</trkpt>
			<trkpt lat="45.85373" lon="4.65556">
				<ele>236.25</ele>
				<time>2026-05-20T18:24:36.599Z</time>
			</trkpt>
			<trkpt lat="45.85375" lon="4.65466">
				<ele>233.39</ele>
				<time>2026-05-20T18:24:39.406Z</time>
			</trkpt>
			<trkpt lat="45.85383" lon="4.65349">
				<ele>241.68</ele>
				<time>2026-05-20T18:24:43.071Z</time>
			</trkpt>
			<trkpt lat="45.85395" lon="4.6525">
				<ele>238.96</ele>
				<time>2026-05-20T18:24:46.203Z</time>
			</trkpt>
			<trkpt lat="45.85409" lon="4.65174">
				<ele>236.86</ele>
				<time>2026-05-20T18:24:48.653Z</time>
			</trkpt>
			<trkpt lat="45.85431" lon="4.65079">
				<ele>234.17</ele>
				<time>2026-05-20T18:24:51.772Z</time>
			</trkpt>
			<trkpt lat="45.85455" lon="4.64996">
				<ele>231.83</ele>
				<time>2026-05-20T18:24:54.571Z</time>
			</trkpt>
			<trkpt lat="45.85503" lon="4.64858">
				<ele>247.75</ele>
				<time>2026-05-20T18:24:59.375Z</time>
			</trkpt>
			<trkpt lat="45.85558" lon="4.64736">
				<ele>255.59</ele>
				<time>2026-05-20T18:25:03.900Z</time>
			</trkpt>
			<trkpt lat="45.85619" lon="4.64628">
				<ele>261.42</ele>
				<time>2026-05-20T18:25:08.228Z</time>
			</trkpt>
			<trkpt lat="45.8568" lon="4.64539">
				<ele>266.28</ele>
				<time>2026-05-20T18:25:12.114Z</time>
			</trkpt>
			<trkpt lat="45.8574" lon="4.64465">
				<ele>268.66</ele>
				<time>2026-05-20T18:25:15.647Z</time>
			</trkpt>
			<trkpt lat="45.85802" lon="4.64398">
				<ele>271.51</ele>
				<time>2026-05-20T18:25:19.113Z</time>
			</trkpt>
			<trkpt lat="45.85982" lon="4.64217">
				<ele>273.64</ele>
				<time>2026-05-20T18:25:28.923Z</time>
			</trkpt>
			<trkpt lat="45.8605" lon="4.64132">
				<ele>275.93</ele>
				<time>2026-05-20T18:25:32.946Z</time>
			</trkpt>
			<trkpt lat="45.86114" lon="4.64042">
				<ele>276.57</ele>
				<time>2026-05-20T18:25:36.943Z</time>
			</trkpt>
			<trkpt lat="45.86161" lon="4.63954">
				<ele>279.26</ele>
				<time>2026-05-20T18:25:40.388Z</time>
			</trkpt>
			<trkpt lat="45.86204" lon="4.63868">
				<ele>284.08</ele>
				<time>2026-05-20T18:25:43.676Z</time>
			</trkpt>
			<trkpt lat="45.86233" lon="4.63804">
				<ele>285.54</ele>
				<time>2026-05-20T18:25:46.047Z</time>
			</trkpt>
			<trkpt lat="45.86258" lon="4.63741">
				<ele>284.2</ele>
				<time>2026-05-20T18:25:48.298Z</time>
			</trkpt>
			<trkpt lat="45.86282" lon="4.63672">
				<ele>283.19</ele>
				<time>2026-05-20T18:25:50.692Z</time>
			</trkpt>
			<trkpt lat="45.86303" lon="4.63602">
				<ele>281.28</ele>
				<time>2026-05-20T18:25:53.058Z</time>
			</trkpt>
			<trkpt lat="45.86333" lon="4.63492">
				<ele>286.25</ele>
				<time>2026-05-20T18:25:56.724Z</time>
			</trkpt>
			<trkpt lat="45.86356" lon="4.63377">
				<ele>289.84</ele>
				<time>2026-05-20T18:26:00.436Z</time>
			</trkpt>
			<trkpt lat="45.86374" lon="4.63266">
				<ele>290.92</ele>
				<time>2026-05-20T18:26:03.972Z</time>
			</trkpt>
			<trkpt lat="45.86401" lon="4.62969">
				<ele>287.39</ele>
				<time>2026-05-20T18:26:13.259Z</time>
			</trkpt>
			<trkpt lat="45.86415" lon="4.62838">
				<ele>286.98</ele>
				<time>2026-05-20T18:26:17.367Z</time>
			</trkpt>
			<trkpt lat="45.86436" lon="4.62713">
				<ele>291.91</ele>
				<time>2026-05-20T18:26:21.352Z</time>
			</trkpt>
			<trkpt lat="45.86535" lon="4.62188">
				<ele>310.24</ele>
				<time>2026-05-20T18:26:38.197Z</time>
			</trkpt>
			<trkpt lat="45.86552" lon="4.62063">
				<ele>311.64</ele>
				<time>2026-05-20T18:26:42.140Z</time>
			</trkpt>
			<trkpt lat="45.86567" lon="4.61925">
				<ele>312.31</ele>
				<time>2026-05-20T18:26:46.462Z</time>
			</trkpt>
			<trkpt lat="45.86582" lon="4.61737">
				<ele>320.4</ele>
				<time>2026-05-20T18:26:52.316Z</time>
			</trkpt>
			<trkpt lat="45.8659" lon="4.61549">
				<ele>328.31</ele>
				<time>2026-05-20T18:26:58.141Z</time>
			</trkpt>
			<trkpt lat="45.86589" lon="4.6137">
				<ele>343</ele>
				<time>2026-05-20T18:27:03.675Z</time>
			</trkpt>
			<trkpt lat="45.86584" lon="4.61188">
				<ele>346.99</ele>
				<time>2026-05-20T18:27:09.305Z</time>
			</trkpt>
			<trkpt lat="45.86569" lon="4.61003">
				<ele>353.48</ele>
				<time>2026-05-20T18:27:15.060Z</time>
			</trkpt>
			<trkpt lat="45.86508" lon="4.60441">
				<ele>364.17</ele>
				<time>2026-05-20T18:27:32.623Z</time>
			</trkpt>
			<trkpt lat="45.86493" lon="4.60277">
				<ele>371.52</ele>
				<time>2026-05-20T18:27:37.728Z</time>
			</trkpt>
			<trkpt lat="45.86483" lon="4.60126">
				<ele>357.95</ele>
				<time>2026-05-20T18:27:42.408Z</time>
			</trkpt>
			<trkpt lat="45.86477" lon="4.59993">
				<ele>355.32</ele>
				<time>2026-05-20T18:27:46.519Z</time>
			</trkpt>
			<trkpt lat="45.86471" lon="4.59644">
				<ele>336.28</ele>
				<time>2026-05-20T18:27:57.284Z</time>
			</trkpt>
			<trkpt lat="45.86471" lon="4.59313">
				<ele>347.13</ele>
				<time>2026-05-20T18:28:07.484Z</time>
			</trkpt>
			<trkpt lat="45.86472" lon="4.59205">
				<ele>352.61</ele>
				<time>2026-05-20T18:28:10.812Z</time>
			</trkpt>
			<trkpt lat="45.86477" lon="4.59011">
				<ele>363.71</ele>
				<time>2026-05-20T18:28:16.791Z</time>
			</trkpt>
			<trkpt lat="45.86493" lon="4.58738">
				<ele>374.86</ele>
				<time>2026-05-20T18:28:25.226Z</time>
			</trkpt>
			<trkpt lat="45.8651" lon="4.58563">
				<ele>363.2</ele>
				<time>2026-05-20T18:28:30.664Z</time>
			</trkpt>
			<trkpt lat="45.86532" lon="4.58388">
				<ele>353.72</ele>
				<time>2026-05-20T18:28:36.136Z</time>
			</trkpt>
			<trkpt lat="45.86562" lon="4.58207">
				<ele>358.29</ele>
				<time>2026-05-20T18:28:41.859Z</time>
			</trkpt>
			<trkpt lat="45.86597" lon="4.58028">
				<ele>357.04</ele>
				<time>2026-05-20T18:28:47.576Z</time>
			</trkpt>
			<trkpt lat="45.86636" lon="4.57852">
				<ele>363.95</ele>
				<time>2026-05-20T18:28:53.255Z</time>
			</trkpt>
			<trkpt lat="45.86739" lon="4.5741">
				<ele>366.63</ele>
				<time>2026-05-20T18:29:07.577Z</time>
			</trkpt>
			<trkpt lat="45.8676" lon="4.57286">
				<ele>365.36</ele>
				<time>2026-05-20T18:29:11.496Z</time>
			</trkpt>
			<trkpt lat="45.8678" lon="4.57161">
				<ele>357.49</ele>
				<time>2026-05-20T18:29:15.435Z</time>
			</trkpt>
			<trkpt lat="45.86797" lon="4.57019">
				<ele>348.05</ele>
				<time>2026-05-20T18:29:19.858Z</time>
			</trkpt>
			<trkpt lat="45.86838" lon="4.56632">
				<ele>339.37</ele>
				<time>2026-05-20T18:29:31.872Z</time>
			</trkpt>
			<trkpt lat="45.86859" lon="4.56456">
				<ele>342.44</ele>
				<time>2026-05-20T18:29:37.350Z</time>
			</trkpt>
			<trkpt lat="45.86882" lon="4.5629">
				<ele>351.64</ele>
				<time>2026-05-20T18:29:42.541Z</time>
			</trkpt>
			<trkpt lat="45.86908" lon="4.56122">
				<ele>356.56</ele>
				<time>2026-05-20T18:29:47.817Z</time>
			</trkpt>
			<trkpt lat="45.86951" lon="4.55903">
				<ele>356.74</ele>
				<time>2026-05-20T18:29:54.792Z</time>
			</trkpt>
			<trkpt lat="45.87003" lon="4.5568">
				<ele>355.51</ele>
				<time>2026-05-20T18:30:01.999Z</time>
			</trkpt>
			<trkpt lat="45.87046" lon="4.55522">
				<ele>345.17</ele>
				<time>2026-05-20T18:30:07.195Z</time>
			</trkpt>
			<trkpt lat="45.87092" lon="4.55371">
				<ele>337.38</ele>
				<time>2026-05-20T18:30:12.243Z</time>
			</trkpt>
			<trkpt lat="45.87127" lon="4.55262">
				<ele>335.22</ele>
				<time>2026-05-20T18:30:15.919Z</time>
			</trkpt>
			<trkpt lat="45.87157" lon="4.55176">
				<ele>333.7</ele>
				<time>2026-05-20T18:30:18.864Z</time>
			</trkpt>
			<trkpt lat="45.87208" lon="4.55039">
				<ele>327.93</ele>
				<time>2026-05-20T18:30:23.619Z</time>
			</trkpt>
			<trkpt lat="45.873" lon="4.54817">
				<ele>328.83</ele>
				<time>2026-05-20T18:30:31.525Z</time>
			</trkpt>
			<trkpt lat="45.8746" lon="4.54448">
				<ele>331.15</ele>
				<time>2026-05-20T18:30:44.821Z</time>
			</trkpt>
			<trkpt lat="45.8751" lon="4.54325">
				<ele>332.75</ele>
				<time>2026-05-20T18:30:49.176Z</time>
			</trkpt>
			<trkpt lat="45.87556" lon="4.54201">
				<ele>330.3</ele>
				<time>2026-05-20T18:30:53.471Z</time>
			</trkpt>
			<trkpt lat="45.8759" lon="4.54079">
				<ele>323.93</ele>
				<time>2026-05-20T18:30:57.487Z</time>
			</trkpt>
			<trkpt lat="45.87605" lon="4.54016">
				<ele>323.49</ele>
				<time>2026-05-20T18:30:59.522Z</time>
			</trkpt>
			<trkpt lat="45.87619" lon="4.53955">
				<ele>322.3</ele>
				<time>2026-05-20T18:31:01.485Z</time>
			</trkpt>
			<trkpt lat="45.87636" lon="4.53863">
				<ele>321.92</ele>
				<time>2026-05-20T18:31:04.393Z</time>
			</trkpt>
			<trkpt lat="45.87648" lon="4.53771">
				<ele>321.19</ele>
				<time>2026-05-20T18:31:07.252Z</time>
			</trkpt>
			<trkpt lat="45.87664" lon="4.5359">
				<ele>325.86</ele>
				<time>2026-05-20T18:31:12.825Z</time>
			</trkpt>
			<trkpt lat="45.87673" lon="4.53435">
				<ele>328.39</ele>
				<time>2026-05-20T18:31:17.575Z</time>
			</trkpt>
			<trkpt lat="45.87673" lon="4.53359">
				<ele>327.85</ele>
				<time>2026-05-20T18:31:19.896Z</time>
			</trkpt>
			<trkpt lat="45.8767" lon="4.5328">
				<ele>325</ele>
				<time>2026-05-20T18:31:22.311Z</time>
			</trkpt>
			<trkpt lat="45.87663" lon="4.5319">
				<ele>321.9</ele>
				<time>2026-05-20T18:31:25.076Z</time>
			</trkpt>
			<trkpt lat="45.87654" lon="4.53104">
				<ele>324.83</ele>
				<time>2026-05-20T18:31:27.730Z</time>
			</trkpt>
			<trkpt lat="45.87643" lon="4.53011">
				<ele>325.55</ele>
				<time>2026-05-20T18:31:30.609Z</time>
			</trkpt>
			<trkpt lat="45.87633" lon="4.52944">
				<ele>326</ele>
				<time>2026-05-20T18:31:32.700Z</time>
			</trkpt>
			<trkpt lat="45.87615" lon="4.52849">
				<ele>326</ele>
				<time>2026-05-20T18:31:35.705Z</time>
			</trkpt>
			<trkpt lat="45.87594" lon="4.52762">
				<ele>325.76</ele>
				<time>2026-05-20T18:31:38.514Z</time>
			</trkpt>
			<trkpt lat="45.87484" lon="4.52361">
				<ele>307.45</ele>
				<time>2026-05-20T18:31:51.660Z</time>
			</trkpt>
			<trkpt lat="45.87413" lon="4.52083">
				<ele>308.09</ele>
				<time>2026-05-20T18:32:00.688Z</time>
			</trkpt>
			<trkpt lat="45.87385" lon="4.51958">
				<ele>315.33</ele>
				<time>2026-05-20T18:32:04.691Z</time>
			</trkpt>
			<trkpt lat="45.8735" lon="4.51783">
				<ele>318.18</ele>
				<time>2026-05-20T18:32:10.240Z</time>
			</trkpt>
			<trkpt lat="45.87321" lon="4.51624">
				<ele>320.47</ele>
				<time>2026-05-20T18:32:15.248Z</time>
			</trkpt>
			<trkpt lat="45.87283" lon="4.514">
				<ele>323.91</ele>
				<time>2026-05-20T18:32:22.271Z</time>
			</trkpt>
			<trkpt lat="45.87265" lon="4.51293">
				<ele>326.14</ele>
				<time>2026-05-20T18:32:25.624Z</time>
			</trkpt>
			<trkpt lat="45.87229" lon="4.50967">
				<ele>332.22</ele>
				<time>2026-05-20T18:32:35.675Z</time>
			</trkpt>
			<trkpt lat="45.8721" lon="4.50874">
				<ele>327.77</ele>
				<time>2026-05-20T18:32:38.625Z</time>
			</trkpt>
			<trkpt lat="45.87202" lon="4.5084">
				<ele>324.3</ele>
				<time>2026-05-20T18:32:39.718Z</time>
			</trkpt>
			<trkpt lat="45.8715" lon="4.5069">
				<ele>326.5</ele>
				<time>2026-05-20T18:32:44.818Z</time>
			</trkpt>
			<trkpt lat="45.87107" lon="4.50573">
				<ele>331.74</ele>
				<time>2026-05-20T18:32:48.844Z</time>
			</trkpt>
			<trkpt lat="45.87069" lon="4.50435">
				<ele>340.47</ele>
				<time>2026-05-20T18:32:53.360Z</time>
			</trkpt>
			<trkpt lat="45.87032" lon="4.50284">
				<ele>348.04</ele>
				<time>2026-05-20T18:32:58.230Z</time>
			</trkpt>
			<trkpt lat="45.87012" lon="4.50162">
				<ele>352.73</ele>
				<time>2026-05-20T18:33:02.042Z</time>
			</trkpt>
			<trkpt lat="45.86988" lon="4.49995">
				<ele>355.63</ele>
				<time>2026-05-20T18:33:07.229Z</time>
			</trkpt>
			<trkpt lat="45.8698" lon="4.49822">
				<ele>360.04</ele>
				<time>2026-05-20T18:33:12.501Z</time>
			</trkpt>
			<trkpt lat="45.86981" lon="4.49645">
				<ele>366.03</ele>
				<time>2026-05-20T18:33:17.882Z</time>
			</trkpt>
			<trkpt lat="45.86996" lon="4.49466">
				<ele>364.34</ele>
				<time>2026-05-20T18:33:23.363Z</time>
			</trkpt>
			<trkpt lat="45.87017" lon="4.49322">
				<ele>364.35</ele>
				<time>2026-05-20T18:33:27.834Z</time>
			</trkpt>
			<trkpt lat="45.87047" lon="4.49174">
				<ele>361.3</ele>
				<time>2026-05-20T18:33:32.518Z</time>
			</trkpt>
			<trkpt lat="45.87082" lon="4.49028">
				<ele>353.23</ele>
				<time>2026-05-20T18:33:37.209Z</time>
			</trkpt>
			<trkpt lat="45.87119" lon="4.48865">
				<ele>352.51</ele>
				<time>2026-05-20T18:33:42.417Z</time>
			</trkpt>
			<trkpt lat="45.87143" lon="4.48733">
				<ele>351.92</ele>
				<time>2026-05-20T18:33:46.561Z</time>
			</trkpt>
			<trkpt lat="45.87156" lon="4.4864">
				<ele>367.13</ele>
				<time>2026-05-20T18:33:49.441Z</time>
			</trkpt>
			<trkpt lat="45.87194" lon="4.48331">
				<ele>382.92</ele>
				<time>2026-05-20T18:33:58.968Z</time>
			</trkpt>
			<trkpt lat="45.87213" lon="4.48211">
				<ele>374.28</ele>
				<time>2026-05-20T18:34:02.704Z</time>
			</trkpt>
			<trkpt lat="45.87229" lon="4.4814">
				<ele>371.73</ele>
				<time>2026-05-20T18:34:04.969Z</time>
			</trkpt>
			<trkpt lat="45.87247" lon="4.4807">
				<ele>370.36</ele>
				<time>2026-05-20T18:34:07.234Z</time>
			</trkpt>
			<trkpt lat="45.87287" lon="4.47949">
				<ele>361.52</ele>
				<time>2026-05-20T18:34:11.299Z</time>
			</trkpt>
			<trkpt lat="45.87311" lon="4.47893">
				<ele>367.07</ele>
				<time>2026-05-20T18:34:13.294Z</time>
			</trkpt>
			<trkpt lat="45.87337" lon="4.4784">
				<ele>369.03</ele>
				<time>2026-05-20T18:34:15.261Z</time>
			</trkpt>
			<trkpt lat="45.87389" lon="4.47744">
				<ele>373.04</ele>
				<time>2026-05-20T18:34:18.952Z</time>
			</trkpt>
			<trkpt lat="45.87412" lon="4.47706">
				<ele>379.28</ele>
				<time>2026-05-20T18:34:20.479Z</time>
			</trkpt>
			<trkpt lat="45.87445" lon="4.47658">
				<ele>381.95</ele>
				<time>2026-05-20T18:34:22.525Z</time>
			</trkpt>
			<trkpt lat="45.87494" lon="4.47597">
				<ele>387.14</ele>
				<time>2026-05-20T18:34:25.350Z</time>
			</trkpt>
			<trkpt lat="45.87525" lon="4.47561">
				<ele>393.73</ele>
				<time>2026-05-20T18:34:27.087Z</time>
			</trkpt>
			<trkpt lat="45.87573" lon="4.47513">
				<ele>398.44</ele>
				<time>2026-05-20T18:34:29.635Z</time>
			</trkpt>
			<trkpt lat="45.87683" lon="4.47415">
				<ele>412.1</ele>
				<time>2026-05-20T18:34:35.272Z</time>
			</trkpt>
			<trkpt lat="45.87739" lon="4.47361">
				<ele>411.52</ele>
				<time>2026-05-20T18:34:38.210Z</time>
			</trkpt>
			<trkpt lat="45.87796" lon="4.47296">
				<ele>408.87</ele>
				<time>2026-05-20T18:34:41.379Z</time>
			</trkpt>
			<trkpt lat="45.87853" lon="4.47221">
				<ele>411.58</ele>
				<time>2026-05-20T18:34:44.745Z</time>
			</trkpt>
			<trkpt lat="45.87904" lon="4.4714">
				<ele>420.07</ele>
				<time>2026-05-20T18:34:48.055Z</time>
			</trkpt>
			<trkpt lat="45.87926" lon="4.47101">
				<ele>426.07</ele>
				<time>2026-05-20T18:34:49.576Z</time>
			</trkpt>
			<trkpt lat="45.87954" lon="4.47047">
				<ele>424.51</ele>
				<time>2026-05-20T18:34:51.617Z</time>
			</trkpt>
			<trkpt lat="45.87985" lon="4.46976">
				<ele>413.68</ele>
				<time>2026-05-20T18:34:54.156Z</time>
			</trkpt>
			<trkpt lat="45.88044" lon="4.46832">
				<ele>404.04</ele>
				<time>2026-05-20T18:34:59.219Z</time>
			</trkpt>
			<trkpt lat="45.88063" lon="4.46791">
				<ele>412.79</ele>
				<time>2026-05-20T18:35:00.711Z</time>
			</trkpt>
			<trkpt lat="45.88098" lon="4.46722">
				<ele>439.57</ele>
				<time>2026-05-20T18:35:03.298Z</time>
			</trkpt>
			<trkpt lat="45.88137" lon="4.46658">
				<ele>451.33</ele>
				<time>2026-05-20T18:35:05.874Z</time>
			</trkpt>
			<trkpt lat="45.88153" lon="4.46635">
				<ele>448.66</ele>
				<time>2026-05-20T18:35:06.859Z</time>
			</trkpt>
			<trkpt lat="45.88257" lon="4.46494">
				<ele>440.74</ele>
				<time>2026-05-20T18:35:13.081Z</time>
			</trkpt>
			<trkpt lat="45.88292" lon="4.46444">
				<ele>431.85</ele>
				<time>2026-05-20T18:35:15.228Z</time>
			</trkpt>
			<trkpt lat="45.88328" lon="4.46384">
				<ele>433.27</ele>
				<time>2026-05-20T18:35:17.627Z</time>
			</trkpt>
			<trkpt lat="45.88379" lon="4.46291">
				<ele>435.39</ele>
				<time>2026-05-20T18:35:21.211Z</time>
			</trkpt>
			<trkpt lat="45.88402" lon="4.46244">
				<ele>436.45</ele>
				<time>2026-05-20T18:35:22.951Z</time>
			</trkpt>
			<trkpt lat="45.88445" lon="4.46142">
				<ele>438.66</ele>
				<time>2026-05-20T18:35:26.561Z</time>
			</trkpt>
			<trkpt lat="45.88478" lon="4.4605">
				<ele>440.6</ele>
				<time>2026-05-20T18:35:29.694Z</time>
			</trkpt>
			<trkpt lat="45.88505" lon="4.45959">
				<ele>442.51</ele>
				<time>2026-05-20T18:35:32.688Z</time>
			</trkpt>
			<trkpt lat="45.88538" lon="4.4582">
				<ele>445.36</ele>
				<time>2026-05-20T18:35:37.132Z</time>
			</trkpt>
			<trkpt lat="45.88552" lon="4.45743">
				<ele>446.96</ele>
				<time>2026-05-20T18:35:39.541Z</time>
			</trkpt>
			<trkpt lat="45.88573" lon="4.45614">
				<ele>450.89</ele>
				<time>2026-05-20T18:35:43.549Z</time>
			</trkpt>
			<trkpt lat="45.88584" lon="4.45496">
				<ele>453.37</ele>
				<time>2026-05-20T18:35:47.152Z</time>
			</trkpt>
			<trkpt lat="45.88587" lon="4.4545">
				<ele>459.18</ele>
				<time>2026-05-20T18:35:48.549Z</time>
			</trkpt>
			<trkpt lat="45.88588" lon="4.45362">
				<ele>466.46</ele>
				<time>2026-05-20T18:35:51.212Z</time>
			</trkpt>
			<trkpt lat="45.88587" lon="4.45319">
				<ele>468.01</ele>
				<time>2026-05-20T18:35:52.513Z</time>
			</trkpt>
			<trkpt lat="45.88583" lon="4.45243">
				<ele>481.43</ele>
				<time>2026-05-20T18:35:54.819Z</time>
			</trkpt>
			<trkpt lat="45.88574" lon="4.45137">
				<ele>480.13</ele>
				<time>2026-05-20T18:35:58.049Z</time>
			</trkpt>
			<trkpt lat="45.8856" lon="4.45026">
				<ele>478.76</ele>
				<time>2026-05-20T18:36:01.461Z</time>
			</trkpt>
			<trkpt lat="45.88545" lon="4.4494">
				<ele>477.69</ele>
				<time>2026-05-20T18:36:04.142Z</time>
			</trkpt>
			<trkpt lat="45.88511" lon="4.44792">
				<ele>475.83</ele>
				<time>2026-05-20T18:36:08.855Z</time>
			</trkpt>
			<trkpt lat="45.88495" lon="4.44727">
				<ele>475.02</ele>
				<time>2026-05-20T18:36:10.940Z</time>
			</trkpt>
			<trkpt lat="45.88453" lon="4.44598">
				<ele>473.38</ele>
				<time>2026-05-20T18:36:15.246Z</time>
			</trkpt>
			<trkpt lat="45.88417" lon="4.44502">
				<ele>472.13</ele>
				<time>2026-05-20T18:36:18.542Z</time>
			</trkpt>
			<trkpt lat="45.88379" lon="4.44416">
				<ele>470.97</ele>
				<time>2026-05-20T18:36:21.622Z</time>
			</trkpt>
			<trkpt lat="45.88283" lon="4.44206">
				<ele>436.96</ele>
				<time>2026-05-20T18:36:29.216Z</time>
			</trkpt>
			<trkpt lat="45.88249" lon="4.44119">
				<ele>436.11</ele>
				<time>2026-05-20T18:36:32.231Z</time>
			</trkpt>
			<trkpt lat="45.88225" lon="4.44047">
				<ele>452.28</ele>
				<time>2026-05-20T18:36:34.644Z</time>
			</trkpt>
			<trkpt lat="45.88206" lon="4.43981">
				<ele>466.58</ele>
				<time>2026-05-20T18:36:36.802Z</time>
			</trkpt>
			<trkpt lat="45.88195" lon="4.43934">
				<ele>473.02</ele>
				<time>2026-05-20T18:36:38.300Z</time>
			</trkpt>
			<trkpt lat="45.88181" lon="4.43869">
				<ele>483.22</ele>
				<time>2026-05-20T18:36:40.356Z</time>
			</trkpt>
			<trkpt lat="45.88167" lon="4.43789">
				<ele>492.66</ele>
				<time>2026-05-20T18:36:42.849Z</time>
			</trkpt>
			<trkpt lat="45.88159" lon="4.43721">
				<ele>488.25</ele>
				<time>2026-05-20T18:36:44.933Z</time>
			</trkpt>
			<trkpt lat="45.8815" lon="4.43623">
				<ele>469.46</ele>
				<time>2026-05-20T18:36:47.919Z</time>
			</trkpt>
			<trkpt lat="45.88147" lon="4.43558">
				<ele>464.73</ele>
				<time>2026-05-20T18:36:49.887Z</time>
			</trkpt>
			<trkpt lat="45.88146" lon="4.43492">
				<ele>467.95</ele>
				<time>2026-05-20T18:36:51.882Z</time>
			</trkpt>
			<trkpt lat="45.88149" lon="4.43404">
				<ele>483.49</ele>
				<time>2026-05-20T18:36:54.543Z</time>
			</trkpt>
			<trkpt lat="45.88153" lon="4.43337">
				<ele>486.68</ele>
				<time>2026-05-20T18:36:56.575Z</time>
			</trkpt>
			<trkpt lat="45.88158" lon="4.43271">
				<ele>490.94</ele>
				<time>2026-05-20T18:36:58.580Z</time>
			</trkpt>
			<trkpt lat="45.88173" lon="4.43156">
				<ele>475.08</ele>
				<time>2026-05-20T18:37:02.114Z</time>
			</trkpt>
			<trkpt lat="45.8818" lon="4.43108">
				<ele>471.34</ele>
				<time>2026-05-20T18:37:03.595Z</time>
			</trkpt>
			<trkpt lat="45.882" lon="4.43011">
				<ele>464.92</ele>
				<time>2026-05-20T18:37:06.650Z</time>
			</trkpt>
			<trkpt lat="45.88215" lon="4.42947">
				<ele>464.47</ele>
				<time>2026-05-20T18:37:08.690Z</time>
			</trkpt>
			<trkpt lat="45.88234" lon="4.42878">
				<ele>478.05</ele>
				<time>2026-05-20T18:37:10.930Z</time>
			</trkpt>
			<trkpt lat="45.88272" lon="4.42773">
				<ele>478.7</ele>
				<time>2026-05-20T18:37:14.504Z</time>
			</trkpt>
			<trkpt lat="45.88308" lon="4.4269">
				<ele>479.23</ele>
				<time>2026-05-20T18:37:17.456Z</time>
			</trkpt>
			<trkpt lat="45.88348" lon="4.42608">
				<ele>479.77</ele>
				<time>2026-05-20T18:37:20.479Z</time>
			</trkpt>
			<trkpt lat="45.88627" lon="4.42125">
				<ele>483.04</ele>
				<time>2026-05-20T18:37:39.424Z</time>
			</trkpt>
			<trkpt lat="45.88711" lon="4.41947">
				<ele>484.2</ele>
				<time>2026-05-20T18:37:45.913Z</time>
			</trkpt>
			<trkpt lat="45.88773" lon="4.41794">
				<ele>485.17</ele>
				<time>2026-05-20T18:37:51.254Z</time>
			</trkpt>
			<trkpt lat="45.88816" lon="4.41663">
				<ele>487.74</ele>
				<time>2026-05-20T18:37:55.624Z</time>
			</trkpt>
			<trkpt lat="45.88836" lon="4.41595">
				<ele>494.67</ele>
				<time>2026-05-20T18:37:57.851Z</time>
			</trkpt>
			<trkpt lat="45.88864" lon="4.41477">
				<ele>483.39</ele>
				<time>2026-05-20T18:38:01.611Z</time>
			</trkpt>
			<trkpt lat="45.88886" lon="4.41352">
				<ele>461.4</ele>
				<time>2026-05-20T18:38:05.500Z</time>
			</trkpt>
			<trkpt lat="45.88896" lon="4.41274">
				<ele>446.97</ele>
				<time>2026-05-20T18:38:07.892Z</time>
			</trkpt>
			<trkpt lat="45.88904" lon="4.41173">
				<ele>427.78</ele>
				<time>2026-05-20T18:38:10.958Z</time>
			</trkpt>
			<trkpt lat="45.88906" lon="4.41103">
				<ele>424.47</ele>
				<time>2026-05-20T18:38:13.071Z</time>
			</trkpt>
			<trkpt lat="45.88906" lon="4.41015">
				<ele>419.61</ele>
				<time>2026-05-20T18:38:15.725Z</time>
			</trkpt>
			<trkpt lat="45.88903" lon="4.40932">
				<ele>421.89</ele>
				<time>2026-05-20T18:38:18.231Z</time>
			</trkpt>
			<trkpt lat="45.88896" lon="4.40852">
				<ele>428.07</ele>
				<time>2026-05-20T18:38:20.662Z</time>
			</trkpt>
			<trkpt lat="45.88888" lon="4.40785">
				<ele>432</ele>
				<time>2026-05-20T18:38:22.712Z</time>
			</trkpt>
			<trkpt lat="45.88874" lon="4.40703">
				<ele>443.02</ele>
				<time>2026-05-20T18:38:25.258Z</time>
			</trkpt>
			<trkpt lat="45.88865" lon="4.40655">
				<ele>448.34</ele>
				<time>2026-05-20T18:38:26.756Z</time>
			</trkpt>
			<trkpt lat="45.88835" lon="4.40529">
				<ele>454.86</ele>
				<time>2026-05-20T18:38:30.771Z</time>
			</trkpt>
			<trkpt lat="45.88782" lon="4.40344">
				<ele>471.44</ele>
				<time>2026-05-20T18:38:36.802Z</time>
			</trkpt>
			<trkpt lat="45.88733" lon="4.4019">
				<ele>477.66</ele>
				<time>2026-05-20T18:38:41.907Z</time>
			</trkpt>
			<trkpt lat="45.88704" lon="4.40114">
				<ele>475.66</ele>
				<time>2026-05-20T18:38:44.519Z</time>
			</trkpt>
			<trkpt lat="45.88681" lon="4.40059">
				<ele>473.42</ele>
				<time>2026-05-20T18:38:46.453Z</time>
			</trkpt>
			<trkpt lat="45.88639" lon="4.39977">
				<ele>464.58</ele>
				<time>2026-05-20T18:38:49.522Z</time>
			</trkpt>
			<trkpt lat="45.88591" lon="4.39903">
				<ele>463.77</ele>
				<time>2026-05-20T18:38:52.570Z</time>
			</trkpt>
			<trkpt lat="45.88549" lon="4.39848">
				<ele>462.1</ele>
				<time>2026-05-20T18:38:55.031Z</time>
			</trkpt>
			<trkpt lat="45.8853" lon="4.39826">
				<ele>463.91</ele>
				<time>2026-05-20T18:38:56.087Z</time>
			</trkpt>
			<trkpt lat="45.88492" lon="4.39787">
				<ele>473.98</ele>
				<time>2026-05-20T18:38:58.109Z</time>
			</trkpt>
			<trkpt lat="45.88431" lon="4.39736">
				<ele>483.69</ele>
				<time>2026-05-20T18:39:01.165Z</time>
			</trkpt>
			<trkpt lat="45.88367" lon="4.39691">
				<ele>495.54</ele>
				<time>2026-05-20T18:39:04.250Z</time>
			</trkpt>
			<trkpt lat="45.88323" lon="4.39669">
				<ele>497.88</ele>
				<time>2026-05-20T18:39:06.266Z</time>
			</trkpt>
			<trkpt lat="45.88243" lon="4.39639">
				<ele>513.37</ele>
				<time>2026-05-20T18:39:09.846Z</time>
			</trkpt>
			<trkpt lat="45.88221" lon="4.39633">
				<ele>516.23</ele>
				<time>2026-05-20T18:39:10.815Z</time>
			</trkpt>
			<trkpt lat="45.88185" lon="4.39628">
				<ele>517.78</ele>
				<time>2026-05-20T18:39:12.380Z</time>
			</trkpt>
			<trkpt lat="45.88127" lon="4.39626">
				<ele>524.73</ele>
				<time>2026-05-20T18:39:14.892Z</time>
			</trkpt>
			<trkpt lat="45.88081" lon="4.39632">
				<ele>525.77</ele>
				<time>2026-05-20T18:39:16.891Z</time>
			</trkpt>
			<trkpt lat="45.88058" lon="4.39637">
				<ele>522.45</ele>
				<time>2026-05-20T18:39:17.898Z</time>
			</trkpt>
			<trkpt lat="45.87999" lon="4.39657">
				<ele>512.85</ele>
				<time>2026-05-20T18:39:20.521Z</time>
			</trkpt>
			<trkpt lat="45.87965" lon="4.39674">
				<ele>504.32</ele>
				<time>2026-05-20T18:39:22.080Z</time>
			</trkpt>
			<trkpt lat="45.87927" lon="4.39695">
				<ele>488.21</ele>
				<time>2026-05-20T18:39:23.842Z</time>
			</trkpt>
			<trkpt lat="45.87881" lon="4.39726">
				<ele>491.85</ele>
				<time>2026-05-20T18:39:26.041Z</time>
			</trkpt>
			<trkpt lat="45.87841" lon="4.39756">
				<ele>495.15</ele>
				<time>2026-05-20T18:39:27.994Z</time>
			</trkpt>
			<trkpt lat="45.87807" lon="4.39781">
				<ele>502.58</ele>
				<time>2026-05-20T18:39:29.646Z</time>
			</trkpt>
			<trkpt lat="45.87752" lon="4.39818">
				<ele>508.27</ele>
				<time>2026-05-20T18:39:32.275Z</time>
			</trkpt>
			<trkpt lat="45.87694" lon="4.39848">
				<ele>517.29</ele>
				<time>2026-05-20T18:39:34.942Z</time>
			</trkpt>
			<trkpt lat="45.87648" lon="4.39864">
				<ele>524.41</ele>
				<time>2026-05-20T18:39:36.990Z</time>
			</trkpt>
			<trkpt lat="45.87607" lon="4.39872">
				<ele>532.32</ele>
				<time>2026-05-20T18:39:38.781Z</time>
			</trkpt>
			<trkpt lat="45.87567" lon="4.39876">
				<ele>542.7</ele>
				<time>2026-05-20T18:39:40.516Z</time>
			</trkpt>
			<trkpt lat="45.87502" lon="4.39875">
				<ele>545.52</ele>
				<time>2026-05-20T18:39:43.328Z</time>
			</trkpt>
			<trkpt lat="45.87456" lon="4.3987">
				<ele>545.97</ele>
				<time>2026-05-20T18:39:45.324Z</time>
			</trkpt>
			<trkpt lat="45.87398" lon="4.39855">
				<ele>545.29</ele>
				<time>2026-05-20T18:39:47.874Z</time>
			</trkpt>
			<trkpt lat="45.87219" lon="4.39795">
				<ele>535.82</ele>
				<time>2026-05-20T18:39:55.826Z</time>
			</trkpt>
			<trkpt lat="45.87195" lon="4.3979">
				<ele>538.7</ele>
				<time>2026-05-20T18:39:56.876Z</time>
			</trkpt>
			<trkpt lat="45.87091" lon="4.39776">
				<ele>532.46</ele>
				<time>2026-05-20T18:40:01.394Z</time>
			</trkpt>
			<trkpt lat="45.87034" lon="4.39754">
				<ele>542.75</ele>
				<time>2026-05-20T18:40:03.947Z</time>
			</trkpt>
			<trkpt lat="45.86979" lon="4.39724">
				<ele>561.91</ele>
				<time>2026-05-20T18:40:06.492Z</time>
			</trkpt>
			<trkpt lat="45.86937" lon="4.39693">
				<ele>582.33</ele>
				<time>2026-05-20T18:40:08.535Z</time>
			</trkpt>
			<trkpt lat="45.86876" lon="4.3964">
				<ele>599.14</ele>
				<time>2026-05-20T18:40:11.619Z</time>
			</trkpt>
			<trkpt lat="45.86829" lon="4.39592">
				<ele>604.48</ele>
				<time>2026-05-20T18:40:14.113Z</time>
			</trkpt>
			<trkpt lat="45.86802" lon="4.39561">
				<ele>601.88</ele>
				<time>2026-05-20T18:40:15.609Z</time>
			</trkpt>
			<trkpt lat="45.86761" lon="4.39506">
				<ele>594.65</ele>
				<time>2026-05-20T18:40:18.035Z</time>
			</trkpt>
			<trkpt lat="45.86731" lon="4.39456">
				<ele>590.65</ele>
				<time>2026-05-20T18:40:20.023Z</time>
			</trkpt>
			<trkpt lat="45.86717" lon="4.39429">
				<ele>593.32</ele>
				<time>2026-05-20T18:40:21.037Z</time>
			</trkpt>
			<trkpt lat="45.86692" lon="4.39374">
				<ele>596.08</ele>
				<time>2026-05-20T18:40:23.015Z</time>
			</trkpt>
			<trkpt lat="45.86659" lon="4.39285">
				<ele>600.38</ele>
				<time>2026-05-20T18:40:26.051Z</time>
			</trkpt>
			<trkpt lat="45.86642" lon="4.39223">
				<ele>600.14</ele>
				<time>2026-05-20T18:40:28.058Z</time>
			</trkpt>
			<trkpt lat="45.86626" lon="4.39151">
				<ele>592.13</ele>
				<time>2026-05-20T18:40:30.334Z</time>
			</trkpt>
			<trkpt lat="45.8662" lon="4.39113">
				<ele>587.85</ele>
				<time>2026-05-20T18:40:31.507Z</time>
			</trkpt>
			<trkpt lat="45.86612" lon="4.39047">
				<ele>584.98</ele>
				<time>2026-05-20T18:40:33.525Z</time>
			</trkpt>
			<trkpt lat="45.86608" lon="4.38982">
				<ele>593.5</ele>
				<time>2026-05-20T18:40:35.490Z</time>
			</trkpt>
			<trkpt lat="45.86605" lon="4.38844">
				<ele>612.22</ele>
				<time>2026-05-20T18:40:39.647Z</time>
			</trkpt>
			<trkpt lat="45.86597" lon="4.38753">
				<ele>608.61</ele>
				<time>2026-05-20T18:40:42.409Z</time>
			</trkpt>
			<trkpt lat="45.86588" lon="4.38695">
				<ele>603.15</ele>
				<time>2026-05-20T18:40:44.198Z</time>
			</trkpt>
			<trkpt lat="45.8658" lon="4.38647">
				<ele>600.11</ele>
				<time>2026-05-20T18:40:45.684Z</time>
			</trkpt>
			<trkpt lat="45.86535" lon="4.38456">
				<ele>629.21</ele>
				<time>2026-05-20T18:40:51.755Z</time>
			</trkpt>
			<trkpt lat="45.8652" lon="4.38386">
				<ele>641.83</ele>
				<time>2026-05-20T18:40:53.960Z</time>
			</trkpt>
			<trkpt lat="45.86511" lon="4.38326">
				<ele>647.42</ele>
				<time>2026-05-20T18:40:55.808Z</time>
			</trkpt>
			<trkpt lat="45.86481" lon="4.3808">
				<ele>650.32</ele>
				<time>2026-05-20T18:41:03.327Z</time>
			</trkpt>
			<trkpt lat="45.86463" lon="4.37984">
				<ele>646.62</ele>
				<time>2026-05-20T18:41:06.320Z</time>
			</trkpt>
			<trkpt lat="45.86442" lon="4.37897">
				<ele>637.66</ele>
				<time>2026-05-20T18:41:09.093Z</time>
			</trkpt>
			<trkpt lat="45.86418" lon="4.37811">
				<ele>652.58</ele>
				<time>2026-05-20T18:41:11.882Z</time>
			</trkpt>
			<trkpt lat="45.86357" lon="4.37609">
				<ele>665.28</ele>
				<time>2026-05-20T18:41:18.510Z</time>
			</trkpt>
			<trkpt lat="45.86298" lon="4.37401">
				<ele>665.65</ele>
				<time>2026-05-20T18:41:25.271Z</time>
			</trkpt>
			<trkpt lat="45.86268" lon="4.37269">
				<ele>665.88</ele>
				<time>2026-05-20T18:41:29.451Z</time>
			</trkpt>
			<trkpt lat="45.86244" lon="4.37144">
				<ele>666.09</ele>
				<time>2026-05-20T18:41:33.354Z</time>
			</trkpt>
			<trkpt lat="45.86205" lon="4.3686">
				<ele>666.58</ele>
				<time>2026-05-20T18:41:42.067Z</time>
			</trkpt>
			<trkpt lat="45.86121" lon="4.36115">
				<ele>667.84</ele>
				<time>2026-05-20T18:42:04.783Z</time>
			</trkpt>
			<trkpt lat="45.86061" lon="4.35545">
				<ele>668.82</ele>
				<time>2026-05-20T18:42:22.133Z</time>
			</trkpt>
			<trkpt lat="45.85982" lon="4.34897">
				<ele>669.92</ele>
				<time>2026-05-20T18:42:41.932Z</time>
			</trkpt>
			<trkpt lat="45.85905" lon="4.34202">
				<ele>671.1</ele>
				<time>2026-05-20T18:43:03.112Z</time>
			</trkpt>
			<trkpt lat="45.85887" lon="4.34012">
				<ele>671.42</ele>
				<time>2026-05-20T18:43:08.883Z</time>
			</trkpt>
			<trkpt lat="45.85877" lon="4.33899">
				<ele>671.61</ele>
				<time>2026-05-20T18:43:12.311Z</time>
			</trkpt>
			<trkpt lat="45.8587" lon="4.33749">
				<ele>671.86</ele>
				<time>2026-05-20T18:43:16.835Z</time>
			</trkpt>
			<trkpt lat="45.8587" lon="4.33616">
				<ele>672.09</ele>
				<time>2026-05-20T18:43:20.838Z</time>
			</trkpt>
			<trkpt lat="45.85873" lon="4.33486">
				<ele>672.3</ele>
				<time>2026-05-20T18:43:24.753Z</time>
			</trkpt>
			<trkpt lat="45.85883" lon="4.33334">
				<ele>672.57</ele>
				<time>2026-05-20T18:43:29.348Z</time>
			</trkpt>
			<trkpt lat="45.859" lon="4.33182">
				<ele>672.83</ele>
				<time>2026-05-20T18:43:33.981Z</time>
			</trkpt>
			<trkpt lat="45.85932" lon="4.32957">
				<ele>673.21</ele>
				<time>2026-05-20T18:43:40.892Z</time>
			</trkpt>
			<trkpt lat="45.85978" lon="4.32683">
				<ele>673.68</ele>
				<time>2026-05-20T18:43:49.375Z</time>
			</trkpt>
			<trkpt lat="45.86026" lon="4.32423">
				<ele>643.14</ele>
				<time>2026-05-20T18:43:57.471Z</time>
			</trkpt>
			<trkpt lat="45.86046" lon="4.32337">
				<ele>652.76</ele>
				<time>2026-05-20T18:44:00.199Z</time>
			</trkpt>
			<trkpt lat="45.86075" lon="4.32219">
				<ele>672.16</ele>
				<time>2026-05-20T18:44:03.966Z</time>
			</trkpt>
			<trkpt lat="45.86108" lon="4.32101">
				<ele>675.84</ele>
				<time>2026-05-20T18:44:07.793Z</time>
			</trkpt>
			<trkpt lat="45.86145" lon="4.31976">
				<ele>658.63</ele>
				<time>2026-05-20T18:44:11.881Z</time>
			</trkpt>
			<trkpt lat="45.86173" lon="4.31863">
				<ele>664.33</ele>
				<time>2026-05-20T18:44:15.491Z</time>
			</trkpt>
			<trkpt lat="45.86189" lon="4.3179">
				<ele>666.43</ele>
				<time>2026-05-20T18:44:17.794Z</time>
			</trkpt>
			<trkpt lat="45.86203" lon="4.31716">
				<ele>663.3</ele>
				<time>2026-05-20T18:44:20.102Z</time>
			</trkpt>
			<trkpt lat="45.86214" lon="4.31641">
				<ele>668.36</ele>
				<time>2026-05-20T18:44:22.409Z</time>
			</trkpt>
			<trkpt lat="45.86221" lon="4.31566">
				<ele>671.11</ele>
				<time>2026-05-20T18:44:24.687Z</time>
			</trkpt>
			<trkpt lat="45.86233" lon="4.31407">
				<ele>677.15</ele>
				<time>2026-05-20T18:44:29.501Z</time>
			</trkpt>
			<trkpt lat="45.86248" lon="4.31249">
				<ele>658.55</ele>
				<time>2026-05-20T18:44:34.301Z</time>
			</trkpt>
			<trkpt lat="45.86266" lon="4.31131">
				<ele>649.04</ele>
				<time>2026-05-20T18:44:37.937Z</time>
			</trkpt>
			<trkpt lat="45.86282" lon="4.31061">
				<ele>650.26</ele>
				<time>2026-05-20T18:44:40.154Z</time>
			</trkpt>
			<trkpt lat="45.86307" lon="4.30976">
				<ele>651.76</ele>
				<time>2026-05-20T18:44:42.932Z</time>
			</trkpt>
			<trkpt lat="45.8633" lon="4.30915">
				<ele>652.86</ele>
				<time>2026-05-20T18:44:45.020Z</time>
			</trkpt>
			<trkpt lat="45.86352" lon="4.30863">
				<ele>657.42</ele>
				<time>2026-05-20T18:44:46.852Z</time>
			</trkpt>
			<trkpt lat="45.86376" lon="4.30812">
				<ele>663.43</ele>
				<time>2026-05-20T18:44:48.704Z</time>
			</trkpt>
			<trkpt lat="45.86408" lon="4.30755">
				<ele>664.14</ele>
				<time>2026-05-20T18:44:50.908Z</time>
			</trkpt>
			<trkpt lat="45.86442" lon="4.30703">
				<ele>668.74</ele>
				<time>2026-05-20T18:44:53.056Z</time>
			</trkpt>
			<trkpt lat="45.86547" lon="4.30563">
				<ele>660.02</ele>
				<time>2026-05-20T18:44:59.250Z</time>
			</trkpt>
			<trkpt lat="45.86588" lon="4.30495">
				<ele>657.23</ele>
				<time>2026-05-20T18:45:01.957Z</time>
			</trkpt>
			<trkpt lat="45.86627" lon="4.30426">
				<ele>668.14</ele>
				<time>2026-05-20T18:45:04.633Z</time>
			</trkpt>
			<trkpt lat="45.86702" lon="4.30271">
				<ele>673.2</ele>
				<time>2026-05-20T18:45:10.315Z</time>
			</trkpt>
			<trkpt lat="45.86765" lon="4.30155">
				<ele>647.45</ele>
				<time>2026-05-20T18:45:14.744Z</time>
			</trkpt>
			<trkpt lat="45.86863" lon="4.30013">
				<ele>655.25</ele>
				<time>2026-05-20T18:45:20.763Z</time>
			</trkpt>
			<trkpt lat="45.86946" lon="4.29872">
				<ele>662.73</ele>
				<time>2026-05-20T18:45:26.322Z</time>
			</trkpt>
			<trkpt lat="45.86993" lon="4.29777">
				<ele>667.45</ele>
				<time>2026-05-20T18:45:29.831Z</time>
			</trkpt>
			<trkpt lat="45.87034" lon="4.29671">
				<ele>666.64</ele>
				<time>2026-05-20T18:45:33.481Z</time>
			</trkpt>
			<trkpt lat="45.87068" lon="4.2956">
				<ele>659.94</ele>
				<time>2026-05-20T18:45:37.133Z</time>
			</trkpt>
			<trkpt lat="45.87091" lon="4.2946">
				<ele>648.21</ele>
				<time>2026-05-20T18:45:40.304Z</time>
			</trkpt>
			<trkpt lat="45.87107" lon="4.29345">
				<ele>635.17</ele>
				<time>2026-05-20T18:45:43.835Z</time>
			</trkpt>
			<trkpt lat="45.87119" lon="4.29228">
				<ele>629.81</ele>
				<time>2026-05-20T18:45:47.396Z</time>
			</trkpt>
			<trkpt lat="45.87123" lon="4.29141">
				<ele>635.64</ele>
				<time>2026-05-20T18:45:50.021Z</time>
			</trkpt>
			<trkpt lat="45.87123" lon="4.29054">
				<ele>631.36</ele>
				<time>2026-05-20T18:45:52.641Z</time>
			</trkpt>
			<trkpt lat="45.87119" lon="4.28973">
				<ele>621.75</ele>
				<time>2026-05-20T18:45:55.087Z</time>
			</trkpt>
			<trkpt lat="45.87111" lon="4.28894">
				<ele>608.65</ele>
				<time>2026-05-20T18:45:57.491Z</time>
			</trkpt>
			<trkpt lat="45.87101" lon="4.28815">
				<ele>600.96</ele>
				<time>2026-05-20T18:45:59.909Z</time>
			</trkpt>
			<trkpt lat="45.87087" lon="4.28738">
				<ele>594.01</ele>
				<time>2026-05-20T18:46:02.306Z</time>
			</trkpt>
			<trkpt lat="45.87068" lon="4.28657">
				<ele>600.9</ele>
				<time>2026-05-20T18:46:04.880Z</time>
			</trkpt>
			<trkpt lat="45.87047" lon="4.2858">
				<ele>614.28</ele>
				<time>2026-05-20T18:46:07.371Z</time>
			</trkpt>
			<trkpt lat="45.86995" lon="4.28417">
				<ele>621.41</ele>
				<time>2026-05-20T18:46:12.771Z</time>
			</trkpt>
			<trkpt lat="45.86951" lon="4.28257">
				<ele>605.31</ele>
				<time>2026-05-20T18:46:17.953Z</time>
			</trkpt>
			<trkpt lat="45.86937" lon="4.2818">
				<ele>608.11</ele>
				<time>2026-05-20T18:46:20.350Z</time>
			</trkpt>
			<trkpt lat="45.86919" lon="4.27954">
				<ele>581.1</ele>
				<time>2026-05-20T18:46:27.203Z</time>
			</trkpt>
			<trkpt lat="45.86914" lon="4.27549">
				<ele>574.95</ele>
				<time>2026-05-20T18:46:39.407Z</time>
			</trkpt>
			<trkpt lat="45.8691" lon="4.27236">
				<ele>545.97</ele>
				<time>2026-05-20T18:46:48.840Z</time>
			</trkpt>
			<trkpt lat="45.86904" lon="4.27143">
				<ele>522.24</ele>
				<time>2026-05-20T18:46:51.654Z</time>
			</trkpt>
			<trkpt lat="45.86897" lon="4.2707">
				<ele>514.74</ele>
				<time>2026-05-20T18:46:53.875Z</time>
			</trkpt>
			<trkpt lat="45.86875" lon="4.26945">
				<ele>537.88</ele>
				<time>2026-05-20T18:46:57.761Z</time>
			</trkpt>
			<trkpt lat="45.86855" lon="4.26863">
				<ele>549.85</ele>
				<time>2026-05-20T18:47:00.379Z</time>
			</trkpt>
			<trkpt lat="45.86836" lon="4.2679">
				<ele>551.03</ele>
				<time>2026-05-20T18:47:02.728Z</time>
			</trkpt>
			<trkpt lat="45.86812" lon="4.26713">
				<ele>547.01</ele>
				<time>2026-05-20T18:47:05.271Z</time>
			</trkpt>
			<trkpt lat="45.86781" lon="4.26629">
				<ele>540.7</ele>
				<time>2026-05-20T18:47:08.137Z</time>
			</trkpt>
			<trkpt lat="45.86751" lon="4.26558">
				<ele>542.06</ele>
				<time>2026-05-20T18:47:10.640Z</time>
			</trkpt>
			<trkpt lat="45.86681" lon="4.26406">
				<ele>541.99</ele>
				<time>2026-05-20T18:47:16.134Z</time>
			</trkpt>
			<trkpt lat="45.86665" lon="4.26373">
				<ele>542.1</ele>
				<time>2026-05-20T18:47:17.346Z</time>
			</trkpt>
			<trkpt lat="45.86561" lon="4.26139">
				<ele>508.72</ele>
				<time>2026-05-20T18:47:25.716Z</time>
			</trkpt>
			<trkpt lat="45.86496" lon="4.25999">
				<ele>501.66</ele>
				<time>2026-05-20T18:47:30.790Z</time>
			</trkpt>
			<trkpt lat="45.86477" lon="4.25955">
				<ele>506.6</ele>
				<time>2026-05-20T18:47:32.351Z</time>
			</trkpt>
			<trkpt lat="45.86445" lon="4.25866">
				<ele>501.45</ele>
				<time>2026-05-20T18:47:35.372Z</time>
			</trkpt>
			<trkpt lat="45.86422" lon="4.25788">
				<ele>499.2</ele>
				<time>2026-05-20T18:47:37.926Z</time>
			</trkpt>
			<trkpt lat="45.8641" lon="4.2574">
				<ele>502.65</ele>
				<time>2026-05-20T18:47:39.464Z</time>
			</trkpt>
			<trkpt lat="45.864" lon="4.25691">
				<ele>507.38</ele>
				<time>2026-05-20T18:47:41.004Z</time>
			</trkpt>
			<trkpt lat="45.86388" lon="4.25619">
				<ele>513.95</ele>
				<time>2026-05-20T18:47:43.237Z</time>
			</trkpt>
			<trkpt lat="45.86379" lon="4.25547">
				<ele>510.79</ele>
				<time>2026-05-20T18:47:45.444Z</time>
			</trkpt>
			<trkpt lat="45.86373" lon="4.25482">
				<ele>503.93</ele>
				<time>2026-05-20T18:47:47.421Z</time>
			</trkpt>
			<trkpt lat="45.8637" lon="4.25368">
				<ele>503.7</ele>
				<time>2026-05-20T18:47:50.863Z</time>
			</trkpt>
			<trkpt lat="45.86373" lon="4.25276">
				<ele>504.49</ele>
				<time>2026-05-20T18:47:53.641Z</time>
			</trkpt>
			<trkpt lat="45.86381" lon="4.25182">
				<ele>502.16</ele>
				<time>2026-05-20T18:47:56.498Z</time>
			</trkpt>
			<trkpt lat="45.86411" lon="4.24964">
				<ele>492.34</ele>
				<time>2026-05-20T18:48:03.202Z</time>
			</trkpt>
			<trkpt lat="45.86421" lon="4.24856">
				<ele>485.05</ele>
				<time>2026-05-20T18:48:06.489Z</time>
			</trkpt>
			<trkpt lat="45.86424" lon="4.24617">
				<ele>484.86</ele>
				<time>2026-05-20T18:48:13.703Z</time>
			</trkpt>
			<trkpt lat="45.86427" lon="4.24526">
				<ele>488.52</ele>
				<time>2026-05-20T18:48:16.452Z</time>
			</trkpt>
			<trkpt lat="45.86436" lon="4.24435">
				<ele>486.5</ele>
				<time>2026-05-20T18:48:19.226Z</time>
			</trkpt>
			<trkpt lat="45.86458" lon="4.2425">
				<ele>477.56</ele>
				<time>2026-05-20T18:48:24.890Z</time>
			</trkpt>
			<trkpt lat="45.86463" lon="4.24197">
				<ele>473.15</ele>
				<time>2026-05-20T18:48:26.505Z</time>
			</trkpt>
			<trkpt lat="45.86466" lon="4.24096">
				<ele>470.73</ele>
				<time>2026-05-20T18:48:29.556Z</time>
			</trkpt>
			<trkpt lat="45.86463" lon="4.24042">
				<ele>469.76</ele>
				<time>2026-05-20T18:48:31.192Z</time>
			</trkpt>
			<trkpt lat="45.86456" lon="4.23966">
				<ele>469.51</ele>
				<time>2026-05-20T18:48:33.506Z</time>
			</trkpt>
			<trkpt lat="45.86453" lon="4.23947">
				<ele>469.74</ele>
				<time>2026-05-20T18:48:34.094Z</time>
			</trkpt>
			<trkpt lat="45.86442" lon="4.23894">
				<ele>470.07</ele>
				<time>2026-05-20T18:48:35.764Z</time>
			</trkpt>
			<trkpt lat="45.8643" lon="4.23842">
				<ele>475.82</ele>
				<time>2026-05-20T18:48:37.417Z</time>
			</trkpt>
			<trkpt lat="45.86405" lon="4.2376">
				<ele>481.41</ele>
				<time>2026-05-20T18:48:40.120Z</time>
			</trkpt>
			<trkpt lat="45.86386" lon="4.23713">
				<ele>481.88</ele>
				<time>2026-05-20T18:48:41.761Z</time>
			</trkpt>
			<trkpt lat="45.86369" lon="4.23674">
				<ele>477.66</ele>
				<time>2026-05-20T18:48:43.150Z</time>
			</trkpt>
			<trkpt lat="45.86336" lon="4.23614">
				<ele>470.31</ele>
				<time>2026-05-20T18:48:45.459Z</time>
			</trkpt>
			<trkpt lat="45.8631" lon="4.23571">
				<ele>466.09</ele>
				<time>2026-05-20T18:48:47.178Z</time>
			</trkpt>
			<trkpt lat="45.86269" lon="4.23518">
				<ele>465.52</ele>
				<time>2026-05-20T18:48:49.571Z</time>
			</trkpt>
			<trkpt lat="45.86224" lon="4.23469">
				<ele>471.55</ele>
				<time>2026-05-20T18:48:52.020Z</time>
			</trkpt>
			<trkpt lat="45.86195" lon="4.23444">
				<ele>473.6</ele>
				<time>2026-05-20T18:48:53.487Z</time>
			</trkpt>
			<trkpt lat="45.86162" lon="4.23418">
				<ele>473.33</ele>
				<time>2026-05-20T18:48:55.119Z</time>
			</trkpt>
			<trkpt lat="45.86108" lon="4.23386">
				<ele>477.72</ele>
				<time>2026-05-20T18:48:57.653Z</time>
			</trkpt>
			<trkpt lat="45.86" lon="4.23329">
				<ele>471.24</ele>
				<time>2026-05-20T18:49:02.644Z</time>
			</trkpt>
			<trkpt lat="45.85909" lon="4.23274">
				<ele>467.88</ele>
				<time>2026-05-20T18:49:06.927Z</time>
			</trkpt>
			<trkpt lat="45.85859" lon="4.23233">
				<ele>464.44</ele>
				<time>2026-05-20T18:49:09.425Z</time>
			</trkpt>
			<trkpt lat="45.85779" lon="4.2316">
				<ele>471.58</ele>
				<time>2026-05-20T18:49:13.537Z</time>
			</trkpt>
			<trkpt lat="45.85744" lon="4.2312">
				<ele>478.87</ele>
				<time>2026-05-20T18:49:15.478Z</time>
			</trkpt>
			<trkpt lat="45.85708" lon="4.23076">
				<ele>489.82</ele>
				<time>2026-05-20T18:49:17.530Z</time>
			</trkpt>
			<trkpt lat="45.85675" lon="4.23031">
				<ele>499.3</ele>
				<time>2026-05-20T18:49:19.505Z</time>
			</trkpt>
			<trkpt lat="45.85646" lon="4.22988">
				<ele>505.88</ele>
				<time>2026-05-20T18:49:21.314Z</time>
			</trkpt>
			<trkpt lat="45.85555" lon="4.22844">
				<ele>517</ele>
				<time>2026-05-20T18:49:27.191Z</time>
			</trkpt>
			<trkpt lat="45.85522" lon="4.22796">
				<ele>516.16</ele>
				<time>2026-05-20T18:49:29.229Z</time>
			</trkpt>
			<trkpt lat="45.85484" lon="4.22744">
				<ele>512</ele>
				<time>2026-05-20T18:49:31.508Z</time>
			</trkpt>
			<trkpt lat="45.85441" lon="4.22691">
				<ele>508.48</ele>
				<time>2026-05-20T18:49:33.968Z</time>
			</trkpt>
			<trkpt lat="45.85394" lon="4.22637">
				<ele>501.3</ele>
				<time>2026-05-20T18:49:36.581Z</time>
			</trkpt>
			<trkpt lat="45.85252" lon="4.22491">
				<ele>487.77</ele>
				<time>2026-05-20T18:49:44.163Z</time>
			</trkpt>
			<trkpt lat="45.85145" lon="4.22374">
				<ele>485.11</ele>
				<time>2026-05-20T18:49:50.004Z</time>
			</trkpt>
			<trkpt lat="45.85034" lon="4.22235">
				<ele>476.32</ele>
				<time>2026-05-20T18:49:56.400Z</time>
			</trkpt>
			<trkpt lat="45.8497" lon="4.22139">
				<ele>472.27</ele>
				<time>2026-05-20T18:50:00.420Z</time>
			</trkpt>
			<trkpt lat="45.84935" lon="4.22079">
				<ele>472.52</ele>
				<time>2026-05-20T18:50:02.788Z</time>
			</trkpt>
			<trkpt lat="45.84868" lon="4.21951">
				<ele>470.51</ele>
				<time>2026-05-20T18:50:07.633Z</time>
			</trkpt>
			<trkpt lat="45.84834" lon="4.21881">
				<ele>465.7</ele>
				<time>2026-05-20T18:50:10.215Z</time>
			</trkpt>
			<trkpt lat="45.84669" lon="4.21481">
				<ele>461.55</ele>
				<time>2026-05-20T18:50:24.286Z</time>
			</trkpt>
			<trkpt lat="45.84645" lon="4.21418">
				<ele>467.32</ele>
				<time>2026-05-20T18:50:26.460Z</time>
			</trkpt>
			<trkpt lat="45.84579" lon="4.2128">
				<ele>477.5</ele>
				<time>2026-05-20T18:50:31.529Z</time>
			</trkpt>
			<trkpt lat="45.84486" lon="4.21108">
				<ele>480.05</ele>
				<time>2026-05-20T18:50:38.122Z</time>
			</trkpt>
			<trkpt lat="45.84331" lon="4.20849">
				<ele>460.51</ele>
				<time>2026-05-20T18:50:48.465Z</time>
			</trkpt>
			<trkpt lat="45.84276" lon="4.20753">
				<ele>456.92</ele>
				<time>2026-05-20T18:50:52.231Z</time>
			</trkpt>
			<trkpt lat="45.84231" lon="4.20667">
				<ele>450.72</ele>
				<time>2026-05-20T18:50:55.490Z</time>
			</trkpt>
			<trkpt lat="45.84176" lon="4.20549">
				<ele>450.72</ele>
				<time>2026-05-20T18:50:59.792Z</time>
			</trkpt>
			<trkpt lat="45.84119" lon="4.20412">
				<ele>443.9</ele>
				<time>2026-05-20T18:51:04.629Z</time>
			</trkpt>
			<trkpt lat="45.84091" lon="4.20335">
				<ele>433.79</ele>
				<time>2026-05-20T18:51:07.262Z</time>
			</trkpt>
			<trkpt lat="45.8406" lon="4.20239">
				<ele>427.45</ele>
				<time>2026-05-20T18:51:10.469Z</time>
			</trkpt>
			<trkpt lat="45.84031" lon="4.20133">
				<ele>418.92</ele>
				<time>2026-05-20T18:51:13.922Z</time>
			</trkpt>
			<trkpt lat="45.83989" lon="4.19947">
				<ele>408.99</ele>
				<time>2026-05-20T18:51:19.850Z</time>
			</trkpt>
			<trkpt lat="45.83954" lon="4.19749">
				<ele>407.87</ele>
				<time>2026-05-20T18:51:26.045Z</time>
			</trkpt>
			<trkpt lat="45.83938" lon="4.19614">
				<ele>421.38</ele>
				<time>2026-05-20T18:51:30.199Z</time>
			</trkpt>
			<trkpt lat="45.83928" lon="4.19481">
				<ele>429.64</ele>
				<time>2026-05-20T18:51:34.257Z</time>
			</trkpt>
			<trkpt lat="45.83926" lon="4.19403">
				<ele>430.23</ele>
				<time>2026-05-20T18:51:36.625Z</time>
			</trkpt>
			<trkpt lat="45.83926" lon="4.19268">
				<ele>421.02</ele>
				<time>2026-05-20T18:51:40.721Z</time>
			</trkpt>
			<trkpt lat="45.83937" lon="4.1903">
				<ele>410.97</ele>
				<time>2026-05-20T18:51:47.959Z</time>
			</trkpt>
			<trkpt lat="45.83961" lon="4.18706">
				<ele>395.42</ele>
				<time>2026-05-20T18:51:57.850Z</time>
			</trkpt>
			<trkpt lat="45.8397" lon="4.18554">
				<ele>388.03</ele>
				<time>2026-05-20T18:52:02.481Z</time>
			</trkpt>
			<trkpt lat="45.83975" lon="4.18436">
				<ele>383.87</ele>
				<time>2026-05-20T18:52:06.071Z</time>
			</trkpt>
			<trkpt lat="45.83975" lon="4.18305">
				<ele>393.1</ele>
				<time>2026-05-20T18:52:10.049Z</time>
			</trkpt>
			<trkpt lat="45.83971" lon="4.18179">
				<ele>394.87</ele>
				<time>2026-05-20T18:52:13.880Z</time>
			</trkpt>
			<trkpt lat="45.83962" lon="4.18035">
				<ele>390.73</ele>
				<time>2026-05-20T18:52:18.272Z</time>
			</trkpt>
			<trkpt lat="45.83949" lon="4.17913">
				<ele>393.42</ele>
				<time>2026-05-20T18:52:22.021Z</time>
			</trkpt>
			<trkpt lat="45.83933" lon="4.17804">
				<ele>394.18</ele>
				<time>2026-05-20T18:52:25.406Z</time>
			</trkpt>
			<trkpt lat="45.83915" lon="4.17695">
				<ele>390.94</ele>
				<time>2026-05-20T18:52:28.810Z</time>
			</trkpt>
			<trkpt lat="45.83844" lon="4.17285">
				<ele>362.17</ele>
				<time>2026-05-20T18:52:41.652Z</time>
			</trkpt>
			<trkpt lat="45.83791" lon="4.17004">
				<ele>357.85</ele>
				<time>2026-05-20T18:52:50.504Z</time>
			</trkpt>
			<trkpt lat="45.83749" lon="4.16818">
				<ele>367</ele>
				<time>2026-05-20T18:52:56.451Z</time>
			</trkpt>
			<trkpt lat="45.83711" lon="4.16683">
				<ele>365.58</ele>
				<time>2026-05-20T18:53:00.880Z</time>
			</trkpt>
			<trkpt lat="45.8368" lon="4.16586">
				<ele>364.48</ele>
				<time>2026-05-20T18:53:04.127Z</time>
			</trkpt>
			<trkpt lat="45.83555" lon="4.16231">
				<ele>357.67</ele>
				<time>2026-05-20T18:53:16.233Z</time>
			</trkpt>
			<trkpt lat="45.83365" lon="4.15696">
				<ele>349.54</ele>
				<time>2026-05-20T18:53:34.518Z</time>
			</trkpt>
			<trkpt lat="45.83339" lon="4.15628">
				<ele>347.51</ele>
				<time>2026-05-20T18:53:36.881Z</time>
			</trkpt>
			<trkpt lat="45.83311" lon="4.15562">
				<ele>348</ele>
				<time>2026-05-20T18:53:39.235Z</time>
			</trkpt>
			<trkpt lat="45.83227" lon="4.15397">
				<ele>324.27</ele>
				<time>2026-05-20T18:53:45.462Z</time>
			</trkpt>
			<trkpt lat="45.82757" lon="4.14494">
				<ele>344.19</ele>
				<time>2026-05-20T18:54:19.835Z</time>
			</trkpt>
			<trkpt lat="45.82728" lon="4.14434">
				<ele>344.94</ele>
				<time>2026-05-20T18:54:22.063Z</time>
			</trkpt>
			<trkpt lat="45.82683" lon="4.14331">
				<ele>345.03</ele>
				<time>2026-05-20T18:54:25.774Z</time>
			</trkpt>
			<trkpt lat="45.82631" lon="4.14185">
				<ele>348.18</ele>
				<time>2026-05-20T18:54:30.780Z</time>
			</trkpt>
			<trkpt lat="45.82591" lon="4.14047">
				<ele>353</ele>
				<time>2026-05-20T18:54:35.343Z</time>
			</trkpt>
			<trkpt lat="45.82575" lon="4.1398">
				<ele>353.21</ele>
				<time>2026-05-20T18:54:37.506Z</time>
			</trkpt>
			<trkpt lat="45.82551" lon="4.13861">
				<ele>356.15</ele>
				<time>2026-05-20T18:54:41.290Z</time>
			</trkpt>
			<trkpt lat="45.82543" lon="4.13816">
				<ele>356.44</ele>
				<time>2026-05-20T18:54:42.708Z</time>
			</trkpt>
			<trkpt lat="45.82381" lon="4.12663">
				<ele>338.23</ele>
				<time>2026-05-20T18:55:18.664Z</time>
			</trkpt>
			<trkpt lat="45.82361" lon="4.12525">
				<ele>336.85</ele>
				<time>2026-05-20T18:55:22.977Z</time>
			</trkpt>
			<trkpt lat="45.82347" lon="4.12436">
				<ele>334</ele>
				<time>2026-05-20T18:55:25.769Z</time>
			</trkpt>
			<trkpt lat="45.8233" lon="4.12351">
				<ele>333.42</ele>
				<time>2026-05-20T18:55:28.475Z</time>
			</trkpt>
			<trkpt lat="45.82318" lon="4.12273">
				<ele>333.91</ele>
				<time>2026-05-20T18:55:30.920Z</time>
			</trkpt>
			<trkpt lat="45.82289" lon="4.1215">
				<ele>333</ele>
				<time>2026-05-20T18:55:34.895Z</time>
			</trkpt>
			<trkpt lat="45.82272" lon="4.12088">
				<ele>334.03</ele>
				<time>2026-05-20T18:55:36.935Z</time>
			</trkpt>
			<trkpt lat="45.82243" lon="4.12">
				<ele>333.76</ele>
				<time>2026-05-20T18:55:39.915Z</time>
			</trkpt>
			<trkpt lat="45.82141" lon="4.11716">
				<ele>336.92</ele>
				<time>2026-05-20T18:55:49.694Z</time>
			</trkpt>
			<trkpt lat="45.82129" lon="4.11681">
				<ele>335.88</ele>
				<time>2026-05-20T18:55:50.888Z</time>
			</trkpt>
			<trkpt lat="45.82118" lon="4.11613">
				<ele>334.97</ele>
				<time>2026-05-20T18:55:53.024Z</time>
			</trkpt>
			<trkpt lat="45.82113" lon="4.11577">
				<ele>335.29</ele>
				<time>2026-05-20T18:55:54.147Z</time>
			</trkpt>
			<trkpt lat="45.82109" lon="4.11524">
				<ele>335.2</ele>
				<time>2026-05-20T18:55:55.779Z</time>
			</trkpt>
			<trkpt lat="45.82109" lon="4.11466">
				<ele>335.84</ele>
				<time>2026-05-20T18:55:57.553Z</time>
			</trkpt>
			<trkpt lat="45.82112" lon="4.11422">
				<ele>334.01</ele>
				<time>2026-05-20T18:55:58.906Z</time>
			</trkpt>
			<trkpt lat="45.82118" lon="4.11378">
				<ele>332.04</ele>
				<time>2026-05-20T18:56:00.278Z</time>
			</trkpt>
			<trkpt lat="45.82132" lon="4.11316">
				<ele>328.71</ele>
				<time>2026-05-20T18:56:02.271Z</time>
			</trkpt>
			<trkpt lat="45.8214" lon="4.1129">
				<ele>328.54</ele>
				<time>2026-05-20T18:56:03.141Z</time>
			</trkpt>
			<trkpt lat="45.82153" lon="4.11255">
				<ele>329</ele>
				<time>2026-05-20T18:56:04.354Z</time>
			</trkpt>
			<trkpt lat="45.82177" lon="4.11202">
				<ele>330.48</ele>
				<time>2026-05-20T18:56:06.288Z</time>
			</trkpt>
			<trkpt lat="45.822" lon="4.11163">
				<ele>331.19</ele>
				<time>2026-05-20T18:56:07.850Z</time>
			</trkpt>
			<trkpt lat="45.82222" lon="4.11131">
				<ele>330.76</ele>
				<time>2026-05-20T18:56:09.225Z</time>
			</trkpt>
			<trkpt lat="45.82257" lon="4.11091">
				<ele>330.36</ele>
				<time>2026-05-20T18:56:11.189Z</time>
			</trkpt>
			<trkpt lat="45.8234" lon="4.11008">
				<ele>330.68</ele>
				<time>2026-05-20T18:56:15.628Z</time>
			</trkpt>
			<trkpt lat="45.82409" lon="4.1093">
				<ele>328.87</ele>
				<time>2026-05-20T18:56:19.483Z</time>
			</trkpt>
			<trkpt lat="45.82477" lon="4.10845">
				<ele>326.08</ele>
				<time>2026-05-20T18:56:23.439Z</time>
			</trkpt>
			<trkpt lat="45.82494" lon="4.10816">
				<ele>325.2</ele>
				<time>2026-05-20T18:56:24.598Z</time>
			</trkpt>
			<trkpt lat="45.82587" lon="4.10711">
				<ele>325</ele>
				<time>2026-05-20T18:56:29.788Z</time>
			</trkpt>
			<trkpt lat="45.82897" lon="4.10341">
				<ele>328.91</ele>
				<time>2026-05-20T18:56:47.469Z</time>
			</trkpt>
			<trkpt lat="45.82994" lon="4.10229">
				<ele>334.55</ele>
				<time>2026-05-20T18:56:52.926Z</time>
			</trkpt>
			<trkpt lat="45.83101" lon="4.10111">
				<ele>340.65</ele>
				<time>2026-05-20T18:56:58.841Z</time>
			</trkpt>
			<trkpt lat="45.83218" lon="4.09993">
				<ele>346.65</ele>
				<time>2026-05-20T18:57:05.107Z</time>
			</trkpt>
			<trkpt lat="45.83334" lon="4.09883">
				<ele>348.92</ele>
				<time>2026-05-20T18:57:11.199Z</time>
			</trkpt>
			<trkpt lat="45.83712" lon="4.09547">
				<ele>357.21</ele>
				<time>2026-05-20T18:57:30.672Z</time>
			</trkpt>
			<trkpt lat="45.83772" lon="4.0949">
				<ele>360.87</ele>
				<time>2026-05-20T18:57:33.822Z</time>
			</trkpt>
			<trkpt lat="45.83848" lon="4.09416">
				<ele>361.44</ele>
				<time>2026-05-20T18:57:37.843Z</time>
			</trkpt>
			<trkpt lat="45.83952" lon="4.09307">
				<ele>361.93</ele>
				<time>2026-05-20T18:57:43.480Z</time>
			</trkpt>
			<trkpt lat="45.83998" lon="4.09254">
				<ele>365.79</ele>
				<time>2026-05-20T18:57:46.061Z</time>
			</trkpt>
			<trkpt lat="45.84081" lon="4.09156">
				<ele>366.62</ele>
				<time>2026-05-20T18:57:50.765Z</time>
			</trkpt>
			<trkpt lat="45.84159" lon="4.09055">
				<ele>367.74</ele>
				<time>2026-05-20T18:57:55.361Z</time>
			</trkpt>
			<trkpt lat="45.84244" lon="4.08936">
				<ele>367.25</ele>
				<time>2026-05-20T18:58:00.556Z</time>
			</trkpt>
			<trkpt lat="45.84314" lon="4.08831">
				<ele>366.35</ele>
				<time>2026-05-20T18:58:04.985Z</time>
			</trkpt>
			<trkpt lat="45.84417" lon="4.08662">
				<ele>367.08</ele>
				<time>2026-05-20T18:58:11.828Z</time>
			</trkpt>
			<trkpt lat="45.84471" lon="4.08567">
				<ele>368.94</ele>
				<time>2026-05-20T18:58:15.563Z</time>
			</trkpt>
			<trkpt lat="45.84513" lon="4.08491">
				<ele>370</ele>
				<time>2026-05-20T18:58:18.518Z</time>
			</trkpt>
			<trkpt lat="45.84613" lon="4.08294">
				<ele>368.64</ele>
				<time>2026-05-20T18:58:25.943Z</time>
			</trkpt>
			<trkpt lat="45.84709" lon="4.08085">
				<ele>367.96</ele>
				<time>2026-05-20T18:58:33.566Z</time>
			</trkpt>
			<trkpt lat="45.84797" lon="4.07876">
				<ele>373.45</ele>
				<time>2026-05-20T18:58:41.001Z</time>
			</trkpt>
			<trkpt lat="45.84851" lon="4.07742">
				<ele>373.64</ele>
				<time>2026-05-20T18:58:45.714Z</time>
			</trkpt>
			<trkpt lat="45.84896" lon="4.07623">
				<ele>375.16</ele>
				<time>2026-05-20T18:58:49.835Z</time>
			</trkpt>
			<trkpt lat="45.84978" lon="4.07396">
				<ele>377.06</ele>
				<time>2026-05-20T18:58:57.617Z</time>
			</trkpt>
			<trkpt lat="45.85042" lon="4.07209">
				<ele>379</ele>
				<time>2026-05-20T18:59:03.956Z</time>
			</trkpt>
			<trkpt lat="45.85136" lon="4.06918">
				<ele>380.84</ele>
				<time>2026-05-20T18:59:13.714Z</time>
			</trkpt>
			<trkpt lat="45.85228" lon="4.06616">
				<ele>379.61</ele>
				<time>2026-05-20T18:59:23.738Z</time>
			</trkpt>
			<trkpt lat="45.85307" lon="4.06338">
				<ele>381.86</ele>
				<time>2026-05-20T18:59:32.866Z</time>
			</trkpt>
			<trkpt lat="45.8536" lon="4.06139">
				<ele>385.01</ele>
				<time>2026-05-20T18:59:39.343Z</time>
			</trkpt>
			<trkpt lat="45.85441" lon="4.05816">
				<ele>385.27</ele>
				<time>2026-05-20T18:59:49.776Z</time>
			</trkpt>
			<trkpt lat="45.85502" lon="4.05557">
				<ele>386.1</ele>
				<time>2026-05-20T18:59:58.083Z</time>
			</trkpt>
			<trkpt lat="45.85566" lon="4.05265">
				<ele>388.6</ele>
				<time>2026-05-20T19:00:07.382Z</time>
			</trkpt>
			<trkpt lat="45.85611" lon="4.05041">
				<ele>389.02</ele>
				<time>2026-05-20T19:00:14.462Z</time>
			</trkpt>
			<trkpt lat="45.8563" lon="4.04945">
				<ele>388.69</ele>
				<time>2026-05-20T19:00:17.493Z</time>
			</trkpt>
			<trkpt lat="45.85689" lon="4.04618">
				<ele>390.34</ele>
				<time>2026-05-20T19:00:27.749Z</time>
			</trkpt>
			<trkpt lat="45.85712" lon="4.04482">
				<ele>390.45</ele>
				<time>2026-05-20T19:00:31.998Z</time>
			</trkpt>
			<trkpt lat="45.85753" lon="4.04223">
				<ele>388.89</ele>
				<time>2026-05-20T19:00:40.060Z</time>
			</trkpt>
			<trkpt lat="45.85778" lon="4.04049">
				<ele>386.27</ele>
				<time>2026-05-20T19:00:45.451Z</time>
			</trkpt>
			<trkpt lat="45.85822" lon="4.03704">
				<ele>380.39</ele>
				<time>2026-05-20T19:00:56.094Z</time>
			</trkpt>
			<trkpt lat="45.85957" lon="4.026">
				<ele>383.92</ele>
				<time>2026-05-20T19:01:30.087Z</time>
			</trkpt>
			<trkpt lat="45.85997" lon="4.02296">
				<ele>395.36</ele>
				<time>2026-05-20T19:01:39.465Z</time>
			</trkpt>
			<trkpt lat="45.86037" lon="4.02035">
				<ele>402.57</ele>
				<time>2026-05-20T19:01:47.565Z</time>
			</trkpt>
			<trkpt lat="45.86099" lon="4.01687">
				<ele>412.87</ele>
				<time>2026-05-20T19:01:58.449Z</time>
			</trkpt>
			<trkpt lat="45.86151" lon="4.01422">
				<ele>417.54</ele>
				<time>2026-05-20T19:02:06.790Z</time>
			</trkpt>
			<trkpt lat="45.86237" lon="4.01019">
				<ele>431</ele>
				<time>2026-05-20T19:02:19.556Z</time>
			</trkpt>
			<trkpt lat="45.86268" lon="4.00853">
				<ele>433.76</ele>
				<time>2026-05-20T19:02:24.761Z</time>
			</trkpt>
			<trkpt lat="45.86284" lon="4.0074">
				<ele>434.23</ele>
				<time>2026-05-20T19:02:28.253Z</time>
			</trkpt>
			<trkpt lat="45.8629" lon="4.00682">
				<ele>435.66</ele>
				<time>2026-05-20T19:02:30.028Z</time>
			</trkpt>
			<trkpt lat="45.86297" lon="4.0058">
				<ele>436.36</ele>
				<time>2026-05-20T19:02:33.131Z</time>
			</trkpt>
			<trkpt lat="45.86302" lon="4.00469">
				<ele>436.03</ele>
				<time>2026-05-20T19:02:36.499Z</time>
			</trkpt>
			<trkpt lat="45.86301" lon="4.00342">
				<ele>435.94</ele>
				<time>2026-05-20T19:02:40.344Z</time>
			</trkpt>
			<trkpt lat="45.86299" lon="4.00286">
				<ele>436.27</ele>
				<time>2026-05-20T19:02:42.041Z</time>
			</trkpt>
			<trkpt lat="45.86292" lon="4.00178">
				<ele>443.09</ele>
				<time>2026-05-20T19:02:45.325Z</time>
			</trkpt>
			<trkpt lat="45.8628" lon="4.00071">
				<ele>446.79</ele>
				<time>2026-05-20T19:02:48.605Z</time>
			</trkpt>
			<trkpt lat="45.8627" lon="4.00003">
				<ele>448.79</ele>
				<time>2026-05-20T19:02:50.709Z</time>
			</trkpt>
			<trkpt lat="45.86256" lon="3.99915">
				<ele>442.49</ele>
				<time>2026-05-20T19:02:53.441Z</time>
			</trkpt>
			<trkpt lat="45.86242" lon="3.99849">
				<ele>441.66</ele>
				<time>2026-05-20T19:02:55.529Z</time>
			</trkpt>
			<trkpt lat="45.86221" lon="3.99757">
				<ele>444.11</ele>
				<time>2026-05-20T19:02:58.459Z</time>
			</trkpt>
			<trkpt lat="45.86203" lon="3.9969">
				<ele>445.38</ele>
				<time>2026-05-20T19:03:00.632Z</time>
			</trkpt>
			<trkpt lat="45.86181" lon="3.99614">
				<ele>444.79</ele>
				<time>2026-05-20T19:03:03.122Z</time>
			</trkpt>
			<trkpt lat="45.8615" lon="3.99512">
				<ele>446.76</ele>
				<time>2026-05-20T19:03:06.490Z</time>
			</trkpt>
			<trkpt lat="45.86031" lon="3.9915">
				<ele>465</ele>
				<time>2026-05-20T19:03:18.601Z</time>
			</trkpt>
			<trkpt lat="45.86003" lon="3.99062">
				<ele>464.16</ele>
				<time>2026-05-20T19:03:21.528Z</time>
			</trkpt>
			<trkpt lat="45.85963" lon="3.98918">
				<ele>466.82</ele>
				<time>2026-05-20T19:03:26.218Z</time>
			</trkpt>
			<trkpt lat="45.85938" lon="3.98811">
				<ele>470.28</ele>
				<time>2026-05-20T19:03:29.632Z</time>
			</trkpt>
			<trkpt lat="45.85924" lon="3.98743">
				<ele>470.79</ele>
				<time>2026-05-20T19:03:31.776Z</time>
			</trkpt>
			<trkpt lat="45.85903" lon="3.98627">
				<ele>471</ele>
				<time>2026-05-20T19:03:35.401Z</time>
			</trkpt>
			<trkpt lat="45.85889" lon="3.98528">
				<ele>469.98</ele>
				<time>2026-05-20T19:03:38.457Z</time>
			</trkpt>
			<trkpt lat="45.85875" lon="3.98402">
				<ele>469.94</ele>
				<time>2026-05-20T19:03:42.315Z</time>
			</trkpt>
			<trkpt lat="45.8587" lon="3.98325">
				<ele>477.27</ele>
				<time>2026-05-20T19:03:44.654Z</time>
			</trkpt>
			<trkpt lat="45.85864" lon="3.98197">
				<ele>480</ele>
				<time>2026-05-20T19:03:48.533Z</time>
			</trkpt>
			<trkpt lat="45.85863" lon="3.98068">
				<ele>480.59</ele>
				<time>2026-05-20T19:03:52.434Z</time>
			</trkpt>
			<trkpt lat="45.85867" lon="3.97958">
				<ele>481</ele>
				<time>2026-05-20T19:03:55.764Z</time>
			</trkpt>
			<trkpt lat="45.85875" lon="3.97833">
				<ele>475.53</ele>
				<time>2026-05-20T19:03:59.559Z</time>
			</trkpt>
			<trkpt lat="45.85885" lon="3.97737">
				<ele>477.48</ele>
				<time>2026-05-20T19:04:02.494Z</time>
			</trkpt>
			<trkpt lat="45.85894" lon="3.97668">
				<ele>479.94</ele>
				<time>2026-05-20T19:04:04.616Z</time>
			</trkpt>
			<trkpt lat="45.85913" lon="3.97542">
				<ele>483.04</ele>
				<time>2026-05-20T19:04:08.513Z</time>
			</trkpt>
			<trkpt lat="45.85925" lon="3.9748">
				<ele>482.29</ele>
				<time>2026-05-20T19:04:10.458Z</time>
			</trkpt>
			<trkpt lat="45.85955" lon="3.97348">
				<ele>487.14</ele>
				<time>2026-05-20T19:04:14.655Z</time>
			</trkpt>
			<trkpt lat="45.85993" lon="3.97207">
				<ele>484.53</ele>
				<time>2026-05-20T19:04:19.224Z</time>
			</trkpt>
			<trkpt lat="45.86015" lon="3.97138">
				<ele>483.92</ele>
				<time>2026-05-20T19:04:21.518Z</time>
			</trkpt>
			<trkpt lat="45.86037" lon="3.97073">
				<ele>485.2</ele>
				<time>2026-05-20T19:04:23.702Z</time>
			</trkpt>
			<trkpt lat="45.86078" lon="3.96963">
				<ele>490.19</ele>
				<time>2026-05-20T19:04:27.472Z</time>
			</trkpt>
			<trkpt lat="45.86136" lon="3.96829">
				<ele>495.34</ele>
				<time>2026-05-20T19:04:32.239Z</time>
			</trkpt>
			<trkpt lat="45.86216" lon="3.96669">
				<ele>503.26</ele>
				<time>2026-05-20T19:04:38.191Z</time>
			</trkpt>
			<trkpt lat="45.86297" lon="3.9652">
				<ele>501.79</ele>
				<time>2026-05-20T19:04:43.901Z</time>
			</trkpt>
			<trkpt lat="45.86507" lon="3.96153">
				<ele>512.06</ele>
				<time>2026-05-20T19:04:58.249Z</time>
			</trkpt>
			<trkpt lat="45.86599" lon="3.95979">
				<ele>510.73</ele>
				<time>2026-05-20T19:05:04.847Z</time>
			</trkpt>
			<trkpt lat="45.86664" lon="3.95842">
				<ele>508.9</ele>
				<time>2026-05-20T19:05:09.852Z</time>
			</trkpt>
			<trkpt lat="45.8669" lon="3.95783">
				<ele>510.95</ele>
				<time>2026-05-20T19:05:11.961Z</time>
			</trkpt>
			<trkpt lat="45.86723" lon="3.95702">
				<ele>515.02</ele>
				<time>2026-05-20T19:05:14.794Z</time>
			</trkpt>
			<trkpt lat="45.86766" lon="3.95588">
				<ele>518.06</ele>
				<time>2026-05-20T19:05:18.709Z</time>
			</trkpt>
			<trkpt lat="45.86802" lon="3.95484">
				<ele>521.21</ele>
				<time>2026-05-20T19:05:22.215Z</time>
			</trkpt>
			<trkpt lat="45.86821" lon="3.95424">
				<ele>520.27</ele>
				<time>2026-05-20T19:05:24.205Z</time>
			</trkpt>
			<trkpt lat="45.86853" lon="3.95317">
				<ele>525.35</ele>
				<time>2026-05-20T19:05:27.720Z</time>
			</trkpt>
			<trkpt lat="45.8688" lon="3.95218">
				<ele>527.75</ele>
				<time>2026-05-20T19:05:30.930Z</time>
			</trkpt>
			<trkpt lat="45.86908" lon="3.951">
				<ele>531.51</ele>
				<time>2026-05-20T19:05:34.693Z</time>
			</trkpt>
			<trkpt lat="45.8694" lon="3.94948">
				<ele>535.12</ele>
				<time>2026-05-20T19:05:39.486Z</time>
			</trkpt>
			<trkpt lat="45.86967" lon="3.94787">
				<ele>533.96</ele>
				<time>2026-05-20T19:05:44.484Z</time>
			</trkpt>
			<trkpt lat="45.86981" lon="3.94685">
				<ele>532.97</ele>
				<time>2026-05-20T19:05:47.621Z</time>
			</trkpt>
			<trkpt lat="45.86995" lon="3.94569">
				<ele>536.32</ele>
				<time>2026-05-20T19:05:51.174Z</time>
			</trkpt>
			<trkpt lat="45.87008" lon="3.94407">
				<ele>540.32</ele>
				<time>2026-05-20T19:05:56.095Z</time>
			</trkpt>
			<trkpt lat="45.87017" lon="3.94284">
				<ele>540.02</ele>
				<time>2026-05-20T19:05:59.826Z</time>
			</trkpt>
			<trkpt lat="45.87023" lon="3.94078">
				<ele>549.51</ele>
				<time>2026-05-20T19:06:06.047Z</time>
			</trkpt>
			<trkpt lat="45.87035" lon="3.93262">
				<ele>584.92</ele>
				<time>2026-05-20T19:06:30.668Z</time>
			</trkpt>
			<trkpt lat="45.87039" lon="3.93144">
				<ele>589.8</ele>
				<time>2026-05-20T19:06:34.231Z</time>
			</trkpt>
			<trkpt lat="45.87045" lon="3.93059">
				<ele>590.72</ele>
				<time>2026-05-20T19:06:36.808Z</time>
			</trkpt>
			<trkpt lat="45.8706" lon="3.92925">
				<ele>588.34</ele>
				<time>2026-05-20T19:06:40.901Z</time>
			</trkpt>
			<trkpt lat="45.87076" lon="3.92821">
				<ele>588.44</ele>
				<time>2026-05-20T19:06:44.113Z</time>
			</trkpt>
			<trkpt lat="45.87094" lon="3.92729">
				<ele>589.1</ele>
				<time>2026-05-20T19:06:46.995Z</time>
			</trkpt>
			<trkpt lat="45.87117" lon="3.9263">
				<ele>587.71</ele>
				<time>2026-05-20T19:06:50.142Z</time>
			</trkpt>
			<trkpt lat="45.87131" lon="3.92579">
				<ele>585.41</ele>
				<time>2026-05-20T19:06:51.795Z</time>
			</trkpt>
			<trkpt lat="45.87161" lon="3.92477">
				<ele>581.53</ele>
				<time>2026-05-20T19:06:55.134Z</time>
			</trkpt>
			<trkpt lat="45.87194" lon="3.92382">
				<ele>574.55</ele>
				<time>2026-05-20T19:06:58.335Z</time>
			</trkpt>
			<trkpt lat="45.87219" lon="3.92316">
				<ele>571.62</ele>
				<time>2026-05-20T19:07:00.600Z</time>
			</trkpt>
			<trkpt lat="45.87289" lon="3.92144">
				<ele>564.35</ele>
				<time>2026-05-20T19:07:06.607Z</time>
			</trkpt>
			<trkpt lat="45.87316" lon="3.92073">
				<ele>563.39</ele>
				<time>2026-05-20T19:07:09.046Z</time>
			</trkpt>
			<trkpt lat="45.87334" lon="3.92012">
				<ele>560.24</ele>
				<time>2026-05-20T19:07:11.043Z</time>
			</trkpt>
			<trkpt lat="45.87349" lon="3.91948">
				<ele>556.69</ele>
				<time>2026-05-20T19:07:13.079Z</time>
			</trkpt>
			<trkpt lat="45.87364" lon="3.91862">
				<ele>554.5</ele>
				<time>2026-05-20T19:07:15.751Z</time>
			</trkpt>
			<trkpt lat="45.8737" lon="3.91785">
				<ele>552.97</ele>
				<time>2026-05-20T19:07:18.087Z</time>
			</trkpt>
			<trkpt lat="45.87371" lon="3.91742">
				<ele>550.27</ele>
				<time>2026-05-20T19:07:19.384Z</time>
			</trkpt>
			<trkpt lat="45.8737" lon="3.9167">
				<ele>546.84</ele>
				<time>2026-05-20T19:07:21.555Z</time>
			</trkpt>
			<trkpt lat="45.87365" lon="3.91614">
				<ele>546.62</ele>
				<time>2026-05-20T19:07:23.257Z</time>
			</trkpt>
			<trkpt lat="45.8736" lon="3.91574">
				<ele>544.68</ele>
				<time>2026-05-20T19:07:24.481Z</time>
			</trkpt>
			<trkpt lat="45.87325" lon="3.91353">
				<ele>538.36</ele>
				<time>2026-05-20T19:07:31.313Z</time>
			</trkpt>
			<trkpt lat="45.87312" lon="3.9124">
				<ele>531.76</ele>
				<time>2026-05-20T19:07:34.765Z</time>
			</trkpt>
			<trkpt lat="45.87308" lon="3.91188">
				<ele>531.77</ele>
				<time>2026-05-20T19:07:36.341Z</time>
			</trkpt>
			<trkpt lat="45.87304" lon="3.91081">
				<ele>528.94</ele>
				<time>2026-05-20T19:07:39.571Z</time>
			</trkpt>
			<trkpt lat="45.87306" lon="3.90996">
				<ele>527.91</ele>
				<time>2026-05-20T19:07:42.134Z</time>
			</trkpt>
			<trkpt lat="45.87311" lon="3.9092">
				<ele>528.42</ele>
				<time>2026-05-20T19:07:44.435Z</time>
			</trkpt>
			<trkpt lat="45.87316" lon="3.90873">
				<ele>529.21</ele>
				<time>2026-05-20T19:07:45.867Z</time>
			</trkpt>
			<trkpt lat="45.8733" lon="3.9077">
				<ele>529.09</ele>
				<time>2026-05-20T19:07:49.030Z</time>
			</trkpt>
			<trkpt lat="45.87349" lon="3.90673">
				<ele>533.45</ele>
				<time>2026-05-20T19:07:52.066Z</time>
			</trkpt>
			<trkpt lat="45.87396" lon="3.90473">
				<ele>546.03</ele>
				<time>2026-05-20T19:07:58.427Z</time>
			</trkpt>
			<trkpt lat="45.87419" lon="3.90358">
				<ele>555.15</ele>
				<time>2026-05-20T19:08:02.032Z</time>
			</trkpt>
			<trkpt lat="45.8743" lon="3.90294">
				<ele>553.75</ele>
				<time>2026-05-20T19:08:04.019Z</time>
			</trkpt>
			<trkpt lat="45.87446" lon="3.90194">
				<ele>563.59</ele>
				<time>2026-05-20T19:08:07.110Z</time>
			</trkpt>
			<trkpt lat="45.87476" lon="3.89878">
				<ele>577.98</ele>
				<time>2026-05-20T19:08:16.719Z</time>
			</trkpt>
			<trkpt lat="45.87496" lon="3.89724">
				<ele>584.25</ele>
				<time>2026-05-20T19:08:21.438Z</time>
			</trkpt>
			<trkpt lat="45.87515" lon="3.89617">
				<ele>590.37</ele>
				<time>2026-05-20T19:08:24.765Z</time>
			</trkpt>
			<trkpt lat="45.87527" lon="3.8956">
				<ele>591.84</ele>
				<time>2026-05-20T19:08:26.558Z</time>
			</trkpt>
			<trkpt lat="45.87594" lon="3.89264">
				<ele>613.26</ele>
				<time>2026-05-20T19:08:35.934Z</time>
			</trkpt>
			<trkpt lat="45.87612" lon="3.89171">
				<ele>618.78</ele>
				<time>2026-05-20T19:08:38.841Z</time>
			</trkpt>
			<trkpt lat="45.87623" lon="3.891">
				<ele>623.05</ele>
				<time>2026-05-20T19:08:41.032Z</time>
			</trkpt>
			<trkpt lat="45.87634" lon="3.89015">
				<ele>631.34</ele>
				<time>2026-05-20T19:08:43.636Z</time>
			</trkpt>
			<trkpt lat="45.87647" lon="3.88886">
				<ele>642.26</ele>
				<time>2026-05-20T19:08:47.562Z</time>
			</trkpt>
			<trkpt lat="45.87679" lon="3.88425">
				<ele>661.23</ele>
				<time>2026-05-20T19:09:01.515Z</time>
			</trkpt>
			<trkpt lat="45.87692" lon="3.88305">
				<ele>659.91</ele>
				<time>2026-05-20T19:09:05.172Z</time>
			</trkpt>
			<trkpt lat="45.87708" lon="3.88186">
				<ele>659.71</ele>
				<time>2026-05-20T19:09:08.822Z</time>
			</trkpt>
			<trkpt lat="45.87731" lon="3.88051">
				<ele>659.42</ele>
				<time>2026-05-20T19:09:13.007Z</time>
			</trkpt>
			<trkpt lat="45.87753" lon="3.87937">
				<ele>659.79</ele>
				<time>2026-05-20T19:09:16.569Z</time>
			</trkpt>
			<trkpt lat="45.87833" lon="3.87564">
				<ele>662.51</ele>
				<time>2026-05-20T19:09:28.321Z</time>
			</trkpt>
			<trkpt lat="45.8785" lon="3.87468">
				<ele>668.46</ele>
				<time>2026-05-20T19:09:31.303Z</time>
			</trkpt>
			<trkpt lat="45.87857" lon="3.87384">
				<ele>677.15</ele>
				<time>2026-05-20T19:09:33.850Z</time>
			</trkpt>
			<trkpt lat="45.87857" lon="3.87306">
				<ele>685.55</ele>
				<time>2026-05-20T19:09:36.199Z</time>
			</trkpt>
			<trkpt lat="45.87852" lon="3.87241">
				<ele>687.5</ele>
				<time>2026-05-20T19:09:38.167Z</time>
			</trkpt>
			<trkpt lat="45.87847" lon="3.87204">
				<ele>687.85</ele>
				<time>2026-05-20T19:09:39.302Z</time>
			</trkpt>
			<trkpt lat="45.87831" lon="3.87126">
				<ele>682.94</ele>
				<time>2026-05-20T19:09:41.750Z</time>
			</trkpt>
			<trkpt lat="45.87813" lon="3.87063">
				<ele>678.99</ele>
				<time>2026-05-20T19:09:43.801Z</time>
			</trkpt>
			<trkpt lat="45.8779" lon="3.87005">
				<ele>679.34</ele>
				<time>2026-05-20T19:09:45.810Z</time>
			</trkpt>
			<trkpt lat="45.87766" lon="3.86953">
				<ele>681.07</ele>
				<time>2026-05-20T19:09:47.688Z</time>
			</trkpt>
			<trkpt lat="45.87673" lon="3.86789">
				<ele>682.34</ele>
				<time>2026-05-20T19:09:54.056Z</time>
			</trkpt>
			<trkpt lat="45.87639" lon="3.86717">
				<ele>684.62</ele>
				<time>2026-05-20T19:09:56.675Z</time>
			</trkpt>
			<trkpt lat="45.87621" lon="3.86666">
				<ele>687.1</ele>
				<time>2026-05-20T19:09:58.397Z</time>
			</trkpt>
			<trkpt lat="45.87606" lon="3.86613">
				<ele>690.02</ele>
				<time>2026-05-20T19:10:00.119Z</time>
			</trkpt>
			<trkpt lat="45.87597" lon="3.86576">
				<ele>690.12</ele>
				<time>2026-05-20T19:10:01.299Z</time>
			</trkpt>
			<trkpt lat="45.87587" lon="3.86518">
				<ele>693.06</ele>
				<time>2026-05-20T19:10:03.097Z</time>
			</trkpt>
			<trkpt lat="45.87583" lon="3.8648">
				<ele>696.37</ele>
				<time>2026-05-20T19:10:04.254Z</time>
			</trkpt>
			<trkpt lat="45.8758" lon="3.86434">
				<ele>696.92</ele>
				<time>2026-05-20T19:10:05.645Z</time>
			</trkpt>
			<trkpt lat="45.8758" lon="3.86356">
				<ele>696.83</ele>
				<time>2026-05-20T19:10:07.993Z</time>
			</trkpt>
			<trkpt lat="45.87584" lon="3.86307">
				<ele>699.77</ele>
				<time>2026-05-20T19:10:09.478Z</time>
			</trkpt>
			<trkpt lat="45.87589" lon="3.86268">
				<ele>703.08</ele>
				<time>2026-05-20T19:10:10.672Z</time>
			</trkpt>
			<trkpt lat="45.87598" lon="3.86209">
				<ele>706.89</ele>
				<time>2026-05-20T19:10:12.490Z</time>
			</trkpt>
			<trkpt lat="45.87627" lon="3.86072">
				<ele>712.66</ele>
				<time>2026-05-20T19:10:16.801Z</time>
			</trkpt>
			<trkpt lat="45.87637" lon="3.86019">
				<ele>711.97</ele>
				<time>2026-05-20T19:10:18.454Z</time>
			</trkpt>
			<trkpt lat="45.87647" lon="3.85941">
				<ele>709.8</ele>
				<time>2026-05-20T19:10:20.841Z</time>
			</trkpt>
			<trkpt lat="45.87649" lon="3.85905">
				<ele>710.38</ele>
				<time>2026-05-20T19:10:21.928Z</time>
			</trkpt>
			<trkpt lat="45.8765" lon="3.85854">
				<ele>713.71</ele>
				<time>2026-05-20T19:10:23.464Z</time>
			</trkpt>
			<trkpt lat="45.87648" lon="3.85806">
				<ele>717.22</ele>
				<time>2026-05-20T19:10:24.911Z</time>
			</trkpt>
			<trkpt lat="45.87644" lon="3.85754">
				<ele>717.96</ele>
				<time>2026-05-20T19:10:26.486Z</time>
			</trkpt>
			<trkpt lat="45.87629" lon="3.85666">
				<ele>717.28</ele>
				<time>2026-05-20T19:10:29.213Z</time>
			</trkpt>
			<trkpt lat="45.87619" lon="3.85622">
				<ele>714.5</ele>
				<time>2026-05-20T19:10:30.606Z</time>
			</trkpt>
			<trkpt lat="45.87603" lon="3.85571">
				<ele>712.16</ele>
				<time>2026-05-20T19:10:32.290Z</time>
			</trkpt>
			<trkpt lat="45.87569" lon="3.85486">
				<ele>708.3</ele>
				<time>2026-05-20T19:10:35.240Z</time>
			</trkpt>
			<trkpt lat="45.87512" lon="3.85364">
				<ele>705.65</ele>
				<time>2026-05-20T19:10:39.663Z</time>
			</trkpt>
			<trkpt lat="45.87425" lon="3.85189">
				<ele>702.95</ele>
				<time>2026-05-20T19:10:46.135Z</time>
			</trkpt>
			<trkpt lat="45.87395" lon="3.85119">
				<ele>704.45</ele>
				<time>2026-05-20T19:10:48.609Z</time>
			</trkpt>
			<trkpt lat="45.87382" lon="3.85085">
				<ele>706.05</ele>
				<time>2026-05-20T19:10:49.777Z</time>
			</trkpt>
			<trkpt lat="45.87365" lon="3.85032">
				<ele>706.03</ele>
				<time>2026-05-20T19:10:51.533Z</time>
			</trkpt>
			<trkpt lat="45.87349" lon="3.84968">
				<ele>707.28</ele>
				<time>2026-05-20T19:10:53.580Z</time>
			</trkpt>
			<trkpt lat="45.87342" lon="3.8493">
				<ele>705.47</ele>
				<time>2026-05-20T19:10:54.763Z</time>
			</trkpt>
			<trkpt lat="45.87335" lon="3.84871">
				<ele>703.35</ele>
				<time>2026-05-20T19:10:56.564Z</time>
			</trkpt>
			<trkpt lat="45.87332" lon="3.84826">
				<ele>702.75</ele>
				<time>2026-05-20T19:10:57.925Z</time>
			</trkpt>
			<trkpt lat="45.87332" lon="3.84746">
				<ele>699.89</ele>
				<time>2026-05-20T19:11:00.333Z</time>
			</trkpt>
			<trkpt lat="45.87338" lon="3.84678">
				<ele>696.69</ele>
				<time>2026-05-20T19:11:02.396Z</time>
			</trkpt>
			<trkpt lat="45.87343" lon="3.84638">
				<ele>693.99</ele>
				<time>2026-05-20T19:11:03.619Z</time>
			</trkpt>
			<trkpt lat="45.87361" lon="3.8455">
				<ele>688.73</ele>
				<time>2026-05-20T19:11:06.379Z</time>
			</trkpt>
			<trkpt lat="45.87406" lon="3.84358">
				<ele>678.32</ele>
				<time>2026-05-20T19:11:12.476Z</time>
			</trkpt>
			<trkpt lat="45.87418" lon="3.84296">
				<ele>678.76</ele>
				<time>2026-05-20T19:11:14.413Z</time>
			</trkpt>
			<trkpt lat="45.87427" lon="3.84226">
				<ele>677.8</ele>
				<time>2026-05-20T19:11:16.555Z</time>
			</trkpt>
			<trkpt lat="45.8743" lon="3.8418">
				<ele>677.41</ele>
				<time>2026-05-20T19:11:17.946Z</time>
			</trkpt>
			<trkpt lat="45.87431" lon="3.84134">
				<ele>676.36</ele>
				<time>2026-05-20T19:11:19.331Z</time>
			</trkpt>
			<trkpt lat="45.8743" lon="3.84087">
				<ele>672.84</ele>
				<time>2026-05-20T19:11:20.746Z</time>
			</trkpt>
			<trkpt lat="45.87426" lon="3.84041">
				<ele>670.96</ele>
				<time>2026-05-20T19:11:22.141Z</time>
			</trkpt>
			<trkpt lat="45.87415" lon="3.83967">
				<ele>665.75</ele>
				<time>2026-05-20T19:11:24.418Z</time>
			</trkpt>
			<trkpt lat="45.87406" lon="3.83927">
				<ele>664.88</ele>
				<time>2026-05-20T19:11:25.683Z</time>
			</trkpt>
			<trkpt lat="45.87392" lon="3.83875">
				<ele>663.97</ele>
				<time>2026-05-20T19:11:27.361Z</time>
			</trkpt>
			<trkpt lat="45.87377" lon="3.83834">
				<ele>659.52</ele>
				<time>2026-05-20T19:11:28.755Z</time>
			</trkpt>
			<trkpt lat="45.8736" lon="3.83791">
				<ele>655.44</ele>
				<time>2026-05-20T19:11:30.243Z</time>
			</trkpt>
			<trkpt lat="45.87325" lon="3.83716">
				<ele>648.1</ele>
				<time>2026-05-20T19:11:32.960Z</time>
			</trkpt>
			<trkpt lat="45.87173" lon="3.83424">
				<ele>637.07</ele>
				<time>2026-05-20T19:11:43.933Z</time>
			</trkpt>
			<trkpt lat="45.87134" lon="3.83343">
				<ele>636.94</ele>
				<time>2026-05-20T19:11:46.896Z</time>
			</trkpt>
			<trkpt lat="45.87118" lon="3.83304">
				<ele>638.02</ele>
				<time>2026-05-20T19:11:48.259Z</time>
			</trkpt>
			<trkpt lat="45.87104" lon="3.83268">
				<ele>639.46</ele>
				<time>2026-05-20T19:11:49.500Z</time>
			</trkpt>
			<trkpt lat="45.87077" lon="3.83189">
				<ele>640.19</ele>
				<time>2026-05-20T19:11:52.148Z</time>
			</trkpt>
			<trkpt lat="45.87017" lon="3.82974">
				<ele>643.3</ele>
				<time>2026-05-20T19:11:59.119Z</time>
			</trkpt>
			<trkpt lat="45.86995" lon="3.82904">
				<ele>645.74</ele>
				<time>2026-05-20T19:12:01.430Z</time>
			</trkpt>
			<trkpt lat="45.86971" lon="3.82839">
				<ele>649.86</ele>
				<time>2026-05-20T19:12:03.644Z</time>
			</trkpt>
			<trkpt lat="45.86957" lon="3.82809">
				<ele>651.09</ele>
				<time>2026-05-20T19:12:04.731Z</time>
			</trkpt>
			<trkpt lat="45.86931" lon="3.82761">
				<ele>652.39</ele>
				<time>2026-05-20T19:12:06.561Z</time>
			</trkpt>
			<trkpt lat="45.86897" lon="3.82707">
				<ele>656.26</ele>
				<time>2026-05-20T19:12:08.752Z</time>
			</trkpt>
			<trkpt lat="45.86879" lon="3.82685">
				<ele>656.55</ele>
				<time>2026-05-20T19:12:09.774Z</time>
			</trkpt>
			<trkpt lat="45.86838" lon="3.8264">
				<ele>660.13</ele>
				<time>2026-05-20T19:12:12.004Z</time>
			</trkpt>
			<trkpt lat="45.86794" lon="3.82603">
				<ele>668.51</ele>
				<time>2026-05-20T19:12:14.208Z</time>
			</trkpt>
			<trkpt lat="45.86757" lon="3.82576">
				<ele>674.41</ele>
				<time>2026-05-20T19:12:16.002Z</time>
			</trkpt>
			<trkpt lat="45.86733" lon="3.82562">
				<ele>677.11</ele>
				<time>2026-05-20T19:12:17.121Z</time>
			</trkpt>
			<trkpt lat="45.86685" lon="3.82542">
				<ele>679.04</ele>
				<time>2026-05-20T19:12:19.281Z</time>
			</trkpt>
			<trkpt lat="45.86633" lon="3.8253">
				<ele>681.33</ele>
				<time>2026-05-20T19:12:21.558Z</time>
			</trkpt>
			<trkpt lat="45.8658" lon="3.82526">
				<ele>685.29</ele>
				<time>2026-05-20T19:12:23.851Z</time>
			</trkpt>
			<trkpt lat="45.86549" lon="3.82527">
				<ele>685.16</ele>
				<time>2026-05-20T19:12:25.192Z</time>
			</trkpt>
			<trkpt lat="45.86522" lon="3.82532">
				<ele>685.91</ele>
				<time>2026-05-20T19:12:26.368Z</time>
			</trkpt>
			<trkpt lat="45.86473" lon="3.82545">
				<ele>693.53</ele>
				<time>2026-05-20T19:12:28.522Z</time>
			</trkpt>
			<trkpt lat="45.86419" lon="3.82569">
				<ele>695.83</ele>
				<time>2026-05-20T19:12:30.965Z</time>
			</trkpt>
			<trkpt lat="45.86391" lon="3.82583">
				<ele>698.42</ele>
				<time>2026-05-20T19:12:32.246Z</time>
			</trkpt>
			<trkpt lat="45.8626" lon="3.82661">
				<ele>701.45</ele>
				<time>2026-05-20T19:12:38.376Z</time>
			</trkpt>
			<trkpt lat="45.86202" lon="3.8269">
				<ele>703.02</ele>
				<time>2026-05-20T19:12:41.030Z</time>
			</trkpt>
			<trkpt lat="45.86171" lon="3.82701">
				<ele>706.07</ele>
				<time>2026-05-20T19:12:42.410Z</time>
			</trkpt>
			<trkpt lat="45.86144" lon="3.82708">
				<ele>708.86</ele>
				<time>2026-05-20T19:12:43.596Z</time>
			</trkpt>
			<trkpt lat="45.86096" lon="3.82714">
				<ele>712.01</ele>
				<time>2026-05-20T19:12:45.678Z</time>
			</trkpt>
			<trkpt lat="45.86069" lon="3.82715">
				<ele>713.9</ele>
				<time>2026-05-20T19:12:46.846Z</time>
			</trkpt>
			<trkpt lat="45.86039" lon="3.82712">
				<ele>715.83</ele>
				<time>2026-05-20T19:12:48.145Z</time>
			</trkpt>
			<trkpt lat="45.85989" lon="3.82702">
				<ele>718.1</ele>
				<time>2026-05-20T19:12:50.327Z</time>
			</trkpt>
			<trkpt lat="45.85965" lon="3.82693">
				<ele>718.28</ele>
				<time>2026-05-20T19:12:51.399Z</time>
			</trkpt>
			<trkpt lat="45.85916" lon="3.8267">
				<ele>717.29</ele>
				<time>2026-05-20T19:12:53.627Z</time>
			</trkpt>
			<trkpt lat="45.85893" lon="3.82656">
				<ele>716.03</ele>
				<time>2026-05-20T19:12:54.707Z</time>
			</trkpt>
			<trkpt lat="45.8585" lon="3.82624">
				<ele>711.14</ele>
				<time>2026-05-20T19:12:56.800Z</time>
			</trkpt>
			<trkpt lat="45.85809" lon="3.82584">
				<ele>707.04</ele>
				<time>2026-05-20T19:12:58.943Z</time>
			</trkpt>
			<trkpt lat="45.85761" lon="3.82523">
				<ele>705.4</ele>
				<time>2026-05-20T19:13:01.713Z</time>
			</trkpt>
			<trkpt lat="45.85719" lon="3.82452">
				<ele>702.55</ele>
				<time>2026-05-20T19:13:04.517Z</time>
			</trkpt>
			<trkpt lat="45.85702" lon="3.82416">
				<ele>699.02</ele>
				<time>2026-05-20T19:13:05.826Z</time>
			</trkpt>
			<trkpt lat="45.85681" lon="3.82362">
				<ele>694.11</ele>
				<time>2026-05-20T19:13:07.688Z</time>
			</trkpt>
			<trkpt lat="45.8566" lon="3.82296">
				<ele>694.2</ele>
				<time>2026-05-20T19:13:09.872Z</time>
			</trkpt>
			<trkpt lat="45.85648" lon="3.82243">
				<ele>698.8</ele>
				<time>2026-05-20T19:13:11.549Z</time>
			</trkpt>
			<trkpt lat="45.85635" lon="3.82154">
				<ele>702.77</ele>
				<time>2026-05-20T19:13:14.287Z</time>
			</trkpt>
			<trkpt lat="45.85573" lon="3.81373">
				<ele>685.29</ele>
				<time>2026-05-20T19:13:37.948Z</time>
			</trkpt>
			<trkpt lat="45.85556" lon="3.81208">
				<ele>682.77</ele>
				<time>2026-05-20T19:13:42.969Z</time>
			</trkpt>
			<trkpt lat="45.85546" lon="3.81129">
				<ele>682.05</ele>
				<time>2026-05-20T19:13:45.386Z</time>
			</trkpt>
			<trkpt lat="45.85532" lon="3.81038">
				<ele>680.04</ele>
				<time>2026-05-20T19:13:48.192Z</time>
			</trkpt>
			<trkpt lat="45.85451" lon="3.80599">
				<ele>673.75</ele>
				<time>2026-05-20T19:14:01.863Z</time>
			</trkpt>
			<trkpt lat="45.85439" lon="3.80515">
				<ele>676.52</ele>
				<time>2026-05-20T19:14:04.444Z</time>
			</trkpt>
			<trkpt lat="45.85427" lon="3.80413">
				<ele>680.18</ele>
				<time>2026-05-20T19:14:07.558Z</time>
			</trkpt>
			<trkpt lat="45.85418" lon="3.80307">
				<ele>684.64</ele>
				<time>2026-05-20T19:14:10.773Z</time>
			</trkpt>
			<trkpt lat="45.85414" lon="3.80187">
				<ele>690.62</ele>
				<time>2026-05-20T19:14:14.390Z</time>
			</trkpt>
			<trkpt lat="45.85412" lon="3.79679">
				<ele>705.07</ele>
				<time>2026-05-20T19:14:29.684Z</time>
			</trkpt>
			<trkpt lat="45.85406" lon="3.79551">
				<ele>700.96</ele>
				<time>2026-05-20T19:14:33.546Z</time>
			</trkpt>
			<trkpt lat="45.85393" lon="3.79402">
				<ele>693.76</ele>
				<time>2026-05-20T19:14:38.067Z</time>
			</trkpt>
			<trkpt lat="45.85387" lon="3.79345">
				<ele>692.92</ele>
				<time>2026-05-20T19:14:39.803Z</time>
			</trkpt>
			<trkpt lat="45.85372" lon="3.79238">
				<ele>689.45</ele>
				<time>2026-05-20T19:14:43.089Z</time>
			</trkpt>
			<trkpt lat="45.85354" lon="3.79125">
				<ele>692.98</ele>
				<time>2026-05-20T19:14:46.579Z</time>
			</trkpt>
			<trkpt lat="45.85313" lon="3.78937">
				<ele>693.3</ele>
				<time>2026-05-20T19:14:52.510Z</time>
			</trkpt>
			<trkpt lat="45.85294" lon="3.7886">
				<ele>691.22</ele>
				<time>2026-05-20T19:14:54.970Z</time>
			</trkpt>
			<trkpt lat="45.85134" lon="3.78275">
				<ele>724.58</ele>
				<time>2026-05-20T19:15:13.894Z</time>
			</trkpt>
			<trkpt lat="45.85108" lon="3.78166">
				<ele>727.01</ele>
				<time>2026-05-20T19:15:17.364Z</time>
			</trkpt>
			<trkpt lat="45.85101" lon="3.78129">
				<ele>729.19</ele>
				<time>2026-05-20T19:15:18.518Z</time>
			</trkpt>
			<trkpt lat="45.85094" lon="3.78072">
				<ele>733.04</ele>
				<time>2026-05-20T19:15:20.261Z</time>
			</trkpt>
			<trkpt lat="45.85089" lon="3.78021">
				<ele>733.91</ele>
				<time>2026-05-20T19:15:21.812Z</time>
			</trkpt>
			<trkpt lat="45.85087" lon="3.77952">
				<ele>740.31</ele>
				<time>2026-05-20T19:15:23.892Z</time>
			</trkpt>
			<trkpt lat="45.85087" lon="3.77894">
				<ele>745.27</ele>
				<time>2026-05-20T19:15:25.638Z</time>
			</trkpt>
			<trkpt lat="45.85111" lon="3.7723">
				<ele>769.04</ele>
				<time>2026-05-20T19:15:45.662Z</time>
			</trkpt>
			<trkpt lat="45.85114" lon="3.77137">
				<ele>777.69</ele>
				<time>2026-05-20T19:15:48.466Z</time>
			</trkpt>
			<trkpt lat="45.85112" lon="3.77036">
				<ele>785.67</ele>
				<time>2026-05-20T19:15:51.509Z</time>
			</trkpt>
			<trkpt lat="45.85107" lon="3.76974">
				<ele>789.22</ele>
				<time>2026-05-20T19:15:53.389Z</time>
			</trkpt>
			<trkpt lat="45.85103" lon="3.76942">
				<ele>790.57</ele>
				<time>2026-05-20T19:15:54.368Z</time>
			</trkpt>
			<trkpt lat="45.85091" lon="3.76869">
				<ele>793.87</ele>
				<time>2026-05-20T19:15:56.628Z</time>
			</trkpt>
			<trkpt lat="45.85076" lon="3.76808">
				<ele>799.75</ele>
				<time>2026-05-20T19:15:58.576Z</time>
			</trkpt>
			<trkpt lat="45.85059" lon="3.76752">
				<ele>802.82</ele>
				<time>2026-05-20T19:16:00.416Z</time>
			</trkpt>
			<trkpt lat="45.85038" lon="3.76695">
				<ele>802.01</ele>
				<time>2026-05-20T19:16:02.358Z</time>
			</trkpt>
			<trkpt lat="45.85015" lon="3.76643">
				<ele>800.63</ele>
				<time>2026-05-20T19:16:04.214Z</time>
			</trkpt>
			<trkpt lat="45.84986" lon="3.76588">
				<ele>801.41</ele>
				<time>2026-05-20T19:16:06.291Z</time>
			</trkpt>
			<trkpt lat="45.84948" lon="3.76524">
				<ele>800.04</ele>
				<time>2026-05-20T19:16:08.825Z</time>
			</trkpt>
			<trkpt lat="45.84866" lon="3.7639">
				<ele>801.31</ele>
				<time>2026-05-20T19:16:14.197Z</time>
			</trkpt>
			<trkpt lat="45.84824" lon="3.76314">
				<ele>801.4</ele>
				<time>2026-05-20T19:16:17.120Z</time>
			</trkpt>
			<trkpt lat="45.84802" lon="3.76268">
				<ele>800.19</ele>
				<time>2026-05-20T19:16:18.801Z</time>
			</trkpt>
			<trkpt lat="45.8478" lon="3.76212">
				<ele>797.73</ele>
				<time>2026-05-20T19:16:20.738Z</time>
			</trkpt>
			<trkpt lat="45.84762" lon="3.76158">
				<ele>794.89</ele>
				<time>2026-05-20T19:16:22.541Z</time>
			</trkpt>
			<trkpt lat="45.84748" lon="3.76106">
				<ele>793.52</ele>
				<time>2026-05-20T19:16:24.221Z</time>
			</trkpt>
			<trkpt lat="45.84736" lon="3.7605">
				<ele>788.47</ele>
				<time>2026-05-20T19:16:25.986Z</time>
			</trkpt>
			<trkpt lat="45.84723" lon="3.75966">
				<ele>780.63</ele>
				<time>2026-05-20T19:16:28.578Z</time>
			</trkpt>
			<trkpt lat="45.84719" lon="3.75926">
				<ele>778.12</ele>
				<time>2026-05-20T19:16:29.796Z</time>
			</trkpt>
			<trkpt lat="45.84714" lon="3.75848">
				<ele>776.98</ele>
				<time>2026-05-20T19:16:32.155Z</time>
			</trkpt>
			<trkpt lat="45.84697" lon="3.75528">
				<ele>759.69</ele>
				<time>2026-05-20T19:16:41.825Z</time>
			</trkpt>
			<trkpt lat="45.8469" lon="3.75441">
				<ele>752.73</ele>
				<time>2026-05-20T19:16:44.464Z</time>
			</trkpt>
			<trkpt lat="45.84678" lon="3.75363">
				<ele>749.37</ele>
				<time>2026-05-20T19:16:46.870Z</time>
			</trkpt>
			<trkpt lat="45.84662" lon="3.75293">
				<ele>746.15</ele>
				<time>2026-05-20T19:16:49.090Z</time>
			</trkpt>
			<trkpt lat="45.8465" lon="3.75249">
				<ele>745.42</ele>
				<time>2026-05-20T19:16:50.514Z</time>
			</trkpt>
			<trkpt lat="45.84632" lon="3.75192">
				<ele>742.73</ele>
				<time>2026-05-20T19:16:52.400Z</time>
			</trkpt>
			<trkpt lat="45.84557" lon="3.74986">
				<ele>739.4</ele>
				<time>2026-05-20T19:16:59.404Z</time>
			</trkpt>
			<trkpt lat="45.8452" lon="3.74871">
				<ele>736.04</ele>
				<time>2026-05-20T19:17:03.222Z</time>
			</trkpt>
			<trkpt lat="45.84501" lon="3.74799">
				<ele>731.9</ele>
				<time>2026-05-20T19:17:05.542Z</time>
			</trkpt>
			<trkpt lat="45.84483" lon="3.74716">
				<ele>722.92</ele>
				<time>2026-05-20T19:17:08.162Z</time>
			</trkpt>
			<trkpt lat="45.8447" lon="3.74635">
				<ele>717.37</ele>
				<time>2026-05-20T19:17:10.667Z</time>
			</trkpt>
			<trkpt lat="45.84458" lon="3.7452">
				<ele>711.07</ele>
				<time>2026-05-20T19:17:14.171Z</time>
			</trkpt>
			<trkpt lat="45.84454" lon="3.74448">
				<ele>706.99</ele>
				<time>2026-05-20T19:17:16.348Z</time>
			</trkpt>
			<trkpt lat="45.84453" lon="3.74374">
				<ele>704.97</ele>
				<time>2026-05-20T19:17:18.579Z</time>
			</trkpt>
			<trkpt lat="45.84454" lon="3.7431">
				<ele>704.22</ele>
				<time>2026-05-20T19:17:20.508Z</time>
			</trkpt>
			<trkpt lat="45.84458" lon="3.74241">
				<ele>702.39</ele>
				<time>2026-05-20T19:17:22.595Z</time>
			</trkpt>
			<trkpt lat="45.84465" lon="3.74176">
				<ele>697.88</ele>
				<time>2026-05-20T19:17:24.578Z</time>
			</trkpt>
			<trkpt lat="45.84473" lon="3.74112">
				<ele>690.29</ele>
				<time>2026-05-20T19:17:26.538Z</time>
			</trkpt>
			<trkpt lat="45.8449" lon="3.74022">
				<ele>684.53</ele>
				<time>2026-05-20T19:17:29.348Z</time>
			</trkpt>
			<trkpt lat="45.84516" lon="3.73911">
				<ele>689.46</ele>
				<time>2026-05-20T19:17:32.878Z</time>
			</trkpt>
			<trkpt lat="45.8453" lon="3.73866">
				<ele>689.68</ele>
				<time>2026-05-20T19:17:34.364Z</time>
			</trkpt>
			<trkpt lat="45.8455" lon="3.73803">
				<ele>692.32</ele>
				<time>2026-05-20T19:17:36.451Z</time>
			</trkpt>
			<trkpt lat="45.8458" lon="3.73726">
				<ele>694.24</ele>
				<time>2026-05-20T19:17:39.110Z</time>
			</trkpt>
			<trkpt lat="45.84618" lon="3.73643">
				<ele>694.52</ele>
				<time>2026-05-20T19:17:42.104Z</time>
			</trkpt>
			<trkpt lat="45.84638" lon="3.73604">
				<ele>697.03</ele>
				<time>2026-05-20T19:17:43.564Z</time>
			</trkpt>
			<trkpt lat="45.84677" lon="3.73534">
				<ele>693.12</ele>
				<time>2026-05-20T19:17:46.266Z</time>
			</trkpt>
			<trkpt lat="45.84932" lon="3.73106">
				<ele>698.14</ele>
				<time>2026-05-20T19:18:03.246Z</time>
			</trkpt>
			<trkpt lat="45.84977" lon="3.73038">
				<ele>698.92</ele>
				<time>2026-05-20T19:18:06.074Z</time>
			</trkpt>
			<trkpt lat="45.85041" lon="3.72952">
				<ele>701.99</ele>
				<time>2026-05-20T19:18:09.868Z</time>
			</trkpt>
			<trkpt lat="45.85105" lon="3.72884">
				<ele>703.75</ele>
				<time>2026-05-20T19:18:13.315Z</time>
			</trkpt>
			<trkpt lat="45.85214" lon="3.72781">
				<ele>701.75</ele>
				<time>2026-05-20T19:18:18.964Z</time>
			</trkpt>
			<trkpt lat="45.85594" lon="3.72431">
				<ele>694.25</ele>
				<time>2026-05-20T19:18:38.510Z</time>
			</trkpt>
			<trkpt lat="45.85668" lon="3.7237">
				<ele>694.01</ele>
				<time>2026-05-20T19:18:42.205Z</time>
			</trkpt>
			<trkpt lat="45.85698" lon="3.72348">
				<ele>695.86</ele>
				<time>2026-05-20T19:18:43.663Z</time>
			</trkpt>
			<trkpt lat="45.85755" lon="3.72312">
				<ele>691.3</ele>
				<time>2026-05-20T19:18:46.360Z</time>
			</trkpt>
			<trkpt lat="45.86056" lon="3.72147">
				<ele>680.57</ele>
				<time>2026-05-20T19:19:00.313Z</time>
			</trkpt>
			<trkpt lat="45.86129" lon="3.72104">
				<ele>677.4</ele>
				<time>2026-05-20T19:19:03.730Z</time>
			</trkpt>
			<trkpt lat="45.86194" lon="3.72062">
				<ele>678.95</ele>
				<time>2026-05-20T19:19:06.817Z</time>
			</trkpt>
			<trkpt lat="45.86265" lon="3.72009">
				<ele>681.29</ele>
				<time>2026-05-20T19:19:10.283Z</time>
			</trkpt>
			<trkpt lat="45.86372" lon="3.71917">
				<ele>675.38</ele>
				<time>2026-05-20T19:19:15.685Z</time>
			</trkpt>
			<trkpt lat="45.86772" lon="3.71547">
				<ele>666.53</ele>
				<time>2026-05-20T19:19:36.298Z</time>
			</trkpt>
			<trkpt lat="45.86816" lon="3.71497">
				<ele>662.47</ele>
				<time>2026-05-20T19:19:38.729Z</time>
			</trkpt>
			<trkpt lat="45.86836" lon="3.71471">
				<ele>661.53</ele>
				<time>2026-05-20T19:19:39.898Z</time>
			</trkpt>
			<trkpt lat="45.86875" lon="3.71409">
				<ele>660.27</ele>
				<time>2026-05-20T19:19:42.419Z</time>
			</trkpt>
			<trkpt lat="45.86896" lon="3.71367">
				<ele>660.13</ele>
				<time>2026-05-20T19:19:43.979Z</time>
			</trkpt>
			<trkpt lat="45.86923" lon="3.71303">
				<ele>660.65</ele>
				<time>2026-05-20T19:19:46.237Z</time>
			</trkpt>
			<trkpt lat="45.86944" lon="3.71235">
				<ele>657.03</ele>
				<time>2026-05-20T19:19:48.481Z</time>
			</trkpt>
			<trkpt lat="45.8696" lon="3.71157">
				<ele>657.32</ele>
				<time>2026-05-20T19:19:50.935Z</time>
			</trkpt>
			<trkpt lat="45.86969" lon="3.71088">
				<ele>660.89</ele>
				<time>2026-05-20T19:19:53.053Z</time>
			</trkpt>
			<trkpt lat="45.86972" lon="3.71049">
				<ele>661.76</ele>
				<time>2026-05-20T19:19:54.237Z</time>
			</trkpt>
			<trkpt lat="45.86973" lon="3.70971">
				<ele>658.93</ele>
				<time>2026-05-20T19:19:56.591Z</time>
			</trkpt>
			<trkpt lat="45.86967" lon="3.70903">
				<ele>651.04</ele>
				<time>2026-05-20T19:19:58.660Z</time>
			</trkpt>
			<trkpt lat="45.86955" lon="3.7082">
				<ele>648.68</ele>
				<time>2026-05-20T19:20:01.218Z</time>
			</trkpt>
			<trkpt lat="45.8693" lon="3.70678">
				<ele>648.4</ele>
				<time>2026-05-20T19:20:05.639Z</time>
			</trkpt>
			<trkpt lat="45.86924" lon="3.70636">
				<ele>647.32</ele>
				<time>2026-05-20T19:20:06.933Z</time>
			</trkpt>
			<trkpt lat="45.86917" lon="3.70559">
				<ele>645.08</ele>
				<time>2026-05-20T19:20:09.276Z</time>
			</trkpt>
			<trkpt lat="45.86916" lon="3.70521">
				<ele>646.75</ele>
				<time>2026-05-20T19:20:10.424Z</time>
			</trkpt>
			<trkpt lat="45.86918" lon="3.70462">
				<ele>645.94</ele>
				<time>2026-05-20T19:20:12.207Z</time>
			</trkpt>
			<trkpt lat="45.86924" lon="3.704">
				<ele>643.71</ele>
				<time>2026-05-20T19:20:14.096Z</time>
			</trkpt>
			<trkpt lat="45.86928" lon="3.70372">
				<ele>643.83</ele>
				<time>2026-05-20T19:20:14.959Z</time>
			</trkpt>
			<trkpt lat="45.86943" lon="3.70306">
				<ele>644.08</ele>
				<time>2026-05-20T19:20:17.055Z</time>
			</trkpt>
			<trkpt lat="45.8696" lon="3.70244">
				<ele>643.75</ele>
				<time>2026-05-20T19:20:19.066Z</time>
			</trkpt>
			<trkpt lat="45.86981" lon="3.70188">
				<ele>644.42</ele>
				<time>2026-05-20T19:20:20.986Z</time>
			</trkpt>
			<trkpt lat="45.87007" lon="3.70134">
				<ele>647.13</ele>
				<time>2026-05-20T19:20:22.968Z</time>
			</trkpt>
			<trkpt lat="45.87038" lon="3.70081">
				<ele>647.14</ele>
				<time>2026-05-20T19:20:25.058Z</time>
			</trkpt>
			<trkpt lat="45.87078" lon="3.70022">
				<ele>651.42</ele>
				<time>2026-05-20T19:20:27.544Z</time>
			</trkpt>
			<trkpt lat="45.87141" lon="3.69944">
				<ele>644.83</ele>
				<time>2026-05-20T19:20:31.150Z</time>
			</trkpt>
			<trkpt lat="45.87482" lon="3.69558">
				<ele>630.95</ele>
				<time>2026-05-20T19:20:49.978Z</time>
			</trkpt>
			<trkpt lat="45.87518" lon="3.6951">
				<ele>630.65</ele>
				<time>2026-05-20T19:20:52.109Z</time>
			</trkpt>
			<trkpt lat="45.87548" lon="3.69461">
				<ele>631.96</ele>
				<time>2026-05-20T19:20:54.079Z</time>
			</trkpt>
			<trkpt lat="45.87563" lon="3.69433">
				<ele>631.39</ele>
				<time>2026-05-20T19:20:55.146Z</time>
			</trkpt>
			<trkpt lat="45.87593" lon="3.69366">
				<ele>628.63</ele>
				<time>2026-05-20T19:20:57.552Z</time>
			</trkpt>
			<trkpt lat="45.87615" lon="3.693">
				<ele>632.55</ele>
				<time>2026-05-20T19:20:59.762Z</time>
			</trkpt>
			<trkpt lat="45.87633" lon="3.69231">
				<ele>631.63</ele>
				<time>2026-05-20T19:21:01.987Z</time>
			</trkpt>
			<trkpt lat="45.87642" lon="3.69189">
				<ele>632.33</ele>
				<time>2026-05-20T19:21:03.314Z</time>
			</trkpt>
			<trkpt lat="45.8766" lon="3.69095">
				<ele>634.03</ele>
				<time>2026-05-20T19:21:06.259Z</time>
			</trkpt>
			<trkpt lat="45.8768" lon="3.68941">
				<ele>624.32</ele>
				<time>2026-05-20T19:21:10.990Z</time>
			</trkpt>
			<trkpt lat="45.87694" lon="3.68806">
				<ele>620.05</ele>
				<time>2026-05-20T19:21:15.113Z</time>
			</trkpt>
			<trkpt lat="45.87697" lon="3.68759">
				<ele>619.91</ele>
				<time>2026-05-20T19:21:16.539Z</time>
			</trkpt>
			<trkpt lat="45.87701" lon="3.68667">
				<ele>617.9</ele>
				<time>2026-05-20T19:21:19.323Z</time>
			</trkpt>
			<trkpt lat="45.877" lon="3.6861">
				<ele>619.43</ele>
				<time>2026-05-20T19:21:21.046Z</time>
			</trkpt>
			<trkpt lat="45.87696" lon="3.68538">
				<ele>619.56</ele>
				<time>2026-05-20T19:21:23.228Z</time>
			</trkpt>
			<trkpt lat="45.87691" lon="3.68495">
				<ele>619.48</ele>
				<time>2026-05-20T19:21:24.545Z</time>
			</trkpt>
			<trkpt lat="45.87684" lon="3.68455">
				<ele>618.27</ele>
				<time>2026-05-20T19:21:25.791Z</time>
			</trkpt>
			<trkpt lat="45.87672" lon="3.68399">
				<ele>618.4</ele>
				<time>2026-05-20T19:21:27.561Z</time>
			</trkpt>
			<trkpt lat="45.87653" lon="3.68337">
				<ele>622.98</ele>
				<time>2026-05-20T19:21:29.608Z</time>
			</trkpt>
			<trkpt lat="45.87632" lon="3.68281">
				<ele>622.4</ele>
				<time>2026-05-20T19:21:31.529Z</time>
			</trkpt>
			<trkpt lat="45.87533" lon="3.68072">
				<ele>609.01</ele>
				<time>2026-05-20T19:21:39.168Z</time>
			</trkpt>
			<trkpt lat="45.87496" lon="3.67983">
				<ele>602.41</ele>
				<time>2026-05-20T19:21:42.300Z</time>
			</trkpt>
			<trkpt lat="45.87465" lon="3.67894">
				<ele>603.6</ele>
				<time>2026-05-20T19:21:45.308Z</time>
			</trkpt>
			<trkpt lat="45.87434" lon="3.67785">
				<ele>603.37</ele>
				<time>2026-05-20T19:21:48.867Z</time>
			</trkpt>
			<trkpt lat="45.87401" lon="3.67624">
				<ele>604.54</ele>
				<time>2026-05-20T19:21:53.939Z</time>
			</trkpt>
			<trkpt lat="45.87274" lon="3.66899">
				<ele>598.88</ele>
				<time>2026-05-20T19:22:16.542Z</time>
			</trkpt>
			<trkpt lat="45.87258" lon="3.66778">
				<ele>592.32</ele>
				<time>2026-05-20T19:22:20.266Z</time>
			</trkpt>
			<trkpt lat="45.87254" lon="3.66733">
				<ele>592.16</ele>
				<time>2026-05-20T19:22:21.638Z</time>
			</trkpt>
			<trkpt lat="45.87249" lon="3.66643">
				<ele>594.72</ele>
				<time>2026-05-20T19:22:24.369Z</time>
			</trkpt>
			<trkpt lat="45.87248" lon="3.66598">
				<ele>596.17</ele>
				<time>2026-05-20T19:22:25.730Z</time>
			</trkpt>
			<trkpt lat="45.87249" lon="3.66526">
				<ele>598.94</ele>
				<time>2026-05-20T19:22:27.908Z</time>
			</trkpt>
			<trkpt lat="45.87254" lon="3.66443">
				<ele>600.19</ele>
				<time>2026-05-20T19:22:30.428Z</time>
			</trkpt>
			<trkpt lat="45.87261" lon="3.66371">
				<ele>601.64</ele>
				<time>2026-05-20T19:22:32.627Z</time>
			</trkpt>
			<trkpt lat="45.87272" lon="3.66286">
				<ele>604.66</ele>
				<time>2026-05-20T19:22:35.242Z</time>
			</trkpt>
			<trkpt lat="45.87328" lon="3.65977">
				<ele>607.71</ele>
				<time>2026-05-20T19:22:44.901Z</time>
			</trkpt>
			<trkpt lat="45.87341" lon="3.659">
				<ele>610</ele>
				<time>2026-05-20T19:22:47.299Z</time>
			</trkpt>
			<trkpt lat="45.87349" lon="3.65832">
				<ele>606.85</ele>
				<time>2026-05-20T19:22:49.385Z</time>
			</trkpt>
			<trkpt lat="45.87354" lon="3.65761">
				<ele>600.21</ele>
				<time>2026-05-20T19:22:51.544Z</time>
			</trkpt>
			<trkpt lat="45.87354" lon="3.65695">
				<ele>597.26</ele>
				<time>2026-05-20T19:22:53.541Z</time>
			</trkpt>
			<trkpt lat="45.87346" lon="3.65589">
				<ele>600.58</ele>
				<time>2026-05-20T19:22:56.768Z</time>
			</trkpt>
			<trkpt lat="45.87334" lon="3.655">
				<ele>603.98</ele>
				<time>2026-05-20T19:22:59.511Z</time>
			</trkpt>
			<trkpt lat="45.87308" lon="3.65342">
				<ele>610.77</ele>
				<time>2026-05-20T19:23:04.424Z</time>
			</trkpt>
			<trkpt lat="45.87291" lon="3.65225">
				<ele>609.08</ele>
				<time>2026-05-20T19:23:08.042Z</time>
			</trkpt>
			<trkpt lat="45.87284" lon="3.65168">
				<ele>610.68</ele>
				<time>2026-05-20T19:23:09.794Z</time>
			</trkpt>
			<trkpt lat="45.87275" lon="3.65068">
				<ele>621.11</ele>
				<time>2026-05-20T19:23:12.846Z</time>
			</trkpt>
			<trkpt lat="45.87271" lon="3.64985">
				<ele>626.6</ele>
				<time>2026-05-20T19:23:15.364Z</time>
			</trkpt>
			<trkpt lat="45.87271" lon="3.64891">
				<ele>631.96</ele>
				<time>2026-05-20T19:23:18.210Z</time>
			</trkpt>
			<trkpt lat="45.87276" lon="3.64803">
				<ele>633.39</ele>
				<time>2026-05-20T19:23:20.883Z</time>
			</trkpt>
			<trkpt lat="45.87283" lon="3.64724">
				<ele>640.14</ele>
				<time>2026-05-20T19:23:23.294Z</time>
			</trkpt>
			<trkpt lat="45.87295" lon="3.64644">
				<ele>644.68</ele>
				<time>2026-05-20T19:23:25.772Z</time>
			</trkpt>
			<trkpt lat="45.87312" lon="3.64554">
				<ele>645.48</ele>
				<time>2026-05-20T19:23:28.595Z</time>
			</trkpt>
			<trkpt lat="45.87334" lon="3.64468">
				<ele>639.76</ele>
				<time>2026-05-20T19:23:31.370Z</time>
			</trkpt>
			<trkpt lat="45.87358" lon="3.64388">
				<ele>639.91</ele>
				<time>2026-05-20T19:23:34.007Z</time>
			</trkpt>
			<trkpt lat="45.87371" lon="3.64351">
				<ele>639.83</ele>
				<time>2026-05-20T19:23:35.262Z</time>
			</trkpt>
			<trkpt lat="45.87396" lon="3.64287">
				<ele>640.13</ele>
				<time>2026-05-20T19:23:37.485Z</time>
			</trkpt>
			<trkpt lat="45.87431" lon="3.64208">
				<ele>643.3</ele>
				<time>2026-05-20T19:23:40.321Z</time>
			</trkpt>
			<trkpt lat="45.87463" lon="3.64144">
				<ele>640.75</ele>
				<time>2026-05-20T19:23:42.707Z</time>
			</trkpt>
			<trkpt lat="45.87591" lon="3.63908">
				<ele>632.56</ele>
				<time>2026-05-20T19:23:51.768Z</time>
			</trkpt>
			<trkpt lat="45.87627" lon="3.63835">
				<ele>631.82</ele>
				<time>2026-05-20T19:23:54.478Z</time>
			</trkpt>
			<trkpt lat="45.87656" lon="3.63769">
				<ele>631.13</ele>
				<time>2026-05-20T19:23:56.842Z</time>
			</trkpt>
			<trkpt lat="45.87683" lon="3.63695">
				<ele>632.81</ele>
				<time>2026-05-20T19:23:59.373Z</time>
			</trkpt>
			<trkpt lat="45.87698" lon="3.63651">
				<ele>634.98</ele>
				<time>2026-05-20T19:24:00.858Z</time>
			</trkpt>
			<trkpt lat="45.87711" lon="3.63609">
				<ele>633.66</ele>
				<time>2026-05-20T19:24:02.250Z</time>
			</trkpt>
			<trkpt lat="45.87779" lon="3.63369">
				<ele>636.65</ele>
				<time>2026-05-20T19:24:10.101Z</time>
			</trkpt>
			<trkpt lat="45.87805" lon="3.6329">
				<ele>633.07</ele>
				<time>2026-05-20T19:24:12.749Z</time>
			</trkpt>
			<trkpt lat="45.87819" lon="3.63253">
				<ele>632.35</ele>
				<time>2026-05-20T19:24:14.025Z</time>
			</trkpt>
			<trkpt lat="45.8785" lon="3.63185">
				<ele>628.25</ele>
				<time>2026-05-20T19:24:16.488Z</time>
			</trkpt>
			<trkpt lat="45.87891" lon="3.63111">
				<ele>623.23</ele>
				<time>2026-05-20T19:24:19.355Z</time>
			</trkpt>
			<trkpt lat="45.87955" lon="3.63015">
				<ele>626.39</ele>
				<time>2026-05-20T19:24:23.383Z</time>
			</trkpt>
			<trkpt lat="45.8803" lon="3.6291">
				<ele>621.31</ele>
				<time>2026-05-20T19:24:27.943Z</time>
			</trkpt>
			<trkpt lat="45.88068" lon="3.62845">
				<ele>617.35</ele>
				<time>2026-05-20T19:24:30.516Z</time>
			</trkpt>
			<trkpt lat="45.88089" lon="3.62802">
				<ele>616.55</ele>
				<time>2026-05-20T19:24:32.108Z</time>
			</trkpt>
			<trkpt lat="45.88103" lon="3.62769">
				<ele>617.37</ele>
				<time>2026-05-20T19:24:33.280Z</time>
			</trkpt>
			<trkpt lat="45.88123" lon="3.62707">
				<ele>616.42</ele>
				<time>2026-05-20T19:24:35.351Z</time>
			</trkpt>
			<trkpt lat="45.88132" lon="3.62678">
				<ele>615.46</ele>
				<time>2026-05-20T19:24:36.314Z</time>
			</trkpt>
			<trkpt lat="45.88144" lon="3.62623">
				<ele>612.39</ele>
				<time>2026-05-20T19:24:38.061Z</time>
			</trkpt>
			<trkpt lat="45.88156" lon="3.62535">
				<ele>614.83</ele>
				<time>2026-05-20T19:24:40.780Z</time>
			</trkpt>
			<trkpt lat="45.88159" lon="3.62479">
				<ele>615.24</ele>
				<time>2026-05-20T19:24:42.483Z</time>
			</trkpt>
			<trkpt lat="45.88159" lon="3.62404">
				<ele>615.85</ele>
				<time>2026-05-20T19:24:44.757Z</time>
			</trkpt>
			<trkpt lat="45.88155" lon="3.62236">
				<ele>618.11</ele>
				<time>2026-05-20T19:24:49.854Z</time>
			</trkpt>
			<trkpt lat="45.88158" lon="3.62172">
				<ele>618.18</ele>
				<time>2026-05-20T19:24:51.799Z</time>
			</trkpt>
			<trkpt lat="45.88166" lon="3.62104">
				<ele>618.23</ele>
				<time>2026-05-20T19:24:53.891Z</time>
			</trkpt>
			<trkpt lat="45.8818" lon="3.62041">
				<ele>620</ele>
				<time>2026-05-20T19:24:55.897Z</time>
			</trkpt>
			<trkpt lat="45.88195" lon="3.61987">
				<ele>617.1</ele>
				<time>2026-05-20T19:24:57.660Z</time>
			</trkpt>
			<trkpt lat="45.88242" lon="3.61859">
				<ele>606.86</ele>
				<time>2026-05-20T19:25:02.049Z</time>
			</trkpt>
			<trkpt lat="45.88261" lon="3.61802">
				<ele>601.75</ele>
				<time>2026-05-20T19:25:03.966Z</time>
			</trkpt>
			<trkpt lat="45.88274" lon="3.61753">
				<ele>597.97</ele>
				<time>2026-05-20T19:25:05.557Z</time>
			</trkpt>
			<trkpt lat="45.88279" lon="3.61727">
				<ele>596.36</ele>
				<time>2026-05-20T19:25:06.375Z</time>
			</trkpt>
			<trkpt lat="45.88287" lon="3.61662">
				<ele>593.62</ele>
				<time>2026-05-20T19:25:08.378Z</time>
			</trkpt>
			<trkpt lat="45.88291" lon="3.61606">
				<ele>594.51</ele>
				<time>2026-05-20T19:25:10.086Z</time>
			</trkpt>
			<trkpt lat="45.88291" lon="3.61575">
				<ele>595.12</ele>
				<time>2026-05-20T19:25:11.026Z</time>
			</trkpt>
			<trkpt lat="45.88287" lon="3.61515">
				<ele>598.24</ele>
				<time>2026-05-20T19:25:12.855Z</time>
			</trkpt>
			<trkpt lat="45.88274" lon="3.61433">
				<ele>604.93</ele>
				<time>2026-05-20T19:25:15.407Z</time>
			</trkpt>
			<trkpt lat="45.88243" lon="3.61283">
				<ele>609.76</ele>
				<time>2026-05-20T19:25:20.154Z</time>
			</trkpt>
			<trkpt lat="45.88233" lon="3.61225">
				<ele>610.77</ele>
				<time>2026-05-20T19:25:21.968Z</time>
			</trkpt>
			<trkpt lat="45.88224" lon="3.61139">
				<ele>609.6</ele>
				<time>2026-05-20T19:25:24.607Z</time>
			</trkpt>
			<trkpt lat="45.88223" lon="3.61084">
				<ele>609.25</ele>
				<time>2026-05-20T19:25:26.277Z</time>
			</trkpt>
			<trkpt lat="45.88226" lon="3.61022">
				<ele>606.77</ele>
				<time>2026-05-20T19:25:28.163Z</time>
			</trkpt>
			<trkpt lat="45.88233" lon="3.60961">
				<ele>607</ele>
				<time>2026-05-20T19:25:30.039Z</time>
			</trkpt>
			<trkpt lat="45.88244" lon="3.60906">
				<ele>610.82</ele>
				<time>2026-05-20T19:25:31.776Z</time>
			</trkpt>
			<trkpt lat="45.88279" lon="3.6075">
				<ele>617.56</ele>
				<time>2026-05-20T19:25:36.751Z</time>
			</trkpt>
			<trkpt lat="45.88292" lon="3.60681">
				<ele>619.54</ele>
				<time>2026-05-20T19:25:38.921Z</time>
			</trkpt>
			<trkpt lat="45.883" lon="3.60613">
				<ele>619.99</ele>
				<time>2026-05-20T19:25:41.015Z</time>
			</trkpt>
			<trkpt lat="45.88303" lon="3.60557">
				<ele>622.13</ele>
				<time>2026-05-20T19:25:42.720Z</time>
			</trkpt>
			<trkpt lat="45.88302" lon="3.60499">
				<ele>616.1</ele>
				<time>2026-05-20T19:25:44.482Z</time>
			</trkpt>
			<trkpt lat="45.883" lon="3.60474">
				<ele>613.32</ele>
				<time>2026-05-20T19:25:45.246Z</time>
			</trkpt>
			<trkpt lat="45.88281" lon="3.60296">
				<ele>621.99</ele>
				<time>2026-05-20T19:25:50.714Z</time>
			</trkpt>
			<trkpt lat="45.88273" lon="3.60195">
				<ele>633.74</ele>
				<time>2026-05-20T19:25:53.801Z</time>
			</trkpt>
			<trkpt lat="45.88276" lon="3.60108">
				<ele>630.71</ele>
				<time>2026-05-20T19:25:56.446Z</time>
			</trkpt>
			<trkpt lat="45.88295" lon="3.59941">
				<ele>611.17</ele>
				<time>2026-05-20T19:26:01.586Z</time>
			</trkpt>
			<trkpt lat="45.88297" lon="3.59878">
				<ele>604.71</ele>
				<time>2026-05-20T19:26:03.501Z</time>
			</trkpt>
			<trkpt lat="45.88296" lon="3.59826">
				<ele>598.32</ele>
				<time>2026-05-20T19:26:05.082Z</time>
			</trkpt>
			<trkpt lat="45.88288" lon="3.59754">
				<ele>597.92</ele>
				<time>2026-05-20T19:26:07.296Z</time>
			</trkpt>
			<trkpt lat="45.88276" lon="3.59695">
				<ele>600.65</ele>
				<time>2026-05-20T19:26:09.164Z</time>
			</trkpt>
			<trkpt lat="45.88225" lon="3.59529">
				<ele>604.89</ele>
				<time>2026-05-20T19:26:14.676Z</time>
			</trkpt>
			<trkpt lat="45.88211" lon="3.59473">
				<ele>609.1</ele>
				<time>2026-05-20T19:26:16.484Z</time>
			</trkpt>
			<trkpt lat="45.88205" lon="3.59446">
				<ele>611.21</ele>
				<time>2026-05-20T19:26:17.346Z</time>
			</trkpt>
			<trkpt lat="45.882" lon="3.5941">
				<ele>614.69</ele>
				<time>2026-05-20T19:26:18.461Z</time>
			</trkpt>
			<trkpt lat="45.88195" lon="3.5934">
				<ele>618.81</ele>
				<time>2026-05-20T19:26:20.599Z</time>
			</trkpt>
			<trkpt lat="45.88195" lon="3.59304">
				<ele>620.07</ele>
				<time>2026-05-20T19:26:21.693Z</time>
			</trkpt>
			<trkpt lat="45.882" lon="3.59239">
				<ele>622.88</ele>
				<time>2026-05-20T19:26:23.681Z</time>
			</trkpt>
			<trkpt lat="45.88211" lon="3.59176">
				<ele>625.44</ele>
				<time>2026-05-20T19:26:25.655Z</time>
			</trkpt>
			<trkpt lat="45.88227" lon="3.59115">
				<ele>622.92</ele>
				<time>2026-05-20T19:26:27.636Z</time>
			</trkpt>
			<trkpt lat="45.88248" lon="3.59057">
				<ele>620.41</ele>
				<time>2026-05-20T19:26:29.623Z</time>
			</trkpt>
			<trkpt lat="45.88275" lon="3.59003">
				<ele>617.39</ele>
				<time>2026-05-20T19:26:31.644Z</time>
			</trkpt>
			<trkpt lat="45.88294" lon="3.58972">
				<ele>615.78</ele>
				<time>2026-05-20T19:26:32.900Z</time>
			</trkpt>
			<trkpt lat="45.88334" lon="3.58919">
				<ele>613.55</ele>
				<time>2026-05-20T19:26:35.276Z</time>
			</trkpt>
			<trkpt lat="45.88439" lon="3.58805">
				<ele>612.86</ele>
				<time>2026-05-20T19:26:41.024Z</time>
			</trkpt>
			<trkpt lat="45.88488" lon="3.58745">
				<ele>603.69</ele>
				<time>2026-05-20T19:26:43.836Z</time>
			</trkpt>
			<trkpt lat="45.88521" lon="3.58693">
				<ele>602.21</ele>
				<time>2026-05-20T19:26:45.975Z</time>
			</trkpt>
			<trkpt lat="45.88545" lon="3.58642">
				<ele>599.81</ele>
				<time>2026-05-20T19:26:47.847Z</time>
			</trkpt>
			<trkpt lat="45.88567" lon="3.58584">
				<ele>600.76</ele>
				<time>2026-05-20T19:26:49.856Z</time>
			</trkpt>
			<trkpt lat="45.88583" lon="3.5852">
				<ele>605.03</ele>
				<time>2026-05-20T19:26:51.924Z</time>
			</trkpt>
			<trkpt lat="45.88593" lon="3.58457">
				<ele>606.26</ele>
				<time>2026-05-20T19:26:53.889Z</time>
			</trkpt>
			<trkpt lat="45.88598" lon="3.58395">
				<ele>609.55</ele>
				<time>2026-05-20T19:26:55.787Z</time>
			</trkpt>
			<trkpt lat="45.88598" lon="3.58341">
				<ele>611.68</ele>
				<time>2026-05-20T19:26:57.429Z</time>
			</trkpt>
			<trkpt lat="45.88593" lon="3.58282">
				<ele>614.73</ele>
				<time>2026-05-20T19:26:59.237Z</time>
			</trkpt>
			<trkpt lat="45.88584" lon="3.58224">
				<ele>616.83</ele>
				<time>2026-05-20T19:27:01.045Z</time>
			</trkpt>
			<trkpt lat="45.88574" lon="3.58183">
				<ele>617.84</ele>
				<time>2026-05-20T19:27:02.366Z</time>
			</trkpt>
			<trkpt lat="45.88562" lon="3.58143">
				<ele>619.07</ele>
				<time>2026-05-20T19:27:03.691Z</time>
			</trkpt>
			<trkpt lat="45.88549" lon="3.58107">
				<ele>621.84</ele>
				<time>2026-05-20T19:27:04.925Z</time>
			</trkpt>
			<trkpt lat="45.88532" lon="3.5807">
				<ele>625.2</ele>
				<time>2026-05-20T19:27:06.273Z</time>
			</trkpt>
			<trkpt lat="45.88496" lon="3.58004">
				<ele>628.73</ele>
				<time>2026-05-20T19:27:08.824Z</time>
			</trkpt>
			<trkpt lat="45.88436" lon="3.5791">
				<ele>634.43</ele>
				<time>2026-05-20T19:27:12.705Z</time>
			</trkpt>
			<trkpt lat="45.88404" lon="3.57857">
				<ele>635.49</ele>
				<time>2026-05-20T19:27:14.839Z</time>
			</trkpt>
			<trkpt lat="45.88381" lon="3.57815">
				<ele>635.87</ele>
				<time>2026-05-20T19:27:16.466Z</time>
			</trkpt>
			<trkpt lat="45.88356" lon="3.57761">
				<ele>639.39</ele>
				<time>2026-05-20T19:27:18.439Z</time>
			</trkpt>
			<trkpt lat="45.88336" lon="3.57706">
				<ele>645.41</ele>
				<time>2026-05-20T19:27:20.328Z</time>
			</trkpt>
			<trkpt lat="45.88319" lon="3.5765">
				<ele>648.45</ele>
				<time>2026-05-20T19:27:22.187Z</time>
			</trkpt>
			<trkpt lat="45.88256" lon="3.57358">
				<ele>639.24</ele>
				<time>2026-05-20T19:27:31.492Z</time>
			</trkpt>
			<trkpt lat="45.88228" lon="3.57257">
				<ele>637.78</ele>
				<time>2026-05-20T19:27:34.802Z</time>
			</trkpt>
			<trkpt lat="45.88216" lon="3.57221">
				<ele>638.02</ele>
				<time>2026-05-20T19:27:36.017Z</time>
			</trkpt>
			<trkpt lat="45.88187" lon="3.57146">
				<ele>637</ele>
				<time>2026-05-20T19:27:38.630Z</time>
			</trkpt>
			<trkpt lat="45.88155" lon="3.57076">
				<ele>637.23</ele>
				<time>2026-05-20T19:27:41.180Z</time>
			</trkpt>
			<trkpt lat="45.88116" lon="3.57005">
				<ele>637.4</ele>
				<time>2026-05-20T19:27:43.934Z</time>
			</trkpt>
			<trkpt lat="45.88074" lon="3.56939">
				<ele>635.78</ele>
				<time>2026-05-20T19:27:46.657Z</time>
			</trkpt>
			<trkpt lat="45.88022" lon="3.56874">
				<ele>633.95</ele>
				<time>2026-05-20T19:27:49.673Z</time>
			</trkpt>
			<trkpt lat="45.87976" lon="3.56825">
				<ele>629.19</ele>
				<time>2026-05-20T19:27:52.179Z</time>
			</trkpt>
			<trkpt lat="45.87918" lon="3.56773">
				<ele>629.22</ele>
				<time>2026-05-20T19:27:55.171Z</time>
			</trkpt>
			<trkpt lat="45.87895" lon="3.56755">
				<ele>629.63</ele>
				<time>2026-05-20T19:27:56.317Z</time>
			</trkpt>
			<trkpt lat="45.87829" lon="3.56713">
				<ele>629.86</ele>
				<time>2026-05-20T19:27:59.476Z</time>
			</trkpt>
			<trkpt lat="45.87774" lon="3.56683">
				<ele>626.01</ele>
				<time>2026-05-20T19:28:02.051Z</time>
			</trkpt>
			<trkpt lat="45.87631" lon="3.56619">
				<ele>630.32</ele>
				<time>2026-05-20T19:28:08.607Z</time>
			</trkpt>
			<trkpt lat="45.87596" lon="3.56602">
				<ele>632.92</ele>
				<time>2026-05-20T19:28:10.225Z</time>
			</trkpt>
			<trkpt lat="45.87573" lon="3.56589">
				<ele>633.52</ele>
				<time>2026-05-20T19:28:11.307Z</time>
			</trkpt>
			<trkpt lat="45.87528" lon="3.56558">
				<ele>631.11</ele>
				<time>2026-05-20T19:28:13.492Z</time>
			</trkpt>
			<trkpt lat="45.87485" lon="3.56519">
				<ele>625.01</ele>
				<time>2026-05-20T19:28:15.718Z</time>
			</trkpt>
			<trkpt lat="45.87449" lon="3.56478">
				<ele>620.39</ele>
				<time>2026-05-20T19:28:17.730Z</time>
			</trkpt>
			<trkpt lat="45.8741" lon="3.56425">
				<ele>616.87</ele>
				<time>2026-05-20T19:28:20.081Z</time>
			</trkpt>
			<trkpt lat="45.87358" lon="3.56344">
				<ele>605.11</ele>
				<time>2026-05-20T19:28:23.440Z</time>
			</trkpt>
			<trkpt lat="45.87315" lon="3.56283">
				<ele>605.48</ele>
				<time>2026-05-20T19:28:26.087Z</time>
			</trkpt>
			<trkpt lat="45.8728" lon="3.56238">
				<ele>609.34</ele>
				<time>2026-05-20T19:28:28.145Z</time>
			</trkpt>
			<trkpt lat="45.87245" lon="3.56202">
				<ele>609.59</ele>
				<time>2026-05-20T19:28:30.030Z</time>
			</trkpt>
			<trkpt lat="45.87206" lon="3.56169">
				<ele>602.83</ele>
				<time>2026-05-20T19:28:32.013Z</time>
			</trkpt>
			<trkpt lat="45.8718" lon="3.56151">
				<ele>597.93</ele>
				<time>2026-05-20T19:28:33.277Z</time>
			</trkpt>
			<trkpt lat="45.87127" lon="3.56122">
				<ele>589.42</ele>
				<time>2026-05-20T19:28:35.762Z</time>
			</trkpt>
			<trkpt lat="45.86973" lon="3.56061">
				<ele>583.84</ele>
				<time>2026-05-20T19:28:42.761Z</time>
			</trkpt>
			<trkpt lat="45.86896" lon="3.56022">
				<ele>581.06</ele>
				<time>2026-05-20T19:28:46.339Z</time>
			</trkpt>
			<trkpt lat="45.8685" lon="3.55993">
				<ele>576.5</ele>
				<time>2026-05-20T19:28:48.541Z</time>
			</trkpt>
			<trkpt lat="45.86804" lon="3.55957">
				<ele>571.42</ele>
				<time>2026-05-20T19:28:50.837Z</time>
			</trkpt>
			<trkpt lat="45.86743" lon="3.55898">
				<ele>571.81</ele>
				<time>2026-05-20T19:28:54.060Z</time>
			</trkpt>
			<trkpt lat="45.86708" lon="3.55859">
				<ele>571.09</ele>
				<time>2026-05-20T19:28:56.002Z</time>
			</trkpt>
			<trkpt lat="45.86668" lon="3.55805">
				<ele>572.06</ele>
				<time>2026-05-20T19:28:58.408Z</time>
			</trkpt>
			<trkpt lat="45.86629" lon="3.55745">
				<ele>571.44</ele>
				<time>2026-05-20T19:29:00.914Z</time>
			</trkpt>
			<trkpt lat="45.86599" lon="3.55689">
				<ele>569.46</ele>
				<time>2026-05-20T19:29:03.071Z</time>
			</trkpt>
			<trkpt lat="45.86561" lon="3.55606">
				<ele>565.98</ele>
				<time>2026-05-20T19:29:06.104Z</time>
			</trkpt>
			<trkpt lat="45.86525" lon="3.55502">
				<ele>558.24</ele>
				<time>2026-05-20T19:29:09.650Z</time>
			</trkpt>
			<trkpt lat="45.86503" lon="3.55417">
				<ele>553.99</ele>
				<time>2026-05-20T19:29:12.419Z</time>
			</trkpt>
			<trkpt lat="45.86489" lon="3.55344">
				<ele>553.28</ele>
				<time>2026-05-20T19:29:14.732Z</time>
			</trkpt>
			<trkpt lat="45.8648" lon="3.55278">
				<ele>556.57</ele>
				<time>2026-05-20T19:29:16.786Z</time>
			</trkpt>
			<trkpt lat="45.86474" lon="3.55208">
				<ele>555.57</ele>
				<time>2026-05-20T19:29:18.940Z</time>
			</trkpt>
			<trkpt lat="45.86471" lon="3.55122">
				<ele>550.54</ele>
				<time>2026-05-20T19:29:21.570Z</time>
			</trkpt>
			<trkpt lat="45.86474" lon="3.55035">
				<ele>547</ele>
				<time>2026-05-20T19:29:24.231Z</time>
			</trkpt>
			<trkpt lat="45.86482" lon="3.54943">
				<ele>542.41</ele>
				<time>2026-05-20T19:29:27.064Z</time>
			</trkpt>
			<trkpt lat="45.86495" lon="3.54863">
				<ele>535.24</ele>
				<time>2026-05-20T19:29:29.574Z</time>
			</trkpt>
			<trkpt lat="45.86511" lon="3.5479">
				<ele>532.09</ele>
				<time>2026-05-20T19:29:31.912Z</time>
			</trkpt>
			<trkpt lat="45.8652" lon="3.54757">
				<ele>531.64</ele>
				<time>2026-05-20T19:29:32.995Z</time>
			</trkpt>
			<trkpt lat="45.86556" lon="3.5464">
				<ele>521.53</ele>
				<time>2026-05-20T19:29:36.904Z</time>
			</trkpt>
			<trkpt lat="45.8659" lon="3.5455">
				<ele>514.93</ele>
				<time>2026-05-20T19:29:40.033Z</time>
			</trkpt>
			<trkpt lat="45.86687" lon="3.54307">
				<ele>495.25</ele>
				<time>2026-05-20T19:29:48.595Z</time>
			</trkpt>
			<trkpt lat="45.86729" lon="3.54186">
				<ele>488.59</ele>
				<time>2026-05-20T19:29:52.728Z</time>
			</trkpt>
			<trkpt lat="45.86742" lon="3.54143">
				<ele>486.02</ele>
				<time>2026-05-20T19:29:54.162Z</time>
			</trkpt>
			<trkpt lat="45.86763" lon="3.54051">
				<ele>482.34</ele>
				<time>2026-05-20T19:29:57.122Z</time>
			</trkpt>
			<trkpt lat="45.86778" lon="3.53956">
				<ele>477.86</ele>
				<time>2026-05-20T19:30:00.101Z</time>
			</trkpt>
			<trkpt lat="45.86783" lon="3.53907">
				<ele>478.28</ele>
				<time>2026-05-20T19:30:01.615Z</time>
			</trkpt>
			<trkpt lat="45.86786" lon="3.53844">
				<ele>480.74</ele>
				<time>2026-05-20T19:30:03.547Z</time>
			</trkpt>
			<trkpt lat="45.86786" lon="3.53768">
				<ele>480.58</ele>
				<time>2026-05-20T19:30:05.871Z</time>
			</trkpt>
			<trkpt lat="45.86781" lon="3.53688">
				<ele>478.32</ele>
				<time>2026-05-20T19:30:08.328Z</time>
			</trkpt>
			<trkpt lat="45.86774" lon="3.53623">
				<ele>473.15</ele>
				<time>2026-05-20T19:30:10.340Z</time>
			</trkpt>
			<trkpt lat="45.86762" lon="3.53556">
				<ele>469.95</ele>
				<time>2026-05-20T19:30:12.456Z</time>
			</trkpt>
			<trkpt lat="45.86746" lon="3.53489">
				<ele>464.45</ele>
				<time>2026-05-20T19:30:14.623Z</time>
			</trkpt>
			<trkpt lat="45.86725" lon="3.53417">
				<ele>453.5</ele>
				<time>2026-05-20T19:30:17.012Z</time>
			</trkpt>
			<trkpt lat="45.86696" lon="3.53343">
				<ele>445.36</ele>
				<time>2026-05-20T19:30:19.610Z</time>
			</trkpt>
			<trkpt lat="45.86658" lon="3.53262">
				<ele>438.76</ele>
				<time>2026-05-20T19:30:22.599Z</time>
			</trkpt>
			<trkpt lat="45.86601" lon="3.53164">
				<ele>430.34</ele>
				<time>2026-05-20T19:30:26.507Z</time>
			</trkpt>
			<trkpt lat="45.86446" lon="3.52929">
				<ele>419.95</ele>
				<time>2026-05-20T19:30:36.416Z</time>
			</trkpt>
			<trkpt lat="45.86396" lon="3.52848">
				<ele>413.79</ele>
				<time>2026-05-20T19:30:39.730Z</time>
			</trkpt>
			<trkpt lat="45.86344" lon="3.52756">
				<ele>409.95</ele>
				<time>2026-05-20T19:30:43.358Z</time>
			</trkpt>
			<trkpt lat="45.86319" lon="3.5271">
				<ele>409.11</ele>
				<time>2026-05-20T19:30:45.145Z</time>
			</trkpt>
			<trkpt lat="45.86284" lon="3.52636">
				<ele>407.47</ele>
				<time>2026-05-20T19:30:47.885Z</time>
			</trkpt>
			<trkpt lat="45.8624" lon="3.52534">
				<ele>399.45</ele>
				<time>2026-05-20T19:30:51.561Z</time>
			</trkpt>
			<trkpt lat="45.86202" lon="3.52432">
				<ele>389.37</ele>
				<time>2026-05-20T19:30:55.104Z</time>
			</trkpt>
			<trkpt lat="45.86184" lon="3.52377">
				<ele>386.57</ele>
				<time>2026-05-20T19:30:56.966Z</time>
			</trkpt>
			<trkpt lat="45.86148" lon="3.52255">
				<ele>383</ele>
				<time>2026-05-20T19:31:01.026Z</time>
			</trkpt>
			<trkpt lat="45.86126" lon="3.52165">
				<ele>383.54</ele>
				<time>2026-05-20T19:31:03.949Z</time>
			</trkpt>
			<trkpt lat="45.86114" lon="3.52104">
				<ele>380.6</ele>
				<time>2026-05-20T19:31:05.892Z</time>
			</trkpt>
			<trkpt lat="45.86098" lon="3.52015">
				<ele>373.91</ele>
				<time>2026-05-20T19:31:08.709Z</time>
			</trkpt>
			<trkpt lat="45.8608" lon="3.51884">
				<ele>369.84</ele>
				<time>2026-05-20T19:31:12.802Z</time>
			</trkpt>
			<trkpt lat="45.86069" lon="3.51758">
				<ele>367.84</ele>
				<time>2026-05-20T19:31:16.695Z</time>
			</trkpt>
			<trkpt lat="45.86064" lon="3.51668">
				<ele>368.06</ele>
				<time>2026-05-20T19:31:19.464Z</time>
			</trkpt>
			<trkpt lat="45.86063" lon="3.51608">
				<ele>367.09</ele>
				<time>2026-05-20T19:31:21.304Z</time>
			</trkpt>
			<trkpt lat="45.86064" lon="3.515">
				<ele>358.74</ele>
				<time>2026-05-20T19:31:24.616Z</time>
			</trkpt>
			<trkpt lat="45.86071" lon="3.51365">
				<ele>346.33</ele>
				<time>2026-05-20T19:31:28.768Z</time>
			</trkpt>
			<trkpt lat="45.86085" lon="3.51221">
				<ele>339.58</ele>
				<time>2026-05-20T19:31:33.228Z</time>
			</trkpt>
			<trkpt lat="45.86135" lon="3.50825">
				<ele>331.77</ele>
				<time>2026-05-20T19:31:45.576Z</time>
			</trkpt>
			<trkpt lat="45.86154" lon="3.50637">
				<ele>317.98</ele>
				<time>2026-05-20T19:31:51.406Z</time>
			</trkpt>
			<trkpt lat="45.8616" lon="3.50546">
				<ele>311.34</ele>
				<time>2026-05-20T19:31:54.212Z</time>
			</trkpt>
			<trkpt lat="45.86162" lon="3.50428">
				<ele>307.34</ele>
				<time>2026-05-20T19:31:57.836Z</time>
			</trkpt>
			<trkpt lat="45.86162" lon="3.50373">
				<ele>304.54</ele>
				<time>2026-05-20T19:31:59.524Z</time>
			</trkpt>
			<trkpt lat="45.86156" lon="3.50237">
				<ele>301.17</ele>
				<time>2026-05-20T19:32:03.709Z</time>
			</trkpt>
			<trkpt lat="45.86149" lon="3.50144">
				<ele>301.53</ele>
				<time>2026-05-20T19:32:06.581Z</time>
			</trkpt>
			<trkpt lat="45.8614" lon="3.50066">
				<ele>302.02</ele>
				<time>2026-05-20T19:32:09.009Z</time>
			</trkpt>
			<trkpt lat="45.86124" lon="3.49956">
				<ele>301.26</ele>
				<time>2026-05-20T19:32:12.461Z</time>
			</trkpt>
			<trkpt lat="45.86091" lon="3.49796">
				<ele>299.6</ele>
				<time>2026-05-20T19:32:17.587Z</time>
			</trkpt>
			<trkpt lat="45.86055" lon="3.49654">
				<ele>298.57</ele>
				<time>2026-05-20T19:32:22.230Z</time>
			</trkpt>
			<trkpt lat="45.86029" lon="3.49563">
				<ele>299.36</ele>
				<time>2026-05-20T19:32:25.253Z</time>
			</trkpt>
			<trkpt lat="45.85816" lon="3.4885">
				<ele>288.99</ele>
				<time>2026-05-20T19:32:49.105Z</time>
			</trkpt>
			<trkpt lat="45.85669" lon="3.48348">
				<ele>289.52</ele>
				<time>2026-05-20T19:33:05.859Z</time>
			</trkpt>
			<trkpt lat="45.85631" lon="3.48207">
				<ele>291.77</ele>
				<time>2026-05-20T19:33:10.513Z</time>
			</trkpt>
			<trkpt lat="45.85603" lon="3.48093">
				<ele>292.44</ele>
				<time>2026-05-20T19:33:14.234Z</time>
			</trkpt>
			<trkpt lat="45.85568" lon="3.47942">
				<ele>298.44</ele>
				<time>2026-05-20T19:33:19.134Z</time>
			</trkpt>
			<trkpt lat="45.85542" lon="3.47808">
				<ele>301.45</ele>
				<time>2026-05-20T19:33:23.417Z</time>
			</trkpt>
			<trkpt lat="45.85526" lon="3.47714">
				<ele>303</ele>
				<time>2026-05-20T19:33:26.398Z</time>
			</trkpt>
			<trkpt lat="45.8551" lon="3.47609">
				<ele>304.85</ele>
				<time>2026-05-20T19:33:29.708Z</time>
			</trkpt>
			<trkpt lat="45.85495" lon="3.47475">
				<ele>310.09</ele>
				<time>2026-05-20T19:33:33.889Z</time>
			</trkpt>
			<trkpt lat="45.85486" lon="3.47358">
				<ele>310.03</ele>
				<time>2026-05-20T19:33:37.516Z</time>
			</trkpt>
			<trkpt lat="45.8548" lon="3.47196">
				<ele>311.17</ele>
				<time>2026-05-20T19:33:42.515Z</time>
			</trkpt>
			<trkpt lat="45.85479" lon="3.47068">
				<ele>315.53</ele>
				<time>2026-05-20T19:33:46.460Z</time>
			</trkpt>
			<trkpt lat="45.85487" lon="3.46648">
				<ele>320.81</ele>
				<time>2026-05-20T19:33:59.414Z</time>
			</trkpt>
			<trkpt lat="45.85485" lon="3.46516">
				<ele>323.91</ele>
				<time>2026-05-20T19:34:03.486Z</time>
			</trkpt>
			<trkpt lat="45.85483" lon="3.46447">
				<ele>323.51</ele>
				<time>2026-05-20T19:34:05.616Z</time>
			</trkpt>
			<trkpt lat="45.8547" lon="3.46272">
				<ele>316.82</ele>
				<time>2026-05-20T19:34:11.045Z</time>
			</trkpt>
			<trkpt lat="45.85457" lon="3.46159">
				<ele>314.74</ele>
				<time>2026-05-20T19:34:14.578Z</time>
			</trkpt>
			<trkpt lat="45.8544" lon="3.46042">
				<ele>317.64</ele>
				<time>2026-05-20T19:34:18.266Z</time>
			</trkpt>
			<trkpt lat="45.85417" lon="3.45915">
				<ele>319.18</ele>
				<time>2026-05-20T19:34:22.316Z</time>
			</trkpt>
			<trkpt lat="45.85401" lon="3.45835">
				<ele>319.87</ele>
				<time>2026-05-20T19:34:24.885Z</time>
			</trkpt>
			<trkpt lat="45.85367" lon="3.45702">
				<ele>322.13</ele>
				<time>2026-05-20T19:34:29.259Z</time>
			</trkpt>
			<trkpt lat="45.8534" lon="3.45606">
				<ele>326.88</ele>
				<time>2026-05-20T19:34:32.455Z</time>
			</trkpt>
			<trkpt lat="45.85308" lon="3.45507">
				<ele>333.85</ele>
				<time>2026-05-20T19:34:35.825Z</time>
			</trkpt>
			<trkpt lat="45.85257" lon="3.45364">
				<ele>329.64</ele>
				<time>2026-05-20T19:34:40.787Z</time>
			</trkpt>
			<trkpt lat="45.85123" lon="3.45019">
				<ele>332.47</ele>
				<time>2026-05-20T19:34:52.991Z</time>
			</trkpt>
			<trkpt lat="45.85079" lon="3.44894">
				<ele>329.1</ele>
				<time>2026-05-20T19:34:57.319Z</time>
			</trkpt>
			<trkpt lat="45.85044" lon="3.44781">
				<ele>329</ele>
				<time>2026-05-20T19:35:01.142Z</time>
			</trkpt>
			<trkpt lat="45.85028" lon="3.4472">
				<ele>328</ele>
				<time>2026-05-20T19:35:03.157Z</time>
			</trkpt>
			<trkpt lat="45.84996" lon="3.4459">
				<ele>335.12</ele>
				<time>2026-05-20T19:35:07.420Z</time>
			</trkpt>
			<trkpt lat="45.8497" lon="3.44463">
				<ele>328.72</ele>
				<time>2026-05-20T19:35:11.513Z</time>
			</trkpt>
			<trkpt lat="45.84947" lon="3.44326">
				<ele>333.77</ele>
				<time>2026-05-20T19:35:15.871Z</time>
			</trkpt>
			<trkpt lat="45.84938" lon="3.44257">
				<ele>336.25</ele>
				<time>2026-05-20T19:35:18.043Z</time>
			</trkpt>
			<trkpt lat="45.84923" lon="3.4411">
				<ele>339.23</ele>
				<time>2026-05-20T19:35:22.639Z</time>
			</trkpt>
			<trkpt lat="45.84914" lon="3.43961">
				<ele>339.09</ele>
				<time>2026-05-20T19:35:27.267Z</time>
			</trkpt>
			<trkpt lat="45.84911" lon="3.43833">
				<ele>339.8</ele>
				<time>2026-05-20T19:35:31.230Z</time>
			</trkpt>
			<trkpt lat="45.84911" lon="3.43767">
				<ele>339.79</ele>
				<time>2026-05-20T19:35:33.273Z</time>
			</trkpt>
			<trkpt lat="45.84914" lon="3.43642">
				<ele>346.59</ele>
				<time>2026-05-20T19:35:37.144Z</time>
			</trkpt>
			<trkpt lat="45.84922" lon="3.43479">
				<ele>348.25</ele>
				<time>2026-05-20T19:35:42.203Z</time>
			</trkpt>
			<trkpt lat="45.84929" lon="3.43369">
				<ele>350</ele>
				<time>2026-05-20T19:35:45.624Z</time>
			</trkpt>
			<trkpt lat="45.85129" lon="3.40911">
				<ele>387.38</ele>
				<time>2026-05-20T19:37:02.376Z</time>
			</trkpt>
			<trkpt lat="45.85219" lon="3.39788">
				<ele>393.85</ele>
				<time>2026-05-20T19:37:37.515Z</time>
			</trkpt>
			<trkpt lat="45.85234" lon="3.39548">
				<ele>392</ele>
				<time>2026-05-20T19:37:45.012Z</time>
			</trkpt>
			<trkpt lat="45.85242" lon="3.39358">
				<ele>394.21</ele>
				<time>2026-05-20T19:37:50.936Z</time>
			</trkpt>
			<trkpt lat="45.85245" lon="3.39198">
				<ele>395.77</ele>
				<time>2026-05-20T19:37:55.919Z</time>
			</trkpt>
			<trkpt lat="45.85246" lon="3.391">
				<ele>397.92</ele>
				<time>2026-05-20T19:37:58.970Z</time>
			</trkpt>
			<trkpt lat="45.85244" lon="3.3894">
				<ele>394.56</ele>
				<time>2026-05-20T19:38:03.954Z</time>
			</trkpt>
			<trkpt lat="45.85241" lon="3.38849">
				<ele>391.05</ele>
				<time>2026-05-20T19:38:06.791Z</time>
			</trkpt>
			<trkpt lat="45.85231" lon="3.38669">
				<ele>382.51</ele>
				<time>2026-05-20T19:38:12.416Z</time>
			</trkpt>
			<trkpt lat="45.85224" lon="3.38583">
				<ele>381.92</ele>
				<time>2026-05-20T19:38:15.114Z</time>
			</trkpt>
			<trkpt lat="45.8521" lon="3.38451">
				<ele>384.89</ele>
				<time>2026-05-20T19:38:19.275Z</time>
			</trkpt>
			<trkpt lat="45.85192" lon="3.38309">
				<ele>385.93</ele>
				<time>2026-05-20T19:38:23.773Z</time>
			</trkpt>
			<trkpt lat="45.85179" lon="3.38221">
				<ele>386.36</ele>
				<time>2026-05-20T19:38:26.577Z</time>
			</trkpt>
			<trkpt lat="45.85148" lon="3.38043">
				<ele>384.54</ele>
				<time>2026-05-20T19:38:32.298Z</time>
			</trkpt>
			<trkpt lat="45.85117" lon="3.37893">
				<ele>380.26</ele>
				<time>2026-05-20T19:38:37.178Z</time>
			</trkpt>
			<trkpt lat="45.85091" lon="3.37781">
				<ele>377.65</ele>
				<time>2026-05-20T19:38:40.860Z</time>
			</trkpt>
			<trkpt lat="45.85064" lon="3.37677">
				<ele>374.91</ele>
				<time>2026-05-20T19:38:44.323Z</time>
			</trkpt>
			<trkpt lat="45.85022" lon="3.37531">
				<ele>375.45</ele>
				<time>2026-05-20T19:38:49.251Z</time>
			</trkpt>
			<trkpt lat="45.84984" lon="3.37412">
				<ele>373.79</ele>
				<time>2026-05-20T19:38:53.337Z</time>
			</trkpt>
			<trkpt lat="45.84954" lon="3.37323">
				<ele>372.07</ele>
				<time>2026-05-20T19:38:56.423Z</time>
			</trkpt>
			<trkpt lat="45.84907" lon="3.37191">
				<ele>373.72</ele>
				<time>2026-05-20T19:39:01.052Z</time>
			</trkpt>
			<trkpt lat="45.84811" lon="3.36931">
				<ele>370.31</ele>
				<time>2026-05-20T19:39:10.242Z</time>
			</trkpt>
			<trkpt lat="45.8475" lon="3.36758">
				<ele>369.71</ele>
				<time>2026-05-20T19:39:16.300Z</time>
			</trkpt>
			<trkpt lat="45.84704" lon="3.36615">
				<ele>371.26</ele>
				<time>2026-05-20T19:39:21.222Z</time>
			</trkpt>
			<trkpt lat="45.84651" lon="3.36426">
				<ele>368.66</ele>
				<time>2026-05-20T19:39:27.590Z</time>
			</trkpt>
			<trkpt lat="45.8463" lon="3.36342">
				<ele>368.95</ele>
				<time>2026-05-20T19:39:30.381Z</time>
			</trkpt>
			<trkpt lat="45.84597" lon="3.36199">
				<ele>368.9</ele>
				<time>2026-05-20T19:39:35.091Z</time>
			</trkpt>
			<trkpt lat="45.8458" lon="3.3612">
				<ele>370.67</ele>
				<time>2026-05-20T19:39:37.677Z</time>
			</trkpt>
			<trkpt lat="45.84554" lon="3.35977">
				<ele>368.34</ele>
				<time>2026-05-20T19:39:42.300Z</time>
			</trkpt>
			<trkpt lat="45.84542" lon="3.35901">
				<ele>368.17</ele>
				<time>2026-05-20T19:39:44.738Z</time>
			</trkpt>
			<trkpt lat="45.84519" lon="3.35736">
				<ele>366.7</ele>
				<time>2026-05-20T19:39:50.004Z</time>
			</trkpt>
			<trkpt lat="45.845" lon="3.35558">
				<ele>365.01</ele>
				<time>2026-05-20T19:39:55.640Z</time>
			</trkpt>
			<trkpt lat="45.84461" lon="3.35109">
				<ele>362</ele>
				<time>2026-05-20T19:40:09.809Z</time>
			</trkpt>
			<trkpt lat="45.84452" lon="3.35022">
				<ele>361.05</ele>
				<time>2026-05-20T19:40:12.564Z</time>
			</trkpt>
			<trkpt lat="45.84436" lon="3.349">
				<ele>360.29</ele>
				<time>2026-05-20T19:40:16.454Z</time>
			</trkpt>
			<trkpt lat="45.84417" lon="3.34784">
				<ele>358.26</ele>
				<time>2026-05-20T19:40:20.188Z</time>
			</trkpt>
			<trkpt lat="45.84387" lon="3.34631">
				<ele>356.45</ele>
				<time>2026-05-20T19:40:25.170Z</time>
			</trkpt>
			<trkpt lat="45.84355" lon="3.34499">
				<ele>349.57</ele>
				<time>2026-05-20T19:40:29.551Z</time>
			</trkpt>
			<trkpt lat="45.84324" lon="3.34388">
				<ele>348.32</ele>
				<time>2026-05-20T19:40:33.301Z</time>
			</trkpt>
			<trkpt lat="45.84177" lon="3.33905">
				<ele>349.24</ele>
				<time>2026-05-20T19:40:49.837Z</time>
			</trkpt>
			<trkpt lat="45.84129" lon="3.33728">
				<ele>344.57</ele>
				<time>2026-05-20T19:40:55.798Z</time>
			</trkpt>
			<trkpt lat="45.84101" lon="3.33605">
				<ele>341.39</ele>
				<time>2026-05-20T19:40:59.861Z</time>
			</trkpt>
			<trkpt lat="45.84064" lon="3.33407">
				<ele>332.89</ele>
				<time>2026-05-20T19:41:06.299Z</time>
			</trkpt>
			<trkpt lat="45.84042" lon="3.33256">
				<ele>328.34</ele>
				<time>2026-05-20T19:41:11.145Z</time>
			</trkpt>
			<trkpt lat="45.8403" lon="3.33143">
				<ele>324.86</ele>
				<time>2026-05-20T19:41:14.737Z</time>
			</trkpt>
			<trkpt lat="45.84019" lon="3.33033">
				<ele>324.48</ele>
				<time>2026-05-20T19:41:18.229Z</time>
			</trkpt>
			<trkpt lat="45.84011" lon="3.32904">
				<ele>319.87</ele>
				<time>2026-05-20T19:41:22.299Z</time>
			</trkpt>
			<trkpt lat="45.84006" lon="3.32778">
				<ele>317.99</ele>
				<time>2026-05-20T19:41:26.267Z</time>
			</trkpt>
			<trkpt lat="45.84005" lon="3.3265">
				<ele>313</ele>
				<time>2026-05-20T19:41:30.292Z</time>
			</trkpt>
			<trkpt lat="45.84006" lon="3.3257">
				<ele>316.36</ele>
				<time>2026-05-20T19:41:32.808Z</time>
			</trkpt>
			<trkpt lat="45.84015" lon="3.32178">
				<ele>326.14</ele>
				<time>2026-05-20T19:41:45.147Z</time>
			</trkpt>
			<trkpt lat="45.84017" lon="3.32053">
				<ele>326.69</ele>
				<time>2026-05-20T19:41:49.081Z</time>
			</trkpt>
			<trkpt lat="45.84016" lon="3.31887">
				<ele>326.97</ele>
				<time>2026-05-20T19:41:54.307Z</time>
			</trkpt>
			<trkpt lat="45.84011" lon="3.31764">
				<ele>323.2</ele>
				<time>2026-05-20T19:41:58.186Z</time>
			</trkpt>
			<trkpt lat="45.84003" lon="3.31644">
				<ele>324.97</ele>
				<time>2026-05-20T19:42:01.983Z</time>
			</trkpt>
			<trkpt lat="45.83993" lon="3.31532">
				<ele>321.26</ele>
				<time>2026-05-20T19:42:05.539Z</time>
			</trkpt>
			<trkpt lat="45.83978" lon="3.31407">
				<ele>316.64</ele>
				<time>2026-05-20T19:42:09.535Z</time>
			</trkpt>
			<trkpt lat="45.83959" lon="3.31275">
				<ele>314.26</ele>
				<time>2026-05-20T19:42:13.782Z</time>
			</trkpt>
			<trkpt lat="45.83939" lon="3.31159">
				<ele>310.69</ele>
				<time>2026-05-20T19:42:17.548Z</time>
			</trkpt>
			<trkpt lat="45.83908" lon="3.31008">
				<ele>303.67</ele>
				<time>2026-05-20T19:42:22.510Z</time>
			</trkpt>
			<trkpt lat="45.8388" lon="3.30892">
				<ele>303.11</ele>
				<time>2026-05-20T19:42:26.381Z</time>
			</trkpt>
			<trkpt lat="45.83833" lon="3.30723">
				<ele>301.04</ele>
				<time>2026-05-20T19:42:32.120Z</time>
			</trkpt>
			<trkpt lat="45.83797" lon="3.30608">
				<ele>302.02</ele>
				<time>2026-05-20T19:42:36.097Z</time>
			</trkpt>
			<trkpt lat="45.83742" lon="3.30446">
				<ele>298.42</ele>
				<time>2026-05-20T19:42:41.783Z</time>
			</trkpt>
			<trkpt lat="45.83664" lon="3.30234">
				<ele>299.39</ele>
				<time>2026-05-20T19:42:49.350Z</time>
			</trkpt>
			<trkpt lat="45.83341" lon="3.29383">
				<ele>303.14</ele>
				<time>2026-05-20T19:43:19.968Z</time>
			</trkpt>
			<trkpt lat="45.83299" lon="3.29264">
				<ele>304</ele>
				<time>2026-05-20T19:43:24.187Z</time>
			</trkpt>
			<trkpt lat="45.83242" lon="3.29092">
				<ele>298.05</ele>
				<time>2026-05-20T19:43:30.212Z</time>
			</trkpt>
			<trkpt lat="45.83206" lon="3.28979">
				<ele>296.77</ele>
				<time>2026-05-20T19:43:34.143Z</time>
			</trkpt>
			<trkpt lat="45.83153" lon="3.28791">
				<ele>298.23</ele>
				<time>2026-05-20T19:43:40.562Z</time>
			</trkpt>
			<trkpt lat="45.83113" lon="3.28639">
				<ele>301.02</ele>
				<time>2026-05-20T19:43:45.706Z</time>
			</trkpt>
			<trkpt lat="45.83064" lon="3.28428">
				<ele>300.61</ele>
				<time>2026-05-20T19:43:52.749Z</time>
			</trkpt>
			<trkpt lat="45.83023" lon="3.28221">
				<ele>299.01</ele>
				<time>2026-05-20T19:43:59.567Z</time>
			</trkpt>
			<trkpt lat="45.82994" lon="3.28056">
				<ele>301.42</ele>
				<time>2026-05-20T19:44:04.959Z</time>
			</trkpt>
			<trkpt lat="45.82976" lon="3.27934">
				<ele>298.68</ele>
				<time>2026-05-20T19:44:08.912Z</time>
			</trkpt>
			<trkpt lat="45.82957" lon="3.27787">
				<ele>301</ele>
				<time>2026-05-20T19:44:13.652Z</time>
			</trkpt>
			<trkpt lat="45.82938" lon="3.27629">
				<ele>299.06</ele>
				<time>2026-05-20T19:44:18.737Z</time>
			</trkpt>
			<trkpt lat="45.82919" lon="3.2741">
				<ele>301.2</ele>
				<time>2026-05-20T19:44:25.738Z</time>
			</trkpt>
			<trkpt lat="45.82907" lon="3.27204">
				<ele>301.32</ele>
				<time>2026-05-20T19:44:32.299Z</time>
			</trkpt>
			<trkpt lat="45.829" lon="3.26991">
				<ele>304.89</ele>
				<time>2026-05-20T19:44:39.068Z</time>
			</trkpt>
			<trkpt lat="45.82896" lon="3.26816">
				<ele>307.88</ele>
				<time>2026-05-20T19:44:44.628Z</time>
			</trkpt>
			<trkpt lat="45.82891" lon="3.26403">
				<ele>311.1</ele>
				<time>2026-05-20T19:44:57.752Z</time>
			</trkpt>
			<trkpt lat="45.82887" lon="3.26254">
				<ele>314.61</ele>
				<time>2026-05-20T19:45:02.492Z</time>
			</trkpt>
			<trkpt lat="45.82879" lon="3.26122">
				<ele>319.12</ele>
				<time>2026-05-20T19:45:06.704Z</time>
			</trkpt>
			<trkpt lat="45.82868" lon="3.25995">
				<ele>325.22</ele>
				<time>2026-05-20T19:45:10.774Z</time>
			</trkpt>
			<trkpt lat="45.82855" lon="3.25874">
				<ele>326.81</ele>
				<time>2026-05-20T19:45:14.668Z</time>
			</trkpt>
			<trkpt lat="45.82827" lon="3.25641">
				<ele>332.15</ele>
				<time>2026-05-20T19:45:22.191Z</time>
			</trkpt>
			<trkpt lat="45.82798" lon="3.25422">
				<ele>331.59</ele>
				<time>2026-05-20T19:45:29.287Z</time>
			</trkpt>
			<trkpt lat="45.82785" lon="3.25307">
				<ele>331.78</ele>
				<time>2026-05-20T19:45:32.996Z</time>
			</trkpt>
			<trkpt lat="45.82772" lon="3.25167">
				<ele>327.43</ele>
				<time>2026-05-20T19:45:37.494Z</time>
			</trkpt>
			<trkpt lat="45.82765" lon="3.25062">
				<ele>326.88</ele>
				<time>2026-05-20T19:45:40.854Z</time>
			</trkpt>
			<trkpt lat="45.82759" lon="3.24952">
				<ele>326.17</ele>
				<time>2026-05-20T19:45:44.369Z</time>
			</trkpt>
			<trkpt lat="45.82757" lon="3.24861">
				<ele>323.03</ele>
				<time>2026-05-20T19:45:47.270Z</time>
			</trkpt>
			<trkpt lat="45.82757" lon="3.24782">
				<ele>321</ele>
				<time>2026-05-20T19:45:49.788Z</time>
			</trkpt>
			<trkpt lat="45.82758" lon="3.24688">
				<ele>320.2</ele>
				<time>2026-05-20T19:45:52.785Z</time>
			</trkpt>
			<trkpt lat="45.82762" lon="3.2459">
				<ele>320.67</ele>
				<time>2026-05-20T19:45:55.914Z</time>
			</trkpt>
			<trkpt lat="45.8277" lon="3.24493">
				<ele>320.93</ele>
				<time>2026-05-20T19:45:59.028Z</time>
			</trkpt>
			<trkpt lat="45.82813" lon="3.24119">
				<ele>322</ele>
				<time>2026-05-20T19:46:11.119Z</time>
			</trkpt>
			<trkpt lat="45.82832" lon="3.23766">
				<ele>317.37</ele>
				<time>2026-05-20T19:46:22.420Z</time>
			</trkpt>
			<trkpt lat="45.82857" lon="3.23416">
				<ele>318.99</ele>
				<time>2026-05-20T19:46:33.656Z</time>
			</trkpt>
			<trkpt lat="45.82865" lon="3.23354">
				<ele>317.75</ele>
				<time>2026-05-20T19:46:35.671Z</time>
			</trkpt>
			<trkpt lat="45.82871" lon="3.23281">
				<ele>318</ele>
				<time>2026-05-20T19:46:38.020Z</time>
			</trkpt>
			<trkpt lat="45.82885" lon="3.23132">
				<ele>318.43</ele>
				<time>2026-05-20T19:46:42.824Z</time>
			</trkpt>
			<trkpt lat="45.82895" lon="3.23061">
				<ele>320.77</ele>
				<time>2026-05-20T19:46:45.140Z</time>
			</trkpt>
			<trkpt lat="45.82906" lon="3.23007">
				<ele>319.89</ele>
				<time>2026-05-20T19:46:46.938Z</time>
			</trkpt>
			<trkpt lat="45.82929" lon="3.22936">
				<ele>318.14</ele>
				<time>2026-05-20T19:46:49.441Z</time>
			</trkpt>
			<trkpt lat="45.82947" lon="3.2289">
				<ele>316.7</ele>
				<time>2026-05-20T19:46:51.127Z</time>
			</trkpt>
			<trkpt lat="45.82983" lon="3.2281">
				<ele>317.48</ele>
				<time>2026-05-20T19:46:54.171Z</time>
			</trkpt>
			<trkpt lat="45.8302" lon="3.22704">
				<ele>317.03</ele>
				<time>2026-05-20T19:46:57.960Z</time>
			</trkpt>
			<trkpt lat="45.83028" lon="3.22657">
				<ele>317.01</ele>
				<time>2026-05-20T19:46:59.506Z</time>
			</trkpt>
			<trkpt lat="45.83031" lon="3.22608">
				<ele>317.33</ele>
				<time>2026-05-20T19:47:01.078Z</time>
			</trkpt>
			<trkpt lat="45.83027" lon="3.22533">
				<ele>313.2</ele>
				<time>2026-05-20T19:47:03.482Z</time>
			</trkpt>
			<trkpt lat="45.83015" lon="3.22481">
				<ele>314.24</ele>
				<time>2026-05-20T19:47:05.233Z</time>
			</trkpt>
			<trkpt lat="45.83" lon="3.22432">
				<ele>318.8</ele>
				<time>2026-05-20T19:47:06.943Z</time>
			</trkpt>
			<trkpt lat="45.82978" lon="3.22387">
				<ele>319.73</ele>
				<time>2026-05-20T19:47:08.700Z</time>
			</trkpt>
			<trkpt lat="45.82945" lon="3.22345">
				<ele>319.91</ele>
				<time>2026-05-20T19:47:10.723Z</time>
			</trkpt>
			<trkpt lat="45.82911" lon="3.2231">
				<ele>320</ele>
				<time>2026-05-20T19:47:12.642Z</time>
			</trkpt>
			<trkpt lat="45.82876" lon="3.2229">
				<ele>320.29</ele>
				<time>2026-05-20T19:47:14.370Z</time>
			</trkpt>
			<trkpt lat="45.82853" lon="3.22281">
				<ele>320.14</ele>
				<time>2026-05-20T19:47:15.464Z</time>
			</trkpt>
			<trkpt lat="45.82824" lon="3.22274">
				<ele>319.96</ele>
				<time>2026-05-20T19:47:16.812Z</time>
			</trkpt>
			<trkpt lat="45.82784" lon="3.22273">
				<ele>320.63</ele>
				<time>2026-05-20T19:47:18.647Z</time>
			</trkpt>
			<trkpt lat="45.82745" lon="3.22283">
				<ele>319.85</ele>
				<time>2026-05-20T19:47:20.465Z</time>
			</trkpt>
			<trkpt lat="45.82718" lon="3.22296">
				<ele>318.89</ele>
				<time>2026-05-20T19:47:21.771Z</time>
			</trkpt>
			<trkpt lat="45.82648" lon="3.22345">
				<ele>318.84</ele>
				<time>2026-05-20T19:47:25.344Z</time>
			</trkpt>
			<trkpt lat="45.82585" lon="3.22394">
				<ele>316.33</ele>
				<time>2026-05-20T19:47:28.631Z</time>
			</trkpt>
			<trkpt lat="45.82542" lon="3.2242">
				<ele>318</ele>
				<time>2026-05-20T19:47:30.771Z</time>
			</trkpt>
			<trkpt lat="45.82498" lon="3.22438">
				<ele>318.77</ele>
				<time>2026-05-20T19:47:32.870Z</time>
			</trkpt>
			<trkpt lat="45.82472" lon="3.22444">
				<ele>318.99</ele>
				<time>2026-05-20T19:47:34.079Z</time>
			</trkpt>
			<trkpt lat="45.82419" lon="3.22449">
				<ele>317.04</ele>
				<time>2026-05-20T19:47:36.516Z</time>
			</trkpt>
			<trkpt lat="45.82344" lon="3.22448">
				<ele>319.18</ele>
				<time>2026-05-20T19:47:39.957Z</time>
			</trkpt>
			<trkpt lat="45.82227" lon="3.22435">
				<ele>316.3</ele>
				<time>2026-05-20T19:47:45.343Z</time>
			</trkpt>
			<trkpt lat="45.81916" lon="3.22389">
				<ele>318</ele>
				<time>2026-05-20T19:47:59.695Z</time>
			</trkpt>
			<trkpt lat="45.8181" lon="3.2237">
				<ele>316.98</ele>
				<time>2026-05-20T19:48:04.602Z</time>
			</trkpt>
			<trkpt lat="45.81606" lon="3.22324">
				<ele>320.44</ele>
				<time>2026-05-20T19:48:14.089Z</time>
			</trkpt>
			<trkpt lat="45.815" lon="3.22296">
				<ele>316.35</ele>
				<time>2026-05-20T19:48:19.043Z</time>
			</trkpt>
			<trkpt lat="45.81396" lon="3.22264">
				<ele>317.24</ele>
				<time>2026-05-20T19:48:23.934Z</time>
			</trkpt>
			<trkpt lat="45.81257" lon="3.22217">
				<ele>318</ele>
				<time>2026-05-20T19:48:30.502Z</time>
			</trkpt>
			<trkpt lat="45.81133" lon="3.22168">
				<ele>318.25</ele>
				<time>2026-05-20T19:48:36.421Z</time>
			</trkpt>
			<trkpt lat="45.81006" lon="3.22109">
				<ele>319.22</ele>
				<time>2026-05-20T19:48:42.566Z</time>
			</trkpt>
			<trkpt lat="45.80928" lon="3.22068">
				<ele>321.15</ele>
				<time>2026-05-20T19:48:46.392Z</time>
			</trkpt>
			<trkpt lat="45.80851" lon="3.22023">
				<ele>318.64</ele>
				<time>2026-05-20T19:48:50.223Z</time>
			</trkpt>
			<trkpt lat="45.80702" lon="3.21926">
				<ele>317.54</ele>
				<time>2026-05-20T19:48:57.766Z</time>
			</trkpt>
			<trkpt lat="45.80554" lon="3.21813">
				<ele>319.98</ele>
				<time>2026-05-20T19:49:05.500Z</time>
			</trkpt>
			<trkpt lat="45.80485" lon="3.21754">
				<ele>317.14</ele>
				<time>2026-05-20T19:49:09.207Z</time>
			</trkpt>
			<trkpt lat="45.80412" lon="3.21688">
				<ele>320.77</ele>
				<time>2026-05-20T19:49:13.192Z</time>
			</trkpt>
			<trkpt lat="45.80347" lon="3.21624">
				<ele>319</ele>
				<time>2026-05-20T19:49:16.834Z</time>
			</trkpt>
			<trkpt lat="45.80283" lon="3.21557">
				<ele>319.06</ele>
				<time>2026-05-20T19:49:20.495Z</time>
			</trkpt>
			<trkpt lat="45.80201" lon="3.21466">
				<ele>319.05</ele>
				<time>2026-05-20T19:49:25.289Z</time>
			</trkpt>
			<trkpt lat="45.80105" lon="3.21352">
				<ele>317.81</ele>
				<time>2026-05-20T19:49:31.055Z</time>
			</trkpt>
			<trkpt lat="45.79999" lon="3.21217">
				<ele>320.01</ele>
				<time>2026-05-20T19:49:37.619Z</time>
			</trkpt>
			<trkpt lat="45.79803" lon="3.20957">
				<ele>319.49</ele>
				<time>2026-05-20T19:49:49.995Z</time>
			</trkpt>
			<trkpt lat="45.79666" lon="3.20782">
				<ele>323</ele>
				<time>2026-05-20T19:49:58.512Z</time>
			</trkpt>
			<trkpt lat="45.79583" lon="3.20683">
				<ele>325.4</ele>
				<time>2026-05-20T19:50:03.529Z</time>
			</trkpt>
			<trkpt lat="45.79497" lon="3.2059">
				<ele>321.11</ele>
				<time>2026-05-20T19:50:08.538Z</time>
			</trkpt>
			<trkpt lat="45.79396" lon="3.20493">
				<ele>318.93</ele>
				<time>2026-05-20T19:50:14.196Z</time>
			</trkpt>
			<trkpt lat="45.79314" lon="3.20423">
				<ele>320.82</ele>
				<time>2026-05-20T19:50:18.641Z</time>
			</trkpt>
			<trkpt lat="45.79234" lon="3.20358">
				<ele>322</ele>
				<time>2026-05-20T19:50:22.928Z</time>
			</trkpt>
			<trkpt lat="45.78928" lon="3.20129">
				<ele>321.5</ele>
				<time>2026-05-20T19:50:39.045Z</time>
			</trkpt>
			<trkpt lat="45.78845" lon="3.20059">
				<ele>321.6</ele>
				<time>2026-05-20T19:50:43.550Z</time>
			</trkpt>
			<trkpt lat="45.78805" lon="3.20019">
				<ele>322.4</ele>
				<time>2026-05-20T19:50:45.833Z</time>
			</trkpt>
			<trkpt lat="45.78731" lon="3.19939">
				<ele>322.47</ele>
				<time>2026-05-20T19:50:50.173Z</time>
			</trkpt>
			<trkpt lat="45.78686" lon="3.19883">
				<ele>321.85</ele>
				<time>2026-05-20T19:50:52.966Z</time>
			</trkpt>
			<trkpt lat="45.78645" lon="3.19827">
				<ele>322.33</ele>
				<time>2026-05-20T19:50:55.621Z</time>
			</trkpt>
			<trkpt lat="45.78603" lon="3.19765">
				<ele>321.56</ele>
				<time>2026-05-20T19:50:58.449Z</time>
			</trkpt>
			<trkpt lat="45.78573" lon="3.19715">
				<ele>321.51</ele>
				<time>2026-05-20T19:51:00.609Z</time>
			</trkpt>
			<trkpt lat="45.78522" lon="3.19625">
				<ele>321.19</ele>
				<time>2026-05-20T19:51:04.407Z</time>
			</trkpt>
			<trkpt lat="45.78479" lon="3.19539">
				<ele>323</ele>
				<time>2026-05-20T19:51:07.876Z</time>
			</trkpt>
			<trkpt lat="45.78292" lon="3.19127">
				<ele>319.63</ele>
				<time>2026-05-20T19:51:24.021Z</time>
			</trkpt>
			<trkpt lat="45.78225" lon="3.19007">
				<ele>320.82</ele>
				<time>2026-05-20T19:51:29.081Z</time>
			</trkpt>
			<trkpt lat="45.78129" lon="3.1887">
				<ele>322.68</ele>
				<time>2026-05-20T19:51:35.482Z</time>
			</trkpt>
			<trkpt lat="45.78094" lon="3.18826">
				<ele>323.44</ele>
				<time>2026-05-20T19:51:37.684Z</time>
			</trkpt>
			<trkpt lat="45.78058" lon="3.18784">
				<ele>321.9</ele>
				<time>2026-05-20T19:51:39.880Z</time>
			</trkpt>
			<trkpt lat="45.77978" lon="3.18701">
				<ele>322.2</ele>
				<time>2026-05-20T19:51:44.558Z</time>
			</trkpt>
			<trkpt lat="45.77857" lon="3.18583">
				<ele>328.87</ele>
				<time>2026-05-20T19:51:51.498Z</time>
			</trkpt>
			<trkpt lat="45.7778" lon="3.18503">
				<ele>328.9</ele>
				<time>2026-05-20T19:51:56.013Z</time>
			</trkpt>
			<trkpt lat="45.77729" lon="3.18441">
				<ele>330.72</ele>
				<time>2026-05-20T19:51:59.192Z</time>
			</trkpt>
			<trkpt lat="45.77695" lon="3.18396">
				<ele>330.95</ele>
				<time>2026-05-20T19:52:01.393Z</time>
			</trkpt>
			<trkpt lat="45.77649" lon="3.18322">
				<ele>331.62</ele>
				<time>2026-05-20T19:52:04.683Z</time>
			</trkpt>
			<trkpt lat="45.7762" lon="3.18273">
				<ele>330.74</ele>
				<time>2026-05-20T19:52:06.818Z</time>
			</trkpt>
			<trkpt lat="45.77572" lon="3.18176">
				<ele>335.59</ele>
				<time>2026-05-20T19:52:10.771Z</time>
			</trkpt>
			<trkpt lat="45.77529" lon="3.18064">
				<ele>336.31</ele>
				<time>2026-05-20T19:52:15.025Z</time>
			</trkpt>
			<trkpt lat="45.775" lon="3.17975">
				<ele>336.86</ele>
				<time>2026-05-20T19:52:18.297Z</time>
			</trkpt>
			<trkpt lat="45.77491" lon="3.1794">
				<ele>338.76</ele>
				<time>2026-05-20T19:52:19.540Z</time>
			</trkpt>
			<trkpt lat="45.77473" lon="3.17869">
				<ele>341.92</ele>
				<time>2026-05-20T19:52:22.059Z</time>
			</trkpt>
			<trkpt lat="45.77457" lon="3.1778">
				<ele>342.44</ele>
				<time>2026-05-20T19:52:25.125Z</time>
			</trkpt>
			<trkpt lat="45.77443" lon="3.17673">
				<ele>348.53</ele>
				<time>2026-05-20T19:52:28.761Z</time>
			</trkpt>
			<trkpt lat="45.77419" lon="3.17404">
				<ele>353.52</ele>
				<time>2026-05-20T19:52:37.832Z</time>
			</trkpt>
			<trkpt lat="45.77412" lon="3.1735">
				<ele>354.54</ele>
				<time>2026-05-20T19:52:39.671Z</time>
			</trkpt>
			<trkpt lat="45.77386" lon="3.17206">
				<ele>357.32</ele>
				<time>2026-05-20T19:52:44.658Z</time>
			</trkpt>
			<trkpt lat="45.77332" lon="3.16992">
				<ele>363.91</ele>
				<time>2026-05-20T19:52:52.301Z</time>
			</trkpt>
			<trkpt lat="45.7731" lon="3.16872">
				<ele>359.88</ele>
				<time>2026-05-20T19:52:56.474Z</time>
			</trkpt>
			<trkpt lat="45.77297" lon="3.16757">
				<ele>364.34</ele>
				<time>2026-05-20T19:53:00.397Z</time>
			</trkpt>
			<trkpt lat="45.77292" lon="3.16661">
				<ele>364.97</ele>
				<time>2026-05-20T19:53:03.642Z</time>
			</trkpt>
			<trkpt lat="45.77287" lon="3.1628">
				<ele>368.26</ele>
				<time>2026-05-20T19:53:16.516Z</time>
			</trkpt>
			<trkpt lat="45.77281" lon="3.16152">
				<ele>368.68</ele>
				<time>2026-05-20T19:53:20.860Z</time>
			</trkpt>
			<trkpt lat="45.77268" lon="3.16032">
				<ele>364.6</ele>
				<time>2026-05-20T19:53:24.978Z</time>
			</trkpt>
			<trkpt lat="45.77254" lon="3.15941">
				<ele>361.73</ele>
				<time>2026-05-20T19:53:28.141Z</time>
			</trkpt>
			<trkpt lat="45.77223" lon="3.15782">
				<ele>358.42</ele>
				<time>2026-05-20T19:53:33.752Z</time>
			</trkpt>
			<trkpt lat="45.7719" lon="3.15629">
				<ele>351.39</ele>
				<time>2026-05-20T19:53:39.204Z</time>
			</trkpt>
			<trkpt lat="45.77172" lon="3.15509">
				<ele>347.79</ele>
				<time>2026-05-20T19:53:43.389Z</time>
			</trkpt>
			<trkpt lat="45.77161" lon="3.15405">
				<ele>343.57</ele>
				<time>2026-05-20T19:53:46.979Z</time>
			</trkpt>
			<trkpt lat="45.77155" lon="3.15304">
				<ele>346.22</ele>
				<time>2026-05-20T19:53:50.443Z</time>
			</trkpt>
			<trkpt lat="45.77154" lon="3.15235">
				<ele>343.25</ele>
				<time>2026-05-20T19:53:52.803Z</time>
			</trkpt>
			<trkpt lat="45.77155" lon="3.15155">
				<ele>340.79</ele>
				<time>2026-05-20T19:53:55.541Z</time>
			</trkpt>
			<trkpt lat="45.7716" lon="3.15061">
				<ele>337.82</ele>
				<time>2026-05-20T19:53:58.771Z</time>
			</trkpt>
			<trkpt lat="45.77171" lon="3.14952">
				<ele>335.89</ele>
				<time>2026-05-20T19:54:02.548Z</time>
			</trkpt>
			<trkpt lat="45.77188" lon="3.14846">
				<ele>340.26</ele>
				<time>2026-05-20T19:54:06.282Z</time>
			</trkpt>
			<trkpt lat="45.77221" lon="3.14676">
				<ele>340</ele>
				<time>2026-05-20T19:54:12.350Z</time>
			</trkpt>
			<trkpt lat="45.77257" lon="3.14517">
				<ele>339.1</ele>
				<time>2026-05-20T19:54:18.109Z</time>
			</trkpt>
			<trkpt lat="45.77285" lon="3.14415">
				<ele>340.31</ele>
				<time>2026-05-20T19:54:21.891Z</time>
			</trkpt>
			<trkpt lat="45.77305" lon="3.14359">
				<ele>340.98</ele>
				<time>2026-05-20T19:54:24.064Z</time>
			</trkpt>
			<trkpt lat="45.77369" lon="3.14208">
				<ele>340.7</ele>
				<time>2026-05-20T19:54:30.174Z</time>
			</trkpt>
			<trkpt lat="45.77459" lon="3.14032">
				<ele>339.38</ele>
				<time>2026-05-20T19:54:37.738Z</time>
			</trkpt>
			<trkpt lat="45.77468" lon="3.14027">
				<ele>339.36</ele>
				<time>2026-05-20T19:54:38.218Z</time>
			</trkpt>
			<trkpt lat="45.77521" lon="3.13935">
				<ele>338.48</ele>
				<time>2026-05-20T19:54:42.362Z</time>
			</trkpt>
			<trkpt lat="45.77533" lon="3.13915">
				<ele>338.02</ele>
				<time>2026-05-20T19:54:43.279Z</time>
			</trkpt>
			<trkpt lat="45.7755" lon="3.13898">
				<ele>337.61</ele>
				<time>2026-05-20T19:54:44.312Z</time>
			</trkpt>
			<trkpt lat="45.77566" lon="3.13891">
				<ele>337.06</ele>
				<time>2026-05-20T19:54:45.146Z</time>
			</trkpt>
			<trkpt lat="45.77582" lon="3.13893">
				<ele>337</ele>
				<time>2026-05-20T19:54:45.948Z</time>
			</trkpt>
			<trkpt lat="45.77595" lon="3.13901">
				<ele>337</ele>
				<time>2026-05-20T19:54:46.653Z</time>
			</trkpt>
			<trkpt lat="45.77608" lon="3.13915">
				<ele>337</ele>
				<time>2026-05-20T19:54:47.465Z</time>
			</trkpt>
			<trkpt lat="45.77615" lon="3.13931">
				<ele>336.83</ele>
				<time>2026-05-20T19:54:48.122Z</time>
			</trkpt>
			<trkpt lat="45.7762" lon="3.13948">
				<ele>336.56</ele>
				<time>2026-05-20T19:54:48.765Z</time>
			</trkpt>
			<trkpt lat="45.7762" lon="3.13979">
				<ele>336</ele>
				<time>2026-05-20T19:54:49.845Z</time>
			</trkpt>
			<trkpt lat="45.77618" lon="3.13995">
				<ele>336</ele>
				<time>2026-05-20T19:54:50.411Z</time>
			</trkpt>
			<trkpt lat="45.77611" lon="3.14011">
				<ele>336.42</ele>
				<time>2026-05-20T19:54:51.069Z</time>
			</trkpt>
			<trkpt lat="45.776" lon="3.14026">
				<ele>337.32</ele>
				<time>2026-05-20T19:54:51.827Z</time>
			</trkpt>
			<trkpt lat="45.77591" lon="3.14034">
				<ele>337.7</ele>
				<time>2026-05-20T19:54:52.356Z</time>
			</trkpt>
			<trkpt lat="45.7758" lon="3.14039">
				<ele>337.96</ele>
				<time>2026-05-20T19:54:52.933Z</time>
			</trkpt>
			<trkpt lat="45.77568" lon="3.14041">
				<ele>337.73</ele>
				<time>2026-05-20T19:54:53.536Z</time>
			</trkpt>
			<trkpt lat="45.77508" lon="3.14036">
				<ele>336.34</ele>
				<time>2026-05-20T19:54:56.538Z</time>
			</trkpt>
			<trkpt lat="45.77473" lon="3.1404">
				<ele>338.84</ele>
				<time>2026-05-20T19:54:58.292Z</time>
			</trkpt>
			<trkpt lat="45.77433" lon="3.14033">
				<ele>338.67</ele>
				<time>2026-05-20T19:55:00.305Z</time>
			</trkpt>
			<trkpt lat="45.77335" lon="3.14011">
				<ele>342.1</ele>
				<time>2026-05-20T19:55:05.259Z</time>
			</trkpt>
			<trkpt lat="45.76992" lon="3.13914">
				<ele>339.68</ele>
				<time>2026-05-20T19:55:22.722Z</time>
			</trkpt>
			<trkpt lat="45.7691" lon="3.13895">
				<ele>342.42</ele>
				<time>2026-05-20T19:55:26.872Z</time>
			</trkpt>
			<trkpt lat="45.76827" lon="3.1388">
				<ele>344.75</ele>
				<time>2026-05-20T19:55:31.052Z</time>
			</trkpt>
			<trkpt lat="45.76754" lon="3.1387">
				<ele>343.98</ele>
				<time>2026-05-20T19:55:34.717Z</time>
			</trkpt>
			<trkpt lat="45.76677" lon="3.13863">
				<ele>342.62</ele>
				<time>2026-05-20T19:55:38.574Z</time>
			</trkpt>
			<trkpt lat="45.76564" lon="3.1386">
				<ele>349.99</ele>
				<time>2026-05-20T19:55:44.226Z</time>
			</trkpt>
			<trkpt lat="45.76483" lon="3.13864">
				<ele>347.92</ele>
				<time>2026-05-20T19:55:48.281Z</time>
			</trkpt>
			<trkpt lat="45.76364" lon="3.13875">
				<ele>346.26</ele>
				<time>2026-05-20T19:55:54.249Z</time>
			</trkpt>
			<trkpt lat="45.76296" lon="3.13886">
				<ele>347.93</ele>
				<time>2026-05-20T19:55:57.675Z</time>
			</trkpt>
			<trkpt lat="45.7616" lon="3.13916">
				<ele>347.22</ele>
				<time>2026-05-20T19:56:04.569Z</time>
			</trkpt>
			<trkpt lat="45.76003" lon="3.13959">
				<ele>353.03</ele>
				<time>2026-05-20T19:56:12.584Z</time>
			</trkpt>
			<trkpt lat="45.75859" lon="3.14005">
				<ele>356.57</ele>
				<time>2026-05-20T19:56:19.989Z</time>
			</trkpt>
			<trkpt lat="45.75725" lon="3.14054">
				<ele>351.19</ele>
				<time>2026-05-20T19:56:26.938Z</time>
			</trkpt>
			<trkpt lat="45.75643" lon="3.14085">
				<ele>349.25</ele>
				<time>2026-05-20T19:56:31.203Z</time>
			</trkpt>
			<trkpt lat="45.75529" lon="3.14132">
				<ele>348.98</ele>
				<time>2026-05-20T19:56:37.174Z</time>
			</trkpt>
			<trkpt lat="45.75376" lon="3.14201">
				<ele>350.77</ele>
				<time>2026-05-20T19:56:45.258Z</time>
			</trkpt>
			<trkpt lat="45.75264" lon="3.14256">
				<ele>347.38</ele>
				<time>2026-05-20T19:56:51.233Z</time>
			</trkpt>
			<trkpt lat="45.7513" lon="3.14326">
				<ele>344.15</ele>
				<time>2026-05-20T19:56:58.441Z</time>
			</trkpt>
			<trkpt lat="45.74909" lon="3.14447">
				<ele>341.23</ele>
				<time>2026-05-20T19:57:10.423Z</time>
			</trkpt>
			<trkpt lat="45.74824" lon="3.1449">
				<ele>343.32</ele>
				<time>2026-05-20T19:57:14.998Z</time>
			</trkpt>
			<trkpt lat="45.74767" lon="3.14512">
				<ele>343.94</ele>
				<time>2026-05-20T19:57:17.996Z</time>
			</trkpt>
			<trkpt lat="45.74737" lon="3.14521">
				<ele>344.23</ele>
				<time>2026-05-20T19:57:19.554Z</time>
			</trkpt>
			<trkpt lat="45.74686" lon="3.14531">
				<ele>344.88</ele>
				<time>2026-05-20T19:57:22.172Z</time>
			</trkpt>
			<trkpt lat="45.74618" lon="3.14537">
				<ele>352.49</ele>
				<time>2026-05-20T19:57:25.639Z</time>
			</trkpt>
			<trkpt lat="45.74525" lon="3.14534">
				<ele>344.86</ele>
				<time>2026-05-20T19:57:30.378Z</time>
			</trkpt>
			<trkpt lat="45.74421" lon="3.14527">
				<ele>347.82</ele>
				<time>2026-05-20T19:57:35.690Z</time>
			</trkpt>
			<trkpt lat="45.74378" lon="3.14527">
				<ele>348.37</ele>
				<time>2026-05-20T19:57:37.887Z</time>
			</trkpt>
			<trkpt lat="45.7435" lon="3.1453">
				<ele>349</ele>
				<time>2026-05-20T19:57:39.322Z</time>
			</trkpt>
			<trkpt lat="45.74294" lon="3.14541">
				<ele>351.08</ele>
				<time>2026-05-20T19:57:42.212Z</time>
			</trkpt>
			<trkpt lat="45.74252" lon="3.14554">
				<ele>351.07</ele>
				<time>2026-05-20T19:57:44.411Z</time>
			</trkpt>
			<trkpt lat="45.74199" lon="3.14576">
				<ele>349.34</ele>
				<time>2026-05-20T19:57:47.237Z</time>
			</trkpt>
			<trkpt lat="45.74159" lon="3.14598">
				<ele>349.78</ele>
				<time>2026-05-20T19:57:49.433Z</time>
			</trkpt>
			<trkpt lat="45.74097" lon="3.14642">
				<ele>351.84</ele>
				<time>2026-05-20T19:57:52.982Z</time>
			</trkpt>
			<trkpt lat="45.74061" lon="3.14672">
				<ele>346.56</ele>
				<time>2026-05-20T19:57:55.120Z</time>
			</trkpt>
			<trkpt lat="45.74031" lon="3.14702">
				<ele>344.38</ele>
				<time>2026-05-20T19:57:57.000Z</time>
			</trkpt>
			<trkpt lat="45.7399" lon="3.14749">
				<ele>346.67</ele>
				<time>2026-05-20T19:57:59.699Z</time>
			</trkpt>
			<trkpt lat="45.73937" lon="3.1482">
				<ele>346.92</ele>
				<time>2026-05-20T19:58:03.434Z</time>
			</trkpt>
			<trkpt lat="45.73814" lon="3.14999">
				<ele>344.66</ele>
				<time>2026-05-20T19:58:12.477Z</time>
			</trkpt>
			<trkpt lat="45.73774" lon="3.15051">
				<ele>342.99</ele>
				<time>2026-05-20T19:58:15.269Z</time>
			</trkpt>
			<trkpt lat="45.73726" lon="3.15103">
				<ele>342.77</ele>
				<time>2026-05-20T19:58:18.382Z</time>
			</trkpt>
			<trkpt lat="45.73701" lon="3.15127">
				<ele>344.65</ele>
				<time>2026-05-20T19:58:19.940Z</time>
			</trkpt>
			<trkpt lat="45.73675" lon="3.15148">
				<ele>345.69</ele>
				<time>2026-05-20T19:58:21.487Z</time>
			</trkpt>
			<trkpt lat="45.73629" lon="3.1518">
				<ele>347.16</ele>
				<time>2026-05-20T19:58:24.138Z</time>
			</trkpt>
			<trkpt lat="45.73414" lon="3.15317">
				<ele>343.52</ele>
				<time>2026-05-20T19:58:36.373Z</time>
			</trkpt>
			<trkpt lat="45.73322" lon="3.1537">
				<ele>343</ele>
				<time>2026-05-20T19:58:41.546Z</time>
			</trkpt>
			<trkpt lat="45.73209" lon="3.15425">
				<ele>345.77</ele>
				<time>2026-05-20T19:58:47.786Z</time>
			</trkpt>
			<trkpt lat="45.73159" lon="3.15445">
				<ele>346.44</ele>
				<time>2026-05-20T19:58:50.505Z</time>
			</trkpt>
			<trkpt lat="45.73059" lon="3.1548">
				<ele>342</ele>
				<time>2026-05-20T19:58:55.905Z</time>
			</trkpt>
			<trkpt lat="45.7301" lon="3.15493">
				<ele>344.68</ele>
				<time>2026-05-20T19:58:58.524Z</time>
			</trkpt>
			<trkpt lat="45.72942" lon="3.15508">
				<ele>345.18</ele>
				<time>2026-05-20T19:59:02.145Z</time>
			</trkpt>
			<trkpt lat="45.72807" lon="3.15529">
				<ele>342.07</ele>
				<time>2026-05-20T19:59:09.306Z</time>
			</trkpt>
			<trkpt lat="45.72713" lon="3.15535">
				<ele>344.02</ele>
				<time>2026-05-20T19:59:14.282Z</time>
			</trkpt>
			<trkpt lat="45.7261" lon="3.15533">
				<ele>342.75</ele>
				<time>2026-05-20T19:59:19.741Z</time>
			</trkpt>
			<trkpt lat="45.72515" lon="3.15524">
				<ele>342.42</ele>
				<time>2026-05-20T19:59:24.799Z</time>
			</trkpt>
			<trkpt lat="45.72454" lon="3.15515">
				<ele>342.63</ele>
				<time>2026-05-20T19:59:28.063Z</time>
			</trkpt>
			<trkpt lat="45.72342" lon="3.15489">
				<ele>347.45</ele>
				<time>2026-05-20T19:59:34.114Z</time>
			</trkpt>
			<trkpt lat="45.72298" lon="3.15476">
				<ele>346.74</ele>
				<time>2026-05-20T19:59:36.515Z</time>
			</trkpt>
			<trkpt lat="45.72171" lon="3.1543">
				<ele>352.58</ele>
				<time>2026-05-20T19:59:43.531Z</time>
			</trkpt>
			<trkpt lat="45.71663" lon="3.15222">
				<ele>374.08</ele>
				<time>2026-05-20T20:00:12.072Z</time>
			</trkpt>
			<trkpt lat="45.71541" lon="3.15179">
				<ele>374.03</ele>
				<time>2026-05-20T20:00:18.919Z</time>
			</trkpt>
			<trkpt lat="45.71428" lon="3.15147">
				<ele>377.27</ele>
				<time>2026-05-20T20:00:25.217Z</time>
			</trkpt>
			<trkpt lat="45.71374" lon="3.15133">
				<ele>377.27</ele>
				<time>2026-05-20T20:00:28.225Z</time>
			</trkpt>
			<trkpt lat="45.713" lon="3.15118">
				<ele>378.95</ele>
				<time>2026-05-20T20:00:32.329Z</time>
			</trkpt>
			<trkpt lat="45.71169" lon="3.15099">
				<ele>378.3</ele>
				<time>2026-05-20T20:00:39.582Z</time>
			</trkpt>
			<trkpt lat="45.71067" lon="3.1509">
				<ele>377</ele>
				<time>2026-05-20T20:00:45.230Z</time>
			</trkpt>
			<trkpt lat="45.70967" lon="3.15086">
				<ele>377.91</ele>
				<time>2026-05-20T20:00:50.776Z</time>
			</trkpt>
			<trkpt lat="45.70596" lon="3.15076">
				<ele>386.66</ele>
				<time>2026-05-20T20:01:11.494Z</time>
			</trkpt>
			<trkpt lat="45.70542" lon="3.15072">
				<ele>393.59</ele>
				<time>2026-05-20T20:01:14.534Z</time>
			</trkpt>
			<trkpt lat="45.70479" lon="3.15064">
				<ele>398.51</ele>
				<time>2026-05-20T20:01:18.095Z</time>
			</trkpt>
			<trkpt lat="45.70414" lon="3.15051">
				<ele>399.14</ele>
				<time>2026-05-20T20:01:21.798Z</time>
			</trkpt>
			<trkpt lat="45.70329" lon="3.15026">
				<ele>398.92</ele>
				<time>2026-05-20T20:01:26.707Z</time>
			</trkpt>
			<trkpt lat="45.70265" lon="3.15001">
				<ele>397</ele>
				<time>2026-05-20T20:01:30.468Z</time>
			</trkpt>
			<trkpt lat="45.70152" lon="3.14945">
				<ele>391.41</ele>
				<time>2026-05-20T20:01:37.270Z</time>
			</trkpt>
			<trkpt lat="45.70019" lon="3.14876">
				<ele>392.15</ele>
				<time>2026-05-20T20:01:45.350Z</time>
			</trkpt>
			<trkpt lat="45.69938" lon="3.14842">
				<ele>391.13</ele>
				<time>2026-05-20T20:01:50.190Z</time>
			</trkpt>
			<trkpt lat="45.69902" lon="3.1483">
				<ele>390.58</ele>
				<time>2026-05-20T20:01:52.314Z</time>
			</trkpt>
			<trkpt lat="45.69817" lon="3.14812">
				<ele>390.32</ele>
				<time>2026-05-20T20:01:57.261Z</time>
			</trkpt>
			<trkpt lat="45.69734" lon="3.14805">
				<ele>388.44</ele>
				<time>2026-05-20T20:02:02.062Z</time>
			</trkpt>
			<trkpt lat="45.69643" lon="3.14811">
				<ele>389.66</ele>
				<time>2026-05-20T20:02:07.338Z</time>
			</trkpt>
			<trkpt lat="45.69581" lon="3.14822">
				<ele>391.12</ele>
				<time>2026-05-20T20:02:10.966Z</time>
			</trkpt>
			<trkpt lat="45.69536" lon="3.14833">
				<ele>398.47</ele>
				<time>2026-05-20T20:02:13.622Z</time>
			</trkpt>
			<trkpt lat="45.6937" lon="3.14882">
				<ele>397.73</ele>
				<time>2026-05-20T20:02:23.521Z</time>
			</trkpt>
			<trkpt lat="45.69296" lon="3.14899">
				<ele>399.18</ele>
				<time>2026-05-20T20:02:27.917Z</time>
			</trkpt>
			<trkpt lat="45.69142" lon="3.14902">
				<ele>415.96</ele>
				<time>2026-05-20T20:02:36.988Z</time>
			</trkpt>
			<trkpt lat="45.69112" lon="3.149">
				<ele>417.33</ele>
				<time>2026-05-20T20:02:38.763Z</time>
			</trkpt>
			<trkpt lat="45.69079" lon="3.14894">
				<ele>419.23</ele>
				<time>2026-05-20T20:02:40.731Z</time>
			</trkpt>
			<trkpt lat="45.69042" lon="3.14883">
				<ele>419.64</ele>
				<time>2026-05-20T20:02:42.969Z</time>
			</trkpt>
			<trkpt lat="45.68994" lon="3.14865">
				<ele>421.77</ele>
				<time>2026-05-20T20:02:45.959Z</time>
			</trkpt>
			<trkpt lat="45.68969" lon="3.14852">
				<ele>421.33</ele>
				<time>2026-05-20T20:02:47.596Z</time>
			</trkpt>
			<trkpt lat="45.6895" lon="3.14837">
				<ele>421.35</ele>
				<time>2026-05-20T20:02:48.947Z</time>
			</trkpt>
			<trkpt lat="45.68941" lon="3.14825">
				<ele>421.79</ele>
				<time>2026-05-20T20:02:49.718Z</time>
			</trkpt>
			<trkpt lat="45.68932" lon="3.14812">
				<ele>422.87</ele>
				<time>2026-05-20T20:02:50.524Z</time>
			</trkpt>
			<trkpt lat="45.68924" lon="3.14793">
				<ele>424.44</ele>
				<time>2026-05-20T20:02:51.505Z</time>
			</trkpt>
			<trkpt lat="45.68918" lon="3.14775">
				<ele>426.35</ele>
				<time>2026-05-20T20:02:52.392Z</time>
			</trkpt>
			<trkpt lat="45.689" lon="3.14679">
				<ele>435.21</ele>
				<time>2026-05-20T20:02:56.862Z</time>
			</trkpt>
			<trkpt lat="45.68891" lon="3.14652">
				<ele>437.26</ele>
				<time>2026-05-20T20:02:58.219Z</time>
			</trkpt>
			<trkpt lat="45.68884" lon="3.14636">
				<ele>437.84</ele>
				<time>2026-05-20T20:02:59.078Z</time>
			</trkpt>
			<trkpt lat="45.68873" lon="3.14622">
				<ele>437.7</ele>
				<time>2026-05-20T20:03:00.037Z</time>
			</trkpt>
			<trkpt lat="45.68863" lon="3.14614">
				<ele>437.06</ele>
				<time>2026-05-20T20:03:00.785Z</time>
			</trkpt>
			<trkpt lat="45.68827" lon="3.146">
				<ele>432.1</ele>
				<time>2026-05-20T20:03:03.221Z</time>
			</trkpt>
			<trkpt lat="45.68808" lon="3.14587">
				<ele>431.08</ele>
				<time>2026-05-20T20:03:04.596Z</time>
			</trkpt>
			<trkpt lat="45.68803" lon="3.14575">
				<ele>431.54</ele>
				<time>2026-05-20T20:03:05.233Z</time>
			</trkpt>
			<trkpt lat="45.68799" lon="3.14572">
				<ele>431.36</ele>
				<time>2026-05-20T20:03:05.527Z</time>
			</trkpt>
			<trkpt lat="45.68789" lon="3.14572">
				<ele>430.18</ele>
				<time>2026-05-20T20:03:06.178Z</time>
			</trkpt>
			<trkpt lat="45.68785" lon="3.14576">
				<ele>429.38</ele>
				<time>2026-05-20T20:03:06.496Z</time>
			</trkpt>
			<trkpt lat="45.68756" lon="3.14564">
				<ele>427.79</ele>
				<time>2026-05-20T20:03:08.456Z</time>
			</trkpt>
			<trkpt lat="45.68721" lon="3.14539">
				<ele>429.6</ele>
				<time>2026-05-20T20:03:10.980Z</time>
			</trkpt>
			<trkpt lat="45.68574" lon="3.14412">
				<ele>436.29</ele>
				<time>2026-05-20T20:03:21.658Z</time>
			</trkpt>
			<trkpt lat="45.6856" lon="3.14396">
				<ele>436.82</ele>
				<time>2026-05-20T20:03:22.720Z</time>
			</trkpt>
			<trkpt lat="45.68539" lon="3.14366">
				<ele>437.92</ele>
				<time>2026-05-20T20:03:24.456Z</time>
			</trkpt>
			<trkpt lat="45.68521" lon="3.14333">
				<ele>438</ele>
				<time>2026-05-20T20:03:26.146Z</time>
			</trkpt>
			<trkpt lat="45.68516" lon="3.1431">
				<ele>438</ele>
				<time>2026-05-20T20:03:27.111Z</time>
			</trkpt>
			<trkpt lat="45.68518" lon="3.143">
				<ele>438</ele>
				<time>2026-05-20T20:03:27.526Z</time>
			</trkpt>
			<trkpt lat="45.68515" lon="3.14284">
				<ele>438</ele>
				<time>2026-05-20T20:03:28.185Z</time>
			</trkpt>
			<trkpt lat="45.6851" lon="3.14276">
				<ele>438.02</ele>
				<time>2026-05-20T20:03:28.611Z</time>
			</trkpt>
			<trkpt lat="45.68499" lon="3.14271">
				<ele>438.22</ele>
				<time>2026-05-20T20:03:29.266Z</time>
			</trkpt>
			<trkpt lat="45.68493" lon="3.14272">
				<ele>438.17</ele>
				<time>2026-05-20T20:03:29.608Z</time>
			</trkpt>
			<trkpt lat="45.68485" lon="3.14278">
				<ele>438</ele>
				<time>2026-05-20T20:03:30.119Z</time>
			</trkpt>
			<trkpt lat="45.68467" lon="3.14281">
				<ele>438</ele>
				<time>2026-05-20T20:03:31.143Z</time>
			</trkpt>
			<trkpt lat="45.68435" lon="3.14271">
				<ele>438</ele>
				<time>2026-05-20T20:03:32.992Z</time>
			</trkpt>
			<trkpt lat="45.68361" lon="3.14232">
				<ele>436.63</ele>
				<time>2026-05-20T20:03:37.472Z</time>
			</trkpt>
			<trkpt lat="45.68285" lon="3.14198">
				<ele>438.57</ele>
				<time>2026-05-20T20:03:42.112Z</time>
			</trkpt>
			<trkpt lat="45.68164" lon="3.14167">
				<ele>435.9</ele>
				<time>2026-05-20T20:03:49.397Z</time>
			</trkpt>
			<trkpt lat="45.68133" lon="3.14153">
				<ele>435.26</ele>
				<time>2026-05-20T20:03:51.327Z</time>
			</trkpt>
			<trkpt lat="45.68096" lon="3.14132">
				<ele>434.72</ele>
				<time>2026-05-20T20:03:53.692Z</time>
			</trkpt>
			<trkpt lat="45.68085" lon="3.14121">
				<ele>434.72</ele>
				<time>2026-05-20T20:03:54.490Z</time>
			</trkpt>
			<trkpt lat="45.68058" lon="3.14085">
				<ele>434.12</ele>
				<time>2026-05-20T20:03:56.685Z</time>
			</trkpt>
			<trkpt lat="45.67967" lon="3.1389">
				<ele>428.83</ele>
				<time>2026-05-20T20:04:06.456Z</time>
			</trkpt>
			<trkpt lat="45.67843" lon="3.13612">
				<ele>445.47</ele>
				<time>2026-05-20T20:04:20.259Z</time>
			</trkpt>
			<trkpt lat="45.6783" lon="3.13555">
				<ele>447.32</ele>
				<time>2026-05-20T20:04:22.776Z</time>
			</trkpt>
			<trkpt lat="45.67828" lon="3.13526">
				<ele>447.34</ele>
				<time>2026-05-20T20:04:24.000Z</time>
			</trkpt>
			<trkpt lat="45.67831" lon="3.13184">
				<ele>449.68</ele>
				<time>2026-05-20T20:04:38.407Z</time>
			</trkpt>
			<trkpt lat="45.67829" lon="3.13134">
				<ele>451.48</ele>
				<time>2026-05-20T20:04:40.523Z</time>
			</trkpt>
			<trkpt lat="45.67819" lon="3.13089">
				<ele>455.82</ele>
				<time>2026-05-20T20:04:42.519Z</time>
			</trkpt>
			<trkpt lat="45.67777" lon="3.12977">
				<ele>466.23</ele>
				<time>2026-05-20T20:04:47.899Z</time>
			</trkpt>
			<trkpt lat="45.67664" lon="3.12696">
				<ele>474.69</ele>
				<time>2026-05-20T20:05:01.666Z</time>
			</trkpt>
			<trkpt lat="45.67644" lon="3.12628">
				<ele>475.34</ele>
				<time>2026-05-20T20:05:04.807Z</time>
			</trkpt>
			<trkpt lat="45.67637" lon="3.12588">
				<ele>477.37</ele>
				<time>2026-05-20T20:05:06.564Z</time>
			</trkpt>
			<trkpt lat="45.67631" lon="3.12532">
				<ele>478.97</ele>
				<time>2026-05-20T20:05:08.980Z</time>
			</trkpt>
			<trkpt lat="45.67629" lon="3.12495">
				<ele>478.89</ele>
				<time>2026-05-20T20:05:10.563Z</time>
			</trkpt>
			<trkpt lat="45.67631" lon="3.12455">
				<ele>478.01</ele>
				<time>2026-05-20T20:05:12.275Z</time>
			</trkpt>
			<trkpt lat="45.6764" lon="3.12344">
				<ele>482.81</ele>
				<time>2026-05-20T20:05:17.050Z</time>
			</trkpt>
			<trkpt lat="45.67673" lon="3.12027">
				<ele>498.74</ele>
				<time>2026-05-20T20:05:30.784Z</time>
			</trkpt>
			<trkpt lat="45.67709" lon="3.11689">
				<ele>510.37</ele>
				<time>2026-05-20T20:05:45.495Z</time>
			</trkpt>
			<trkpt lat="45.67722" lon="3.11523">
				<ele>508.06</ele>
				<time>2026-05-20T20:05:52.705Z</time>
			</trkpt>
			<trkpt lat="45.67719" lon="3.11432">
				<ele>508.92</ele>
				<time>2026-05-20T20:05:56.643Z</time>
			</trkpt>
			<trkpt lat="45.67711" lon="3.11349">
				<ele>510.24</ele>
				<time>2026-05-20T20:06:00.268Z</time>
			</trkpt>
			<trkpt lat="45.67702" lon="3.11291">
				<ele>513.59</ele>
				<time>2026-05-20T20:06:02.841Z</time>
			</trkpt>
			<trkpt lat="45.67689" lon="3.11235">
				<ele>517.24</ele>
				<time>2026-05-20T20:06:05.398Z</time>
			</trkpt>
			<trkpt lat="45.6767" lon="3.11171">
				<ele>516.74</ele>
				<time>2026-05-20T20:06:08.414Z</time>
			</trkpt>
			<trkpt lat="45.67649" lon="3.11114">
				<ele>518.03</ele>
				<time>2026-05-20T20:06:11.210Z</time>
			</trkpt>
			<trkpt lat="45.67605" lon="3.11019">
				<ele>516.23</ele>
				<time>2026-05-20T20:06:16.162Z</time>
			</trkpt>
			<trkpt lat="45.67397" lon="3.10685">
				<ele>519.73</ele>
				<time>2026-05-20T20:06:35.658Z</time>
			</trkpt>
			<trkpt lat="45.67386" lon="3.10661">
				<ele>520.89</ele>
				<time>2026-05-20T20:06:36.912Z</time>
			</trkpt>
			<trkpt lat="45.67369" lon="3.10603">
				<ele>518.08</ele>
				<time>2026-05-20T20:06:39.660Z</time>
			</trkpt>
			<trkpt lat="45.67364" lon="3.10565">
				<ele>515.64</ele>
				<time>2026-05-20T20:06:41.351Z</time>
			</trkpt>
			<trkpt lat="45.67364" lon="3.10529">
				<ele>513.35</ele>
				<time>2026-05-20T20:06:42.926Z</time>
			</trkpt>
			<trkpt lat="45.67365" lon="3.10489">
				<ele>512.44</ele>
				<time>2026-05-20T20:06:44.678Z</time>
			</trkpt>
			<trkpt lat="45.67371" lon="3.10436">
				<ele>510.97</ele>
				<time>2026-05-20T20:06:47.028Z</time>
			</trkpt>
			<trkpt lat="45.67372" lon="3.1038">
				<ele>509.33</ele>
				<time>2026-05-20T20:06:49.482Z</time>
			</trkpt>
			<trkpt lat="45.67366" lon="3.10328">
				<ele>510.11</ele>
				<time>2026-05-20T20:06:51.792Z</time>
			</trkpt>
			<trkpt lat="45.67355" lon="3.10277">
				<ele>510.78</ele>
				<time>2026-05-20T20:06:54.133Z</time>
			</trkpt>
			<trkpt lat="45.67335" lon="3.10227">
				<ele>510.47</ele>
				<time>2026-05-20T20:06:56.660Z</time>
			</trkpt>
			<trkpt lat="45.67235" lon="3.09999">
				<ele>500.99</ele>
				<time>2026-05-20T20:07:08.489Z</time>
			</trkpt>
			<trkpt lat="45.67215" lon="3.09959">
				<ele>498.48</ele>
				<time>2026-05-20T20:07:10.654Z</time>
			</trkpt>
			<trkpt lat="45.67196" lon="3.09933">
				<ele>497.05</ele>
				<time>2026-05-20T20:07:12.310Z</time>
			</trkpt>
			<trkpt lat="45.67178" lon="3.09915">
				<ele>495.34</ele>
				<time>2026-05-20T20:07:13.694Z</time>
			</trkpt>
			<trkpt lat="45.67156" lon="3.09898">
				<ele>492.73</ele>
				<time>2026-05-20T20:07:15.270Z</time>
			</trkpt>
			<trkpt lat="45.67133" lon="3.09885">
				<ele>489.92</ele>
				<time>2026-05-20T20:07:16.830Z</time>
			</trkpt>
			<trkpt lat="45.67116" lon="3.09878">
				<ele>488.8</ele>
				<time>2026-05-20T20:07:17.946Z</time>
			</trkpt>
			<trkpt lat="45.67031" lon="3.09867">
				<ele>487.17</ele>
				<time>2026-05-20T20:07:23.333Z</time>
			</trkpt>
			<trkpt lat="45.67003" lon="3.09858">
				<ele>488.33</ele>
				<time>2026-05-20T20:07:25.146Z</time>
			</trkpt>
			<trkpt lat="45.66975" lon="3.0984">
				<ele>490.86</ele>
				<time>2026-05-20T20:07:27.085Z</time>
			</trkpt>
			<trkpt lat="45.66951" lon="3.09819">
				<ele>491.83</ele>
				<time>2026-05-20T20:07:28.864Z</time>
			</trkpt>
			<trkpt lat="45.66932" lon="3.09795">
				<ele>493.09</ele>
				<time>2026-05-20T20:07:30.466Z</time>
			</trkpt>
			<trkpt lat="45.66914" lon="3.09763">
				<ele>493.12</ele>
				<time>2026-05-20T20:07:32.282Z</time>
			</trkpt>
			<trkpt lat="45.669" lon="3.09733">
				<ele>491.36</ele>
				<time>2026-05-20T20:07:33.877Z</time>
			</trkpt>
			<trkpt lat="45.6689" lon="3.09701">
				<ele>491.12</ele>
				<time>2026-05-20T20:07:35.427Z</time>
			</trkpt>
			<trkpt lat="45.66884" lon="3.09666">
				<ele>491.48</ele>
				<time>2026-05-20T20:07:37.022Z</time>
			</trkpt>
			<trkpt lat="45.6688" lon="3.09625">
				<ele>492.97</ele>
				<time>2026-05-20T20:07:38.854Z</time>
			</trkpt>
			<trkpt lat="45.66882" lon="3.09584">
				<ele>494.25</ele>
				<time>2026-05-20T20:07:40.673Z</time>
			</trkpt>
			<trkpt lat="45.6689" lon="3.09454">
				<ele>489.95</ele>
				<time>2026-05-20T20:07:46.455Z</time>
			</trkpt>
			<trkpt lat="45.66888" lon="3.09419">
				<ele>489</ele>
				<time>2026-05-20T20:07:48.011Z</time>
			</trkpt>
			<trkpt lat="45.66882" lon="3.09386">
				<ele>487.94</ele>
				<time>2026-05-20T20:07:49.524Z</time>
			</trkpt>
			<trkpt lat="45.6687" lon="3.0936">
				<ele>488.75</ele>
				<time>2026-05-20T20:07:50.906Z</time>
			</trkpt>
			<trkpt lat="45.66857" lon="3.09341">
				<ele>490.7</ele>
				<time>2026-05-20T20:07:52.085Z</time>
			</trkpt>
			<trkpt lat="45.66843" lon="3.09324">
				<ele>492.24</ele>
				<time>2026-05-20T20:07:53.251Z</time>
			</trkpt>
			<trkpt lat="45.66828" lon="3.09312">
				<ele>493.05</ele>
				<time>2026-05-20T20:07:54.343Z</time>
			</trkpt>
			<trkpt lat="45.66769" lon="3.09286">
				<ele>489.95</ele>
				<time>2026-05-20T20:07:58.265Z</time>
			</trkpt>
			<trkpt lat="45.66746" lon="3.09272">
				<ele>490.04</ele>
				<time>2026-05-20T20:07:59.854Z</time>
			</trkpt>
			<trkpt lat="45.66723" lon="3.09246">
				<ele>492.88</ele>
				<time>2026-05-20T20:08:01.718Z</time>
			</trkpt>
			<trkpt lat="45.66709" lon="3.09221">
				<ele>493.97</ele>
				<time>2026-05-20T20:08:03.142Z</time>
			</trkpt>
			<trkpt lat="45.66696" lon="3.09182">
				<ele>494.37</ele>
				<time>2026-05-20T20:08:05.063Z</time>
			</trkpt>
			<trkpt lat="45.66568" lon="3.08725">
				<ele>508.23</ele>
				<time>2026-05-20T20:08:26.994Z</time>
			</trkpt>
			<trkpt lat="45.66553" lon="3.08682">
				<ele>506.92</ele>
				<time>2026-05-20T20:08:29.139Z</time>
			</trkpt>
			<trkpt lat="45.66528" lon="3.08633">
				<ele>506.66</ele>
				<time>2026-05-20T20:08:31.848Z</time>
			</trkpt>
			<trkpt lat="45.66482" lon="3.08546">
				<ele>517.13</ele>
				<time>2026-05-20T20:08:36.721Z</time>
			</trkpt>
			<trkpt lat="45.6646" lon="3.08501">
				<ele>520.83</ele>
				<time>2026-05-20T20:08:39.176Z</time>
			</trkpt>
			<trkpt lat="45.66449" lon="3.08467">
				<ele>522.16</ele>
				<time>2026-05-20T20:08:40.851Z</time>
			</trkpt>
			<trkpt lat="45.66383" lon="3.08233">
				<ele>531.78</ele>
				<time>2026-05-20T20:08:52.142Z</time>
			</trkpt>
			<trkpt lat="45.66335" lon="3.0807">
				<ele>535.67</ele>
				<time>2026-05-20T20:09:00.066Z</time>
			</trkpt>
			<trkpt lat="45.66276" lon="3.07921">
				<ele>539.89</ele>
				<time>2026-05-20T20:09:07.747Z</time>
			</trkpt>
			<trkpt lat="45.66266" lon="3.07886">
				<ele>541.47</ele>
				<time>2026-05-20T20:09:09.443Z</time>
			</trkpt>
			<trkpt lat="45.66062" lon="3.0706">
				<ele>575.09</ele>
				<time>2026-05-20T20:09:48.844Z</time>
			</trkpt>
			<trkpt lat="45.66052" lon="3.07007">
				<ele>579.42</ele>
				<time>2026-05-20T20:09:51.318Z</time>
			</trkpt>
			<trkpt lat="45.6603" lon="3.06913">
				<ele>587.34</ele>
				<time>2026-05-20T20:09:55.787Z</time>
			</trkpt>
			<trkpt lat="45.6602" lon="3.06874">
				<ele>587.05</ele>
				<time>2026-05-20T20:09:57.660Z</time>
			</trkpt>
			<trkpt lat="45.66019" lon="3.06864">
				<ele>586.78</ele>
				<time>2026-05-20T20:09:58.116Z</time>
			</trkpt>
			<trkpt lat="45.66005" lon="3.06864">
				<ele>586.23</ele>
				<time>2026-05-20T20:09:59.019Z</time>
			</trkpt>
			<trkpt lat="45.65997" lon="3.0687">
				<ele>585.9</ele>
				<time>2026-05-20T20:09:59.602Z</time>
			</trkpt>
			<trkpt lat="45.6599" lon="3.06885">
				<ele>585.33</ele>
				<time>2026-05-20T20:10:00.416Z</time>
			</trkpt>
			<trkpt lat="45.65976" lon="3.06908">
				<ele>584.2</ele>
				<time>2026-05-20T20:10:01.792Z</time>
			</trkpt>
			<trkpt lat="45.65965" lon="3.06933">
				<ele>582.18</ele>
				<time>2026-05-20T20:10:03.125Z</time>
			</trkpt>
			<trkpt lat="45.6596" lon="3.06951">
				<ele>580.89</ele>
				<time>2026-05-20T20:10:03.999Z</time>
			</trkpt>
			<trkpt lat="45.65957" lon="3.0697">
				<ele>580.02</ele>
				<time>2026-05-20T20:10:04.878Z</time>
			</trkpt>
			<trkpt lat="45.65959" lon="3.07021">
				<ele>579.54</ele>
				<time>2026-05-20T20:10:07.183Z</time>
			</trkpt>
			<trkpt lat="45.65964" lon="3.07079">
				<ele>578.13</ele>
				<time>2026-05-20T20:10:09.821Z</time>
			</trkpt>
			<trkpt lat="45.6597" lon="3.07107">
				<ele>577.05</ele>
				<time>2026-05-20T20:10:11.143Z</time>
			</trkpt>
			<trkpt lat="45.66001" lon="3.07183">
				<ele>575.32</ele>
				<time>2026-05-20T20:10:15.169Z</time>
			</trkpt>
			<trkpt lat="45.66011" lon="3.0722">
				<ele>572.68</ele>
				<time>2026-05-20T20:10:17.032Z</time>
			</trkpt>
			<trkpt lat="45.66017" lon="3.07253">
				<ele>571.86</ele>
				<time>2026-05-20T20:10:18.637Z</time>
			</trkpt>
			<trkpt lat="45.6602" lon="3.07278">
				<ele>570.99</ele>
				<time>2026-05-20T20:10:19.832Z</time>
			</trkpt>
			<trkpt lat="45.66021" lon="3.073">
				<ele>570.81</ele>
				<time>2026-05-20T20:10:20.873Z</time>
			</trkpt>
			<trkpt lat="45.6602" lon="3.07338">
				<ele>569.61</ele>
				<time>2026-05-20T20:10:22.670Z</time>
			</trkpt>
			<trkpt lat="45.66012" lon="3.07523">
				<ele>564.19</ele>
				<time>2026-05-20T20:10:31.477Z</time>
			</trkpt>
			<trkpt lat="45.66002" lon="3.07712">
				<ele>560.74</ele>
				<time>2026-05-20T20:10:40.557Z</time>
			</trkpt>
			<trkpt lat="45.65999" lon="3.07742">
				<ele>559.26</ele>
				<time>2026-05-20T20:10:42.016Z</time>
			</trkpt>
			<trkpt lat="45.6599" lon="3.07775">
				<ele>556.85</ele>
				<time>2026-05-20T20:10:43.722Z</time>
			</trkpt>
			<trkpt lat="45.65984" lon="3.07787">
				<ele>555.89</ele>
				<time>2026-05-20T20:10:44.434Z</time>
			</trkpt>
			<trkpt lat="45.65946" lon="3.07836">
				<ele>552.64</ele>
				<time>2026-05-20T20:10:47.969Z</time>
			</trkpt>
			<trkpt lat="45.65941" lon="3.07851">
				<ele>551.94</ele>
				<time>2026-05-20T20:10:48.773Z</time>
			</trkpt>
			<trkpt lat="45.6594" lon="3.07866">
				<ele>551.38</ele>
				<time>2026-05-20T20:10:49.503Z</time>
			</trkpt>
			<trkpt lat="45.65942" lon="3.0788">
				<ele>551.15</ele>
				<time>2026-05-20T20:10:50.195Z</time>
			</trkpt>
			<trkpt lat="45.65948" lon="3.07895">
				<ele>550.57</ele>
				<time>2026-05-20T20:10:51.032Z</time>
			</trkpt>
			<trkpt lat="45.65958" lon="3.0791">
				<ele>549.87</ele>
				<time>2026-05-20T20:10:52.037Z</time>
			</trkpt>
			<trkpt lat="45.6598" lon="3.07937">
				<ele>548.67</ele>
				<time>2026-05-20T20:10:54.050Z</time>
			</trkpt>
			<trkpt lat="45.6599" lon="3.07953">
				<ele>547.54</ele>
				<time>2026-05-20T20:10:55.093Z</time>
			</trkpt>
			<trkpt lat="45.65994" lon="3.07971">
				<ele>546.91</ele>
				<time>2026-05-20T20:10:56.011Z</time>
			</trkpt>
			<trkpt lat="45.65995" lon="3.08021">
				<ele>544.31</ele>
				<time>2026-05-20T20:10:58.445Z</time>
			</trkpt>
			<trkpt lat="45.66004" lon="3.08103">
				<ele>542</ele>
				<time>2026-05-20T20:11:02.492Z</time>
			</trkpt>
			<trkpt lat="45.66003" lon="3.0812">
				<ele>542</ele>
				<time>2026-05-20T20:11:03.325Z</time>
			</trkpt>
			<trkpt lat="45.66" lon="3.08135">
				<ele>542</ele>
				<time>2026-05-20T20:11:04.087Z</time>
			</trkpt>
			<trkpt lat="45.65992" lon="3.08161">
				<ele>540.96</ele>
				<time>2026-05-20T20:11:05.476Z</time>
			</trkpt>
			<trkpt lat="45.65934" lon="3.08303">
				<ele>535.64</ele>
				<time>2026-05-20T20:11:13.533Z</time>
			</trkpt>
			<trkpt lat="45.65879" lon="3.0843">
				<ele>529.32</ele>
				<time>2026-05-20T20:11:20.877Z</time>
			</trkpt>
			<trkpt lat="45.65862" lon="3.0846">
				<ele>528.03</ele>
				<time>2026-05-20T20:11:22.778Z</time>
			</trkpt>
			<trkpt lat="45.65838" lon="3.08492">
				<ele>526.59</ele>
				<time>2026-05-20T20:11:25.091Z</time>
			</trkpt>
			<trkpt lat="45.6582" lon="3.08506">
				<ele>525.3</ele>
				<time>2026-05-20T20:11:26.537Z</time>
			</trkpt>
			<trkpt lat="45.65809" lon="3.08507">
				<ele>524.83</ele>
				<time>2026-05-20T20:11:27.314Z</time>
			</trkpt>
			<trkpt lat="45.65785" lon="3.08495">
				<ele>525.75</ele>
				<time>2026-05-20T20:11:29.109Z</time>
			</trkpt>
			<trkpt lat="45.65769" lon="3.0849">
				<ele>526.09</ele>
				<time>2026-05-20T20:11:30.266Z</time>
			</trkpt>
			<trkpt lat="45.65637" lon="3.08484">
				<ele>526.03</ele>
				<time>2026-05-20T20:11:39.603Z</time>
			</trkpt>
			<trkpt lat="45.65506" lon="3.08471">
				<ele>522.18</ele>
				<time>2026-05-20T20:11:48.903Z</time>
			</trkpt>
			<trkpt lat="45.65464" lon="3.08474">
				<ele>519.19</ele>
				<time>2026-05-20T20:11:51.882Z</time>
			</trkpt>
			<trkpt lat="45.65449" lon="3.08472">
				<ele>517.52</ele>
				<time>2026-05-20T20:11:52.950Z</time>
			</trkpt>
			<trkpt lat="45.65431" lon="3.08465">
				<ele>516.39</ele>
				<time>2026-05-20T20:11:54.272Z</time>
			</trkpt>
			<trkpt lat="45.65403" lon="3.0845">
				<ele>515.41</ele>
				<time>2026-05-20T20:11:56.390Z</time>
			</trkpt>
			<trkpt lat="45.6538" lon="3.08444">
				<ele>514.38</ele>
				<time>2026-05-20T20:11:58.047Z</time>
			</trkpt>
			<trkpt lat="45.65212" lon="3.08417">
				<ele>514.9</ele>
				<time>2026-05-20T20:12:10.023Z</time>
			</trkpt>
			<trkpt lat="45.65179" lon="3.08415">
				<ele>515.16</ele>
				<time>2026-05-20T20:12:12.361Z</time>
			</trkpt>
			<trkpt lat="45.65142" lon="3.08416">
				<ele>514.15</ele>
				<time>2026-05-20T20:12:14.979Z</time>
			</trkpt>
			<trkpt lat="45.651" lon="3.08427">
				<ele>513.4</ele>
				<time>2026-05-20T20:12:17.999Z</time>
			</trkpt>
			<trkpt lat="45.65068" lon="3.08437">
				<ele>513.88</ele>
				<time>2026-05-20T20:12:20.314Z</time>
			</trkpt>
			<trkpt lat="45.6502" lon="3.08462">
				<ele>514.44</ele>
				<time>2026-05-20T20:12:23.921Z</time>
			</trkpt>
			<trkpt lat="45.65006" lon="3.08466">
				<ele>513.87</ele>
				<time>2026-05-20T20:12:24.929Z</time>
			</trkpt>
			<trkpt lat="45.64991" lon="3.08467">
				<ele>513.78</ele>
				<time>2026-05-20T20:12:25.989Z</time>
			</trkpt>
			<trkpt lat="45.64948" lon="3.08465">
				<ele>515.03</ele>
				<time>2026-05-20T20:12:29.022Z</time>
			</trkpt>
			<trkpt lat="45.64915" lon="3.08474">
				<ele>514.1</ele>
				<time>2026-05-20T20:12:31.389Z</time>
			</trkpt>
			<trkpt lat="45.64876" lon="3.08493">
				<ele>513.29</ele>
				<time>2026-05-20T20:12:34.289Z</time>
			</trkpt>
			<trkpt lat="45.64859" lon="3.08506">
				<ele>514.9</ele>
				<time>2026-05-20T20:12:35.644Z</time>
			</trkpt>
			<trkpt lat="45.64856" lon="3.08501">
				<ele>514.15</ele>
				<time>2026-05-20T20:12:35.968Z</time>
			</trkpt>
			<trkpt lat="45.64847" lon="3.08497">
				<ele>513.74</ele>
				<time>2026-05-20T20:12:36.631Z</time>
			</trkpt>
			<trkpt lat="45.64814" lon="3.08494">
				<ele>514.27</ele>
				<time>2026-05-20T20:12:38.953Z</time>
			</trkpt>
			<trkpt lat="45.6472" lon="3.08491">
				<ele>517.71</ele>
				<time>2026-05-20T20:12:45.544Z</time>
			</trkpt>
			<trkpt lat="45.64702" lon="3.08495">
				<ele>517.95</ele>
				<time>2026-05-20T20:12:46.819Z</time>
			</trkpt>
			<trkpt lat="45.64537" lon="3.08592">
				<ele>519.48</ele>
				<time>2026-05-20T20:12:59.242Z</time>
			</trkpt>
			<trkpt lat="45.64498" lon="3.08601">
				<ele>519.45</ele>
				<time>2026-05-20T20:13:01.970Z</time>
			</trkpt>
			<trkpt lat="45.64471" lon="3.08597">
				<ele>520.97</ele>
				<time>2026-05-20T20:13:03.838Z</time>
			</trkpt>
			<trkpt lat="45.64149" lon="3.08431">
				<ele>526.28</ele>
				<time>2026-05-20T20:13:27.036Z</time>
			</trkpt>
			<trkpt lat="45.64129" lon="3.08415">
				<ele>527.08</ele>
				<time>2026-05-20T20:13:28.568Z</time>
			</trkpt>
			<trkpt lat="45.64113" lon="3.08395">
				<ele>529.18</ele>
				<time>2026-05-20T20:13:29.986Z</time>
			</trkpt>
			<trkpt lat="45.64101" lon="3.08376">
				<ele>530.4</ele>
				<time>2026-05-20T20:13:31.179Z</time>
			</trkpt>
			<trkpt lat="45.64095" lon="3.08363">
				<ele>531.5</ele>
				<time>2026-05-20T20:13:31.904Z</time>
			</trkpt>
			<trkpt lat="45.64073" lon="3.08284">
				<ele>536.09</ele>
				<time>2026-05-20T20:13:35.854Z</time>
			</trkpt>
			<trkpt lat="45.64062" lon="3.08257">
				<ele>539.08</ele>
				<time>2026-05-20T20:13:37.302Z</time>
			</trkpt>
			<trkpt lat="45.64048" lon="3.08237">
				<ele>540.58</ele>
				<time>2026-05-20T20:13:38.612Z</time>
			</trkpt>
			<trkpt lat="45.6403" lon="3.08222">
				<ele>539</ele>
				<time>2026-05-20T20:13:39.989Z</time>
			</trkpt>
			<trkpt lat="45.64021" lon="3.08206">
				<ele>538.91</ele>
				<time>2026-05-20T20:13:40.937Z</time>
			</trkpt>
			<trkpt lat="45.64018" lon="3.08197">
				<ele>539.38</ele>
				<time>2026-05-20T20:13:41.397Z</time>
			</trkpt>
			<trkpt lat="45.64015" lon="3.08162">
				<ele>542.44</ele>
				<time>2026-05-20T20:13:43.023Z</time>
			</trkpt>
			<trkpt lat="45.64011" lon="3.08132">
				<ele>544.05</ele>
				<time>2026-05-20T20:13:44.429Z</time>
			</trkpt>
			<trkpt lat="45.63987" lon="3.08068">
				<ele>544.73</ele>
				<time>2026-05-20T20:13:47.767Z</time>
			</trkpt>
			<trkpt lat="45.63981" lon="3.08034">
				<ele>546.1</ele>
				<time>2026-05-20T20:13:49.375Z</time>
			</trkpt>
			<trkpt lat="45.63979" lon="3.08005">
				<ele>547.98</ele>
				<time>2026-05-20T20:13:50.710Z</time>
			</trkpt>
			<trkpt lat="45.63977" lon="3.0799">
				<ele>548.58</ele>
				<time>2026-05-20T20:13:51.410Z</time>
			</trkpt>
			<trkpt lat="45.63956" lon="3.07928">
				<ele>550.15</ele>
				<time>2026-05-20T20:13:54.560Z</time>
			</trkpt>
			<trkpt lat="45.63956" lon="3.07909">
				<ele>552.53</ele>
				<time>2026-05-20T20:13:55.427Z</time>
			</trkpt>
			<trkpt lat="45.63964" lon="3.07879">
				<ele>556.91</ele>
				<time>2026-05-20T20:13:56.893Z</time>
			</trkpt>
			<trkpt lat="45.63961" lon="3.07858">
				<ele>558.22</ele>
				<time>2026-05-20T20:13:57.870Z</time>
			</trkpt>
			<trkpt lat="45.63954" lon="3.07844">
				<ele>558.36</ele>
				<time>2026-05-20T20:13:58.654Z</time>
			</trkpt>
			<trkpt lat="45.63928" lon="3.07812">
				<ele>558.5</ele>
				<time>2026-05-20T20:14:00.888Z</time>
			</trkpt>
			<trkpt lat="45.63905" lon="3.07761">
				<ele>561.17</ele>
				<time>2026-05-20T20:14:03.647Z</time>
			</trkpt>
			<trkpt lat="45.63901" lon="3.07747">
				<ele>561.83</ele>
				<time>2026-05-20T20:14:04.334Z</time>
			</trkpt>
			<trkpt lat="45.63901" lon="3.07728">
				<ele>563.18</ele>
				<time>2026-05-20T20:14:05.197Z</time>
			</trkpt>
			<trkpt lat="45.63907" lon="3.07703">
				<ele>565.79</ele>
				<time>2026-05-20T20:14:06.397Z</time>
			</trkpt>
			<trkpt lat="45.63909" lon="3.07689">
				<ele>566.8</ele>
				<time>2026-05-20T20:14:07.045Z</time>
			</trkpt>
			<trkpt lat="45.63908" lon="3.07671">
				<ele>567.55</ele>
				<time>2026-05-20T20:14:07.864Z</time>
			</trkpt>
			<trkpt lat="45.63881" lon="3.07555">
				<ele>578.59</ele>
				<time>2026-05-20T20:14:13.400Z</time>
			</trkpt>
			<trkpt lat="45.63871" lon="3.07534">
				<ele>579.85</ele>
				<time>2026-05-20T20:14:14.550Z</time>
			</trkpt>
			<trkpt lat="45.63857" lon="3.07519">
				<ele>580.16</ele>
				<time>2026-05-20T20:14:15.681Z</time>
			</trkpt>
			<trkpt lat="45.63841" lon="3.07508">
				<ele>579.58</ele>
				<time>2026-05-20T20:14:16.828Z</time>
			</trkpt>
			<trkpt lat="45.63784" lon="3.07484">
				<ele>581.54</ele>
				<time>2026-05-20T20:14:20.666Z</time>
			</trkpt>
			<trkpt lat="45.63765" lon="3.0747">
				<ele>583.12</ele>
				<time>2026-05-20T20:14:22.045Z</time>
			</trkpt>
			<trkpt lat="45.63674" lon="3.0737">
				<ele>594.53</ele>
				<time>2026-05-20T20:14:29.446Z</time>
			</trkpt>
			<trkpt lat="45.63572" lon="3.0728">
				<ele>603.28</ele>
				<time>2026-05-20T20:14:37.170Z</time>
			</trkpt>
			<trkpt lat="45.63566" lon="3.07273">
				<ele>604.38</ele>
				<time>2026-05-20T20:14:37.668Z</time>
			</trkpt>
			<trkpt lat="45.63556" lon="3.07252">
				<ele>607.54</ele>
				<time>2026-05-20T20:14:38.813Z</time>
			</trkpt>
			<trkpt lat="45.63551" lon="3.07246">
				<ele>608.34</ele>
				<time>2026-05-20T20:14:39.234Z</time>
			</trkpt>
			<trkpt lat="45.63544" lon="3.07243">
				<ele>608.34</ele>
				<time>2026-05-20T20:14:39.705Z</time>
			</trkpt>
			<trkpt lat="45.63536" lon="3.07245">
				<ele>606.91</ele>
				<time>2026-05-20T20:14:40.228Z</time>
			</trkpt>
			<trkpt lat="45.63528" lon="3.0725">
				<ele>605</ele>
				<time>2026-05-20T20:14:40.791Z</time>
			</trkpt>
			<trkpt lat="45.63513" lon="3.07265">
				<ele>603.86</ele>
				<time>2026-05-20T20:14:41.970Z</time>
			</trkpt>
			<trkpt lat="45.63497" lon="3.07271">
				<ele>605.01</ele>
				<time>2026-05-20T20:14:43.037Z</time>
			</trkpt>
			<trkpt lat="45.63468" lon="3.07276">
				<ele>609.16</ele>
				<time>2026-05-20T20:14:44.920Z</time>
			</trkpt>
			<trkpt lat="45.63441" lon="3.07278">
				<ele>614.55</ele>
				<time>2026-05-20T20:14:46.663Z</time>
			</trkpt>
			<trkpt lat="45.63421" lon="3.0729">
				<ele>616.76</ele>
				<time>2026-05-20T20:14:48.062Z</time>
			</trkpt>
			<trkpt lat="45.63402" lon="3.07305">
				<ele>616.53</ele>
				<time>2026-05-20T20:14:49.463Z</time>
			</trkpt>
			<trkpt lat="45.63354" lon="3.07358">
				<ele>616.28</ele>
				<time>2026-05-20T20:14:53.378Z</time>
			</trkpt>
			<trkpt lat="45.63332" lon="3.07371">
				<ele>620.33</ele>
				<time>2026-05-20T20:14:54.916Z</time>
			</trkpt>
			<trkpt lat="45.63299" lon="3.07374">
				<ele>625.2</ele>
				<time>2026-05-20T20:14:57.054Z</time>
			</trkpt>
			<trkpt lat="45.63274" lon="3.07372">
				<ele>624.3</ele>
				<time>2026-05-20T20:14:58.674Z</time>
			</trkpt>
			<trkpt lat="45.63265" lon="3.07368">
				<ele>624.09</ele>
				<time>2026-05-20T20:14:59.284Z</time>
			</trkpt>
			<trkpt lat="45.63258" lon="3.07361">
				<ele>623.91</ele>
				<time>2026-05-20T20:14:59.837Z</time>
			</trkpt>
			<trkpt lat="45.63254" lon="3.07352">
				<ele>624.08</ele>
				<time>2026-05-20T20:15:00.320Z</time>
			</trkpt>
			<trkpt lat="45.63251" lon="3.0734">
				<ele>624.78</ele>
				<time>2026-05-20T20:15:00.897Z</time>
			</trkpt>
			<trkpt lat="45.63241" lon="3.07226">
				<ele>639.47</ele>
				<time>2026-05-20T20:15:06.106Z</time>
			</trkpt>
			<trkpt lat="45.63237" lon="3.07217">
				<ele>639.71</ele>
				<time>2026-05-20T20:15:06.591Z</time>
			</trkpt>
			<trkpt lat="45.63225" lon="3.07201">
				<ele>638.47</ele>
				<time>2026-05-20T20:15:07.656Z</time>
			</trkpt>
			<trkpt lat="45.63202" lon="3.07191">
				<ele>635.08</ele>
				<time>2026-05-20T20:15:09.219Z</time>
			</trkpt>
			<trkpt lat="45.63196" lon="3.07186">
				<ele>634.72</ele>
				<time>2026-05-20T20:15:09.670Z</time>
			</trkpt>
			<trkpt lat="45.63192" lon="3.07172">
				<ele>636.01</ele>
				<time>2026-05-20T20:15:10.358Z</time>
			</trkpt>
			<trkpt lat="45.63194" lon="3.07131">
				<ele>642.34</ele>
				<time>2026-05-20T20:15:12.229Z</time>
			</trkpt>
			<trkpt lat="45.63193" lon="3.07119">
				<ele>644.34</ele>
				<time>2026-05-20T20:15:12.780Z</time>
			</trkpt>
			<trkpt lat="45.63188" lon="3.07103">
				<ele>645.96</ele>
				<time>2026-05-20T20:15:13.579Z</time>
			</trkpt>
			<trkpt lat="45.63159" lon="3.0707">
				<ele>644.89</ele>
				<time>2026-05-20T20:15:15.997Z</time>
			</trkpt>
			<trkpt lat="45.63155" lon="3.07062">
				<ele>645.84</ele>
				<time>2026-05-20T20:15:16.446Z</time>
			</trkpt>
			<trkpt lat="45.63147" lon="3.07035">
				<ele>650.22</ele>
				<time>2026-05-20T20:15:17.785Z</time>
			</trkpt>
			<trkpt lat="45.63134" lon="3.07015">
				<ele>654.32</ele>
				<time>2026-05-20T20:15:19.034Z</time>
			</trkpt>
			<trkpt lat="45.63126" lon="3.0701">
				<ele>655.56</ele>
				<time>2026-05-20T20:15:19.605Z</time>
			</trkpt>
			<trkpt lat="45.63109" lon="3.07002">
				<ele>656.17</ele>
				<time>2026-05-20T20:15:20.777Z</time>
			</trkpt>
			<trkpt lat="45.63061" lon="3.0699">
				<ele>655.43</ele>
				<time>2026-05-20T20:15:23.973Z</time>
			</trkpt>
			<trkpt lat="45.63046" lon="3.0698">
				<ele>655.9</ele>
				<time>2026-05-20T20:15:25.060Z</time>
			</trkpt>
			<trkpt lat="45.6304" lon="3.06964">
				<ele>658.16</ele>
				<time>2026-05-20T20:15:25.894Z</time>
			</trkpt>
			<trkpt lat="45.63038" lon="3.06928">
				<ele>667.07</ele>
				<time>2026-05-20T20:15:27.556Z</time>
			</trkpt>
			<trkpt lat="45.6303" lon="3.0692">
				<ele>667.36</ele>
				<time>2026-05-20T20:15:28.199Z</time>
			</trkpt>
			<trkpt lat="45.6302" lon="3.06919">
				<ele>667.58</ele>
				<time>2026-05-20T20:15:28.860Z</time>
			</trkpt>
			<trkpt lat="45.63015" lon="3.06922">
				<ele>667.75</ele>
				<time>2026-05-20T20:15:29.217Z</time>
			</trkpt>
			<trkpt lat="45.63001" lon="3.06944">
				<ele>661.93</ele>
				<time>2026-05-20T20:15:30.589Z</time>
			</trkpt>
			<trkpt lat="45.62996" lon="3.06949">
				<ele>661.23</ele>
				<time>2026-05-20T20:15:30.992Z</time>
			</trkpt>
			<trkpt lat="45.62991" lon="3.06951">
				<ele>661.37</ele>
				<time>2026-05-20T20:15:31.335Z</time>
			</trkpt>
			<trkpt lat="45.62986" lon="3.06952">
				<ele>661.94</ele>
				<time>2026-05-20T20:15:31.669Z</time>
			</trkpt>
			<trkpt lat="45.62929" lon="3.06938">
				<ele>670.65</ele>
				<time>2026-05-20T20:15:35.496Z</time>
			</trkpt>
			<trkpt lat="45.62919" lon="3.06928">
				<ele>673.02</ele>
				<time>2026-05-20T20:15:36.306Z</time>
			</trkpt>
			<trkpt lat="45.6291" lon="3.06908">
				<ele>676.75</ele>
				<time>2026-05-20T20:15:37.410Z</time>
			</trkpt>
			<trkpt lat="45.62887" lon="3.06893">
				<ele>679.46</ele>
				<time>2026-05-20T20:15:39.090Z</time>
			</trkpt>
			<trkpt lat="45.6288" lon="3.06885">
				<ele>681.11</ele>
				<time>2026-05-20T20:15:39.687Z</time>
			</trkpt>
			<trkpt lat="45.62849" lon="3.06828">
				<ele>686.96</ele>
				<time>2026-05-20T20:15:43.053Z</time>
			</trkpt>
			<trkpt lat="45.62841" lon="3.06818">
				<ele>687.09</ele>
				<time>2026-05-20T20:15:43.763Z</time>
			</trkpt>
			<trkpt lat="45.62832" lon="3.06812">
				<ele>686.76</ele>
				<time>2026-05-20T20:15:44.427Z</time>
			</trkpt>
			<trkpt lat="45.62823" lon="3.0681">
				<ele>687.14</ele>
				<time>2026-05-20T20:15:45.037Z</time>
			</trkpt>
			<trkpt lat="45.62768" lon="3.06803">
				<ele>689.09</ele>
				<time>2026-05-20T20:15:48.740Z</time>
			</trkpt>
			<trkpt lat="45.62746" lon="3.06789">
				<ele>691.46</ele>
				<time>2026-05-20T20:15:50.359Z</time>
			</trkpt>
			<trkpt lat="45.62708" lon="3.06746">
				<ele>696.09</ele>
				<time>2026-05-20T20:15:53.627Z</time>
			</trkpt>
			<trkpt lat="45.62626" lon="3.06637">
				<ele>704.18</ele>
				<time>2026-05-20T20:16:01.226Z</time>
			</trkpt>
			<trkpt lat="45.62507" lon="3.06563">
				<ele>714.91</ele>
				<time>2026-05-20T20:16:10.124Z</time>
			</trkpt>
			<trkpt lat="45.62479" lon="3.06554">
				<ele>715.07</ele>
				<time>2026-05-20T20:16:12.106Z</time>
			</trkpt>
			<trkpt lat="45.62451" lon="3.06551">
				<ele>715.19</ele>
				<time>2026-05-20T20:16:14.050Z</time>
			</trkpt>
			<trkpt lat="45.62434" lon="3.06533">
				<ele>715.87</ele>
				<time>2026-05-20T20:16:15.518Z</time>
			</trkpt>
			<trkpt lat="45.62389" lon="3.06423">
				<ele>722.06</ele>
				<time>2026-05-20T20:16:21.737Z</time>
			</trkpt>
			<trkpt lat="45.62379" lon="3.06406">
				<ele>723.81</ele>
				<time>2026-05-20T20:16:22.827Z</time>
			</trkpt>
			<trkpt lat="45.6236" lon="3.06386">
				<ele>725.29</ele>
				<time>2026-05-20T20:16:24.485Z</time>
			</trkpt>
			<trkpt lat="45.62336" lon="3.0638">
				<ele>723.86</ele>
				<time>2026-05-20T20:16:26.202Z</time>
			</trkpt>
			<trkpt lat="45.62255" lon="3.06295">
				<ele>732.37</ele>
				<time>2026-05-20T20:16:33.328Z</time>
			</trkpt>
			<trkpt lat="45.62238" lon="3.06284">
				<ele>732.84</ele>
				<time>2026-05-20T20:16:34.660Z</time>
			</trkpt>
			<trkpt lat="45.62212" lon="3.0629">
				<ele>734.04</ele>
				<time>2026-05-20T20:16:36.544Z</time>
			</trkpt>
			<trkpt lat="45.62163" lon="3.06317">
				<ele>739.63</ele>
				<time>2026-05-20T20:16:40.319Z</time>
			</trkpt>
			<trkpt lat="45.62144" lon="3.06318">
				<ele>739.9</ele>
				<time>2026-05-20T20:16:41.691Z</time>
			</trkpt>
			<trkpt lat="45.62128" lon="3.06309">
				<ele>740</ele>
				<time>2026-05-20T20:16:42.934Z</time>
			</trkpt>
			<trkpt lat="45.62116" lon="3.06297">
				<ele>740.05</ele>
				<time>2026-05-20T20:16:43.995Z</time>
			</trkpt>
			<trkpt lat="45.62105" lon="3.06274">
				<ele>740.4</ele>
				<time>2026-05-20T20:16:45.410Z</time>
			</trkpt>
			<trkpt lat="45.62097" lon="3.06249">
				<ele>742.03</ele>
				<time>2026-05-20T20:16:46.809Z</time>
			</trkpt>
			<trkpt lat="45.62087" lon="3.0618">
				<ele>745.96</ele>
				<time>2026-05-20T20:16:50.410Z</time>
			</trkpt>
			<trkpt lat="45.62012" lon="3.05822">
				<ele>757.39</ele>
				<time>2026-05-20T20:17:09.878Z</time>
			</trkpt>
			<trkpt lat="45.62005" lon="3.05763">
				<ele>763.28</ele>
				<time>2026-05-20T20:17:13.057Z</time>
			</trkpt>
			<trkpt lat="45.62004" lon="3.05602">
				<ele>773.07</ele>
				<time>2026-05-20T20:17:21.699Z</time>
			</trkpt>
			<trkpt lat="45.62014" lon="3.05505">
				<ele>778.53</ele>
				<time>2026-05-20T20:17:27.028Z</time>
			</trkpt>
			<trkpt lat="45.62014" lon="3.05482">
				<ele>780.28</ele>
				<time>2026-05-20T20:17:28.286Z</time>
			</trkpt>
			<trkpt lat="45.6201" lon="3.05456">
				<ele>782.11</ele>
				<time>2026-05-20T20:17:29.745Z</time>
			</trkpt>
			<trkpt lat="45.61988" lon="3.05403">
				<ele>785.06</ele>
				<time>2026-05-20T20:17:33.138Z</time>
			</trkpt>
			<trkpt lat="45.61981" lon="3.05367">
				<ele>786.9</ele>
				<time>2026-05-20T20:17:35.205Z</time>
			</trkpt>
			<trkpt lat="45.61977" lon="3.05298">
				<ele>791.81</ele>
				<time>2026-05-20T20:17:39.056Z</time>
			</trkpt>
			<trkpt lat="45.61974" lon="3.05277">
				<ele>794.1</ele>
				<time>2026-05-20T20:17:40.254Z</time>
			</trkpt>
			<trkpt lat="45.61964" lon="3.05262">
				<ele>795.09</ele>
				<time>2026-05-20T20:17:41.414Z</time>
			</trkpt>
			<trkpt lat="45.61943" lon="3.05233">
				<ele>795.13</ele>
				<time>2026-05-20T20:17:43.760Z</time>
			</trkpt>
			<trkpt lat="45.61961" lon="3.05211">
				<ele>797.65</ele>
				<time>2026-05-20T20:17:45.669Z</time>
			</trkpt>
			<trkpt lat="45.61969" lon="3.05196">
				<ele>798.7</ele>
				<time>2026-05-20T20:17:46.736Z</time>
			</trkpt>
			<trkpt lat="45.61977" lon="3.05148">
				<ele>802.75</ele>
				<time>2026-05-20T20:17:49.537Z</time>
			</trkpt>
			<trkpt lat="45.61991" lon="3.05091">
				<ele>807.04</ele>
				<time>2026-05-20T20:17:52.986Z</time>
			</trkpt>
			<trkpt lat="45.61998" lon="3.05032">
				<ele>810.75</ele>
				<time>2026-05-20T20:17:56.424Z</time>
			</trkpt>
			<trkpt lat="45.62008" lon="3.04986">
				<ele>814.47</ele>
				<time>2026-05-20T20:17:59.208Z</time>
			</trkpt>
			<trkpt lat="45.62041" lon="3.04909">
				<ele>824.13</ele>
				<time>2026-05-20T20:18:04.466Z</time>
			</trkpt>
			<trkpt lat="45.62055" lon="3.0489">
				<ele>826.02</ele>
				<time>2026-05-20T20:18:06.083Z</time>
			</trkpt>
			<trkpt lat="45.62089" lon="3.04864">
				<ele>830.98</ele>
				<time>2026-05-20T20:18:09.362Z</time>
			</trkpt>
			<trkpt lat="45.62108" lon="3.04846">
				<ele>832.57</ele>
				<time>2026-05-20T20:18:11.352Z</time>
			</trkpt>
			<trkpt lat="45.62168" lon="3.04776">
				<ele>839.19</ele>
				<time>2026-05-20T20:18:18.375Z</time>
			</trkpt>
			<trkpt lat="45.62177" lon="3.04758">
				<ele>840.85</ele>
				<time>2026-05-20T20:18:19.823Z</time>
			</trkpt>
			<trkpt lat="45.62183" lon="3.04741">
				<ele>842.52</ele>
				<time>2026-05-20T20:18:21.079Z</time>
			</trkpt>
			<trkpt lat="45.62197" lon="3.04689">
				<ele>846.49</ele>
				<time>2026-05-20T20:18:24.806Z</time>
			</trkpt>
			<trkpt lat="45.62219" lon="3.04596">
				<ele>853.66</ele>
				<time>2026-05-20T20:18:31.537Z</time>
			</trkpt>
			<trkpt lat="45.62233" lon="3.04526">
				<ele>858.29</ele>
				<time>2026-05-20T20:18:36.636Z</time>
			</trkpt>
			<trkpt lat="45.62246" lon="3.04416">
				<ele>862.74</ele>
				<time>2026-05-20T20:18:44.567Z</time>
			</trkpt>
			<trkpt lat="45.62246" lon="3.04377">
				<ele>862.92</ele>
				<time>2026-05-20T20:18:47.361Z</time>
			</trkpt>
			<trkpt lat="45.62218" lon="3.0417">
				<ele>864.52</ele>
				<time>2026-05-20T20:19:02.472Z</time>
			</trkpt>
			<trkpt lat="45.6221" lon="3.04121">
				<ele>864.67</ele>
				<time>2026-05-20T20:19:06.040Z</time>
			</trkpt>
			<trkpt lat="45.62206" lon="3.04111">
				<ele>865.3</ele>
				<time>2026-05-20T20:19:06.854Z</time>
			</trkpt>
			<trkpt lat="45.62197" lon="3.04081">
				<ele>866.37</ele>
				<time>2026-05-20T20:19:09.149Z</time>
			</trkpt>
			<trkpt lat="45.62177" lon="3.04002">
				<ele>870.17</ele>
				<time>2026-05-20T20:19:14.980Z</time>
			</trkpt>
			<trkpt lat="45.62175" lon="3.03925">
				<ele>869.86</ele>
				<time>2026-05-20T20:19:20.209Z</time>
			</trkpt>
			<trkpt lat="45.62185" lon="3.03773">
				<ele>865.59</ele>
				<time>2026-05-20T20:19:30.127Z</time>
			</trkpt>
			<trkpt lat="45.62182" lon="3.0365">
				<ele>867.39</ele>
				<time>2026-05-20T20:19:37.666Z</time>
			</trkpt>
			<trkpt lat="45.6215" lon="3.03489">
				<ele>868.71</ele>
				<time>2026-05-20T20:19:47.706Z</time>
			</trkpt>
			<trkpt lat="45.62143" lon="3.034">
				<ele>867.49</ele>
				<time>2026-05-20T20:19:52.999Z</time>
			</trkpt>
			<trkpt lat="45.62133" lon="3.03325">
				<ele>869.75</ele>
				<time>2026-05-20T20:19:57.470Z</time>
			</trkpt>
			<trkpt lat="45.62118" lon="3.03292">
				<ele>870.71</ele>
				<time>2026-05-20T20:19:59.760Z</time>
			</trkpt>
			<trkpt lat="45.62081" lon="3.03235">
				<ele>871</ele>
				<time>2026-05-20T20:20:04.257Z</time>
			</trkpt>
			<trkpt lat="45.62052" lon="3.03182">
				<ele>870.66</ele>
				<time>2026-05-20T20:20:08.118Z</time>
			</trkpt>
			<trkpt lat="45.62013" lon="3.03051">
				<ele>871.55</ele>
				<time>2026-05-20T20:20:16.203Z</time>
			</trkpt>
			<trkpt lat="45.62003" lon="3.03012">
				<ele>871.26</ele>
				<time>2026-05-20T20:20:18.540Z</time>
			</trkpt>
			<trkpt lat="45.61999" lon="3.02985">
				<ele>870.45</ele>
				<time>2026-05-20T20:20:20.088Z</time>
			</trkpt>
			<trkpt lat="45.62003" lon="3.0284">
				<ele>872.79</ele>
				<time>2026-05-20T20:20:28.164Z</time>
			</trkpt>
			<trkpt lat="45.62003" lon="3.02796">
				<ele>873.98</ele>
				<time>2026-05-20T20:20:30.592Z</time>
			</trkpt>
			<trkpt lat="45.61995" lon="3.02767">
				<ele>874.16</ele>
				<time>2026-05-20T20:20:32.307Z</time>
			</trkpt>
			<trkpt lat="45.61862" lon="3.02524">
				<ele>882.44</ele>
				<time>2026-05-20T20:20:49.052Z</time>
			</trkpt>
			<trkpt lat="45.61845" lon="3.02489">
				<ele>885.16</ele>
				<time>2026-05-20T20:20:51.335Z</time>
			</trkpt>
			<trkpt lat="45.61813" lon="3.02335">
				<ele>890.53</ele>
				<time>2026-05-20T20:20:59.883Z</time>
			</trkpt>
			<trkpt lat="45.61802" lon="3.02295">
				<ele>889.79</ele>
				<time>2026-05-20T20:21:02.156Z</time>
			</trkpt>
			<trkpt lat="45.61768" lon="3.02212">
				<ele>892.49</ele>
				<time>2026-05-20T20:21:07.222Z</time>
			</trkpt>
			<trkpt lat="45.61754" lon="3.02175">
				<ele>893.19</ele>
				<time>2026-05-20T20:21:09.430Z</time>
			</trkpt>
			<trkpt lat="45.61742" lon="3.0203">
				<ele>895.89</ele>
				<time>2026-05-20T20:21:17.056Z</time>
			</trkpt>
			<trkpt lat="45.61743" lon="3.01979">
				<ele>896.49</ele>
				<time>2026-05-20T20:21:19.710Z</time>
			</trkpt>
			<trkpt lat="45.61751" lon="3.01863">
				<ele>896.14</ele>
				<time>2026-05-20T20:21:25.751Z</time>
			</trkpt>
			<trkpt lat="45.61722" lon="3.01655">
				<ele>893.01</ele>
				<time>2026-05-20T20:21:36.686Z</time>
			</trkpt>
			<trkpt lat="45.61711" lon="3.01545">
				<ele>895.76</ele>
				<time>2026-05-20T20:21:42.392Z</time>
			</trkpt>
			<trkpt lat="45.61704" lon="3.01455">
				<ele>895.9</ele>
				<time>2026-05-20T20:21:47.034Z</time>
			</trkpt>
			<trkpt lat="45.61702" lon="3.01309">
				<ele>896.59</ele>
				<time>2026-05-20T20:21:54.509Z</time>
			</trkpt>
			<trkpt lat="45.61699" lon="3.01269">
				<ele>895.35</ele>
				<time>2026-05-20T20:21:56.568Z</time>
			</trkpt>
			<trkpt lat="45.61681" lon="3.01118">
				<ele>898.66</ele>
				<time>2026-05-20T20:22:04.405Z</time>
			</trkpt>
			<trkpt lat="45.61661" lon="3.00999">
				<ele>902.29</ele>
				<time>2026-05-20T20:22:10.673Z</time>
			</trkpt>
			<trkpt lat="45.61658" lon="3.00957">
				<ele>903.22</ele>
				<time>2026-05-20T20:22:12.837Z</time>
			</trkpt>
			<trkpt lat="45.6166" lon="3.00852">
				<ele>904.25</ele>
				<time>2026-05-20T20:22:18.228Z</time>
			</trkpt>
			<trkpt lat="45.61659" lon="3.00761">
				<ele>907.83</ele>
				<time>2026-05-20T20:22:22.909Z</time>
			</trkpt>
			<trkpt lat="45.61663" lon="3.00688">
				<ele>906.36</ele>
				<time>2026-05-20T20:22:26.684Z</time>
			</trkpt>
			<trkpt lat="45.61704" lon="3.00501">
				<ele>906.47</ele>
				<time>2026-05-20T20:22:36.829Z</time>
			</trkpt>
			<trkpt lat="45.61705" lon="3.00475">
				<ele>905.74</ele>
				<time>2026-05-20T20:22:38.183Z</time>
			</trkpt>
			<trkpt lat="45.61695" lon="3.00355">
				<ele>905.27</ele>
				<time>2026-05-20T20:22:44.485Z</time>
			</trkpt>
			<trkpt lat="45.61695" lon="3.00326">
				<ele>905.01</ele>
				<time>2026-05-20T20:22:46.003Z</time>
			</trkpt>
			<trkpt lat="45.61695" lon="3.0021">
				<ele>902.76</ele>
				<time>2026-05-20T20:22:52.097Z</time>
			</trkpt>
			<trkpt lat="45.61699" lon="3.00125">
				<ele>899.45</ele>
				<time>2026-05-20T20:22:56.597Z</time>
			</trkpt>
			<trkpt lat="45.61691" lon="3.00019">
				<ele>894.66</ele>
				<time>2026-05-20T20:23:02.262Z</time>
			</trkpt>
			<trkpt lat="45.61666" lon="3.00041">
				<ele>892.45</ele>
				<time>2026-05-20T20:23:04.503Z</time>
			</trkpt>
			<trkpt lat="45.61641" lon="3.00081">
				<ele>891.25</ele>
				<time>2026-05-20T20:23:07.376Z</time>
			</trkpt>
			<trkpt lat="45.6163" lon="3.00084">
				<ele>889.57</ele>
				<time>2026-05-20T20:23:08.229Z</time>
			</trkpt>
			<trkpt lat="45.61623" lon="3.00078">
				<ele>888.16</ele>
				<time>2026-05-20T20:23:08.842Z</time>
			</trkpt>
			<trkpt lat="45.61603" lon="3.00052">
				<ele>884.17</ele>
				<time>2026-05-20T20:23:10.837Z</time>
			</trkpt>
			<trkpt lat="45.61589" lon="2.99984">
				<ele>877.54</ele>
				<time>2026-05-20T20:23:14.435Z</time>
			</trkpt>
			<trkpt lat="45.61587" lon="2.99964">
				<ele>877.08</ele>
				<time>2026-05-20T20:23:15.470Z</time>
			</trkpt>
			<trkpt lat="45.61593" lon="2.99944">
				<ele>878.23</ele>
				<time>2026-05-20T20:23:16.598Z</time>
			</trkpt>
			<trkpt lat="45.6161" lon="2.99911">
				<ele>880.77</ele>
				<time>2026-05-20T20:23:18.784Z</time>
			</trkpt>
			<trkpt lat="45.61627" lon="2.99887">
				<ele>882.29</ele>
				<time>2026-05-20T20:23:20.690Z</time>
			</trkpt>
			<trkpt lat="45.61634" lon="2.99856">
				<ele>881.49</ele>
				<time>2026-05-20T20:23:22.601Z</time>
			</trkpt>
			<trkpt lat="45.61633" lon="2.99826">
				<ele>880.58</ele>
				<time>2026-05-20T20:23:24.471Z</time>
			</trkpt>
			<trkpt lat="45.61629" lon="2.99803">
				<ele>880.34</ele>
				<time>2026-05-20T20:23:26.124Z</time>
			</trkpt>
			<trkpt lat="45.61618" lon="2.99781">
				<ele>879.54</ele>
				<time>2026-05-20T20:23:28.140Z</time>
			</trkpt>
			<trkpt lat="45.61602" lon="2.99757">
				<ele>878.81</ele>
				<time>2026-05-20T20:23:30.592Z</time>
			</trkpt>
			<trkpt lat="45.61588" lon="2.99744">
				<ele>879</ele>
				<time>2026-05-20T20:23:32.206Z</time>
			</trkpt>
			<trkpt lat="45.61571" lon="2.99732">
				<ele>878.67</ele>
				<time>2026-05-20T20:23:33.961Z</time>
			</trkpt>
			<trkpt lat="45.61553" lon="2.99728">
				<ele>878.57</ele>
				<time>2026-05-20T20:23:35.642Z</time>
			</trkpt>
			<trkpt lat="45.61534" lon="2.9973">
				<ele>878.38</ele>
				<time>2026-05-20T20:23:37.395Z</time>
			</trkpt>
			<trkpt lat="45.61499" lon="2.99728">
				<ele>877.54</ele>
				<time>2026-05-20T20:23:40.605Z</time>
			</trkpt>
			<trkpt lat="45.61439" lon="2.99711">
				<ele>876.88</ele>
				<time>2026-05-20T20:23:46.171Z</time>
			</trkpt>
			<trkpt lat="45.61403" lon="2.99698">
				<ele>877.85</ele>
				<time>2026-05-20T20:23:49.524Z</time>
			</trkpt>
			<trkpt lat="45.61351" lon="2.99663">
				<ele>880.24</ele>
				<time>2026-05-20T20:23:54.680Z</time>
			</trkpt>
			<trkpt lat="45.61232" lon="2.9961">
				<ele>886.37</ele>
				<time>2026-05-20T20:24:05.714Z</time>
			</trkpt>
			<trkpt lat="45.61217" lon="2.99595">
				<ele>888.24</ele>
				<time>2026-05-20T20:24:07.319Z</time>
			</trkpt>
			<trkpt lat="45.61169" lon="2.99528">
				<ele>893.9</ele>
				<time>2026-05-20T20:24:13.163Z</time>
			</trkpt>
			<trkpt lat="45.61156" lon="2.99524">
				<ele>894.73</ele>
				<time>2026-05-20T20:24:14.315Z</time>
			</trkpt>
			<trkpt lat="45.61141" lon="2.99528">
				<ele>894.86</ele>
				<time>2026-05-20T20:24:15.635Z</time>
			</trkpt>
			<trkpt lat="45.61107" lon="2.99551">
				<ele>896.49</ele>
				<time>2026-05-20T20:24:18.876Z</time>
			</trkpt>
			<trkpt lat="45.61071" lon="2.99582">
				<ele>898.41</ele>
				<time>2026-05-20T20:24:22.478Z</time>
			</trkpt>
			<trkpt lat="45.61056" lon="2.99586">
				<ele>899.51</ele>
				<time>2026-05-20T20:24:23.781Z</time>
			</trkpt>
			<trkpt lat="45.61037" lon="2.99584">
				<ele>902.4</ele>
				<time>2026-05-20T20:24:25.404Z</time>
			</trkpt>
			<trkpt lat="45.61021" lon="2.99578">
				<ele>904.3</ele>
				<time>2026-05-20T20:24:26.810Z</time>
			</trkpt>
			<trkpt lat="45.61007" lon="2.99569">
				<ele>904.64</ele>
				<time>2026-05-20T20:24:28.112Z</time>
			</trkpt>
			<trkpt lat="45.60993" lon="2.99554">
				<ele>905.04</ele>
				<time>2026-05-20T20:24:29.593Z</time>
			</trkpt>
			<trkpt lat="45.6098" lon="2.99537">
				<ele>906.28</ele>
				<time>2026-05-20T20:24:31.080Z</time>
			</trkpt>
			<trkpt lat="45.60971" lon="2.99519">
				<ele>906.99</ele>
				<time>2026-05-20T20:24:32.385Z</time>
			</trkpt>
			<trkpt lat="45.6095" lon="2.99463">
				<ele>909.3</ele>
				<time>2026-05-20T20:24:36.116Z</time>
			</trkpt>
			<trkpt lat="45.60912" lon="2.99355">
				<ele>919.39</ele>
				<time>2026-05-20T20:24:43.160Z</time>
			</trkpt>
			<trkpt lat="45.60902" lon="2.99319">
				<ele>921.74</ele>
				<time>2026-05-20T20:24:45.401Z</time>
			</trkpt>
			<trkpt lat="45.60882" lon="2.99212">
				<ele>920.67</ele>
				<time>2026-05-20T20:24:51.771Z</time>
			</trkpt>
			<trkpt lat="45.60843" lon="2.99105">
				<ele>915.32</ele>
				<time>2026-05-20T20:24:58.646Z</time>
			</trkpt>
			<trkpt lat="45.60778" lon="2.98982">
				<ele>908.43</ele>
				<time>2026-05-20T20:25:07.337Z</time>
			</trkpt>
			<trkpt lat="45.60746" lon="2.98931">
				<ele>903.39</ele>
				<time>2026-05-20T20:25:11.168Z</time>
			</trkpt>
			<trkpt lat="45.60609" lon="2.98792">
				<ele>893.67</ele>
				<time>2026-05-20T20:25:24.453Z</time>
			</trkpt>
			<trkpt lat="45.60595" lon="2.98777">
				<ele>892.27</ele>
				<time>2026-05-20T20:25:25.825Z</time>
			</trkpt>
			<trkpt lat="45.60587" lon="2.98765">
				<ele>891.48</ele>
				<time>2026-05-20T20:25:26.732Z</time>
			</trkpt>
			<trkpt lat="45.60561" lon="2.98701">
				<ele>886.32</ele>
				<time>2026-05-20T20:25:30.773Z</time>
			</trkpt>
			<trkpt lat="45.60555" lon="2.98681">
				<ele>884.84</ele>
				<time>2026-05-20T20:25:31.958Z</time>
			</trkpt>
			<trkpt lat="45.60556" lon="2.98659">
				<ele>884.89</ele>
				<time>2026-05-20T20:25:33.157Z</time>
			</trkpt>
			<trkpt lat="45.60564" lon="2.98631">
				<ele>884.89</ele>
				<time>2026-05-20T20:25:34.799Z</time>
			</trkpt>
			<trkpt lat="45.60568" lon="2.98612">
				<ele>884.34</ele>
				<time>2026-05-20T20:25:35.874Z</time>
			</trkpt>
			<trkpt lat="45.60567" lon="2.98588">
				<ele>883.64</ele>
				<time>2026-05-20T20:25:37.176Z</time>
			</trkpt>
			<trkpt lat="45.60563" lon="2.9857">
				<ele>882.29</ele>
				<time>2026-05-20T20:25:38.197Z</time>
			</trkpt>
			<trkpt lat="45.60559" lon="2.98543">
				<ele>880.1</ele>
				<time>2026-05-20T20:25:39.687Z</time>
			</trkpt>
			<trkpt lat="45.60557" lon="2.98514">
				<ele>877.19</ele>
				<time>2026-05-20T20:25:41.258Z</time>
			</trkpt>
			<trkpt lat="45.60558" lon="2.98486">
				<ele>875.91</ele>
				<time>2026-05-20T20:25:42.767Z</time>
			</trkpt>
			<trkpt lat="45.60565" lon="2.98422">
				<ele>873.62</ele>
				<time>2026-05-20T20:25:46.245Z</time>
			</trkpt>
			<trkpt lat="45.60564" lon="2.98384">
				<ele>871.72</ele>
				<time>2026-05-20T20:25:48.281Z</time>
			</trkpt>
			<trkpt lat="45.60558" lon="2.98364">
				<ele>869.03</ele>
				<time>2026-05-20T20:25:49.445Z</time>
			</trkpt>
			<trkpt lat="45.6054" lon="2.98346">
				<ele>868.52</ele>
				<time>2026-05-20T20:25:51.121Z</time>
			</trkpt>
			<trkpt lat="45.60505" lon="2.98323">
				<ele>874.24</ele>
				<time>2026-05-20T20:25:54.054Z</time>
			</trkpt>
			<trkpt lat="45.60494" lon="2.98319">
				<ele>877.18</ele>
				<time>2026-05-20T20:25:54.917Z</time>
			</trkpt>
			<trkpt lat="45.60477" lon="2.98328">
				<ele>878.56</ele>
				<time>2026-05-20T20:25:56.294Z</time>
			</trkpt>
			<trkpt lat="45.60459" lon="2.9836">
				<ele>874.13</ele>
				<time>2026-05-20T20:25:58.472Z</time>
			</trkpt>
			<trkpt lat="45.60439" lon="2.98369">
				<ele>875.82</ele>
				<time>2026-05-20T20:26:00.059Z</time>
			</trkpt>
			<trkpt lat="45.60409" lon="2.98373">
				<ele>886.26</ele>
				<time>2026-05-20T20:26:02.337Z</time>
			</trkpt>
			<trkpt lat="45.60358" lon="2.9841">
				<ele>891.37</ele>
				<time>2026-05-20T20:26:06.648Z</time>
			</trkpt>
			<trkpt lat="45.60334" lon="2.9845">
				<ele>890.68</ele>
				<time>2026-05-20T20:26:09.419Z</time>
			</trkpt>
			<trkpt lat="45.60319" lon="2.98512">
				<ele>886.76</ele>
				<time>2026-05-20T20:26:12.862Z</time>
			</trkpt>
			<trkpt lat="45.60292" lon="2.98649">
				<ele>891.27</ele>
				<time>2026-05-20T20:26:20.303Z</time>
			</trkpt>
			<trkpt lat="45.60262" lon="2.98755">
				<ele>895.6</ele>
				<time>2026-05-20T20:26:26.256Z</time>
			</trkpt>
			<trkpt lat="45.60214" lon="2.9886">
				<ele>913.64</ele>
				<time>2026-05-20T20:26:32.765Z</time>
			</trkpt>
			<trkpt lat="45.60191" lon="2.98924">
				<ele>914.76</ele>
				<time>2026-05-20T20:26:36.489Z</time>
			</trkpt>
			<trkpt lat="45.60185" lon="2.9895">
				<ele>915.36</ele>
				<time>2026-05-20T20:26:37.905Z</time>
			</trkpt>
			<trkpt lat="45.60183" lon="2.98992">
				<ele>913.95</ele>
				<time>2026-05-20T20:26:40.081Z</time>
			</trkpt>
			<trkpt lat="45.60179" lon="2.99009">
				<ele>914.74</ele>
				<time>2026-05-20T20:26:41.007Z</time>
			</trkpt>
			<trkpt lat="45.60172" lon="2.99019">
				<ele>916.85</ele>
				<time>2026-05-20T20:26:41.738Z</time>
			</trkpt>
			<trkpt lat="45.60163" lon="2.99023">
				<ele>919.29</ele>
				<time>2026-05-20T20:26:42.433Z</time>
			</trkpt>
			<trkpt lat="45.60154" lon="2.99023">
				<ele>922.01</ele>
				<time>2026-05-20T20:26:43.097Z</time>
			</trkpt>
			<trkpt lat="45.60147" lon="2.99017">
				<ele>924.33</ele>
				<time>2026-05-20T20:26:43.699Z</time>
			</trkpt>
			<trkpt lat="45.60141" lon="2.99005">
				<ele>926.24</ele>
				<time>2026-05-20T20:26:44.460Z</time>
			</trkpt>
			<trkpt lat="45.60139" lon="2.98982">
				<ele>927.43</ele>
				<time>2026-05-20T20:26:45.655Z</time>
			</trkpt>
			<trkpt lat="45.60144" lon="2.98942">
				<ele>929.64</ele>
				<time>2026-05-20T20:26:47.750Z</time>
			</trkpt>
			<trkpt lat="45.60159" lon="2.98896">
				<ele>930.35</ele>
				<time>2026-05-20T20:26:50.364Z</time>
			</trkpt>
			<trkpt lat="45.60169" lon="2.98844">
				<ele>933.53</ele>
				<time>2026-05-20T20:26:53.141Z</time>
			</trkpt>
			<trkpt lat="45.60181" lon="2.98803">
				<ele>929.58</ele>
				<time>2026-05-20T20:26:55.428Z</time>
			</trkpt>
			<trkpt lat="45.60181" lon="2.98782">
				<ele>929.27</ele>
				<time>2026-05-20T20:26:56.508Z</time>
			</trkpt>
			<trkpt lat="45.60176" lon="2.98758">
				<ele>931.1</ele>
				<time>2026-05-20T20:26:57.796Z</time>
			</trkpt>
			<trkpt lat="45.60152" lon="2.98658">
				<ele>938.53</ele>
				<time>2026-05-20T20:27:03.232Z</time>
			</trkpt>
			<trkpt lat="45.60146" lon="2.98624">
				<ele>939.11</ele>
				<time>2026-05-20T20:27:05.035Z</time>
			</trkpt>
			<trkpt lat="45.60145" lon="2.98589">
				<ele>938.51</ele>
				<time>2026-05-20T20:27:06.836Z</time>
			</trkpt>
			<trkpt lat="45.60141" lon="2.98559">
				<ele>938.65</ele>
				<time>2026-05-20T20:27:08.405Z</time>
			</trkpt>
			<trkpt lat="45.60132" lon="2.98539">
				<ele>939.22</ele>
				<time>2026-05-20T20:27:09.628Z</time>
			</trkpt>
			<trkpt lat="45.6012" lon="2.98528">
				<ele>939.67</ele>
				<time>2026-05-20T20:27:10.675Z</time>
			</trkpt>
			<trkpt lat="45.60101" lon="2.98528">
				<ele>938.9</ele>
				<time>2026-05-20T20:27:12.071Z</time>
			</trkpt>
			<trkpt lat="45.60087" lon="2.98533">
				<ele>937.42</ele>
				<time>2026-05-20T20:27:13.132Z</time>
			</trkpt>
			<trkpt lat="45.60073" lon="2.98544">
				<ele>935.4</ele>
				<time>2026-05-20T20:27:14.306Z</time>
			</trkpt>
			<trkpt lat="45.60067" lon="2.98559">
				<ele>934.13</ele>
				<time>2026-05-20T20:27:15.194Z</time>
			</trkpt>
			<trkpt lat="45.60038" lon="2.98659">
				<ele>930.59</ele>
				<time>2026-05-20T20:27:20.763Z</time>
			</trkpt>
			<trkpt lat="45.60028" lon="2.98687">
				<ele>928.33</ele>
				<time>2026-05-20T20:27:22.381Z</time>
			</trkpt>
			<trkpt lat="45.60016" lon="2.9871">
				<ele>926.32</ele>
				<time>2026-05-20T20:27:23.858Z</time>
			</trkpt>
			<trkpt lat="45.59914" lon="2.98851">
				<ele>916.99</ele>
				<time>2026-05-20T20:27:34.317Z</time>
			</trkpt>
			<trkpt lat="45.59903" lon="2.98864">
				<ele>916.44</ele>
				<time>2026-05-20T20:27:35.370Z</time>
			</trkpt>
			<trkpt lat="45.59889" lon="2.98872">
				<ele>915.73</ele>
				<time>2026-05-20T20:27:36.484Z</time>
			</trkpt>
			<trkpt lat="45.59861" lon="2.98885">
				<ele>912.67</ele>
				<time>2026-05-20T20:27:38.660Z</time>
			</trkpt>
			<trkpt lat="45.59828" lon="2.98906">
				<ele>910.61</ele>
				<time>2026-05-20T20:27:41.333Z</time>
			</trkpt>
			<trkpt lat="45.59814" lon="2.9892">
				<ele>910.08</ele>
				<time>2026-05-20T20:27:42.598Z</time>
			</trkpt>
			<trkpt lat="45.59765" lon="2.98997">
				<ele>905.07</ele>
				<time>2026-05-20T20:27:47.999Z</time>
			</trkpt>
			<trkpt lat="45.59715" lon="2.9908">
				<ele>893.39</ele>
				<time>2026-05-20T20:27:53.700Z</time>
			</trkpt>
			<trkpt lat="45.59706" lon="2.9911">
				<ele>891.41</ele>
				<time>2026-05-20T20:27:55.402Z</time>
			</trkpt>
			<trkpt lat="45.59696" lon="2.99183">
				<ele>888.41</ele>
				<time>2026-05-20T20:27:59.289Z</time>
			</trkpt>
			<trkpt lat="45.59662" lon="2.99322">
				<ele>881.05</ele>
				<time>2026-05-20T20:28:07.014Z</time>
			</trkpt>
			<trkpt lat="45.59647" lon="2.99409">
				<ele>880.35</ele>
				<time>2026-05-20T20:28:11.736Z</time>
			</trkpt>
			<trkpt lat="45.59643" lon="2.9942">
				<ele>879.54</ele>
				<time>2026-05-20T20:28:12.390Z</time>
			</trkpt>
			<trkpt lat="45.59623" lon="2.99449">
				<ele>876.73</ele>
				<time>2026-05-20T20:28:14.543Z</time>
			</trkpt>
			<trkpt lat="45.59595" lon="2.99479">
				<ele>870.63</ele>
				<time>2026-05-20T20:28:17.193Z</time>
			</trkpt>
			<trkpt lat="45.59579" lon="2.99501">
				<ele>868.05</ele>
				<time>2026-05-20T20:28:18.878Z</time>
			</trkpt>
			<trkpt lat="45.59501" lon="2.99644">
				<ele>859.46</ele>
				<time>2026-05-20T20:28:28.552Z</time>
			</trkpt>
			<trkpt lat="45.59487" lon="2.99664">
				<ele>857.77</ele>
				<time>2026-05-20T20:28:30.069Z</time>
			</trkpt>
			<trkpt lat="45.59473" lon="2.99679">
				<ele>855.41</ele>
				<time>2026-05-20T20:28:31.413Z</time>
			</trkpt>
			<trkpt lat="45.59442" lon="2.99706">
				<ele>853.46</ele>
				<time>2026-05-20T20:28:34.206Z</time>
			</trkpt>
			<trkpt lat="45.59423" lon="2.99726">
				<ele>854.37</ele>
				<time>2026-05-20T20:28:36.025Z</time>
			</trkpt>
			<trkpt lat="45.59401" lon="2.99756">
				<ele>853.6</ele>
				<time>2026-05-20T20:28:38.375Z</time>
			</trkpt>
			<trkpt lat="45.59389" lon="2.99785">
				<ele>852.25</ele>
				<time>2026-05-20T20:28:40.201Z</time>
			</trkpt>
			<trkpt lat="45.59387" lon="2.99798">
				<ele>851.63</ele>
				<time>2026-05-20T20:28:40.924Z</time>
			</trkpt>
			<trkpt lat="45.5939" lon="2.99832">
				<ele>852.58</ele>
				<time>2026-05-20T20:28:42.787Z</time>
			</trkpt>
			<trkpt lat="45.59404" lon="2.99872">
				<ele>855.68</ele>
				<time>2026-05-20T20:28:45.223Z</time>
			</trkpt>
			<trkpt lat="45.59411" lon="2.99904">
				<ele>857.76</ele>
				<time>2026-05-20T20:28:47.055Z</time>
			</trkpt>
			<trkpt lat="45.59411" lon="2.99918">
				<ele>858.01</ele>
				<time>2026-05-20T20:28:47.820Z</time>
			</trkpt>
			<trkpt lat="45.59408" lon="2.9993">
				<ele>857.36</ele>
				<time>2026-05-20T20:28:48.518Z</time>
			</trkpt>
			<trkpt lat="45.59402" lon="2.99944">
				<ele>855.86</ele>
				<time>2026-05-20T20:28:49.417Z</time>
			</trkpt>
			<trkpt lat="45.59393" lon="2.99953">
				<ele>854.26</ele>
				<time>2026-05-20T20:28:50.279Z</time>
			</trkpt>
			<trkpt lat="45.59383" lon="2.99958">
				<ele>852.19</ele>
				<time>2026-05-20T20:28:51.110Z</time>
			</trkpt>
			<trkpt lat="45.59371" lon="2.99958">
				<ele>849.09</ele>
				<time>2026-05-20T20:28:52.052Z</time>
			</trkpt>
			<trkpt lat="45.59335" lon="2.99949">
				<ele>844.3</ele>
				<time>2026-05-20T20:28:54.930Z</time>
			</trkpt>
			<trkpt lat="45.5929" lon="2.99933">
				<ele>839.63</ele>
				<time>2026-05-20T20:28:58.595Z</time>
			</trkpt>
			<trkpt lat="45.59283" lon="2.99933">
				<ele>839.18</ele>
				<time>2026-05-20T20:28:59.150Z</time>
			</trkpt>
			<trkpt lat="45.5927" lon="2.99942">
				<ele>839.16</ele>
				<time>2026-05-20T20:29:00.296Z</time>
			</trkpt>
			<trkpt lat="45.59265" lon="2.9995">
				<ele>839.32</ele>
				<time>2026-05-20T20:29:00.892Z</time>
			</trkpt>
			<trkpt lat="45.59258" lon="2.99979">
				<ele>843.36</ele>
				<time>2026-05-20T20:29:02.599Z</time>
			</trkpt>
			<trkpt lat="45.59254" lon="2.99984">
				<ele>842.76</ele>
				<time>2026-05-20T20:29:03.023Z</time>
			</trkpt>
			<trkpt lat="45.59249" lon="2.99986">
				<ele>841.58</ele>
				<time>2026-05-20T20:29:03.436Z</time>
			</trkpt>
			<trkpt lat="45.59238" lon="2.99983">
				<ele>837.79</ele>
				<time>2026-05-20T20:29:04.329Z</time>
			</trkpt>
			<trkpt lat="45.59265" lon="2.99919">
				<ele>831.28</ele>
				<time>2026-05-20T20:29:08.514Z</time>
			</trkpt>
			<trkpt lat="45.59276" lon="2.99902">
				<ele>830.67</ele>
				<time>2026-05-20T20:29:09.815Z</time>
			</trkpt>
			<trkpt lat="45.59285" lon="2.99897">
				<ele>830.73</ele>
				<time>2026-05-20T20:29:10.591Z</time>
			</trkpt>
			<trkpt lat="45.59305" lon="2.99895">
				<ele>832.45</ele>
				<time>2026-05-20T20:29:12.206Z</time>
			</trkpt>
			<trkpt lat="45.59311" lon="2.99892">
				<ele>831.9</ele>
				<time>2026-05-20T20:29:12.719Z</time>
			</trkpt>
			<trkpt lat="45.59316" lon="2.99886">
				<ele>831.07</ele>
				<time>2026-05-20T20:29:13.246Z</time>
			</trkpt>
			<trkpt lat="45.59323" lon="2.9987">
				<ele>830.1</ele>
				<time>2026-05-20T20:29:14.313Z</time>
			</trkpt>
			<trkpt lat="45.59325" lon="2.99857">
				<ele>829.29</ele>
				<time>2026-05-20T20:29:15.066Z</time>
			</trkpt>
			<trkpt lat="45.59324" lon="2.99843">
				<ele>828.2</ele>
				<time>2026-05-20T20:29:15.864Z</time>
			</trkpt>
			<trkpt lat="45.59317" lon="2.99793">
				<ele>823.24</ele>
				<time>2026-05-20T20:29:18.760Z</time>
			</trkpt>
			<trkpt lat="45.59316" lon="2.99769">
				<ele>822.46</ele>
				<time>2026-05-20T20:29:20.130Z</time>
			</trkpt>
			<trkpt lat="45.59319" lon="2.99672">
				<ele>815.5</ele>
				<time>2026-05-20T20:29:25.689Z</time>
			</trkpt>
			<trkpt lat="45.59321" lon="2.99654">
				<ele>814.37</ele>
				<time>2026-05-20T20:29:26.738Z</time>
			</trkpt>
			<trkpt lat="45.59326" lon="2.99635">
				<ele>813.8</ele>
				<time>2026-05-20T20:29:27.907Z</time>
			</trkpt>
			<trkpt lat="45.59345" lon="2.99591">
				<ele>813.72</ele>
				<time>2026-05-20T20:29:30.811Z</time>
			</trkpt>
			<trkpt lat="45.59352" lon="2.9957">
				<ele>812.28</ele>
				<time>2026-05-20T20:29:32.037Z</time>
			</trkpt>
			<trkpt lat="45.59357" lon="2.99543">
				<ele>808.72</ele>
				<time>2026-05-20T20:29:33.443Z</time>
			</trkpt>
			<trkpt lat="45.59365" lon="2.99472">
				<ele>803.14</ele>
				<time>2026-05-20T20:29:36.762Z</time>
			</trkpt>
			<trkpt lat="45.59377" lon="2.99273">
				<ele>794.88</ele>
				<time>2026-05-20T20:29:44.182Z</time>
			</trkpt>
			<trkpt lat="45.59391" lon="2.99252">
				<ele>797.54</ele>
				<time>2026-05-20T20:29:45.097Z</time>
			</trkpt>
			<trkpt lat="45.59403" lon="2.99241">
				<ele>798.84</ele>
				<time>2026-05-20T20:29:45.722Z</time>
			</trkpt>
			<trkpt lat="45.59413" lon="2.99229">
				<ele>799.75</ele>
				<time>2026-05-20T20:29:46.284Z</time>
			</trkpt>
			<trkpt lat="45.59416" lon="2.99214">
				<ele>799.1</ele>
				<time>2026-05-20T20:29:46.747Z</time>
			</trkpt>
			<trkpt lat="45.59415" lon="2.99201">
				<ele>797.5</ele>
				<time>2026-05-20T20:29:47.130Z</time>
			</trkpt>
			<trkpt lat="45.59409" lon="2.99186">
				<ele>794.46</ele>
				<time>2026-05-20T20:29:47.630Z</time>
			</trkpt>
			<trkpt lat="45.59399" lon="2.9918">
				<ele>791.62</ele>
				<time>2026-05-20T20:29:48.075Z</time>
			</trkpt>
			<trkpt lat="45.59391" lon="2.9918">
				<ele>789.54</ele>
				<time>2026-05-20T20:29:48.400Z</time>
			</trkpt>
			<trkpt lat="45.59384" lon="2.99183">
				<ele>788.2</ele>
				<time>2026-05-20T20:29:48.695Z</time>
			</trkpt>
			<trkpt lat="45.59376" lon="2.99191">
				<ele>787.08</ele>
				<time>2026-05-20T20:29:49.087Z</time>
			</trkpt>
			<trkpt lat="45.59334" lon="2.99246">
				<ele>784.68</ele>
				<time>2026-05-20T20:29:51.352Z</time>
			</trkpt>
			<trkpt lat="45.59318" lon="2.99264">
				<ele>783.95</ele>
				<time>2026-05-20T20:29:52.164Z</time>
			</trkpt>
			<trkpt lat="45.59305" lon="2.99273">
				<ele>782.71</ele>
				<time>2026-05-20T20:29:52.744Z</time>
			</trkpt>
			<trkpt lat="45.59293" lon="2.99275">
				<ele>781.59</ele>
				<time>2026-05-20T20:29:53.234Z</time>
			</trkpt>
			<trkpt lat="45.59268" lon="2.99268">
				<ele>777.99</ele>
				<time>2026-05-20T20:29:54.282Z</time>
			</trkpt>
			<trkpt lat="45.59253" lon="2.99266">
				<ele>775.3</ele>
				<time>2026-05-20T20:29:54.915Z</time>
			</trkpt>
			<trkpt lat="45.59241" lon="2.99268">
				<ele>772.99</ele>
				<time>2026-05-20T20:29:55.432Z</time>
			</trkpt>
			<trkpt lat="45.5923" lon="2.99274">
				<ele>771.12</ele>
				<time>2026-05-20T20:29:55.943Z</time>
			</trkpt>
			<trkpt lat="45.59216" lon="2.99283">
				<ele>769.78</ele>
				<time>2026-05-20T20:29:56.624Z</time>
			</trkpt>
			<trkpt lat="45.59191" lon="2.99309">
				<ele>767.08</ele>
				<time>2026-05-20T20:29:58.050Z</time>
			</trkpt>
			<trkpt lat="45.59172" lon="2.99333">
				<ele>766.61</ele>
				<time>2026-05-20T20:29:59.281Z</time>
			</trkpt>
			<trkpt lat="45.59142" lon="2.99366">
				<ele>766.59</ele>
				<time>2026-05-20T20:30:01.244Z</time>
			</trkpt>
			<trkpt lat="45.59115" lon="2.9939">
				<ele>765.54</ele>
				<time>2026-05-20T20:30:03.026Z</time>
			</trkpt>
			<trkpt lat="45.59088" lon="2.99408">
				<ele>763.07</ele>
				<time>2026-05-20T20:30:04.821Z</time>
			</trkpt>
			<trkpt lat="45.59081" lon="2.9941">
				<ele>762.43</ele>
				<time>2026-05-20T20:30:05.270Z</time>
			</trkpt>
			<trkpt lat="45.59073" lon="2.99409">
				<ele>761.85</ele>
				<time>2026-05-20T20:30:05.785Z</time>
			</trkpt>
			<trkpt lat="45.59062" lon="2.99405">
				<ele>761</ele>
				<time>2026-05-20T20:30:06.531Z</time>
			</trkpt>
			<trkpt lat="45.59037" lon="2.99382">
				<ele>759.78</ele>
				<time>2026-05-20T20:30:08.589Z</time>
			</trkpt>
			<trkpt lat="45.59012" lon="2.99349">
				<ele>757.18</ele>
				<time>2026-05-20T20:30:11.141Z</time>
			</trkpt>
			<trkpt lat="45.58974" lon="2.99311">
				<ele>753.41</ele>
				<time>2026-05-20T20:30:14.993Z</time>
			</trkpt>
			<trkpt lat="45.58931" lon="2.99283">
				<ele>749.21</ele>
				<time>2026-05-20T20:30:19.409Z</time>
			</trkpt>
			<trkpt lat="45.58903" lon="2.99268">
				<ele>745.42</ele>
				<time>2026-05-20T20:30:22.484Z</time>
			</trkpt>
			<trkpt lat="45.58884" lon="2.99256">
				<ele>743.17</ele>
				<time>2026-05-20T20:30:24.757Z</time>
			</trkpt>
			<trkpt lat="45.58873" lon="2.99253">
				<ele>742.14</ele>
				<time>2026-05-20T20:30:26.030Z</time>
			</trkpt>
			<trkpt lat="45.5887" lon="2.99242">
				<ele>740.49</ele>
				<time>2026-05-20T20:30:26.992Z</time>
			</trkpt>
			<trkpt lat="45.58862" lon="2.99238">
				<ele>739.46</ele>
				<time>2026-05-20T20:30:27.999Z</time>
			</trkpt>
			<trkpt lat="45.58858" lon="2.9924">
				<ele>739.44</ele>
				<time>2026-05-20T20:30:28.510Z</time>
			</trkpt>
			<trkpt lat="45.58854" lon="2.99247">
				<ele>740.06</ele>
				<time>2026-05-20T20:30:29.283Z</time>
			</trkpt>
		</trkseg>
	</trk>
</gpx>