<?xml version="1.0" encoding="UTF-8"?>
<gpx version="1.1" creator="Kurviger" xmlns="http://www.topografix.com/GPX/1/1" xmlns:xsi="http://www.w3.org/2001/XMLSchema-instance" xsi:schemaLocation="http://www.topografix.com/GPX/1/1 http://www.topografix.com/GPX/1/1/gpx.xsd http://www.garmin.com/xmlschemas/GpxExtensions/v3 http://www.garmin.com/xmlschemas/GpxExtensionsv3.xsd http://www.garmin.com/xmlschemas/TripExtensions/v1 http://www.garmin.com/xmlschemas/TripExtensionsv1.xsd" xmlns:gpxx="http://www.garmin.com/xmlschemas/GpxExtensions/v3" xmlns:trp="http://www.garmin.com/xmlschemas/TripExtensions/v1">
	<metadata>
		<name>J4_Rodez_StCyrLaRoche_waypoints</name>
		<copyright author="OpenStreetMap contributors"/>
		<link href="https://kurviger.com">
			<text>Kurviger.com GPX</text>
		</link>
		<time>2026-05-28T16:05:59.575Z</time>
	</metadata>
	<trk>
		<name>J4_Rodez_StCyrLaRoche_waypoints</name>
		<trkseg>
			<trkpt lat="44.35109" lon="2.5727">
				<ele>630.74</ele>
				<time>2026-05-28T16:05:59.575Z</time>
			</trkpt>
			<trkpt lat="44.35097" lon="2.57262">
				<ele>630.9</ele>
				<time>2026-05-28T16:06:02.633Z</time>
			</trkpt>
			<trkpt lat="44.351" lon="2.57252">
				<ele>629.89</ele>
				<time>2026-05-28T16:06:04.417Z</time>
			</trkpt>
			<trkpt lat="44.35108" lon="2.5713">
				<ele>625.51</ele>
				<time>2026-05-28T16:06:24.578Z</time>
			</trkpt>
			<trkpt lat="44.35131" lon="2.57109">
				<ele>622.42</ele>
				<time>2026-05-28T16:06:30.998Z</time>
			</trkpt>
			<trkpt lat="44.35197" lon="2.57033">
				<ele>617.79</ele>
				<time>2026-05-28T16:06:51.693Z</time>
			</trkpt>
			<trkpt lat="44.35213" lon="2.57007">
				<ele>615.16</ele>
				<time>2026-05-28T16:06:57.618Z</time>
			</trkpt>
			<trkpt lat="44.35248" lon="2.56873">
				<ele>606.2</ele>
				<time>2026-05-28T16:07:20.635Z</time>
			</trkpt>
			<trkpt lat="44.35253" lon="2.56859">
				<ele>605.86</ele>
				<time>2026-05-28T16:07:22.901Z</time>
			</trkpt>
			<trkpt lat="44.35263" lon="2.56841">
				<ele>606.05</ele>
				<time>2026-05-28T16:07:26.077Z</time>
			</trkpt>
			<trkpt lat="44.3527" lon="2.56848">
				<ele>605.11</ele>
				<time>2026-05-28T16:07:27.703Z</time>
			</trkpt>
			<trkpt lat="44.3528" lon="2.56849">
				<ele>604.25</ele>
				<time>2026-05-28T16:07:29.589Z</time>
			</trkpt>
			<trkpt lat="44.35286" lon="2.56844">
				<ele>603.99</ele>
				<time>2026-05-28T16:07:30.897Z</time>
			</trkpt>
			<trkpt lat="44.35288" lon="2.5684">
				<ele>603.97</ele>
				<time>2026-05-28T16:07:31.550Z</time>
			</trkpt>
			<trkpt lat="44.3529" lon="2.56829">
				<ele>604.07</ele>
				<time>2026-05-28T16:07:33.063Z</time>
			</trkpt>
			<trkpt lat="44.3529" lon="2.56824">
				<ele>604.13</ele>
				<time>2026-05-28T16:07:33.727Z</time>
			</trkpt>
			<trkpt lat="44.35285" lon="2.56814">
				<ele>604.68</ele>
				<time>2026-05-28T16:07:35.345Z</time>
			</trkpt>
			<trkpt lat="44.35316" lon="2.56749">
				<ele>599.84</ele>
				<time>2026-05-28T16:07:45.551Z</time>
			</trkpt>
			<trkpt lat="44.35344" lon="2.56702">
				<ele>595.79</ele>
				<time>2026-05-28T16:07:53.362Z</time>
			</trkpt>
			<trkpt lat="44.35369" lon="2.56651">
				<ele>590.79</ele>
				<time>2026-05-28T16:08:01.103Z</time>
			</trkpt>
			<trkpt lat="44.35399" lon="2.56577">
				<ele>587.65</ele>
				<time>2026-05-28T16:08:11.503Z</time>
			</trkpt>
			<trkpt lat="44.3541" lon="2.56557">
				<ele>585.05</ele>
				<time>2026-05-28T16:08:14.535Z</time>
			</trkpt>
			<trkpt lat="44.35456" lon="2.56484">
				<ele>580.68</ele>
				<time>2026-05-28T16:08:26.002Z</time>
			</trkpt>
			<trkpt lat="44.35498" lon="2.56397">
				<ele>574.4</ele>
				<time>2026-05-28T16:08:37.992Z</time>
			</trkpt>
			<trkpt lat="44.35506" lon="2.56375">
				<ele>572.06</ele>
				<time>2026-05-28T16:08:40.756Z</time>
			</trkpt>
			<trkpt lat="44.35517" lon="2.5634">
				<ele>568.98</ele>
				<time>2026-05-28T16:08:44.997Z</time>
			</trkpt>
			<trkpt lat="44.35521" lon="2.56323">
				<ele>568.28</ele>
				<time>2026-05-28T16:08:46.966Z</time>
			</trkpt>
			<trkpt lat="44.35521" lon="2.56305">
				<ele>568.71</ele>
				<time>2026-05-28T16:08:48.935Z</time>
			</trkpt>
			<trkpt lat="44.3552" lon="2.56288">
				<ele>567.96</ele>
				<time>2026-05-28T16:08:50.792Z</time>
			</trkpt>
			<trkpt lat="44.35516" lon="2.56262">
				<ele>568.22</ele>
				<time>2026-05-28T16:08:53.668Z</time>
			</trkpt>
			<trkpt lat="44.35506" lon="2.5623">
				<ele>569.65</ele>
				<time>2026-05-28T16:08:57.412Z</time>
			</trkpt>
			<trkpt lat="44.35499" lon="2.5621">
				<ele>570.72</ele>
				<time>2026-05-28T16:08:59.779Z</time>
			</trkpt>
			<trkpt lat="44.35489" lon="2.56199">
				<ele>569.56</ele>
				<time>2026-05-28T16:09:01.660Z</time>
			</trkpt>
			<trkpt lat="44.35463" lon="2.56183">
				<ele>568.11</ele>
				<time>2026-05-28T16:09:05.825Z</time>
			</trkpt>
			<trkpt lat="44.35456" lon="2.56175">
				<ele>567.55</ele>
				<time>2026-05-28T16:09:07.140Z</time>
			</trkpt>
			<trkpt lat="44.35453" lon="2.56167">
				<ele>566.7</ele>
				<time>2026-05-28T16:09:08.078Z</time>
			</trkpt>
			<trkpt lat="44.35453" lon="2.56159">
				<ele>566.05</ele>
				<time>2026-05-28T16:09:08.906Z</time>
			</trkpt>
			<trkpt lat="44.35454" lon="2.56149">
				<ele>565.13</ele>
				<time>2026-05-28T16:09:09.948Z</time>
			</trkpt>
			<trkpt lat="44.35467" lon="2.56119">
				<ele>560.5</ele>
				<time>2026-05-28T16:09:13.547Z</time>
			</trkpt>
			<trkpt lat="44.35471" lon="2.56107">
				<ele>558.82</ele>
				<time>2026-05-28T16:09:14.897Z</time>
			</trkpt>
			<trkpt lat="44.35469" lon="2.56097">
				<ele>558.1</ele>
				<time>2026-05-28T16:09:15.952Z</time>
			</trkpt>
			<trkpt lat="44.35467" lon="2.56089">
				<ele>557.94</ele>
				<time>2026-05-28T16:09:16.811Z</time>
			</trkpt>
			<trkpt lat="44.35449" lon="2.56057">
				<ele>558.36</ele>
				<time>2026-05-28T16:09:20.909Z</time>
			</trkpt>
			<trkpt lat="44.35378" lon="2.55934">
				<ele>559.32</ele>
				<time>2026-05-28T16:09:36.416Z</time>
			</trkpt>
			<trkpt lat="44.35374" lon="2.55923">
				<ele>559.76</ele>
				<time>2026-05-28T16:09:37.600Z</time>
			</trkpt>
			<trkpt lat="44.35372" lon="2.55898">
				<ele>554.86</ele>
				<time>2026-05-28T16:09:40.004Z</time>
			</trkpt>
			<trkpt lat="44.35368" lon="2.5588">
				<ele>552.51</ele>
				<time>2026-05-28T16:09:41.795Z</time>
			</trkpt>
			<trkpt lat="44.35359" lon="2.55826">
				<ele>542.82</ele>
				<time>2026-05-28T16:09:47.019Z</time>
			</trkpt>
			<trkpt lat="44.35353" lon="2.55802">
				<ele>538.5</ele>
				<time>2026-05-28T16:09:49.392Z</time>
			</trkpt>
			<trkpt lat="44.35342" lon="2.55784">
				<ele>535.73</ele>
				<time>2026-05-28T16:09:51.589Z</time>
			</trkpt>
			<trkpt lat="44.35266" lon="2.55727">
				<ele>538.91</ele>
				<time>2026-05-28T16:10:02.607Z</time>
			</trkpt>
			<trkpt lat="44.35244" lon="2.557">
				<ele>534.5</ele>
				<time>2026-05-28T16:10:06.283Z</time>
			</trkpt>
			<trkpt lat="44.35231" lon="2.55679">
				<ele>530.94</ele>
				<time>2026-05-28T16:10:08.760Z</time>
			</trkpt>
			<trkpt lat="44.35215" lon="2.5566">
				<ele>529.71</ele>
				<time>2026-05-28T16:10:11.364Z</time>
			</trkpt>
			<trkpt lat="44.352" lon="2.55646">
				<ele>528.85</ele>
				<time>2026-05-28T16:10:13.589Z</time>
			</trkpt>
			<trkpt lat="44.35189" lon="2.55633">
				<ele>526.01</ele>
				<time>2026-05-28T16:10:15.359Z</time>
			</trkpt>
			<trkpt lat="44.35171" lon="2.55616">
				<ele>522.38</ele>
				<time>2026-05-28T16:10:18.015Z</time>
			</trkpt>
			<trkpt lat="44.3513" lon="2.55583">
				<ele>520.59</ele>
				<time>2026-05-28T16:10:23.753Z</time>
			</trkpt>
			<trkpt lat="44.3512" lon="2.55566">
				<ele>519.72</ele>
				<time>2026-05-28T16:10:25.648Z</time>
			</trkpt>
			<trkpt lat="44.35113" lon="2.55547">
				<ele>517.86</ele>
				<time>2026-05-28T16:10:27.481Z</time>
			</trkpt>
			<trkpt lat="44.35106" lon="2.55508">
				<ele>512.4</ele>
				<time>2026-05-28T16:10:30.903Z</time>
			</trkpt>
			<trkpt lat="44.35106" lon="2.55489">
				<ele>510.59</ele>
				<time>2026-05-28T16:10:32.507Z</time>
			</trkpt>
			<trkpt lat="44.3511" lon="2.5547">
				<ele>509.09</ele>
				<time>2026-05-28T16:10:34.172Z</time>
			</trkpt>
			<trkpt lat="44.35115" lon="2.55456">
				<ele>509.82</ele>
				<time>2026-05-28T16:10:35.481Z</time>
			</trkpt>
			<trkpt lat="44.35136" lon="2.55425">
				<ele>510.97</ele>
				<time>2026-05-28T16:10:39.027Z</time>
			</trkpt>
			<trkpt lat="44.35187" lon="2.55372">
				<ele>513.2</ele>
				<time>2026-05-28T16:10:46.286Z</time>
			</trkpt>
			<trkpt lat="44.35202" lon="2.55362">
				<ele>513.05</ele>
				<time>2026-05-28T16:10:48.159Z</time>
			</trkpt>
			<trkpt lat="44.35224" lon="2.55357">
				<ele>512.88</ele>
				<time>2026-05-28T16:10:50.654Z</time>
			</trkpt>
			<trkpt lat="44.35258" lon="2.55365">
				<ele>512.52</ele>
				<time>2026-05-28T16:10:54.478Z</time>
			</trkpt>
			<trkpt lat="44.35304" lon="2.5537">
				<ele>518.17</ele>
				<time>2026-05-28T16:10:59.530Z</time>
			</trkpt>
			<trkpt lat="44.35332" lon="2.55369">
				<ele>519.79</ele>
				<time>2026-05-28T16:11:02.561Z</time>
			</trkpt>
			<trkpt lat="44.3536" lon="2.55355">
				<ele>518.61</ele>
				<time>2026-05-28T16:11:05.750Z</time>
			</trkpt>
			<trkpt lat="44.3545" lon="2.55279">
				<ele>517.19</ele>
				<time>2026-05-28T16:11:16.800Z</time>
			</trkpt>
			<trkpt lat="44.35482" lon="2.55255">
				<ele>515.8</ele>
				<time>2026-05-28T16:11:20.541Z</time>
			</trkpt>
			<trkpt lat="44.35547" lon="2.55213">
				<ele>516.51</ele>
				<time>2026-05-28T16:11:27.811Z</time>
			</trkpt>
			<trkpt lat="44.35573" lon="2.55193">
				<ele>517.53</ele>
				<time>2026-05-28T16:11:30.785Z</time>
			</trkpt>
			<trkpt lat="44.35581" lon="2.55185">
				<ele>517.54</ele>
				<time>2026-05-28T16:11:31.766Z</time>
			</trkpt>
			<trkpt lat="44.35598" lon="2.55168">
				<ele>519.78</ele>
				<time>2026-05-28T16:11:33.843Z</time>
			</trkpt>
			<trkpt lat="44.35617" lon="2.55144">
				<ele>520.15</ele>
				<time>2026-05-28T16:11:36.373Z</time>
			</trkpt>
			<trkpt lat="44.3564" lon="2.55108">
				<ele>519.15</ele>
				<time>2026-05-28T16:11:39.761Z</time>
			</trkpt>
			<trkpt lat="44.35675" lon="2.55046">
				<ele>516.45</ele>
				<time>2026-05-28T16:11:45.250Z</time>
			</trkpt>
			<trkpt lat="44.35712" lon="2.5497">
				<ele>516.42</ele>
				<time>2026-05-28T16:11:51.561Z</time>
			</trkpt>
			<trkpt lat="44.35778" lon="2.54797">
				<ele>518.39</ele>
				<time>2026-05-28T16:12:04.779Z</time>
			</trkpt>
			<trkpt lat="44.35844" lon="2.54655">
				<ele>517.19</ele>
				<time>2026-05-28T16:12:15.990Z</time>
			</trkpt>
			<trkpt lat="44.35858" lon="2.54611">
				<ele>519.35</ele>
				<time>2026-05-28T16:12:19.151Z</time>
			</trkpt>
			<trkpt lat="44.35867" lon="2.54561">
				<ele>517.65</ele>
				<time>2026-05-28T16:12:22.525Z</time>
			</trkpt>
			<trkpt lat="44.3587" lon="2.54512">
				<ele>516.1</ele>
				<time>2026-05-28T16:12:25.735Z</time>
			</trkpt>
			<trkpt lat="44.35868" lon="2.54468">
				<ele>520</ele>
				<time>2026-05-28T16:12:28.608Z</time>
			</trkpt>
			<trkpt lat="44.35861" lon="2.54429">
				<ele>520.59</ele>
				<time>2026-05-28T16:12:31.223Z</time>
			</trkpt>
			<trkpt lat="44.35825" lon="2.54274">
				<ele>516.72</ele>
				<time>2026-05-28T16:12:41.804Z</time>
			</trkpt>
			<trkpt lat="44.35815" lon="2.54224">
				<ele>515.67</ele>
				<time>2026-05-28T16:12:45.173Z</time>
			</trkpt>
			<trkpt lat="44.35804" lon="2.54179">
				<ele>515.31</ele>
				<time>2026-05-28T16:12:48.261Z</time>
			</trkpt>
			<trkpt lat="44.35804" lon="2.54143">
				<ele>516.74</ele>
				<time>2026-05-28T16:12:50.601Z</time>
			</trkpt>
			<trkpt lat="44.35814" lon="2.54128">
				<ele>519.17</ele>
				<time>2026-05-28T16:12:51.935Z</time>
			</trkpt>
			<trkpt lat="44.35846" lon="2.54093">
				<ele>526.06</ele>
				<time>2026-05-28T16:12:55.620Z</time>
			</trkpt>
			<trkpt lat="44.35972" lon="2.54005">
				<ele>533.38</ele>
				<time>2026-05-28T16:13:08.265Z</time>
			</trkpt>
			<trkpt lat="44.35991" lon="2.53999">
				<ele>534.8</ele>
				<time>2026-05-28T16:13:09.998Z</time>
			</trkpt>
			<trkpt lat="44.36034" lon="2.53997">
				<ele>532.9</ele>
				<time>2026-05-28T16:13:13.815Z</time>
			</trkpt>
			<trkpt lat="44.36058" lon="2.53993">
				<ele>531.89</ele>
				<time>2026-05-28T16:13:15.951Z</time>
			</trkpt>
			<trkpt lat="44.36067" lon="2.53987">
				<ele>530.37</ele>
				<time>2026-05-28T16:13:16.830Z</time>
			</trkpt>
			<trkpt lat="44.3607" lon="2.53982">
				<ele>529.5</ele>
				<time>2026-05-28T16:13:17.242Z</time>
			</trkpt>
			<trkpt lat="44.36071" lon="2.53974">
				<ele>528.21</ele>
				<time>2026-05-28T16:13:17.754Z</time>
			</trkpt>
			<trkpt lat="44.36068" lon="2.53959">
				<ele>527.73</ele>
				<time>2026-05-28T16:13:18.734Z</time>
			</trkpt>
			<trkpt lat="44.36064" lon="2.53954">
				<ele>527.7</ele>
				<time>2026-05-28T16:13:19.206Z</time>
			</trkpt>
			<trkpt lat="44.36061" lon="2.53949">
				<ele>527.75</ele>
				<time>2026-05-28T16:13:19.616Z</time>
			</trkpt>
			<trkpt lat="44.36055" lon="2.53947">
				<ele>528.09</ele>
				<time>2026-05-28T16:13:20.158Z</time>
			</trkpt>
			<trkpt lat="44.35958" lon="2.53956">
				<ele>543.63</ele>
				<time>2026-05-28T16:13:28.655Z</time>
			</trkpt>
			<trkpt lat="44.35845" lon="2.53989">
				<ele>549.84</ele>
				<time>2026-05-28T16:13:38.639Z</time>
			</trkpt>
			<trkpt lat="44.35826" lon="2.53988">
				<ele>549.91</ele>
				<time>2026-05-28T16:13:40.273Z</time>
			</trkpt>
			<trkpt lat="44.35821" lon="2.53986">
				<ele>549.62</ele>
				<time>2026-05-28T16:13:40.719Z</time>
			</trkpt>
			<trkpt lat="44.35817" lon="2.53981">
				<ele>549.94</ele>
				<time>2026-05-28T16:13:41.179Z</time>
			</trkpt>
			<trkpt lat="44.35775" lon="2.5387">
				<ele>562.3</ele>
				<time>2026-05-28T16:13:48.850Z</time>
			</trkpt>
			<trkpt lat="44.3576" lon="2.53844">
				<ele>563.14</ele>
				<time>2026-05-28T16:13:50.880Z</time>
			</trkpt>
			<trkpt lat="44.35707" lon="2.53772">
				<ele>560.67</ele>
				<time>2026-05-28T16:13:57.132Z</time>
			</trkpt>
			<trkpt lat="44.35671" lon="2.53708">
				<ele>567.24</ele>
				<time>2026-05-28T16:14:02.031Z</time>
			</trkpt>
			<trkpt lat="44.35659" lon="2.53695">
				<ele>569.72</ele>
				<time>2026-05-28T16:14:03.305Z</time>
			</trkpt>
			<trkpt lat="44.35609" lon="2.53663">
				<ele>577.4</ele>
				<time>2026-05-28T16:14:07.905Z</time>
			</trkpt>
			<trkpt lat="44.35562" lon="2.5364">
				<ele>581.59</ele>
				<time>2026-05-28T16:14:12.053Z</time>
			</trkpt>
			<trkpt lat="44.35486" lon="2.53619">
				<ele>586</ele>
				<time>2026-05-28T16:14:18.476Z</time>
			</trkpt>
			<trkpt lat="44.35471" lon="2.53611">
				<ele>587.81</ele>
				<time>2026-05-28T16:14:19.802Z</time>
			</trkpt>
			<trkpt lat="44.35455" lon="2.53592">
				<ele>590.52</ele>
				<time>2026-05-28T16:14:21.534Z</time>
			</trkpt>
			<trkpt lat="44.35449" lon="2.53574">
				<ele>592.32</ele>
				<time>2026-05-28T16:14:22.704Z</time>
			</trkpt>
			<trkpt lat="44.35445" lon="2.53554">
				<ele>593</ele>
				<time>2026-05-28T16:14:23.927Z</time>
			</trkpt>
			<trkpt lat="44.35444" lon="2.53537">
				<ele>593</ele>
				<time>2026-05-28T16:14:24.930Z</time>
			</trkpt>
			<trkpt lat="44.35447" lon="2.53517">
				<ele>593.66</ele>
				<time>2026-05-28T16:14:26.130Z</time>
			</trkpt>
			<trkpt lat="44.35455" lon="2.53501">
				<ele>594.1</ele>
				<time>2026-05-28T16:14:27.276Z</time>
			</trkpt>
			<trkpt lat="44.35599" lon="2.53312">
				<ele>589.56</ele>
				<time>2026-05-28T16:14:43.377Z</time>
			</trkpt>
			<trkpt lat="44.35608" lon="2.53288">
				<ele>588.51</ele>
				<time>2026-05-28T16:14:44.946Z</time>
			</trkpt>
			<trkpt lat="44.35616" lon="2.53223">
				<ele>585.67</ele>
				<time>2026-05-28T16:14:48.758Z</time>
			</trkpt>
			<trkpt lat="44.35625" lon="2.53132">
				<ele>588.06</ele>
				<time>2026-05-28T16:14:54.052Z</time>
			</trkpt>
			<trkpt lat="44.35637" lon="2.5307">
				<ele>592.15</ele>
				<time>2026-05-28T16:14:57.743Z</time>
			</trkpt>
			<trkpt lat="44.35678" lon="2.52891">
				<ele>598.53</ele>
				<time>2026-05-28T16:15:08.497Z</time>
			</trkpt>
			<trkpt lat="44.35685" lon="2.52861">
				<ele>598.33</ele>
				<time>2026-05-28T16:15:10.297Z</time>
			</trkpt>
			<trkpt lat="44.35692" lon="2.5281">
				<ele>597.01</ele>
				<time>2026-05-28T16:15:13.254Z</time>
			</trkpt>
			<trkpt lat="44.35732" lon="2.52633">
				<ele>591.57</ele>
				<time>2026-05-28T16:15:23.794Z</time>
			</trkpt>
			<trkpt lat="44.35738" lon="2.52601">
				<ele>590.95</ele>
				<time>2026-05-28T16:15:25.667Z</time>
			</trkpt>
			<trkpt lat="44.35741" lon="2.52561">
				<ele>590.7</ele>
				<time>2026-05-28T16:15:27.943Z</time>
			</trkpt>
			<trkpt lat="44.3574" lon="2.52511">
				<ele>591</ele>
				<time>2026-05-28T16:15:30.771Z</time>
			</trkpt>
			<trkpt lat="44.35735" lon="2.52474">
				<ele>591.43</ele>
				<time>2026-05-28T16:15:32.898Z</time>
			</trkpt>
			<trkpt lat="44.35731" lon="2.52461">
				<ele>591.89</ele>
				<time>2026-05-28T16:15:33.697Z</time>
			</trkpt>
			<trkpt lat="44.35721" lon="2.52439">
				<ele>592.09</ele>
				<time>2026-05-28T16:15:35.168Z</time>
			</trkpt>
			<trkpt lat="44.35695" lon="2.52402">
				<ele>592.07</ele>
				<time>2026-05-28T16:15:38.094Z</time>
			</trkpt>
			<trkpt lat="44.35692" lon="2.52395">
				<ele>592.37</ele>
				<time>2026-05-28T16:15:38.554Z</time>
			</trkpt>
			<trkpt lat="44.35685" lon="2.52363">
				<ele>593.27</ele>
				<time>2026-05-28T16:15:40.441Z</time>
			</trkpt>
			<trkpt lat="44.35683" lon="2.5233">
				<ele>591.82</ele>
				<time>2026-05-28T16:15:42.306Z</time>
			</trkpt>
			<trkpt lat="44.35685" lon="2.52302">
				<ele>590.23</ele>
				<time>2026-05-28T16:15:43.891Z</time>
			</trkpt>
			<trkpt lat="44.35695" lon="2.52236">
				<ele>587.53</ele>
				<time>2026-05-28T16:15:47.688Z</time>
			</trkpt>
			<trkpt lat="44.35707" lon="2.52182">
				<ele>587.21</ele>
				<time>2026-05-28T16:15:50.869Z</time>
			</trkpt>
			<trkpt lat="44.35778" lon="2.52">
				<ele>584.02</ele>
				<time>2026-05-28T16:16:02.519Z</time>
			</trkpt>
			<trkpt lat="44.35789" lon="2.5198">
				<ele>582.68</ele>
				<time>2026-05-28T16:16:03.936Z</time>
			</trkpt>
			<trkpt lat="44.35811" lon="2.51957">
				<ele>580.43</ele>
				<time>2026-05-28T16:16:06.093Z</time>
			</trkpt>
			<trkpt lat="44.35827" lon="2.51951">
				<ele>579.72</ele>
				<time>2026-05-28T16:16:07.394Z</time>
			</trkpt>
			<trkpt lat="44.35842" lon="2.5195">
				<ele>578.33</ele>
				<time>2026-05-28T16:16:08.573Z</time>
			</trkpt>
			<trkpt lat="44.35859" lon="2.51955">
				<ele>576.38</ele>
				<time>2026-05-28T16:16:09.938Z</time>
			</trkpt>
			<trkpt lat="44.35868" lon="2.51962">
				<ele>576.05</ele>
				<time>2026-05-28T16:16:10.747Z</time>
			</trkpt>
			<trkpt lat="44.35875" lon="2.51972">
				<ele>575.93</ele>
				<time>2026-05-28T16:16:11.533Z</time>
			</trkpt>
			<trkpt lat="44.35877" lon="2.51985">
				<ele>575.09</ele>
				<time>2026-05-28T16:16:12.279Z</time>
			</trkpt>
			<trkpt lat="44.35879" lon="2.52016">
				<ele>573.9</ele>
				<time>2026-05-28T16:16:14.028Z</time>
			</trkpt>
			<trkpt lat="44.35882" lon="2.52022">
				<ele>573.2</ele>
				<time>2026-05-28T16:16:14.439Z</time>
			</trkpt>
			<trkpt lat="44.35888" lon="2.52025">
				<ele>572.16</ele>
				<time>2026-05-28T16:16:14.939Z</time>
			</trkpt>
			<trkpt lat="44.35895" lon="2.52024">
				<ele>571.4</ele>
				<time>2026-05-28T16:16:15.492Z</time>
			</trkpt>
			<trkpt lat="44.35901" lon="2.52015">
				<ele>570.85</ele>
				<time>2026-05-28T16:16:16.183Z</time>
			</trkpt>
			<trkpt lat="44.35904" lon="2.52008">
				<ele>570.64</ele>
				<time>2026-05-28T16:16:16.642Z</time>
			</trkpt>
			<trkpt lat="44.35906" lon="2.51996">
				<ele>570.57</ele>
				<time>2026-05-28T16:16:17.334Z</time>
			</trkpt>
			<trkpt lat="44.35904" lon="2.51973">
				<ele>571.13</ele>
				<time>2026-05-28T16:16:18.636Z</time>
			</trkpt>
			<trkpt lat="44.35897" lon="2.51949">
				<ele>571.52</ele>
				<time>2026-05-28T16:16:20.092Z</time>
			</trkpt>
			<trkpt lat="44.35887" lon="2.51927">
				<ele>570.14</ele>
				<time>2026-05-28T16:16:21.557Z</time>
			</trkpt>
			<trkpt lat="44.35852" lon="2.51876">
				<ele>566.97</ele>
				<time>2026-05-28T16:16:25.531Z</time>
			</trkpt>
			<trkpt lat="44.35842" lon="2.51859">
				<ele>565.82</ele>
				<time>2026-05-28T16:16:26.769Z</time>
			</trkpt>
			<trkpt lat="44.35834" lon="2.51836">
				<ele>563.47</ele>
				<time>2026-05-28T16:16:28.208Z</time>
			</trkpt>
			<trkpt lat="44.35805" lon="2.51736">
				<ele>559.49</ele>
				<time>2026-05-28T16:16:34.283Z</time>
			</trkpt>
			<trkpt lat="44.35792" lon="2.5171">
				<ele>562.15</ele>
				<time>2026-05-28T16:16:36.071Z</time>
			</trkpt>
			<trkpt lat="44.35783" lon="2.51697">
				<ele>563.74</ele>
				<time>2026-05-28T16:16:37.091Z</time>
			</trkpt>
			<trkpt lat="44.3576" lon="2.51665">
				<ele>564.33</ele>
				<time>2026-05-28T16:16:39.649Z</time>
			</trkpt>
			<trkpt lat="44.3571" lon="2.51601">
				<ele>563.8</ele>
				<time>2026-05-28T16:16:44.988Z</time>
			</trkpt>
			<trkpt lat="44.35696" lon="2.51571">
				<ele>567.22</ele>
				<time>2026-05-28T16:16:46.997Z</time>
			</trkpt>
			<trkpt lat="44.35675" lon="2.5148">
				<ele>572.04</ele>
				<time>2026-05-28T16:16:52.337Z</time>
			</trkpt>
			<trkpt lat="44.35642" lon="2.51324">
				<ele>585.95</ele>
				<time>2026-05-28T16:17:01.354Z</time>
			</trkpt>
			<trkpt lat="44.35631" lon="2.51292">
				<ele>584.57</ele>
				<time>2026-05-28T16:17:03.313Z</time>
			</trkpt>
			<trkpt lat="44.35616" lon="2.51268">
				<ele>584.29</ele>
				<time>2026-05-28T16:17:05.068Z</time>
			</trkpt>
			<trkpt lat="44.35553" lon="2.51186">
				<ele>588.83</ele>
				<time>2026-05-28T16:17:11.677Z</time>
			</trkpt>
			<trkpt lat="44.35527" lon="2.51145">
				<ele>590.03</ele>
				<time>2026-05-28T16:17:14.676Z</time>
			</trkpt>
			<trkpt lat="44.355" lon="2.51088">
				<ele>590.17</ele>
				<time>2026-05-28T16:17:18.411Z</time>
			</trkpt>
			<trkpt lat="44.35468" lon="2.51008">
				<ele>593.35</ele>
				<time>2026-05-28T16:17:23.409Z</time>
			</trkpt>
			<trkpt lat="44.35431" lon="2.50879">
				<ele>600.25</ele>
				<time>2026-05-28T16:17:30.971Z</time>
			</trkpt>
			<trkpt lat="44.35421" lon="2.50829">
				<ele>604.5</ele>
				<time>2026-05-28T16:17:33.792Z</time>
			</trkpt>
			<trkpt lat="44.3542" lon="2.50785">
				<ele>604.81</ele>
				<time>2026-05-28T16:17:36.184Z</time>
			</trkpt>
			<trkpt lat="44.35423" lon="2.50557">
				<ele>612</ele>
				<time>2026-05-28T16:17:48.579Z</time>
			</trkpt>
			<trkpt lat="44.35432" lon="2.50465">
				<ele>616.21</ele>
				<time>2026-05-28T16:17:53.635Z</time>
			</trkpt>
			<trkpt lat="44.35433" lon="2.50436">
				<ele>617.39</ele>
				<time>2026-05-28T16:17:55.218Z</time>
			</trkpt>
			<trkpt lat="44.35425" lon="2.50353">
				<ele>618.66</ele>
				<time>2026-05-28T16:17:59.789Z</time>
			</trkpt>
			<trkpt lat="44.35422" lon="2.50285">
				<ele>619.74</ele>
				<time>2026-05-28T16:18:03.517Z</time>
			</trkpt>
			<trkpt lat="44.35426" lon="2.50264">
				<ele>620.11</ele>
				<time>2026-05-28T16:18:04.707Z</time>
			</trkpt>
			<trkpt lat="44.35418" lon="2.50245">
				<ele>620.96</ele>
				<time>2026-05-28T16:18:05.916Z</time>
			</trkpt>
			<trkpt lat="44.3541" lon="2.50204">
				<ele>621.7</ele>
				<time>2026-05-28T16:18:08.248Z</time>
			</trkpt>
			<trkpt lat="44.35402" lon="2.50141">
				<ele>622.47</ele>
				<time>2026-05-28T16:18:11.758Z</time>
			</trkpt>
			<trkpt lat="44.35238" lon="2.49326">
				<ele>641.96</ele>
				<time>2026-05-28T16:18:58.203Z</time>
			</trkpt>
			<trkpt lat="44.35209" lon="2.4917">
				<ele>645.39</ele>
				<time>2026-05-28T16:19:07.046Z</time>
			</trkpt>
			<trkpt lat="44.35202" lon="2.49129">
				<ele>645.73</ele>
				<time>2026-05-28T16:19:09.358Z</time>
			</trkpt>
			<trkpt lat="44.35201" lon="2.49089">
				<ele>646.11</ele>
				<time>2026-05-28T16:19:11.554Z</time>
			</trkpt>
			<trkpt lat="44.35204" lon="2.48895">
				<ele>644.23</ele>
				<time>2026-05-28T16:19:22.199Z</time>
			</trkpt>
			<trkpt lat="44.35198" lon="2.48812">
				<ele>643.83</ele>
				<time>2026-05-28T16:19:26.776Z</time>
			</trkpt>
			<trkpt lat="44.35182" lon="2.48733">
				<ele>646.51</ele>
				<time>2026-05-28T16:19:31.280Z</time>
			</trkpt>
			<trkpt lat="44.35152" lon="2.48611">
				<ele>647.46</ele>
				<time>2026-05-28T16:19:38.357Z</time>
			</trkpt>
			<trkpt lat="44.35144" lon="2.48572">
				<ele>649.07</ele>
				<time>2026-05-28T16:19:40.583Z</time>
			</trkpt>
			<trkpt lat="44.35135" lon="2.48497">
				<ele>656.2</ele>
				<time>2026-05-28T16:19:44.755Z</time>
			</trkpt>
			<trkpt lat="44.35137" lon="2.48494">
				<ele>656.4</ele>
				<time>2026-05-28T16:19:44.980Z</time>
			</trkpt>
			<trkpt lat="44.35192" lon="2.48464">
				<ele>655.39</ele>
				<time>2026-05-28T16:19:49.519Z</time>
			</trkpt>
			<trkpt lat="44.35231" lon="2.48429">
				<ele>655</ele>
				<time>2026-05-28T16:19:53.102Z</time>
			</trkpt>
			<trkpt lat="44.35252" lon="2.48406">
				<ele>654.57</ele>
				<time>2026-05-28T16:19:55.173Z</time>
			</trkpt>
			<trkpt lat="44.35262" lon="2.48387">
				<ele>654</ele>
				<time>2026-05-28T16:19:56.486Z</time>
			</trkpt>
			<trkpt lat="44.35267" lon="2.48366">
				<ele>654</ele>
				<time>2026-05-28T16:19:57.720Z</time>
			</trkpt>
			<trkpt lat="44.35285" lon="2.48272">
				<ele>652.85</ele>
				<time>2026-05-28T16:20:03.167Z</time>
			</trkpt>
			<trkpt lat="44.35295" lon="2.48236">
				<ele>652.14</ele>
				<time>2026-05-28T16:20:05.339Z</time>
			</trkpt>
			<trkpt lat="44.3531" lon="2.48201">
				<ele>650.81</ele>
				<time>2026-05-28T16:20:07.638Z</time>
			</trkpt>
			<trkpt lat="44.35421" lon="2.48011">
				<ele>647.07</ele>
				<time>2026-05-28T16:20:21.566Z</time>
			</trkpt>
			<trkpt lat="44.35454" lon="2.47941">
				<ele>648.14</ele>
				<time>2026-05-28T16:20:26.358Z</time>
			</trkpt>
			<trkpt lat="44.35467" lon="2.4792">
				<ele>649.56</ele>
				<time>2026-05-28T16:20:27.948Z</time>
			</trkpt>
			<trkpt lat="44.35526" lon="2.47843">
				<ele>649.28</ele>
				<time>2026-05-28T16:20:34.421Z</time>
			</trkpt>
			<trkpt lat="44.35635" lon="2.47668">
				<ele>647</ele>
				<time>2026-05-28T16:20:47.769Z</time>
			</trkpt>
			<trkpt lat="44.35684" lon="2.47595">
				<ele>648</ele>
				<time>2026-05-28T16:20:53.532Z</time>
			</trkpt>
			<trkpt lat="44.35731" lon="2.47505">
				<ele>644.72</ele>
				<time>2026-05-28T16:20:59.942Z</time>
			</trkpt>
			<trkpt lat="44.35763" lon="2.4747">
				<ele>643.58</ele>
				<time>2026-05-28T16:21:03.206Z</time>
			</trkpt>
			<trkpt lat="44.35806" lon="2.47429">
				<ele>643.53</ele>
				<time>2026-05-28T16:21:07.381Z</time>
			</trkpt>
			<trkpt lat="44.35856" lon="2.47387">
				<ele>645.68</ele>
				<time>2026-05-28T16:21:12.052Z</time>
			</trkpt>
			<trkpt lat="44.35882" lon="2.47359">
				<ele>645.17</ele>
				<time>2026-05-28T16:21:14.675Z</time>
			</trkpt>
			<trkpt lat="44.3598" lon="2.47187">
				<ele>641.83</ele>
				<time>2026-05-28T16:21:27.176Z</time>
			</trkpt>
			<trkpt lat="44.36024" lon="2.47136">
				<ele>640.91</ele>
				<time>2026-05-28T16:21:31.685Z</time>
			</trkpt>
			<trkpt lat="44.36094" lon="2.47081">
				<ele>636.48</ele>
				<time>2026-05-28T16:21:37.984Z</time>
			</trkpt>
			<trkpt lat="44.36151" lon="2.47051">
				<ele>633.16</ele>
				<time>2026-05-28T16:21:42.730Z</time>
			</trkpt>
			<trkpt lat="44.36344" lon="2.46966">
				<ele>628.66</ele>
				<time>2026-05-28T16:21:58.262Z</time>
			</trkpt>
			<trkpt lat="44.36437" lon="2.46957">
				<ele>628.24</ele>
				<time>2026-05-28T16:22:05.276Z</time>
			</trkpt>
			<trkpt lat="44.36627" lon="2.47">
				<ele>629.59</ele>
				<time>2026-05-28T16:22:19.420Z</time>
			</trkpt>
			<trkpt lat="44.36789" lon="2.47003">
				<ele>630.7</ele>
				<time>2026-05-28T16:22:30.921Z</time>
			</trkpt>
			<trkpt lat="44.3687" lon="2.47029">
				<ele>628.89</ele>
				<time>2026-05-28T16:22:36.658Z</time>
			</trkpt>
			<trkpt lat="44.3689" lon="2.47039">
				<ele>628.15</ele>
				<time>2026-05-28T16:22:38.106Z</time>
			</trkpt>
			<trkpt lat="44.36973" lon="2.47092">
				<ele>626.72</ele>
				<time>2026-05-28T16:22:44.233Z</time>
			</trkpt>
			<trkpt lat="44.36988" lon="2.471">
				<ele>626.97</ele>
				<time>2026-05-28T16:22:45.295Z</time>
			</trkpt>
			<trkpt lat="44.37004" lon="2.47102">
				<ele>627.25</ele>
				<time>2026-05-28T16:22:46.353Z</time>
			</trkpt>
			<trkpt lat="44.37008" lon="2.46961">
				<ele>627.16</ele>
				<time>2026-05-28T16:22:52.566Z</time>
			</trkpt>
			<trkpt lat="44.37012" lon="2.46896">
				<ele>625.64</ele>
				<time>2026-05-28T16:22:55.079Z</time>
			</trkpt>
			<trkpt lat="44.3702" lon="2.46824">
				<ele>617.94</ele>
				<time>2026-05-28T16:22:57.643Z</time>
			</trkpt>
			<trkpt lat="44.3703" lon="2.46753">
				<ele>614.8</ele>
				<time>2026-05-28T16:22:59.960Z</time>
			</trkpt>
			<trkpt lat="44.37037" lon="2.46717">
				<ele>614</ele>
				<time>2026-05-28T16:23:01.072Z</time>
			</trkpt>
			<trkpt lat="44.37054" lon="2.46639">
				<ele>611.13</ele>
				<time>2026-05-28T16:23:03.331Z</time>
			</trkpt>
			<trkpt lat="44.3708" lon="2.4655">
				<ele>608.71</ele>
				<time>2026-05-28T16:23:05.730Z</time>
			</trkpt>
			<trkpt lat="44.37104" lon="2.46479">
				<ele>605.52</ele>
				<time>2026-05-28T16:23:07.515Z</time>
			</trkpt>
			<trkpt lat="44.3713" lon="2.46415">
				<ele>603.96</ele>
				<time>2026-05-28T16:23:09.075Z</time>
			</trkpt>
			<trkpt lat="44.37151" lon="2.46368">
				<ele>602.4</ele>
				<time>2026-05-28T16:23:10.194Z</time>
			</trkpt>
			<trkpt lat="44.37186" lon="2.463">
				<ele>597.96</ele>
				<time>2026-05-28T16:23:11.823Z</time>
			</trkpt>
			<trkpt lat="44.37357" lon="2.46023">
				<ele>579.8</ele>
				<time>2026-05-28T16:23:18.937Z</time>
			</trkpt>
			<trkpt lat="44.37374" lon="2.45999">
				<ele>578.43</ele>
				<time>2026-05-28T16:23:19.665Z</time>
			</trkpt>
			<trkpt lat="44.37395" lon="2.45975">
				<ele>575.98</ele>
				<time>2026-05-28T16:23:20.509Z</time>
			</trkpt>
			<trkpt lat="44.37434" lon="2.45937">
				<ele>573.65</ele>
				<time>2026-05-28T16:23:22.069Z</time>
			</trkpt>
			<trkpt lat="44.37458" lon="2.45919">
				<ele>572.6</ele>
				<time>2026-05-28T16:23:23.015Z</time>
			</trkpt>
			<trkpt lat="44.37487" lon="2.45901">
				<ele>568.74</ele>
				<time>2026-05-28T16:23:24.171Z</time>
			</trkpt>
			<trkpt lat="44.37515" lon="2.45888">
				<ele>565.98</ele>
				<time>2026-05-28T16:23:25.302Z</time>
			</trkpt>
			<trkpt lat="44.37547" lon="2.45877">
				<ele>567.4</ele>
				<time>2026-05-28T16:23:26.636Z</time>
			</trkpt>
			<trkpt lat="44.37573" lon="2.45871">
				<ele>568.23</ele>
				<time>2026-05-28T16:23:27.761Z</time>
			</trkpt>
			<trkpt lat="44.37684" lon="2.45858">
				<ele>576.14</ele>
				<time>2026-05-28T16:23:33.155Z</time>
			</trkpt>
			<trkpt lat="44.37708" lon="2.45851">
				<ele>577.69</ele>
				<time>2026-05-28T16:23:34.498Z</time>
			</trkpt>
			<trkpt lat="44.37732" lon="2.45842">
				<ele>578.12</ele>
				<time>2026-05-28T16:23:35.922Z</time>
			</trkpt>
			<trkpt lat="44.37753" lon="2.4583">
				<ele>578.45</ele>
				<time>2026-05-28T16:23:37.280Z</time>
			</trkpt>
			<trkpt lat="44.37792" lon="2.45802">
				<ele>580.08</ele>
				<time>2026-05-28T16:23:40.068Z</time>
			</trkpt>
			<trkpt lat="44.37806" lon="2.45788">
				<ele>579.54</ele>
				<time>2026-05-28T16:23:41.225Z</time>
			</trkpt>
			<trkpt lat="44.37828" lon="2.45762">
				<ele>579.44</ele>
				<time>2026-05-28T16:23:43.241Z</time>
			</trkpt>
			<trkpt lat="44.37844" lon="2.4574">
				<ele>580.28</ele>
				<time>2026-05-28T16:23:44.885Z</time>
			</trkpt>
			<trkpt lat="44.37871" lon="2.45691">
				<ele>581.39</ele>
				<time>2026-05-28T16:23:48.321Z</time>
			</trkpt>
			<trkpt lat="44.37883" lon="2.45663">
				<ele>581.74</ele>
				<time>2026-05-28T16:23:50.243Z</time>
			</trkpt>
			<trkpt lat="44.37896" lon="2.45625">
				<ele>582.42</ele>
				<time>2026-05-28T16:23:52.839Z</time>
			</trkpt>
			<trkpt lat="44.37937" lon="2.45489">
				<ele>582.53</ele>
				<time>2026-05-28T16:24:03.030Z</time>
			</trkpt>
			<trkpt lat="44.37961" lon="2.45415">
				<ele>584.39</ele>
				<time>2026-05-28T16:24:09.424Z</time>
			</trkpt>
			<trkpt lat="44.37963" lon="2.45394">
				<ele>584.57</ele>
				<time>2026-05-28T16:24:11.188Z</time>
			</trkpt>
			<trkpt lat="44.37976" lon="2.45354">
				<ele>583.95</ele>
				<time>2026-05-28T16:24:14.979Z</time>
			</trkpt>
			<trkpt lat="44.37977" lon="2.45351">
				<ele>584.03</ele>
				<time>2026-05-28T16:24:15.273Z</time>
			</trkpt>
			<trkpt lat="44.37982" lon="2.45346">
				<ele>583.76</ele>
				<time>2026-05-28T16:24:16.039Z</time>
			</trkpt>
			<trkpt lat="44.37997" lon="2.45295">
				<ele>582.99</ele>
				<time>2026-05-28T16:24:21.122Z</time>
			</trkpt>
			<trkpt lat="44.38" lon="2.45275">
				<ele>581.16</ele>
				<time>2026-05-28T16:24:23.082Z</time>
			</trkpt>
			<trkpt lat="44.38021" lon="2.45208">
				<ele>582.96</ele>
				<time>2026-05-28T16:24:30.448Z</time>
			</trkpt>
			<trkpt lat="44.38008" lon="2.45204">
				<ele>584.96</ele>
				<time>2026-05-28T16:24:32.412Z</time>
			</trkpt>
			<trkpt lat="44.38002" lon="2.452">
				<ele>586.17</ele>
				<time>2026-05-28T16:24:33.407Z</time>
			</trkpt>
			<trkpt lat="44.38" lon="2.45191">
				<ele>587.04</ele>
				<time>2026-05-28T16:24:37.132Z</time>
			</trkpt>
			<trkpt lat="44.38001" lon="2.45121">
				<ele>589.14</ele>
				<time>2026-05-28T16:24:56.710Z</time>
			</trkpt>
			<trkpt lat="44.37998" lon="2.45038">
				<ele>589.92</ele>
				<time>2026-05-28T16:25:06.432Z</time>
			</trkpt>
			<trkpt lat="44.37959" lon="2.4475">
				<ele>576.8</ele>
				<time>2026-05-28T16:25:30.725Z</time>
			</trkpt>
			<trkpt lat="44.37947" lon="2.44684">
				<ele>573.13</ele>
				<time>2026-05-28T16:25:34.581Z</time>
			</trkpt>
			<trkpt lat="44.37932" lon="2.44634">
				<ele>571.16</ele>
				<time>2026-05-28T16:25:37.280Z</time>
			</trkpt>
			<trkpt lat="44.37924" lon="2.44613">
				<ele>571.54</ele>
				<time>2026-05-28T16:25:38.372Z</time>
			</trkpt>
			<trkpt lat="44.37919" lon="2.44603">
				<ele>571.58</ele>
				<time>2026-05-28T16:25:38.911Z</time>
			</trkpt>
			<trkpt lat="44.37896" lon="2.44569">
				<ele>568.34</ele>
				<time>2026-05-28T16:25:40.862Z</time>
			</trkpt>
			<trkpt lat="44.37873" lon="2.44548">
				<ele>565.66</ele>
				<time>2026-05-28T16:25:42.335Z</time>
			</trkpt>
			<trkpt lat="44.37846" lon="2.44534">
				<ele>563.71</ele>
				<time>2026-05-28T16:25:43.771Z</time>
			</trkpt>
			<trkpt lat="44.37745" lon="2.44508">
				<ele>554.82</ele>
				<time>2026-05-28T16:25:48.231Z</time>
			</trkpt>
			<trkpt lat="44.3772" lon="2.44496">
				<ele>553.81</ele>
				<time>2026-05-28T16:25:49.271Z</time>
			</trkpt>
			<trkpt lat="44.37708" lon="2.44485">
				<ele>553.4</ele>
				<time>2026-05-28T16:25:49.826Z</time>
			</trkpt>
			<trkpt lat="44.377" lon="2.44467">
				<ele>552.69</ele>
				<time>2026-05-28T16:25:50.408Z</time>
			</trkpt>
			<trkpt lat="44.37688" lon="2.44431">
				<ele>553.5</ele>
				<time>2026-05-28T16:25:51.495Z</time>
			</trkpt>
			<trkpt lat="44.37674" lon="2.44368">
				<ele>558.43</ele>
				<time>2026-05-28T16:25:53.324Z</time>
			</trkpt>
			<trkpt lat="44.37672" lon="2.44337">
				<ele>557.84</ele>
				<time>2026-05-28T16:25:54.215Z</time>
			</trkpt>
			<trkpt lat="44.37679" lon="2.44297">
				<ele>553.65</ele>
				<time>2026-05-28T16:25:55.436Z</time>
			</trkpt>
			<trkpt lat="44.377" lon="2.4422">
				<ele>548.06</ele>
				<time>2026-05-28T16:25:58.094Z</time>
			</trkpt>
			<trkpt lat="44.37719" lon="2.44167">
				<ele>543.5</ele>
				<time>2026-05-28T16:26:00.242Z</time>
			</trkpt>
			<trkpt lat="44.37726" lon="2.441">
				<ele>542.16</ele>
				<time>2026-05-28T16:26:03.012Z</time>
			</trkpt>
			<trkpt lat="44.37729" lon="2.44089">
				<ele>541.75</ele>
				<time>2026-05-28T16:26:03.533Z</time>
			</trkpt>
			<trkpt lat="44.37736" lon="2.44081">
				<ele>539.28</ele>
				<time>2026-05-28T16:26:04.107Z</time>
			</trkpt>
			<trkpt lat="44.37749" lon="2.44076">
				<ele>533.12</ele>
				<time>2026-05-28T16:26:04.992Z</time>
			</trkpt>
			<trkpt lat="44.37754" lon="2.44066">
				<ele>533.47</ele>
				<time>2026-05-28T16:26:05.583Z</time>
			</trkpt>
			<trkpt lat="44.37767" lon="2.43973">
				<ele>535.48</ele>
				<time>2026-05-28T16:26:10.422Z</time>
			</trkpt>
			<trkpt lat="44.37767" lon="2.43944">
				<ele>542.09</ele>
				<time>2026-05-28T16:26:11.908Z</time>
			</trkpt>
			<trkpt lat="44.37804" lon="2.43702">
				<ele>537.65</ele>
				<time>2026-05-28T16:26:24.541Z</time>
			</trkpt>
			<trkpt lat="44.37818" lon="2.43631">
				<ele>539.78</ele>
				<time>2026-05-28T16:26:28.283Z</time>
			</trkpt>
			<trkpt lat="44.37841" lon="2.43553">
				<ele>543.4</ele>
				<time>2026-05-28T16:26:32.559Z</time>
			</trkpt>
			<trkpt lat="44.37868" lon="2.43484">
				<ele>541.42</ele>
				<time>2026-05-28T16:26:36.537Z</time>
			</trkpt>
			<trkpt lat="44.38035" lon="2.43113">
				<ele>553.67</ele>
				<time>2026-05-28T16:26:58.546Z</time>
			</trkpt>
			<trkpt lat="44.38041" lon="2.43108">
				<ele>552.49</ele>
				<time>2026-05-28T16:26:59.033Z</time>
			</trkpt>
			<trkpt lat="44.38062" lon="2.43061">
				<ele>551.84</ele>
				<time>2026-05-28T16:27:01.795Z</time>
			</trkpt>
			<trkpt lat="44.38065" lon="2.43048">
				<ele>552.71</ele>
				<time>2026-05-28T16:27:02.476Z</time>
			</trkpt>
			<trkpt lat="44.3809" lon="2.42992">
				<ele>549.15</ele>
				<time>2026-05-28T16:27:05.760Z</time>
			</trkpt>
			<trkpt lat="44.38096" lon="2.42986">
				<ele>548.01</ele>
				<time>2026-05-28T16:27:06.272Z</time>
			</trkpt>
			<trkpt lat="44.38128" lon="2.42908">
				<ele>550.24</ele>
				<time>2026-05-28T16:27:10.735Z</time>
			</trkpt>
			<trkpt lat="44.38144" lon="2.42858">
				<ele>555.46</ele>
				<time>2026-05-28T16:27:13.447Z</time>
			</trkpt>
			<trkpt lat="44.38152" lon="2.42824">
				<ele>556.99</ele>
				<time>2026-05-28T16:27:15.218Z</time>
			</trkpt>
			<trkpt lat="44.38158" lon="2.42793">
				<ele>557.61</ele>
				<time>2026-05-28T16:27:16.805Z</time>
			</trkpt>
			<trkpt lat="44.38164" lon="2.42718">
				<ele>561.85</ele>
				<time>2026-05-28T16:27:20.529Z</time>
			</trkpt>
			<trkpt lat="44.38167" lon="2.4264">
				<ele>558.95</ele>
				<time>2026-05-28T16:27:24.375Z</time>
			</trkpt>
			<trkpt lat="44.38168" lon="2.42536">
				<ele>561.78</ele>
				<time>2026-05-28T16:27:29.485Z</time>
			</trkpt>
			<trkpt lat="44.38172" lon="2.4248">
				<ele>560.63</ele>
				<time>2026-05-28T16:27:32.244Z</time>
			</trkpt>
			<trkpt lat="44.38186" lon="2.42363">
				<ele>563.18</ele>
				<time>2026-05-28T16:27:38.047Z</time>
			</trkpt>
			<trkpt lat="44.38198" lon="2.42301">
				<ele>563.03</ele>
				<time>2026-05-28T16:27:41.182Z</time>
			</trkpt>
			<trkpt lat="44.3823" lon="2.42164">
				<ele>558.74</ele>
				<time>2026-05-28T16:27:48.197Z</time>
			</trkpt>
			<trkpt lat="44.38236" lon="2.4213">
				<ele>559.92</ele>
				<time>2026-05-28T16:27:49.898Z</time>
			</trkpt>
			<trkpt lat="44.38239" lon="2.42097">
				<ele>556.5</ele>
				<time>2026-05-28T16:27:51.512Z</time>
			</trkpt>
			<trkpt lat="44.3824" lon="2.42064">
				<ele>553.83</ele>
				<time>2026-05-28T16:27:53.114Z</time>
			</trkpt>
			<trkpt lat="44.38239" lon="2.42038">
				<ele>552.37</ele>
				<time>2026-05-28T16:27:54.375Z</time>
			</trkpt>
			<trkpt lat="44.38237" lon="2.4201">
				<ele>550.99</ele>
				<time>2026-05-28T16:27:55.738Z</time>
			</trkpt>
			<trkpt lat="44.38232" lon="2.41987">
				<ele>549.19</ele>
				<time>2026-05-28T16:27:56.901Z</time>
			</trkpt>
			<trkpt lat="44.38219" lon="2.41939">
				<ele>542.21</ele>
				<time>2026-05-28T16:27:59.382Z</time>
			</trkpt>
			<trkpt lat="44.38208" lon="2.41911">
				<ele>537.51</ele>
				<time>2026-05-28T16:28:00.926Z</time>
			</trkpt>
			<trkpt lat="44.38208" lon="2.41904">
				<ele>536.29</ele>
				<time>2026-05-28T16:28:01.263Z</time>
			</trkpt>
			<trkpt lat="44.38184" lon="2.41861">
				<ele>532.74</ele>
				<time>2026-05-28T16:28:03.895Z</time>
			</trkpt>
			<trkpt lat="44.38179" lon="2.41858">
				<ele>532.83</ele>
				<time>2026-05-28T16:28:04.262Z</time>
			</trkpt>
			<trkpt lat="44.38164" lon="2.41837">
				<ele>533.15</ele>
				<time>2026-05-28T16:28:05.693Z</time>
			</trkpt>
			<trkpt lat="44.38148" lon="2.4182">
				<ele>532.04</ele>
				<time>2026-05-28T16:28:07.046Z</time>
			</trkpt>
			<trkpt lat="44.38106" lon="2.41786">
				<ele>528.82</ele>
				<time>2026-05-28T16:28:10.311Z</time>
			</trkpt>
			<trkpt lat="44.38098" lon="2.41777">
				<ele>528.99</ele>
				<time>2026-05-28T16:28:11.001Z</time>
			</trkpt>
			<trkpt lat="44.38071" lon="2.41761">
				<ele>533.58</ele>
				<time>2026-05-28T16:28:12.971Z</time>
			</trkpt>
			<trkpt lat="44.38063" lon="2.41759">
				<ele>533.98</ele>
				<time>2026-05-28T16:28:13.517Z</time>
			</trkpt>
			<trkpt lat="44.38041" lon="2.41745">
				<ele>535.41</ele>
				<time>2026-05-28T16:28:15.139Z</time>
			</trkpt>
			<trkpt lat="44.38017" lon="2.41726">
				<ele>536.55</ele>
				<time>2026-05-28T16:28:16.988Z</time>
			</trkpt>
			<trkpt lat="44.37995" lon="2.417">
				<ele>538.46</ele>
				<time>2026-05-28T16:28:18.917Z</time>
			</trkpt>
			<trkpt lat="44.37962" lon="2.41643">
				<ele>539.08</ele>
				<time>2026-05-28T16:28:22.425Z</time>
			</trkpt>
			<trkpt lat="44.3794" lon="2.41577">
				<ele>542.28</ele>
				<time>2026-05-28T16:28:25.901Z</time>
			</trkpt>
			<trkpt lat="44.3793" lon="2.41517">
				<ele>542.55</ele>
				<time>2026-05-28T16:28:28.838Z</time>
			</trkpt>
			<trkpt lat="44.37928" lon="2.41464">
				<ele>548.74</ele>
				<time>2026-05-28T16:28:31.365Z</time>
			</trkpt>
			<trkpt lat="44.37936" lon="2.41395">
				<ele>555.99</ele>
				<time>2026-05-28T16:28:34.688Z</time>
			</trkpt>
			<trkpt lat="44.37967" lon="2.41307">
				<ele>557.98</ele>
				<time>2026-05-28T16:28:39.344Z</time>
			</trkpt>
			<trkpt lat="44.38262" lon="2.40693">
				<ele>571.86</ele>
				<time>2026-05-28T16:29:14.147Z</time>
			</trkpt>
			<trkpt lat="44.38392" lon="2.40485">
				<ele>576.39</ele>
				<time>2026-05-28T16:29:27.016Z</time>
			</trkpt>
			<trkpt lat="44.38425" lon="2.4044">
				<ele>573.35</ele>
				<time>2026-05-28T16:29:30.009Z</time>
			</trkpt>
			<trkpt lat="44.38431" lon="2.40425">
				<ele>573.13</ele>
				<time>2026-05-28T16:29:30.807Z</time>
			</trkpt>
			<trkpt lat="44.38466" lon="2.40372">
				<ele>573.5</ele>
				<time>2026-05-28T16:29:34.152Z</time>
			</trkpt>
			<trkpt lat="44.38475" lon="2.40361">
				<ele>573.21</ele>
				<time>2026-05-28T16:29:34.926Z</time>
			</trkpt>
			<trkpt lat="44.38482" lon="2.40346">
				<ele>571.27</ele>
				<time>2026-05-28T16:29:35.756Z</time>
			</trkpt>
			<trkpt lat="44.38573" lon="2.40202">
				<ele>565.53</ele>
				<time>2026-05-28T16:29:44.640Z</time>
			</trkpt>
			<trkpt lat="44.38615" lon="2.40143">
				<ele>563.93</ele>
				<time>2026-05-28T16:29:48.480Z</time>
			</trkpt>
			<trkpt lat="44.38747" lon="2.39972">
				<ele>546.08</ele>
				<time>2026-05-28T16:30:00.055Z</time>
			</trkpt>
			<trkpt lat="44.38787" lon="2.39916">
				<ele>542.35</ele>
				<time>2026-05-28T16:30:03.686Z</time>
			</trkpt>
			<trkpt lat="44.3884" lon="2.39831">
				<ele>547.05</ele>
				<time>2026-05-28T16:30:08.851Z</time>
			</trkpt>
			<trkpt lat="44.3899" lon="2.39577">
				<ele>553.7</ele>
				<time>2026-05-28T16:30:23.891Z</time>
			</trkpt>
			<trkpt lat="44.39011" lon="2.39534">
				<ele>555.72</ele>
				<time>2026-05-28T16:30:26.261Z</time>
			</trkpt>
			<trkpt lat="44.39027" lon="2.39493">
				<ele>561.67</ele>
				<time>2026-05-28T16:30:28.386Z</time>
			</trkpt>
			<trkpt lat="44.39045" lon="2.39441">
				<ele>560.72</ele>
				<time>2026-05-28T16:30:31.013Z</time>
			</trkpt>
			<trkpt lat="44.39068" lon="2.3935">
				<ele>558.35</ele>
				<time>2026-05-28T16:30:35.395Z</time>
			</trkpt>
			<trkpt lat="44.3908" lon="2.39268">
				<ele>554.5</ele>
				<time>2026-05-28T16:30:39.192Z</time>
			</trkpt>
			<trkpt lat="44.39103" lon="2.39056">
				<ele>551.75</ele>
				<time>2026-05-28T16:30:48.899Z</time>
			</trkpt>
			<trkpt lat="44.39179" lon="2.38311">
				<ele>557.79</ele>
				<time>2026-05-28T16:31:22.780Z</time>
			</trkpt>
			<trkpt lat="44.39188" lon="2.38228">
				<ele>560.36</ele>
				<time>2026-05-28T16:31:26.544Z</time>
			</trkpt>
			<trkpt lat="44.392" lon="2.38169">
				<ele>562.18</ele>
				<time>2026-05-28T16:31:29.293Z</time>
			</trkpt>
			<trkpt lat="44.39205" lon="2.38149">
				<ele>562.76</ele>
				<time>2026-05-28T16:31:30.242Z</time>
			</trkpt>
			<trkpt lat="44.39228" lon="2.38077">
				<ele>563.41</ele>
				<time>2026-05-28T16:31:33.773Z</time>
			</trkpt>
			<trkpt lat="44.39231" lon="2.38071">
				<ele>563.75</ele>
				<time>2026-05-28T16:31:34.101Z</time>
			</trkpt>
			<trkpt lat="44.39246" lon="2.38031">
				<ele>566.61</ele>
				<time>2026-05-28T16:31:36.122Z</time>
			</trkpt>
			<trkpt lat="44.39249" lon="2.38021">
				<ele>567.21</ele>
				<time>2026-05-28T16:31:36.607Z</time>
			</trkpt>
			<trkpt lat="44.39285" lon="2.37924">
				<ele>567.5</ele>
				<time>2026-05-28T16:31:41.494Z</time>
			</trkpt>
			<trkpt lat="44.39296" lon="2.37899">
				<ele>568.29</ele>
				<time>2026-05-28T16:31:42.806Z</time>
			</trkpt>
			<trkpt lat="44.39351" lon="2.37789">
				<ele>573.89</ele>
				<time>2026-05-28T16:31:48.803Z</time>
			</trkpt>
			<trkpt lat="44.39367" lon="2.37754">
				<ele>575.66</ele>
				<time>2026-05-28T16:31:50.657Z</time>
			</trkpt>
			<trkpt lat="44.39379" lon="2.37722">
				<ele>576.99</ele>
				<time>2026-05-28T16:31:52.270Z</time>
			</trkpt>
			<trkpt lat="44.39405" lon="2.37641">
				<ele>576</ele>
				<time>2026-05-28T16:31:56.230Z</time>
			</trkpt>
			<trkpt lat="44.39464" lon="2.37451">
				<ele>587.14</ele>
				<time>2026-05-28T16:32:05.462Z</time>
			</trkpt>
			<trkpt lat="44.39477" lon="2.3742">
				<ele>589.53</ele>
				<time>2026-05-28T16:32:07.063Z</time>
			</trkpt>
			<trkpt lat="44.395" lon="2.3738">
				<ele>591.54</ele>
				<time>2026-05-28T16:32:09.349Z</time>
			</trkpt>
			<trkpt lat="44.39524" lon="2.37351">
				<ele>591.87</ele>
				<time>2026-05-28T16:32:11.324Z</time>
			</trkpt>
			<trkpt lat="44.39573" lon="2.37305">
				<ele>595.28</ele>
				<time>2026-05-28T16:32:14.998Z</time>
			</trkpt>
			<trkpt lat="44.39614" lon="2.3726">
				<ele>599.01</ele>
				<time>2026-05-28T16:32:18.242Z</time>
			</trkpt>
			<trkpt lat="44.39635" lon="2.37226">
				<ele>598.97</ele>
				<time>2026-05-28T16:32:20.240Z</time>
			</trkpt>
			<trkpt lat="44.39651" lon="2.37191">
				<ele>598.04</ele>
				<time>2026-05-28T16:32:22.087Z</time>
			</trkpt>
			<trkpt lat="44.39663" lon="2.37156">
				<ele>598.89</ele>
				<time>2026-05-28T16:32:23.813Z</time>
			</trkpt>
			<trkpt lat="44.39691" lon="2.37052">
				<ele>603.77</ele>
				<time>2026-05-28T16:32:28.752Z</time>
			</trkpt>
			<trkpt lat="44.39705" lon="2.37009">
				<ele>603.1</ele>
				<time>2026-05-28T16:32:30.851Z</time>
			</trkpt>
			<trkpt lat="44.39717" lon="2.36975">
				<ele>603.53</ele>
				<time>2026-05-28T16:32:32.535Z</time>
			</trkpt>
			<trkpt lat="44.39738" lon="2.36928">
				<ele>605.3</ele>
				<time>2026-05-28T16:32:34.997Z</time>
			</trkpt>
			<trkpt lat="44.39761" lon="2.36887">
				<ele>606.7</ele>
				<time>2026-05-28T16:32:37.312Z</time>
			</trkpt>
			<trkpt lat="44.39823" lon="2.36788">
				<ele>607.7</ele>
				<time>2026-05-28T16:32:43.156Z</time>
			</trkpt>
			<trkpt lat="44.39851" lon="2.3674">
				<ele>608.99</ele>
				<time>2026-05-28T16:32:45.906Z</time>
			</trkpt>
			<trkpt lat="44.39877" lon="2.36681">
				<ele>611.74</ele>
				<time>2026-05-28T16:32:48.982Z</time>
			</trkpt>
			<trkpt lat="44.4005" lon="2.36202">
				<ele>615.59</ele>
				<time>2026-05-28T16:33:12.791Z</time>
			</trkpt>
			<trkpt lat="44.40057" lon="2.3617">
				<ele>609.99</ele>
				<time>2026-05-28T16:33:14.276Z</time>
			</trkpt>
			<trkpt lat="44.4006" lon="2.3614">
				<ele>605.77</ele>
				<time>2026-05-28T16:33:15.619Z</time>
			</trkpt>
			<trkpt lat="44.40059" lon="2.36113">
				<ele>604.41</ele>
				<time>2026-05-28T16:33:16.818Z</time>
			</trkpt>
			<trkpt lat="44.40057" lon="2.36085">
				<ele>605.03</ele>
				<time>2026-05-28T16:33:18.067Z</time>
			</trkpt>
			<trkpt lat="44.40048" lon="2.36051">
				<ele>606.4</ele>
				<time>2026-05-28T16:33:19.675Z</time>
			</trkpt>
			<trkpt lat="44.40015" lon="2.35946">
				<ele>609.66</ele>
				<time>2026-05-28T16:33:24.764Z</time>
			</trkpt>
			<trkpt lat="44.40011" lon="2.35926">
				<ele>609.28</ele>
				<time>2026-05-28T16:33:25.685Z</time>
			</trkpt>
			<trkpt lat="44.40009" lon="2.35886">
				<ele>609.38</ele>
				<time>2026-05-28T16:33:27.464Z</time>
			</trkpt>
			<trkpt lat="44.4001" lon="2.35866">
				<ele>609.61</ele>
				<time>2026-05-28T16:33:28.353Z</time>
			</trkpt>
			<trkpt lat="44.40012" lon="2.35843">
				<ele>609.63</ele>
				<time>2026-05-28T16:33:29.382Z</time>
			</trkpt>
			<trkpt lat="44.40018" lon="2.35819">
				<ele>610.76</ele>
				<time>2026-05-28T16:33:30.510Z</time>
			</trkpt>
			<trkpt lat="44.40034" lon="2.3578">
				<ele>612.8</ele>
				<time>2026-05-28T16:33:32.505Z</time>
			</trkpt>
			<trkpt lat="44.40045" lon="2.35761">
				<ele>613.91</ele>
				<time>2026-05-28T16:33:33.591Z</time>
			</trkpt>
			<trkpt lat="44.40058" lon="2.35744">
				<ele>615.69</ele>
				<time>2026-05-28T16:33:34.696Z</time>
			</trkpt>
			<trkpt lat="44.40076" lon="2.35727">
				<ele>618.24</ele>
				<time>2026-05-28T16:33:36.045Z</time>
			</trkpt>
			<trkpt lat="44.40184" lon="2.35638">
				<ele>618.94</ele>
				<time>2026-05-28T16:33:43.832Z</time>
			</trkpt>
			<trkpt lat="44.40195" lon="2.35627">
				<ele>619.74</ele>
				<time>2026-05-28T16:33:44.672Z</time>
			</trkpt>
			<trkpt lat="44.40213" lon="2.35603">
				<ele>620.47</ele>
				<time>2026-05-28T16:33:46.218Z</time>
			</trkpt>
			<trkpt lat="44.40226" lon="2.35577">
				<ele>620.05</ele>
				<time>2026-05-28T16:33:47.627Z</time>
			</trkpt>
			<trkpt lat="44.40236" lon="2.35548">
				<ele>620</ele>
				<time>2026-05-28T16:33:49.058Z</time>
			</trkpt>
			<trkpt lat="44.40239" lon="2.35532">
				<ele>620.55</ele>
				<time>2026-05-28T16:33:49.792Z</time>
			</trkpt>
			<trkpt lat="44.40244" lon="2.35501">
				<ele>621.56</ele>
				<time>2026-05-28T16:33:51.204Z</time>
			</trkpt>
			<trkpt lat="44.40244" lon="2.3547">
				<ele>621.68</ele>
				<time>2026-05-28T16:33:52.582Z</time>
			</trkpt>
			<trkpt lat="44.40242" lon="2.35444">
				<ele>622.43</ele>
				<time>2026-05-28T16:33:53.744Z</time>
			</trkpt>
			<trkpt lat="44.40237" lon="2.35419">
				<ele>622.91</ele>
				<time>2026-05-28T16:33:54.897Z</time>
			</trkpt>
			<trkpt lat="44.40221" lon="2.35374">
				<ele>623.5</ele>
				<time>2026-05-28T16:33:57.131Z</time>
			</trkpt>
			<trkpt lat="44.40173" lon="2.35285">
				<ele>622.25</ele>
				<time>2026-05-28T16:34:02.089Z</time>
			</trkpt>
			<trkpt lat="44.40114" lon="2.35178">
				<ele>619.29</ele>
				<time>2026-05-28T16:34:08.102Z</time>
			</trkpt>
			<trkpt lat="44.40092" lon="2.35132">
				<ele>619.58</ele>
				<time>2026-05-28T16:34:10.566Z</time>
			</trkpt>
			<trkpt lat="44.40073" lon="2.35079">
				<ele>620.5</ele>
				<time>2026-05-28T16:34:13.206Z</time>
			</trkpt>
			<trkpt lat="44.40063" lon="2.35042">
				<ele>619.73</ele>
				<time>2026-05-28T16:34:14.968Z</time>
			</trkpt>
			<trkpt lat="44.40054" lon="2.35004">
				<ele>616.19</ele>
				<time>2026-05-28T16:34:16.751Z</time>
			</trkpt>
			<trkpt lat="44.40045" lon="2.34953">
				<ele>611.78</ele>
				<time>2026-05-28T16:34:19.092Z</time>
			</trkpt>
			<trkpt lat="44.40041" lon="2.34911">
				<ele>609.19</ele>
				<time>2026-05-28T16:34:20.981Z</time>
			</trkpt>
			<trkpt lat="44.40039" lon="2.3487">
				<ele>606.46</ele>
				<time>2026-05-28T16:34:22.813Z</time>
			</trkpt>
			<trkpt lat="44.40038" lon="2.34828">
				<ele>604.22</ele>
				<time>2026-05-28T16:34:24.687Z</time>
			</trkpt>
			<trkpt lat="44.40041" lon="2.34786">
				<ele>602.11</ele>
				<time>2026-05-28T16:34:26.569Z</time>
			</trkpt>
			<trkpt lat="44.40045" lon="2.34747">
				<ele>598.86</ele>
				<time>2026-05-28T16:34:28.327Z</time>
			</trkpt>
			<trkpt lat="44.40052" lon="2.34701">
				<ele>594.4</ele>
				<time>2026-05-28T16:34:30.426Z</time>
			</trkpt>
			<trkpt lat="44.40073" lon="2.34602">
				<ele>590.97</ele>
				<time>2026-05-28T16:34:35.038Z</time>
			</trkpt>
			<trkpt lat="44.4009" lon="2.34514">
				<ele>588.77</ele>
				<time>2026-05-28T16:34:39.111Z</time>
			</trkpt>
			<trkpt lat="44.40094" lon="2.34484">
				<ele>588.08</ele>
				<time>2026-05-28T16:34:40.476Z</time>
			</trkpt>
			<trkpt lat="44.40101" lon="2.34435">
				<ele>587.43</ele>
				<time>2026-05-28T16:34:42.711Z</time>
			</trkpt>
			<trkpt lat="44.4011" lon="2.34333">
				<ele>585.98</ele>
				<time>2026-05-28T16:34:47.310Z</time>
			</trkpt>
			<trkpt lat="44.40112" lon="2.3428">
				<ele>590.09</ele>
				<time>2026-05-28T16:34:49.686Z</time>
			</trkpt>
			<trkpt lat="44.40133" lon="2.33236">
				<ele>582.9</ele>
				<time>2026-05-28T16:35:36.706Z</time>
			</trkpt>
			<trkpt lat="44.40132" lon="2.33182">
				<ele>584.89</ele>
				<time>2026-05-28T16:35:39.153Z</time>
			</trkpt>
			<trkpt lat="44.40126" lon="2.33098">
				<ele>584.41</ele>
				<time>2026-05-28T16:35:42.980Z</time>
			</trkpt>
			<trkpt lat="44.40115" lon="2.33026">
				<ele>579.78</ele>
				<time>2026-05-28T16:35:46.322Z</time>
			</trkpt>
			<trkpt lat="44.40102" lon="2.32967">
				<ele>578</ele>
				<time>2026-05-28T16:35:49.127Z</time>
			</trkpt>
			<trkpt lat="44.40092" lon="2.32927">
				<ele>578.33</ele>
				<time>2026-05-28T16:35:51.053Z</time>
			</trkpt>
			<trkpt lat="44.39923" lon="2.32415">
				<ele>580.72</ele>
				<time>2026-05-28T16:36:16.803Z</time>
			</trkpt>
			<trkpt lat="44.3988" lon="2.32287">
				<ele>581.44</ele>
				<time>2026-05-28T16:36:23.295Z</time>
			</trkpt>
			<trkpt lat="44.39748" lon="2.31909">
				<ele>571.67</ele>
				<time>2026-05-28T16:36:42.696Z</time>
			</trkpt>
			<trkpt lat="44.39711" lon="2.31778">
				<ele>574.39</ele>
				<time>2026-05-28T16:36:49.223Z</time>
			</trkpt>
			<trkpt lat="44.39703" lon="2.31746">
				<ele>574.21</ele>
				<time>2026-05-28T16:36:50.797Z</time>
			</trkpt>
			<trkpt lat="44.39677" lon="2.31605">
				<ele>576.53</ele>
				<time>2026-05-28T16:36:57.566Z</time>
			</trkpt>
			<trkpt lat="44.39667" lon="2.31457">
				<ele>571.94</ele>
				<time>2026-05-28T16:37:04.495Z</time>
			</trkpt>
			<trkpt lat="44.39669" lon="2.31329">
				<ele>571.07</ele>
				<time>2026-05-28T16:37:10.479Z</time>
			</trkpt>
			<trkpt lat="44.39688" lon="2.31148">
				<ele>562.53</ele>
				<time>2026-05-28T16:37:19.055Z</time>
			</trkpt>
			<trkpt lat="44.39777" lon="2.30479">
				<ele>544.99</ele>
				<time>2026-05-28T16:37:51.242Z</time>
			</trkpt>
			<trkpt lat="44.39818" lon="2.30216">
				<ele>536.2</ele>
				<time>2026-05-28T16:38:04.107Z</time>
			</trkpt>
			<trkpt lat="44.3983" lon="2.3016">
				<ele>531.67</ele>
				<time>2026-05-28T16:38:06.912Z</time>
			</trkpt>
			<trkpt lat="44.3984" lon="2.30141">
				<ele>530.13</ele>
				<time>2026-05-28T16:38:08.045Z</time>
			</trkpt>
			<trkpt lat="44.39847" lon="2.30137">
				<ele>529.95</ele>
				<time>2026-05-28T16:38:08.553Z</time>
			</trkpt>
			<trkpt lat="44.39853" lon="2.3013">
				<ele>529.71</ele>
				<time>2026-05-28T16:38:09.078Z</time>
			</trkpt>
			<trkpt lat="44.39857" lon="2.30122">
				<ele>529.39</ele>
				<time>2026-05-28T16:38:09.548Z</time>
			</trkpt>
			<trkpt lat="44.39859" lon="2.30112">
				<ele>529.04</ele>
				<time>2026-05-28T16:38:10.047Z</time>
			</trkpt>
			<trkpt lat="44.39859" lon="2.30102">
				<ele>528.35</ele>
				<time>2026-05-28T16:38:10.528Z</time>
			</trkpt>
			<trkpt lat="44.39857" lon="2.30092">
				<ele>527.67</ele>
				<time>2026-05-28T16:38:11.024Z</time>
			</trkpt>
			<trkpt lat="44.39852" lon="2.30084">
				<ele>527.09</ele>
				<time>2026-05-28T16:38:11.524Z</time>
			</trkpt>
			<trkpt lat="44.39847" lon="2.30078">
				<ele>526.75</ele>
				<time>2026-05-28T16:38:11.950Z</time>
			</trkpt>
			<trkpt lat="44.39841" lon="2.30075">
				<ele>526.64</ele>
				<time>2026-05-28T16:38:12.357Z</time>
			</trkpt>
			<trkpt lat="44.39829" lon="2.30075">
				<ele>527.12</ele>
				<time>2026-05-28T16:38:13.107Z</time>
			</trkpt>
			<trkpt lat="44.39823" lon="2.30079">
				<ele>527.92</ele>
				<time>2026-05-28T16:38:13.515Z</time>
			</trkpt>
			<trkpt lat="44.39817" lon="2.30085">
				<ele>528.79</ele>
				<time>2026-05-28T16:38:13.960Z</time>
			</trkpt>
			<trkpt lat="44.39813" lon="2.30093">
				<ele>529.56</ele>
				<time>2026-05-28T16:38:14.376Z</time>
			</trkpt>
			<trkpt lat="44.39792" lon="2.30093">
				<ele>531.84</ele>
				<time>2026-05-28T16:38:15.595Z</time>
			</trkpt>
			<trkpt lat="44.39732" lon="2.30086">
				<ele>535.7</ele>
				<time>2026-05-28T16:38:18.875Z</time>
			</trkpt>
			<trkpt lat="44.39703" lon="2.30088">
				<ele>536</ele>
				<time>2026-05-28T16:38:20.379Z</time>
			</trkpt>
			<trkpt lat="44.39687" lon="2.30093">
				<ele>536.57</ele>
				<time>2026-05-28T16:38:21.216Z</time>
			</trkpt>
			<trkpt lat="44.39668" lon="2.30102">
				<ele>538.49</ele>
				<time>2026-05-28T16:38:22.234Z</time>
			</trkpt>
			<trkpt lat="44.39639" lon="2.30129">
				<ele>543.63</ele>
				<time>2026-05-28T16:38:24.003Z</time>
			</trkpt>
			<trkpt lat="44.39617" lon="2.30159">
				<ele>546.66</ele>
				<time>2026-05-28T16:38:25.586Z</time>
			</trkpt>
			<trkpt lat="44.39529" lon="2.30318">
				<ele>558</ele>
				<time>2026-05-28T16:38:33.951Z</time>
			</trkpt>
			<trkpt lat="44.39513" lon="2.30343">
				<ele>557.31</ele>
				<time>2026-05-28T16:38:35.602Z</time>
			</trkpt>
			<trkpt lat="44.39498" lon="2.30361">
				<ele>556.91</ele>
				<time>2026-05-28T16:38:37.037Z</time>
			</trkpt>
			<trkpt lat="44.39471" lon="2.3038">
				<ele>556.07</ele>
				<time>2026-05-28T16:38:39.378Z</time>
			</trkpt>
			<trkpt lat="44.39388" lon="2.30401">
				<ele>558.21</ele>
				<time>2026-05-28T16:38:47.009Z</time>
			</trkpt>
			<trkpt lat="44.3937" lon="2.30414">
				<ele>558.27</ele>
				<time>2026-05-28T16:38:49.119Z</time>
			</trkpt>
			<trkpt lat="44.3936" lon="2.30424">
				<ele>558.51</ele>
				<time>2026-05-28T16:38:50.457Z</time>
			</trkpt>
			<trkpt lat="44.39353" lon="2.30416">
				<ele>559.58</ele>
				<time>2026-05-28T16:38:51.470Z</time>
			</trkpt>
			<trkpt lat="44.39327" lon="2.30401">
				<ele>561.73</ele>
				<time>2026-05-28T16:38:54.787Z</time>
			</trkpt>
			<trkpt lat="44.3932" lon="2.30393">
				<ele>562.72</ele>
				<time>2026-05-28T16:38:56.031Z</time>
			</trkpt>
			<trkpt lat="44.39318" lon="2.30387">
				<ele>563.2</ele>
				<time>2026-05-28T16:38:56.843Z</time>
			</trkpt>
			<trkpt lat="44.39319" lon="2.30379">
				<ele>563.53</ele>
				<time>2026-05-28T16:38:57.980Z</time>
			</trkpt>
			<trkpt lat="44.39334" lon="2.30344">
				<ele>564.15</ele>
				<time>2026-05-28T16:39:05.385Z</time>
			</trkpt>
			<trkpt lat="44.39334" lon="2.30338">
				<ele>564.61</ele>
				<time>2026-05-28T16:39:06.625Z</time>
			</trkpt>
			<trkpt lat="44.39329" lon="2.30301">
				<ele>567.69</ele>
				<time>2026-05-28T16:39:14.514Z</time>
			</trkpt>
			<trkpt lat="44.39324" lon="2.30297">
				<ele>568.33</ele>
				<time>2026-05-28T16:39:16.118Z</time>
			</trkpt>
			<trkpt lat="44.39307" lon="2.30295">
				<ele>569.82</ele>
				<time>2026-05-28T16:39:20.398Z</time>
			</trkpt>
			<trkpt lat="44.39302" lon="2.30292">
				<ele>570.11</ele>
				<time>2026-05-28T16:39:21.561Z</time>
			</trkpt>
			<trkpt lat="44.39283" lon="2.30265">
				<ele>570.88</ele>
				<time>2026-05-28T16:39:25.721Z</time>
			</trkpt>
			<trkpt lat="44.39274" lon="2.30248">
				<ele>571.15</ele>
				<time>2026-05-28T16:39:27.464Z</time>
			</trkpt>
			<trkpt lat="44.39228" lon="2.30256">
				<ele>572.78</ele>
				<time>2026-05-28T16:39:32.444Z</time>
			</trkpt>
			<trkpt lat="44.39199" lon="2.30257">
				<ele>573</ele>
				<time>2026-05-28T16:39:35.782Z</time>
			</trkpt>
			<trkpt lat="44.39177" lon="2.30255">
				<ele>573.62</ele>
				<time>2026-05-28T16:39:38.319Z</time>
			</trkpt>
			<trkpt lat="44.39091" lon="2.30007">
				<ele>579.43</ele>
				<time>2026-05-28T16:40:01.409Z</time>
			</trkpt>
			<trkpt lat="44.3904" lon="2.29877">
				<ele>571.65</ele>
				<time>2026-05-28T16:40:14.284Z</time>
			</trkpt>
			<trkpt lat="44.39" lon="2.29759">
				<ele>568.31</ele>
				<time>2026-05-28T16:40:25.809Z</time>
			</trkpt>
			<trkpt lat="44.38976" lon="2.29663">
				<ele>569.27</ele>
				<time>2026-05-28T16:40:34.869Z</time>
			</trkpt>
			<trkpt lat="44.38956" lon="2.29598">
				<ele>569.71</ele>
				<time>2026-05-28T16:40:41.201Z</time>
			</trkpt>
			<trkpt lat="44.3892" lon="2.2951">
				<ele>560.84</ele>
				<time>2026-05-28T16:40:50.295Z</time>
			</trkpt>
			<trkpt lat="44.38879" lon="2.29445">
				<ele>559.73</ele>
				<time>2026-05-28T16:40:58.073Z</time>
			</trkpt>
			<trkpt lat="44.38859" lon="2.29384">
				<ele>558.04</ele>
				<time>2026-05-28T16:41:04.084Z</time>
			</trkpt>
			<trkpt lat="44.38817" lon="2.29183">
				<ele>555.45</ele>
				<time>2026-05-28T16:41:22.699Z</time>
			</trkpt>
			<trkpt lat="44.388" lon="2.29119">
				<ele>554.77</ele>
				<time>2026-05-28T16:41:28.695Z</time>
			</trkpt>
			<trkpt lat="44.38791" lon="2.291">
				<ele>555.53</ele>
				<time>2026-05-28T16:41:30.686Z</time>
			</trkpt>
			<trkpt lat="44.38787" lon="2.2908">
				<ele>555.9</ele>
				<time>2026-05-28T16:41:32.495Z</time>
			</trkpt>
			<trkpt lat="44.38779" lon="2.28997">
				<ele>553.71</ele>
				<time>2026-05-28T16:41:39.737Z</time>
			</trkpt>
			<trkpt lat="44.38772" lon="2.28958">
				<ele>553.69</ele>
				<time>2026-05-28T16:41:43.181Z</time>
			</trkpt>
			<trkpt lat="44.38763" lon="2.28919">
				<ele>553.53</ele>
				<time>2026-05-28T16:41:46.666Z</time>
			</trkpt>
			<trkpt lat="44.38748" lon="2.28846">
				<ele>553.46</ele>
				<time>2026-05-28T16:41:53.054Z</time>
			</trkpt>
			<trkpt lat="44.38747" lon="2.28815">
				<ele>552.36</ele>
				<time>2026-05-28T16:41:55.636Z</time>
			</trkpt>
			<trkpt lat="44.38745" lon="2.28799">
				<ele>551.57</ele>
				<time>2026-05-28T16:41:56.980Z</time>
			</trkpt>
			<trkpt lat="44.38736" lon="2.28765">
				<ele>550.02</ele>
				<time>2026-05-28T16:41:59.962Z</time>
			</trkpt>
			<trkpt lat="44.38716" lon="2.28715">
				<ele>550.43</ele>
				<time>2026-05-28T16:42:04.621Z</time>
			</trkpt>
			<trkpt lat="44.38692" lon="2.28642">
				<ele>550.24</ele>
				<time>2026-05-28T16:42:11.037Z</time>
			</trkpt>
			<trkpt lat="44.38678" lon="2.28577">
				<ele>554.12</ele>
				<time>2026-05-28T16:42:16.342Z</time>
			</trkpt>
			<trkpt lat="44.38667" lon="2.28456">
				<ele>557.74</ele>
				<time>2026-05-28T16:42:25.580Z</time>
			</trkpt>
			<trkpt lat="44.38634" lon="2.28203">
				<ele>567.07</ele>
				<time>2026-05-28T16:42:43.645Z</time>
			</trkpt>
			<trkpt lat="44.38618" lon="2.28091">
				<ele>566.73</ele>
				<time>2026-05-28T16:42:50.967Z</time>
			</trkpt>
			<trkpt lat="44.38617" lon="2.28089">
				<ele>566.74</ele>
				<time>2026-05-28T16:42:51.118Z</time>
			</trkpt>
			<trkpt lat="44.38618" lon="2.2807">
				<ele>566.82</ele>
				<time>2026-05-28T16:42:52.291Z</time>
			</trkpt>
			<trkpt lat="44.38622" lon="2.28056">
				<ele>566.74</ele>
				<time>2026-05-28T16:42:53.210Z</time>
			</trkpt>
			<trkpt lat="44.3863" lon="2.28041">
				<ele>566.41</ele>
				<time>2026-05-28T16:42:54.339Z</time>
			</trkpt>
			<trkpt lat="44.38648" lon="2.28023">
				<ele>565.96</ele>
				<time>2026-05-28T16:42:56.182Z</time>
			</trkpt>
			<trkpt lat="44.38677" lon="2.28001">
				<ele>566.18</ele>
				<time>2026-05-28T16:42:58.890Z</time>
			</trkpt>
			<trkpt lat="44.38702" lon="2.27965">
				<ele>566.75</ele>
				<time>2026-05-28T16:43:01.782Z</time>
			</trkpt>
			<trkpt lat="44.38725" lon="2.27915">
				<ele>567.65</ele>
				<time>2026-05-28T16:43:05.139Z</time>
			</trkpt>
			<trkpt lat="44.38742" lon="2.27866">
				<ele>564.97</ele>
				<time>2026-05-28T16:43:08.152Z</time>
			</trkpt>
			<trkpt lat="44.38836" lon="2.27747">
				<ele>563.43</ele>
				<time>2026-05-28T16:43:17.582Z</time>
			</trkpt>
			<trkpt lat="44.38876" lon="2.27709">
				<ele>567.9</ele>
				<time>2026-05-28T16:43:21.037Z</time>
			</trkpt>
			<trkpt lat="44.38895" lon="2.27681">
				<ele>569.82</ele>
				<time>2026-05-28T16:43:22.977Z</time>
			</trkpt>
			<trkpt lat="44.3892" lon="2.27649">
				<ele>571.76</ele>
				<time>2026-05-28T16:43:25.329Z</time>
			</trkpt>
			<trkpt lat="44.38958" lon="2.27609">
				<ele>574.15</ele>
				<time>2026-05-28T16:43:28.576Z</time>
			</trkpt>
			<trkpt lat="44.38973" lon="2.27589">
				<ele>575.33</ele>
				<time>2026-05-28T16:43:29.973Z</time>
			</trkpt>
			<trkpt lat="44.38985" lon="2.27565">
				<ele>575.51</ele>
				<time>2026-05-28T16:43:31.373Z</time>
			</trkpt>
			<trkpt lat="44.39002" lon="2.27517">
				<ele>575</ele>
				<time>2026-05-28T16:43:33.906Z</time>
			</trkpt>
			<trkpt lat="44.3902" lon="2.27474">
				<ele>575.23</ele>
				<time>2026-05-28T16:43:36.234Z</time>
			</trkpt>
			<trkpt lat="44.39036" lon="2.27406">
				<ele>573.35</ele>
				<time>2026-05-28T16:43:39.531Z</time>
			</trkpt>
			<trkpt lat="44.39046" lon="2.2738">
				<ele>572.72</ele>
				<time>2026-05-28T16:43:40.877Z</time>
			</trkpt>
			<trkpt lat="44.39052" lon="2.27359">
				<ele>572.65</ele>
				<time>2026-05-28T16:43:41.902Z</time>
			</trkpt>
			<trkpt lat="44.3906" lon="2.27319">
				<ele>575.25</ele>
				<time>2026-05-28T16:43:43.773Z</time>
			</trkpt>
			<trkpt lat="44.39072" lon="2.27281">
				<ele>576.66</ele>
				<time>2026-05-28T16:43:45.631Z</time>
			</trkpt>
			<trkpt lat="44.39093" lon="2.27197">
				<ele>575.39</ele>
				<time>2026-05-28T16:43:49.568Z</time>
			</trkpt>
			<trkpt lat="44.39095" lon="2.27161">
				<ele>572.46</ele>
				<time>2026-05-28T16:43:51.151Z</time>
			</trkpt>
			<trkpt lat="44.39096" lon="2.27113">
				<ele>568.7</ele>
				<time>2026-05-28T16:43:53.246Z</time>
			</trkpt>
			<trkpt lat="44.39094" lon="2.27083">
				<ele>567.61</ele>
				<time>2026-05-28T16:43:54.554Z</time>
			</trkpt>
			<trkpt lat="44.39087" lon="2.27057">
				<ele>569.67</ele>
				<time>2026-05-28T16:43:55.757Z</time>
			</trkpt>
			<trkpt lat="44.39087" lon="2.27046">
				<ele>570.86</ele>
				<time>2026-05-28T16:43:56.232Z</time>
			</trkpt>
			<trkpt lat="44.39091" lon="2.27039">
				<ele>571.6</ele>
				<time>2026-05-28T16:43:56.619Z</time>
			</trkpt>
			<trkpt lat="44.39096" lon="2.27035">
				<ele>571.97</ele>
				<time>2026-05-28T16:43:56.967Z</time>
			</trkpt>
			<trkpt lat="44.39105" lon="2.27034">
				<ele>572.11</ele>
				<time>2026-05-28T16:43:57.511Z</time>
			</trkpt>
			<trkpt lat="44.39121" lon="2.2704">
				<ele>572.95</ele>
				<time>2026-05-28T16:43:58.509Z</time>
			</trkpt>
			<trkpt lat="44.39139" lon="2.27049">
				<ele>574.73</ele>
				<time>2026-05-28T16:43:59.659Z</time>
			</trkpt>
			<trkpt lat="44.39166" lon="2.27077">
				<ele>574.65</ele>
				<time>2026-05-28T16:44:01.676Z</time>
			</trkpt>
			<trkpt lat="44.39183" lon="2.27091">
				<ele>573.11</ele>
				<time>2026-05-28T16:44:02.858Z</time>
			</trkpt>
			<trkpt lat="44.39198" lon="2.27096">
				<ele>572.33</ele>
				<time>2026-05-28T16:44:03.781Z</time>
			</trkpt>
			<trkpt lat="44.39213" lon="2.27094">
				<ele>571.8</ele>
				<time>2026-05-28T16:44:04.682Z</time>
			</trkpt>
			<trkpt lat="44.39239" lon="2.27086">
				<ele>573.16</ele>
				<time>2026-05-28T16:44:06.274Z</time>
			</trkpt>
			<trkpt lat="44.39325" lon="2.27058">
				<ele>577.89</ele>
				<time>2026-05-28T16:44:11.558Z</time>
			</trkpt>
			<trkpt lat="44.39389" lon="2.27032">
				<ele>577.44</ele>
				<time>2026-05-28T16:44:15.561Z</time>
			</trkpt>
			<trkpt lat="44.39439" lon="2.27003">
				<ele>577.08</ele>
				<time>2026-05-28T16:44:18.832Z</time>
			</trkpt>
			<trkpt lat="44.3947" lon="2.26982">
				<ele>577.66</ele>
				<time>2026-05-28T16:44:20.925Z</time>
			</trkpt>
			<trkpt lat="44.3949" lon="2.26975">
				<ele>577.25</ele>
				<time>2026-05-28T16:44:22.184Z</time>
			</trkpt>
			<trkpt lat="44.39595" lon="2.26963">
				<ele>576.3</ele>
				<time>2026-05-28T16:44:28.696Z</time>
			</trkpt>
			<trkpt lat="44.39629" lon="2.26966">
				<ele>576.18</ele>
				<time>2026-05-28T16:44:30.835Z</time>
			</trkpt>
			<trkpt lat="44.39649" lon="2.26963">
				<ele>576.14</ele>
				<time>2026-05-28T16:44:32.107Z</time>
			</trkpt>
			<trkpt lat="44.39673" lon="2.2695">
				<ele>576.88</ele>
				<time>2026-05-28T16:44:33.745Z</time>
			</trkpt>
			<trkpt lat="44.39739" lon="2.26898">
				<ele>572.68</ele>
				<time>2026-05-28T16:44:38.639Z</time>
			</trkpt>
			<trkpt lat="44.39745" lon="2.26888">
				<ele>571.89</ele>
				<time>2026-05-28T16:44:39.250Z</time>
			</trkpt>
			<trkpt lat="44.39734" lon="2.26882">
				<ele>573.96</ele>
				<time>2026-05-28T16:44:40.026Z</time>
			</trkpt>
			<trkpt lat="44.39728" lon="2.2687">
				<ele>575.17</ele>
				<time>2026-05-28T16:44:40.717Z</time>
			</trkpt>
			<trkpt lat="44.39703" lon="2.26802">
				<ele>580.95</ele>
				<time>2026-05-28T16:44:44.350Z</time>
			</trkpt>
			<trkpt lat="44.39694" lon="2.26789">
				<ele>583.73</ele>
				<time>2026-05-28T16:44:45.211Z</time>
			</trkpt>
			<trkpt lat="44.39642" lon="2.26751">
				<ele>585.8</ele>
				<time>2026-05-28T16:44:49.118Z</time>
			</trkpt>
			<trkpt lat="44.39528" lon="2.26686">
				<ele>590.66</ele>
				<time>2026-05-28T16:44:57.322Z</time>
			</trkpt>
			<trkpt lat="44.39496" lon="2.26661">
				<ele>592.02</ele>
				<time>2026-05-28T16:44:59.766Z</time>
			</trkpt>
			<trkpt lat="44.39407" lon="2.26568">
				<ele>594.49</ele>
				<time>2026-05-28T16:45:07.175Z</time>
			</trkpt>
			<trkpt lat="44.39379" lon="2.26535">
				<ele>596.77</ele>
				<time>2026-05-28T16:45:09.619Z</time>
			</trkpt>
			<trkpt lat="44.39334" lon="2.26488">
				<ele>599.5</ele>
				<time>2026-05-28T16:45:13.367Z</time>
			</trkpt>
			<trkpt lat="44.39319" lon="2.26468">
				<ele>599.48</ele>
				<time>2026-05-28T16:45:14.751Z</time>
			</trkpt>
			<trkpt lat="44.39287" lon="2.26415">
				<ele>602.34</ele>
				<time>2026-05-28T16:45:18.063Z</time>
			</trkpt>
			<trkpt lat="44.39271" lon="2.26384">
				<ele>604.61</ele>
				<time>2026-05-28T16:45:19.888Z</time>
			</trkpt>
			<trkpt lat="44.3922" lon="2.26201">
				<ele>603.54</ele>
				<time>2026-05-28T16:45:29.271Z</time>
			</trkpt>
			<trkpt lat="44.39202" lon="2.26056">
				<ele>605.38</ele>
				<time>2026-05-28T16:45:36.306Z</time>
			</trkpt>
			<trkpt lat="44.39192" lon="2.26001">
				<ele>606.03</ele>
				<time>2026-05-28T16:45:39.020Z</time>
			</trkpt>
			<trkpt lat="44.39135" lon="2.25818">
				<ele>605.06</ele>
				<time>2026-05-28T16:45:48.572Z</time>
			</trkpt>
			<trkpt lat="44.39109" lon="2.25692">
				<ele>605.16</ele>
				<time>2026-05-28T16:45:54.852Z</time>
			</trkpt>
			<trkpt lat="44.39103" lon="2.25666">
				<ele>605.84</ele>
				<time>2026-05-28T16:45:56.161Z</time>
			</trkpt>
			<trkpt lat="44.39056" lon="2.25527">
				<ele>604.83</ele>
				<time>2026-05-28T16:46:03.530Z</time>
			</trkpt>
			<trkpt lat="44.39011" lon="2.25387">
				<ele>605.97</ele>
				<time>2026-05-28T16:46:10.891Z</time>
			</trkpt>
			<trkpt lat="44.39005" lon="2.25364">
				<ele>605.81</ele>
				<time>2026-05-28T16:46:12.066Z</time>
			</trkpt>
			<trkpt lat="44.39001" lon="2.25249">
				<ele>604.92</ele>
				<time>2026-05-28T16:46:17.590Z</time>
			</trkpt>
			<trkpt lat="44.38982" lon="2.25152">
				<ele>604.86</ele>
				<time>2026-05-28T16:46:22.418Z</time>
			</trkpt>
			<trkpt lat="44.38972" lon="2.25114">
				<ele>605.02</ele>
				<time>2026-05-28T16:46:24.363Z</time>
			</trkpt>
			<trkpt lat="44.38934" lon="2.25011">
				<ele>609.11</ele>
				<time>2026-05-28T16:46:29.931Z</time>
			</trkpt>
			<trkpt lat="44.38916" lon="2.24973">
				<ele>609.99</ele>
				<time>2026-05-28T16:46:32.121Z</time>
			</trkpt>
			<trkpt lat="44.38858" lon="2.24875">
				<ele>608.94</ele>
				<time>2026-05-28T16:46:38.238Z</time>
			</trkpt>
			<trkpt lat="44.38787" lon="2.2475">
				<ele>605.72</ele>
				<time>2026-05-28T16:46:45.917Z</time>
			</trkpt>
			<trkpt lat="44.38721" lon="2.24529">
				<ele>604.93</ele>
				<time>2026-05-28T16:46:57.445Z</time>
			</trkpt>
			<trkpt lat="44.3871" lon="2.24478">
				<ele>607.78</ele>
				<time>2026-05-28T16:47:00.011Z</time>
			</trkpt>
			<trkpt lat="44.38682" lon="2.24303">
				<ele>604.37</ele>
				<time>2026-05-28T16:47:08.651Z</time>
			</trkpt>
			<trkpt lat="44.38669" lon="2.24195">
				<ele>603.57</ele>
				<time>2026-05-28T16:47:13.931Z</time>
			</trkpt>
			<trkpt lat="44.38666" lon="2.24139">
				<ele>604.02</ele>
				<time>2026-05-28T16:47:16.639Z</time>
			</trkpt>
			<trkpt lat="44.38678" lon="2.24007">
				<ele>603.16</ele>
				<time>2026-05-28T16:47:23.057Z</time>
			</trkpt>
			<trkpt lat="44.38685" lon="2.23935">
				<ele>601.54</ele>
				<time>2026-05-28T16:47:26.564Z</time>
			</trkpt>
			<trkpt lat="44.38693" lon="2.23884">
				<ele>601.03</ele>
				<time>2026-05-28T16:47:29.084Z</time>
			</trkpt>
			<trkpt lat="44.38724" lon="2.23747">
				<ele>599.07</ele>
				<time>2026-05-28T16:47:36.022Z</time>
			</trkpt>
			<trkpt lat="44.3875" lon="2.23633">
				<ele>599.95</ele>
				<time>2026-05-28T16:47:41.802Z</time>
			</trkpt>
			<trkpt lat="44.38769" lon="2.23565">
				<ele>596.38</ele>
				<time>2026-05-28T16:47:45.330Z</time>
			</trkpt>
			<trkpt lat="44.38792" lon="2.23477">
				<ele>596.45</ele>
				<time>2026-05-28T16:47:49.859Z</time>
			</trkpt>
			<trkpt lat="44.3881" lon="2.23401">
				<ele>593.54</ele>
				<time>2026-05-28T16:47:53.730Z</time>
			</trkpt>
			<trkpt lat="44.38863" lon="2.22955">
				<ele>570.32</ele>
				<time>2026-05-28T16:48:15.609Z</time>
			</trkpt>
			<trkpt lat="44.38874" lon="2.22901">
				<ele>565.94</ele>
				<time>2026-05-28T16:48:18.329Z</time>
			</trkpt>
			<trkpt lat="44.39072" lon="2.22358">
				<ele>542.76</ele>
				<time>2026-05-28T16:48:47.884Z</time>
			</trkpt>
			<trkpt lat="44.39099" lon="2.22316">
				<ele>540.84</ele>
				<time>2026-05-28T16:48:50.625Z</time>
			</trkpt>
			<trkpt lat="44.39177" lon="2.22216">
				<ele>533.61</ele>
				<time>2026-05-28T16:48:57.812Z</time>
			</trkpt>
			<trkpt lat="44.39198" lon="2.22176">
				<ele>533.64</ele>
				<time>2026-05-28T16:49:00.222Z</time>
			</trkpt>
			<trkpt lat="44.39298" lon="2.21944">
				<ele>520.02</ele>
				<time>2026-05-28T16:49:13.385Z</time>
			</trkpt>
			<trkpt lat="44.39301" lon="2.21941">
				<ele>519.87</ele>
				<time>2026-05-28T16:49:13.635Z</time>
			</trkpt>
			<trkpt lat="44.39338" lon="2.21852">
				<ele>517</ele>
				<time>2026-05-28T16:49:18.640Z</time>
			</trkpt>
			<trkpt lat="44.39349" lon="2.21799">
				<ele>516.69</ele>
				<time>2026-05-28T16:49:21.323Z</time>
			</trkpt>
			<trkpt lat="44.39354" lon="2.21786">
				<ele>517.25</ele>
				<time>2026-05-28T16:49:22.041Z</time>
			</trkpt>
			<trkpt lat="44.39354" lon="2.21765">
				<ele>517.76</ele>
				<time>2026-05-28T16:49:23.062Z</time>
			</trkpt>
			<trkpt lat="44.39365" lon="2.21727">
				<ele>518.02</ele>
				<time>2026-05-28T16:49:25.056Z</time>
			</trkpt>
			<trkpt lat="44.39375" lon="2.21676">
				<ele>513.19</ele>
				<time>2026-05-28T16:49:27.628Z</time>
			</trkpt>
			<trkpt lat="44.39378" lon="2.21615">
				<ele>513.22</ele>
				<time>2026-05-28T16:49:30.602Z</time>
			</trkpt>
			<trkpt lat="44.39377" lon="2.21588">
				<ele>512.71</ele>
				<time>2026-05-28T16:49:31.918Z</time>
			</trkpt>
			<trkpt lat="44.39366" lon="2.21533">
				<ele>512.15</ele>
				<time>2026-05-28T16:49:34.697Z</time>
			</trkpt>
			<trkpt lat="44.39357" lon="2.21497">
				<ele>511.75</ele>
				<time>2026-05-28T16:49:36.552Z</time>
			</trkpt>
			<trkpt lat="44.39351" lon="2.21454">
				<ele>510.44</ele>
				<time>2026-05-28T16:49:38.685Z</time>
			</trkpt>
			<trkpt lat="44.39351" lon="2.21337">
				<ele>507.5</ele>
				<time>2026-05-28T16:49:44.380Z</time>
			</trkpt>
			<trkpt lat="44.39348" lon="2.21163">
				<ele>505.55</ele>
				<time>2026-05-28T16:49:52.855Z</time>
			</trkpt>
			<trkpt lat="44.39335" lon="2.21016">
				<ele>505.46</ele>
				<time>2026-05-28T16:50:00.071Z</time>
			</trkpt>
			<trkpt lat="44.39315" lon="2.20913">
				<ele>504.73</ele>
				<time>2026-05-28T16:50:05.272Z</time>
			</trkpt>
			<trkpt lat="44.39282" lon="2.20768">
				<ele>505.84</ele>
				<time>2026-05-28T16:50:12.690Z</time>
			</trkpt>
			<trkpt lat="44.39257" lon="2.20672">
				<ele>507.32</ele>
				<time>2026-05-28T16:50:17.672Z</time>
			</trkpt>
			<trkpt lat="44.39174" lon="2.20349">
				<ele>512.71</ele>
				<time>2026-05-28T16:50:34.419Z</time>
			</trkpt>
			<trkpt lat="44.39161" lon="2.20305">
				<ele>512.17</ele>
				<time>2026-05-28T16:50:36.743Z</time>
			</trkpt>
			<trkpt lat="44.39114" lon="2.20167">
				<ele>511.9</ele>
				<time>2026-05-28T16:50:44.206Z</time>
			</trkpt>
			<trkpt lat="44.39101" lon="2.2013">
				<ele>512.35</ele>
				<time>2026-05-28T16:50:46.220Z</time>
			</trkpt>
			<trkpt lat="44.39097" lon="2.20105">
				<ele>511.64</ele>
				<time>2026-05-28T16:50:47.471Z</time>
			</trkpt>
			<trkpt lat="44.39086" lon="2.19929">
				<ele>512.25</ele>
				<time>2026-05-28T16:50:56.101Z</time>
			</trkpt>
			<trkpt lat="44.39077" lon="2.19851">
				<ele>507.69</ele>
				<time>2026-05-28T16:50:59.961Z</time>
			</trkpt>
			<trkpt lat="44.39076" lon="2.19808">
				<ele>504.46</ele>
				<time>2026-05-28T16:51:02.064Z</time>
			</trkpt>
			<trkpt lat="44.39072" lon="2.19765">
				<ele>502.98</ele>
				<time>2026-05-28T16:51:04.183Z</time>
			</trkpt>
			<trkpt lat="44.39063" lon="2.19731">
				<ele>502.36</ele>
				<time>2026-05-28T16:51:05.955Z</time>
			</trkpt>
			<trkpt lat="44.38985" lon="2.19493">
				<ele>495.53</ele>
				<time>2026-05-28T16:51:18.756Z</time>
			</trkpt>
			<trkpt lat="44.38978" lon="2.19453">
				<ele>496.3</ele>
				<time>2026-05-28T16:51:20.770Z</time>
			</trkpt>
			<trkpt lat="44.38978" lon="2.19418">
				<ele>495.41</ele>
				<time>2026-05-28T16:51:22.482Z</time>
			</trkpt>
			<trkpt lat="44.38987" lon="2.19293">
				<ele>497.07</ele>
				<time>2026-05-28T16:51:28.628Z</time>
			</trkpt>
			<trkpt lat="44.38984" lon="2.19088">
				<ele>487.5</ele>
				<time>2026-05-28T16:51:38.661Z</time>
			</trkpt>
			<trkpt lat="44.38985" lon="2.19044">
				<ele>485.17</ele>
				<time>2026-05-28T16:51:40.816Z</time>
			</trkpt>
			<trkpt lat="44.38997" lon="2.18989">
				<ele>484.11</ele>
				<time>2026-05-28T16:51:43.631Z</time>
			</trkpt>
			<trkpt lat="44.39014" lon="2.18933">
				<ele>484.18</ele>
				<time>2026-05-28T16:51:46.609Z</time>
			</trkpt>
			<trkpt lat="44.39122" lon="2.1869">
				<ele>475.28</ele>
				<time>2026-05-28T16:52:00.622Z</time>
			</trkpt>
			<trkpt lat="44.39126" lon="2.1867">
				<ele>474.69</ele>
				<time>2026-05-28T16:52:01.639Z</time>
			</trkpt>
			<trkpt lat="44.39122" lon="2.18645">
				<ele>473.47</ele>
				<time>2026-05-28T16:52:02.894Z</time>
			</trkpt>
			<trkpt lat="44.39076" lon="2.18518">
				<ele>473.56</ele>
				<time>2026-05-28T16:52:09.870Z</time>
			</trkpt>
			<trkpt lat="44.38984" lon="2.18378">
				<ele>475.76</ele>
				<time>2026-05-28T16:52:19.190Z</time>
			</trkpt>
			<trkpt lat="44.38982" lon="2.18371">
				<ele>475.99</ele>
				<time>2026-05-28T16:52:19.560Z</time>
			</trkpt>
			<trkpt lat="44.38917" lon="2.1823">
				<ele>480.83</ele>
				<time>2026-05-28T16:52:27.785Z</time>
			</trkpt>
			<trkpt lat="44.38867" lon="2.18108">
				<ele>481.63</ele>
				<time>2026-05-28T16:52:34.680Z</time>
			</trkpt>
			<trkpt lat="44.3877" lon="2.1769">
				<ele>482.15</ele>
				<time>2026-05-28T16:52:56.238Z</time>
			</trkpt>
			<trkpt lat="44.38762" lon="2.17652">
				<ele>483.5</ele>
				<time>2026-05-28T16:52:58.182Z</time>
			</trkpt>
			<trkpt lat="44.38755" lon="2.17586">
				<ele>484.71</ele>
				<time>2026-05-28T16:53:01.456Z</time>
			</trkpt>
			<trkpt lat="44.3874" lon="2.175">
				<ele>485.98</ele>
				<time>2026-05-28T16:53:05.801Z</time>
			</trkpt>
			<trkpt lat="44.38723" lon="2.17428">
				<ele>491.6</ele>
				<time>2026-05-28T16:53:09.522Z</time>
			</trkpt>
			<trkpt lat="44.3873" lon="2.17401">
				<ele>493.72</ele>
				<time>2026-05-28T16:53:10.932Z</time>
			</trkpt>
			<trkpt lat="44.38739" lon="2.17377">
				<ele>495.8</ele>
				<time>2026-05-28T16:53:12.263Z</time>
			</trkpt>
			<trkpt lat="44.38746" lon="2.17368">
				<ele>496.91</ele>
				<time>2026-05-28T16:53:12.916Z</time>
			</trkpt>
			<trkpt lat="44.38752" lon="2.17361">
				<ele>497.71</ele>
				<time>2026-05-28T16:53:13.452Z</time>
			</trkpt>
			<trkpt lat="44.38763" lon="2.17355">
				<ele>497.3</ele>
				<time>2026-05-28T16:53:14.263Z</time>
			</trkpt>
			<trkpt lat="44.38804" lon="2.17339">
				<ele>498.06</ele>
				<time>2026-05-28T16:53:17.187Z</time>
			</trkpt>
			<trkpt lat="44.38818" lon="2.17331">
				<ele>498.77</ele>
				<time>2026-05-28T16:53:18.226Z</time>
			</trkpt>
			<trkpt lat="44.38837" lon="2.17309">
				<ele>501.95</ele>
				<time>2026-05-28T16:53:19.920Z</time>
			</trkpt>
			<trkpt lat="44.38848" lon="2.17289">
				<ele>503.71</ele>
				<time>2026-05-28T16:53:21.160Z</time>
			</trkpt>
			<trkpt lat="44.38851" lon="2.17269">
				<ele>504.98</ele>
				<time>2026-05-28T16:53:22.163Z</time>
			</trkpt>
			<trkpt lat="44.38849" lon="2.17254">
				<ele>505.45</ele>
				<time>2026-05-28T16:53:22.912Z</time>
			</trkpt>
			<trkpt lat="44.38842" lon="2.17242">
				<ele>505.42</ele>
				<time>2026-05-28T16:53:23.673Z</time>
			</trkpt>
			<trkpt lat="44.38832" lon="2.17234">
				<ele>505.53</ele>
				<time>2026-05-28T16:53:24.464Z</time>
			</trkpt>
			<trkpt lat="44.38791" lon="2.17232">
				<ele>505.25</ele>
				<time>2026-05-28T16:53:27.283Z</time>
			</trkpt>
			<trkpt lat="44.38782" lon="2.17229">
				<ele>505.78</ele>
				<time>2026-05-28T16:53:27.919Z</time>
			</trkpt>
			<trkpt lat="44.38716" lon="2.17199">
				<ele>513.31</ele>
				<time>2026-05-28T16:53:32.688Z</time>
			</trkpt>
			<trkpt lat="44.38707" lon="2.17197">
				<ele>513.53</ele>
				<time>2026-05-28T16:53:33.314Z</time>
			</trkpt>
			<trkpt lat="44.38683" lon="2.17197">
				<ele>513.55</ele>
				<time>2026-05-28T16:53:34.963Z</time>
			</trkpt>
			<trkpt lat="44.38625" lon="2.17208">
				<ele>512.48</ele>
				<time>2026-05-28T16:53:38.986Z</time>
			</trkpt>
			<trkpt lat="44.38543" lon="2.17208">
				<ele>514.93</ele>
				<time>2026-05-28T16:53:44.623Z</time>
			</trkpt>
			<trkpt lat="44.38534" lon="2.17202">
				<ele>515.03</ele>
				<time>2026-05-28T16:53:45.308Z</time>
			</trkpt>
			<trkpt lat="44.38484" lon="2.1712">
				<ele>514.44</ele>
				<time>2026-05-28T16:53:50.604Z</time>
			</trkpt>
			<trkpt lat="44.38451" lon="2.17072">
				<ele>511.41</ele>
				<time>2026-05-28T16:53:53.876Z</time>
			</trkpt>
			<trkpt lat="44.38418" lon="2.17033">
				<ele>510.14</ele>
				<time>2026-05-28T16:53:56.846Z</time>
			</trkpt>
			<trkpt lat="44.38399" lon="2.16994">
				<ele>510.06</ele>
				<time>2026-05-28T16:53:59.166Z</time>
			</trkpt>
			<trkpt lat="44.38393" lon="2.16973">
				<ele>509.71</ele>
				<time>2026-05-28T16:54:00.277Z</time>
			</trkpt>
			<trkpt lat="44.38342" lon="2.16655">
				<ele>505.35</ele>
				<time>2026-05-28T16:54:16.295Z</time>
			</trkpt>
			<trkpt lat="44.38336" lon="2.16635">
				<ele>504.51</ele>
				<time>2026-05-28T16:54:17.361Z</time>
			</trkpt>
			<trkpt lat="44.3832" lon="2.16601">
				<ele>505.14</ele>
				<time>2026-05-28T16:54:19.363Z</time>
			</trkpt>
			<trkpt lat="44.38311" lon="2.16579">
				<ele>506.82</ele>
				<time>2026-05-28T16:54:20.609Z</time>
			</trkpt>
			<trkpt lat="44.3829" lon="2.16478">
				<ele>508</ele>
				<time>2026-05-28T16:54:25.780Z</time>
			</trkpt>
			<trkpt lat="44.38276" lon="2.16445">
				<ele>507.95</ele>
				<time>2026-05-28T16:54:27.667Z</time>
			</trkpt>
			<trkpt lat="44.38251" lon="2.16407">
				<ele>508.39</ele>
				<time>2026-05-28T16:54:30.206Z</time>
			</trkpt>
			<trkpt lat="44.38212" lon="2.16358">
				<ele>509.33</ele>
				<time>2026-05-28T16:54:33.812Z</time>
			</trkpt>
			<trkpt lat="44.38176" lon="2.16318">
				<ele>509.66</ele>
				<time>2026-05-28T16:54:36.975Z</time>
			</trkpt>
			<trkpt lat="44.38151" lon="2.16292">
				<ele>508.74</ele>
				<time>2026-05-28T16:54:39.118Z</time>
			</trkpt>
			<trkpt lat="44.38132" lon="2.16276">
				<ele>508.16</ele>
				<time>2026-05-28T16:54:40.644Z</time>
			</trkpt>
			<trkpt lat="44.38092" lon="2.16248">
				<ele>507.94</ele>
				<time>2026-05-28T16:54:43.721Z</time>
			</trkpt>
			<trkpt lat="44.38075" lon="2.16229">
				<ele>507.18</ele>
				<time>2026-05-28T16:54:45.219Z</time>
			</trkpt>
			<trkpt lat="44.38057" lon="2.16199">
				<ele>507</ele>
				<time>2026-05-28T16:54:47.145Z</time>
			</trkpt>
			<trkpt lat="44.37964" lon="2.16001">
				<ele>517.77</ele>
				<time>2026-05-28T16:54:58.798Z</time>
			</trkpt>
			<trkpt lat="44.37946" lon="2.15968">
				<ele>518.6</ele>
				<time>2026-05-28T16:55:00.840Z</time>
			</trkpt>
			<trkpt lat="44.37919" lon="2.1593">
				<ele>519.72</ele>
				<time>2026-05-28T16:55:03.476Z</time>
			</trkpt>
			<trkpt lat="44.37902" lon="2.15912">
				<ele>520.17</ele>
				<time>2026-05-28T16:55:04.943Z</time>
			</trkpt>
			<trkpt lat="44.37836" lon="2.15867">
				<ele>526.03</ele>
				<time>2026-05-28T16:55:09.996Z</time>
			</trkpt>
			<trkpt lat="44.3782" lon="2.15849">
				<ele>526.53</ele>
				<time>2026-05-28T16:55:11.409Z</time>
			</trkpt>
			<trkpt lat="44.37814" lon="2.15838">
				<ele>526.52</ele>
				<time>2026-05-28T16:55:12.090Z</time>
			</trkpt>
			<trkpt lat="44.37809" lon="2.15822">
				<ele>526.79</ele>
				<time>2026-05-28T16:55:12.949Z</time>
			</trkpt>
			<trkpt lat="44.37803" lon="2.15771">
				<ele>528.2</ele>
				<time>2026-05-28T16:55:15.492Z</time>
			</trkpt>
			<trkpt lat="44.37787" lon="2.15691">
				<ele>528.23</ele>
				<time>2026-05-28T16:55:19.579Z</time>
			</trkpt>
			<trkpt lat="44.37784" lon="2.15601">
				<ele>519.57</ele>
				<time>2026-05-28T16:55:24.012Z</time>
			</trkpt>
			<trkpt lat="44.3778" lon="2.15565">
				<ele>519.68</ele>
				<time>2026-05-28T16:55:25.804Z</time>
			</trkpt>
			<trkpt lat="44.37772" lon="2.1553">
				<ele>520.33</ele>
				<time>2026-05-28T16:55:27.612Z</time>
			</trkpt>
			<trkpt lat="44.37768" lon="2.15515">
				<ele>520.12</ele>
				<time>2026-05-28T16:55:28.400Z</time>
			</trkpt>
			<trkpt lat="44.37742" lon="2.15445">
				<ele>518.48</ele>
				<time>2026-05-28T16:55:32.281Z</time>
			</trkpt>
			<trkpt lat="44.37715" lon="2.15375">
				<ele>517.49</ele>
				<time>2026-05-28T16:55:36.195Z</time>
			</trkpt>
			<trkpt lat="44.37701" lon="2.15317">
				<ele>514.34</ele>
				<time>2026-05-28T16:55:39.207Z</time>
			</trkpt>
			<trkpt lat="44.3768" lon="2.1525">
				<ele>510.02</ele>
				<time>2026-05-28T16:55:42.807Z</time>
			</trkpt>
			<trkpt lat="44.37665" lon="2.15215">
				<ele>511</ele>
				<time>2026-05-28T16:55:44.815Z</time>
			</trkpt>
			<trkpt lat="44.37644" lon="2.15174">
				<ele>511.7</ele>
				<time>2026-05-28T16:55:47.297Z</time>
			</trkpt>
			<trkpt lat="44.37609" lon="2.15113">
				<ele>513.91</ele>
				<time>2026-05-28T16:55:51.147Z</time>
			</trkpt>
			<trkpt lat="44.37556" lon="2.15027">
				<ele>516.96</ele>
				<time>2026-05-28T16:55:56.734Z</time>
			</trkpt>
			<trkpt lat="44.3755" lon="2.15013">
				<ele>517.99</ele>
				<time>2026-05-28T16:55:57.538Z</time>
			</trkpt>
			<trkpt lat="44.37544" lon="2.14987">
				<ele>519.68</ele>
				<time>2026-05-28T16:55:58.882Z</time>
			</trkpt>
			<trkpt lat="44.37538" lon="2.14907">
				<ele>518.6</ele>
				<time>2026-05-28T16:56:02.841Z</time>
			</trkpt>
			<trkpt lat="44.37533" lon="2.14888">
				<ele>518.83</ele>
				<time>2026-05-28T16:56:03.837Z</time>
			</trkpt>
			<trkpt lat="44.37498" lon="2.14831">
				<ele>520.03</ele>
				<time>2026-05-28T16:56:07.535Z</time>
			</trkpt>
			<trkpt lat="44.37481" lon="2.14809">
				<ele>519.86</ele>
				<time>2026-05-28T16:56:09.129Z</time>
			</trkpt>
			<trkpt lat="44.37443" lon="2.14779">
				<ele>521.96</ele>
				<time>2026-05-28T16:56:12.134Z</time>
			</trkpt>
			<trkpt lat="44.37431" lon="2.14763">
				<ele>520.76</ele>
				<time>2026-05-28T16:56:13.275Z</time>
			</trkpt>
			<trkpt lat="44.37403" lon="2.147">
				<ele>518.57</ele>
				<time>2026-05-28T16:56:16.926Z</time>
			</trkpt>
			<trkpt lat="44.37395" lon="2.14667">
				<ele>518.51</ele>
				<time>2026-05-28T16:56:18.641Z</time>
			</trkpt>
			<trkpt lat="44.37393" lon="2.14646">
				<ele>519.73</ele>
				<time>2026-05-28T16:56:19.683Z</time>
			</trkpt>
			<trkpt lat="44.37393" lon="2.14616">
				<ele>521.57</ele>
				<time>2026-05-28T16:56:21.160Z</time>
			</trkpt>
			<trkpt lat="44.37397" lon="2.14586">
				<ele>521.62</ele>
				<time>2026-05-28T16:56:22.661Z</time>
			</trkpt>
			<trkpt lat="44.37407" lon="2.14552">
				<ele>519.59</ele>
				<time>2026-05-28T16:56:24.471Z</time>
			</trkpt>
			<trkpt lat="44.37437" lon="2.14472">
				<ele>522.93</ele>
				<time>2026-05-28T16:56:28.917Z</time>
			</trkpt>
			<trkpt lat="44.37454" lon="2.14422">
				<ele>526.03</ele>
				<time>2026-05-28T16:56:31.642Z</time>
			</trkpt>
			<trkpt lat="44.37469" lon="2.14362">
				<ele>525.87</ele>
				<time>2026-05-28T16:56:34.770Z</time>
			</trkpt>
			<trkpt lat="44.37479" lon="2.14318">
				<ele>527.61</ele>
				<time>2026-05-28T16:56:37.042Z</time>
			</trkpt>
			<trkpt lat="44.37492" lon="2.14195">
				<ele>530.2</ele>
				<time>2026-05-28T16:56:43.160Z</time>
			</trkpt>
			<trkpt lat="44.3749" lon="2.14124">
				<ele>531.79</ele>
				<time>2026-05-28T16:56:46.657Z</time>
			</trkpt>
			<trkpt lat="44.37491" lon="2.14099">
				<ele>530.68</ele>
				<time>2026-05-28T16:56:47.889Z</time>
			</trkpt>
			<trkpt lat="44.37522" lon="2.13941">
				<ele>532.49</ele>
				<time>2026-05-28T16:56:55.952Z</time>
			</trkpt>
			<trkpt lat="44.37522" lon="2.13921">
				<ele>533.25</ele>
				<time>2026-05-28T16:56:56.936Z</time>
			</trkpt>
			<trkpt lat="44.3752" lon="2.13899">
				<ele>533.84</ele>
				<time>2026-05-28T16:56:58.027Z</time>
			</trkpt>
			<trkpt lat="44.37496" lon="2.13773">
				<ele>533.72</ele>
				<time>2026-05-28T16:57:04.443Z</time>
			</trkpt>
			<trkpt lat="44.37494" lon="2.13752">
				<ele>533.45</ele>
				<time>2026-05-28T16:57:05.486Z</time>
			</trkpt>
			<trkpt lat="44.37496" lon="2.13729">
				<ele>533.44</ele>
				<time>2026-05-28T16:57:06.626Z</time>
			</trkpt>
			<trkpt lat="44.37543" lon="2.13562">
				<ele>524.75</ele>
				<time>2026-05-28T16:57:15.457Z</time>
			</trkpt>
			<trkpt lat="44.37556" lon="2.13509">
				<ele>525.28</ele>
				<time>2026-05-28T16:57:18.214Z</time>
			</trkpt>
			<trkpt lat="44.37587" lon="2.134">
				<ele>523.41</ele>
				<time>2026-05-28T16:57:23.985Z</time>
			</trkpt>
			<trkpt lat="44.37596" lon="2.13363">
				<ele>521.13</ele>
				<time>2026-05-28T16:57:25.908Z</time>
			</trkpt>
			<trkpt lat="44.37599" lon="2.13333">
				<ele>519.14</ele>
				<time>2026-05-28T16:57:27.398Z</time>
			</trkpt>
			<trkpt lat="44.37598" lon="2.13306">
				<ele>518.65</ele>
				<time>2026-05-28T16:57:28.728Z</time>
			</trkpt>
			<trkpt lat="44.37589" lon="2.1321">
				<ele>524.92</ele>
				<time>2026-05-28T16:57:33.491Z</time>
			</trkpt>
			<trkpt lat="44.37591" lon="2.13169">
				<ele>524.35</ele>
				<time>2026-05-28T16:57:35.513Z</time>
			</trkpt>
			<trkpt lat="44.37599" lon="2.13142">
				<ele>523.89</ele>
				<time>2026-05-28T16:57:36.951Z</time>
			</trkpt>
			<trkpt lat="44.37608" lon="2.13116">
				<ele>523.91</ele>
				<time>2026-05-28T16:57:38.372Z</time>
			</trkpt>
			<trkpt lat="44.37619" lon="2.13095">
				<ele>523.36</ele>
				<time>2026-05-28T16:57:39.652Z</time>
			</trkpt>
			<trkpt lat="44.3768" lon="2.12996">
				<ele>517.94</ele>
				<time>2026-05-28T16:57:46.082Z</time>
			</trkpt>
			<trkpt lat="44.37795" lon="2.12796">
				<ele>512.9</ele>
				<time>2026-05-28T16:57:58.706Z</time>
			</trkpt>
			<trkpt lat="44.37812" lon="2.12755">
				<ele>512.98</ele>
				<time>2026-05-28T16:58:01.037Z</time>
			</trkpt>
			<trkpt lat="44.37826" lon="2.12704">
				<ele>515.7</ele>
				<time>2026-05-28T16:58:03.723Z</time>
			</trkpt>
			<trkpt lat="44.37835" lon="2.12654">
				<ele>516.81</ele>
				<time>2026-05-28T16:58:06.258Z</time>
			</trkpt>
			<trkpt lat="44.37842" lon="2.12598">
				<ele>519.57</ele>
				<time>2026-05-28T16:58:09.054Z</time>
			</trkpt>
			<trkpt lat="44.37843" lon="2.1256">
				<ele>519.8</ele>
				<time>2026-05-28T16:58:10.923Z</time>
			</trkpt>
			<trkpt lat="44.3784" lon="2.1252">
				<ele>518.75</ele>
				<time>2026-05-28T16:58:12.901Z</time>
			</trkpt>
			<trkpt lat="44.37832" lon="2.12457">
				<ele>516.51</ele>
				<time>2026-05-28T16:58:16.047Z</time>
			</trkpt>
			<trkpt lat="44.37821" lon="2.12416">
				<ele>514.98</ele>
				<time>2026-05-28T16:58:18.200Z</time>
			</trkpt>
			<trkpt lat="44.37813" lon="2.12395">
				<ele>513.89</ele>
				<time>2026-05-28T16:58:19.370Z</time>
			</trkpt>
			<trkpt lat="44.37752" lon="2.12286">
				<ele>507</ele>
				<time>2026-05-28T16:58:26.175Z</time>
			</trkpt>
			<trkpt lat="44.3771" lon="2.12219">
				<ele>503.52</ele>
				<time>2026-05-28T16:58:30.555Z</time>
			</trkpt>
			<trkpt lat="44.37691" lon="2.12193">
				<ele>502.84</ele>
				<time>2026-05-28T16:58:32.383Z</time>
			</trkpt>
			<trkpt lat="44.37607" lon="2.12095">
				<ele>496.06</ele>
				<time>2026-05-28T16:58:39.904Z</time>
			</trkpt>
			<trkpt lat="44.37588" lon="2.12066">
				<ele>496.39</ele>
				<time>2026-05-28T16:58:41.837Z</time>
			</trkpt>
			<trkpt lat="44.37517" lon="2.11915">
				<ele>496.91</ele>
				<time>2026-05-28T16:58:50.719Z</time>
			</trkpt>
			<trkpt lat="44.37481" lon="2.11847">
				<ele>496.82</ele>
				<time>2026-05-28T16:58:54.876Z</time>
			</trkpt>
			<trkpt lat="44.37464" lon="2.1179">
				<ele>500.67</ele>
				<time>2026-05-28T16:58:57.911Z</time>
			</trkpt>
			<trkpt lat="44.37452" lon="2.11733">
				<ele>503.67</ele>
				<time>2026-05-28T16:59:00.830Z</time>
			</trkpt>
			<trkpt lat="44.37443" lon="2.11676">
				<ele>510.48</ele>
				<time>2026-05-28T16:59:03.697Z</time>
			</trkpt>
			<trkpt lat="44.37442" lon="2.11661">
				<ele>512.26</ele>
				<time>2026-05-28T16:59:04.437Z</time>
			</trkpt>
			<trkpt lat="44.37446" lon="2.11646">
				<ele>513.35</ele>
				<time>2026-05-28T16:59:05.224Z</time>
			</trkpt>
			<trkpt lat="44.37454" lon="2.11631">
				<ele>513.97</ele>
				<time>2026-05-28T16:59:06.143Z</time>
			</trkpt>
			<trkpt lat="44.37477" lon="2.116">
				<ele>516.06</ele>
				<time>2026-05-28T16:59:08.338Z</time>
			</trkpt>
			<trkpt lat="44.37487" lon="2.11594">
				<ele>516.98</ele>
				<time>2026-05-28T16:59:09.086Z</time>
			</trkpt>
			<trkpt lat="44.37497" lon="2.11592">
				<ele>517.55</ele>
				<time>2026-05-28T16:59:09.780Z</time>
			</trkpt>
			<trkpt lat="44.37508" lon="2.11593">
				<ele>517.91</ele>
				<time>2026-05-28T16:59:10.537Z</time>
			</trkpt>
			<trkpt lat="44.37543" lon="2.11614">
				<ele>518.27</ele>
				<time>2026-05-28T16:59:13.154Z</time>
			</trkpt>
			<trkpt lat="44.3755" lon="2.11615">
				<ele>518.37</ele>
				<time>2026-05-28T16:59:13.637Z</time>
			</trkpt>
			<trkpt lat="44.37557" lon="2.11614">
				<ele>518.51</ele>
				<time>2026-05-28T16:59:14.121Z</time>
			</trkpt>
			<trkpt lat="44.37574" lon="2.11606">
				<ele>518.16</ele>
				<time>2026-05-28T16:59:15.353Z</time>
			</trkpt>
			<trkpt lat="44.37621" lon="2.11565">
				<ele>520.46</ele>
				<time>2026-05-28T16:59:19.158Z</time>
			</trkpt>
			<trkpt lat="44.37653" lon="2.11531">
				<ele>523.45</ele>
				<time>2026-05-28T16:59:21.919Z</time>
			</trkpt>
			<trkpt lat="44.37671" lon="2.11507">
				<ele>524.62</ele>
				<time>2026-05-28T16:59:23.627Z</time>
			</trkpt>
			<trkpt lat="44.37687" lon="2.11481">
				<ele>526.07</ele>
				<time>2026-05-28T16:59:25.311Z</time>
			</trkpt>
			<trkpt lat="44.37692" lon="2.11465">
				<ele>526.28</ele>
				<time>2026-05-28T16:59:26.168Z</time>
			</trkpt>
			<trkpt lat="44.37694" lon="2.11453">
				<ele>526.66</ele>
				<time>2026-05-28T16:59:26.773Z</time>
			</trkpt>
			<trkpt lat="44.37689" lon="2.11437">
				<ele>527.08</ele>
				<time>2026-05-28T16:59:27.631Z</time>
			</trkpt>
			<trkpt lat="44.37654" lon="2.11359">
				<ele>529.24</ele>
				<time>2026-05-28T16:59:32.152Z</time>
			</trkpt>
			<trkpt lat="44.37647" lon="2.11331">
				<ele>529.42</ele>
				<time>2026-05-28T16:59:33.608Z</time>
			</trkpt>
			<trkpt lat="44.37635" lon="2.11217">
				<ele>532.7</ele>
				<time>2026-05-28T16:59:39.263Z</time>
			</trkpt>
			<trkpt lat="44.37628" lon="2.11176">
				<ele>532.09</ele>
				<time>2026-05-28T16:59:41.332Z</time>
			</trkpt>
			<trkpt lat="44.3762" lon="2.11133">
				<ele>534.13</ele>
				<time>2026-05-28T16:59:43.512Z</time>
			</trkpt>
			<trkpt lat="44.37606" lon="2.11075">
				<ele>535.65</ele>
				<time>2026-05-28T16:59:46.516Z</time>
			</trkpt>
			<trkpt lat="44.37597" lon="2.11059">
				<ele>537.37</ele>
				<time>2026-05-28T16:59:47.515Z</time>
			</trkpt>
			<trkpt lat="44.37586" lon="2.11046">
				<ele>539.34</ele>
				<time>2026-05-28T16:59:48.504Z</time>
			</trkpt>
			<trkpt lat="44.3756" lon="2.11026">
				<ele>541.57</ele>
				<time>2026-05-28T16:59:50.541Z</time>
			</trkpt>
			<trkpt lat="44.37545" lon="2.11013">
				<ele>541.13</ele>
				<time>2026-05-28T16:59:51.752Z</time>
			</trkpt>
			<trkpt lat="44.37537" lon="2.10997">
				<ele>540.67</ele>
				<time>2026-05-28T16:59:52.710Z</time>
			</trkpt>
			<trkpt lat="44.37534" lon="2.1098">
				<ele>541.15</ele>
				<time>2026-05-28T16:59:53.569Z</time>
			</trkpt>
			<trkpt lat="44.37534" lon="2.10965">
				<ele>541.93</ele>
				<time>2026-05-28T16:59:54.305Z</time>
			</trkpt>
			<trkpt lat="44.37542" lon="2.10919">
				<ele>545.47</ele>
				<time>2026-05-28T16:59:56.627Z</time>
			</trkpt>
			<trkpt lat="44.37548" lon="2.10903">
				<ele>546.75</ele>
				<time>2026-05-28T16:59:57.513Z</time>
			</trkpt>
			<trkpt lat="44.37555" lon="2.10893">
				<ele>547.36</ele>
				<time>2026-05-28T16:59:58.200Z</time>
			</trkpt>
			<trkpt lat="44.37566" lon="2.10885">
				<ele>547.08</ele>
				<time>2026-05-28T16:59:59.051Z</time>
			</trkpt>
			<trkpt lat="44.37596" lon="2.10879">
				<ele>545.82</ele>
				<time>2026-05-28T17:00:01.130Z</time>
			</trkpt>
			<trkpt lat="44.37609" lon="2.10868">
				<ele>547.78</ele>
				<time>2026-05-28T17:00:02.173Z</time>
			</trkpt>
			<trkpt lat="44.37621" lon="2.10847">
				<ele>549.51</ele>
				<time>2026-05-28T17:00:03.491Z</time>
			</trkpt>
			<trkpt lat="44.37657" lon="2.10812">
				<ele>548.11</ele>
				<time>2026-05-28T17:00:06.499Z</time>
			</trkpt>
			<trkpt lat="44.37676" lon="2.1079">
				<ele>547.55</ele>
				<time>2026-05-28T17:00:08.191Z</time>
			</trkpt>
			<trkpt lat="44.37687" lon="2.1077">
				<ele>548.82</ele>
				<time>2026-05-28T17:00:09.429Z</time>
			</trkpt>
			<trkpt lat="44.37693" lon="2.10754">
				<ele>549.73</ele>
				<time>2026-05-28T17:00:10.315Z</time>
			</trkpt>
			<trkpt lat="44.37699" lon="2.10726">
				<ele>550.27</ele>
				<time>2026-05-28T17:00:11.748Z</time>
			</trkpt>
			<trkpt lat="44.37704" lon="2.1069">
				<ele>550.15</ele>
				<time>2026-05-28T17:00:13.546Z</time>
			</trkpt>
			<trkpt lat="44.3772" lon="2.10531">
				<ele>546.99</ele>
				<time>2026-05-28T17:00:21.417Z</time>
			</trkpt>
			<trkpt lat="44.37716" lon="2.10397">
				<ele>541.8</ele>
				<time>2026-05-28T17:00:27.990Z</time>
			</trkpt>
			<trkpt lat="44.37711" lon="2.10366">
				<ele>541.92</ele>
				<time>2026-05-28T17:00:29.548Z</time>
			</trkpt>
			<trkpt lat="44.37689" lon="2.10272">
				<ele>539.71</ele>
				<time>2026-05-28T17:00:34.394Z</time>
			</trkpt>
			<trkpt lat="44.37671" lon="2.10217">
				<ele>540.16</ele>
				<time>2026-05-28T17:00:37.358Z</time>
			</trkpt>
			<trkpt lat="44.37629" lon="2.09955">
				<ele>529.8</ele>
				<time>2026-05-28T17:00:50.509Z</time>
			</trkpt>
			<trkpt lat="44.37621" lon="2.09933">
				<ele>529.23</ele>
				<time>2026-05-28T17:00:51.717Z</time>
			</trkpt>
			<trkpt lat="44.37598" lon="2.0989">
				<ele>528</ele>
				<time>2026-05-28T17:00:54.347Z</time>
			</trkpt>
			<trkpt lat="44.37591" lon="2.09871">
				<ele>527.1</ele>
				<time>2026-05-28T17:00:55.393Z</time>
			</trkpt>
			<trkpt lat="44.37586" lon="2.09847">
				<ele>525.21</ele>
				<time>2026-05-28T17:00:56.617Z</time>
			</trkpt>
			<trkpt lat="44.37561" lon="2.09603">
				<ele>513.56</ele>
				<time>2026-05-28T17:01:08.682Z</time>
			</trkpt>
			<trkpt lat="44.37551" lon="2.09565">
				<ele>513.3</ele>
				<time>2026-05-28T17:01:10.663Z</time>
			</trkpt>
			<trkpt lat="44.37531" lon="2.09524">
				<ele>512.89</ele>
				<time>2026-05-28T17:01:13.092Z</time>
			</trkpt>
			<trkpt lat="44.37513" lon="2.09499">
				<ele>512.49</ele>
				<time>2026-05-28T17:01:14.828Z</time>
			</trkpt>
			<trkpt lat="44.37497" lon="2.09482">
				<ele>513.71</ele>
				<time>2026-05-28T17:01:16.203Z</time>
			</trkpt>
			<trkpt lat="44.37434" lon="2.09423">
				<ele>517.49</ele>
				<time>2026-05-28T17:01:21.391Z</time>
			</trkpt>
			<trkpt lat="44.37413" lon="2.09396">
				<ele>516.35</ele>
				<time>2026-05-28T17:01:23.342Z</time>
			</trkpt>
			<trkpt lat="44.37384" lon="2.09351">
				<ele>513.49</ele>
				<time>2026-05-28T17:01:26.305Z</time>
			</trkpt>
			<trkpt lat="44.37372" lon="2.09327">
				<ele>513.84</ele>
				<time>2026-05-28T17:01:27.737Z</time>
			</trkpt>
			<trkpt lat="44.37365" lon="2.09308">
				<ele>513.32</ele>
				<time>2026-05-28T17:01:28.782Z</time>
			</trkpt>
			<trkpt lat="44.37342" lon="2.09228">
				<ele>511.07</ele>
				<time>2026-05-28T17:01:32.998Z</time>
			</trkpt>
			<trkpt lat="44.37311" lon="2.09054">
				<ele>505.56</ele>
				<time>2026-05-28T17:01:41.763Z</time>
			</trkpt>
			<trkpt lat="44.37302" lon="2.09009">
				<ele>505.31</ele>
				<time>2026-05-28T17:01:44.046Z</time>
			</trkpt>
			<trkpt lat="44.37189" lon="2.08686">
				<ele>505.79</ele>
				<time>2026-05-28T17:02:01.611Z</time>
			</trkpt>
			<trkpt lat="44.37152" lon="2.08604">
				<ele>503.33</ele>
				<time>2026-05-28T17:02:06.345Z</time>
			</trkpt>
			<trkpt lat="44.37139" lon="2.08571">
				<ele>503.53</ele>
				<time>2026-05-28T17:02:08.184Z</time>
			</trkpt>
			<trkpt lat="44.37132" lon="2.08537">
				<ele>502.25</ele>
				<time>2026-05-28T17:02:09.911Z</time>
			</trkpt>
			<trkpt lat="44.37103" lon="2.08206">
				<ele>488.94</ele>
				<time>2026-05-28T17:02:26.180Z</time>
			</trkpt>
			<trkpt lat="44.37104" lon="2.08183">
				<ele>488.74</ele>
				<time>2026-05-28T17:02:27.304Z</time>
			</trkpt>
			<trkpt lat="44.37108" lon="2.08163">
				<ele>489.21</ele>
				<time>2026-05-28T17:02:28.317Z</time>
			</trkpt>
			<trkpt lat="44.37115" lon="2.08136">
				<ele>489.68</ele>
				<time>2026-05-28T17:02:29.717Z</time>
			</trkpt>
			<trkpt lat="44.37125" lon="2.08108">
				<ele>490.07</ele>
				<time>2026-05-28T17:02:31.243Z</time>
			</trkpt>
			<trkpt lat="44.37141" lon="2.08081">
				<ele>490.88</ele>
				<time>2026-05-28T17:02:32.953Z</time>
			</trkpt>
			<trkpt lat="44.37169" lon="2.08039">
				<ele>491</ele>
				<time>2026-05-28T17:02:35.752Z</time>
			</trkpt>
			<trkpt lat="44.37186" lon="2.08001">
				<ele>486.59</ele>
				<time>2026-05-28T17:02:37.937Z</time>
			</trkpt>
			<trkpt lat="44.3719" lon="2.07971">
				<ele>484.01</ele>
				<time>2026-05-28T17:02:39.425Z</time>
			</trkpt>
			<trkpt lat="44.37189" lon="2.07947">
				<ele>482.7</ele>
				<time>2026-05-28T17:02:40.596Z</time>
			</trkpt>
			<trkpt lat="44.37184" lon="2.07927">
				<ele>482.53</ele>
				<time>2026-05-28T17:02:41.629Z</time>
			</trkpt>
			<trkpt lat="44.37168" lon="2.07906">
				<ele>484.21</ele>
				<time>2026-05-28T17:02:43.124Z</time>
			</trkpt>
			<trkpt lat="44.37118" lon="2.07863">
				<ele>479.27</ele>
				<time>2026-05-28T17:02:47.124Z</time>
			</trkpt>
			<trkpt lat="44.37108" lon="2.07857">
				<ele>478.2</ele>
				<time>2026-05-28T17:02:47.866Z</time>
			</trkpt>
			<trkpt lat="44.3709" lon="2.0785">
				<ele>475.77</ele>
				<time>2026-05-28T17:02:49.139Z</time>
			</trkpt>
			<trkpt lat="44.37064" lon="2.07845">
				<ele>473.45</ele>
				<time>2026-05-28T17:02:50.927Z</time>
			</trkpt>
			<trkpt lat="44.37022" lon="2.07853">
				<ele>471.8</ele>
				<time>2026-05-28T17:02:53.815Z</time>
			</trkpt>
			<trkpt lat="44.36992" lon="2.07869">
				<ele>471.28</ele>
				<time>2026-05-28T17:02:56.002Z</time>
			</trkpt>
			<trkpt lat="44.36956" lon="2.07892">
				<ele>473.26</ele>
				<time>2026-05-28T17:02:58.698Z</time>
			</trkpt>
			<trkpt lat="44.36943" lon="2.07897">
				<ele>472.79</ele>
				<time>2026-05-28T17:02:59.616Z</time>
			</trkpt>
			<trkpt lat="44.36928" lon="2.07895">
				<ele>469.76</ele>
				<time>2026-05-28T17:03:00.642Z</time>
			</trkpt>
			<trkpt lat="44.36916" lon="2.07885">
				<ele>466.27</ele>
				<time>2026-05-28T17:03:01.593Z</time>
			</trkpt>
			<trkpt lat="44.36872" lon="2.07803">
				<ele>458.94</ele>
				<time>2026-05-28T17:03:06.584Z</time>
			</trkpt>
			<trkpt lat="44.36837" lon="2.07745">
				<ele>456.76</ele>
				<time>2026-05-28T17:03:10.277Z</time>
			</trkpt>
			<trkpt lat="44.36828" lon="2.07723">
				<ele>457.8</ele>
				<time>2026-05-28T17:03:11.510Z</time>
			</trkpt>
			<trkpt lat="44.36825" lon="2.07703">
				<ele>458.63</ele>
				<time>2026-05-28T17:03:12.504Z</time>
			</trkpt>
			<trkpt lat="44.36825" lon="2.07688">
				<ele>458.75</ele>
				<time>2026-05-28T17:03:13.234Z</time>
			</trkpt>
			<trkpt lat="44.3683" lon="2.07671">
				<ele>458.38</ele>
				<time>2026-05-28T17:03:14.128Z</time>
			</trkpt>
			<trkpt lat="44.36842" lon="2.07656">
				<ele>456.92</ele>
				<time>2026-05-28T17:03:15.223Z</time>
			</trkpt>
			<trkpt lat="44.36872" lon="2.07627">
				<ele>455.58</ele>
				<time>2026-05-28T17:03:17.704Z</time>
			</trkpt>
			<trkpt lat="44.36895" lon="2.07596">
				<ele>455.41</ele>
				<time>2026-05-28T17:03:19.877Z</time>
			</trkpt>
			<trkpt lat="44.36948" lon="2.07515">
				<ele>453.13</ele>
				<time>2026-05-28T17:03:25.216Z</time>
			</trkpt>
			<trkpt lat="44.36962" lon="2.07487">
				<ele>452.08</ele>
				<time>2026-05-28T17:03:26.877Z</time>
			</trkpt>
			<trkpt lat="44.36973" lon="2.07447">
				<ele>450.78</ele>
				<time>2026-05-28T17:03:28.960Z</time>
			</trkpt>
			<trkpt lat="44.36978" lon="2.07401">
				<ele>449.28</ele>
				<time>2026-05-28T17:03:31.221Z</time>
			</trkpt>
			<trkpt lat="44.36979" lon="2.07358">
				<ele>448.03</ele>
				<time>2026-05-28T17:03:33.312Z</time>
			</trkpt>
			<trkpt lat="44.36982" lon="2.07337">
				<ele>448.34</ele>
				<time>2026-05-28T17:03:34.352Z</time>
			</trkpt>
			<trkpt lat="44.3699" lon="2.07319">
				<ele>448.72</ele>
				<time>2026-05-28T17:03:35.382Z</time>
			</trkpt>
			<trkpt lat="44.37002" lon="2.07304">
				<ele>447.7</ele>
				<time>2026-05-28T17:03:36.476Z</time>
			</trkpt>
			<trkpt lat="44.37022" lon="2.07292">
				<ele>444.6</ele>
				<time>2026-05-28T17:03:37.954Z</time>
			</trkpt>
			<trkpt lat="44.37042" lon="2.07277">
				<ele>442.37</ele>
				<time>2026-05-28T17:03:39.496Z</time>
			</trkpt>
			<trkpt lat="44.37063" lon="2.0725">
				<ele>439.38</ele>
				<time>2026-05-28T17:03:41.434Z</time>
			</trkpt>
			<trkpt lat="44.371" lon="2.0717">
				<ele>436.53</ele>
				<time>2026-05-28T17:03:46.061Z</time>
			</trkpt>
			<trkpt lat="44.37123" lon="2.07106">
				<ele>436.23</ele>
				<time>2026-05-28T17:03:49.538Z</time>
			</trkpt>
			<trkpt lat="44.37133" lon="2.07086">
				<ele>435.27</ele>
				<time>2026-05-28T17:03:50.723Z</time>
			</trkpt>
			<trkpt lat="44.37162" lon="2.07048">
				<ele>431.08</ele>
				<time>2026-05-28T17:03:53.420Z</time>
			</trkpt>
			<trkpt lat="44.3717" lon="2.07025">
				<ele>430.62</ele>
				<time>2026-05-28T17:03:54.662Z</time>
			</trkpt>
			<trkpt lat="44.37173" lon="2.0701">
				<ele>430.62</ele>
				<time>2026-05-28T17:03:55.417Z</time>
			</trkpt>
			<trkpt lat="44.37172" lon="2.06992">
				<ele>430.66</ele>
				<time>2026-05-28T17:03:56.293Z</time>
			</trkpt>
			<trkpt lat="44.37161" lon="2.0696">
				<ele>431.98</ele>
				<time>2026-05-28T17:03:58.016Z</time>
			</trkpt>
			<trkpt lat="44.37159" lon="2.06942">
				<ele>432.45</ele>
				<time>2026-05-28T17:03:58.900Z</time>
			</trkpt>
			<trkpt lat="44.37166" lon="2.06925">
				<ele>432.45</ele>
				<time>2026-05-28T17:03:59.851Z</time>
			</trkpt>
			<trkpt lat="44.37197" lon="2.06892">
				<ele>429.37</ele>
				<time>2026-05-28T17:04:02.495Z</time>
			</trkpt>
			<trkpt lat="44.37248" lon="2.06821">
				<ele>424.41</ele>
				<time>2026-05-28T17:04:07.375Z</time>
			</trkpt>
			<trkpt lat="44.37259" lon="2.06803">
				<ele>422.07</ele>
				<time>2026-05-28T17:04:08.523Z</time>
			</trkpt>
			<trkpt lat="44.37274" lon="2.06764">
				<ele>418.98</ele>
				<time>2026-05-28T17:04:10.670Z</time>
			</trkpt>
			<trkpt lat="44.37278" lon="2.06748">
				<ele>417.59</ele>
				<time>2026-05-28T17:04:11.492Z</time>
			</trkpt>
			<trkpt lat="44.37278" lon="2.0673">
				<ele>416.73</ele>
				<time>2026-05-28T17:04:12.364Z</time>
			</trkpt>
			<trkpt lat="44.37251" lon="2.06592">
				<ele>412.41</ele>
				<time>2026-05-28T17:04:19.297Z</time>
			</trkpt>
			<trkpt lat="44.37245" lon="2.06574">
				<ele>410.42</ele>
				<time>2026-05-28T17:04:20.259Z</time>
			</trkpt>
			<trkpt lat="44.37226" lon="2.06564">
				<ele>414.2</ele>
				<time>2026-05-28T17:04:21.635Z</time>
			</trkpt>
			<trkpt lat="44.37211" lon="2.06547">
				<ele>414.26</ele>
				<time>2026-05-28T17:04:22.943Z</time>
			</trkpt>
			<trkpt lat="44.37186" lon="2.06524">
				<ele>415.01</ele>
				<time>2026-05-28T17:04:24.970Z</time>
			</trkpt>
			<trkpt lat="44.3718" lon="2.06506">
				<ele>412.79</ele>
				<time>2026-05-28T17:04:25.932Z</time>
			</trkpt>
			<trkpt lat="44.37174" lon="2.06481">
				<ele>408.97</ele>
				<time>2026-05-28T17:04:27.209Z</time>
			</trkpt>
			<trkpt lat="44.37159" lon="2.06462">
				<ele>409.91</ele>
				<time>2026-05-28T17:04:28.580Z</time>
			</trkpt>
			<trkpt lat="44.37125" lon="2.06423">
				<ele>413.94</ele>
				<time>2026-05-28T17:04:31.557Z</time>
			</trkpt>
			<trkpt lat="44.37106" lon="2.06382">
				<ele>408.88</ele>
				<time>2026-05-28T17:04:33.922Z</time>
			</trkpt>
			<trkpt lat="44.37094" lon="2.0637">
				<ele>410.54</ele>
				<time>2026-05-28T17:04:34.921Z</time>
			</trkpt>
			<trkpt lat="44.37083" lon="2.06355">
				<ele>410.15</ele>
				<time>2026-05-28T17:04:35.961Z</time>
			</trkpt>
			<trkpt lat="44.3706" lon="2.06302">
				<ele>403.03</ele>
				<time>2026-05-28T17:04:38.961Z</time>
			</trkpt>
			<trkpt lat="44.37044" lon="2.06284">
				<ele>403.97</ele>
				<time>2026-05-28T17:04:40.350Z</time>
			</trkpt>
			<trkpt lat="44.37016" lon="2.06268">
				<ele>408.14</ele>
				<time>2026-05-28T17:04:42.397Z</time>
			</trkpt>
			<trkpt lat="44.36982" lon="2.06242">
				<ele>407.63</ele>
				<time>2026-05-28T17:04:45.019Z</time>
			</trkpt>
			<trkpt lat="44.36945" lon="2.06203">
				<ele>401.5</ele>
				<time>2026-05-28T17:04:48.153Z</time>
			</trkpt>
			<trkpt lat="44.36903" lon="2.06154">
				<ele>390.49</ele>
				<time>2026-05-28T17:04:51.851Z</time>
			</trkpt>
			<trkpt lat="44.36896" lon="2.06148">
				<ele>390.36</ele>
				<time>2026-05-28T17:04:52.406Z</time>
			</trkpt>
			<trkpt lat="44.36888" lon="2.06146">
				<ele>391.3</ele>
				<time>2026-05-28T17:04:52.956Z</time>
			</trkpt>
			<trkpt lat="44.36878" lon="2.06148">
				<ele>391.52</ele>
				<time>2026-05-28T17:04:53.639Z</time>
			</trkpt>
			<trkpt lat="44.36863" lon="2.06161">
				<ele>393.94</ele>
				<time>2026-05-28T17:04:54.832Z</time>
			</trkpt>
			<trkpt lat="44.36843" lon="2.06188">
				<ele>400.57</ele>
				<time>2026-05-28T17:04:56.711Z</time>
			</trkpt>
			<trkpt lat="44.36837" lon="2.06194">
				<ele>401.32</ele>
				<time>2026-05-28T17:04:57.209Z</time>
			</trkpt>
			<trkpt lat="44.3683" lon="2.06196">
				<ele>401.74</ele>
				<time>2026-05-28T17:04:57.692Z</time>
			</trkpt>
			<trkpt lat="44.36826" lon="2.06195">
				<ele>402.53</ele>
				<time>2026-05-28T17:04:57.967Z</time>
			</trkpt>
			<trkpt lat="44.36822" lon="2.06191">
				<ele>403.08</ele>
				<time>2026-05-28T17:04:58.299Z</time>
			</trkpt>
			<trkpt lat="44.3682" lon="2.06185">
				<ele>402.82</ele>
				<time>2026-05-28T17:04:58.619Z</time>
			</trkpt>
			<trkpt lat="44.36822" lon="2.06138">
				<ele>396.32</ele>
				<time>2026-05-28T17:05:00.894Z</time>
			</trkpt>
			<trkpt lat="44.36821" lon="2.06116">
				<ele>393.81</ele>
				<time>2026-05-28T17:05:01.959Z</time>
			</trkpt>
			<trkpt lat="44.36814" lon="2.06085">
				<ele>389.21</ele>
				<time>2026-05-28T17:05:03.529Z</time>
			</trkpt>
			<trkpt lat="44.36806" lon="2.06065">
				<ele>384.75</ele>
				<time>2026-05-28T17:05:04.636Z</time>
			</trkpt>
			<trkpt lat="44.36791" lon="2.06046">
				<ele>382.26</ele>
				<time>2026-05-28T17:05:06.003Z</time>
			</trkpt>
			<trkpt lat="44.36746" lon="2.06024">
				<ele>385.52</ele>
				<time>2026-05-28T17:05:09.222Z</time>
			</trkpt>
			<trkpt lat="44.36715" lon="2.06024">
				<ele>387.2</ele>
				<time>2026-05-28T17:05:11.316Z</time>
			</trkpt>
			<trkpt lat="44.3668" lon="2.06016">
				<ele>380.11</ele>
				<time>2026-05-28T17:05:13.710Z</time>
			</trkpt>
			<trkpt lat="44.36632" lon="2.06024">
				<ele>382.49</ele>
				<time>2026-05-28T17:05:16.973Z</time>
			</trkpt>
			<trkpt lat="44.36584" lon="2.06028">
				<ele>379.4</ele>
				<time>2026-05-28T17:05:20.219Z</time>
			</trkpt>
			<trkpt lat="44.36556" lon="2.06028">
				<ele>381.12</ele>
				<time>2026-05-28T17:05:22.108Z</time>
			</trkpt>
			<trkpt lat="44.36526" lon="2.06013">
				<ele>378.82</ele>
				<time>2026-05-28T17:05:24.257Z</time>
			</trkpt>
			<trkpt lat="44.36449" lon="2.05983">
				<ele>382.54</ele>
				<time>2026-05-28T17:05:29.648Z</time>
			</trkpt>
			<trkpt lat="44.36434" lon="2.05955">
				<ele>379.8</ele>
				<time>2026-05-28T17:05:31.335Z</time>
			</trkpt>
			<trkpt lat="44.36393" lon="2.05861">
				<ele>375.59</ele>
				<time>2026-05-28T17:05:36.641Z</time>
			</trkpt>
			<trkpt lat="44.36363" lon="2.05782">
				<ele>370.51</ele>
				<time>2026-05-28T17:05:40.950Z</time>
			</trkpt>
			<trkpt lat="44.36349" lon="2.05754">
				<ele>366.01</ele>
				<time>2026-05-28T17:05:42.596Z</time>
			</trkpt>
			<trkpt lat="44.36341" lon="2.05743">
				<ele>363.96</ele>
				<time>2026-05-28T17:05:43.351Z</time>
			</trkpt>
			<trkpt lat="44.36326" lon="2.05735">
				<ele>363.29</ele>
				<time>2026-05-28T17:05:44.433Z</time>
			</trkpt>
			<trkpt lat="44.36296" lon="2.05726">
				<ele>364.29</ele>
				<time>2026-05-28T17:05:46.499Z</time>
			</trkpt>
			<trkpt lat="44.36191" lon="2.05717">
				<ele>364.64</ele>
				<time>2026-05-28T17:05:53.581Z</time>
			</trkpt>
			<trkpt lat="44.36155" lon="2.05673">
				<ele>355.48</ele>
				<time>2026-05-28T17:05:56.798Z</time>
			</trkpt>
			<trkpt lat="44.36126" lon="2.05643">
				<ele>351.76</ele>
				<time>2026-05-28T17:05:59.225Z</time>
			</trkpt>
			<trkpt lat="44.36067" lon="2.05571">
				<ele>351.5</ele>
				<time>2026-05-28T17:06:04.491Z</time>
			</trkpt>
			<trkpt lat="44.36058" lon="2.05531">
				<ele>339.56</ele>
				<time>2026-05-28T17:06:06.507Z</time>
			</trkpt>
			<trkpt lat="44.36046" lon="2.0551">
				<ele>338.42</ele>
				<time>2026-05-28T17:06:07.799Z</time>
			</trkpt>
			<trkpt lat="44.35994" lon="2.05448">
				<ele>332.82</ele>
				<time>2026-05-28T17:06:12.392Z</time>
			</trkpt>
			<trkpt lat="44.35988" lon="2.05443">
				<ele>331.89</ele>
				<time>2026-05-28T17:06:12.861Z</time>
			</trkpt>
			<trkpt lat="44.35911" lon="2.05435">
				<ele>334.82</ele>
				<time>2026-05-28T17:06:18.048Z</time>
			</trkpt>
			<trkpt lat="44.3582" lon="2.05423">
				<ele>330.76</ele>
				<time>2026-05-28T17:06:24.186Z</time>
			</trkpt>
			<trkpt lat="44.35806" lon="2.05416">
				<ele>328.6</ele>
				<time>2026-05-28T17:06:25.184Z</time>
			</trkpt>
			<trkpt lat="44.35774" lon="2.05375">
				<ele>323.19</ele>
				<time>2026-05-28T17:06:28.096Z</time>
			</trkpt>
			<trkpt lat="44.35759" lon="2.05364">
				<ele>322.91</ele>
				<time>2026-05-28T17:06:29.233Z</time>
			</trkpt>
			<trkpt lat="44.35734" lon="2.05363">
				<ele>326.39</ele>
				<time>2026-05-28T17:06:30.911Z</time>
			</trkpt>
			<trkpt lat="44.35671" lon="2.05344">
				<ele>333.95</ele>
				<time>2026-05-28T17:06:35.234Z</time>
			</trkpt>
			<trkpt lat="44.35667" lon="2.0534">
				<ele>334</ele>
				<time>2026-05-28T17:06:35.564Z</time>
			</trkpt>
			<trkpt lat="44.35628" lon="2.05246">
				<ele>328.57</ele>
				<time>2026-05-28T17:06:40.774Z</time>
			</trkpt>
			<trkpt lat="44.35619" lon="2.05206">
				<ele>323.08</ele>
				<time>2026-05-28T17:06:42.784Z</time>
			</trkpt>
			<trkpt lat="44.35613" lon="2.05162">
				<ele>316.94</ele>
				<time>2026-05-28T17:06:44.930Z</time>
			</trkpt>
			<trkpt lat="44.35611" lon="2.05126">
				<ele>311.53</ele>
				<time>2026-05-28T17:06:46.660Z</time>
			</trkpt>
			<trkpt lat="44.35607" lon="2.05092">
				<ele>307.99</ele>
				<time>2026-05-28T17:06:48.310Z</time>
			</trkpt>
			<trkpt lat="44.35599" lon="2.05068">
				<ele>305.32</ele>
				<time>2026-05-28T17:06:49.579Z</time>
			</trkpt>
			<trkpt lat="44.3559" lon="2.05058">
				<ele>305.1</ele>
				<time>2026-05-28T17:06:50.348Z</time>
			</trkpt>
			<trkpt lat="44.35569" lon="2.05055">
				<ele>306.62</ele>
				<time>2026-05-28T17:06:51.762Z</time>
			</trkpt>
			<trkpt lat="44.35521" lon="2.0506">
				<ele>306.85</ele>
				<time>2026-05-28T17:06:54.985Z</time>
			</trkpt>
			<trkpt lat="44.35491" lon="2.05071">
				<ele>310.04</ele>
				<time>2026-05-28T17:06:57.061Z</time>
			</trkpt>
			<trkpt lat="44.35465" lon="2.05068">
				<ele>303.38</ele>
				<time>2026-05-28T17:06:58.807Z</time>
			</trkpt>
			<trkpt lat="44.35437" lon="2.0507">
				<ele>304.23</ele>
				<time>2026-05-28T17:07:00.683Z</time>
			</trkpt>
			<trkpt lat="44.35414" lon="2.05055">
				<ele>301.12</ele>
				<time>2026-05-28T17:07:02.381Z</time>
			</trkpt>
			<trkpt lat="44.35334" lon="2.05044">
				<ele>299.02</ele>
				<time>2026-05-28T17:07:07.758Z</time>
			</trkpt>
			<trkpt lat="44.35313" lon="2.05046">
				<ele>298.61</ele>
				<time>2026-05-28T17:07:09.166Z</time>
			</trkpt>
			<trkpt lat="44.35288" lon="2.05044">
				<ele>298.28</ele>
				<time>2026-05-28T17:07:10.840Z</time>
			</trkpt>
			<trkpt lat="44.35259" lon="2.05039">
				<ele>301.01</ele>
				<time>2026-05-28T17:07:12.793Z</time>
			</trkpt>
			<trkpt lat="44.35236" lon="2.05025">
				<ele>300.76</ele>
				<time>2026-05-28T17:07:14.469Z</time>
			</trkpt>
			<trkpt lat="44.35217" lon="2.04994">
				<ele>296.06</ele>
				<time>2026-05-28T17:07:16.420Z</time>
			</trkpt>
			<trkpt lat="44.35199" lon="2.04975">
				<ele>297.15</ele>
				<time>2026-05-28T17:07:17.927Z</time>
			</trkpt>
			<trkpt lat="44.35176" lon="2.04925">
				<ele>297.43</ele>
				<time>2026-05-28T17:07:20.766Z</time>
			</trkpt>
			<trkpt lat="44.35178" lon="2.0489">
				<ele>293.06</ele>
				<time>2026-05-28T17:07:22.443Z</time>
			</trkpt>
			<trkpt lat="44.35205" lon="2.04807">
				<ele>284.02</ele>
				<time>2026-05-28T17:07:26.796Z</time>
			</trkpt>
			<trkpt lat="44.35227" lon="2.04761">
				<ele>279.94</ele>
				<time>2026-05-28T17:07:29.437Z</time>
			</trkpt>
			<trkpt lat="44.3526" lon="2.04736">
				<ele>275.87</ele>
				<time>2026-05-28T17:07:31.942Z</time>
			</trkpt>
			<trkpt lat="44.35274" lon="2.04719">
				<ele>275.05</ele>
				<time>2026-05-28T17:07:33.178Z</time>
			</trkpt>
			<trkpt lat="44.35272" lon="2.04697">
				<ele>273.63</ele>
				<time>2026-05-28T17:07:34.236Z</time>
			</trkpt>
			<trkpt lat="44.35254" lon="2.04695">
				<ele>274.75</ele>
				<time>2026-05-28T17:07:35.441Z</time>
			</trkpt>
			<trkpt lat="44.35193" lon="2.04708">
				<ele>271.22</ele>
				<time>2026-05-28T17:07:39.555Z</time>
			</trkpt>
			<trkpt lat="44.35173" lon="2.04711">
				<ele>272.94</ele>
				<time>2026-05-28T17:07:40.896Z</time>
			</trkpt>
			<trkpt lat="44.35159" lon="2.04714">
				<ele>275.01</ele>
				<time>2026-05-28T17:07:41.840Z</time>
			</trkpt>
			<trkpt lat="44.35109" lon="2.04708">
				<ele>279.78</ele>
				<time>2026-05-28T17:07:45.184Z</time>
			</trkpt>
			<trkpt lat="44.35074" lon="2.04693">
				<ele>281.24</ele>
				<time>2026-05-28T17:07:47.623Z</time>
			</trkpt>
			<trkpt lat="44.35058" lon="2.04677">
				<ele>280.81</ele>
				<time>2026-05-28T17:07:48.933Z</time>
			</trkpt>
			<trkpt lat="44.35038" lon="2.0465">
				<ele>284.15</ele>
				<time>2026-05-28T17:07:50.785Z</time>
			</trkpt>
			<trkpt lat="44.35026" lon="2.04616">
				<ele>278.91</ele>
				<time>2026-05-28T17:07:52.590Z</time>
			</trkpt>
			<trkpt lat="44.35023" lon="2.04592">
				<ele>275.69</ele>
				<time>2026-05-28T17:07:53.750Z</time>
			</trkpt>
			<trkpt lat="44.35041" lon="2.04521">
				<ele>265.45</ele>
				<time>2026-05-28T17:07:57.335Z</time>
			</trkpt>
			<trkpt lat="44.35043" lon="2.04507">
				<ele>263.98</ele>
				<time>2026-05-28T17:07:58.015Z</time>
			</trkpt>
			<trkpt lat="44.35042" lon="2.04493">
				<ele>262.89</ele>
				<time>2026-05-28T17:07:58.684Z</time>
			</trkpt>
			<trkpt lat="44.35035" lon="2.04476">
				<ele>262.05</ele>
				<time>2026-05-28T17:07:59.617Z</time>
			</trkpt>
			<trkpt lat="44.35024" lon="2.04456">
				<ele>260.39</ele>
				<time>2026-05-28T17:08:00.818Z</time>
			</trkpt>
			<trkpt lat="44.35037" lon="2.04441">
				<ele>259.57</ele>
				<time>2026-05-28T17:08:01.939Z</time>
			</trkpt>
			<trkpt lat="44.3505" lon="2.0442">
				<ele>259.06</ele>
				<time>2026-05-28T17:08:03.260Z</time>
			</trkpt>
			<trkpt lat="44.35058" lon="2.04414">
				<ele>259.9</ele>
				<time>2026-05-28T17:08:03.864Z</time>
			</trkpt>
			<trkpt lat="44.35079" lon="2.04404">
				<ele>265.84</ele>
				<time>2026-05-28T17:08:05.339Z</time>
			</trkpt>
			<trkpt lat="44.35064" lon="2.04356">
				<ele>266.85</ele>
				<time>2026-05-28T17:08:07.735Z</time>
			</trkpt>
			<trkpt lat="44.35052" lon="2.04305">
				<ele>266.01</ele>
				<time>2026-05-28T17:08:10.305Z</time>
			</trkpt>
			<trkpt lat="44.35048" lon="2.04281">
				<ele>265.39</ele>
				<time>2026-05-28T17:08:11.693Z</time>
			</trkpt>
			<trkpt lat="44.35043" lon="2.04163">
				<ele>262.11</ele>
				<time>2026-05-28T17:08:19.241Z</time>
			</trkpt>
			<trkpt lat="44.35044" lon="2.04152">
				<ele>261.3</ele>
				<time>2026-05-28T17:08:20.017Z</time>
			</trkpt>
			<trkpt lat="44.35051" lon="2.0413">
				<ele>260.7</ele>
				<time>2026-05-28T17:08:21.736Z</time>
			</trkpt>
			<trkpt lat="44.35078" lon="2.0408">
				<ele>262.15</ele>
				<time>2026-05-28T17:08:26.420Z</time>
			</trkpt>
			<trkpt lat="44.35094" lon="2.04058">
				<ele>262.47</ele>
				<time>2026-05-28T17:08:28.868Z</time>
			</trkpt>
			<trkpt lat="44.35099" lon="2.04053">
				<ele>262.64</ele>
				<time>2026-05-28T17:08:29.550Z</time>
			</trkpt>
			<trkpt lat="44.35186" lon="2.03986">
				<ele>266.94</ele>
				<time>2026-05-28T17:08:41.075Z</time>
			</trkpt>
			<trkpt lat="44.35249" lon="2.03933">
				<ele>269.56</ele>
				<time>2026-05-28T17:08:50.024Z</time>
			</trkpt>
			<trkpt lat="44.35287" lon="2.03906">
				<ele>270.57</ele>
				<time>2026-05-28T17:08:55.277Z</time>
			</trkpt>
			<trkpt lat="44.35385" lon="2.03826">
				<ele>280</ele>
				<time>2026-05-28T17:09:09.119Z</time>
			</trkpt>
			<trkpt lat="44.35395" lon="2.03822">
				<ele>280.89</ele>
				<time>2026-05-28T17:09:10.358Z</time>
			</trkpt>
			<trkpt lat="44.35402" lon="2.03816">
				<ele>281.58</ele>
				<time>2026-05-28T17:09:11.330Z</time>
			</trkpt>
			<trkpt lat="44.35404" lon="2.03809">
				<ele>281.98</ele>
				<time>2026-05-28T17:09:11.966Z</time>
			</trkpt>
			<trkpt lat="44.35404" lon="2.03775">
				<ele>282.56</ele>
				<time>2026-05-28T17:09:14.804Z</time>
			</trkpt>
			<trkpt lat="44.35394" lon="2.03691">
				<ele>283.01</ele>
				<time>2026-05-28T17:09:21.659Z</time>
			</trkpt>
			<trkpt lat="44.35386" lon="2.03638">
				<ele>284.77</ele>
				<time>2026-05-28T17:09:25.851Z</time>
			</trkpt>
			<trkpt lat="44.3538" lon="2.03613">
				<ele>284.13</ele>
				<time>2026-05-28T17:09:27.857Z</time>
			</trkpt>
			<trkpt lat="44.3536" lon="2.0353">
				<ele>283.86</ele>
				<time>2026-05-28T17:09:34.426Z</time>
			</trkpt>
			<trkpt lat="44.35353" lon="2.03506">
				<ele>283.25</ele>
				<time>2026-05-28T17:09:36.357Z</time>
			</trkpt>
			<trkpt lat="44.35333" lon="2.03478">
				<ele>278.6</ele>
				<time>2026-05-28T17:09:39.309Z</time>
			</trkpt>
			<trkpt lat="44.35292" lon="2.03415">
				<ele>271.54</ele>
				<time>2026-05-28T17:09:45.737Z</time>
			</trkpt>
			<trkpt lat="44.35287" lon="2.03412">
				<ele>271.44</ele>
				<time>2026-05-28T17:09:46.319Z</time>
			</trkpt>
			<trkpt lat="44.3528" lon="2.03408">
				<ele>271.34</ele>
				<time>2026-05-28T17:09:47.132Z</time>
			</trkpt>
			<trkpt lat="44.35273" lon="2.03408">
				<ele>271.13</ele>
				<time>2026-05-28T17:09:47.888Z</time>
			</trkpt>
			<trkpt lat="44.35238" lon="2.03418">
				<ele>269.48</ele>
				<time>2026-05-28T17:09:51.802Z</time>
			</trkpt>
			<trkpt lat="44.3521" lon="2.03428">
				<ele>268.32</ele>
				<time>2026-05-28T17:09:55.054Z</time>
			</trkpt>
			<trkpt lat="44.3519" lon="2.03433">
				<ele>267.94</ele>
				<time>2026-05-28T17:09:57.394Z</time>
			</trkpt>
			<trkpt lat="44.35171" lon="2.03439">
				<ele>267.93</ele>
				<time>2026-05-28T17:09:59.685Z</time>
			</trkpt>
			<trkpt lat="44.35161" lon="2.03442">
				<ele>267.91</ele>
				<time>2026-05-28T17:10:00.908Z</time>
			</trkpt>
			<trkpt lat="44.3513" lon="2.03466">
				<ele>267.31</ele>
				<time>2026-05-28T17:10:05.263Z</time>
			</trkpt>
			<trkpt lat="44.3503" lon="2.03556">
				<ele>261.06</ele>
				<time>2026-05-28T17:10:21.895Z</time>
			</trkpt>
			<trkpt lat="44.34989" lon="2.03593">
				<ele>260</ele>
				<time>2026-05-28T17:10:29.623Z</time>
			</trkpt>
			<trkpt lat="44.34959" lon="2.03621">
				<ele>257.94</ele>
				<time>2026-05-28T17:10:35.477Z</time>
			</trkpt>
			<trkpt lat="44.34955" lon="2.03634">
				<ele>257.25</ele>
				<time>2026-05-28T17:10:37.125Z</time>
			</trkpt>
			<trkpt lat="44.34953" lon="2.03646">
				<ele>256.96</ele>
				<time>2026-05-28T17:10:38.560Z</time>
			</trkpt>
			<trkpt lat="44.34955" lon="2.03683">
				<ele>257.78</ele>
				<time>2026-05-28T17:10:42.860Z</time>
			</trkpt>
			<trkpt lat="44.34957" lon="2.03715">
				<ele>258.8</ele>
				<time>2026-05-28T17:10:46.535Z</time>
			</trkpt>
			<trkpt lat="44.34958" lon="2.03722">
				<ele>259.03</ele>
				<time>2026-05-28T17:10:47.343Z</time>
			</trkpt>
			<trkpt lat="44.3499" lon="2.03893">
				<ele>256.64</ele>
				<time>2026-05-28T17:11:08.810Z</time>
			</trkpt>
			<trkpt lat="44.35006" lon="2.03977">
				<ele>257</ele>
				<time>2026-05-28T17:11:19.809Z</time>
			</trkpt>
			<trkpt lat="44.35022" lon="2.04062">
				<ele>255.8</ele>
				<time>2026-05-28T17:11:30.422Z</time>
			</trkpt>
			<trkpt lat="44.35032" lon="2.04114">
				<ele>257.49</ele>
				<time>2026-05-28T17:11:36.412Z</time>
			</trkpt>
			<trkpt lat="44.35035" lon="2.04128">
				<ele>258.21</ele>
				<time>2026-05-28T17:11:37.947Z</time>
			</trkpt>
			<trkpt lat="44.35043" lon="2.04163">
				<ele>262.11</ele>
				<time>2026-05-28T17:11:41.607Z</time>
			</trkpt>
			<trkpt lat="44.35048" lon="2.04281">
				<ele>265.39</ele>
				<time>2026-05-28T17:11:51.249Z</time>
			</trkpt>
			<trkpt lat="44.35052" lon="2.04305">
				<ele>266.01</ele>
				<time>2026-05-28T17:11:53.067Z</time>
			</trkpt>
			<trkpt lat="44.35064" lon="2.04356">
				<ele>266.85</ele>
				<time>2026-05-28T17:11:56.979Z</time>
			</trkpt>
			<trkpt lat="44.35079" lon="2.04404">
				<ele>265.84</ele>
				<time>2026-05-28T17:12:00.736Z</time>
			</trkpt>
			<trkpt lat="44.35085" lon="2.04444">
				<ele>265.76</ele>
				<time>2026-05-28T17:12:03.625Z</time>
			</trkpt>
			<trkpt lat="44.35085" lon="2.04465">
				<ele>264.79</ele>
				<time>2026-05-28T17:12:05.095Z</time>
			</trkpt>
			<trkpt lat="44.35081" lon="2.04512">
				<ele>265.25</ele>
				<time>2026-05-28T17:12:08.376Z</time>
			</trkpt>
			<trkpt lat="44.35084" lon="2.04537">
				<ele>265.93</ele>
				<time>2026-05-28T17:12:10.113Z</time>
			</trkpt>
			<trkpt lat="44.35115" lon="2.04595">
				<ele>265.6</ele>
				<time>2026-05-28T17:12:15.003Z</time>
			</trkpt>
			<trkpt lat="44.35127" lon="2.04604">
				<ele>266.02</ele>
				<time>2026-05-28T17:12:16.271Z</time>
			</trkpt>
			<trkpt lat="44.35136" lon="2.04605">
				<ele>266.98</ele>
				<time>2026-05-28T17:12:17.108Z</time>
			</trkpt>
			<trkpt lat="44.35144" lon="2.04604">
				<ele>268.18</ele>
				<time>2026-05-28T17:12:17.849Z</time>
			</trkpt>
			<trkpt lat="44.35221" lon="2.04585">
				<ele>270.42</ele>
				<time>2026-05-28T17:12:24.939Z</time>
			</trkpt>
			<trkpt lat="44.35283" lon="2.0458">
				<ele>273.15</ele>
				<time>2026-05-28T17:12:30.405Z</time>
			</trkpt>
			<trkpt lat="44.3532" lon="2.04562">
				<ele>274.71</ele>
				<time>2026-05-28T17:12:33.780Z</time>
			</trkpt>
			<trkpt lat="44.3534" lon="2.04566">
				<ele>274.43</ele>
				<time>2026-05-28T17:12:35.499Z</time>
			</trkpt>
			<trkpt lat="44.35358" lon="2.04586">
				<ele>274.06</ele>
				<time>2026-05-28T17:12:37.438Z</time>
			</trkpt>
			<trkpt lat="44.35366" lon="2.04609">
				<ele>273.82</ele>
				<time>2026-05-28T17:12:38.966Z</time>
			</trkpt>
			<trkpt lat="44.35366" lon="2.04646">
				<ele>272.06</ele>
				<time>2026-05-28T17:12:41.157Z</time>
			</trkpt>
			<trkpt lat="44.35361" lon="2.0468">
				<ele>273.7</ele>
				<time>2026-05-28T17:12:43.191Z</time>
			</trkpt>
			<trkpt lat="44.3535" lon="2.04715">
				<ele>278.15</ele>
				<time>2026-05-28T17:12:45.406Z</time>
			</trkpt>
			<trkpt lat="44.35283" lon="2.04807">
				<ele>271.06</ele>
				<time>2026-05-28T17:12:52.829Z</time>
			</trkpt>
			<trkpt lat="44.35279" lon="2.04829">
				<ele>269.48</ele>
				<time>2026-05-28T17:12:54.083Z</time>
			</trkpt>
			<trkpt lat="44.3528" lon="2.04854">
				<ele>268.19</ele>
				<time>2026-05-28T17:12:55.457Z</time>
			</trkpt>
			<trkpt lat="44.35293" lon="2.04873">
				<ele>270.26</ele>
				<time>2026-05-28T17:12:56.890Z</time>
			</trkpt>
			<trkpt lat="44.35308" lon="2.04889">
				<ele>271.8</ele>
				<time>2026-05-28T17:12:58.316Z</time>
			</trkpt>
			<trkpt lat="44.35339" lon="2.04906">
				<ele>276.1</ele>
				<time>2026-05-28T17:13:00.806Z</time>
			</trkpt>
			<trkpt lat="44.35395" lon="2.04932">
				<ele>275.97</ele>
				<time>2026-05-28T17:13:05.140Z</time>
			</trkpt>
			<trkpt lat="44.35439" lon="2.04934">
				<ele>277.35</ele>
				<time>2026-05-28T17:13:08.307Z</time>
			</trkpt>
			<trkpt lat="44.35556" lon="2.04915">
				<ele>272.53</ele>
				<time>2026-05-28T17:13:16.520Z</time>
			</trkpt>
			<trkpt lat="44.35577" lon="2.04907">
				<ele>275.12</ele>
				<time>2026-05-28T17:13:17.998Z</time>
			</trkpt>
			<trkpt lat="44.3559" lon="2.04896">
				<ele>277.13</ele>
				<time>2026-05-28T17:13:19.023Z</time>
			</trkpt>
			<trkpt lat="44.35607" lon="2.0487">
				<ele>283.37</ele>
				<time>2026-05-28T17:13:20.708Z</time>
			</trkpt>
			<trkpt lat="44.35628" lon="2.04852">
				<ele>291.18</ele>
				<time>2026-05-28T17:13:22.341Z</time>
			</trkpt>
			<trkpt lat="44.35649" lon="2.04847">
				<ele>293.92</ele>
				<time>2026-05-28T17:13:23.742Z</time>
			</trkpt>
			<trkpt lat="44.35673" lon="2.04861">
				<ele>290.08</ele>
				<time>2026-05-28T17:13:25.437Z</time>
			</trkpt>
			<trkpt lat="44.35692" lon="2.04885">
				<ele>285.66</ele>
				<time>2026-05-28T17:13:27.090Z</time>
			</trkpt>
			<trkpt lat="44.35705" lon="2.04923">
				<ele>282.05</ele>
				<time>2026-05-28T17:13:29.016Z</time>
			</trkpt>
			<trkpt lat="44.35716" lon="2.04967">
				<ele>278.6</ele>
				<time>2026-05-28T17:13:31.124Z</time>
			</trkpt>
			<trkpt lat="44.35728" lon="2.05055">
				<ele>272.67</ele>
				<time>2026-05-28T17:13:35.107Z</time>
			</trkpt>
			<trkpt lat="44.35735" lon="2.05083">
				<ele>272.2</ele>
				<time>2026-05-28T17:13:36.407Z</time>
			</trkpt>
			<trkpt lat="44.35745" lon="2.0511">
				<ele>275.76</ele>
				<time>2026-05-28T17:13:37.731Z</time>
			</trkpt>
			<trkpt lat="44.35777" lon="2.05154">
				<ele>279.27</ele>
				<time>2026-05-28T17:13:40.433Z</time>
			</trkpt>
			<trkpt lat="44.35835" lon="2.05209">
				<ele>279.34</ele>
				<time>2026-05-28T17:13:44.577Z</time>
			</trkpt>
			<trkpt lat="44.35866" lon="2.05223">
				<ele>275.85</ele>
				<time>2026-05-28T17:13:46.473Z</time>
			</trkpt>
			<trkpt lat="44.35888" lon="2.05222">
				<ele>272.91</ele>
				<time>2026-05-28T17:13:47.744Z</time>
			</trkpt>
			<trkpt lat="44.35898" lon="2.05212">
				<ele>273.55</ele>
				<time>2026-05-28T17:13:48.450Z</time>
			</trkpt>
			<trkpt lat="44.35904" lon="2.05194">
				<ele>275.6</ele>
				<time>2026-05-28T17:13:49.263Z</time>
			</trkpt>
			<trkpt lat="44.35908" lon="2.05169">
				<ele>280.44</ele>
				<time>2026-05-28T17:13:50.307Z</time>
			</trkpt>
			<trkpt lat="44.35914" lon="2.05148">
				<ele>285.33</ele>
				<time>2026-05-28T17:13:51.223Z</time>
			</trkpt>
			<trkpt lat="44.35932" lon="2.05103">
				<ele>289.47</ele>
				<time>2026-05-28T17:13:53.299Z</time>
			</trkpt>
			<trkpt lat="44.35968" lon="2.05032">
				<ele>291.12</ele>
				<time>2026-05-28T17:13:56.756Z</time>
			</trkpt>
			<trkpt lat="44.35984" lon="2.05018">
				<ele>296.21</ele>
				<time>2026-05-28T17:13:57.794Z</time>
			</trkpt>
			<trkpt lat="44.35999" lon="2.05014">
				<ele>297.48</ele>
				<time>2026-05-28T17:13:58.630Z</time>
			</trkpt>
			<trkpt lat="44.36021" lon="2.05017">
				<ele>297.61</ele>
				<time>2026-05-28T17:13:59.835Z</time>
			</trkpt>
			<trkpt lat="44.36039" lon="2.05029">
				<ele>295.59</ele>
				<time>2026-05-28T17:14:00.917Z</time>
			</trkpt>
			<trkpt lat="44.36075" lon="2.05079">
				<ele>284.57</ele>
				<time>2026-05-28T17:14:03.647Z</time>
			</trkpt>
			<trkpt lat="44.36116" lon="2.05161">
				<ele>279.43</ele>
				<time>2026-05-28T17:14:07.447Z</time>
			</trkpt>
			<trkpt lat="44.36132" lon="2.05179">
				<ele>281.2</ele>
				<time>2026-05-28T17:14:08.528Z</time>
			</trkpt>
			<trkpt lat="44.36179" lon="2.05191">
				<ele>289.79</ele>
				<time>2026-05-28T17:14:11.026Z</time>
			</trkpt>
			<trkpt lat="44.36205" lon="2.05207">
				<ele>289.6</ele>
				<time>2026-05-28T17:14:12.502Z</time>
			</trkpt>
			<trkpt lat="44.3629" lon="2.05266">
				<ele>286.09</ele>
				<time>2026-05-28T17:14:17.385Z</time>
			</trkpt>
			<trkpt lat="44.3633" lon="2.05299">
				<ele>287.82</ele>
				<time>2026-05-28T17:14:19.752Z</time>
			</trkpt>
			<trkpt lat="44.36368" lon="2.05341">
				<ele>284.43</ele>
				<time>2026-05-28T17:14:22.207Z</time>
			</trkpt>
			<trkpt lat="44.3639" lon="2.05352">
				<ele>285.4</ele>
				<time>2026-05-28T17:14:23.387Z</time>
			</trkpt>
			<trkpt lat="44.36413" lon="2.05359">
				<ele>284.32</ele>
				<time>2026-05-28T17:14:24.573Z</time>
			</trkpt>
			<trkpt lat="44.36437" lon="2.05355">
				<ele>284.42</ele>
				<time>2026-05-28T17:14:25.789Z</time>
			</trkpt>
			<trkpt lat="44.36467" lon="2.05334">
				<ele>288.39</ele>
				<time>2026-05-28T17:14:27.473Z</time>
			</trkpt>
			<trkpt lat="44.36492" lon="2.0531">
				<ele>290.88</ele>
				<time>2026-05-28T17:14:28.992Z</time>
			</trkpt>
			<trkpt lat="44.36575" lon="2.05203">
				<ele>287</ele>
				<time>2026-05-28T17:14:34.629Z</time>
			</trkpt>
			<trkpt lat="44.36593" lon="2.05168">
				<ele>289.37</ele>
				<time>2026-05-28T17:14:36.166Z</time>
			</trkpt>
			<trkpt lat="44.36646" lon="2.05027">
				<ele>288.09</ele>
				<time>2026-05-28T17:14:41.851Z</time>
			</trkpt>
			<trkpt lat="44.36663" lon="2.05004">
				<ele>286.3</ele>
				<time>2026-05-28T17:14:43.034Z</time>
			</trkpt>
			<trkpt lat="44.36679" lon="2.04989">
				<ele>287.06</ele>
				<time>2026-05-28T17:14:43.998Z</time>
			</trkpt>
			<trkpt lat="44.36699" lon="2.04979">
				<ele>288.36</ele>
				<time>2026-05-28T17:14:45.063Z</time>
			</trkpt>
			<trkpt lat="44.36737" lon="2.04971">
				<ele>289.78</ele>
				<time>2026-05-28T17:14:46.994Z</time>
			</trkpt>
			<trkpt lat="44.36767" lon="2.04969">
				<ele>289.72</ele>
				<time>2026-05-28T17:14:48.507Z</time>
			</trkpt>
			<trkpt lat="44.3682" lon="2.04979">
				<ele>284.3</ele>
				<time>2026-05-28T17:14:51.211Z</time>
			</trkpt>
			<trkpt lat="44.36844" lon="2.0498">
				<ele>284.1</ele>
				<time>2026-05-28T17:14:52.430Z</time>
			</trkpt>
			<trkpt lat="44.36892" lon="2.04967">
				<ele>287.26</ele>
				<time>2026-05-28T17:14:54.923Z</time>
			</trkpt>
			<trkpt lat="44.36907" lon="2.0496">
				<ele>286.72</ele>
				<time>2026-05-28T17:14:55.733Z</time>
			</trkpt>
			<trkpt lat="44.3692" lon="2.0495">
				<ele>286.43</ele>
				<time>2026-05-28T17:14:56.494Z</time>
			</trkpt>
			<trkpt lat="44.36931" lon="2.04937">
				<ele>286.13</ele>
				<time>2026-05-28T17:14:57.235Z</time>
			</trkpt>
			<trkpt lat="44.36963" lon="2.04884">
				<ele>288.28</ele>
				<time>2026-05-28T17:14:59.798Z</time>
			</trkpt>
			<trkpt lat="44.36974" lon="2.04857">
				<ele>287.64</ele>
				<time>2026-05-28T17:15:00.952Z</time>
			</trkpt>
			<trkpt lat="44.36981" lon="2.04832">
				<ele>287.82</ele>
				<time>2026-05-28T17:15:01.953Z</time>
			</trkpt>
			<trkpt lat="44.3699" lon="2.04783">
				<ele>290.97</ele>
				<time>2026-05-28T17:15:03.849Z</time>
			</trkpt>
			<trkpt lat="44.37" lon="2.04746">
				<ele>291.98</ele>
				<time>2026-05-28T17:15:05.341Z</time>
			</trkpt>
			<trkpt lat="44.37022" lon="2.04705">
				<ele>286.86</ele>
				<time>2026-05-28T17:15:07.286Z</time>
			</trkpt>
			<trkpt lat="44.37062" lon="2.04656">
				<ele>283.4</ele>
				<time>2026-05-28T17:15:10.135Z</time>
			</trkpt>
			<trkpt lat="44.37197" lon="2.04504">
				<ele>284.1</ele>
				<time>2026-05-28T17:15:19.673Z</time>
			</trkpt>
			<trkpt lat="44.37228" lon="2.04475">
				<ele>288.37</ele>
				<time>2026-05-28T17:15:21.782Z</time>
			</trkpt>
			<trkpt lat="44.37263" lon="2.04453">
				<ele>290.83</ele>
				<time>2026-05-28T17:15:23.976Z</time>
			</trkpt>
			<trkpt lat="44.37323" lon="2.04423">
				<ele>291.91</ele>
				<time>2026-05-28T17:15:27.672Z</time>
			</trkpt>
			<trkpt lat="44.37348" lon="2.04416">
				<ele>290.43</ele>
				<time>2026-05-28T17:15:29.171Z</time>
			</trkpt>
			<trkpt lat="44.37396" lon="2.0441">
				<ele>288.67</ele>
				<time>2026-05-28T17:15:32.037Z</time>
			</trkpt>
			<trkpt lat="44.37416" lon="2.04401">
				<ele>289.66</ele>
				<time>2026-05-28T17:15:33.301Z</time>
			</trkpt>
			<trkpt lat="44.37555" lon="2.04314">
				<ele>286.33</ele>
				<time>2026-05-28T17:15:42.724Z</time>
			</trkpt>
			<trkpt lat="44.37619" lon="2.0428">
				<ele>288.43</ele>
				<time>2026-05-28T17:15:47.125Z</time>
			</trkpt>
			<trkpt lat="44.37818" lon="2.04217">
				<ele>291.27</ele>
				<time>2026-05-28T17:16:00.918Z</time>
			</trkpt>
			<trkpt lat="44.37868" lon="2.04203">
				<ele>287.95</ele>
				<time>2026-05-28T17:16:04.535Z</time>
			</trkpt>
			<trkpt lat="44.3794" lon="2.04154">
				<ele>288.26</ele>
				<time>2026-05-28T17:16:10.364Z</time>
			</trkpt>
			<trkpt lat="44.37993" lon="2.04101">
				<ele>288.58</ele>
				<time>2026-05-28T17:16:15.246Z</time>
			</trkpt>
			<trkpt lat="44.38014" lon="2.04086">
				<ele>289.81</ele>
				<time>2026-05-28T17:16:17.045Z</time>
			</trkpt>
			<trkpt lat="44.38042" lon="2.04076">
				<ele>290.75</ele>
				<time>2026-05-28T17:16:19.274Z</time>
			</trkpt>
			<trkpt lat="44.38066" lon="2.04059">
				<ele>292.24</ele>
				<time>2026-05-28T17:16:21.372Z</time>
			</trkpt>
			<trkpt lat="44.38078" lon="2.04038">
				<ele>292.84</ele>
				<time>2026-05-28T17:16:22.885Z</time>
			</trkpt>
			<trkpt lat="44.38086" lon="2.04021">
				<ele>293.12</ele>
				<time>2026-05-28T17:16:24.039Z</time>
			</trkpt>
			<trkpt lat="44.38093" lon="2.04001">
				<ele>293.35</ele>
				<time>2026-05-28T17:16:25.309Z</time>
			</trkpt>
			<trkpt lat="44.38104" lon="2.03979">
				<ele>293</ele>
				<time>2026-05-28T17:16:26.851Z</time>
			</trkpt>
			<trkpt lat="44.38111" lon="2.03977">
				<ele>293.18</ele>
				<time>2026-05-28T17:16:27.428Z</time>
			</trkpt>
			<trkpt lat="44.38132" lon="2.03986">
				<ele>293.88</ele>
				<time>2026-05-28T17:16:29.214Z</time>
			</trkpt>
			<trkpt lat="44.3817" lon="2.04026">
				<ele>292.77</ele>
				<time>2026-05-28T17:16:33.136Z</time>
			</trkpt>
			<trkpt lat="44.38195" lon="2.04048">
				<ele>289.54</ele>
				<time>2026-05-28T17:16:35.621Z</time>
			</trkpt>
			<trkpt lat="44.38308" lon="2.04127">
				<ele>289.29</ele>
				<time>2026-05-28T17:16:47.210Z</time>
			</trkpt>
			<trkpt lat="44.38355" lon="2.04162">
				<ele>288.81</ele>
				<time>2026-05-28T17:16:52.497Z</time>
			</trkpt>
			<trkpt lat="44.38372" lon="2.04172">
				<ele>289.22</ele>
				<time>2026-05-28T17:16:54.373Z</time>
			</trkpt>
			<trkpt lat="44.38394" lon="2.04179">
				<ele>289.61</ele>
				<time>2026-05-28T17:16:56.696Z</time>
			</trkpt>
			<trkpt lat="44.38676" lon="2.0421">
				<ele>291.73</ele>
				<time>2026-05-28T17:17:27.244Z</time>
			</trkpt>
			<trkpt lat="44.38731" lon="2.04216">
				<ele>291.47</ele>
				<time>2026-05-28T17:17:33.231Z</time>
			</trkpt>
			<trkpt lat="44.38893" lon="2.04228">
				<ele>292.42</ele>
				<time>2026-05-28T17:17:50.161Z</time>
			</trkpt>
			<trkpt lat="44.38894" lon="2.0424">
				<ele>293.19</ele>
				<time>2026-05-28T17:17:51.020Z</time>
			</trkpt>
			<trkpt lat="44.38899" lon="2.0425">
				<ele>293.7</ele>
				<time>2026-05-28T17:17:51.883Z</time>
			</trkpt>
			<trkpt lat="44.38907" lon="2.04261">
				<ele>294.27</ele>
				<time>2026-05-28T17:17:52.983Z</time>
			</trkpt>
			<trkpt lat="44.38961" lon="2.04295">
				<ele>294.09</ele>
				<time>2026-05-28T17:17:58.625Z</time>
			</trkpt>
			<trkpt lat="44.3898" lon="2.04304">
				<ele>293.98</ele>
				<time>2026-05-28T17:18:00.477Z</time>
			</trkpt>
			<trkpt lat="44.38997" lon="2.0431">
				<ele>294.01</ele>
				<time>2026-05-28T17:18:02.092Z</time>
			</trkpt>
			<trkpt lat="44.39054" lon="2.0431">
				<ele>295.91</ele>
				<time>2026-05-28T17:18:07.322Z</time>
			</trkpt>
			<trkpt lat="44.3907" lon="2.04316">
				<ele>298.18</ele>
				<time>2026-05-28T17:18:08.836Z</time>
			</trkpt>
			<trkpt lat="44.39083" lon="2.04326">
				<ele>300</ele>
				<time>2026-05-28T17:18:10.190Z</time>
			</trkpt>
			<trkpt lat="44.39098" lon="2.04346">
				<ele>303.03</ele>
				<time>2026-05-28T17:18:12.077Z</time>
			</trkpt>
			<trkpt lat="44.39125" lon="2.044">
				<ele>304.74</ele>
				<time>2026-05-28T17:18:16.353Z</time>
			</trkpt>
			<trkpt lat="44.3916" lon="2.04477">
				<ele>299.81</ele>
				<time>2026-05-28T17:18:22.239Z</time>
			</trkpt>
			<trkpt lat="44.39169" lon="2.04505">
				<ele>300.45</ele>
				<time>2026-05-28T17:18:24.211Z</time>
			</trkpt>
			<trkpt lat="44.39173" lon="2.04537">
				<ele>302.28</ele>
				<time>2026-05-28T17:18:26.293Z</time>
			</trkpt>
			<trkpt lat="44.39169" lon="2.04615">
				<ele>302.94</ele>
				<time>2026-05-28T17:18:31.284Z</time>
			</trkpt>
			<trkpt lat="44.39171" lon="2.04629">
				<ele>302.6</ele>
				<time>2026-05-28T17:18:32.192Z</time>
			</trkpt>
			<trkpt lat="44.39178" lon="2.04648">
				<ele>302.54</ele>
				<time>2026-05-28T17:18:33.551Z</time>
			</trkpt>
			<trkpt lat="44.3919" lon="2.04661">
				<ele>302.3</ele>
				<time>2026-05-28T17:18:34.898Z</time>
			</trkpt>
			<trkpt lat="44.39202" lon="2.0467">
				<ele>302.98</ele>
				<time>2026-05-28T17:18:36.105Z</time>
			</trkpt>
			<trkpt lat="44.39218" lon="2.04671">
				<ele>304.57</ele>
				<time>2026-05-28T17:18:37.523Z</time>
			</trkpt>
			<trkpt lat="44.39245" lon="2.04666">
				<ele>304.98</ele>
				<time>2026-05-28T17:18:39.930Z</time>
			</trkpt>
			<trkpt lat="44.39269" lon="2.04659">
				<ele>303.14</ele>
				<time>2026-05-28T17:18:42.091Z</time>
			</trkpt>
			<trkpt lat="44.393" lon="2.04648">
				<ele>300.88</ele>
				<time>2026-05-28T17:18:44.902Z</time>
			</trkpt>
			<trkpt lat="44.39343" lon="2.04639">
				<ele>300.17</ele>
				<time>2026-05-28T17:18:48.710Z</time>
			</trkpt>
			<trkpt lat="44.39364" lon="2.04639">
				<ele>302.16</ele>
				<time>2026-05-28T17:18:50.544Z</time>
			</trkpt>
			<trkpt lat="44.39382" lon="2.04642">
				<ele>303.38</ele>
				<time>2026-05-28T17:18:52.124Z</time>
			</trkpt>
			<trkpt lat="44.39399" lon="2.04648">
				<ele>305.28</ele>
				<time>2026-05-28T17:18:53.650Z</time>
			</trkpt>
			<trkpt lat="44.39417" lon="2.04662">
				<ele>307.51</ele>
				<time>2026-05-28T17:18:55.439Z</time>
			</trkpt>
			<trkpt lat="44.39444" lon="2.04692">
				<ele>307.86</ele>
				<time>2026-05-28T17:18:58.426Z</time>
			</trkpt>
			<trkpt lat="44.39486" lon="2.04748">
				<ele>302.95</ele>
				<time>2026-05-28T17:19:03.432Z</time>
			</trkpt>
			<trkpt lat="44.39509" lon="2.04796">
				<ele>301.53</ele>
				<time>2026-05-28T17:19:06.980Z</time>
			</trkpt>
			<trkpt lat="44.39525" lon="2.0482">
				<ele>302.67</ele>
				<time>2026-05-28T17:19:08.989Z</time>
			</trkpt>
			<trkpt lat="44.39567" lon="2.04855">
				<ele>303.28</ele>
				<time>2026-05-28T17:19:13.164Z</time>
			</trkpt>
			<trkpt lat="44.39581" lon="2.04876">
				<ele>302.78</ele>
				<time>2026-05-28T17:19:14.911Z</time>
			</trkpt>
			<trkpt lat="44.39601" lon="2.04913">
				<ele>302.26</ele>
				<time>2026-05-28T17:19:17.727Z</time>
			</trkpt>
			<trkpt lat="44.3962" lon="2.04943">
				<ele>301</ele>
				<time>2026-05-28T17:19:20.154Z</time>
			</trkpt>
			<trkpt lat="44.39726" lon="2.05084">
				<ele>305.59</ele>
				<time>2026-05-28T17:19:32.454Z</time>
			</trkpt>
			<trkpt lat="44.39738" lon="2.05104">
				<ele>304.94</ele>
				<time>2026-05-28T17:19:34.013Z</time>
			</trkpt>
			<trkpt lat="44.39751" lon="2.05144">
				<ele>304.08</ele>
				<time>2026-05-28T17:19:36.631Z</time>
			</trkpt>
			<trkpt lat="44.39761" lon="2.0516">
				<ele>303.48</ele>
				<time>2026-05-28T17:19:37.895Z</time>
			</trkpt>
			<trkpt lat="44.39879" lon="2.05273">
				<ele>307.23</ele>
				<time>2026-05-28T17:19:49.722Z</time>
			</trkpt>
			<trkpt lat="44.39945" lon="2.05352">
				<ele>305.62</ele>
				<time>2026-05-28T17:19:56.844Z</time>
			</trkpt>
			<trkpt lat="44.4001" lon="2.05434">
				<ele>311.67</ele>
				<time>2026-05-28T17:20:03.975Z</time>
			</trkpt>
			<trkpt lat="44.40078" lon="2.05501">
				<ele>309.45</ele>
				<time>2026-05-28T17:20:10.713Z</time>
			</trkpt>
			<trkpt lat="44.40112" lon="2.05516">
				<ele>308.02</ele>
				<time>2026-05-28T17:20:13.589Z</time>
			</trkpt>
			<trkpt lat="44.40127" lon="2.05519">
				<ele>308.41</ele>
				<time>2026-05-28T17:20:14.810Z</time>
			</trkpt>
			<trkpt lat="44.40156" lon="2.05519">
				<ele>308.27</ele>
				<time>2026-05-28T17:20:17.142Z</time>
			</trkpt>
			<trkpt lat="44.40198" lon="2.0553">
				<ele>308.9</ele>
				<time>2026-05-28T17:20:20.572Z</time>
			</trkpt>
			<trkpt lat="44.40224" lon="2.05544">
				<ele>308.66</ele>
				<time>2026-05-28T17:20:22.802Z</time>
			</trkpt>
			<trkpt lat="44.40245" lon="2.05559">
				<ele>308.75</ele>
				<time>2026-05-28T17:20:24.687Z</time>
			</trkpt>
			<trkpt lat="44.40272" lon="2.05575">
				<ele>309.56</ele>
				<time>2026-05-28T17:20:27.028Z</time>
			</trkpt>
			<trkpt lat="44.40325" lon="2.05592">
				<ele>310.17</ele>
				<time>2026-05-28T17:20:31.357Z</time>
			</trkpt>
			<trkpt lat="44.40368" lon="2.05611">
				<ele>309.48</ele>
				<time>2026-05-28T17:20:34.936Z</time>
			</trkpt>
			<trkpt lat="44.40405" lon="2.05631">
				<ele>309.18</ele>
				<time>2026-05-28T17:20:38.077Z</time>
			</trkpt>
			<trkpt lat="44.40441" lon="2.05655">
				<ele>309.66</ele>
				<time>2026-05-28T17:20:41.228Z</time>
			</trkpt>
			<trkpt lat="44.40476" lon="2.05671">
				<ele>309</ele>
				<time>2026-05-28T17:20:44.131Z</time>
			</trkpt>
			<trkpt lat="44.40544" lon="2.0568">
				<ele>309.58</ele>
				<time>2026-05-28T17:20:49.501Z</time>
			</trkpt>
			<trkpt lat="44.40564" lon="2.05685">
				<ele>310.33</ele>
				<time>2026-05-28T17:20:51.095Z</time>
			</trkpt>
			<trkpt lat="44.40582" lon="2.05694">
				<ele>311.01</ele>
				<time>2026-05-28T17:20:52.593Z</time>
			</trkpt>
			<trkpt lat="44.40604" lon="2.0571">
				<ele>311.24</ele>
				<time>2026-05-28T17:20:54.534Z</time>
			</trkpt>
			<trkpt lat="44.40653" lon="2.05732">
				<ele>310.95</ele>
				<time>2026-05-28T17:20:58.555Z</time>
			</trkpt>
			<trkpt lat="44.4075" lon="2.05752">
				<ele>313</ele>
				<time>2026-05-28T17:21:06.189Z</time>
			</trkpt>
			<trkpt lat="44.40816" lon="2.05779">
				<ele>317.01</ele>
				<time>2026-05-28T17:21:11.523Z</time>
			</trkpt>
			<trkpt lat="44.40834" lon="2.05795">
				<ele>317.58</ele>
				<time>2026-05-28T17:21:13.174Z</time>
			</trkpt>
			<trkpt lat="44.40866" lon="2.05838">
				<ele>316.61</ele>
				<time>2026-05-28T17:21:16.604Z</time>
			</trkpt>
			<trkpt lat="44.40945" lon="2.05884">
				<ele>316.88</ele>
				<time>2026-05-28T17:21:23.203Z</time>
			</trkpt>
			<trkpt lat="44.4096" lon="2.05896">
				<ele>317.69</ele>
				<time>2026-05-28T17:21:24.532Z</time>
			</trkpt>
			<trkpt lat="44.4097" lon="2.05912">
				<ele>317.98</ele>
				<time>2026-05-28T17:21:25.701Z</time>
			</trkpt>
			<trkpt lat="44.40974" lon="2.05938">
				<ele>318.82</ele>
				<time>2026-05-28T17:21:27.162Z</time>
			</trkpt>
			<trkpt lat="44.40974" lon="2.06019">
				<ele>319.9</ele>
				<time>2026-05-28T17:21:31.605Z</time>
			</trkpt>
			<trkpt lat="44.40981" lon="2.06056">
				<ele>320.71</ele>
				<time>2026-05-28T17:21:33.701Z</time>
			</trkpt>
			<trkpt lat="44.40997" lon="2.06103">
				<ele>321.9</ele>
				<time>2026-05-28T17:21:36.550Z</time>
			</trkpt>
			<trkpt lat="44.41021" lon="2.06143">
				<ele>322.95</ele>
				<time>2026-05-28T17:21:39.405Z</time>
			</trkpt>
			<trkpt lat="44.41044" lon="2.0617">
				<ele>321.27</ele>
				<time>2026-05-28T17:21:41.700Z</time>
			</trkpt>
			<trkpt lat="44.41062" lon="2.06179">
				<ele>320.4</ele>
				<time>2026-05-28T17:21:43.160Z</time>
			</trkpt>
			<trkpt lat="44.41079" lon="2.0618">
				<ele>320.07</ele>
				<time>2026-05-28T17:21:44.459Z</time>
			</trkpt>
			<trkpt lat="44.41091" lon="2.06174">
				<ele>320.76</ele>
				<time>2026-05-28T17:21:45.431Z</time>
			</trkpt>
			<trkpt lat="44.41132" lon="2.06136">
				<ele>325.47</ele>
				<time>2026-05-28T17:21:49.181Z</time>
			</trkpt>
			<trkpt lat="44.41169" lon="2.06097">
				<ele>327.57</ele>
				<time>2026-05-28T17:21:52.708Z</time>
			</trkpt>
			<trkpt lat="44.41179" lon="2.06094">
				<ele>327.45</ele>
				<time>2026-05-28T17:21:53.487Z</time>
			</trkpt>
			<trkpt lat="44.41246" lon="2.06096">
				<ele>328.45</ele>
				<time>2026-05-28T17:21:58.584Z</time>
			</trkpt>
			<trkpt lat="44.41286" lon="2.06091">
				<ele>326.63</ele>
				<time>2026-05-28T17:22:01.634Z</time>
			</trkpt>
			<trkpt lat="44.4137" lon="2.06105">
				<ele>324.54</ele>
				<time>2026-05-28T17:22:08.054Z</time>
			</trkpt>
			<trkpt lat="44.41502" lon="2.06123">
				<ele>327.98</ele>
				<time>2026-05-28T17:22:18.102Z</time>
			</trkpt>
			<trkpt lat="44.41616" lon="2.06168">
				<ele>333.08</ele>
				<time>2026-05-28T17:22:27.064Z</time>
			</trkpt>
			<trkpt lat="44.41716" lon="2.06204">
				<ele>334.13</ele>
				<time>2026-05-28T17:22:34.871Z</time>
			</trkpt>
			<trkpt lat="44.41754" lon="2.06207">
				<ele>332.81</ele>
				<time>2026-05-28T17:22:37.748Z</time>
			</trkpt>
			<trkpt lat="44.41798" lon="2.06207">
				<ele>332.35</ele>
				<time>2026-05-28T17:22:41.075Z</time>
			</trkpt>
			<trkpt lat="44.41816" lon="2.06203">
				<ele>332.92</ele>
				<time>2026-05-28T17:22:42.452Z</time>
			</trkpt>
			<trkpt lat="44.41857" lon="2.06177">
				<ele>332.09</ele>
				<time>2026-05-28T17:22:45.855Z</time>
			</trkpt>
			<trkpt lat="44.41875" lon="2.06172">
				<ele>332.16</ele>
				<time>2026-05-28T17:22:47.242Z</time>
			</trkpt>
			<trkpt lat="44.42019" lon="2.06213">
				<ele>334.18</ele>
				<time>2026-05-28T17:22:58.357Z</time>
			</trkpt>
			<trkpt lat="44.42099" lon="2.0624">
				<ele>333.5</ele>
				<time>2026-05-28T17:23:04.588Z</time>
			</trkpt>
			<trkpt lat="44.4212" lon="2.0626">
				<ele>333.87</ele>
				<time>2026-05-28T17:23:06.512Z</time>
			</trkpt>
			<trkpt lat="44.42152" lon="2.0628">
				<ele>333.82</ele>
				<time>2026-05-28T17:23:09.168Z</time>
			</trkpt>
			<trkpt lat="44.4217" lon="2.06282">
				<ele>333.79</ele>
				<time>2026-05-28T17:23:10.537Z</time>
			</trkpt>
			<trkpt lat="44.42186" lon="2.06277">
				<ele>334.4</ele>
				<time>2026-05-28T17:23:11.780Z</time>
			</trkpt>
			<trkpt lat="44.42193" lon="2.06265">
				<ele>334.91</ele>
				<time>2026-05-28T17:23:12.620Z</time>
			</trkpt>
			<trkpt lat="44.42195" lon="2.06251">
				<ele>335.04</ele>
				<time>2026-05-28T17:23:13.393Z</time>
			</trkpt>
			<trkpt lat="44.42201" lon="2.06238">
				<ele>336.09</ele>
				<time>2026-05-28T17:23:14.232Z</time>
			</trkpt>
			<trkpt lat="44.4221" lon="2.06234">
				<ele>336.67</ele>
				<time>2026-05-28T17:23:14.949Z</time>
			</trkpt>
			<trkpt lat="44.42225" lon="2.06238">
				<ele>337.18</ele>
				<time>2026-05-28T17:23:16.108Z</time>
			</trkpt>
			<trkpt lat="44.42243" lon="2.06239">
				<ele>339.11</ele>
				<time>2026-05-28T17:23:17.476Z</time>
			</trkpt>
			<trkpt lat="44.42265" lon="2.06236">
				<ele>341.08</ele>
				<time>2026-05-28T17:23:19.155Z</time>
			</trkpt>
			<trkpt lat="44.42299" lon="2.06225">
				<ele>343.35</ele>
				<time>2026-05-28T17:23:21.808Z</time>
			</trkpt>
			<trkpt lat="44.42376" lon="2.06216">
				<ele>341.71</ele>
				<time>2026-05-28T17:23:27.687Z</time>
			</trkpt>
			<trkpt lat="44.42422" lon="2.06207">
				<ele>339.33</ele>
				<time>2026-05-28T17:23:31.227Z</time>
			</trkpt>
			<trkpt lat="44.42437" lon="2.06208">
				<ele>340.14</ele>
				<time>2026-05-28T17:23:32.372Z</time>
			</trkpt>
			<trkpt lat="44.42483" lon="2.06223">
				<ele>339.94</ele>
				<time>2026-05-28T17:23:35.977Z</time>
			</trkpt>
			<trkpt lat="44.4254" lon="2.06245">
				<ele>338.3</ele>
				<time>2026-05-28T17:23:40.497Z</time>
			</trkpt>
			<trkpt lat="44.42562" lon="2.06259">
				<ele>338.14</ele>
				<time>2026-05-28T17:23:42.346Z</time>
			</trkpt>
			<trkpt lat="44.42584" lon="2.06262">
				<ele>339.53</ele>
				<time>2026-05-28T17:23:44.039Z</time>
			</trkpt>
			<trkpt lat="44.42619" lon="2.06258">
				<ele>339.71</ele>
				<time>2026-05-28T17:23:46.731Z</time>
			</trkpt>
			<trkpt lat="44.42634" lon="2.06259">
				<ele>339.16</ele>
				<time>2026-05-28T17:23:47.883Z</time>
			</trkpt>
			<trkpt lat="44.42704" lon="2.06305">
				<ele>344.13</ele>
				<time>2026-05-28T17:23:53.824Z</time>
			</trkpt>
			<trkpt lat="44.42762" lon="2.06355">
				<ele>346.68</ele>
				<time>2026-05-28T17:23:59.071Z</time>
			</trkpt>
			<trkpt lat="44.42865" lon="2.06434">
				<ele>346.42</ele>
				<time>2026-05-28T17:24:08.151Z</time>
			</trkpt>
			<trkpt lat="44.42918" lon="2.06469">
				<ele>344.19</ele>
				<time>2026-05-28T17:24:12.697Z</time>
			</trkpt>
			<trkpt lat="44.4295" lon="2.06438">
				<ele>345.56</ele>
				<time>2026-05-28T17:24:15.723Z</time>
			</trkpt>
			<trkpt lat="44.43018" lon="2.06388">
				<ele>344.36</ele>
				<time>2026-05-28T17:24:21.709Z</time>
			</trkpt>
			<trkpt lat="44.43043" lon="2.06361">
				<ele>346.51</ele>
				<time>2026-05-28T17:24:24.163Z</time>
			</trkpt>
			<trkpt lat="44.43079" lon="2.06316">
				<ele>353.26</ele>
				<time>2026-05-28T17:24:27.899Z</time>
			</trkpt>
			<trkpt lat="44.43138" lon="2.0623">
				<ele>357.16</ele>
				<time>2026-05-28T17:24:34.450Z</time>
			</trkpt>
			<trkpt lat="44.43175" lon="2.0618">
				<ele>359.55</ele>
				<time>2026-05-28T17:24:38.383Z</time>
			</trkpt>
			<trkpt lat="44.43198" lon="2.06133">
				<ele>362.16</ele>
				<time>2026-05-28T17:24:41.483Z</time>
			</trkpt>
			<trkpt lat="44.43207" lon="2.06098">
				<ele>361.3</ele>
				<time>2026-05-28T17:24:43.503Z</time>
			</trkpt>
			<trkpt lat="44.43206" lon="2.0608">
				<ele>361.85</ele>
				<time>2026-05-28T17:24:44.482Z</time>
			</trkpt>
			<trkpt lat="44.43198" lon="2.06061">
				<ele>363.23</ele>
				<time>2026-05-28T17:24:45.677Z</time>
			</trkpt>
			<trkpt lat="44.43184" lon="2.06036">
				<ele>362.97</ele>
				<time>2026-05-28T17:24:47.395Z</time>
			</trkpt>
			<trkpt lat="44.43118" lon="2.05785">
				<ele>367.87</ele>
				<time>2026-05-28T17:25:01.788Z</time>
			</trkpt>
			<trkpt lat="44.43116" lon="2.05758">
				<ele>369.9</ele>
				<time>2026-05-28T17:25:03.243Z</time>
			</trkpt>
			<trkpt lat="44.43124" lon="2.05735">
				<ele>371.39</ele>
				<time>2026-05-28T17:25:04.613Z</time>
			</trkpt>
			<trkpt lat="44.43155" lon="2.05656">
				<ele>377.77</ele>
				<time>2026-05-28T17:25:09.436Z</time>
			</trkpt>
			<trkpt lat="44.43186" lon="2.05592">
				<ele>380.27</ele>
				<time>2026-05-28T17:25:13.570Z</time>
			</trkpt>
			<trkpt lat="44.43202" lon="2.05579">
				<ele>380.16</ele>
				<time>2026-05-28T17:25:14.954Z</time>
			</trkpt>
			<trkpt lat="44.43222" lon="2.05567">
				<ele>380.72</ele>
				<time>2026-05-28T17:25:16.582Z</time>
			</trkpt>
			<trkpt lat="44.43234" lon="2.05547">
				<ele>382.72</ele>
				<time>2026-05-28T17:25:17.978Z</time>
			</trkpt>
			<trkpt lat="44.43242" lon="2.05513">
				<ele>387.93</ele>
				<time>2026-05-28T17:25:19.891Z</time>
			</trkpt>
			<trkpt lat="44.43255" lon="2.05487">
				<ele>391.91</ele>
				<time>2026-05-28T17:25:21.587Z</time>
			</trkpt>
			<trkpt lat="44.43275" lon="2.05464">
				<ele>393.75</ele>
				<time>2026-05-28T17:25:23.524Z</time>
			</trkpt>
			<trkpt lat="44.43286" lon="2.05442">
				<ele>395.21</ele>
				<time>2026-05-28T17:25:24.961Z</time>
			</trkpt>
			<trkpt lat="44.43299" lon="2.05393">
				<ele>397.13</ele>
				<time>2026-05-28T17:25:27.757Z</time>
			</trkpt>
			<trkpt lat="44.43312" lon="2.05375">
				<ele>397.37</ele>
				<time>2026-05-28T17:25:29.127Z</time>
			</trkpt>
			<trkpt lat="44.43347" lon="2.05358">
				<ele>397.86</ele>
				<time>2026-05-28T17:25:31.906Z</time>
			</trkpt>
			<trkpt lat="44.43384" lon="2.05337">
				<ele>398.76</ele>
				<time>2026-05-28T17:25:34.904Z</time>
			</trkpt>
			<trkpt lat="44.43397" lon="2.05324">
				<ele>399.11</ele>
				<time>2026-05-28T17:25:36.105Z</time>
			</trkpt>
			<trkpt lat="44.43435" lon="2.05249">
				<ele>404.31</ele>
				<time>2026-05-28T17:25:41.050Z</time>
			</trkpt>
			<trkpt lat="44.43453" lon="2.05208">
				<ele>406.16</ele>
				<time>2026-05-28T17:25:43.643Z</time>
			</trkpt>
			<trkpt lat="44.43467" lon="2.05186">
				<ele>406.65</ele>
				<time>2026-05-28T17:25:45.234Z</time>
			</trkpt>
			<trkpt lat="44.43489" lon="2.05175">
				<ele>408.01</ele>
				<time>2026-05-28T17:25:47.002Z</time>
			</trkpt>
			<trkpt lat="44.43538" lon="2.05156">
				<ele>411.72</ele>
				<time>2026-05-28T17:25:50.858Z</time>
			</trkpt>
			<trkpt lat="44.43558" lon="2.05141">
				<ele>412.78</ele>
				<time>2026-05-28T17:25:52.584Z</time>
			</trkpt>
			<trkpt lat="44.43614" lon="2.05062">
				<ele>412.75</ele>
				<time>2026-05-28T17:25:58.650Z</time>
			</trkpt>
			<trkpt lat="44.43711" lon="2.04915">
				<ele>417.95</ele>
				<time>2026-05-28T17:26:09.662Z</time>
			</trkpt>
			<trkpt lat="44.43745" lon="2.0485">
				<ele>416.17</ele>
				<time>2026-05-28T17:26:14.139Z</time>
			</trkpt>
			<trkpt lat="44.43756" lon="2.04824">
				<ele>417.45</ele>
				<time>2026-05-28T17:26:15.825Z</time>
			</trkpt>
			<trkpt lat="44.43781" lon="2.04748">
				<ele>419.05</ele>
				<time>2026-05-28T17:26:20.516Z</time>
			</trkpt>
			<trkpt lat="44.4379" lon="2.04714">
				<ele>418.01</ele>
				<time>2026-05-28T17:26:22.559Z</time>
			</trkpt>
			<trkpt lat="44.43795" lon="2.04682">
				<ele>416.14</ele>
				<time>2026-05-28T17:26:24.410Z</time>
			</trkpt>
			<trkpt lat="44.43798" lon="2.04589">
				<ele>412.76</ele>
				<time>2026-05-28T17:26:29.702Z</time>
			</trkpt>
			<trkpt lat="44.43801" lon="2.04559">
				<ele>412.85</ele>
				<time>2026-05-28T17:26:31.434Z</time>
			</trkpt>
			<trkpt lat="44.43807" lon="2.04536">
				<ele>413</ele>
				<time>2026-05-28T17:26:32.837Z</time>
			</trkpt>
			<trkpt lat="44.43823" lon="2.04495">
				<ele>413.81</ele>
				<time>2026-05-28T17:26:35.526Z</time>
			</trkpt>
			<trkpt lat="44.4383" lon="2.04489">
				<ele>414.24</ele>
				<time>2026-05-28T17:26:36.189Z</time>
			</trkpt>
			<trkpt lat="44.43836" lon="2.04489">
				<ele>414.03</ele>
				<time>2026-05-28T17:26:36.675Z</time>
			</trkpt>
			<trkpt lat="44.43839" lon="2.04455">
				<ele>415.28</ele>
				<time>2026-05-28T17:26:38.658Z</time>
			</trkpt>
			<trkpt lat="44.43846" lon="2.04423">
				<ele>416.29</ele>
				<time>2026-05-28T17:26:40.603Z</time>
			</trkpt>
			<trkpt lat="44.43857" lon="2.04384">
				<ele>416.39</ele>
				<time>2026-05-28T17:26:43.049Z</time>
			</trkpt>
			<trkpt lat="44.43878" lon="2.043">
				<ele>414.14</ele>
				<time>2026-05-28T17:26:48.231Z</time>
			</trkpt>
			<trkpt lat="44.43883" lon="2.04252">
				<ele>411.2</ele>
				<time>2026-05-28T17:26:51.007Z</time>
			</trkpt>
			<trkpt lat="44.43881" lon="2.04185">
				<ele>404.68</ele>
				<time>2026-05-28T17:26:54.803Z</time>
			</trkpt>
			<trkpt lat="44.43866" lon="2.03978">
				<ele>406.77</ele>
				<time>2026-05-28T17:27:06.545Z</time>
			</trkpt>
			<trkpt lat="44.43848" lon="2.03689">
				<ele>402.28</ele>
				<time>2026-05-28T17:27:23.985Z</time>
			</trkpt>
			<trkpt lat="44.43839" lon="2.03569">
				<ele>401.88</ele>
				<time>2026-05-28T17:27:32.042Z</time>
			</trkpt>
			<trkpt lat="44.43841" lon="2.03549">
				<ele>401.5</ele>
				<time>2026-05-28T17:27:33.454Z</time>
			</trkpt>
			<trkpt lat="44.43835" lon="2.03543">
				<ele>401.48</ele>
				<time>2026-05-28T17:27:34.184Z</time>
			</trkpt>
			<trkpt lat="44.4383" lon="2.03534">
				<ele>401.32</ele>
				<time>2026-05-28T17:27:34.996Z</time>
			</trkpt>
			<trkpt lat="44.43798" lon="2.03435">
				<ele>399.63</ele>
				<time>2026-05-28T17:27:43.085Z</time>
			</trkpt>
			<trkpt lat="44.43776" lon="2.03373">
				<ele>402.62</ele>
				<time>2026-05-28T17:27:49.154Z</time>
			</trkpt>
			<trkpt lat="44.43774" lon="2.03363">
				<ele>403.05</ele>
				<time>2026-05-28T17:27:50.170Z</time>
			</trkpt>
			<trkpt lat="44.4379" lon="2.03349">
				<ele>402.99</ele>
				<time>2026-05-28T17:27:52.815Z</time>
			</trkpt>
			<trkpt lat="44.43813" lon="2.03316">
				<ele>402.45</ele>
				<time>2026-05-28T17:27:57.449Z</time>
			</trkpt>
			<trkpt lat="44.43814" lon="2.03302">
				<ele>402.25</ele>
				<time>2026-05-28T17:27:58.819Z</time>
			</trkpt>
			<trkpt lat="44.43813" lon="2.03242">
				<ele>400.5</ele>
				<time>2026-05-28T17:28:04.079Z</time>
			</trkpt>
			<trkpt lat="44.43803" lon="2.03029">
				<ele>402.02</ele>
				<time>2026-05-28T17:28:19.253Z</time>
			</trkpt>
			<trkpt lat="44.43794" lon="2.03001">
				<ele>402.26</ele>
				<time>2026-05-28T17:28:21.417Z</time>
			</trkpt>
			<trkpt lat="44.43783" lon="2.02983">
				<ele>402.45</ele>
				<time>2026-05-28T17:28:23.107Z</time>
			</trkpt>
			<trkpt lat="44.438" lon="2.02937">
				<ele>398.71</ele>
				<time>2026-05-28T17:28:26.900Z</time>
			</trkpt>
			<trkpt lat="44.43825" lon="2.02881">
				<ele>394.45</ele>
				<time>2026-05-28T17:28:32.025Z</time>
			</trkpt>
			<trkpt lat="44.43853" lon="2.02825">
				<ele>390.9</ele>
				<time>2026-05-28T17:28:37.978Z</time>
			</trkpt>
			<trkpt lat="44.43863" lon="2.02783">
				<ele>389.1</ele>
				<time>2026-05-28T17:28:42.287Z</time>
			</trkpt>
			<trkpt lat="44.4388" lon="2.02779">
				<ele>388.35</ele>
				<time>2026-05-28T17:28:44.696Z</time>
			</trkpt>
			<trkpt lat="44.43899" lon="2.02777">
				<ele>387.27</ele>
				<time>2026-05-28T17:28:47.348Z</time>
			</trkpt>
			<trkpt lat="44.43912" lon="2.02779">
				<ele>386.4</ele>
				<time>2026-05-28T17:28:49.137Z</time>
			</trkpt>
			<trkpt lat="44.43924" lon="2.02784">
				<ele>385.87</ele>
				<time>2026-05-28T17:28:50.809Z</time>
			</trkpt>
			<trkpt lat="44.43946" lon="2.02797">
				<ele>384.95</ele>
				<time>2026-05-28T17:28:53.833Z</time>
			</trkpt>
			<trkpt lat="44.43952" lon="2.02782">
				<ele>384.95</ele>
				<time>2026-05-28T17:28:55.278Z</time>
			</trkpt>
			<trkpt lat="44.43992" lon="2.02723">
				<ele>380.59</ele>
				<time>2026-05-28T17:29:01.481Z</time>
			</trkpt>
			<trkpt lat="44.44006" lon="2.02683">
				<ele>378.19</ele>
				<time>2026-05-28T17:29:04.436Z</time>
			</trkpt>
			<trkpt lat="44.4401" lon="2.02653">
				<ele>378.42</ele>
				<time>2026-05-28T17:29:06.348Z</time>
			</trkpt>
			<trkpt lat="44.44012" lon="2.02574">
				<ele>376.96</ele>
				<time>2026-05-28T17:29:11.253Z</time>
			</trkpt>
			<trkpt lat="44.44031" lon="2.02495">
				<ele>374.89</ele>
				<time>2026-05-28T17:29:16.348Z</time>
			</trkpt>
			<trkpt lat="44.44043" lon="2.02454">
				<ele>375.71</ele>
				<time>2026-05-28T17:29:19.025Z</time>
			</trkpt>
			<trkpt lat="44.44053" lon="2.02437">
				<ele>375.35</ele>
				<time>2026-05-28T17:29:20.348Z</time>
			</trkpt>
			<trkpt lat="44.44216" lon="2.02368">
				<ele>365.31</ele>
				<time>2026-05-28T17:29:34.341Z</time>
			</trkpt>
			<trkpt lat="44.44261" lon="2.0236">
				<ele>365.98</ele>
				<time>2026-05-28T17:29:37.970Z</time>
			</trkpt>
			<trkpt lat="44.44341" lon="2.02336">
				<ele>368.32</ele>
				<time>2026-05-28T17:29:44.414Z</time>
			</trkpt>
			<trkpt lat="44.44527" lon="2.02303">
				<ele>361.94</ele>
				<time>2026-05-28T17:29:58.713Z</time>
			</trkpt>
			<trkpt lat="44.44588" lon="2.02273">
				<ele>361.01</ele>
				<time>2026-05-28T17:30:03.500Z</time>
			</trkpt>
			<trkpt lat="44.44639" lon="2.02242">
				<ele>360.5</ele>
				<time>2026-05-28T17:30:07.560Z</time>
			</trkpt>
			<trkpt lat="44.4473" lon="2.02181">
				<ele>363.45</ele>
				<time>2026-05-28T17:30:14.799Z</time>
			</trkpt>
			<trkpt lat="44.44823" lon="2.02113">
				<ele>366.25</ele>
				<time>2026-05-28T17:30:22.160Z</time>
			</trkpt>
			<trkpt lat="44.44928" lon="2.02043">
				<ele>369.73</ele>
				<time>2026-05-28T17:30:30.131Z</time>
			</trkpt>
			<trkpt lat="44.44983" lon="2.02017">
				<ele>369.62</ele>
				<time>2026-05-28T17:30:34.039Z</time>
			</trkpt>
			<trkpt lat="44.45026" lon="2.01994">
				<ele>369.95</ele>
				<time>2026-05-28T17:30:37.107Z</time>
			</trkpt>
			<trkpt lat="44.45045" lon="2.01983">
				<ele>371</ele>
				<time>2026-05-28T17:30:38.468Z</time>
			</trkpt>
			<trkpt lat="44.45095" lon="2.01945">
				<ele>372</ele>
				<time>2026-05-28T17:30:42.207Z</time>
			</trkpt>
			<trkpt lat="44.45144" lon="2.01914">
				<ele>370.72</ele>
				<time>2026-05-28T17:30:45.704Z</time>
			</trkpt>
			<trkpt lat="44.45206" lon="2.01884">
				<ele>370.51</ele>
				<time>2026-05-28T17:30:49.924Z</time>
			</trkpt>
			<trkpt lat="44.45226" lon="2.01868">
				<ele>371.04</ele>
				<time>2026-05-28T17:30:51.395Z</time>
			</trkpt>
			<trkpt lat="44.45251" lon="2.01838">
				<ele>371.12</ele>
				<time>2026-05-28T17:30:53.486Z</time>
			</trkpt>
			<trkpt lat="44.45276" lon="2.01799">
				<ele>371.75</ele>
				<time>2026-05-28T17:30:55.849Z</time>
			</trkpt>
			<trkpt lat="44.45364" lon="2.01683">
				<ele>369.49</ele>
				<time>2026-05-28T17:31:03.380Z</time>
			</trkpt>
			<trkpt lat="44.45532" lon="2.01509">
				<ele>361.76</ele>
				<time>2026-05-28T17:31:16.083Z</time>
			</trkpt>
			<trkpt lat="44.45548" lon="2.0149">
				<ele>361.75</ele>
				<time>2026-05-28T17:31:17.338Z</time>
			</trkpt>
			<trkpt lat="44.45561" lon="2.01462">
				<ele>361.22</ele>
				<time>2026-05-28T17:31:18.760Z</time>
			</trkpt>
			<trkpt lat="44.45578" lon="2.01424">
				<ele>361.08</ele>
				<time>2026-05-28T17:31:20.663Z</time>
			</trkpt>
			<trkpt lat="44.45611" lon="2.01356">
				<ele>356.54</ele>
				<time>2026-05-28T17:31:24.134Z</time>
			</trkpt>
			<trkpt lat="44.45627" lon="2.0133">
				<ele>355.66</ele>
				<time>2026-05-28T17:31:25.576Z</time>
			</trkpt>
			<trkpt lat="44.45689" lon="2.01258">
				<ele>350.73</ele>
				<time>2026-05-28T17:31:30.288Z</time>
			</trkpt>
			<trkpt lat="44.45812" lon="2.01106">
				<ele>339.7</ele>
				<time>2026-05-28T17:31:39.771Z</time>
			</trkpt>
			<trkpt lat="44.45913" lon="2.00989">
				<ele>346.58</ele>
				<time>2026-05-28T17:31:47.258Z</time>
			</trkpt>
			<trkpt lat="44.45945" lon="2.00939">
				<ele>345.87</ele>
				<time>2026-05-28T17:31:49.980Z</time>
			</trkpt>
			<trkpt lat="44.45987" lon="2.00797">
				<ele>342.94</ele>
				<time>2026-05-28T17:31:56.186Z</time>
			</trkpt>
			<trkpt lat="44.46009" lon="2.00742">
				<ele>343.24</ele>
				<time>2026-05-28T17:31:58.723Z</time>
			</trkpt>
			<trkpt lat="44.46045" lon="2.00692">
				<ele>344.72</ele>
				<time>2026-05-28T17:32:01.576Z</time>
			</trkpt>
			<trkpt lat="44.46117" lon="2.00602">
				<ele>344.76</ele>
				<time>2026-05-28T17:32:06.998Z</time>
			</trkpt>
			<trkpt lat="44.46147" lon="2.00556">
				<ele>344</ele>
				<time>2026-05-28T17:32:09.495Z</time>
			</trkpt>
			<trkpt lat="44.46231" lon="2.00358">
				<ele>341.95</ele>
				<time>2026-05-28T17:32:18.724Z</time>
			</trkpt>
			<trkpt lat="44.46286" lon="2.00238">
				<ele>336.85</ele>
				<time>2026-05-28T17:32:24.450Z</time>
			</trkpt>
			<trkpt lat="44.46326" lon="2.00161">
				<ele>331</ele>
				<time>2026-05-28T17:32:28.284Z</time>
			</trkpt>
			<trkpt lat="44.46373" lon="2.00105">
				<ele>328.24</ele>
				<time>2026-05-28T17:32:31.773Z</time>
			</trkpt>
			<trkpt lat="44.46436" lon="2.00038">
				<ele>326.29</ele>
				<time>2026-05-28T17:32:36.263Z</time>
			</trkpt>
			<trkpt lat="44.46503" lon="1.9995">
				<ele>326.76</ele>
				<time>2026-05-28T17:32:41.505Z</time>
			</trkpt>
			<trkpt lat="44.46561" lon="1.99917">
				<ele>326.05</ele>
				<time>2026-05-28T17:32:45.098Z</time>
			</trkpt>
			<trkpt lat="44.46585" lon="1.99901">
				<ele>324.92</ele>
				<time>2026-05-28T17:32:46.629Z</time>
			</trkpt>
			<trkpt lat="44.46625" lon="1.99829">
				<ele>322.9</ele>
				<time>2026-05-28T17:32:50.396Z</time>
			</trkpt>
			<trkpt lat="44.46664" lon="1.9977">
				<ele>321.68</ele>
				<time>2026-05-28T17:32:53.735Z</time>
			</trkpt>
			<trkpt lat="44.4669" lon="1.99753">
				<ele>321.13</ele>
				<time>2026-05-28T17:32:55.412Z</time>
			</trkpt>
			<trkpt lat="44.46898" lon="1.9966">
				<ele>321.42</ele>
				<time>2026-05-28T17:33:08.353Z</time>
			</trkpt>
			<trkpt lat="44.46942" lon="1.99632">
				<ele>319.76</ele>
				<time>2026-05-28T17:33:11.267Z</time>
			</trkpt>
			<trkpt lat="44.4703" lon="1.99567">
				<ele>321.41</ele>
				<time>2026-05-28T17:33:17.326Z</time>
			</trkpt>
			<trkpt lat="44.47091" lon="1.99512">
				<ele>318.88</ele>
				<time>2026-05-28T17:33:21.802Z</time>
			</trkpt>
			<trkpt lat="44.47134" lon="1.99466">
				<ele>319.84</ele>
				<time>2026-05-28T17:33:25.173Z</time>
			</trkpt>
			<trkpt lat="44.47173" lon="1.99409">
				<ele>321.18</ele>
				<time>2026-05-28T17:33:28.717Z</time>
			</trkpt>
			<trkpt lat="44.47202" lon="1.99348">
				<ele>321</ele>
				<time>2026-05-28T17:33:32.037Z</time>
			</trkpt>
			<trkpt lat="44.47243" lon="1.99227">
				<ele>319.75</ele>
				<time>2026-05-28T17:33:38.183Z</time>
			</trkpt>
			<trkpt lat="44.47276" lon="1.99135">
				<ele>318.85</ele>
				<time>2026-05-28T17:33:42.981Z</time>
			</trkpt>
			<trkpt lat="44.47343" lon="1.98984">
				<ele>318.7</ele>
				<time>2026-05-28T17:33:51.427Z</time>
			</trkpt>
			<trkpt lat="44.47377" lon="1.9888">
				<ele>316.68</ele>
				<time>2026-05-28T17:33:56.975Z</time>
			</trkpt>
			<trkpt lat="44.47407" lon="1.98794">
				<ele>312.91</ele>
				<time>2026-05-28T17:34:01.691Z</time>
			</trkpt>
			<trkpt lat="44.47465" lon="1.9871">
				<ele>309.59</ele>
				<time>2026-05-28T17:34:07.542Z</time>
			</trkpt>
			<trkpt lat="44.47525" lon="1.986">
				<ele>306.68</ele>
				<time>2026-05-28T17:34:14.611Z</time>
			</trkpt>
			<trkpt lat="44.47546" lon="1.98552">
				<ele>305</ele>
				<time>2026-05-28T17:34:17.531Z</time>
			</trkpt>
			<trkpt lat="44.47557" lon="1.98521">
				<ele>305.36</ele>
				<time>2026-05-28T17:34:19.340Z</time>
			</trkpt>
			<trkpt lat="44.47565" lon="1.98454">
				<ele>306.29</ele>
				<time>2026-05-28T17:34:22.919Z</time>
			</trkpt>
			<trkpt lat="44.4757" lon="1.98438">
				<ele>306.57</ele>
				<time>2026-05-28T17:34:23.845Z</time>
			</trkpt>
			<trkpt lat="44.47584" lon="1.98405">
				<ele>307.59</ele>
				<time>2026-05-28T17:34:25.891Z</time>
			</trkpt>
			<trkpt lat="44.47645" lon="1.98313">
				<ele>307.45</ele>
				<time>2026-05-28T17:34:32.677Z</time>
			</trkpt>
			<trkpt lat="44.47702" lon="1.9822">
				<ele>307.52</ele>
				<time>2026-05-28T17:34:39.442Z</time>
			</trkpt>
			<trkpt lat="44.47719" lon="1.98197">
				<ele>307.91</ele>
				<time>2026-05-28T17:34:41.294Z</time>
			</trkpt>
			<trkpt lat="44.47738" lon="1.98181">
				<ele>308.29</ele>
				<time>2026-05-28T17:34:43.041Z</time>
			</trkpt>
			<trkpt lat="44.47765" lon="1.98168">
				<ele>309.74</ele>
				<time>2026-05-28T17:34:45.305Z</time>
			</trkpt>
			<trkpt lat="44.47793" lon="1.9815">
				<ele>311.29</ele>
				<time>2026-05-28T17:34:47.766Z</time>
			</trkpt>
			<trkpt lat="44.4787" lon="1.98085">
				<ele>308.5</ele>
				<time>2026-05-28T17:34:55.055Z</time>
			</trkpt>
			<trkpt lat="44.47889" lon="1.98064">
				<ele>307.68</ele>
				<time>2026-05-28T17:34:57.045Z</time>
			</trkpt>
			<trkpt lat="44.47904" lon="1.98041">
				<ele>306.82</ele>
				<time>2026-05-28T17:34:58.884Z</time>
			</trkpt>
			<trkpt lat="44.47938" lon="1.97981">
				<ele>309.53</ele>
				<time>2026-05-28T17:35:03.450Z</time>
			</trkpt>
			<trkpt lat="44.47947" lon="1.97955">
				<ele>309.41</ele>
				<time>2026-05-28T17:35:05.189Z</time>
			</trkpt>
			<trkpt lat="44.4795" lon="1.97928">
				<ele>307.98</ele>
				<time>2026-05-28T17:35:06.842Z</time>
			</trkpt>
			<trkpt lat="44.47947" lon="1.97896">
				<ele>307.76</ele>
				<time>2026-05-28T17:35:08.804Z</time>
			</trkpt>
			<trkpt lat="44.47941" lon="1.97865">
				<ele>308.5</ele>
				<time>2026-05-28T17:35:10.769Z</time>
			</trkpt>
			<trkpt lat="44.47919" lon="1.9778">
				<ele>310.9</ele>
				<time>2026-05-28T17:35:16.361Z</time>
			</trkpt>
			<trkpt lat="44.47895" lon="1.97618">
				<ele>315</ele>
				<time>2026-05-28T17:35:26.840Z</time>
			</trkpt>
			<trkpt lat="44.47895" lon="1.97574">
				<ele>315.29</ele>
				<time>2026-05-28T17:35:29.681Z</time>
			</trkpt>
			<trkpt lat="44.47898" lon="1.97554">
				<ele>316.03</ele>
				<time>2026-05-28T17:35:31.008Z</time>
			</trkpt>
			<trkpt lat="44.4792" lon="1.97459">
				<ele>314.45</ele>
				<time>2026-05-28T17:35:37.570Z</time>
			</trkpt>
			<trkpt lat="44.47926" lon="1.97439">
				<ele>314</ele>
				<time>2026-05-28T17:35:39.011Z</time>
			</trkpt>
			<trkpt lat="44.48" lon="1.97287">
				<ele>313.35</ele>
				<time>2026-05-28T17:35:51.478Z</time>
			</trkpt>
			<trkpt lat="44.48018" lon="1.97236">
				<ele>314.02</ele>
				<time>2026-05-28T17:35:55.421Z</time>
			</trkpt>
			<trkpt lat="44.48027" lon="1.97225">
				<ele>314.1</ele>
				<time>2026-05-28T17:35:56.590Z</time>
			</trkpt>
			<trkpt lat="44.48038" lon="1.97216">
				<ele>314.04</ele>
				<time>2026-05-28T17:35:57.840Z</time>
			</trkpt>
			<trkpt lat="44.48065" lon="1.97198">
				<ele>314.47</ele>
				<time>2026-05-28T17:36:00.790Z</time>
			</trkpt>
			<trkpt lat="44.48059" lon="1.97112">
				<ele>314.94</ele>
				<time>2026-05-28T17:36:06.950Z</time>
			</trkpt>
			<trkpt lat="44.48059" lon="1.97043">
				<ele>312.57</ele>
				<time>2026-05-28T17:36:11.956Z</time>
			</trkpt>
			<trkpt lat="44.48065" lon="1.96979">
				<ele>311.72</ele>
				<time>2026-05-28T17:36:17.121Z</time>
			</trkpt>
			<trkpt lat="44.48068" lon="1.96898">
				<ele>310.54</ele>
				<time>2026-05-28T17:36:24.440Z</time>
			</trkpt>
			<trkpt lat="44.48071" lon="1.96886">
				<ele>310.52</ele>
				<time>2026-05-28T17:36:25.660Z</time>
			</trkpt>
			<trkpt lat="44.48081" lon="1.96864">
				<ele>310.96</ele>
				<time>2026-05-28T17:36:28.214Z</time>
			</trkpt>
			<trkpt lat="44.48104" lon="1.96822">
				<ele>312.55</ele>
				<time>2026-05-28T17:36:33.594Z</time>
			</trkpt>
			<trkpt lat="44.48119" lon="1.96785">
				<ele>311.29</ele>
				<time>2026-05-28T17:36:38.076Z</time>
			</trkpt>
			<trkpt lat="44.48124" lon="1.96764">
				<ele>309.97</ele>
				<time>2026-05-28T17:36:40.452Z</time>
			</trkpt>
			<trkpt lat="44.48126" lon="1.96735">
				<ele>308.57</ele>
				<time>2026-05-28T17:36:43.618Z</time>
			</trkpt>
			<trkpt lat="44.48123" lon="1.9662">
				<ele>309.14</ele>
				<time>2026-05-28T17:36:56.368Z</time>
			</trkpt>
			<trkpt lat="44.4812" lon="1.96592">
				<ele>309.35</ele>
				<time>2026-05-28T17:36:59.520Z</time>
			</trkpt>
			<trkpt lat="44.48111" lon="1.96561">
				<ele>309.97</ele>
				<time>2026-05-28T17:37:03.231Z</time>
			</trkpt>
			<trkpt lat="44.48099" lon="1.96529">
				<ele>310.69</ele>
				<time>2026-05-28T17:37:07.205Z</time>
			</trkpt>
			<trkpt lat="44.4809" lon="1.96498">
				<ele>311.23</ele>
				<time>2026-05-28T17:37:10.837Z</time>
			</trkpt>
			<trkpt lat="44.48082" lon="1.96463">
				<ele>311.13</ele>
				<time>2026-05-28T17:37:14.756Z</time>
			</trkpt>
			<trkpt lat="44.48075" lon="1.96375">
				<ele>308.79</ele>
				<time>2026-05-28T17:37:23.785Z</time>
			</trkpt>
			<trkpt lat="44.48073" lon="1.96364">
				<ele>308.46</ele>
				<time>2026-05-28T17:37:24.890Z</time>
			</trkpt>
			<trkpt lat="44.4809" lon="1.96353">
				<ele>307.78</ele>
				<time>2026-05-28T17:37:27.393Z</time>
			</trkpt>
			<trkpt lat="44.48111" lon="1.96328">
				<ele>306.99</ele>
				<time>2026-05-28T17:37:30.928Z</time>
			</trkpt>
			<trkpt lat="44.48127" lon="1.96305">
				<ele>305.82</ele>
				<time>2026-05-28T17:37:33.722Z</time>
			</trkpt>
			<trkpt lat="44.48146" lon="1.96268">
				<ele>303.45</ele>
				<time>2026-05-28T17:37:37.430Z</time>
			</trkpt>
			<trkpt lat="44.48175" lon="1.96238">
				<ele>298.83</ele>
				<time>2026-05-28T17:37:41.341Z</time>
			</trkpt>
			<trkpt lat="44.48191" lon="1.96228">
				<ele>296.73</ele>
				<time>2026-05-28T17:37:43.232Z</time>
			</trkpt>
			<trkpt lat="44.4821" lon="1.96224">
				<ele>295.55</ele>
				<time>2026-05-28T17:37:45.298Z</time>
			</trkpt>
			<trkpt lat="44.48224" lon="1.96224">
				<ele>295.15</ele>
				<time>2026-05-28T17:37:46.798Z</time>
			</trkpt>
			<trkpt lat="44.48255" lon="1.96231">
				<ele>294.8</ele>
				<time>2026-05-28T17:37:50.147Z</time>
			</trkpt>
			<trkpt lat="44.48265" lon="1.96229">
				<ele>293.71</ele>
				<time>2026-05-28T17:37:51.220Z</time>
			</trkpt>
			<trkpt lat="44.48276" lon="1.96224">
				<ele>292.27</ele>
				<time>2026-05-28T17:37:52.445Z</time>
			</trkpt>
			<trkpt lat="44.483" lon="1.96204">
				<ele>289.57</ele>
				<time>2026-05-28T17:37:55.392Z</time>
			</trkpt>
			<trkpt lat="44.48312" lon="1.962">
				<ele>288.2</ele>
				<time>2026-05-28T17:37:56.689Z</time>
			</trkpt>
			<trkpt lat="44.48324" lon="1.96199">
				<ele>286.57</ele>
				<time>2026-05-28T17:37:57.949Z</time>
			</trkpt>
			<trkpt lat="44.48338" lon="1.96203">
				<ele>284.77</ele>
				<time>2026-05-28T17:37:59.444Z</time>
			</trkpt>
			<trkpt lat="44.48361" lon="1.96216">
				<ele>281.86</ele>
				<time>2026-05-28T17:38:02.027Z</time>
			</trkpt>
			<trkpt lat="44.48372" lon="1.96219">
				<ele>282.11</ele>
				<time>2026-05-28T17:38:03.190Z</time>
			</trkpt>
			<trkpt lat="44.48383" lon="1.96218">
				<ele>281.52</ele>
				<time>2026-05-28T17:38:04.332Z</time>
			</trkpt>
			<trkpt lat="44.4839" lon="1.96214">
				<ele>280.86</ele>
				<time>2026-05-28T17:38:05.113Z</time>
			</trkpt>
			<trkpt lat="44.484" lon="1.96199">
				<ele>279.53</ele>
				<time>2026-05-28T17:38:06.624Z</time>
			</trkpt>
			<trkpt lat="44.48467" lon="1.95995">
				<ele>260.05</ele>
				<time>2026-05-28T17:38:22.865Z</time>
			</trkpt>
			<trkpt lat="44.48473" lon="1.95979">
				<ele>257.6</ele>
				<time>2026-05-28T17:38:24.150Z</time>
			</trkpt>
			<trkpt lat="44.48482" lon="1.95967">
				<ele>257.34</ele>
				<time>2026-05-28T17:38:25.384Z</time>
			</trkpt>
			<trkpt lat="44.48617" lon="1.95847">
				<ele>245.89</ele>
				<time>2026-05-28T17:38:41.009Z</time>
			</trkpt>
			<trkpt lat="44.48629" lon="1.9584">
				<ele>245.84</ele>
				<time>2026-05-28T17:38:42.259Z</time>
			</trkpt>
			<trkpt lat="44.48657" lon="1.9583">
				<ele>249.48</ele>
				<time>2026-05-28T17:38:45.025Z</time>
			</trkpt>
			<trkpt lat="44.48667" lon="1.95821">
				<ele>249.35</ele>
				<time>2026-05-28T17:38:46.158Z</time>
			</trkpt>
			<trkpt lat="44.48674" lon="1.95809">
				<ele>246.28</ele>
				<time>2026-05-28T17:38:47.210Z</time>
			</trkpt>
			<trkpt lat="44.48685" lon="1.9578">
				<ele>238.74</ele>
				<time>2026-05-28T17:38:49.433Z</time>
			</trkpt>
			<trkpt lat="44.48694" lon="1.95764">
				<ele>236.57</ele>
				<time>2026-05-28T17:38:50.807Z</time>
			</trkpt>
			<trkpt lat="44.48708" lon="1.95746">
				<ele>234.64</ele>
				<time>2026-05-28T17:38:52.596Z</time>
			</trkpt>
			<trkpt lat="44.48753" lon="1.95705">
				<ele>235.58</ele>
				<time>2026-05-28T17:38:57.618Z</time>
			</trkpt>
			<trkpt lat="44.4878" lon="1.95656">
				<ele>230.61</ele>
				<time>2026-05-28T17:39:01.714Z</time>
			</trkpt>
			<trkpt lat="44.48803" lon="1.95621">
				<ele>227.31</ele>
				<time>2026-05-28T17:39:04.839Z</time>
			</trkpt>
			<trkpt lat="44.48831" lon="1.95586">
				<ele>220.74</ele>
				<time>2026-05-28T17:39:08.270Z</time>
			</trkpt>
			<trkpt lat="44.48858" lon="1.95565">
				<ele>219.05</ele>
				<time>2026-05-28T17:39:11.077Z</time>
			</trkpt>
			<trkpt lat="44.48964" lon="1.9552">
				<ele>214</ele>
				<time>2026-05-28T17:39:21.016Z</time>
			</trkpt>
			<trkpt lat="44.49012" lon="1.95496">
				<ele>210.19</ele>
				<time>2026-05-28T17:39:25.524Z</time>
			</trkpt>
			<trkpt lat="44.49029" lon="1.95482">
				<ele>206.78</ele>
				<time>2026-05-28T17:39:27.257Z</time>
			</trkpt>
			<trkpt lat="44.49055" lon="1.95454">
				<ele>202.73</ele>
				<time>2026-05-28T17:39:30.127Z</time>
			</trkpt>
			<trkpt lat="44.49074" lon="1.95439">
				<ele>202.17</ele>
				<time>2026-05-28T17:39:32.026Z</time>
			</trkpt>
			<trkpt lat="44.49089" lon="1.9543">
				<ele>202.73</ele>
				<time>2026-05-28T17:39:33.443Z</time>
			</trkpt>
			<trkpt lat="44.49289" lon="1.95329">
				<ele>194.04</ele>
				<time>2026-05-28T17:39:51.550Z</time>
			</trkpt>
			<trkpt lat="44.49319" lon="1.9531">
				<ele>191.05</ele>
				<time>2026-05-28T17:39:54.298Z</time>
			</trkpt>
			<trkpt lat="44.49328" lon="1.95299">
				<ele>190.14</ele>
				<time>2026-05-28T17:39:55.291Z</time>
			</trkpt>
			<trkpt lat="44.49335" lon="1.95288">
				<ele>189.19</ele>
				<time>2026-05-28T17:39:56.164Z</time>
			</trkpt>
			<trkpt lat="44.49342" lon="1.95269">
				<ele>188.16</ele>
				<time>2026-05-28T17:39:57.428Z</time>
			</trkpt>
			<trkpt lat="44.49407" lon="1.95054">
				<ele>184.42</ele>
				<time>2026-05-28T17:40:11.040Z</time>
			</trkpt>
			<trkpt lat="44.49421" lon="1.95015">
				<ele>185.78</ele>
				<time>2026-05-28T17:40:13.548Z</time>
			</trkpt>
			<trkpt lat="44.49443" lon="1.94973">
				<ele>183.15</ele>
				<time>2026-05-28T17:40:16.525Z</time>
			</trkpt>
			<trkpt lat="44.49482" lon="1.94908">
				<ele>184.72</ele>
				<time>2026-05-28T17:40:21.345Z</time>
			</trkpt>
			<trkpt lat="44.49506" lon="1.94873">
				<ele>184.25</ele>
				<time>2026-05-28T17:40:24.082Z</time>
			</trkpt>
			<trkpt lat="44.49524" lon="1.94853">
				<ele>183.03</ele>
				<time>2026-05-28T17:40:25.889Z</time>
			</trkpt>
			<trkpt lat="44.49647" lon="1.94738">
				<ele>182.47</ele>
				<time>2026-05-28T17:40:37.393Z</time>
			</trkpt>
			<trkpt lat="44.49761" lon="1.94632">
				<ele>176.76</ele>
				<time>2026-05-28T17:40:47.847Z</time>
			</trkpt>
			<trkpt lat="44.49784" lon="1.9462">
				<ele>176.43</ele>
				<time>2026-05-28T17:40:49.704Z</time>
			</trkpt>
			<trkpt lat="44.49795" lon="1.94617">
				<ele>176.4</ele>
				<time>2026-05-28T17:40:50.550Z</time>
			</trkpt>
			<trkpt lat="44.49823" lon="1.94617">
				<ele>178.36</ele>
				<time>2026-05-28T17:40:52.660Z</time>
			</trkpt>
			<trkpt lat="44.49845" lon="1.94617">
				<ele>180</ele>
				<time>2026-05-28T17:40:54.313Z</time>
			</trkpt>
			<trkpt lat="44.49972" lon="1.94581">
				<ele>178.91</ele>
				<time>2026-05-28T17:41:03.968Z</time>
			</trkpt>
			<trkpt lat="44.5004" lon="1.94549">
				<ele>177.63</ele>
				<time>2026-05-28T17:41:09.258Z</time>
			</trkpt>
			<trkpt lat="44.50278" lon="1.94456">
				<ele>180.29</ele>
				<time>2026-05-28T17:41:27.214Z</time>
			</trkpt>
			<trkpt lat="44.50284" lon="1.94455">
				<ele>180.37</ele>
				<time>2026-05-28T17:41:27.648Z</time>
			</trkpt>
			<trkpt lat="44.50304" lon="1.94461">
				<ele>181.2</ele>
				<time>2026-05-28T17:41:29.117Z</time>
			</trkpt>
			<trkpt lat="44.50347" lon="1.94477">
				<ele>180.3</ele>
				<time>2026-05-28T17:41:32.306Z</time>
			</trkpt>
			<trkpt lat="44.50369" lon="1.94481">
				<ele>182.35</ele>
				<time>2026-05-28T17:41:33.892Z</time>
			</trkpt>
			<trkpt lat="44.50604" lon="1.94455">
				<ele>185.38</ele>
				<time>2026-05-28T17:41:50.609Z</time>
			</trkpt>
			<trkpt lat="44.50629" lon="1.94449">
				<ele>183.38</ele>
				<time>2026-05-28T17:41:52.395Z</time>
			</trkpt>
			<trkpt lat="44.50735" lon="1.94415">
				<ele>181.82</ele>
				<time>2026-05-28T17:42:00.029Z</time>
			</trkpt>
			<trkpt lat="44.50767" lon="1.944">
				<ele>178.94</ele>
				<time>2026-05-28T17:42:02.391Z</time>
			</trkpt>
			<trkpt lat="44.50789" lon="1.94393">
				<ele>177.58</ele>
				<time>2026-05-28T17:42:03.969Z</time>
			</trkpt>
			<trkpt lat="44.50887" lon="1.94377">
				<ele>177.4</ele>
				<time>2026-05-28T17:42:10.858Z</time>
			</trkpt>
			<trkpt lat="44.50894" lon="1.94379">
				<ele>177.64</ele>
				<time>2026-05-28T17:42:11.356Z</time>
			</trkpt>
			<trkpt lat="44.50923" lon="1.94396">
				<ele>179.55</ele>
				<time>2026-05-28T17:42:13.546Z</time>
			</trkpt>
			<trkpt lat="44.50936" lon="1.94407">
				<ele>180.24</ele>
				<time>2026-05-28T17:42:14.604Z</time>
			</trkpt>
			<trkpt lat="44.50942" lon="1.94415">
				<ele>180.95</ele>
				<time>2026-05-28T17:42:15.181Z</time>
			</trkpt>
			<trkpt lat="44.5095" lon="1.94448">
				<ele>183.89</ele>
				<time>2026-05-28T17:42:16.911Z</time>
			</trkpt>
			<trkpt lat="44.50954" lon="1.94451">
				<ele>183.89</ele>
				<time>2026-05-28T17:42:17.227Z</time>
			</trkpt>
			<trkpt lat="44.50964" lon="1.94454">
				<ele>183.55</ele>
				<time>2026-05-28T17:42:17.939Z</time>
			</trkpt>
			<trkpt lat="44.50976" lon="1.94452">
				<ele>182.41</ele>
				<time>2026-05-28T17:42:18.780Z</time>
			</trkpt>
			<trkpt lat="44.51005" lon="1.9446">
				<ele>180.06</ele>
				<time>2026-05-28T17:42:20.836Z</time>
			</trkpt>
			<trkpt lat="44.51091" lon="1.94494">
				<ele>177.32</ele>
				<time>2026-05-28T17:42:27.050Z</time>
			</trkpt>
			<trkpt lat="44.51174" lon="1.94542">
				<ele>175.77</ele>
				<time>2026-05-28T17:42:33.293Z</time>
			</trkpt>
			<trkpt lat="44.5121" lon="1.94571">
				<ele>174.96</ele>
				<time>2026-05-28T17:42:36.181Z</time>
			</trkpt>
			<trkpt lat="44.51312" lon="1.9468">
				<ele>172.54</ele>
				<time>2026-05-28T17:42:45.111Z</time>
			</trkpt>
			<trkpt lat="44.51389" lon="1.94794">
				<ele>172.35</ele>
				<time>2026-05-28T17:42:52.929Z</time>
			</trkpt>
			<trkpt lat="44.51453" lon="1.94912">
				<ele>169.52</ele>
				<time>2026-05-28T17:43:00.336Z</time>
			</trkpt>
			<trkpt lat="44.51488" lon="1.95014">
				<ele>167.38</ele>
				<time>2026-05-28T17:43:06.012Z</time>
			</trkpt>
			<trkpt lat="44.51503" lon="1.95047">
				<ele>167.31</ele>
				<time>2026-05-28T17:43:07.980Z</time>
			</trkpt>
			<trkpt lat="44.51524" lon="1.95077">
				<ele>166.89</ele>
				<time>2026-05-28T17:43:10.097Z</time>
			</trkpt>
			<trkpt lat="44.51624" lon="1.95195">
				<ele>163.63</ele>
				<time>2026-05-28T17:43:19.368Z</time>
			</trkpt>
			<trkpt lat="44.51644" lon="1.95232">
				<ele>165.02</ele>
				<time>2026-05-28T17:43:21.728Z</time>
			</trkpt>
			<trkpt lat="44.51842" lon="1.95852">
				<ele>167.02</ele>
				<time>2026-05-28T17:43:56.995Z</time>
			</trkpt>
			<trkpt lat="44.51855" lon="1.95846">
				<ele>163.71</ele>
				<time>2026-05-28T17:43:58.015Z</time>
			</trkpt>
			<trkpt lat="44.51961" lon="1.95779">
				<ele>157.87</ele>
				<time>2026-05-28T17:44:06.741Z</time>
			</trkpt>
			<trkpt lat="44.51999" lon="1.95746">
				<ele>159.11</ele>
				<time>2026-05-28T17:44:10.111Z</time>
			</trkpt>
			<trkpt lat="44.52017" lon="1.95724">
				<ele>159.35</ele>
				<time>2026-05-28T17:44:11.911Z</time>
			</trkpt>
			<trkpt lat="44.52057" lon="1.95645">
				<ele>157.69</ele>
				<time>2026-05-28T17:44:17.114Z</time>
			</trkpt>
			<trkpt lat="44.52134" lon="1.95512">
				<ele>159.55</ele>
				<time>2026-05-28T17:44:26.272Z</time>
			</trkpt>
			<trkpt lat="44.52161" lon="1.95443">
				<ele>159.17</ele>
				<time>2026-05-28T17:44:30.451Z</time>
			</trkpt>
			<trkpt lat="44.52191" lon="1.95377">
				<ele>158.61</ele>
				<time>2026-05-28T17:44:34.583Z</time>
			</trkpt>
			<trkpt lat="44.5227" lon="1.95231">
				<ele>158.24</ele>
				<time>2026-05-28T17:44:44.142Z</time>
			</trkpt>
			<trkpt lat="44.52292" lon="1.95194">
				<ele>158</ele>
				<time>2026-05-28T17:44:46.622Z</time>
			</trkpt>
			<trkpt lat="44.52358" lon="1.95119">
				<ele>158.92</ele>
				<time>2026-05-28T17:44:52.685Z</time>
			</trkpt>
			<trkpt lat="44.52382" lon="1.95079">
				<ele>160.25</ele>
				<time>2026-05-28T17:44:55.312Z</time>
			</trkpt>
			<trkpt lat="44.52392" lon="1.9507">
				<ele>160.98</ele>
				<time>2026-05-28T17:44:56.145Z</time>
			</trkpt>
			<trkpt lat="44.52389" lon="1.95057">
				<ele>160.08</ele>
				<time>2026-05-28T17:44:56.826Z</time>
			</trkpt>
			<trkpt lat="44.52398" lon="1.95049">
				<ele>161.5</ele>
				<time>2026-05-28T17:44:57.569Z</time>
			</trkpt>
			<trkpt lat="44.52461" lon="1.95106">
				<ele>165.92</ele>
				<time>2026-05-28T17:45:02.739Z</time>
			</trkpt>
			<trkpt lat="44.52494" lon="1.95152">
				<ele>168.26</ele>
				<time>2026-05-28T17:45:22.303Z</time>
			</trkpt>
			<trkpt lat="44.52549" lon="1.95215">
				<ele>176.7</ele>
				<time>2026-05-28T17:45:31.946Z</time>
			</trkpt>
			<trkpt lat="44.52588" lon="1.95273">
				<ele>181.38</ele>
				<time>2026-05-28T17:45:35.948Z</time>
			</trkpt>
			<trkpt lat="44.5262" lon="1.95329">
				<ele>187.65</ele>
				<time>2026-05-28T17:45:38.081Z</time>
			</trkpt>
			<trkpt lat="44.52592" lon="1.95326">
				<ele>185.99</ele>
				<time>2026-05-28T17:45:39.074Z</time>
			</trkpt>
			<trkpt lat="44.52569" lon="1.95334">
				<ele>184.04</ele>
				<time>2026-05-28T17:45:39.988Z</time>
			</trkpt>
			<trkpt lat="44.52544" lon="1.95356">
				<ele>179.56</ele>
				<time>2026-05-28T17:45:41.397Z</time>
			</trkpt>
			<trkpt lat="44.52539" lon="1.95369">
				<ele>178</ele>
				<time>2026-05-28T17:45:42.010Z</time>
			</trkpt>
			<trkpt lat="44.52537" lon="1.95383">
				<ele>176.47</ele>
				<time>2026-05-28T17:45:42.671Z</time>
			</trkpt>
			<trkpt lat="44.52542" lon="1.95412">
				<ele>174.79</ele>
				<time>2026-05-28T17:45:44.258Z</time>
			</trkpt>
			<trkpt lat="44.52594" lon="1.95555">
				<ele>173.92</ele>
				<time>2026-05-28T17:45:52.861Z</time>
			</trkpt>
			<trkpt lat="44.5261" lon="1.95612">
				<ele>173.79</ele>
				<time>2026-05-28T17:45:56.147Z</time>
			</trkpt>
			<trkpt lat="44.52613" lon="1.95629">
				<ele>172.61</ele>
				<time>2026-05-28T17:45:57.094Z</time>
			</trkpt>
			<trkpt lat="44.52612" lon="1.95636">
				<ele>171.54</ele>
				<time>2026-05-28T17:45:57.482Z</time>
			</trkpt>
			<trkpt lat="44.52671" lon="1.95817">
				<ele>171.35</ele>
				<time>2026-05-28T17:46:08.799Z</time>
			</trkpt>
			<trkpt lat="44.52707" lon="1.95962">
				<ele>166.38</ele>
				<time>2026-05-28T17:46:17.928Z</time>
			</trkpt>
			<trkpt lat="44.52717" lon="1.95991">
				<ele>165.9</ele>
				<time>2026-05-28T17:46:19.857Z</time>
			</trkpt>
			<trkpt lat="44.5273" lon="1.96017">
				<ele>165.22</ele>
				<time>2026-05-28T17:46:21.764Z</time>
			</trkpt>
			<trkpt lat="44.52786" lon="1.96101">
				<ele>165.26</ele>
				<time>2026-05-28T17:46:28.708Z</time>
			</trkpt>
			<trkpt lat="44.52861" lon="1.9619">
				<ele>167.66</ele>
				<time>2026-05-28T17:46:37.107Z</time>
			</trkpt>
			<trkpt lat="44.52897" lon="1.96245">
				<ele>166.76</ele>
				<time>2026-05-28T17:46:41.693Z</time>
			</trkpt>
			<trkpt lat="44.52919" lon="1.963">
				<ele>166.87</ele>
				<time>2026-05-28T17:46:45.586Z</time>
			</trkpt>
			<trkpt lat="44.52938" lon="1.96355">
				<ele>168.1</ele>
				<time>2026-05-28T17:46:49.376Z</time>
			</trkpt>
			<trkpt lat="44.52947" lon="1.96376">
				<ele>167.68</ele>
				<time>2026-05-28T17:46:50.899Z</time>
			</trkpt>
			<trkpt lat="44.52957" lon="1.96393">
				<ele>167.01</ele>
				<time>2026-05-28T17:46:52.272Z</time>
			</trkpt>
			<trkpt lat="44.52976" lon="1.96419">
				<ele>168.05</ele>
				<time>2026-05-28T17:46:54.595Z</time>
			</trkpt>
			<trkpt lat="44.5303" lon="1.9648">
				<ele>164.23</ele>
				<time>2026-05-28T17:47:00.693Z</time>
			</trkpt>
			<trkpt lat="44.53112" lon="1.96545">
				<ele>168.03</ele>
				<time>2026-05-28T17:47:09.038Z</time>
			</trkpt>
			<trkpt lat="44.53202" lon="1.96598">
				<ele>164.89</ele>
				<time>2026-05-28T17:47:17.761Z</time>
			</trkpt>
			<trkpt lat="44.53435" lon="1.9674">
				<ele>173.05</ele>
				<time>2026-05-28T17:47:40.806Z</time>
			</trkpt>
			<trkpt lat="44.53486" lon="1.96773">
				<ele>174.66</ele>
				<time>2026-05-28T17:47:45.965Z</time>
			</trkpt>
			<trkpt lat="44.53498" lon="1.96785">
				<ele>173.68</ele>
				<time>2026-05-28T17:47:47.322Z</time>
			</trkpt>
			<trkpt lat="44.53518" lon="1.96807">
				<ele>172.1</ele>
				<time>2026-05-28T17:47:49.667Z</time>
			</trkpt>
			<trkpt lat="44.5357" lon="1.96881">
				<ele>169.28</ele>
				<time>2026-05-28T17:47:56.526Z</time>
			</trkpt>
			<trkpt lat="44.53594" lon="1.96905">
				<ele>169.24</ele>
				<time>2026-05-28T17:47:59.265Z</time>
			</trkpt>
			<trkpt lat="44.53617" lon="1.96922">
				<ele>168.89</ele>
				<time>2026-05-28T17:48:01.687Z</time>
			</trkpt>
			<trkpt lat="44.53639" lon="1.96934">
				<ele>167.48</ele>
				<time>2026-05-28T17:48:03.889Z</time>
			</trkpt>
			<trkpt lat="44.53661" lon="1.9694">
				<ele>166.63</ele>
				<time>2026-05-28T17:48:05.984Z</time>
			</trkpt>
			<trkpt lat="44.53709" lon="1.96942">
				<ele>168.27</ele>
				<time>2026-05-28T17:48:10.483Z</time>
			</trkpt>
			<trkpt lat="44.53732" lon="1.96946">
				<ele>169.18</ele>
				<time>2026-05-28T17:48:12.660Z</time>
			</trkpt>
			<trkpt lat="44.53771" lon="1.96963">
				<ele>168.74</ele>
				<time>2026-05-28T17:48:16.505Z</time>
			</trkpt>
			<trkpt lat="44.5379" lon="1.96988">
				<ele>166.99</ele>
				<time>2026-05-28T17:48:18.962Z</time>
			</trkpt>
			<trkpt lat="44.53808" lon="1.97029">
				<ele>165.14</ele>
				<time>2026-05-28T17:48:22.207Z</time>
			</trkpt>
			<trkpt lat="44.53841" lon="1.97122">
				<ele>167.6</ele>
				<time>2026-05-28T17:48:29.233Z</time>
			</trkpt>
			<trkpt lat="44.53861" lon="1.97177">
				<ele>167.64</ele>
				<time>2026-05-28T17:48:33.425Z</time>
			</trkpt>
			<trkpt lat="44.54004" lon="1.97575">
				<ele>168.27</ele>
				<time>2026-05-28T17:49:04.016Z</time>
			</trkpt>
			<trkpt lat="44.54043" lon="1.97651">
				<ele>169.36</ele>
				<time>2026-05-28T17:49:10.514Z</time>
			</trkpt>
			<trkpt lat="44.54144" lon="1.97827">
				<ele>171.42</ele>
				<time>2026-05-28T17:49:26.287Z</time>
			</trkpt>
			<trkpt lat="44.54184" lon="1.97876">
				<ele>169.75</ele>
				<time>2026-05-28T17:49:31.516Z</time>
			</trkpt>
			<trkpt lat="44.54233" lon="1.97922">
				<ele>170.61</ele>
				<time>2026-05-28T17:49:37.337Z</time>
			</trkpt>
			<trkpt lat="44.54339" lon="1.98011">
				<ele>176.19</ele>
				<time>2026-05-28T17:49:49.584Z</time>
			</trkpt>
			<trkpt lat="44.54425" lon="1.9806">
				<ele>174.99</ele>
				<time>2026-05-28T17:49:58.831Z</time>
			</trkpt>
			<trkpt lat="44.54459" lon="1.98072">
				<ele>179.2</ele>
				<time>2026-05-28T17:50:02.333Z</time>
			</trkpt>
			<trkpt lat="44.5449" lon="1.98061">
				<ele>181.39</ele>
				<time>2026-05-28T17:50:05.531Z</time>
			</trkpt>
			<trkpt lat="44.54515" lon="1.9802">
				<ele>180.6</ele>
				<time>2026-05-28T17:50:09.383Z</time>
			</trkpt>
			<trkpt lat="44.54533" lon="1.97976">
				<ele>179.84</ele>
				<time>2026-05-28T17:50:13.010Z</time>
			</trkpt>
			<trkpt lat="44.54553" lon="1.97938">
				<ele>181.63</ele>
				<time>2026-05-28T17:50:16.392Z</time>
			</trkpt>
			<trkpt lat="44.54568" lon="1.97924">
				<ele>181.13</ele>
				<time>2026-05-28T17:50:18.203Z</time>
			</trkpt>
			<trkpt lat="44.54583" lon="1.9792">
				<ele>179.88</ele>
				<time>2026-05-28T17:50:19.739Z</time>
			</trkpt>
			<trkpt lat="44.54599" lon="1.97926">
				<ele>181.16</ele>
				<time>2026-05-28T17:50:21.406Z</time>
			</trkpt>
			<trkpt lat="44.5464" lon="1.97963">
				<ele>186.67</ele>
				<time>2026-05-28T17:50:26.319Z</time>
			</trkpt>
			<trkpt lat="44.54692" lon="1.98024">
				<ele>191.99</ele>
				<time>2026-05-28T17:50:33.164Z</time>
			</trkpt>
			<trkpt lat="44.54698" lon="1.98049">
				<ele>190.91</ele>
				<time>2026-05-28T17:50:35.066Z</time>
			</trkpt>
			<trkpt lat="44.54689" lon="1.98082">
				<ele>188.47</ele>
				<time>2026-05-28T17:50:37.614Z</time>
			</trkpt>
			<trkpt lat="44.5467" lon="1.98116">
				<ele>186.75</ele>
				<time>2026-05-28T17:50:40.734Z</time>
			</trkpt>
			<trkpt lat="44.54665" lon="1.98142">
				<ele>186.99</ele>
				<time>2026-05-28T17:50:42.680Z</time>
			</trkpt>
			<trkpt lat="44.54667" lon="1.98164">
				<ele>188.03</ele>
				<time>2026-05-28T17:50:44.283Z</time>
			</trkpt>
			<trkpt lat="44.54691" lon="1.98194">
				<ele>195.23</ele>
				<time>2026-05-28T17:50:47.546Z</time>
			</trkpt>
			<trkpt lat="44.54729" lon="1.9825">
				<ele>195.49</ele>
				<time>2026-05-28T17:50:53.148Z</time>
			</trkpt>
			<trkpt lat="44.54771" lon="1.98281">
				<ele>197.36</ele>
				<time>2026-05-28T17:50:57.979Z</time>
			</trkpt>
			<trkpt lat="44.54813" lon="1.98306">
				<ele>199.88</ele>
				<time>2026-05-28T17:51:02.630Z</time>
			</trkpt>
			<trkpt lat="44.54879" lon="1.98321">
				<ele>205.82</ele>
				<time>2026-05-28T17:51:09.457Z</time>
			</trkpt>
			<trkpt lat="44.54899" lon="1.98336">
				<ele>206.56</ele>
				<time>2026-05-28T17:51:11.775Z</time>
			</trkpt>
			<trkpt lat="44.54915" lon="1.98353">
				<ele>206.94</ele>
				<time>2026-05-28T17:51:13.828Z</time>
			</trkpt>
			<trkpt lat="44.54937" lon="1.984">
				<ele>203.7</ele>
				<time>2026-05-28T17:51:17.929Z</time>
			</trkpt>
			<trkpt lat="44.54949" lon="1.98416">
				<ele>203.43</ele>
				<time>2026-05-28T17:51:19.625Z</time>
			</trkpt>
			<trkpt lat="44.54985" lon="1.98447">
				<ele>204.84</ele>
				<time>2026-05-28T17:51:23.954Z</time>
			</trkpt>
			<trkpt lat="44.55087" lon="1.9851">
				<ele>214.95</ele>
				<time>2026-05-28T17:51:35.396Z</time>
			</trkpt>
			<trkpt lat="44.55134" lon="1.98529">
				<ele>221.3</ele>
				<time>2026-05-28T17:51:40.426Z</time>
			</trkpt>
			<trkpt lat="44.55207" lon="1.98587">
				<ele>212.89</ele>
				<time>2026-05-28T17:51:49.064Z</time>
			</trkpt>
			<trkpt lat="44.55258" lon="1.9861">
				<ele>215.58</ele>
				<time>2026-05-28T17:51:54.587Z</time>
			</trkpt>
			<trkpt lat="44.5531" lon="1.98624">
				<ele>219.47</ele>
				<time>2026-05-28T17:52:00.051Z</time>
			</trkpt>
			<trkpt lat="44.55345" lon="1.98626">
				<ele>219.62</ele>
				<time>2026-05-28T17:52:03.669Z</time>
			</trkpt>
			<trkpt lat="44.55381" lon="1.98624">
				<ele>220.7</ele>
				<time>2026-05-28T17:52:07.391Z</time>
			</trkpt>
			<trkpt lat="44.5546" lon="1.98595">
				<ele>231.47</ele>
				<time>2026-05-28T17:52:15.835Z</time>
			</trkpt>
			<trkpt lat="44.55489" lon="1.98595">
				<ele>232.56</ele>
				<time>2026-05-28T17:52:18.835Z</time>
			</trkpt>
			<trkpt lat="44.55516" lon="1.98601">
				<ele>231.12</ele>
				<time>2026-05-28T17:52:21.665Z</time>
			</trkpt>
			<trkpt lat="44.55557" lon="1.986">
				<ele>234.31</ele>
				<time>2026-05-28T17:52:25.911Z</time>
			</trkpt>
			<trkpt lat="44.55611" lon="1.98594">
				<ele>237.23</ele>
				<time>2026-05-28T17:52:31.523Z</time>
			</trkpt>
			<trkpt lat="44.55656" lon="1.98584">
				<ele>232.46</ele>
				<time>2026-05-28T17:52:36.245Z</time>
			</trkpt>
			<trkpt lat="44.55675" lon="1.98572">
				<ele>231.89</ele>
				<time>2026-05-28T17:52:38.405Z</time>
			</trkpt>
			<trkpt lat="44.55687" lon="1.98555">
				<ele>235.34</ele>
				<time>2026-05-28T17:52:40.173Z</time>
			</trkpt>
			<trkpt lat="44.55695" lon="1.98533">
				<ele>240.06</ele>
				<time>2026-05-28T17:52:41.998Z</time>
			</trkpt>
			<trkpt lat="44.55703" lon="1.98442">
				<ele>248.23</ele>
				<time>2026-05-28T17:52:48.775Z</time>
			</trkpt>
			<trkpt lat="44.55704" lon="1.98405">
				<ele>251.99</ele>
				<time>2026-05-28T17:52:51.513Z</time>
			</trkpt>
			<trkpt lat="44.55709" lon="1.98372">
				<ele>254.26</ele>
				<time>2026-05-28T17:52:54.008Z</time>
			</trkpt>
			<trkpt lat="44.55721" lon="1.98344">
				<ele>254.9</ele>
				<time>2026-05-28T17:52:56.424Z</time>
			</trkpt>
			<trkpt lat="44.55741" lon="1.98325">
				<ele>253.55</ele>
				<time>2026-05-28T17:52:58.931Z</time>
			</trkpt>
			<trkpt lat="44.55759" lon="1.98314">
				<ele>252.24</ele>
				<time>2026-05-28T17:53:00.969Z</time>
			</trkpt>
			<trkpt lat="44.55783" lon="1.98311">
				<ele>251.57</ele>
				<time>2026-05-28T17:53:03.470Z</time>
			</trkpt>
			<trkpt lat="44.5583" lon="1.98339">
				<ele>248.61</ele>
				<time>2026-05-28T17:53:08.771Z</time>
			</trkpt>
			<trkpt lat="44.55848" lon="1.9834">
				<ele>247.12</ele>
				<time>2026-05-28T17:53:10.642Z</time>
			</trkpt>
			<trkpt lat="44.5586" lon="1.98332">
				<ele>248.29</ele>
				<time>2026-05-28T17:53:12.021Z</time>
			</trkpt>
			<trkpt lat="44.55869" lon="1.98317">
				<ele>250.02</ele>
				<time>2026-05-28T17:53:13.472Z</time>
			</trkpt>
			<trkpt lat="44.55878" lon="1.98294">
				<ele>253.33</ele>
				<time>2026-05-28T17:53:15.413Z</time>
			</trkpt>
			<trkpt lat="44.55904" lon="1.98209">
				<ele>253.34</ele>
				<time>2026-05-28T17:53:22.257Z</time>
			</trkpt>
			<trkpt lat="44.55927" lon="1.98125">
				<ele>262.83</ele>
				<time>2026-05-28T17:53:28.914Z</time>
			</trkpt>
			<trkpt lat="44.55938" lon="1.98087">
				<ele>263.1</ele>
				<time>2026-05-28T17:53:31.948Z</time>
			</trkpt>
			<trkpt lat="44.55949" lon="1.9807">
				<ele>263.26</ele>
				<time>2026-05-28T17:53:33.647Z</time>
			</trkpt>
			<trkpt lat="44.55958" lon="1.98061">
				<ele>263.51</ele>
				<time>2026-05-28T17:53:34.794Z</time>
			</trkpt>
			<trkpt lat="44.55971" lon="1.98058">
				<ele>262.65</ele>
				<time>2026-05-28T17:53:36.162Z</time>
			</trkpt>
			<trkpt lat="44.55991" lon="1.98063">
				<ele>261.59</ele>
				<time>2026-05-28T17:53:38.270Z</time>
			</trkpt>
			<trkpt lat="44.56074" lon="1.981">
				<ele>260.34</ele>
				<time>2026-05-28T17:53:47.308Z</time>
			</trkpt>
			<trkpt lat="44.56087" lon="1.98101">
				<ele>262.16</ele>
				<time>2026-05-28T17:53:48.658Z</time>
			</trkpt>
			<trkpt lat="44.56099" lon="1.98099">
				<ele>263.81</ele>
				<time>2026-05-28T17:53:49.912Z</time>
			</trkpt>
			<trkpt lat="44.56111" lon="1.98092">
				<ele>266.29</ele>
				<time>2026-05-28T17:53:51.260Z</time>
			</trkpt>
			<trkpt lat="44.56177" lon="1.98012">
				<ele>272.4</ele>
				<time>2026-05-28T17:54:00.302Z</time>
			</trkpt>
			<trkpt lat="44.56187" lon="1.98003">
				<ele>273.71</ele>
				<time>2026-05-28T17:54:01.533Z</time>
			</trkpt>
			<trkpt lat="44.56203" lon="1.97994">
				<ele>274.47</ele>
				<time>2026-05-28T17:54:03.320Z</time>
			</trkpt>
			<trkpt lat="44.56219" lon="1.97991">
				<ele>274.63</ele>
				<time>2026-05-28T17:54:04.993Z</time>
			</trkpt>
			<trkpt lat="44.56233" lon="1.97993">
				<ele>275.75</ele>
				<time>2026-05-28T17:54:06.450Z</time>
			</trkpt>
			<trkpt lat="44.56359" lon="1.98045">
				<ele>279.99</ele>
				<time>2026-05-28T17:54:20.047Z</time>
			</trkpt>
			<trkpt lat="44.56384" lon="1.98071">
				<ele>279.96</ele>
				<time>2026-05-28T17:54:23.265Z</time>
			</trkpt>
			<trkpt lat="44.56424" lon="1.98174">
				<ele>283.63</ele>
				<time>2026-05-28T17:54:31.903Z</time>
			</trkpt>
			<trkpt lat="44.56432" lon="1.9821">
				<ele>283.41</ele>
				<time>2026-05-28T17:54:34.677Z</time>
			</trkpt>
			<trkpt lat="44.56432" lon="1.98237">
				<ele>282.87</ele>
				<time>2026-05-28T17:54:36.663Z</time>
			</trkpt>
			<trkpt lat="44.56415" lon="1.98336">
				<ele>282.65</ele>
				<time>2026-05-28T17:54:44.147Z</time>
			</trkpt>
			<trkpt lat="44.56414" lon="1.98371">
				<ele>283.8</ele>
				<time>2026-05-28T17:54:46.719Z</time>
			</trkpt>
			<trkpt lat="44.56428" lon="1.98431">
				<ele>287.01</ele>
				<time>2026-05-28T17:54:51.352Z</time>
			</trkpt>
			<trkpt lat="44.56439" lon="1.98465">
				<ele>287.69</ele>
				<time>2026-05-28T17:54:54.091Z</time>
			</trkpt>
			<trkpt lat="44.56448" lon="1.98501">
				<ele>289.23</ele>
				<time>2026-05-28T17:54:56.887Z</time>
			</trkpt>
			<trkpt lat="44.56455" lon="1.98553">
				<ele>293.83</ele>
				<time>2026-05-28T17:55:00.764Z</time>
			</trkpt>
			<trkpt lat="44.56457" lon="1.98618">
				<ele>298.7</ele>
				<time>2026-05-28T17:55:05.525Z</time>
			</trkpt>
			<trkpt lat="44.56445" lon="1.98693">
				<ele>306.5</ele>
				<time>2026-05-28T17:55:11.145Z</time>
			</trkpt>
			<trkpt lat="44.56435" lon="1.9872">
				<ele>307.04</ele>
				<time>2026-05-28T17:55:13.367Z</time>
			</trkpt>
			<trkpt lat="44.56425" lon="1.98731">
				<ele>305.42</ele>
				<time>2026-05-28T17:55:14.669Z</time>
			</trkpt>
			<trkpt lat="44.56369" lon="1.98777">
				<ele>298.6</ele>
				<time>2026-05-28T17:55:21.312Z</time>
			</trkpt>
			<trkpt lat="44.56362" lon="1.98786">
				<ele>297.92</ele>
				<time>2026-05-28T17:55:22.284Z</time>
			</trkpt>
			<trkpt lat="44.56358" lon="1.98794">
				<ele>298.63</ele>
				<time>2026-05-28T17:55:22.996Z</time>
			</trkpt>
			<trkpt lat="44.56358" lon="1.98805">
				<ele>300.48</ele>
				<time>2026-05-28T17:55:23.797Z</time>
			</trkpt>
			<trkpt lat="44.56363" lon="1.98819">
				<ele>301.72</ele>
				<time>2026-05-28T17:55:24.938Z</time>
			</trkpt>
			<trkpt lat="44.56372" lon="1.98826">
				<ele>302.47</ele>
				<time>2026-05-28T17:55:25.989Z</time>
			</trkpt>
			<trkpt lat="44.56387" lon="1.98828">
				<ele>303.27</ele>
				<time>2026-05-28T17:55:27.529Z</time>
			</trkpt>
			<trkpt lat="44.56583" lon="1.98813">
				<ele>310.57</ele>
				<time>2026-05-28T17:55:47.524Z</time>
			</trkpt>
			<trkpt lat="44.566" lon="1.98815">
				<ele>311.03</ele>
				<time>2026-05-28T17:55:49.256Z</time>
			</trkpt>
			<trkpt lat="44.56682" lon="1.98848">
				<ele>310.83</ele>
				<time>2026-05-28T17:55:57.905Z</time>
			</trkpt>
			<trkpt lat="44.56703" lon="1.98853">
				<ele>312.53</ele>
				<time>2026-05-28T17:56:00.060Z</time>
			</trkpt>
			<trkpt lat="44.56723" lon="1.98851">
				<ele>315.57</ele>
				<time>2026-05-28T17:56:02.088Z</time>
			</trkpt>
			<trkpt lat="44.56821" lon="1.98784">
				<ele>321.24</ele>
				<time>2026-05-28T17:56:13.088Z</time>
			</trkpt>
			<trkpt lat="44.56869" lon="1.98748">
				<ele>316.35</ele>
				<time>2026-05-28T17:56:18.564Z</time>
			</trkpt>
			<trkpt lat="44.56897" lon="1.98741">
				<ele>314.8</ele>
				<time>2026-05-28T17:56:21.422Z</time>
			</trkpt>
			<trkpt lat="44.56932" lon="1.98749">
				<ele>314.32</ele>
				<time>2026-05-28T17:56:24.980Z</time>
			</trkpt>
			<trkpt lat="44.5707" lon="1.9881">
				<ele>306.62</ele>
				<time>2026-05-28T17:56:39.445Z</time>
			</trkpt>
			<trkpt lat="44.57309" lon="1.98916">
				<ele>297.09</ele>
				<time>2026-05-28T17:57:04.293Z</time>
			</trkpt>
			<trkpt lat="44.57325" lon="1.98925">
				<ele>294.4</ele>
				<time>2026-05-28T17:57:05.991Z</time>
			</trkpt>
			<trkpt lat="44.57337" lon="1.98935">
				<ele>293.15</ele>
				<time>2026-05-28T17:57:07.365Z</time>
			</trkpt>
			<trkpt lat="44.57345" lon="1.98951">
				<ele>293.34</ele>
				<time>2026-05-28T17:57:08.735Z</time>
			</trkpt>
			<trkpt lat="44.5735" lon="1.9897">
				<ele>292.15</ele>
				<time>2026-05-28T17:57:10.154Z</time>
			</trkpt>
			<trkpt lat="44.57363" lon="1.9906">
				<ele>291.63</ele>
				<time>2026-05-28T17:57:16.572Z</time>
			</trkpt>
			<trkpt lat="44.57378" lon="1.99097">
				<ele>290.12</ele>
				<time>2026-05-28T17:57:19.540Z</time>
			</trkpt>
			<trkpt lat="44.57394" lon="1.99113">
				<ele>289.72</ele>
				<time>2026-05-28T17:57:21.460Z</time>
			</trkpt>
			<trkpt lat="44.57421" lon="1.99123">
				<ele>288.74</ele>
				<time>2026-05-28T17:57:24.186Z</time>
			</trkpt>
			<trkpt lat="44.5751" lon="1.99137">
				<ele>287.9</ele>
				<time>2026-05-28T17:57:32.902Z</time>
			</trkpt>
			<trkpt lat="44.57537" lon="1.99133">
				<ele>287.05</ele>
				<time>2026-05-28T17:57:35.536Z</time>
			</trkpt>
			<trkpt lat="44.57558" lon="1.99113">
				<ele>284.35</ele>
				<time>2026-05-28T17:57:37.994Z</time>
			</trkpt>
			<trkpt lat="44.57601" lon="1.99035">
				<ele>274.58</ele>
				<time>2026-05-28T17:57:44.781Z</time>
			</trkpt>
			<trkpt lat="44.57617" lon="1.99013">
				<ele>274.08</ele>
				<time>2026-05-28T17:57:46.939Z</time>
			</trkpt>
			<trkpt lat="44.57633" lon="1.98996">
				<ele>274.76</ele>
				<time>2026-05-28T17:57:48.870Z</time>
			</trkpt>
			<trkpt lat="44.5765" lon="1.98988">
				<ele>274.27</ele>
				<time>2026-05-28T17:57:50.593Z</time>
			</trkpt>
			<trkpt lat="44.57669" lon="1.98991">
				<ele>275.52</ele>
				<time>2026-05-28T17:57:52.428Z</time>
			</trkpt>
			<trkpt lat="44.5771" lon="1.99014">
				<ele>278.07</ele>
				<time>2026-05-28T17:57:56.659Z</time>
			</trkpt>
			<trkpt lat="44.57731" lon="1.99022">
				<ele>280.54</ele>
				<time>2026-05-28T17:57:58.740Z</time>
			</trkpt>
			<trkpt lat="44.57754" lon="1.99026">
				<ele>282.39</ele>
				<time>2026-05-28T17:58:00.953Z</time>
			</trkpt>
			<trkpt lat="44.57836" lon="1.99005">
				<ele>273.98</ele>
				<time>2026-05-28T17:58:08.886Z</time>
			</trkpt>
			<trkpt lat="44.57874" lon="1.98997">
				<ele>271.01</ele>
				<time>2026-05-28T17:58:12.529Z</time>
			</trkpt>
			<trkpt lat="44.5789" lon="1.99">
				<ele>270.97</ele>
				<time>2026-05-28T17:58:14.056Z</time>
			</trkpt>
			<trkpt lat="44.57904" lon="1.99011">
				<ele>271.15</ele>
				<time>2026-05-28T17:58:15.573Z</time>
			</trkpt>
			<trkpt lat="44.5795" lon="1.99056">
				<ele>271.18</ele>
				<time>2026-05-28T17:58:20.860Z</time>
			</trkpt>
			<trkpt lat="44.57983" lon="1.9909">
				<ele>271.54</ele>
				<time>2026-05-28T17:58:24.707Z</time>
			</trkpt>
			<trkpt lat="44.5799" lon="1.99094">
				<ele>271.68</ele>
				<time>2026-05-28T17:58:25.416Z</time>
			</trkpt>
			<trkpt lat="44.57997" lon="1.99093">
				<ele>271.22</ele>
				<time>2026-05-28T17:58:26.076Z</time>
			</trkpt>
			<trkpt lat="44.58007" lon="1.99085">
				<ele>270.6</ele>
				<time>2026-05-28T17:58:27.155Z</time>
			</trkpt>
			<trkpt lat="44.58016" lon="1.99074">
				<ele>269.04</ele>
				<time>2026-05-28T17:58:28.272Z</time>
			</trkpt>
			<trkpt lat="44.58109" lon="1.98918">
				<ele>251.29</ele>
				<time>2026-05-28T17:58:41.764Z</time>
			</trkpt>
			<trkpt lat="44.58133" lon="1.98907">
				<ele>250.07</ele>
				<time>2026-05-28T17:58:44.101Z</time>
			</trkpt>
			<trkpt lat="44.58156" lon="1.98902">
				<ele>249.96</ele>
				<time>2026-05-28T17:58:46.250Z</time>
			</trkpt>
			<trkpt lat="44.58198" lon="1.989">
				<ele>252.02</ele>
				<time>2026-05-28T17:58:50.122Z</time>
			</trkpt>
			<trkpt lat="44.58228" lon="1.98909">
				<ele>251.21</ele>
				<time>2026-05-28T17:58:52.941Z</time>
			</trkpt>
			<trkpt lat="44.58252" lon="1.98926">
				<ele>248.18</ele>
				<time>2026-05-28T17:58:55.405Z</time>
			</trkpt>
			<trkpt lat="44.58297" lon="1.98991">
				<ele>244.27</ele>
				<time>2026-05-28T17:59:01.302Z</time>
			</trkpt>
			<trkpt lat="44.58338" lon="1.991">
				<ele>246.82</ele>
				<time>2026-05-28T17:59:09.272Z</time>
			</trkpt>
			<trkpt lat="44.58357" lon="1.99128">
				<ele>243.42</ele>
				<time>2026-05-28T17:59:11.760Z</time>
			</trkpt>
			<trkpt lat="44.58372" lon="1.99143">
				<ele>241.84</ele>
				<time>2026-05-28T17:59:13.420Z</time>
			</trkpt>
			<trkpt lat="44.58642" lon="1.99314">
				<ele>231.64</ele>
				<time>2026-05-28T17:59:39.761Z</time>
			</trkpt>
			<trkpt lat="44.58668" lon="1.99348">
				<ele>227.69</ele>
				<time>2026-05-28T17:59:42.873Z</time>
			</trkpt>
			<trkpt lat="44.58682" lon="1.99392">
				<ele>225.31</ele>
				<time>2026-05-28T17:59:45.869Z</time>
			</trkpt>
			<trkpt lat="44.58697" lon="1.9946">
				<ele>226.19</ele>
				<time>2026-05-28T17:59:50.276Z</time>
			</trkpt>
			<trkpt lat="44.58706" lon="1.99517">
				<ele>221.63</ele>
				<time>2026-05-28T17:59:53.874Z</time>
			</trkpt>
			<trkpt lat="44.58709" lon="1.99563">
				<ele>218.92</ele>
				<time>2026-05-28T17:59:56.710Z</time>
			</trkpt>
			<trkpt lat="44.58698" lon="1.99677">
				<ele>218.74</ele>
				<time>2026-05-28T18:00:03.733Z</time>
			</trkpt>
			<trkpt lat="44.58698" lon="1.99701">
				<ele>220.19</ele>
				<time>2026-05-28T18:00:05.190Z</time>
			</trkpt>
			<trkpt lat="44.58702" lon="1.99727">
				<ele>219.91</ele>
				<time>2026-05-28T18:00:06.803Z</time>
			</trkpt>
			<trkpt lat="44.58712" lon="1.99749">
				<ele>217.82</ele>
				<time>2026-05-28T18:00:08.382Z</time>
			</trkpt>
			<trkpt lat="44.58721" lon="1.99763">
				<ele>215.15</ele>
				<time>2026-05-28T18:00:09.521Z</time>
			</trkpt>
			<trkpt lat="44.58735" lon="1.99774">
				<ele>212.22</ele>
				<time>2026-05-28T18:00:10.879Z</time>
			</trkpt>
			<trkpt lat="44.58748" lon="1.9978">
				<ele>210.17</ele>
				<time>2026-05-28T18:00:12.036Z</time>
			</trkpt>
			<trkpt lat="44.58762" lon="1.99781">
				<ele>208.06</ele>
				<time>2026-05-28T18:00:13.219Z</time>
			</trkpt>
			<trkpt lat="44.58776" lon="1.9978">
				<ele>206.21</ele>
				<time>2026-05-28T18:00:14.401Z</time>
			</trkpt>
			<trkpt lat="44.58789" lon="1.99772">
				<ele>205.18</ele>
				<time>2026-05-28T18:00:15.595Z</time>
			</trkpt>
			<trkpt lat="44.58802" lon="1.99762">
				<ele>204.25</ele>
				<time>2026-05-28T18:00:16.840Z</time>
			</trkpt>
			<trkpt lat="44.5882" lon="1.99745">
				<ele>202.05</ele>
				<time>2026-05-28T18:00:18.659Z</time>
			</trkpt>
			<trkpt lat="44.58823" lon="1.99746">
				<ele>201.54</ele>
				<time>2026-05-28T18:00:18.917Z</time>
			</trkpt>
			<trkpt lat="44.58828" lon="1.9975">
				<ele>200.75</ele>
				<time>2026-05-28T18:00:19.399Z</time>
			</trkpt>
			<trkpt lat="44.5886" lon="1.99785">
				<ele>197.66</ele>
				<time>2026-05-28T18:00:22.785Z</time>
			</trkpt>
			<trkpt lat="44.58889" lon="1.99812">
				<ele>197.49</ele>
				<time>2026-05-28T18:00:25.677Z</time>
			</trkpt>
			<trkpt lat="44.58956" lon="1.99884">
				<ele>195.99</ele>
				<time>2026-05-28T18:00:32.643Z</time>
			</trkpt>
			<trkpt lat="44.58996" lon="1.9993">
				<ele>197.22</ele>
				<time>2026-05-28T18:00:36.878Z</time>
			</trkpt>
			<trkpt lat="44.59078" lon="2.0001">
				<ele>197.43</ele>
				<time>2026-05-28T18:00:44.987Z</time>
			</trkpt>
			<trkpt lat="44.59098" lon="2.00038">
				<ele>193.27</ele>
				<time>2026-05-28T18:00:47.265Z</time>
			</trkpt>
			<trkpt lat="44.59253" lon="2.00334">
				<ele>189.83</ele>
				<time>2026-05-28T18:01:08.050Z</time>
			</trkpt>
			<trkpt lat="44.59285" lon="2.00387">
				<ele>193.02</ele>
				<time>2026-05-28T18:01:11.920Z</time>
			</trkpt>
			<trkpt lat="44.59297" lon="2.00405">
				<ele>194</ele>
				<time>2026-05-28T18:01:13.289Z</time>
			</trkpt>
			<trkpt lat="44.59355" lon="2.00482">
				<ele>194.84</ele>
				<time>2026-05-28T18:01:19.485Z</time>
			</trkpt>
			<trkpt lat="44.59399" lon="2.0053">
				<ele>192.44</ele>
				<time>2026-05-28T18:01:23.784Z</time>
			</trkpt>
			<trkpt lat="44.59439" lon="2.00571">
				<ele>190.75</ele>
				<time>2026-05-28T18:01:27.588Z</time>
			</trkpt>
			<trkpt lat="44.59482" lon="2.00612">
				<ele>192.99</ele>
				<time>2026-05-28T18:01:31.563Z</time>
			</trkpt>
			<trkpt lat="44.59516" lon="2.00648">
				<ele>195.57</ele>
				<time>2026-05-28T18:01:34.807Z</time>
			</trkpt>
			<trkpt lat="44.59542" lon="2.00695">
				<ele>199.48</ele>
				<time>2026-05-28T18:01:38.025Z</time>
			</trkpt>
			<trkpt lat="44.59587" lon="2.00808">
				<ele>207.16</ele>
				<time>2026-05-28T18:01:44.991Z</time>
			</trkpt>
			<trkpt lat="44.59647" lon="2.00925">
				<ele>202.13</ele>
				<time>2026-05-28T18:01:52.693Z</time>
			</trkpt>
			<trkpt lat="44.59696" lon="2.01026">
				<ele>208.08</ele>
				<time>2026-05-28T18:01:59.182Z</time>
			</trkpt>
			<trkpt lat="44.59728" lon="2.01103">
				<ele>203.95</ele>
				<time>2026-05-28T18:02:03.893Z</time>
			</trkpt>
			<trkpt lat="44.59815" lon="2.01294">
				<ele>205.35</ele>
				<time>2026-05-28T18:02:15.799Z</time>
			</trkpt>
			<trkpt lat="44.5984" lon="2.01342">
				<ele>202.38</ele>
				<time>2026-05-28T18:02:18.906Z</time>
			</trkpt>
			<trkpt lat="44.59908" lon="2.01454">
				<ele>200.48</ele>
				<time>2026-05-28T18:02:26.569Z</time>
			</trkpt>
			<trkpt lat="44.59945" lon="2.01525">
				<ele>203.15</ele>
				<time>2026-05-28T18:02:31.135Z</time>
			</trkpt>
			<trkpt lat="44.59973" lon="2.01585">
				<ele>207.92</ele>
				<time>2026-05-28T18:02:34.849Z</time>
			</trkpt>
			<trkpt lat="44.5999" lon="2.01619">
				<ele>207.31</ele>
				<time>2026-05-28T18:02:36.998Z</time>
			</trkpt>
			<trkpt lat="44.60037" lon="2.01685">
				<ele>205.11</ele>
				<time>2026-05-28T18:02:41.818Z</time>
			</trkpt>
			<trkpt lat="44.60071" lon="2.01724">
				<ele>207.58</ele>
				<time>2026-05-28T18:02:44.996Z</time>
			</trkpt>
			<trkpt lat="44.60129" lon="2.01769">
				<ele>214.23</ele>
				<time>2026-05-28T18:02:49.788Z</time>
			</trkpt>
			<trkpt lat="44.602" lon="2.01841">
				<ele>206.19</ele>
				<time>2026-05-28T18:02:56.110Z</time>
			</trkpt>
			<trkpt lat="44.60228" lon="2.01879">
				<ele>200.55</ele>
				<time>2026-05-28T18:02:58.918Z</time>
			</trkpt>
			<trkpt lat="44.60252" lon="2.01897">
				<ele>198.52</ele>
				<time>2026-05-28T18:03:00.880Z</time>
			</trkpt>
			<trkpt lat="44.60267" lon="2.01904">
				<ele>196.81</ele>
				<time>2026-05-28T18:03:02.019Z</time>
			</trkpt>
			<trkpt lat="44.60287" lon="2.01906">
				<ele>195.05</ele>
				<time>2026-05-28T18:03:03.464Z</time>
			</trkpt>
			<trkpt lat="44.60322" lon="2.01898">
				<ele>194.35</ele>
				<time>2026-05-28T18:03:06.019Z</time>
			</trkpt>
			<trkpt lat="44.60344" lon="2.01891">
				<ele>193.3</ele>
				<time>2026-05-28T18:03:07.644Z</time>
			</trkpt>
			<trkpt lat="44.60371" lon="2.0189">
				<ele>192.1</ele>
				<time>2026-05-28T18:03:09.589Z</time>
			</trkpt>
			<trkpt lat="44.60383" lon="2.01897">
				<ele>192.36</ele>
				<time>2026-05-28T18:03:10.524Z</time>
			</trkpt>
			<trkpt lat="44.60392" lon="2.01915">
				<ele>192.8</ele>
				<time>2026-05-28T18:03:11.652Z</time>
			</trkpt>
			<trkpt lat="44.60417" lon="2.01979">
				<ele>195.97</ele>
				<time>2026-05-28T18:03:15.395Z</time>
			</trkpt>
			<trkpt lat="44.60432" lon="2.01998">
				<ele>194.85</ele>
				<time>2026-05-28T18:03:16.849Z</time>
			</trkpt>
			<trkpt lat="44.60536" lon="2.02067">
				<ele>191</ele>
				<time>2026-05-28T18:03:25.134Z</time>
			</trkpt>
			<trkpt lat="44.60562" lon="2.02082">
				<ele>190.99</ele>
				<time>2026-05-28T18:03:27.159Z</time>
			</trkpt>
			<trkpt lat="44.60591" lon="2.02131">
				<ele>191.73</ele>
				<time>2026-05-28T18:03:30.430Z</time>
			</trkpt>
			<trkpt lat="44.60631" lon="2.02222">
				<ele>192</ele>
				<time>2026-05-28T18:03:35.925Z</time>
			</trkpt>
			<trkpt lat="44.60645" lon="2.02263">
				<ele>192.37</ele>
				<time>2026-05-28T18:03:38.263Z</time>
			</trkpt>
			<trkpt lat="44.60662" lon="2.02328">
				<ele>193</ele>
				<time>2026-05-28T18:03:41.827Z</time>
			</trkpt>
			<trkpt lat="44.60672" lon="2.02394">
				<ele>192.83</ele>
				<time>2026-05-28T18:03:45.304Z</time>
			</trkpt>
			<trkpt lat="44.60674" lon="2.02492">
				<ele>193.42</ele>
				<time>2026-05-28T18:03:50.364Z</time>
			</trkpt>
			<trkpt lat="44.60677" lon="2.02572">
				<ele>196.99</ele>
				<time>2026-05-28T18:03:54.506Z</time>
			</trkpt>
			<trkpt lat="44.60673" lon="2.02589">
				<ele>197.24</ele>
				<time>2026-05-28T18:03:55.433Z</time>
			</trkpt>
			<trkpt lat="44.60674" lon="2.02594">
				<ele>197.01</ele>
				<time>2026-05-28T18:03:55.702Z</time>
			</trkpt>
			<trkpt lat="44.60672" lon="2.02599">
				<ele>196.96</ele>
				<time>2026-05-28T18:03:55.999Z</time>
			</trkpt>
			<trkpt lat="44.60673" lon="2.02605">
				<ele>196.71</ele>
				<time>2026-05-28T18:03:56.318Z</time>
			</trkpt>
			<trkpt lat="44.60679" lon="2.02611">
				<ele>196.06</ele>
				<time>2026-05-28T18:03:56.854Z</time>
			</trkpt>
			<trkpt lat="44.60683" lon="2.0261">
				<ele>195.8</ele>
				<time>2026-05-28T18:03:57.150Z</time>
			</trkpt>
			<trkpt lat="44.6071" lon="2.02608">
				<ele>195.04</ele>
				<time>2026-05-28T18:03:59.119Z</time>
			</trkpt>
			<trkpt lat="44.60754" lon="2.02596">
				<ele>196.36</ele>
				<time>2026-05-28T18:04:02.387Z</time>
			</trkpt>
			<trkpt lat="44.60784" lon="2.02595">
				<ele>195.41</ele>
				<time>2026-05-28T18:04:04.579Z</time>
			</trkpt>
			<trkpt lat="44.60807" lon="2.02599">
				<ele>194.1</ele>
				<time>2026-05-28T18:04:06.247Z</time>
			</trkpt>
			<trkpt lat="44.60759" lon="2.02971">
				<ele>195.68</ele>
				<time>2026-05-28T18:04:33.030Z</time>
			</trkpt>
			<trkpt lat="44.60743" lon="2.03081">
				<ele>192.83</ele>
				<time>2026-05-28T18:04:46.680Z</time>
			</trkpt>
			<trkpt lat="44.60743" lon="2.03103">
				<ele>192.77</ele>
				<time>2026-05-28T18:04:49.680Z</time>
			</trkpt>
			<trkpt lat="44.60736" lon="2.03129">
				<ele>193.48</ele>
				<time>2026-05-28T18:04:53.626Z</time>
			</trkpt>
			<trkpt lat="44.60707" lon="2.03336">
				<ele>199.6</ele>
				<time>2026-05-28T18:05:29.464Z</time>
			</trkpt>
			<trkpt lat="44.60709" lon="2.0337">
				<ele>200.92</ele>
				<time>2026-05-28T18:05:36.274Z</time>
			</trkpt>
			<trkpt lat="44.60708" lon="2.03386">
				<ele>200.55</ele>
				<time>2026-05-28T18:05:39.581Z</time>
			</trkpt>
			<trkpt lat="44.6071" lon="2.03427">
				<ele>199.19</ele>
				<time>2026-05-28T18:05:48.341Z</time>
			</trkpt>
			<trkpt lat="44.60761" lon="2.03432">
				<ele>200.56</ele>
				<time>2026-05-28T18:06:04.694Z</time>
			</trkpt>
			<trkpt lat="44.60806" lon="2.03431">
				<ele>201.48</ele>
				<time>2026-05-28T18:06:20.217Z</time>
			</trkpt>
			<trkpt lat="44.60815" lon="2.03415">
				<ele>201.25</ele>
				<time>2026-05-28T18:06:25.453Z</time>
			</trkpt>
			<trkpt lat="44.60832" lon="2.03386">
				<ele>201.02</ele>
				<time>2026-05-28T18:06:35.498Z</time>
			</trkpt>
			<trkpt lat="44.60855" lon="2.03388">
				<ele>201.8</ele>
				<time>2026-05-28T18:06:48.475Z</time>
			</trkpt>
			<trkpt lat="44.60852" lon="2.03261">
				<ele>200.03</ele>
				<time>2026-05-28T18:07:39.958Z</time>
			</trkpt>
			<trkpt lat="44.60819" lon="2.0322">
				<ele>198.03</ele>
				<time>2026-05-28T18:07:53.476Z</time>
			</trkpt>
			<trkpt lat="44.60832" lon="2.03189">
				<ele>198.96</ele>
				<time>2026-05-28T18:08:01.336Z</time>
			</trkpt>
			<trkpt lat="44.60846" lon="2.03148">
				<ele>199.14</ele>
				<time>2026-05-28T18:08:11.270Z</time>
			</trkpt>
			<trkpt lat="44.60846" lon="2.03138">
				<ele>198.96</ele>
				<time>2026-05-28T18:08:13.454Z</time>
			</trkpt>
			<trkpt lat="44.60853" lon="2.0312">
				<ele>198.95</ele>
				<time>2026-05-28T18:08:17.935Z</time>
			</trkpt>
			<trkpt lat="44.60906" lon="2.02864">
				<ele>195.73</ele>
				<time>2026-05-28T18:09:12.464Z</time>
			</trkpt>
			<trkpt lat="44.60924" lon="2.02785">
				<ele>195.53</ele>
				<time>2026-05-28T18:09:26.055Z</time>
			</trkpt>
			<trkpt lat="44.60929" lon="2.02763">
				<ele>195.19</ele>
				<time>2026-05-28T18:09:29.695Z</time>
			</trkpt>
			<trkpt lat="44.60938" lon="2.02745">
				<ele>195.54</ele>
				<time>2026-05-28T18:09:33.126Z</time>
			</trkpt>
			<trkpt lat="44.60942" lon="2.02745">
				<ele>195.85</ele>
				<time>2026-05-28T18:09:33.998Z</time>
			</trkpt>
			<trkpt lat="44.60945" lon="2.02741">
				<ele>196</ele>
				<time>2026-05-28T18:09:34.898Z</time>
			</trkpt>
			<trkpt lat="44.60946" lon="2.02733">
				<ele>196</ele>
				<time>2026-05-28T18:09:36.154Z</time>
			</trkpt>
			<trkpt lat="44.60943" lon="2.02729">
				<ele>195.93</ele>
				<time>2026-05-28T18:09:37.052Z</time>
			</trkpt>
			<trkpt lat="44.60939" lon="2.02728">
				<ele>195.65</ele>
				<time>2026-05-28T18:09:37.933Z</time>
			</trkpt>
			<trkpt lat="44.60935" lon="2.0271">
				<ele>195.49</ele>
				<time>2026-05-28T18:09:40.839Z</time>
			</trkpt>
			<trkpt lat="44.60936" lon="2.02662">
				<ele>196.11</ele>
				<time>2026-05-28T18:09:48.258Z</time>
			</trkpt>
			<trkpt lat="44.60934" lon="2.02567">
				<ele>197.65</ele>
				<time>2026-05-28T18:10:03.384Z</time>
			</trkpt>
			<trkpt lat="44.61035" lon="2.02571">
				<ele>201</ele>
				<time>2026-05-28T18:10:26.429Z</time>
			</trkpt>
			<trkpt lat="44.61036" lon="2.02536">
				<ele>201.21</ele>
				<time>2026-05-28T18:10:32.302Z</time>
			</trkpt>
			<trkpt lat="44.61045" lon="2.0244">
				<ele>202.49</ele>
				<time>2026-05-28T18:10:51.074Z</time>
			</trkpt>
			<trkpt lat="44.61057" lon="2.02371">
				<ele>204.16</ele>
				<time>2026-05-28T18:11:01.005Z</time>
			</trkpt>
			<trkpt lat="44.61144" lon="2.01983">
				<ele>206.21</ele>
				<time>2026-05-28T18:11:41.520Z</time>
			</trkpt>
			<trkpt lat="44.61157" lon="2.01931">
				<ele>204.22</ele>
				<time>2026-05-28T18:11:46.907Z</time>
			</trkpt>
			<trkpt lat="44.61174" lon="2.01895">
				<ele>203.53</ele>
				<time>2026-05-28T18:11:51.112Z</time>
			</trkpt>
			<trkpt lat="44.61235" lon="2.01808">
				<ele>205.98</ele>
				<time>2026-05-28T18:12:02.921Z</time>
			</trkpt>
			<trkpt lat="44.61246" lon="2.01789">
				<ele>206.64</ele>
				<time>2026-05-28T18:12:05.275Z</time>
			</trkpt>
			<trkpt lat="44.61256" lon="2.01765">
				<ele>207.02</ele>
				<time>2026-05-28T18:12:07.942Z</time>
			</trkpt>
			<trkpt lat="44.61285" lon="2.01649">
				<ele>209.73</ele>
				<time>2026-05-28T18:12:19.662Z</time>
			</trkpt>
			<trkpt lat="44.61296" lon="2.01613">
				<ele>210.31</ele>
				<time>2026-05-28T18:12:23.372Z</time>
			</trkpt>
			<trkpt lat="44.61306" lon="2.01592">
				<ele>211.32</ele>
				<time>2026-05-28T18:12:25.758Z</time>
			</trkpt>
			<trkpt lat="44.61316" lon="2.0158">
				<ele>212.27</ele>
				<time>2026-05-28T18:12:27.500Z</time>
			</trkpt>
			<trkpt lat="44.61329" lon="2.01568">
				<ele>213.49</ele>
				<time>2026-05-28T18:12:29.557Z</time>
			</trkpt>
			<trkpt lat="44.6139" lon="2.01526">
				<ele>217.13</ele>
				<time>2026-05-28T18:12:38.496Z</time>
			</trkpt>
			<trkpt lat="44.61447" lon="2.01483">
				<ele>222.52</ele>
				<time>2026-05-28T18:12:46.945Z</time>
			</trkpt>
			<trkpt lat="44.61475" lon="2.01459">
				<ele>223.33</ele>
				<time>2026-05-28T18:12:51.205Z</time>
			</trkpt>
			<trkpt lat="44.61493" lon="2.01434">
				<ele>226.02</ele>
				<time>2026-05-28T18:12:54.481Z</time>
			</trkpt>
			<trkpt lat="44.61532" lon="2.01344">
				<ele>233.3</ele>
				<time>2026-05-28T18:13:04.132Z</time>
			</trkpt>
			<trkpt lat="44.61547" lon="2.01323">
				<ele>235.02</ele>
				<time>2026-05-28T18:13:06.842Z</time>
			</trkpt>
			<trkpt lat="44.61577" lon="2.01283">
				<ele>237.75</ele>
				<time>2026-05-28T18:13:12.116Z</time>
			</trkpt>
			<trkpt lat="44.61602" lon="2.01246">
				<ele>241.55</ele>
				<time>2026-05-28T18:13:16.725Z</time>
			</trkpt>
			<trkpt lat="44.61613" lon="2.01214">
				<ele>245.19</ele>
				<time>2026-05-28T18:13:19.924Z</time>
			</trkpt>
			<trkpt lat="44.61624" lon="2.01171">
				<ele>250.21</ele>
				<time>2026-05-28T18:13:24.024Z</time>
			</trkpt>
			<trkpt lat="44.61631" lon="2.01099">
				<ele>256.14</ele>
				<time>2026-05-28T18:13:30.513Z</time>
			</trkpt>
			<trkpt lat="44.61638" lon="2.01082">
				<ele>258.25</ele>
				<time>2026-05-28T18:13:32.261Z</time>
			</trkpt>
			<trkpt lat="44.61648" lon="2.01068">
				<ele>257.07</ele>
				<time>2026-05-28T18:13:34.022Z</time>
			</trkpt>
			<trkpt lat="44.61674" lon="2.01053">
				<ele>254.94</ele>
				<time>2026-05-28T18:13:37.520Z</time>
			</trkpt>
			<trkpt lat="44.61686" lon="2.01051">
				<ele>254.65</ele>
				<time>2026-05-28T18:13:39.021Z</time>
			</trkpt>
			<trkpt lat="44.61703" lon="2.01056">
				<ele>255.19</ele>
				<time>2026-05-28T18:13:41.174Z</time>
			</trkpt>
			<trkpt lat="44.61709" lon="2.01061">
				<ele>255.46</ele>
				<time>2026-05-28T18:13:42.037Z</time>
			</trkpt>
			<trkpt lat="44.61736" lon="2.01107">
				<ele>254.82</ele>
				<time>2026-05-28T18:13:47.276Z</time>
			</trkpt>
			<trkpt lat="44.61744" lon="2.01114">
				<ele>255.35</ele>
				<time>2026-05-28T18:13:48.436Z</time>
			</trkpt>
			<trkpt lat="44.61758" lon="2.01114">
				<ele>255.18</ele>
				<time>2026-05-28T18:13:50.156Z</time>
			</trkpt>
			<trkpt lat="44.61766" lon="2.01109">
				<ele>254.96</ele>
				<time>2026-05-28T18:13:51.231Z</time>
			</trkpt>
			<trkpt lat="44.61772" lon="2.01101">
				<ele>255.67</ele>
				<time>2026-05-28T18:13:52.245Z</time>
			</trkpt>
			<trkpt lat="44.61775" lon="2.0109">
				<ele>256.99</ele>
				<time>2026-05-28T18:13:53.272Z</time>
			</trkpt>
			<trkpt lat="44.61788" lon="2.01026">
				<ele>263.58</ele>
				<time>2026-05-28T18:13:59.056Z</time>
			</trkpt>
			<trkpt lat="44.61809" lon="2.00968">
				<ele>269.43</ele>
				<time>2026-05-28T18:14:04.681Z</time>
			</trkpt>
			<trkpt lat="44.61817" lon="2.00942">
				<ele>270.47</ele>
				<time>2026-05-28T18:14:07.120Z</time>
			</trkpt>
			<trkpt lat="44.61821" lon="2.00919">
				<ele>272.1</ele>
				<time>2026-05-28T18:14:09.154Z</time>
			</trkpt>
			<trkpt lat="44.61824" lon="2.00897">
				<ele>273.21</ele>
				<time>2026-05-28T18:14:11.075Z</time>
			</trkpt>
			<trkpt lat="44.61821" lon="2.00832">
				<ele>276.51</ele>
				<time>2026-05-28T18:14:16.641Z</time>
			</trkpt>
			<trkpt lat="44.61825" lon="2.00807">
				<ele>279.38</ele>
				<time>2026-05-28T18:14:18.822Z</time>
			</trkpt>
			<trkpt lat="44.6183" lon="2.00794">
				<ele>280.36</ele>
				<time>2026-05-28T18:14:20.078Z</time>
			</trkpt>
			<trkpt lat="44.61837" lon="2.00782">
				<ele>281.73</ele>
				<time>2026-05-28T18:14:21.394Z</time>
			</trkpt>
			<trkpt lat="44.61862" lon="2.00751">
				<ele>285.81</ele>
				<time>2026-05-28T18:14:25.360Z</time>
			</trkpt>
			<trkpt lat="44.61872" lon="2.00736">
				<ele>286.81</ele>
				<time>2026-05-28T18:14:27.095Z</time>
			</trkpt>
			<trkpt lat="44.61913" lon="2.00648">
				<ele>288.63</ele>
				<time>2026-05-28T18:14:35.928Z</time>
			</trkpt>
			<trkpt lat="44.61957" lon="2.00567">
				<ele>296.16</ele>
				<time>2026-05-28T18:14:44.412Z</time>
			</trkpt>
			<trkpt lat="44.61962" lon="2.00554">
				<ele>297.81</ele>
				<time>2026-05-28T18:14:45.636Z</time>
			</trkpt>
			<trkpt lat="44.61964" lon="2.00542">
				<ele>299.23</ele>
				<time>2026-05-28T18:14:46.657Z</time>
			</trkpt>
			<trkpt lat="44.61964" lon="2.00515">
				<ele>301.6</ele>
				<time>2026-05-28T18:14:48.888Z</time>
			</trkpt>
			<trkpt lat="44.61961" lon="2.00503">
				<ele>301.92</ele>
				<time>2026-05-28T18:14:49.937Z</time>
			</trkpt>
			<trkpt lat="44.61949" lon="2.00477">
				<ele>301.02</ele>
				<time>2026-05-28T18:14:52.489Z</time>
			</trkpt>
			<trkpt lat="44.61941" lon="2.00466">
				<ele>301.14</ele>
				<time>2026-05-28T18:14:53.781Z</time>
			</trkpt>
			<trkpt lat="44.61929" lon="2.00458">
				<ele>302.07</ele>
				<time>2026-05-28T18:14:55.313Z</time>
			</trkpt>
			<trkpt lat="44.61918" lon="2.00453">
				<ele>303.14</ele>
				<time>2026-05-28T18:14:56.644Z</time>
			</trkpt>
			<trkpt lat="44.61826" lon="2.00432">
				<ele>304.5</ele>
				<time>2026-05-28T18:15:07.310Z</time>
			</trkpt>
			<trkpt lat="44.61787" lon="2.00424">
				<ele>306</ele>
				<time>2026-05-28T18:15:11.785Z</time>
			</trkpt>
			<trkpt lat="44.6175" lon="2.00419">
				<ele>305</ele>
				<time>2026-05-28T18:15:15.987Z</time>
			</trkpt>
			<trkpt lat="44.61695" lon="2.00415">
				<ele>306.89</ele>
				<time>2026-05-28T18:15:22.180Z</time>
			</trkpt>
			<trkpt lat="44.61677" lon="2.00411">
				<ele>306.13</ele>
				<time>2026-05-28T18:15:24.220Z</time>
			</trkpt>
			<trkpt lat="44.61664" lon="2.00405">
				<ele>305.53</ele>
				<time>2026-05-28T18:15:25.749Z</time>
			</trkpt>
			<trkpt lat="44.61652" lon="2.00396">
				<ele>305.12</ele>
				<time>2026-05-28T18:15:27.267Z</time>
			</trkpt>
			<trkpt lat="44.61633" lon="2.00371">
				<ele>304.36</ele>
				<time>2026-05-28T18:15:30.165Z</time>
			</trkpt>
			<trkpt lat="44.61616" lon="2.00341">
				<ele>302.6</ele>
				<time>2026-05-28T18:15:33.193Z</time>
			</trkpt>
			<trkpt lat="44.61604" lon="2.00304">
				<ele>301.25</ele>
				<time>2026-05-28T18:15:36.395Z</time>
			</trkpt>
			<trkpt lat="44.61596" lon="2.00272">
				<ele>300.18</ele>
				<time>2026-05-28T18:15:39.057Z</time>
			</trkpt>
			<trkpt lat="44.61592" lon="2.00224">
				<ele>297.4</ele>
				<time>2026-05-28T18:15:42.837Z</time>
			</trkpt>
			<trkpt lat="44.61595" lon="2.00181">
				<ele>297.02</ele>
				<time>2026-05-28T18:15:46.203Z</time>
			</trkpt>
			<trkpt lat="44.61613" lon="2.00052">
				<ele>290.35</ele>
				<time>2026-05-28T18:15:56.373Z</time>
			</trkpt>
			<trkpt lat="44.61619" lon="2.00025">
				<ele>290.05</ele>
				<time>2026-05-28T18:15:58.546Z</time>
			</trkpt>
			<trkpt lat="44.61642" lon="1.99942">
				<ele>287.35</ele>
				<time>2026-05-28T18:16:05.357Z</time>
			</trkpt>
			<trkpt lat="44.61646" lon="1.99919">
				<ele>287.83</ele>
				<time>2026-05-28T18:16:07.160Z</time>
			</trkpt>
			<trkpt lat="44.61647" lon="1.99898">
				<ele>288.17</ele>
				<time>2026-05-28T18:16:08.759Z</time>
			</trkpt>
			<trkpt lat="44.61645" lon="1.99878">
				<ele>287.94</ele>
				<time>2026-05-28T18:16:10.290Z</time>
			</trkpt>
			<trkpt lat="44.61637" lon="1.99851">
				<ele>286.52</ele>
				<time>2026-05-28T18:16:12.504Z</time>
			</trkpt>
			<trkpt lat="44.61587" lon="1.99752">
				<ele>282</ele>
				<time>2026-05-28T18:16:21.634Z</time>
			</trkpt>
			<trkpt lat="44.61571" lon="1.99716">
				<ele>282.52</ele>
				<time>2026-05-28T18:16:24.805Z</time>
			</trkpt>
			<trkpt lat="44.61567" lon="1.99691">
				<ele>283.26</ele>
				<time>2026-05-28T18:16:26.713Z</time>
			</trkpt>
			<trkpt lat="44.61568" lon="1.99676">
				<ele>283.09</ele>
				<time>2026-05-28T18:16:27.834Z</time>
			</trkpt>
			<trkpt lat="44.61569" lon="1.99662">
				<ele>282.67</ele>
				<time>2026-05-28T18:16:28.879Z</time>
			</trkpt>
			<trkpt lat="44.61574" lon="1.9964">
				<ele>281.18</ele>
				<time>2026-05-28T18:16:30.592Z</time>
			</trkpt>
			<trkpt lat="44.61617" lon="1.99549">
				<ele>274.64</ele>
				<time>2026-05-28T18:16:38.648Z</time>
			</trkpt>
			<trkpt lat="44.61628" lon="1.99512">
				<ele>271.12</ele>
				<time>2026-05-28T18:16:41.587Z</time>
			</trkpt>
			<trkpt lat="44.61654" lon="1.99384">
				<ele>256.98</ele>
				<time>2026-05-28T18:16:51.274Z</time>
			</trkpt>
			<trkpt lat="44.61661" lon="1.99358">
				<ele>256.61</ele>
				<time>2026-05-28T18:16:53.284Z</time>
			</trkpt>
			<trkpt lat="44.61668" lon="1.99338">
				<ele>256.42</ele>
				<time>2026-05-28T18:16:54.891Z</time>
			</trkpt>
			<trkpt lat="44.61688" lon="1.99296">
				<ele>254.45</ele>
				<time>2026-05-28T18:16:58.526Z</time>
			</trkpt>
			<trkpt lat="44.61719" lon="1.99245">
				<ele>252.27</ele>
				<time>2026-05-28T18:17:03.326Z</time>
			</trkpt>
			<trkpt lat="44.6174" lon="1.99218">
				<ele>249.7</ele>
				<time>2026-05-28T18:17:06.175Z</time>
			</trkpt>
			<trkpt lat="44.61754" lon="1.99203">
				<ele>248.62</ele>
				<time>2026-05-28T18:17:07.933Z</time>
			</trkpt>
			<trkpt lat="44.61776" lon="1.99191">
				<ele>248.31</ele>
				<time>2026-05-28T18:17:10.284Z</time>
			</trkpt>
			<trkpt lat="44.6186" lon="1.99166">
				<ele>246.78</ele>
				<time>2026-05-28T18:17:18.781Z</time>
			</trkpt>
			<trkpt lat="44.61873" lon="1.99164">
				<ele>245.61</ele>
				<time>2026-05-28T18:17:20.068Z</time>
			</trkpt>
			<trkpt lat="44.61884" lon="1.99167">
				<ele>245.38</ele>
				<time>2026-05-28T18:17:21.169Z</time>
			</trkpt>
			<trkpt lat="44.61901" lon="1.99178">
				<ele>244.32</ele>
				<time>2026-05-28T18:17:23.005Z</time>
			</trkpt>
			<trkpt lat="44.61911" lon="1.99195">
				<ele>244.1</ele>
				<time>2026-05-28T18:17:24.542Z</time>
			</trkpt>
			<trkpt lat="44.61921" lon="1.99221">
				<ele>244.47</ele>
				<time>2026-05-28T18:17:26.597Z</time>
			</trkpt>
			<trkpt lat="44.61931" lon="1.99241">
				<ele>245.14</ele>
				<time>2026-05-28T18:17:28.292Z</time>
			</trkpt>
			<trkpt lat="44.61941" lon="1.99251">
				<ele>244.34</ele>
				<time>2026-05-28T18:17:29.487Z</time>
			</trkpt>
			<trkpt lat="44.6195" lon="1.99258">
				<ele>242.75</ele>
				<time>2026-05-28T18:17:30.486Z</time>
			</trkpt>
			<trkpt lat="44.6196" lon="1.9926">
				<ele>240.12</ele>
				<time>2026-05-28T18:17:31.466Z</time>
			</trkpt>
			<trkpt lat="44.6197" lon="1.99259">
				<ele>236.75</ele>
				<time>2026-05-28T18:17:32.438Z</time>
			</trkpt>
			<trkpt lat="44.61981" lon="1.99255">
				<ele>235.09</ele>
				<time>2026-05-28T18:17:33.539Z</time>
			</trkpt>
			<trkpt lat="44.62281" lon="1.99109">
				<ele>218.52</ele>
				<time>2026-05-28T18:18:03.701Z</time>
			</trkpt>
			<trkpt lat="44.62305" lon="1.99105">
				<ele>216.75</ele>
				<time>2026-05-28T18:18:05.952Z</time>
			</trkpt>
			<trkpt lat="44.62337" lon="1.99112">
				<ele>217.62</ele>
				<time>2026-05-28T18:18:08.959Z</time>
			</trkpt>
			<trkpt lat="44.62407" lon="1.99121">
				<ele>215.99</ele>
				<time>2026-05-28T18:18:15.446Z</time>
			</trkpt>
			<trkpt lat="44.6245" lon="1.99121">
				<ele>214.58</ele>
				<time>2026-05-28T18:18:19.389Z</time>
			</trkpt>
			<trkpt lat="44.62511" lon="1.9911">
				<ele>210.68</ele>
				<time>2026-05-28T18:18:24.994Z</time>
			</trkpt>
			<trkpt lat="44.62522" lon="1.99106">
				<ele>210.03</ele>
				<time>2026-05-28T18:18:26.026Z</time>
			</trkpt>
			<trkpt lat="44.62531" lon="1.99099">
				<ele>208.13</ele>
				<time>2026-05-28T18:18:26.958Z</time>
			</trkpt>
			<trkpt lat="44.62541" lon="1.99087">
				<ele>204.75</ele>
				<time>2026-05-28T18:18:28.149Z</time>
			</trkpt>
			<trkpt lat="44.62549" lon="1.99073">
				<ele>202.42</ele>
				<time>2026-05-28T18:18:29.304Z</time>
			</trkpt>
			<trkpt lat="44.62579" lon="1.99011">
				<ele>200.8</ele>
				<time>2026-05-28T18:18:34.109Z</time>
			</trkpt>
			<trkpt lat="44.62641" lon="1.98876">
				<ele>202.26</ele>
				<time>2026-05-28T18:18:44.309Z</time>
			</trkpt>
			<trkpt lat="44.62687" lon="1.98792">
				<ele>206.91</ele>
				<time>2026-05-28T18:18:50.965Z</time>
			</trkpt>
			<trkpt lat="44.62716" lon="1.98739">
				<ele>209</ele>
				<time>2026-05-28T18:18:55.134Z</time>
			</trkpt>
			<trkpt lat="44.6277" lon="1.9864">
				<ele>213.55</ele>
				<time>2026-05-28T18:19:02.853Z</time>
			</trkpt>
			<trkpt lat="44.62828" lon="1.98537">
				<ele>220.47</ele>
				<time>2026-05-28T18:19:10.897Z</time>
			</trkpt>
			<trkpt lat="44.62837" lon="1.98513">
				<ele>221.45</ele>
				<time>2026-05-28T18:19:12.548Z</time>
			</trkpt>
			<trkpt lat="44.62846" lon="1.9848">
				<ele>223.05</ele>
				<time>2026-05-28T18:19:14.693Z</time>
			</trkpt>
			<trkpt lat="44.62857" lon="1.98413">
				<ele>227.21</ele>
				<time>2026-05-28T18:19:18.850Z</time>
			</trkpt>
			<trkpt lat="44.62861" lon="1.98373">
				<ele>228.57</ele>
				<time>2026-05-28T18:19:21.281Z</time>
			</trkpt>
			<trkpt lat="44.62866" lon="1.98339">
				<ele>231.09</ele>
				<time>2026-05-28T18:19:23.365Z</time>
			</trkpt>
			<trkpt lat="44.6287" lon="1.9832">
				<ele>232.03</ele>
				<time>2026-05-28T18:19:24.551Z</time>
			</trkpt>
			<trkpt lat="44.62879" lon="1.98297">
				<ele>233.71</ele>
				<time>2026-05-28T18:19:26.120Z</time>
			</trkpt>
			<trkpt lat="44.62928" lon="1.98221">
				<ele>239.13</ele>
				<time>2026-05-28T18:19:32.219Z</time>
			</trkpt>
			<trkpt lat="44.6295" lon="1.98182">
				<ele>241.72</ele>
				<time>2026-05-28T18:19:35.160Z</time>
			</trkpt>
			<trkpt lat="44.63008" lon="1.98051">
				<ele>246.13</ele>
				<time>2026-05-28T18:19:44.207Z</time>
			</trkpt>
			<trkpt lat="44.63023" lon="1.98021">
				<ele>248.11</ele>
				<time>2026-05-28T18:19:46.340Z</time>
			</trkpt>
			<trkpt lat="44.63046" lon="1.97989">
				<ele>252.62</ele>
				<time>2026-05-28T18:19:48.979Z</time>
			</trkpt>
			<trkpt lat="44.63206" lon="1.9781">
				<ele>268.85</ele>
				<time>2026-05-28T18:20:05.434Z</time>
			</trkpt>
			<trkpt lat="44.63233" lon="1.97777">
				<ele>269.66</ele>
				<time>2026-05-28T18:20:08.275Z</time>
			</trkpt>
			<trkpt lat="44.63347" lon="1.97624">
				<ele>278.75</ele>
				<time>2026-05-28T18:20:20.663Z</time>
			</trkpt>
			<trkpt lat="44.63381" lon="1.97589">
				<ele>279.44</ele>
				<time>2026-05-28T18:20:23.939Z</time>
			</trkpt>
			<trkpt lat="44.63412" lon="1.97564">
				<ele>283.96</ele>
				<time>2026-05-28T18:20:26.707Z</time>
			</trkpt>
			<trkpt lat="44.63418" lon="1.97551">
				<ele>285.93</ele>
				<time>2026-05-28T18:20:27.558Z</time>
			</trkpt>
			<trkpt lat="44.63422" lon="1.97536">
				<ele>288.46</ele>
				<time>2026-05-28T18:20:28.437Z</time>
			</trkpt>
			<trkpt lat="44.63421" lon="1.97517">
				<ele>290.21</ele>
				<time>2026-05-28T18:20:29.482Z</time>
			</trkpt>
			<trkpt lat="44.63402" lon="1.97472">
				<ele>290.99</ele>
				<time>2026-05-28T18:20:32.342Z</time>
			</trkpt>
			<trkpt lat="44.63394" lon="1.97444">
				<ele>291.97</ele>
				<time>2026-05-28T18:20:33.986Z</time>
			</trkpt>
			<trkpt lat="44.6339" lon="1.97406">
				<ele>292.07</ele>
				<time>2026-05-28T18:20:36.074Z</time>
			</trkpt>
			<trkpt lat="44.63384" lon="1.97117">
				<ele>302.92</ele>
				<time>2026-05-28T18:20:51.598Z</time>
			</trkpt>
			<trkpt lat="44.63389" lon="1.97087">
				<ele>305.73</ele>
				<time>2026-05-28T18:20:53.233Z</time>
			</trkpt>
			<trkpt lat="44.634" lon="1.97055">
				<ele>307.85</ele>
				<time>2026-05-28T18:20:55.114Z</time>
			</trkpt>
			<trkpt lat="44.63476" lon="1.96941">
				<ele>310.77</ele>
				<time>2026-05-28T18:21:03.323Z</time>
			</trkpt>
			<trkpt lat="44.63482" lon="1.9693">
				<ele>311.79</ele>
				<time>2026-05-28T18:21:04.047Z</time>
			</trkpt>
			<trkpt lat="44.63492" lon="1.96901">
				<ele>313.63</ele>
				<time>2026-05-28T18:21:05.727Z</time>
			</trkpt>
			<trkpt lat="44.63496" lon="1.96883">
				<ele>314.21</ele>
				<time>2026-05-28T18:21:06.709Z</time>
			</trkpt>
			<trkpt lat="44.63498" lon="1.96862">
				<ele>313.79</ele>
				<time>2026-05-28T18:21:07.810Z</time>
			</trkpt>
			<trkpt lat="44.63499" lon="1.96787">
				<ele>320.17</ele>
				<time>2026-05-28T18:21:11.694Z</time>
			</trkpt>
			<trkpt lat="44.63499" lon="1.96647">
				<ele>329.2</ele>
				<time>2026-05-28T18:21:18.888Z</time>
			</trkpt>
			<trkpt lat="44.63504" lon="1.9661">
				<ele>331.33</ele>
				<time>2026-05-28T18:21:20.811Z</time>
			</trkpt>
			<trkpt lat="44.63515" lon="1.9657">
				<ele>332.63</ele>
				<time>2026-05-28T18:21:22.994Z</time>
			</trkpt>
			<trkpt lat="44.63533" lon="1.96524">
				<ele>334.04</ele>
				<time>2026-05-28T18:21:25.658Z</time>
			</trkpt>
			<trkpt lat="44.63535" lon="1.96515">
				<ele>334.24</ele>
				<time>2026-05-28T18:21:26.136Z</time>
			</trkpt>
			<trkpt lat="44.63537" lon="1.96488">
				<ele>334.68</ele>
				<time>2026-05-28T18:21:27.508Z</time>
			</trkpt>
			<trkpt lat="44.63538" lon="1.96367">
				<ele>337.04</ele>
				<time>2026-05-28T18:21:33.595Z</time>
			</trkpt>
			<trkpt lat="44.63543" lon="1.96343">
				<ele>338.18</ele>
				<time>2026-05-28T18:21:34.846Z</time>
			</trkpt>
			<trkpt lat="44.6356" lon="1.96291">
				<ele>340.69</ele>
				<time>2026-05-28T18:21:37.702Z</time>
			</trkpt>
			<trkpt lat="44.63564" lon="1.96268">
				<ele>340.79</ele>
				<time>2026-05-28T18:21:38.880Z</time>
			</trkpt>
			<trkpt lat="44.63562" lon="1.96183">
				<ele>338.1</ele>
				<time>2026-05-28T18:21:43.096Z</time>
			</trkpt>
			<trkpt lat="44.63565" lon="1.96161">
				<ele>337.08</ele>
				<time>2026-05-28T18:21:44.203Z</time>
			</trkpt>
			<trkpt lat="44.63569" lon="1.96149">
				<ele>336.68</ele>
				<time>2026-05-28T18:21:44.856Z</time>
			</trkpt>
			<trkpt lat="44.63586" lon="1.96123">
				<ele>336.51</ele>
				<time>2026-05-28T18:21:46.595Z</time>
			</trkpt>
			<trkpt lat="44.63636" lon="1.96074">
				<ele>333.69</ele>
				<time>2026-05-28T18:21:50.797Z</time>
			</trkpt>
			<trkpt lat="44.63651" lon="1.96054">
				<ele>332.91</ele>
				<time>2026-05-28T18:21:52.216Z</time>
			</trkpt>
			<trkpt lat="44.63658" lon="1.96041">
				<ele>332.18</ele>
				<time>2026-05-28T18:21:53.012Z</time>
			</trkpt>
			<trkpt lat="44.63661" lon="1.96024">
				<ele>331.52</ele>
				<time>2026-05-28T18:21:53.865Z</time>
			</trkpt>
			<trkpt lat="44.63667" lon="1.95961">
				<ele>329.15</ele>
				<time>2026-05-28T18:21:56.954Z</time>
			</trkpt>
			<trkpt lat="44.63669" lon="1.95922">
				<ele>329.19</ele>
				<time>2026-05-28T18:21:58.847Z</time>
			</trkpt>
			<trkpt lat="44.63665" lon="1.95901">
				<ele>328.91</ele>
				<time>2026-05-28T18:21:59.898Z</time>
			</trkpt>
			<trkpt lat="44.63658" lon="1.95885">
				<ele>328.4</ele>
				<time>2026-05-28T18:22:00.804Z</time>
			</trkpt>
			<trkpt lat="44.63643" lon="1.95858">
				<ele>327.32</ele>
				<time>2026-05-28T18:22:02.454Z</time>
			</trkpt>
			<trkpt lat="44.63639" lon="1.95847">
				<ele>327.01</ele>
				<time>2026-05-28T18:22:03.049Z</time>
			</trkpt>
			<trkpt lat="44.63636" lon="1.9583">
				<ele>326.92</ele>
				<time>2026-05-28T18:22:03.890Z</time>
			</trkpt>
			<trkpt lat="44.63637" lon="1.95796">
				<ele>327.21</ele>
				<time>2026-05-28T18:22:05.523Z</time>
			</trkpt>
			<trkpt lat="44.63648" lon="1.95687">
				<ele>331.35</ele>
				<time>2026-05-28T18:22:10.779Z</time>
			</trkpt>
			<trkpt lat="44.63662" lon="1.95639">
				<ele>333.84</ele>
				<time>2026-05-28T18:22:13.243Z</time>
			</trkpt>
			<trkpt lat="44.63711" lon="1.95538">
				<ele>327.7</ele>
				<time>2026-05-28T18:22:19.017Z</time>
			</trkpt>
			<trkpt lat="44.63722" lon="1.95501">
				<ele>327.94</ele>
				<time>2026-05-28T18:22:20.901Z</time>
			</trkpt>
			<trkpt lat="44.63762" lon="1.95301">
				<ele>333.1</ele>
				<time>2026-05-28T18:22:30.586Z</time>
			</trkpt>
			<trkpt lat="44.63789" lon="1.9519">
				<ele>333.91</ele>
				<time>2026-05-28T18:22:35.999Z</time>
			</trkpt>
			<trkpt lat="44.63838" lon="1.95049">
				<ele>340.27</ele>
				<time>2026-05-28T18:22:43.181Z</time>
			</trkpt>
			<trkpt lat="44.63875" lon="1.94958">
				<ele>345.78</ele>
				<time>2026-05-28T18:22:47.940Z</time>
			</trkpt>
			<trkpt lat="44.63912" lon="1.94852">
				<ele>345.72</ele>
				<time>2026-05-28T18:22:53.266Z</time>
			</trkpt>
			<trkpt lat="44.63929" lon="1.94818">
				<ele>345</ele>
				<time>2026-05-28T18:22:55.132Z</time>
			</trkpt>
			<trkpt lat="44.64011" lon="1.94694">
				<ele>347</ele>
				<time>2026-05-28T18:23:02.687Z</time>
			</trkpt>
			<trkpt lat="44.64028" lon="1.94664">
				<ele>347.79</ele>
				<time>2026-05-28T18:23:04.389Z</time>
			</trkpt>
			<trkpt lat="44.64043" lon="1.94632">
				<ele>347</ele>
				<time>2026-05-28T18:23:06.086Z</time>
			</trkpt>
			<trkpt lat="44.64105" lon="1.94469">
				<ele>353.43</ele>
				<time>2026-05-28T18:23:14.219Z</time>
			</trkpt>
			<trkpt lat="44.64118" lon="1.94442">
				<ele>354.69</ele>
				<time>2026-05-28T18:23:15.645Z</time>
			</trkpt>
			<trkpt lat="44.64132" lon="1.94417">
				<ele>355.33</ele>
				<time>2026-05-28T18:23:17.035Z</time>
			</trkpt>
			<trkpt lat="44.64201" lon="1.94318">
				<ele>352.46</ele>
				<time>2026-05-28T18:23:23.060Z</time>
			</trkpt>
			<trkpt lat="44.64221" lon="1.94286">
				<ele>350.66</ele>
				<time>2026-05-28T18:23:24.903Z</time>
			</trkpt>
			<trkpt lat="44.64269" lon="1.94195">
				<ele>351.38</ele>
				<time>2026-05-28T18:23:29.785Z</time>
			</trkpt>
			<trkpt lat="44.6431" lon="1.94103">
				<ele>353.27</ele>
				<time>2026-05-28T18:23:34.437Z</time>
			</trkpt>
			<trkpt lat="44.64336" lon="1.94049">
				<ele>354.7</ele>
				<time>2026-05-28T18:23:37.220Z</time>
			</trkpt>
			<trkpt lat="44.64364" lon="1.94009">
				<ele>350.83</ele>
				<time>2026-05-28T18:23:39.608Z</time>
			</trkpt>
			<trkpt lat="44.64448" lon="1.93904">
				<ele>342.54</ele>
				<time>2026-05-28T18:23:46.296Z</time>
			</trkpt>
			<trkpt lat="44.6447" lon="1.93872">
				<ele>342.89</ele>
				<time>2026-05-28T18:23:48.171Z</time>
			</trkpt>
			<trkpt lat="44.64482" lon="1.93849">
				<ele>342.09</ele>
				<time>2026-05-28T18:23:49.371Z</time>
			</trkpt>
			<trkpt lat="44.64492" lon="1.93825">
				<ele>341.35</ele>
				<time>2026-05-28T18:23:50.539Z</time>
			</trkpt>
			<trkpt lat="44.64498" lon="1.93802">
				<ele>340.79</ele>
				<time>2026-05-28T18:23:51.567Z</time>
			</trkpt>
			<trkpt lat="44.64501" lon="1.93782">
				<ele>340.19</ele>
				<time>2026-05-28T18:23:52.424Z</time>
			</trkpt>
			<trkpt lat="44.64503" lon="1.93739">
				<ele>341.16</ele>
				<time>2026-05-28T18:23:54.227Z</time>
			</trkpt>
			<trkpt lat="44.64506" lon="1.93716">
				<ele>343.41</ele>
				<time>2026-05-28T18:23:55.205Z</time>
			</trkpt>
			<trkpt lat="44.64512" lon="1.93696">
				<ele>344.83</ele>
				<time>2026-05-28T18:23:56.111Z</time>
			</trkpt>
			<trkpt lat="44.64552" lon="1.93602">
				<ele>348.08</ele>
				<time>2026-05-28T18:24:00.671Z</time>
			</trkpt>
			<trkpt lat="44.64564" lon="1.93569">
				<ele>350.02</ele>
				<time>2026-05-28T18:24:02.209Z</time>
			</trkpt>
			<trkpt lat="44.64574" lon="1.93535">
				<ele>349.18</ele>
				<time>2026-05-28T18:24:03.734Z</time>
			</trkpt>
			<trkpt lat="44.64581" lon="1.93517">
				<ele>348.97</ele>
				<time>2026-05-28T18:24:04.583Z</time>
			</trkpt>
			<trkpt lat="44.64595" lon="1.935">
				<ele>348.98</ele>
				<time>2026-05-28T18:24:05.658Z</time>
			</trkpt>
			<trkpt lat="44.64635" lon="1.93471">
				<ele>348.99</ele>
				<time>2026-05-28T18:24:08.269Z</time>
			</trkpt>
			<trkpt lat="44.64653" lon="1.93453">
				<ele>349.51</ele>
				<time>2026-05-28T18:24:09.548Z</time>
			</trkpt>
			<trkpt lat="44.64665" lon="1.93434">
				<ele>349.94</ele>
				<time>2026-05-28T18:24:10.594Z</time>
			</trkpt>
			<trkpt lat="44.64721" lon="1.93316">
				<ele>349.36</ele>
				<time>2026-05-28T18:24:16.411Z</time>
			</trkpt>
			<trkpt lat="44.6484" lon="1.93062">
				<ele>349</ele>
				<time>2026-05-28T18:24:28.779Z</time>
			</trkpt>
			<trkpt lat="44.64851" lon="1.93045">
				<ele>348.76</ele>
				<time>2026-05-28T18:24:29.708Z</time>
			</trkpt>
			<trkpt lat="44.64865" lon="1.93034">
				<ele>348.08</ele>
				<time>2026-05-28T18:24:30.619Z</time>
			</trkpt>
			<trkpt lat="44.64878" lon="1.93028">
				<ele>347.37</ele>
				<time>2026-05-28T18:24:31.396Z</time>
			</trkpt>
			<trkpt lat="44.64922" lon="1.93015">
				<ele>346.54</ele>
				<time>2026-05-28T18:24:33.943Z</time>
			</trkpt>
			<trkpt lat="44.64936" lon="1.93006">
				<ele>346.22</ele>
				<time>2026-05-28T18:24:34.815Z</time>
			</trkpt>
			<trkpt lat="44.64948" lon="1.9299">
				<ele>345.39</ele>
				<time>2026-05-28T18:24:35.750Z</time>
			</trkpt>
			<trkpt lat="44.64964" lon="1.92964">
				<ele>344.3</ele>
				<time>2026-05-28T18:24:37.131Z</time>
			</trkpt>
			<trkpt lat="44.64985" lon="1.92923">
				<ele>342.53</ele>
				<time>2026-05-28T18:24:39.159Z</time>
			</trkpt>
			<trkpt lat="44.64996" lon="1.92893">
				<ele>341.07</ele>
				<time>2026-05-28T18:24:40.512Z</time>
			</trkpt>
			<trkpt lat="44.65038" lon="1.92735">
				<ele>336.39</ele>
				<time>2026-05-28T18:24:47.251Z</time>
			</trkpt>
			<trkpt lat="44.65046" lon="1.92697">
				<ele>338.17</ele>
				<time>2026-05-28T18:24:48.830Z</time>
			</trkpt>
			<trkpt lat="44.6505" lon="1.92665">
				<ele>339.61</ele>
				<time>2026-05-28T18:24:50.123Z</time>
			</trkpt>
			<trkpt lat="44.6505" lon="1.92637">
				<ele>339.94</ele>
				<time>2026-05-28T18:24:51.236Z</time>
			</trkpt>
			<trkpt lat="44.6504" lon="1.92323">
				<ele>339.95</ele>
				<time>2026-05-28T18:25:03.676Z</time>
			</trkpt>
			<trkpt lat="44.65043" lon="1.92294">
				<ele>339.5</ele>
				<time>2026-05-28T18:25:04.831Z</time>
			</trkpt>
			<trkpt lat="44.6505" lon="1.92275">
				<ele>339.66</ele>
				<time>2026-05-28T18:25:05.674Z</time>
			</trkpt>
			<trkpt lat="44.6506" lon="1.9226">
				<ele>340.87</ele>
				<time>2026-05-28T18:25:06.483Z</time>
			</trkpt>
			<trkpt lat="44.65127" lon="1.92189">
				<ele>345.26</ele>
				<time>2026-05-28T18:25:11.119Z</time>
			</trkpt>
			<trkpt lat="44.6515" lon="1.92161">
				<ele>347.03</ele>
				<time>2026-05-28T18:25:12.797Z</time>
			</trkpt>
			<trkpt lat="44.65184" lon="1.92125">
				<ele>350.96</ele>
				<time>2026-05-28T18:25:15.142Z</time>
			</trkpt>
			<trkpt lat="44.65205" lon="1.92096">
				<ele>352.72</ele>
				<time>2026-05-28T18:25:16.763Z</time>
			</trkpt>
			<trkpt lat="44.65215" lon="1.92065">
				<ele>355.02</ele>
				<time>2026-05-28T18:25:18.094Z</time>
			</trkpt>
			<trkpt lat="44.65223" lon="1.91993">
				<ele>360.6</ele>
				<time>2026-05-28T18:25:20.943Z</time>
			</trkpt>
			<trkpt lat="44.65227" lon="1.91972">
				<ele>362.36</ele>
				<time>2026-05-28T18:25:21.792Z</time>
			</trkpt>
			<trkpt lat="44.65235" lon="1.91958">
				<ele>362.25</ele>
				<time>2026-05-28T18:25:22.493Z</time>
			</trkpt>
			<trkpt lat="44.65305" lon="1.91891">
				<ele>364.77</ele>
				<time>2026-05-28T18:25:27.135Z</time>
			</trkpt>
			<trkpt lat="44.65394" lon="1.91825">
				<ele>364.39</ele>
				<time>2026-05-28T18:25:32.639Z</time>
			</trkpt>
			<trkpt lat="44.65408" lon="1.91808">
				<ele>366.54</ele>
				<time>2026-05-28T18:25:33.650Z</time>
			</trkpt>
			<trkpt lat="44.6542" lon="1.91783">
				<ele>369.01</ele>
				<time>2026-05-28T18:25:34.822Z</time>
			</trkpt>
			<trkpt lat="44.65425" lon="1.91761">
				<ele>369.59</ele>
				<time>2026-05-28T18:25:35.719Z</time>
			</trkpt>
			<trkpt lat="44.65435" lon="1.91628">
				<ele>372.42</ele>
				<time>2026-05-28T18:25:40.908Z</time>
			</trkpt>
			<trkpt lat="44.65439" lon="1.91607">
				<ele>374.58</ele>
				<time>2026-05-28T18:25:41.751Z</time>
			</trkpt>
			<trkpt lat="44.65446" lon="1.91587">
				<ele>376.82</ele>
				<time>2026-05-28T18:25:42.615Z</time>
			</trkpt>
			<trkpt lat="44.65482" lon="1.91518">
				<ele>380.97</ele>
				<time>2026-05-28T18:25:45.929Z</time>
			</trkpt>
			<trkpt lat="44.65487" lon="1.91514">
				<ele>381.29</ele>
				<time>2026-05-28T18:25:46.242Z</time>
			</trkpt>
			<trkpt lat="44.65492" lon="1.91513">
				<ele>381.62</ele>
				<time>2026-05-28T18:25:46.517Z</time>
			</trkpt>
			<trkpt lat="44.65594" lon="1.91524">
				<ele>386.35</ele>
				<time>2026-05-28T18:25:52.081Z</time>
			</trkpt>
			<trkpt lat="44.65614" lon="1.91528">
				<ele>386.96</ele>
				<time>2026-05-28T18:25:53.179Z</time>
			</trkpt>
			<trkpt lat="44.65627" lon="1.91535">
				<ele>386.88</ele>
				<time>2026-05-28T18:25:53.936Z</time>
			</trkpt>
			<trkpt lat="44.65651" lon="1.91554">
				<ele>385.67</ele>
				<time>2026-05-28T18:25:55.433Z</time>
			</trkpt>
			<trkpt lat="44.65664" lon="1.9156">
				<ele>384.25</ele>
				<time>2026-05-28T18:25:56.176Z</time>
			</trkpt>
			<trkpt lat="44.65683" lon="1.91565">
				<ele>382.55</ele>
				<time>2026-05-28T18:25:57.226Z</time>
			</trkpt>
			<trkpt lat="44.65709" lon="1.91562">
				<ele>381.73</ele>
				<time>2026-05-28T18:25:58.643Z</time>
			</trkpt>
			<trkpt lat="44.65727" lon="1.91566">
				<ele>382.12</ele>
				<time>2026-05-28T18:25:59.632Z</time>
			</trkpt>
			<trkpt lat="44.65746" lon="1.91579">
				<ele>383.05</ele>
				<time>2026-05-28T18:26:00.780Z</time>
			</trkpt>
			<trkpt lat="44.65785" lon="1.91656">
				<ele>379.47</ele>
				<time>2026-05-28T18:26:04.429Z</time>
			</trkpt>
			<trkpt lat="44.65896" lon="1.91812">
				<ele>367.86</ele>
				<time>2026-05-28T18:26:12.947Z</time>
			</trkpt>
			<trkpt lat="44.65968" lon="1.91893">
				<ele>366.51</ele>
				<time>2026-05-28T18:26:17.951Z</time>
			</trkpt>
			<trkpt lat="44.65979" lon="1.91899">
				<ele>366.53</ele>
				<time>2026-05-28T18:26:18.591Z</time>
			</trkpt>
			<trkpt lat="44.66027" lon="1.91903">
				<ele>367.98</ele>
				<time>2026-05-28T18:26:21.201Z</time>
			</trkpt>
			<trkpt lat="44.66079" lon="1.91895">
				<ele>368.43</ele>
				<time>2026-05-28T18:26:24.041Z</time>
			</trkpt>
			<trkpt lat="44.66114" lon="1.9189">
				<ele>369.61</ele>
				<time>2026-05-28T18:26:25.951Z</time>
			</trkpt>
			<trkpt lat="44.66144" lon="1.9189">
				<ele>374.72</ele>
				<time>2026-05-28T18:26:27.581Z</time>
			</trkpt>
			<trkpt lat="44.66193" lon="1.91915">
				<ele>377.08</ele>
				<time>2026-05-28T18:26:30.413Z</time>
			</trkpt>
			<trkpt lat="44.66264" lon="1.91925">
				<ele>374.83</ele>
				<time>2026-05-28T18:26:34.292Z</time>
			</trkpt>
			<trkpt lat="44.66379" lon="1.91961">
				<ele>379.04</ele>
				<time>2026-05-28T18:26:40.705Z</time>
			</trkpt>
			<trkpt lat="44.66399" lon="1.91963">
				<ele>381.79</ele>
				<time>2026-05-28T18:26:41.797Z</time>
			</trkpt>
			<trkpt lat="44.66417" lon="1.91963">
				<ele>384.37</ele>
				<time>2026-05-28T18:26:42.778Z</time>
			</trkpt>
			<trkpt lat="44.66458" lon="1.91951">
				<ele>386.85</ele>
				<time>2026-05-28T18:26:45.061Z</time>
			</trkpt>
			<trkpt lat="44.66481" lon="1.91939">
				<ele>388.84</ele>
				<time>2026-05-28T18:26:46.399Z</time>
			</trkpt>
			<trkpt lat="44.66524" lon="1.91901">
				<ele>393.66</ele>
				<time>2026-05-28T18:26:49.171Z</time>
			</trkpt>
			<trkpt lat="44.66572" lon="1.91908">
				<ele>394.93</ele>
				<time>2026-05-28T18:26:51.808Z</time>
			</trkpt>
			<trkpt lat="44.66587" lon="1.91905">
				<ele>395.74</ele>
				<time>2026-05-28T18:26:52.636Z</time>
			</trkpt>
			<trkpt lat="44.66616" lon="1.91894">
				<ele>398.26</ele>
				<time>2026-05-28T18:26:54.279Z</time>
			</trkpt>
			<trkpt lat="44.66632" lon="1.91893">
				<ele>399.48</ele>
				<time>2026-05-28T18:26:55.155Z</time>
			</trkpt>
			<trkpt lat="44.66654" lon="1.91898">
				<ele>401.45</ele>
				<time>2026-05-28T18:26:56.375Z</time>
			</trkpt>
			<trkpt lat="44.66677" lon="1.91907">
				<ele>402.45</ele>
				<time>2026-05-28T18:26:57.683Z</time>
			</trkpt>
			<trkpt lat="44.66707" lon="1.91924">
				<ele>402.37</ele>
				<time>2026-05-28T18:26:59.455Z</time>
			</trkpt>
			<trkpt lat="44.66772" lon="1.9197">
				<ele>404.32</ele>
				<time>2026-05-28T18:27:03.449Z</time>
			</trkpt>
			<trkpt lat="44.66826" lon="1.92016">
				<ele>407</ele>
				<time>2026-05-28T18:27:06.919Z</time>
			</trkpt>
			<trkpt lat="44.66916" lon="1.92111">
				<ele>413.96</ele>
				<time>2026-05-28T18:27:13.120Z</time>
			</trkpt>
			<trkpt lat="44.66936" lon="1.92124">
				<ele>416.71</ele>
				<time>2026-05-28T18:27:14.337Z</time>
			</trkpt>
			<trkpt lat="44.67015" lon="1.92131">
				<ele>417.67</ele>
				<time>2026-05-28T18:27:18.714Z</time>
			</trkpt>
			<trkpt lat="44.67049" lon="1.92122">
				<ele>417</ele>
				<time>2026-05-28T18:27:20.631Z</time>
			</trkpt>
			<trkpt lat="44.67095" lon="1.921">
				<ele>417.78</ele>
				<time>2026-05-28T18:27:23.326Z</time>
			</trkpt>
			<trkpt lat="44.67195" lon="1.92083">
				<ele>417.93</ele>
				<time>2026-05-28T18:27:28.929Z</time>
			</trkpt>
			<trkpt lat="44.67214" lon="1.92078">
				<ele>417.46</ele>
				<time>2026-05-28T18:27:30.007Z</time>
			</trkpt>
			<trkpt lat="44.67261" lon="1.92059">
				<ele>414.5</ele>
				<time>2026-05-28T18:27:32.737Z</time>
			</trkpt>
			<trkpt lat="44.67337" lon="1.92039">
				<ele>412.76</ele>
				<time>2026-05-28T18:27:37.063Z</time>
			</trkpt>
			<trkpt lat="44.67466" lon="1.91991">
				<ele>405.54</ele>
				<time>2026-05-28T18:27:44.563Z</time>
			</trkpt>
			<trkpt lat="44.67749" lon="1.9197">
				<ele>382.9</ele>
				<time>2026-05-28T18:28:00.643Z</time>
			</trkpt>
			<trkpt lat="44.67776" lon="1.9196">
				<ele>379.03</ele>
				<time>2026-05-28T18:28:02.239Z</time>
			</trkpt>
			<trkpt lat="44.67787" lon="1.91946">
				<ele>379.11</ele>
				<time>2026-05-28T18:28:03.088Z</time>
			</trkpt>
			<trkpt lat="44.67901" lon="1.91779">
				<ele>374.96</ele>
				<time>2026-05-28T18:28:12.555Z</time>
			</trkpt>
			<trkpt lat="44.67962" lon="1.91687">
				<ele>376.95</ele>
				<time>2026-05-28T18:28:17.736Z</time>
			</trkpt>
			<trkpt lat="44.67984" lon="1.91659">
				<ele>375.88</ele>
				<time>2026-05-28T18:28:19.460Z</time>
			</trkpt>
			<trkpt lat="44.68089" lon="1.91556">
				<ele>377.05</ele>
				<time>2026-05-28T18:28:26.935Z</time>
			</trkpt>
			<trkpt lat="44.68203" lon="1.9144">
				<ele>378.85</ele>
				<time>2026-05-28T18:28:35.218Z</time>
			</trkpt>
			<trkpt lat="44.68219" lon="1.91427">
				<ele>378.38</ele>
				<time>2026-05-28T18:28:36.311Z</time>
			</trkpt>
			<trkpt lat="44.6823" lon="1.91414">
				<ele>378</ele>
				<time>2026-05-28T18:28:37.162Z</time>
			</trkpt>
			<trkpt lat="44.68302" lon="1.91341">
				<ele>380.16</ele>
				<time>2026-05-28T18:28:42.437Z</time>
			</trkpt>
			<trkpt lat="44.68324" lon="1.91327">
				<ele>379.56</ele>
				<time>2026-05-28T18:28:43.878Z</time>
			</trkpt>
			<trkpt lat="44.68451" lon="1.91297">
				<ele>377.63</ele>
				<time>2026-05-28T18:28:51.600Z</time>
			</trkpt>
			<trkpt lat="44.68461" lon="1.91287">
				<ele>378.06</ele>
				<time>2026-05-28T18:28:52.339Z</time>
			</trkpt>
			<trkpt lat="44.68468" lon="1.91268">
				<ele>377.52</ele>
				<time>2026-05-28T18:28:53.257Z</time>
			</trkpt>
			<trkpt lat="44.68469" lon="1.91248">
				<ele>376.89</ele>
				<time>2026-05-28T18:28:54.117Z</time>
			</trkpt>
			<trkpt lat="44.68452" lon="1.91113">
				<ele>380.02</ele>
				<time>2026-05-28T18:29:00.026Z</time>
			</trkpt>
			<trkpt lat="44.68455" lon="1.91095">
				<ele>379.44</ele>
				<time>2026-05-28T18:29:00.826Z</time>
			</trkpt>
			<trkpt lat="44.68464" lon="1.91079">
				<ele>378.89</ele>
				<time>2026-05-28T18:29:01.710Z</time>
			</trkpt>
			<trkpt lat="44.68505" lon="1.9104">
				<ele>380.16</ele>
				<time>2026-05-28T18:29:04.732Z</time>
			</trkpt>
			<trkpt lat="44.68557" lon="1.90999">
				<ele>386.99</ele>
				<time>2026-05-28T18:29:08.387Z</time>
			</trkpt>
			<trkpt lat="44.68576" lon="1.9099">
				<ele>386.01</ele>
				<time>2026-05-28T18:29:09.620Z</time>
			</trkpt>
			<trkpt lat="44.68595" lon="1.90991">
				<ele>385.53</ele>
				<time>2026-05-28T18:29:10.791Z</time>
			</trkpt>
			<trkpt lat="44.68612" lon="1.91">
				<ele>384.98</ele>
				<time>2026-05-28T18:29:11.911Z</time>
			</trkpt>
			<trkpt lat="44.68696" lon="1.91073">
				<ele>381.63</ele>
				<time>2026-05-28T18:29:18.028Z</time>
			</trkpt>
			<trkpt lat="44.68749" lon="1.91115">
				<ele>384.15</ele>
				<time>2026-05-28T18:29:21.820Z</time>
			</trkpt>
			<trkpt lat="44.68766" lon="1.91121">
				<ele>384.02</ele>
				<time>2026-05-28T18:29:22.916Z</time>
			</trkpt>
			<trkpt lat="44.68781" lon="1.91118">
				<ele>383.55</ele>
				<time>2026-05-28T18:29:23.864Z</time>
			</trkpt>
			<trkpt lat="44.68796" lon="1.91107">
				<ele>382.95</ele>
				<time>2026-05-28T18:29:24.925Z</time>
			</trkpt>
			<trkpt lat="44.68838" lon="1.91053">
				<ele>384.24</ele>
				<time>2026-05-28T18:29:28.502Z</time>
			</trkpt>
			<trkpt lat="44.69006" lon="1.90851">
				<ele>382.95</ele>
				<time>2026-05-28T18:29:42.557Z</time>
			</trkpt>
			<trkpt lat="44.69024" lon="1.90839">
				<ele>383.78</ele>
				<time>2026-05-28T18:29:43.836Z</time>
			</trkpt>
			<trkpt lat="44.69038" lon="1.90834">
				<ele>383.64</ele>
				<time>2026-05-28T18:29:44.766Z</time>
			</trkpt>
			<trkpt lat="44.69059" lon="1.90835">
				<ele>383.25</ele>
				<time>2026-05-28T18:29:46.119Z</time>
			</trkpt>
			<trkpt lat="44.69147" lon="1.90849">
				<ele>387.12</ele>
				<time>2026-05-28T18:29:51.851Z</time>
			</trkpt>
			<trkpt lat="44.69193" lon="1.90859">
				<ele>381.15</ele>
				<time>2026-05-28T18:29:54.882Z</time>
			</trkpt>
			<trkpt lat="44.69262" lon="1.90871">
				<ele>381.9</ele>
				<time>2026-05-28T18:29:59.431Z</time>
			</trkpt>
			<trkpt lat="44.69397" lon="1.90892">
				<ele>390.17</ele>
				<time>2026-05-28T18:30:08.401Z</time>
			</trkpt>
			<trkpt lat="44.69441" lon="1.90903">
				<ele>387.17</ele>
				<time>2026-05-28T18:30:11.376Z</time>
			</trkpt>
			<trkpt lat="44.69542" lon="1.90934">
				<ele>386.69</ele>
				<time>2026-05-28T18:30:18.305Z</time>
			</trkpt>
			<trkpt lat="44.69639" lon="1.90961">
				<ele>386.63</ele>
				<time>2026-05-28T18:30:24.994Z</time>
			</trkpt>
			<trkpt lat="44.69647" lon="1.90959">
				<ele>386.67</ele>
				<time>2026-05-28T18:30:25.547Z</time>
			</trkpt>
			<trkpt lat="44.69731" lon="1.91099">
				<ele>387.53</ele>
				<time>2026-05-28T18:30:34.460Z</time>
			</trkpt>
			<trkpt lat="44.6981" lon="1.91054">
				<ele>389.32</ele>
				<time>2026-05-28T18:30:40.036Z</time>
			</trkpt>
			<trkpt lat="44.69881" lon="1.91024">
				<ele>394.59</ele>
				<time>2026-05-28T18:30:45.063Z</time>
			</trkpt>
			<trkpt lat="44.6992" lon="1.91016">
				<ele>394.64</ele>
				<time>2026-05-28T18:30:48.028Z</time>
			</trkpt>
			<trkpt lat="44.69963" lon="1.91022">
				<ele>394.53</ele>
				<time>2026-05-28T18:30:51.235Z</time>
			</trkpt>
			<trkpt lat="44.7" lon="1.91014">
				<ele>393.52</ele>
				<time>2026-05-28T18:30:54.019Z</time>
			</trkpt>
			<trkpt lat="44.70035" lon="1.91016">
				<ele>389.73</ele>
				<time>2026-05-28T18:30:56.662Z</time>
			</trkpt>
			<trkpt lat="44.70069" lon="1.91006">
				<ele>388.23</ele>
				<time>2026-05-28T18:30:59.351Z</time>
			</trkpt>
			<trkpt lat="44.701" lon="1.90983">
				<ele>387.41</ele>
				<time>2026-05-28T18:31:02.162Z</time>
			</trkpt>
			<trkpt lat="44.70125" lon="1.90978">
				<ele>387.73</ele>
				<time>2026-05-28T18:31:04.266Z</time>
			</trkpt>
			<trkpt lat="44.7017" lon="1.9096">
				<ele>389.64</ele>
				<time>2026-05-28T18:31:08.379Z</time>
			</trkpt>
			<trkpt lat="44.70207" lon="1.90939">
				<ele>388.81</ele>
				<time>2026-05-28T18:31:12.153Z</time>
			</trkpt>
			<trkpt lat="44.70295" lon="1.90944">
				<ele>381.07</ele>
				<time>2026-05-28T18:31:21.583Z</time>
			</trkpt>
			<trkpt lat="44.7031" lon="1.90948">
				<ele>379.27</ele>
				<time>2026-05-28T18:31:23.398Z</time>
			</trkpt>
			<trkpt lat="44.70317" lon="1.90956">
				<ele>378.23</ele>
				<time>2026-05-28T18:31:24.499Z</time>
			</trkpt>
			<trkpt lat="44.70323" lon="1.90971">
				<ele>377.46</ele>
				<time>2026-05-28T18:31:26.025Z</time>
			</trkpt>
			<trkpt lat="44.7033" lon="1.91021">
				<ele>376.54</ele>
				<time>2026-05-28T18:31:30.789Z</time>
			</trkpt>
			<trkpt lat="44.7033" lon="1.91054">
				<ele>375.63</ele>
				<time>2026-05-28T18:31:34.080Z</time>
			</trkpt>
			<trkpt lat="44.70334" lon="1.91065">
				<ele>374.55</ele>
				<time>2026-05-28T18:31:35.356Z</time>
			</trkpt>
			<trkpt lat="44.70433" lon="1.90938">
				<ele>366.8</ele>
				<time>2026-05-28T18:32:06.028Z</time>
			</trkpt>
			<trkpt lat="44.70472" lon="1.90882">
				<ele>361.22</ele>
				<time>2026-05-28T18:32:16.501Z</time>
			</trkpt>
			<trkpt lat="44.70571" lon="1.90722">
				<ele>360.44</ele>
				<time>2026-05-28T18:32:36.602Z</time>
			</trkpt>
			<trkpt lat="44.70668" lon="1.90566">
				<ele>360.7</ele>
				<time>2026-05-28T18:32:51.505Z</time>
			</trkpt>
			<trkpt lat="44.7072" lon="1.90484">
				<ele>352.54</ele>
				<time>2026-05-28T18:32:58.077Z</time>
			</trkpt>
			<trkpt lat="44.70801" lon="1.9038">
				<ele>351.67</ele>
				<time>2026-05-28T18:33:06.347Z</time>
			</trkpt>
			<trkpt lat="44.70867" lon="1.90299">
				<ele>352.02</ele>
				<time>2026-05-28T18:33:12.558Z</time>
			</trkpt>
			<trkpt lat="44.70884" lon="1.90286">
				<ele>354.34</ele>
				<time>2026-05-28T18:33:13.922Z</time>
			</trkpt>
			<trkpt lat="44.7089" lon="1.90269">
				<ele>355.45</ele>
				<time>2026-05-28T18:33:14.876Z</time>
			</trkpt>
			<trkpt lat="44.70923" lon="1.90221">
				<ele>355.71</ele>
				<time>2026-05-28T18:33:18.269Z</time>
			</trkpt>
			<trkpt lat="44.70947" lon="1.90182">
				<ele>354.63</ele>
				<time>2026-05-28T18:33:20.957Z</time>
			</trkpt>
			<trkpt lat="44.70982" lon="1.9011">
				<ele>361.02</ele>
				<time>2026-05-28T18:33:25.711Z</time>
			</trkpt>
			<trkpt lat="44.71003" lon="1.90062">
				<ele>360.89</ele>
				<time>2026-05-28T18:33:28.768Z</time>
			</trkpt>
			<trkpt lat="44.71082" lon="1.89885">
				<ele>359.86</ele>
				<time>2026-05-28T18:33:38.560Z</time>
			</trkpt>
			<trkpt lat="44.71105" lon="1.89844">
				<ele>358.94</ele>
				<time>2026-05-28T18:33:40.674Z</time>
			</trkpt>
			<trkpt lat="44.71129" lon="1.89808">
				<ele>360.32</ele>
				<time>2026-05-28T18:33:42.564Z</time>
			</trkpt>
			<trkpt lat="44.7116" lon="1.8977">
				<ele>361.33</ele>
				<time>2026-05-28T18:33:44.658Z</time>
			</trkpt>
			<trkpt lat="44.71188" lon="1.89742">
				<ele>361.49</ele>
				<time>2026-05-28T18:33:46.315Z</time>
			</trkpt>
			<trkpt lat="44.71227" lon="1.89708">
				<ele>360.82</ele>
				<time>2026-05-28T18:33:48.410Z</time>
			</trkpt>
			<trkpt lat="44.71506" lon="1.89483">
				<ele>361.63</ele>
				<time>2026-05-28T18:34:00.671Z</time>
			</trkpt>
			<trkpt lat="44.71533" lon="1.8946">
				<ele>360.68</ele>
				<time>2026-05-28T18:34:01.774Z</time>
			</trkpt>
			<trkpt lat="44.71569" lon="1.89421">
				<ele>357.91</ele>
				<time>2026-05-28T18:34:03.371Z</time>
			</trkpt>
			<trkpt lat="44.71599" lon="1.89383">
				<ele>359.53</ele>
				<time>2026-05-28T18:34:04.811Z</time>
			</trkpt>
			<trkpt lat="44.71626" lon="1.89339">
				<ele>359.14</ele>
				<time>2026-05-28T18:34:06.317Z</time>
			</trkpt>
			<trkpt lat="44.71651" lon="1.89289">
				<ele>359.82</ele>
				<time>2026-05-28T18:34:07.949Z</time>
			</trkpt>
			<trkpt lat="44.71835" lon="1.88849">
				<ele>364.46</ele>
				<time>2026-05-28T18:34:25.436Z</time>
			</trkpt>
			<trkpt lat="44.71952" lon="1.88568">
				<ele>358.23</ele>
				<time>2026-05-28T18:34:42.723Z</time>
			</trkpt>
			<trkpt lat="44.71976" lon="1.88507">
				<ele>357.57</ele>
				<time>2026-05-28T18:34:47.304Z</time>
			</trkpt>
			<trkpt lat="44.71994" lon="1.88446">
				<ele>355.47</ele>
				<time>2026-05-28T18:34:51.972Z</time>
			</trkpt>
			<trkpt lat="44.72009" lon="1.88389">
				<ele>355.98</ele>
				<time>2026-05-28T18:34:56.566Z</time>
			</trkpt>
			<trkpt lat="44.72018" lon="1.88336">
				<ele>355.75</ele>
				<time>2026-05-28T18:35:00.941Z</time>
			</trkpt>
			<trkpt lat="44.72025" lon="1.88283">
				<ele>356.64</ele>
				<time>2026-05-28T18:35:05.516Z</time>
			</trkpt>
			<trkpt lat="44.72031" lon="1.88285">
				<ele>356.98</ele>
				<time>2026-05-28T18:35:06.276Z</time>
			</trkpt>
			<trkpt lat="44.7206" lon="1.88285">
				<ele>359.04</ele>
				<time>2026-05-28T18:35:09.941Z</time>
			</trkpt>
			<trkpt lat="44.72067" lon="1.88283">
				<ele>359.08</ele>
				<time>2026-05-28T18:35:10.867Z</time>
			</trkpt>
			<trkpt lat="44.72068" lon="1.88295">
				<ele>359.28</ele>
				<time>2026-05-28T18:35:11.992Z</time>
			</trkpt>
			<trkpt lat="44.72038" lon="1.8836">
				<ele>357.79</ele>
				<time>2026-05-28T18:35:19.535Z</time>
			</trkpt>
			<trkpt lat="44.72038" lon="1.88367">
				<ele>357.98</ele>
				<time>2026-05-28T18:35:20.245Z</time>
			</trkpt>
			<trkpt lat="44.72041" lon="1.88371">
				<ele>358.33</ele>
				<time>2026-05-28T18:35:20.838Z</time>
			</trkpt>
			<trkpt lat="44.72045" lon="1.8837">
				<ele>358.62</ele>
				<time>2026-05-28T18:35:21.425Z</time>
			</trkpt>
			<trkpt lat="44.72054" lon="1.88355">
				<ele>358.95</ele>
				<time>2026-05-28T18:35:23.463Z</time>
			</trkpt>
			<trkpt lat="44.7206" lon="1.88351">
				<ele>359.33</ele>
				<time>2026-05-28T18:35:24.447Z</time>
			</trkpt>
			<trkpt lat="44.72062" lon="1.88363">
				<ele>359.52</ele>
				<time>2026-05-28T18:35:25.758Z</time>
			</trkpt>
			<trkpt lat="44.72068" lon="1.88374">
				<ele>360.16</ele>
				<time>2026-05-28T18:35:27.266Z</time>
			</trkpt>
			<trkpt lat="44.72123" lon="1.88438">
				<ele>362.36</ele>
				<time>2026-05-28T18:35:54.633Z</time>
			</trkpt>
			<trkpt lat="44.72134" lon="1.88453">
				<ele>362.85</ele>
				<time>2026-05-28T18:35:56.891Z</time>
			</trkpt>
			<trkpt lat="44.72192" lon="1.88525">
				<ele>364.97</ele>
				<time>2026-05-28T18:36:13.717Z</time>
			</trkpt>
			<trkpt lat="44.72223" lon="1.88559">
				<ele>366.39</ele>
				<time>2026-05-28T18:36:17.477Z</time>
			</trkpt>
			<trkpt lat="44.72242" lon="1.88585">
				<ele>367.61</ele>
				<time>2026-05-28T18:36:20.158Z</time>
			</trkpt>
			<trkpt lat="44.72282" lon="1.88626">
				<ele>368.53</ele>
				<time>2026-05-28T18:36:28.164Z</time>
			</trkpt>
			<trkpt lat="44.72333" lon="1.88715">
				<ele>375.04</ele>
				<time>2026-05-28T18:36:46.478Z</time>
			</trkpt>
			<trkpt lat="44.72365" lon="1.88752">
				<ele>377.42</ele>
				<time>2026-05-28T18:36:57.916Z</time>
			</trkpt>
			<trkpt lat="44.72384" lon="1.88778">
				<ele>379.75</ele>
				<time>2026-05-28T18:37:05.906Z</time>
			</trkpt>
			<trkpt lat="44.72413" lon="1.88821">
				<ele>383.8</ele>
				<time>2026-05-28T18:37:19.593Z</time>
			</trkpt>
			<trkpt lat="44.7243" lon="1.8884">
				<ele>386.03</ele>
				<time>2026-05-28T18:37:27.086Z</time>
			</trkpt>
			<trkpt lat="44.72486" lon="1.8887">
				<ele>393.01</ele>
				<time>2026-05-28T18:37:49.148Z</time>
			</trkpt>
			<trkpt lat="44.72518" lon="1.88902">
				<ele>395.47</ele>
				<time>2026-05-28T18:38:04.570Z</time>
			</trkpt>
			<trkpt lat="44.72548" lon="1.88916">
				<ele>396.75</ele>
				<time>2026-05-28T18:38:17.462Z</time>
			</trkpt>
			<trkpt lat="44.72558" lon="1.88928">
				<ele>397.5</ele>
				<time>2026-05-28T18:38:22.934Z</time>
			</trkpt>
			<trkpt lat="44.72564" lon="1.88942">
				<ele>398.25</ele>
				<time>2026-05-28T18:38:27.820Z</time>
			</trkpt>
			<trkpt lat="44.72584" lon="1.8896">
				<ele>399.6</ele>
				<time>2026-05-28T18:38:37.940Z</time>
			</trkpt>
			<trkpt lat="44.72694" lon="1.88976">
				<ele>409.65</ele>
				<time>2026-05-28T18:39:26.855Z</time>
			</trkpt>
			<trkpt lat="44.72705" lon="1.88972">
				<ele>409.96</ele>
				<time>2026-05-28T18:39:31.990Z</time>
			</trkpt>
			<trkpt lat="44.72714" lon="1.88962">
				<ele>410</ele>
				<time>2026-05-28T18:39:37.183Z</time>
			</trkpt>
			<trkpt lat="44.72728" lon="1.88884">
				<ele>408.93</ele>
				<time>2026-05-28T18:40:03.145Z</time>
			</trkpt>
			<trkpt lat="44.72712" lon="1.88873">
				<ele>408.43</ele>
				<time>2026-05-28T18:40:11.227Z</time>
			</trkpt>
			<trkpt lat="44.72729" lon="1.88796">
				<ele>403.66</ele>
				<time>2026-05-28T18:40:37.050Z</time>
			</trkpt>
			<trkpt lat="44.72759" lon="1.88738">
				<ele>400.19</ele>
				<time>2026-05-28T18:40:59.605Z</time>
			</trkpt>
			<trkpt lat="44.7276" lon="1.88724">
				<ele>399.17</ele>
				<time>2026-05-28T18:41:03.962Z</time>
			</trkpt>
			<trkpt lat="44.72748" lon="1.88709">
				<ele>397.53</ele>
				<time>2026-05-28T18:41:10.902Z</time>
			</trkpt>
			<trkpt lat="44.72736" lon="1.88702">
				<ele>396.35</ele>
				<time>2026-05-28T18:41:16.466Z</time>
			</trkpt>
			<trkpt lat="44.72731" lon="1.88696">
				<ele>395.52</ele>
				<time>2026-05-28T18:41:19.261Z</time>
			</trkpt>
			<trkpt lat="44.72732" lon="1.88678">
				<ele>393.4</ele>
				<time>2026-05-28T18:41:24.707Z</time>
			</trkpt>
			<trkpt lat="44.72736" lon="1.88656">
				<ele>390.84</ele>
				<time>2026-05-28T18:41:31.697Z</time>
			</trkpt>
			<trkpt lat="44.72745" lon="1.88631">
				<ele>379.72</ele>
				<time>2026-05-28T18:41:40.539Z</time>
			</trkpt>
			<trkpt lat="44.72793" lon="1.88505">
				<ele>368.6</ele>
				<time>2026-05-28T18:42:27.838Z</time>
			</trkpt>
			<trkpt lat="44.72795" lon="1.88492">
				<ele>366.65</ele>
				<time>2026-05-28T18:42:32.303Z</time>
			</trkpt>
			<trkpt lat="44.72786" lon="1.88467">
				<ele>364.5</ele>
				<time>2026-05-28T18:42:41.680Z</time>
			</trkpt>
			<trkpt lat="44.72793" lon="1.88378">
				<ele>357.63</ele>
				<time>2026-05-28T18:43:11.266Z</time>
			</trkpt>
			<trkpt lat="44.72802" lon="1.8834">
				<ele>356.92</ele>
				<time>2026-05-28T18:43:24.663Z</time>
			</trkpt>
			<trkpt lat="44.72797" lon="1.88294">
				<ele>355.88</ele>
				<time>2026-05-28T18:43:40.286Z</time>
			</trkpt>
			<trkpt lat="44.72791" lon="1.88291">
				<ele>355.73</ele>
				<time>2026-05-28T18:43:43.290Z</time>
			</trkpt>
			<trkpt lat="44.72776" lon="1.88286">
				<ele>355.22</ele>
				<time>2026-05-28T18:43:50.540Z</time>
			</trkpt>
			<trkpt lat="44.72746" lon="1.88283">
				<ele>353.21</ele>
				<time>2026-05-28T18:44:04.550Z</time>
			</trkpt>
			<trkpt lat="44.72722" lon="1.88299">
				<ele>353.79</ele>
				<time>2026-05-28T18:44:16.689Z</time>
			</trkpt>
			<trkpt lat="44.72661" lon="1.88296">
				<ele>353.38</ele>
				<time>2026-05-28T18:44:43.313Z</time>
			</trkpt>
			<trkpt lat="44.72632" lon="1.88287">
				<ele>353.4</ele>
				<time>2026-05-28T18:44:55.579Z</time>
			</trkpt>
			<trkpt lat="44.72559" lon="1.88253">
				<ele>353.82</ele>
				<time>2026-05-28T18:45:25.839Z</time>
			</trkpt>
			<trkpt lat="44.72524" lon="1.88226">
				<ele>354.25</ele>
				<time>2026-05-28T18:45:40.876Z</time>
			</trkpt>
			<trkpt lat="44.72511" lon="1.88218">
				<ele>354.52</ele>
				<time>2026-05-28T18:45:46.139Z</time>
			</trkpt>
			<trkpt lat="44.7248" lon="1.88212">
				<ele>354.19</ele>
				<time>2026-05-28T18:45:57.624Z</time>
			</trkpt>
			<trkpt lat="44.72439" lon="1.88192">
				<ele>354.1</ele>
				<time>2026-05-28T18:46:13.354Z</time>
			</trkpt>
			<trkpt lat="44.724" lon="1.88175">
				<ele>354.03</ele>
				<time>2026-05-28T18:46:28.053Z</time>
			</trkpt>
			<trkpt lat="44.72379" lon="1.88162">
				<ele>353.72</ele>
				<time>2026-05-28T18:46:36.312Z</time>
			</trkpt>
			<trkpt lat="44.72331" lon="1.88111">
				<ele>351.14</ele>
				<time>2026-05-28T18:46:58.127Z</time>
			</trkpt>
			<trkpt lat="44.72312" lon="1.8808">
				<ele>350.34</ele>
				<time>2026-05-28T18:47:08.844Z</time>
			</trkpt>
			<trkpt lat="44.72304" lon="1.88073">
				<ele>350.36</ele>
				<time>2026-05-28T18:47:12.347Z</time>
			</trkpt>
			<trkpt lat="44.72292" lon="1.88054">
				<ele>349.4</ele>
				<time>2026-05-28T18:47:19.116Z</time>
			</trkpt>
			<trkpt lat="44.72275" lon="1.88037">
				<ele>348.82</ele>
				<time>2026-05-28T18:47:27.028Z</time>
			</trkpt>
			<trkpt lat="44.7227" lon="1.88028">
				<ele>348.3</ele>
				<time>2026-05-28T18:47:30.139Z</time>
			</trkpt>
			<trkpt lat="44.7227" lon="1.88017">
				<ele>347.87</ele>
				<time>2026-05-28T18:47:33.151Z</time>
			</trkpt>
			<trkpt lat="44.72272" lon="1.88015">
				<ele>347.75</ele>
				<time>2026-05-28T18:47:34.101Z</time>
			</trkpt>
			<trkpt lat="44.7228" lon="1.88008">
				<ele>347.3</ele>
				<time>2026-05-28T18:47:37.763Z</time>
			</trkpt>
			<trkpt lat="44.72288" lon="1.87995">
				<ele>347</ele>
				<time>2026-05-28T18:47:42.555Z</time>
			</trkpt>
			<trkpt lat="44.72304" lon="1.87944">
				<ele>348</ele>
				<time>2026-05-28T18:47:58.449Z</time>
			</trkpt>
			<trkpt lat="44.72319" lon="1.87906">
				<ele>349.21</ele>
				<time>2026-05-28T18:48:11.272Z</time>
			</trkpt>
			<trkpt lat="44.7233" lon="1.87887">
				<ele>350.67</ele>
				<time>2026-05-28T18:48:18.732Z</time>
			</trkpt>
			<trkpt lat="44.72358" lon="1.87915">
				<ele>350.95</ele>
				<time>2026-05-28T18:48:35.993Z</time>
			</trkpt>
			<trkpt lat="44.72378" lon="1.87927">
				<ele>351.88</ele>
				<time>2026-05-28T18:48:43.883Z</time>
			</trkpt>
			<trkpt lat="44.72449" lon="1.87953">
				<ele>354.94</ele>
				<time>2026-05-28T18:48:57.853Z</time>
			</trkpt>
			<trkpt lat="44.72494" lon="1.87955">
				<ele>357.83</ele>
				<time>2026-05-28T18:49:05.270Z</time>
			</trkpt>
			<trkpt lat="44.72509" lon="1.87962">
				<ele>358.16</ele>
				<time>2026-05-28T18:49:08.073Z</time>
			</trkpt>
			<trkpt lat="44.72523" lon="1.87971">
				<ele>358.68</ele>
				<time>2026-05-28T18:49:10.810Z</time>
			</trkpt>
			<trkpt lat="44.72543" lon="1.87994">
				<ele>358.29</ele>
				<time>2026-05-28T18:49:15.411Z</time>
			</trkpt>
			<trkpt lat="44.72566" lon="1.88013">
				<ele>358.89</ele>
				<time>2026-05-28T18:49:20.169Z</time>
			</trkpt>
			<trkpt lat="44.72605" lon="1.88033">
				<ele>363.1</ele>
				<time>2026-05-28T18:49:27.568Z</time>
			</trkpt>
			<trkpt lat="44.72686" lon="1.8807">
				<ele>363.57</ele>
				<time>2026-05-28T18:49:42.610Z</time>
			</trkpt>
			<trkpt lat="44.72784" lon="1.88067">
				<ele>362.94</ele>
				<time>2026-05-28T18:49:59.411Z</time>
			</trkpt>
			<trkpt lat="44.72841" lon="1.88075">
				<ele>358.45</ele>
				<time>2026-05-28T18:50:08.825Z</time>
			</trkpt>
			<trkpt lat="44.72911" lon="1.88088">
				<ele>357.42</ele>
				<time>2026-05-28T18:50:19.876Z</time>
			</trkpt>
			<trkpt lat="44.72935" lon="1.88099">
				<ele>357.23</ele>
				<time>2026-05-28T18:50:23.653Z</time>
			</trkpt>
			<trkpt lat="44.72958" lon="1.88112">
				<ele>356.97</ele>
				<time>2026-05-28T18:50:27.262Z</time>
			</trkpt>
			<trkpt lat="44.7301" lon="1.88154">
				<ele>357.02</ele>
				<time>2026-05-28T18:50:35.547Z</time>
			</trkpt>
			<trkpt lat="44.73053" lon="1.8817">
				<ele>357.84</ele>
				<time>2026-05-28T18:50:41.309Z</time>
			</trkpt>
			<trkpt lat="44.73074" lon="1.88173">
				<ele>357.07</ele>
				<time>2026-05-28T18:50:43.946Z</time>
			</trkpt>
			<trkpt lat="44.73143" lon="1.88174">
				<ele>359.34</ele>
				<time>2026-05-28T18:50:52.197Z</time>
			</trkpt>
			<trkpt lat="44.73151" lon="1.88176">
				<ele>359.43</ele>
				<time>2026-05-28T18:50:53.137Z</time>
			</trkpt>
			<trkpt lat="44.73167" lon="1.88183">
				<ele>359.14</ele>
				<time>2026-05-28T18:50:55.057Z</time>
			</trkpt>
			<trkpt lat="44.7321" lon="1.88218">
				<ele>356.45</ele>
				<time>2026-05-28T18:51:00.632Z</time>
			</trkpt>
			<trkpt lat="44.73286" lon="1.88273">
				<ele>359.29</ele>
				<time>2026-05-28T18:51:09.963Z</time>
			</trkpt>
			<trkpt lat="44.73295" lon="1.88276">
				<ele>359.63</ele>
				<time>2026-05-28T18:51:10.965Z</time>
			</trkpt>
			<trkpt lat="44.73304" lon="1.88305">
				<ele>359</ele>
				<time>2026-05-28T18:51:13.399Z</time>
			</trkpt>
			<trkpt lat="44.73325" lon="1.88343">
				<ele>359.71</ele>
				<time>2026-05-28T18:51:17.113Z</time>
			</trkpt>
			<trkpt lat="44.73337" lon="1.88363">
				<ele>360.55</ele>
				<time>2026-05-28T18:51:19.146Z</time>
			</trkpt>
			<trkpt lat="44.73358" lon="1.88389">
				<ele>363.66</ele>
				<time>2026-05-28T18:51:22.228Z</time>
			</trkpt>
			<trkpt lat="44.73378" lon="1.88408">
				<ele>364.37</ele>
				<time>2026-05-28T18:51:24.920Z</time>
			</trkpt>
			<trkpt lat="44.73468" lon="1.88473">
				<ele>369.91</ele>
				<time>2026-05-28T18:51:36.614Z</time>
			</trkpt>
			<trkpt lat="44.73483" lon="1.88495">
				<ele>370.82</ele>
				<time>2026-05-28T18:51:39.186Z</time>
			</trkpt>
			<trkpt lat="44.73491" lon="1.88512">
				<ele>371.77</ele>
				<time>2026-05-28T18:51:40.916Z</time>
			</trkpt>
			<trkpt lat="44.7357" lon="1.88721">
				<ele>378.09</ele>
				<time>2026-05-28T18:52:01.289Z</time>
			</trkpt>
			<trkpt lat="44.73581" lon="1.88742">
				<ele>379.57</ele>
				<time>2026-05-28T18:52:03.537Z</time>
			</trkpt>
			<trkpt lat="44.73613" lon="1.88778">
				<ele>382.13</ele>
				<time>2026-05-28T18:52:08.483Z</time>
			</trkpt>
			<trkpt lat="44.7363" lon="1.88791">
				<ele>383.22</ele>
				<time>2026-05-28T18:52:10.805Z</time>
			</trkpt>
			<trkpt lat="44.73776" lon="1.88892">
				<ele>392.95</ele>
				<time>2026-05-28T18:52:29.673Z</time>
			</trkpt>
			<trkpt lat="44.73733" lon="1.89003">
				<ele>396.1</ele>
				<time>2026-05-28T18:52:39.321Z</time>
			</trkpt>
			<trkpt lat="44.73727" lon="1.89029">
				<ele>397.04</ele>
				<time>2026-05-28T18:52:41.310Z</time>
			</trkpt>
			<trkpt lat="44.73725" lon="1.89055">
				<ele>397.88</ele>
				<time>2026-05-28T18:52:43.177Z</time>
			</trkpt>
			<trkpt lat="44.73725" lon="1.89225">
				<ele>404.14</ele>
				<time>2026-05-28T18:52:54.673Z</time>
			</trkpt>
			<trkpt lat="44.73721" lon="1.89578">
				<ele>425.58</ele>
				<time>2026-05-28T18:53:17.215Z</time>
			</trkpt>
			<trkpt lat="44.73738" lon="1.89794">
				<ele>431.23</ele>
				<time>2026-05-28T18:53:30.358Z</time>
			</trkpt>
			<trkpt lat="44.73737" lon="1.89827">
				<ele>430.56</ele>
				<time>2026-05-28T18:53:32.311Z</time>
			</trkpt>
			<trkpt lat="44.73718" lon="1.89931">
				<ele>423.6</ele>
				<time>2026-05-28T18:53:38.583Z</time>
			</trkpt>
			<trkpt lat="44.7371" lon="1.89987">
				<ele>422.37</ele>
				<time>2026-05-28T18:53:41.874Z</time>
			</trkpt>
			<trkpt lat="44.7371" lon="1.90013">
				<ele>420.88</ele>
				<time>2026-05-28T18:53:43.361Z</time>
			</trkpt>
			<trkpt lat="44.73714" lon="1.90027">
				<ele>419.54</ele>
				<time>2026-05-28T18:53:44.222Z</time>
			</trkpt>
			<trkpt lat="44.73723" lon="1.90036">
				<ele>417.64</ele>
				<time>2026-05-28T18:53:45.106Z</time>
			</trkpt>
			<trkpt lat="44.73768" lon="1.90059">
				<ele>409.26</ele>
				<time>2026-05-28T18:53:48.914Z</time>
			</trkpt>
			<trkpt lat="44.73778" lon="1.90071">
				<ele>407.96</ele>
				<time>2026-05-28T18:53:49.952Z</time>
			</trkpt>
			<trkpt lat="44.73783" lon="1.90087">
				<ele>407.27</ele>
				<time>2026-05-28T18:53:50.930Z</time>
			</trkpt>
			<trkpt lat="44.73785" lon="1.90107">
				<ele>406.29</ele>
				<time>2026-05-28T18:53:52.057Z</time>
			</trkpt>
			<trkpt lat="44.73781" lon="1.90146">
				<ele>404.59</ele>
				<time>2026-05-28T18:53:54.246Z</time>
			</trkpt>
			<trkpt lat="44.73781" lon="1.90171">
				<ele>403.67</ele>
				<time>2026-05-28T18:53:55.628Z</time>
			</trkpt>
			<trkpt lat="44.73784" lon="1.90196">
				<ele>402.69</ele>
				<time>2026-05-28T18:53:57.024Z</time>
			</trkpt>
			<trkpt lat="44.73792" lon="1.90251">
				<ele>399.92</ele>
				<time>2026-05-28T18:54:00.098Z</time>
			</trkpt>
			<trkpt lat="44.73806" lon="1.90305">
				<ele>398.97</ele>
				<time>2026-05-28T18:54:03.220Z</time>
			</trkpt>
			<trkpt lat="44.73818" lon="1.90333">
				<ele>398.98</ele>
				<time>2026-05-28T18:54:04.985Z</time>
			</trkpt>
			<trkpt lat="44.73827" lon="1.90347">
				<ele>398.89</ele>
				<time>2026-05-28T18:54:06.000Z</time>
			</trkpt>
			<trkpt lat="44.73907" lon="1.90412">
				<ele>398.75</ele>
				<time>2026-05-28T18:54:12.926Z</time>
			</trkpt>
			<trkpt lat="44.73931" lon="1.90435">
				<ele>399.88</ele>
				<time>2026-05-28T18:54:15.080Z</time>
			</trkpt>
			<trkpt lat="44.73942" lon="1.90456">
				<ele>401.77</ele>
				<time>2026-05-28T18:54:16.449Z</time>
			</trkpt>
			<trkpt lat="44.73966" lon="1.90542">
				<ele>402.79</ele>
				<time>2026-05-28T18:54:21.265Z</time>
			</trkpt>
			<trkpt lat="44.73966" lon="1.90551">
				<ele>402.52</ele>
				<time>2026-05-28T18:54:21.731Z</time>
			</trkpt>
			<trkpt lat="44.73959" lon="1.90585">
				<ele>402.52</ele>
				<time>2026-05-28T18:54:23.561Z</time>
			</trkpt>
			<trkpt lat="44.73959" lon="1.90606">
				<ele>403.29</ele>
				<time>2026-05-28T18:54:24.644Z</time>
			</trkpt>
			<trkpt lat="44.73955" lon="1.90618">
				<ele>403.84</ele>
				<time>2026-05-28T18:54:25.326Z</time>
			</trkpt>
			<trkpt lat="44.7394" lon="1.90626">
				<ele>404.41</ele>
				<time>2026-05-28T18:54:26.485Z</time>
			</trkpt>
			<trkpt lat="44.73927" lon="1.90642">
				<ele>404.29</ele>
				<time>2026-05-28T18:54:27.731Z</time>
			</trkpt>
			<trkpt lat="44.7392" lon="1.90653">
				<ele>403.67</ele>
				<time>2026-05-28T18:54:28.486Z</time>
			</trkpt>
			<trkpt lat="44.7391" lon="1.90676">
				<ele>401.73</ele>
				<time>2026-05-28T18:54:29.862Z</time>
			</trkpt>
			<trkpt lat="44.73894" lon="1.90702">
				<ele>398.2</ele>
				<time>2026-05-28T18:54:31.613Z</time>
			</trkpt>
			<trkpt lat="44.73791" lon="1.90794">
				<ele>392.21</ele>
				<time>2026-05-28T18:54:40.273Z</time>
			</trkpt>
			<trkpt lat="44.73777" lon="1.90813">
				<ele>392.43</ele>
				<time>2026-05-28T18:54:41.643Z</time>
			</trkpt>
			<trkpt lat="44.73738" lon="1.90885">
				<ele>391.82</ele>
				<time>2026-05-28T18:54:46.155Z</time>
			</trkpt>
			<trkpt lat="44.73712" lon="1.90921">
				<ele>392.04</ele>
				<time>2026-05-28T18:54:48.701Z</time>
			</trkpt>
			<trkpt lat="44.73649" lon="1.90994">
				<ele>394.22</ele>
				<time>2026-05-28T18:54:54.372Z</time>
			</trkpt>
			<trkpt lat="44.73599" lon="1.91068">
				<ele>395</ele>
				<time>2026-05-28T18:54:59.389Z</time>
			</trkpt>
			<trkpt lat="44.73542" lon="1.91161">
				<ele>393.73</ele>
				<time>2026-05-28T18:55:05.398Z</time>
			</trkpt>
			<trkpt lat="44.73537" lon="1.91174">
				<ele>393.07</ele>
				<time>2026-05-28T18:55:06.120Z</time>
			</trkpt>
			<trkpt lat="44.73533" lon="1.91196">
				<ele>392.11</ele>
				<time>2026-05-28T18:55:07.229Z</time>
			</trkpt>
			<trkpt lat="44.73504" lon="1.91403">
				<ele>392.08</ele>
				<time>2026-05-28T18:55:17.513Z</time>
			</trkpt>
			<trkpt lat="44.73503" lon="1.91404">
				<ele>392.06</ele>
				<time>2026-05-28T18:55:17.597Z</time>
			</trkpt>
			<trkpt lat="44.73507" lon="1.9143">
				<ele>392.74</ele>
				<time>2026-05-28T18:55:18.894Z</time>
			</trkpt>
			<trkpt lat="44.73507" lon="1.91456">
				<ele>393.7</ele>
				<time>2026-05-28T18:55:20.161Z</time>
			</trkpt>
			<trkpt lat="44.73504" lon="1.91497">
				<ele>395.82</ele>
				<time>2026-05-28T18:55:22.170Z</time>
			</trkpt>
			<trkpt lat="44.73505" lon="1.91533">
				<ele>398.22</ele>
				<time>2026-05-28T18:55:23.927Z</time>
			</trkpt>
			<trkpt lat="44.73509" lon="1.91568">
				<ele>400.31</ele>
				<time>2026-05-28T18:55:25.657Z</time>
			</trkpt>
			<trkpt lat="44.73519" lon="1.91599">
				<ele>402.83</ele>
				<time>2026-05-28T18:55:27.320Z</time>
			</trkpt>
			<trkpt lat="44.7353" lon="1.91647">
				<ele>406.5</ele>
				<time>2026-05-28T18:55:29.911Z</time>
			</trkpt>
			<trkpt lat="44.73542" lon="1.91716">
				<ele>408.95</ele>
				<time>2026-05-28T18:55:34.738Z</time>
			</trkpt>
			<trkpt lat="44.73552" lon="1.91749">
				<ele>409.88</ele>
				<time>2026-05-28T18:55:37.577Z</time>
			</trkpt>
			<trkpt lat="44.73557" lon="1.91789">
				<ele>408.9</ele>
				<time>2026-05-28T18:55:41.077Z</time>
			</trkpt>
			<trkpt lat="44.73555" lon="1.91811">
				<ele>409.41</ele>
				<time>2026-05-28T18:55:43.105Z</time>
			</trkpt>
			<trkpt lat="44.73531" lon="1.91887">
				<ele>407.32</ele>
				<time>2026-05-28T18:55:51.331Z</time>
			</trkpt>
			<trkpt lat="44.73487" lon="1.92049">
				<ele>407.51</ele>
				<time>2026-05-28T18:56:10.598Z</time>
			</trkpt>
			<trkpt lat="44.73485" lon="1.92067">
				<ele>407.51</ele>
				<time>2026-05-28T18:56:12.706Z</time>
			</trkpt>
			<trkpt lat="44.73489" lon="1.92096">
				<ele>407.47</ele>
				<time>2026-05-28T18:56:16.132Z</time>
			</trkpt>
			<trkpt lat="44.73501" lon="1.92158">
				<ele>406.47</ele>
				<time>2026-05-28T18:56:23.557Z</time>
			</trkpt>
			<trkpt lat="44.73505" lon="1.92197">
				<ele>407.42</ele>
				<time>2026-05-28T18:56:28.046Z</time>
			</trkpt>
			<trkpt lat="44.73509" lon="1.92209">
				<ele>407.14</ele>
				<time>2026-05-28T18:56:29.538Z</time>
			</trkpt>
			<trkpt lat="44.73517" lon="1.92218">
				<ele>406.69</ele>
				<time>2026-05-28T18:56:31.149Z</time>
			</trkpt>
			<trkpt lat="44.73527" lon="1.9222">
				<ele>405.99</ele>
				<time>2026-05-28T18:56:32.723Z</time>
			</trkpt>
			<trkpt lat="44.73548" lon="1.92219">
				<ele>403.71</ele>
				<time>2026-05-28T18:56:35.947Z</time>
			</trkpt>
			<trkpt lat="44.73551" lon="1.92223">
				<ele>403.5</ele>
				<time>2026-05-28T18:56:36.572Z</time>
			</trkpt>
			<trkpt lat="44.73693" lon="1.92149">
				<ele>402.34</ele>
				<time>2026-05-28T18:56:56.427Z</time>
			</trkpt>
			<trkpt lat="44.73724" lon="1.92136">
				<ele>404.13</ele>
				<time>2026-05-28T18:56:59.685Z</time>
			</trkpt>
			<trkpt lat="44.7374" lon="1.92134">
				<ele>405.32</ele>
				<time>2026-05-28T18:57:01.264Z</time>
			</trkpt>
			<trkpt lat="44.73757" lon="1.92134">
				<ele>406.44</ele>
				<time>2026-05-28T18:57:02.926Z</time>
			</trkpt>
			<trkpt lat="44.73772" lon="1.92142">
				<ele>407.67</ele>
				<time>2026-05-28T18:57:04.486Z</time>
			</trkpt>
			<trkpt lat="44.73788" lon="1.92154">
				<ele>408.25</ele>
				<time>2026-05-28T18:57:06.240Z</time>
			</trkpt>
			<trkpt lat="44.74004" lon="1.92347">
				<ele>419.43</ele>
				<time>2026-05-28T18:57:29.956Z</time>
			</trkpt>
			<trkpt lat="44.74038" lon="1.92374">
				<ele>422.09</ele>
				<time>2026-05-28T18:57:33.412Z</time>
			</trkpt>
			<trkpt lat="44.74053" lon="1.92382">
				<ele>422.86</ele>
				<time>2026-05-28T18:57:34.820Z</time>
			</trkpt>
			<trkpt lat="44.74069" lon="1.92385">
				<ele>423.62</ele>
				<time>2026-05-28T18:57:36.230Z</time>
			</trkpt>
			<trkpt lat="44.74089" lon="1.92386">
				<ele>424.17</ele>
				<time>2026-05-28T18:57:37.969Z</time>
			</trkpt>
			<trkpt lat="44.74351" lon="1.92348">
				<ele>444.54</ele>
				<time>2026-05-28T18:57:59.899Z</time>
			</trkpt>
			<trkpt lat="44.74466" lon="1.92336">
				<ele>447.8</ele>
				<time>2026-05-28T18:58:08.978Z</time>
			</trkpt>
			<trkpt lat="44.74481" lon="1.92336">
				<ele>448.54</ele>
				<time>2026-05-28T18:58:10.137Z</time>
			</trkpt>
			<trkpt lat="44.74518" lon="1.92337">
				<ele>450.39</ele>
				<time>2026-05-28T18:58:12.975Z</time>
			</trkpt>
			<trkpt lat="44.75079" lon="1.92401">
				<ele>471.84</ele>
				<time>2026-05-28T18:58:52.852Z</time>
			</trkpt>
			<trkpt lat="44.75123" lon="1.92407">
				<ele>474.07</ele>
				<time>2026-05-28T18:58:55.756Z</time>
			</trkpt>
			<trkpt lat="44.75211" lon="1.92411">
				<ele>477.68</ele>
				<time>2026-05-28T18:59:01.455Z</time>
			</trkpt>
			<trkpt lat="44.75612" lon="1.92388">
				<ele>481.03</ele>
				<time>2026-05-28T18:59:26.221Z</time>
			</trkpt>
			<trkpt lat="44.7565" lon="1.92388">
				<ele>482</ele>
				<time>2026-05-28T18:59:28.480Z</time>
			</trkpt>
			<trkpt lat="44.75679" lon="1.92395">
				<ele>482.7</ele>
				<time>2026-05-28T18:59:30.220Z</time>
			</trkpt>
			<trkpt lat="44.75704" lon="1.92406">
				<ele>483.76</ele>
				<time>2026-05-28T18:59:31.763Z</time>
			</trkpt>
			<trkpt lat="44.75726" lon="1.92423">
				<ele>484.5</ele>
				<time>2026-05-28T18:59:33.237Z</time>
			</trkpt>
			<trkpt lat="44.76403" lon="1.93129">
				<ele>531.74</ele>
				<time>2026-05-28T19:00:21.065Z</time>
			</trkpt>
			<trkpt lat="44.76444" lon="1.93157">
				<ele>537.09</ele>
				<time>2026-05-28T19:00:23.632Z</time>
			</trkpt>
			<trkpt lat="44.76462" lon="1.93161">
				<ele>540.17</ele>
				<time>2026-05-28T19:00:24.660Z</time>
			</trkpt>
			<trkpt lat="44.76549" lon="1.93165">
				<ele>546.66</ele>
				<time>2026-05-28T19:00:29.584Z</time>
			</trkpt>
			<trkpt lat="44.76622" lon="1.93151">
				<ele>549.8</ele>
				<time>2026-05-28T19:00:33.774Z</time>
			</trkpt>
			<trkpt lat="44.76639" lon="1.9315">
				<ele>550.99</ele>
				<time>2026-05-28T19:00:34.745Z</time>
			</trkpt>
			<trkpt lat="44.76657" lon="1.93156">
				<ele>550.96</ele>
				<time>2026-05-28T19:00:35.802Z</time>
			</trkpt>
			<trkpt lat="44.76666" lon="1.93162">
				<ele>551.53</ele>
				<time>2026-05-28T19:00:36.371Z</time>
			</trkpt>
			<trkpt lat="44.76673" lon="1.93171">
				<ele>550.93</ele>
				<time>2026-05-28T19:00:36.914Z</time>
			</trkpt>
			<trkpt lat="44.76701" lon="1.93231">
				<ele>556.82</ele>
				<time>2026-05-28T19:00:39.842Z</time>
			</trkpt>
			<trkpt lat="44.76719" lon="1.9326">
				<ele>557.97</ele>
				<time>2026-05-28T19:00:41.419Z</time>
			</trkpt>
			<trkpt lat="44.76733" lon="1.93272">
				<ele>558.02</ele>
				<time>2026-05-28T19:00:42.366Z</time>
			</trkpt>
			<trkpt lat="44.76816" lon="1.93325">
				<ele>560</ele>
				<time>2026-05-28T19:00:47.665Z</time>
			</trkpt>
			<trkpt lat="44.76835" lon="1.93334">
				<ele>562.17</ele>
				<time>2026-05-28T19:00:48.839Z</time>
			</trkpt>
			<trkpt lat="44.76851" lon="1.93339">
				<ele>563.56</ele>
				<time>2026-05-28T19:00:49.800Z</time>
			</trkpt>
			<trkpt lat="44.76867" lon="1.93339">
				<ele>564.67</ele>
				<time>2026-05-28T19:00:50.741Z</time>
			</trkpt>
			<trkpt lat="44.76951" lon="1.93327">
				<ele>569.36</ele>
				<time>2026-05-28T19:00:55.741Z</time>
			</trkpt>
			<trkpt lat="44.77059" lon="1.93307">
				<ele>576.75</ele>
				<time>2026-05-28T19:01:02.286Z</time>
			</trkpt>
			<trkpt lat="44.77075" lon="1.93306">
				<ele>578.24</ele>
				<time>2026-05-28T19:01:03.258Z</time>
			</trkpt>
			<trkpt lat="44.77088" lon="1.93302">
				<ele>579.43</ele>
				<time>2026-05-28T19:01:04.068Z</time>
			</trkpt>
			<trkpt lat="44.77097" lon="1.93295">
				<ele>580.01</ele>
				<time>2026-05-28T19:01:04.695Z</time>
			</trkpt>
			<trkpt lat="44.77106" lon="1.93282">
				<ele>579.84</ele>
				<time>2026-05-28T19:01:05.483Z</time>
			</trkpt>
			<trkpt lat="44.77108" lon="1.93269">
				<ele>579.23</ele>
				<time>2026-05-28T19:01:06.061Z</time>
			</trkpt>
			<trkpt lat="44.77108" lon="1.93144">
				<ele>581.02</ele>
				<time>2026-05-28T19:01:11.542Z</time>
			</trkpt>
			<trkpt lat="44.77112" lon="1.93116">
				<ele>580.36</ele>
				<time>2026-05-28T19:01:12.807Z</time>
			</trkpt>
			<trkpt lat="44.77118" lon="1.93096">
				<ele>580.74</ele>
				<time>2026-05-28T19:01:13.773Z</time>
			</trkpt>
			<trkpt lat="44.77133" lon="1.93074">
				<ele>582.99</ele>
				<time>2026-05-28T19:01:15.133Z</time>
			</trkpt>
			<trkpt lat="44.77156" lon="1.93056">
				<ele>585.89</ele>
				<time>2026-05-28T19:01:16.795Z</time>
			</trkpt>
			<trkpt lat="44.77174" lon="1.93051">
				<ele>587.8</ele>
				<time>2026-05-28T19:01:17.959Z</time>
			</trkpt>
			<trkpt lat="44.77229" lon="1.93056">
				<ele>592.85</ele>
				<time>2026-05-28T19:01:21.482Z</time>
			</trkpt>
			<trkpt lat="44.77239" lon="1.93054">
				<ele>593.76</ele>
				<time>2026-05-28T19:01:22.132Z</time>
			</trkpt>
			<trkpt lat="44.77253" lon="1.93046">
				<ele>594.37</ele>
				<time>2026-05-28T19:01:23.107Z</time>
			</trkpt>
			<trkpt lat="44.77265" lon="1.93028">
				<ele>593.59</ele>
				<time>2026-05-28T19:01:24.242Z</time>
			</trkpt>
			<trkpt lat="44.77298" lon="1.92948">
				<ele>594.47</ele>
				<time>2026-05-28T19:01:28.535Z</time>
			</trkpt>
			<trkpt lat="44.77304" lon="1.92926">
				<ele>597.06</ele>
				<time>2026-05-28T19:01:29.638Z</time>
			</trkpt>
			<trkpt lat="44.77305" lon="1.92901">
				<ele>599.72</ele>
				<time>2026-05-28T19:01:30.816Z</time>
			</trkpt>
			<trkpt lat="44.77295" lon="1.92822">
				<ele>602.54</ele>
				<time>2026-05-28T19:01:34.621Z</time>
			</trkpt>
			<trkpt lat="44.77295" lon="1.92795">
				<ele>602.66</ele>
				<time>2026-05-28T19:01:35.913Z</time>
			</trkpt>
			<trkpt lat="44.77303" lon="1.92773">
				<ele>603.31</ele>
				<time>2026-05-28T19:01:37.101Z</time>
			</trkpt>
			<trkpt lat="44.77317" lon="1.92745">
				<ele>603.22</ele>
				<time>2026-05-28T19:01:38.756Z</time>
			</trkpt>
			<trkpt lat="44.77401" lon="1.92646">
				<ele>607.91</ele>
				<time>2026-05-28T19:01:46.333Z</time>
			</trkpt>
			<trkpt lat="44.77434" lon="1.92607">
				<ele>609.62</ele>
				<time>2026-05-28T19:01:49.371Z</time>
			</trkpt>
			<trkpt lat="44.77514" lon="1.92762">
				<ele>610.38</ele>
				<time>2026-05-28T19:01:59.195Z</time>
			</trkpt>
			<trkpt lat="44.77524" lon="1.92799">
				<ele>607.14</ele>
				<time>2026-05-28T19:02:01.270Z</time>
			</trkpt>
			<trkpt lat="44.7753" lon="1.92851">
				<ele>604.09</ele>
				<time>2026-05-28T19:02:04.052Z</time>
			</trkpt>
			<trkpt lat="44.77536" lon="1.92978">
				<ele>602.96</ele>
				<time>2026-05-28T19:02:10.841Z</time>
			</trkpt>
			<trkpt lat="44.77536" lon="1.9301">
				<ele>602.47</ele>
				<time>2026-05-28T19:02:12.562Z</time>
			</trkpt>
			<trkpt lat="44.77529" lon="1.93063">
				<ele>602.5</ele>
				<time>2026-05-28T19:02:15.474Z</time>
			</trkpt>
			<trkpt lat="44.77528" lon="1.93081">
				<ele>601.71</ele>
				<time>2026-05-28T19:02:16.453Z</time>
			</trkpt>
			<trkpt lat="44.77531" lon="1.93098">
				<ele>601.03</ele>
				<time>2026-05-28T19:02:17.405Z</time>
			</trkpt>
			<trkpt lat="44.77555" lon="1.93144">
				<ele>595.51</ele>
				<time>2026-05-28T19:02:20.516Z</time>
			</trkpt>
			<trkpt lat="44.77566" lon="1.93168">
				<ele>592.61</ele>
				<time>2026-05-28T19:02:22.080Z</time>
			</trkpt>
			<trkpt lat="44.77576" lon="1.93225">
				<ele>593.14</ele>
				<time>2026-05-28T19:02:25.306Z</time>
			</trkpt>
			<trkpt lat="44.77581" lon="1.93293">
				<ele>586.66</ele>
				<time>2026-05-28T19:02:29.084Z</time>
			</trkpt>
			<trkpt lat="44.7758" lon="1.93318">
				<ele>583.46</ele>
				<time>2026-05-28T19:02:30.473Z</time>
			</trkpt>
			<trkpt lat="44.7757" lon="1.93345">
				<ele>583.29</ele>
				<time>2026-05-28T19:02:32.167Z</time>
			</trkpt>
			<trkpt lat="44.7755" lon="1.93372">
				<ele>586.95</ele>
				<time>2026-05-28T19:02:34.343Z</time>
			</trkpt>
			<trkpt lat="44.77545" lon="1.93387">
				<ele>587.58</ele>
				<time>2026-05-28T19:02:35.270Z</time>
			</trkpt>
			<trkpt lat="44.77545" lon="1.93409">
				<ele>585.87</ele>
				<time>2026-05-28T19:02:36.501Z</time>
			</trkpt>
			<trkpt lat="44.77548" lon="1.93429">
				<ele>582.62</ele>
				<time>2026-05-28T19:02:37.648Z</time>
			</trkpt>
			<trkpt lat="44.77586" lon="1.9351">
				<ele>568.67</ele>
				<time>2026-05-28T19:02:43.117Z</time>
			</trkpt>
			<trkpt lat="44.77592" lon="1.9353">
				<ele>567.38</ele>
				<time>2026-05-28T19:02:44.345Z</time>
			</trkpt>
			<trkpt lat="44.77592" lon="1.93561">
				<ele>566.5</ele>
				<time>2026-05-28T19:02:46.103Z</time>
			</trkpt>
			<trkpt lat="44.77582" lon="1.93593">
				<ele>562.98</ele>
				<time>2026-05-28T19:02:48.089Z</time>
			</trkpt>
			<trkpt lat="44.77532" lon="1.9366">
				<ele>580.56</ele>
				<time>2026-05-28T19:02:53.638Z</time>
			</trkpt>
			<trkpt lat="44.7753" lon="1.9368">
				<ele>579.91</ele>
				<time>2026-05-28T19:02:54.795Z</time>
			</trkpt>
			<trkpt lat="44.77536" lon="1.93693">
				<ele>577.1</ele>
				<time>2026-05-28T19:02:55.684Z</time>
			</trkpt>
			<trkpt lat="44.77549" lon="1.93702">
				<ele>573.32</ele>
				<time>2026-05-28T19:02:56.856Z</time>
			</trkpt>
			<trkpt lat="44.77615" lon="1.93728">
				<ele>555.15</ele>
				<time>2026-05-28T19:03:02.420Z</time>
			</trkpt>
			<trkpt lat="44.77644" lon="1.93753">
				<ele>556.44</ele>
				<time>2026-05-28T19:03:05.191Z</time>
			</trkpt>
			<trkpt lat="44.77663" lon="1.93784">
				<ele>552.94</ele>
				<time>2026-05-28T19:03:07.567Z</time>
			</trkpt>
			<trkpt lat="44.77677" lon="1.93827">
				<ele>549.74</ele>
				<time>2026-05-28T19:03:10.318Z</time>
			</trkpt>
			<trkpt lat="44.77731" lon="1.94066">
				<ele>531.29</ele>
				<time>2026-05-28T19:03:25.006Z</time>
			</trkpt>
			<trkpt lat="44.77737" lon="1.9411">
				<ele>528.2</ele>
				<time>2026-05-28T19:03:27.646Z</time>
			</trkpt>
			<trkpt lat="44.77735" lon="1.94146">
				<ele>529.23</ele>
				<time>2026-05-28T19:03:29.777Z</time>
			</trkpt>
			<trkpt lat="44.77728" lon="1.94182">
				<ele>530.52</ele>
				<time>2026-05-28T19:03:31.984Z</time>
			</trkpt>
			<trkpt lat="44.77703" lon="1.94247">
				<ele>531.93</ele>
				<time>2026-05-28T19:03:36.361Z</time>
			</trkpt>
			<trkpt lat="44.77699" lon="1.94271">
				<ele>532.44</ele>
				<time>2026-05-28T19:03:37.823Z</time>
			</trkpt>
			<trkpt lat="44.77705" lon="1.94295">
				<ele>530.09</ele>
				<time>2026-05-28T19:03:39.334Z</time>
			</trkpt>
			<trkpt lat="44.77719" lon="1.94327">
				<ele>524.05</ele>
				<time>2026-05-28T19:03:41.567Z</time>
			</trkpt>
			<trkpt lat="44.77729" lon="1.94367">
				<ele>520.71</ele>
				<time>2026-05-28T19:03:44.089Z</time>
			</trkpt>
			<trkpt lat="44.7774" lon="1.94498">
				<ele>508.83</ele>
				<time>2026-05-28T19:03:51.952Z</time>
			</trkpt>
			<trkpt lat="44.77744" lon="1.94535">
				<ele>506.14</ele>
				<time>2026-05-28T19:03:54.187Z</time>
			</trkpt>
			<trkpt lat="44.77751" lon="1.94551">
				<ele>504.94</ele>
				<time>2026-05-28T19:03:55.310Z</time>
			</trkpt>
			<trkpt lat="44.7776" lon="1.94559">
				<ele>504.7</ele>
				<time>2026-05-28T19:03:56.206Z</time>
			</trkpt>
			<trkpt lat="44.77826" lon="1.94571">
				<ele>502.92</ele>
				<time>2026-05-28T19:04:01.814Z</time>
			</trkpt>
			<trkpt lat="44.77965" lon="1.94582">
				<ele>497.24</ele>
				<time>2026-05-28T19:04:13.568Z</time>
			</trkpt>
			<trkpt lat="44.78117" lon="1.94575">
				<ele>496.21</ele>
				<time>2026-05-28T19:04:26.422Z</time>
			</trkpt>
			<trkpt lat="44.78253" lon="1.94566">
				<ele>502.7</ele>
				<time>2026-05-28T19:04:37.923Z</time>
			</trkpt>
			<trkpt lat="44.7832" lon="1.94565">
				<ele>504.04</ele>
				<time>2026-05-28T19:04:43.575Z</time>
			</trkpt>
			<trkpt lat="44.78444" lon="1.94593">
				<ele>511</ele>
				<time>2026-05-28T19:04:54.146Z</time>
			</trkpt>
			<trkpt lat="44.78466" lon="1.94589">
				<ele>511.96</ele>
				<time>2026-05-28T19:04:56.010Z</time>
			</trkpt>
			<trkpt lat="44.78558" lon="1.94534">
				<ele>513.25</ele>
				<time>2026-05-28T19:05:04.387Z</time>
			</trkpt>
			<trkpt lat="44.78615" lon="1.94513">
				<ele>512.55</ele>
				<time>2026-05-28T19:05:09.309Z</time>
			</trkpt>
			<trkpt lat="44.78627" lon="1.94499">
				<ele>512.61</ele>
				<time>2026-05-28T19:05:10.609Z</time>
			</trkpt>
			<trkpt lat="44.78632" lon="1.94488">
				<ele>513.47</ele>
				<time>2026-05-28T19:05:11.382Z</time>
			</trkpt>
			<trkpt lat="44.78646" lon="1.9444">
				<ele>518.7</ele>
				<time>2026-05-28T19:05:14.449Z</time>
			</trkpt>
			<trkpt lat="44.78653" lon="1.94422">
				<ele>520.26</ele>
				<time>2026-05-28T19:05:15.660Z</time>
			</trkpt>
			<trkpt lat="44.78671" lon="1.94401">
				<ele>522.89</ele>
				<time>2026-05-28T19:05:17.601Z</time>
			</trkpt>
			<trkpt lat="44.78719" lon="1.94369">
				<ele>527.73</ele>
				<time>2026-05-28T19:05:22.004Z</time>
			</trkpt>
			<trkpt lat="44.78806" lon="1.94342">
				<ele>529.01</ele>
				<time>2026-05-28T19:05:29.357Z</time>
			</trkpt>
			<trkpt lat="44.78826" lon="1.94332">
				<ele>528.96</ele>
				<time>2026-05-28T19:05:31.102Z</time>
			</trkpt>
			<trkpt lat="44.78909" lon="1.94267">
				<ele>534.11</ele>
				<time>2026-05-28T19:05:38.880Z</time>
			</trkpt>
			<trkpt lat="44.78961" lon="1.94232">
				<ele>535.74</ele>
				<time>2026-05-28T19:05:43.573Z</time>
			</trkpt>
			<trkpt lat="44.78976" lon="1.94212">
				<ele>535.61</ele>
				<time>2026-05-28T19:05:45.249Z</time>
			</trkpt>
			<trkpt lat="44.78987" lon="1.94192">
				<ele>534.84</ele>
				<time>2026-05-28T19:05:46.705Z</time>
			</trkpt>
			<trkpt lat="44.78993" lon="1.94186">
				<ele>534.42</ele>
				<time>2026-05-28T19:05:47.300Z</time>
			</trkpt>
			<trkpt lat="44.79004" lon="1.94247">
				<ele>532.2</ele>
				<time>2026-05-28T19:05:50.908Z</time>
			</trkpt>
			<trkpt lat="44.79003" lon="1.94284">
				<ele>532.12</ele>
				<time>2026-05-28T19:05:53.023Z</time>
			</trkpt>
			<trkpt lat="44.78999" lon="1.943">
				<ele>532.24</ele>
				<time>2026-05-28T19:05:53.991Z</time>
			</trkpt>
			<trkpt lat="44.78977" lon="1.94356">
				<ele>529.99</ele>
				<time>2026-05-28T19:05:57.631Z</time>
			</trkpt>
			<trkpt lat="44.78967" lon="1.94371">
				<ele>529.91</ele>
				<time>2026-05-28T19:05:58.798Z</time>
			</trkpt>
			<trkpt lat="44.78951" lon="1.94388">
				<ele>531.95</ele>
				<time>2026-05-28T19:06:00.397Z</time>
			</trkpt>
			<trkpt lat="44.78943" lon="1.944">
				<ele>532.51</ele>
				<time>2026-05-28T19:06:01.327Z</time>
			</trkpt>
			<trkpt lat="44.78939" lon="1.9441">
				<ele>532.34</ele>
				<time>2026-05-28T19:06:01.976Z</time>
			</trkpt>
			<trkpt lat="44.78933" lon="1.94439">
				<ele>529.51</ele>
				<time>2026-05-28T19:06:03.679Z</time>
			</trkpt>
			<trkpt lat="44.78936" lon="1.94495">
				<ele>524.19</ele>
				<time>2026-05-28T19:06:06.843Z</time>
			</trkpt>
			<trkpt lat="44.78935" lon="1.94513">
				<ele>522.92</ele>
				<time>2026-05-28T19:06:07.859Z</time>
			</trkpt>
			<trkpt lat="44.78931" lon="1.9453">
				<ele>522.61</ele>
				<time>2026-05-28T19:06:08.867Z</time>
			</trkpt>
			<trkpt lat="44.78922" lon="1.9455">
				<ele>523.84</ele>
				<time>2026-05-28T19:06:10.198Z</time>
			</trkpt>
			<trkpt lat="44.78908" lon="1.94574">
				<ele>525.63</ele>
				<time>2026-05-28T19:06:11.943Z</time>
			</trkpt>
			<trkpt lat="44.78902" lon="1.9459">
				<ele>525.28</ele>
				<time>2026-05-28T19:06:12.959Z</time>
			</trkpt>
			<trkpt lat="44.78899" lon="1.94608">
				<ele>523.61</ele>
				<time>2026-05-28T19:06:13.996Z</time>
			</trkpt>
			<trkpt lat="44.78897" lon="1.94717">
				<ele>517.99</ele>
				<time>2026-05-28T19:06:20.103Z</time>
			</trkpt>
			<trkpt lat="44.789" lon="1.94735">
				<ele>516.42</ele>
				<time>2026-05-28T19:06:21.137Z</time>
			</trkpt>
			<trkpt lat="44.78908" lon="1.94748">
				<ele>514.59</ele>
				<time>2026-05-28T19:06:22.099Z</time>
			</trkpt>
			<trkpt lat="44.78937" lon="1.9476">
				<ele>510.11</ele>
				<time>2026-05-28T19:06:24.478Z</time>
			</trkpt>
			<trkpt lat="44.78945" lon="1.94769">
				<ele>509.89</ele>
				<time>2026-05-28T19:06:25.283Z</time>
			</trkpt>
			<trkpt lat="44.7895" lon="1.94785">
				<ele>509.26</ele>
				<time>2026-05-28T19:06:26.258Z</time>
			</trkpt>
			<trkpt lat="44.78947" lon="1.94804">
				<ele>509.26</ele>
				<time>2026-05-28T19:06:27.343Z</time>
			</trkpt>
			<trkpt lat="44.78936" lon="1.94843">
				<ele>507.67</ele>
				<time>2026-05-28T19:06:29.682Z</time>
			</trkpt>
			<trkpt lat="44.78935" lon="1.94876">
				<ele>504.52</ele>
				<time>2026-05-28T19:06:31.521Z</time>
			</trkpt>
			<trkpt lat="44.78975" lon="1.94987">
				<ele>498.22</ele>
				<time>2026-05-28T19:06:38.439Z</time>
			</trkpt>
			<trkpt lat="44.78977" lon="1.95015">
				<ele>496.91</ele>
				<time>2026-05-28T19:06:40.000Z</time>
			</trkpt>
			<trkpt lat="44.78973" lon="1.95037">
				<ele>496.13</ele>
				<time>2026-05-28T19:06:41.259Z</time>
			</trkpt>
			<trkpt lat="44.78953" lon="1.95088">
				<ele>494.32</ele>
				<time>2026-05-28T19:06:44.487Z</time>
			</trkpt>
			<trkpt lat="44.78945" lon="1.9512">
				<ele>494.14</ele>
				<time>2026-05-28T19:06:46.365Z</time>
			</trkpt>
			<trkpt lat="44.78949" lon="1.95146">
				<ele>494.42</ele>
				<time>2026-05-28T19:06:47.836Z</time>
			</trkpt>
			<trkpt lat="44.78961" lon="1.95185">
				<ele>494.2</ele>
				<time>2026-05-28T19:06:50.186Z</time>
			</trkpt>
			<trkpt lat="44.78981" lon="1.95229">
				<ele>493.5</ele>
				<time>2026-05-28T19:06:53.071Z</time>
			</trkpt>
			<trkpt lat="44.78998" lon="1.95247">
				<ele>493</ele>
				<time>2026-05-28T19:06:54.725Z</time>
			</trkpt>
			<trkpt lat="44.79017" lon="1.95258">
				<ele>492.26</ele>
				<time>2026-05-28T19:06:56.321Z</time>
			</trkpt>
			<trkpt lat="44.79047" lon="1.95264">
				<ele>491.29</ele>
				<time>2026-05-28T19:06:58.674Z</time>
			</trkpt>
			<trkpt lat="44.79095" lon="1.95266">
				<ele>487.9</ele>
				<time>2026-05-28T19:07:02.400Z</time>
			</trkpt>
			<trkpt lat="44.79099" lon="1.95261">
				<ele>487.59</ele>
				<time>2026-05-28T19:07:02.814Z</time>
			</trkpt>
			<trkpt lat="44.79118" lon="1.95212">
				<ele>486.14</ele>
				<time>2026-05-28T19:07:05.885Z</time>
			</trkpt>
			<trkpt lat="44.79134" lon="1.95181">
				<ele>483.98</ele>
				<time>2026-05-28T19:07:07.992Z</time>
			</trkpt>
			<trkpt lat="44.79235" lon="1.95058">
				<ele>472.87</ele>
				<time>2026-05-28T19:07:18.312Z</time>
			</trkpt>
			<trkpt lat="44.79253" lon="1.95044">
				<ele>471.3</ele>
				<time>2026-05-28T19:07:19.900Z</time>
			</trkpt>
			<trkpt lat="44.79267" lon="1.9504">
				<ele>471.5</ele>
				<time>2026-05-28T19:07:21.002Z</time>
			</trkpt>
			<trkpt lat="44.7928" lon="1.95045">
				<ele>472.21</ele>
				<time>2026-05-28T19:07:22.042Z</time>
			</trkpt>
			<trkpt lat="44.79287" lon="1.95064">
				<ele>472.98</ele>
				<time>2026-05-28T19:07:23.213Z</time>
			</trkpt>
			<trkpt lat="44.79292" lon="1.95096">
				<ele>473.46</ele>
				<time>2026-05-28T19:07:25.006Z</time>
			</trkpt>
			<trkpt lat="44.7929" lon="1.95125">
				<ele>473.01</ele>
				<time>2026-05-28T19:07:26.600Z</time>
			</trkpt>
			<trkpt lat="44.7928" lon="1.95145">
				<ele>472.24</ele>
				<time>2026-05-28T19:07:27.938Z</time>
			</trkpt>
			<trkpt lat="44.7925" lon="1.95178">
				<ele>472.98</ele>
				<time>2026-05-28T19:07:30.870Z</time>
			</trkpt>
			<trkpt lat="44.79232" lon="1.95208">
				<ele>473.8</ele>
				<time>2026-05-28T19:07:33.016Z</time>
			</trkpt>
			<trkpt lat="44.79215" lon="1.95258">
				<ele>466.71</ele>
				<time>2026-05-28T19:07:36.044Z</time>
			</trkpt>
			<trkpt lat="44.79201" lon="1.953">
				<ele>463.45</ele>
				<time>2026-05-28T19:07:38.577Z</time>
			</trkpt>
			<trkpt lat="44.792" lon="1.95322">
				<ele>463.44</ele>
				<time>2026-05-28T19:07:39.780Z</time>
			</trkpt>
			<trkpt lat="44.79207" lon="1.9535">
				<ele>462.96</ele>
				<time>2026-05-28T19:07:41.400Z</time>
			</trkpt>
			<trkpt lat="44.7923" lon="1.95389">
				<ele>463.22</ele>
				<time>2026-05-28T19:07:44.165Z</time>
			</trkpt>
			<trkpt lat="44.79243" lon="1.95398">
				<ele>463</ele>
				<time>2026-05-28T19:07:45.278Z</time>
			</trkpt>
			<trkpt lat="44.7926" lon="1.95395">
				<ele>460.99</ele>
				<time>2026-05-28T19:07:46.595Z</time>
			</trkpt>
			<trkpt lat="44.79314" lon="1.95356">
				<ele>450.92</ele>
				<time>2026-05-28T19:07:51.255Z</time>
			</trkpt>
			<trkpt lat="44.79334" lon="1.95351">
				<ele>450.94</ele>
				<time>2026-05-28T19:07:52.814Z</time>
			</trkpt>
			<trkpt lat="44.7936" lon="1.95349">
				<ele>450.39</ele>
				<time>2026-05-28T19:07:54.813Z</time>
			</trkpt>
			<trkpt lat="44.79382" lon="1.95364">
				<ele>450.95</ele>
				<time>2026-05-28T19:07:56.689Z</time>
			</trkpt>
			<trkpt lat="44.79405" lon="1.95402">
				<ele>451.78</ele>
				<time>2026-05-28T19:07:59.409Z</time>
			</trkpt>
			<trkpt lat="44.79426" lon="1.95452">
				<ele>447.1</ele>
				<time>2026-05-28T19:08:02.572Z</time>
			</trkpt>
			<trkpt lat="44.79455" lon="1.95607">
				<ele>435.83</ele>
				<time>2026-05-28T19:08:11.297Z</time>
			</trkpt>
			<trkpt lat="44.79452" lon="1.95632">
				<ele>433.34</ele>
				<time>2026-05-28T19:08:12.677Z</time>
			</trkpt>
			<trkpt lat="44.79444" lon="1.95655">
				<ele>432.19</ele>
				<time>2026-05-28T19:08:14.071Z</time>
			</trkpt>
			<trkpt lat="44.79426" lon="1.95694">
				<ele>431.82</ele>
				<time>2026-05-28T19:08:16.603Z</time>
			</trkpt>
			<trkpt lat="44.79389" lon="1.95761">
				<ele>431.59</ele>
				<time>2026-05-28T19:08:21.223Z</time>
			</trkpt>
			<trkpt lat="44.79327" lon="1.95831">
				<ele>422.76</ele>
				<time>2026-05-28T19:08:27.317Z</time>
			</trkpt>
			<trkpt lat="44.79289" lon="1.95858">
				<ele>419.44</ele>
				<time>2026-05-28T19:08:30.583Z</time>
			</trkpt>
			<trkpt lat="44.79269" lon="1.95859">
				<ele>418.6</ele>
				<time>2026-05-28T19:08:32.118Z</time>
			</trkpt>
			<trkpt lat="44.79183" lon="1.95854">
				<ele>413.73</ele>
				<time>2026-05-28T19:08:38.726Z</time>
			</trkpt>
			<trkpt lat="44.79116" lon="1.95845">
				<ele>417.31</ele>
				<time>2026-05-28T19:08:43.895Z</time>
			</trkpt>
			<trkpt lat="44.79107" lon="1.95849">
				<ele>418.03</ele>
				<time>2026-05-28T19:08:44.620Z</time>
			</trkpt>
			<trkpt lat="44.791" lon="1.95857">
				<ele>417.48</ele>
				<time>2026-05-28T19:08:45.313Z</time>
			</trkpt>
			<trkpt lat="44.79081" lon="1.959">
				<ele>409.33</ele>
				<time>2026-05-28T19:08:48.076Z</time>
			</trkpt>
			<trkpt lat="44.79059" lon="1.95994">
				<ele>400.7</ele>
				<time>2026-05-28T19:08:53.478Z</time>
			</trkpt>
			<trkpt lat="44.79035" lon="1.96072">
				<ele>392.31</ele>
				<time>2026-05-28T19:08:58.122Z</time>
			</trkpt>
			<trkpt lat="44.79006" lon="1.96128">
				<ele>388.46</ele>
				<time>2026-05-28T19:09:01.912Z</time>
			</trkpt>
			<trkpt lat="44.79001" lon="1.96153">
				<ele>387.36</ele>
				<time>2026-05-28T19:09:03.332Z</time>
			</trkpt>
			<trkpt lat="44.79016" lon="1.96199">
				<ele>384.24</ele>
				<time>2026-05-28T19:09:06.102Z</time>
			</trkpt>
			<trkpt lat="44.79025" lon="1.96239">
				<ele>383.59</ele>
				<time>2026-05-28T19:09:08.400Z</time>
			</trkpt>
			<trkpt lat="44.7903" lon="1.96247">
				<ele>383.59</ele>
				<time>2026-05-28T19:09:08.984Z</time>
			</trkpt>
			<trkpt lat="44.79074" lon="1.96098">
				<ele>383.63</ele>
				<time>2026-05-28T19:09:17.832Z</time>
			</trkpt>
			<trkpt lat="44.79086" lon="1.96075">
				<ele>383.57</ele>
				<time>2026-05-28T19:09:19.399Z</time>
			</trkpt>
			<trkpt lat="44.79099" lon="1.96059">
				<ele>384.35</ele>
				<time>2026-05-28T19:09:20.735Z</time>
			</trkpt>
			<trkpt lat="44.79114" lon="1.96052">
				<ele>384.47</ele>
				<time>2026-05-28T19:09:21.959Z</time>
			</trkpt>
			<trkpt lat="44.79132" lon="1.96052">
				<ele>384.95</ele>
				<time>2026-05-28T19:09:23.353Z</time>
			</trkpt>
			<trkpt lat="44.79153" lon="1.96061">
				<ele>386.09</ele>
				<time>2026-05-28T19:09:25.053Z</time>
			</trkpt>
			<trkpt lat="44.79197" lon="1.96089">
				<ele>384.35</ele>
				<time>2026-05-28T19:09:28.787Z</time>
			</trkpt>
			<trkpt lat="44.79217" lon="1.96093">
				<ele>383.76</ele>
				<time>2026-05-28T19:09:30.348Z</time>
			</trkpt>
			<trkpt lat="44.79226" lon="1.96092">
				<ele>383.89</ele>
				<time>2026-05-28T19:09:31.045Z</time>
			</trkpt>
			<trkpt lat="44.79242" lon="1.96085">
				<ele>384.26</ele>
				<time>2026-05-28T19:09:32.338Z</time>
			</trkpt>
			<trkpt lat="44.79251" lon="1.96077">
				<ele>384.56</ele>
				<time>2026-05-28T19:09:33.159Z</time>
			</trkpt>
			<trkpt lat="44.79288" lon="1.96036">
				<ele>381.45</ele>
				<time>2026-05-28T19:09:36.785Z</time>
			</trkpt>
			<trkpt lat="44.79308" lon="1.96028">
				<ele>379.41</ele>
				<time>2026-05-28T19:09:38.385Z</time>
			</trkpt>
			<trkpt lat="44.79392" lon="1.96027">
				<ele>374.2</ele>
				<time>2026-05-28T19:09:44.838Z</time>
			</trkpt>
			<trkpt lat="44.79408" lon="1.9602">
				<ele>375.55</ele>
				<time>2026-05-28T19:09:46.123Z</time>
			</trkpt>
			<trkpt lat="44.7942" lon="1.96009">
				<ele>376.67</ele>
				<time>2026-05-28T19:09:47.220Z</time>
			</trkpt>
			<trkpt lat="44.79429" lon="1.95996">
				<ele>377.48</ele>
				<time>2026-05-28T19:09:48.207Z</time>
			</trkpt>
			<trkpt lat="44.79453" lon="1.95941">
				<ele>380.43</ele>
				<time>2026-05-28T19:09:51.713Z</time>
			</trkpt>
			<trkpt lat="44.79476" lon="1.95912">
				<ele>378.98</ele>
				<time>2026-05-28T19:09:54.072Z</time>
			</trkpt>
			<trkpt lat="44.79485" lon="1.95906">
				<ele>376.81</ele>
				<time>2026-05-28T19:09:54.832Z</time>
			</trkpt>
			<trkpt lat="44.79578" lon="1.95862">
				<ele>371.04</ele>
				<time>2026-05-28T19:10:02.310Z</time>
			</trkpt>
			<trkpt lat="44.79607" lon="1.95847">
				<ele>370.24</ele>
				<time>2026-05-28T19:10:04.660Z</time>
			</trkpt>
			<trkpt lat="44.79623" lon="1.95835">
				<ele>369.95</ele>
				<time>2026-05-28T19:10:06.038Z</time>
			</trkpt>
			<trkpt lat="44.7972" lon="1.95741">
				<ele>367.41</ele>
				<time>2026-05-28T19:10:14.966Z</time>
			</trkpt>
			<trkpt lat="44.7973" lon="1.95728">
				<ele>367.52</ele>
				<time>2026-05-28T19:10:15.996Z</time>
			</trkpt>
			<trkpt lat="44.79744" lon="1.95701">
				<ele>367.35</ele>
				<time>2026-05-28T19:10:17.791Z</time>
			</trkpt>
			<trkpt lat="44.79749" lon="1.95685">
				<ele>366.75</ele>
				<time>2026-05-28T19:10:18.728Z</time>
			</trkpt>
			<trkpt lat="44.79752" lon="1.95657">
				<ele>365.56</ele>
				<time>2026-05-28T19:10:20.247Z</time>
			</trkpt>
			<trkpt lat="44.79751" lon="1.9562">
				<ele>363.71</ele>
				<time>2026-05-28T19:10:22.231Z</time>
			</trkpt>
			<trkpt lat="44.7974" lon="1.95567">
				<ele>364.15</ele>
				<time>2026-05-28T19:10:25.187Z</time>
			</trkpt>
			<trkpt lat="44.79724" lon="1.95534">
				<ele>364.26</ele>
				<time>2026-05-28T19:10:27.324Z</time>
			</trkpt>
			<trkpt lat="44.79694" lon="1.95492">
				<ele>365.37</ele>
				<time>2026-05-28T19:10:30.508Z</time>
			</trkpt>
			<trkpt lat="44.79686" lon="1.95474">
				<ele>366.54</ele>
				<time>2026-05-28T19:10:31.642Z</time>
			</trkpt>
			<trkpt lat="44.79683" lon="1.95453">
				<ele>366.14</ele>
				<time>2026-05-28T19:10:32.785Z</time>
			</trkpt>
			<trkpt lat="44.79684" lon="1.95437">
				<ele>365.21</ele>
				<time>2026-05-28T19:10:33.642Z</time>
			</trkpt>
			<trkpt lat="44.79689" lon="1.95422">
				<ele>363.57</ele>
				<time>2026-05-28T19:10:34.525Z</time>
			</trkpt>
			<trkpt lat="44.79696" lon="1.95409">
				<ele>362.02</ele>
				<time>2026-05-28T19:10:35.395Z</time>
			</trkpt>
			<trkpt lat="44.79705" lon="1.95398">
				<ele>361.48</ele>
				<time>2026-05-28T19:10:36.290Z</time>
			</trkpt>
			<trkpt lat="44.79716" lon="1.95389">
				<ele>360.57</ele>
				<time>2026-05-28T19:10:37.244Z</time>
			</trkpt>
			<trkpt lat="44.79727" lon="1.95384">
				<ele>360.41</ele>
				<time>2026-05-28T19:10:38.112Z</time>
			</trkpt>
			<trkpt lat="44.79737" lon="1.95382">
				<ele>360.66</ele>
				<time>2026-05-28T19:10:38.869Z</time>
			</trkpt>
			<trkpt lat="44.79946" lon="1.95407">
				<ele>358.59</ele>
				<time>2026-05-28T19:10:54.559Z</time>
			</trkpt>
			<trkpt lat="44.79968" lon="1.95406">
				<ele>357.84</ele>
				<time>2026-05-28T19:10:56.200Z</time>
			</trkpt>
			<trkpt lat="44.79984" lon="1.95401">
				<ele>357.2</ele>
				<time>2026-05-28T19:10:57.422Z</time>
			</trkpt>
			<trkpt lat="44.8" lon="1.95389">
				<ele>356.87</ele>
				<time>2026-05-28T19:10:58.772Z</time>
			</trkpt>
			<trkpt lat="44.80013" lon="1.95375">
				<ele>356.29</ele>
				<time>2026-05-28T19:10:59.991Z</time>
			</trkpt>
			<trkpt lat="44.80045" lon="1.95317">
				<ele>357.11</ele>
				<time>2026-05-28T19:11:03.871Z</time>
			</trkpt>
			<trkpt lat="44.80057" lon="1.95304">
				<ele>357.97</ele>
				<time>2026-05-28T19:11:04.996Z</time>
			</trkpt>
			<trkpt lat="44.80073" lon="1.95295">
				<ele>357.86</ele>
				<time>2026-05-28T19:11:06.277Z</time>
			</trkpt>
			<trkpt lat="44.80089" lon="1.95292">
				<ele>357.37</ele>
				<time>2026-05-28T19:11:07.476Z</time>
			</trkpt>
			<trkpt lat="44.80137" lon="1.9529">
				<ele>357.51</ele>
				<time>2026-05-28T19:11:11.042Z</time>
			</trkpt>
			<trkpt lat="44.80154" lon="1.95286">
				<ele>357.68</ele>
				<time>2026-05-28T19:11:12.320Z</time>
			</trkpt>
			<trkpt lat="44.80171" lon="1.95277">
				<ele>358.16</ele>
				<time>2026-05-28T19:11:13.667Z</time>
			</trkpt>
			<trkpt lat="44.80192" lon="1.95259">
				<ele>358.97</ele>
				<time>2026-05-28T19:11:15.489Z</time>
			</trkpt>
			<trkpt lat="44.8032" lon="1.95112">
				<ele>347.92</ele>
				<time>2026-05-28T19:11:27.706Z</time>
			</trkpt>
			<trkpt lat="44.80694" lon="1.94675">
				<ele>332.34</ele>
				<time>2026-05-28T19:12:03.435Z</time>
			</trkpt>
			<trkpt lat="44.80734" lon="1.94632">
				<ele>331.13</ele>
				<time>2026-05-28T19:12:07.120Z</time>
			</trkpt>
			<trkpt lat="44.80757" lon="1.94619">
				<ele>330.18</ele>
				<time>2026-05-28T19:12:08.934Z</time>
			</trkpt>
			<trkpt lat="44.80773" lon="1.94618">
				<ele>329.84</ele>
				<time>2026-05-28T19:12:10.106Z</time>
			</trkpt>
			<trkpt lat="44.80869" lon="1.94624">
				<ele>333.74</ele>
				<time>2026-05-28T19:12:17.135Z</time>
			</trkpt>
			<trkpt lat="44.80883" lon="1.94626">
				<ele>335.73</ele>
				<time>2026-05-28T19:12:18.163Z</time>
			</trkpt>
			<trkpt lat="44.80892" lon="1.9463">
				<ele>336.88</ele>
				<time>2026-05-28T19:12:18.853Z</time>
			</trkpt>
			<trkpt lat="44.80899" lon="1.94636">
				<ele>337.93</ele>
				<time>2026-05-28T19:12:19.452Z</time>
			</trkpt>
			<trkpt lat="44.80908" lon="1.94658">
				<ele>338.84</ele>
				<time>2026-05-28T19:12:20.768Z</time>
			</trkpt>
			<trkpt lat="44.80912" lon="1.94673">
				<ele>339.06</ele>
				<time>2026-05-28T19:12:21.598Z</time>
			</trkpt>
			<trkpt lat="44.80919" lon="1.94723">
				<ele>339.37</ele>
				<time>2026-05-28T19:12:24.239Z</time>
			</trkpt>
			<trkpt lat="44.80924" lon="1.94736">
				<ele>339.4</ele>
				<time>2026-05-28T19:12:25.005Z</time>
			</trkpt>
			<trkpt lat="44.80932" lon="1.94748">
				<ele>339.83</ele>
				<time>2026-05-28T19:12:25.858Z</time>
			</trkpt>
			<trkpt lat="44.80943" lon="1.94754">
				<ele>340.41</ele>
				<time>2026-05-28T19:12:26.719Z</time>
			</trkpt>
			<trkpt lat="44.80958" lon="1.94754">
				<ele>339.78</ele>
				<time>2026-05-28T19:12:27.814Z</time>
			</trkpt>
			<trkpt lat="44.80975" lon="1.94745">
				<ele>340.04</ele>
				<time>2026-05-28T19:12:29.139Z</time>
			</trkpt>
			<trkpt lat="44.8114" lon="1.94607">
				<ele>347.52</ele>
				<time>2026-05-28T19:12:43.129Z</time>
			</trkpt>
			<trkpt lat="44.81155" lon="1.94597">
				<ele>348.95</ele>
				<time>2026-05-28T19:12:44.338Z</time>
			</trkpt>
			<trkpt lat="44.81169" lon="1.94594">
				<ele>349.48</ele>
				<time>2026-05-28T19:12:45.369Z</time>
			</trkpt>
			<trkpt lat="44.81185" lon="1.94594">
				<ele>349.95</ele>
				<time>2026-05-28T19:12:46.535Z</time>
			</trkpt>
			<trkpt lat="44.81205" lon="1.94599">
				<ele>350.31</ele>
				<time>2026-05-28T19:12:48.014Z</time>
			</trkpt>
			<trkpt lat="44.81301" lon="1.94639">
				<ele>352.82</ele>
				<time>2026-05-28T19:12:55.303Z</time>
			</trkpt>
			<trkpt lat="44.81326" lon="1.94653">
				<ele>353.08</ele>
				<time>2026-05-28T19:12:57.261Z</time>
			</trkpt>
			<trkpt lat="44.81522" lon="1.94713">
				<ele>365.23</ele>
				<time>2026-05-28T19:13:11.854Z</time>
			</trkpt>
			<trkpt lat="44.81549" lon="1.94719">
				<ele>362.79</ele>
				<time>2026-05-28T19:13:13.842Z</time>
			</trkpt>
			<trkpt lat="44.81563" lon="1.9472">
				<ele>361.11</ele>
				<time>2026-05-28T19:13:14.861Z</time>
			</trkpt>
			<trkpt lat="44.81579" lon="1.94717">
				<ele>359.1</ele>
				<time>2026-05-28T19:13:16.035Z</time>
			</trkpt>
			<trkpt lat="44.81603" lon="1.94708">
				<ele>357.65</ele>
				<time>2026-05-28T19:13:17.841Z</time>
			</trkpt>
			<trkpt lat="44.81692" lon="1.94648">
				<ele>356.32</ele>
				<time>2026-05-28T19:13:25.016Z</time>
			</trkpt>
			<trkpt lat="44.81721" lon="1.94618">
				<ele>356.28</ele>
				<time>2026-05-28T19:13:27.632Z</time>
			</trkpt>
			<trkpt lat="44.81798" lon="1.94487">
				<ele>357.29</ele>
				<time>2026-05-28T19:13:36.410Z</time>
			</trkpt>
			<trkpt lat="44.81828" lon="1.94443">
				<ele>357.76</ele>
				<time>2026-05-28T19:13:39.559Z</time>
			</trkpt>
			<trkpt lat="44.81857" lon="1.94323">
				<ele>352.39</ele>
				<time>2026-05-28T19:13:46.102Z</time>
			</trkpt>
			<trkpt lat="44.81857" lon="1.94258">
				<ele>346.68</ele>
				<time>2026-05-28T19:13:49.458Z</time>
			</trkpt>
			<trkpt lat="44.81864" lon="1.94228">
				<ele>342.29</ele>
				<time>2026-05-28T19:13:51.089Z</time>
			</trkpt>
			<trkpt lat="44.81877" lon="1.94215">
				<ele>341.04</ele>
				<time>2026-05-28T19:13:52.249Z</time>
			</trkpt>
			<trkpt lat="44.81986" lon="1.94171">
				<ele>339.6</ele>
				<time>2026-05-28T19:14:00.506Z</time>
			</trkpt>
			<trkpt lat="44.82025" lon="1.94163">
				<ele>340.34</ele>
				<time>2026-05-28T19:14:03.377Z</time>
			</trkpt>
			<trkpt lat="44.82121" lon="1.94107">
				<ele>326.1</ele>
				<time>2026-05-28T19:14:10.951Z</time>
			</trkpt>
			<trkpt lat="44.82141" lon="1.94102">
				<ele>323.1</ele>
				<time>2026-05-28T19:14:12.432Z</time>
			</trkpt>
			<trkpt lat="44.82168" lon="1.94109">
				<ele>324.82</ele>
				<time>2026-05-28T19:14:14.435Z</time>
			</trkpt>
			<trkpt lat="44.82177" lon="1.94107">
				<ele>324.89</ele>
				<time>2026-05-28T19:14:15.099Z</time>
			</trkpt>
			<trkpt lat="44.82181" lon="1.94104">
				<ele>324.71</ele>
				<time>2026-05-28T19:14:15.430Z</time>
			</trkpt>
			<trkpt lat="44.82184" lon="1.94096">
				<ele>324.01</ele>
				<time>2026-05-28T19:14:15.898Z</time>
			</trkpt>
			<trkpt lat="44.82194" lon="1.94051">
				<ele>319.52</ele>
				<time>2026-05-28T19:14:18.339Z</time>
			</trkpt>
			<trkpt lat="44.82198" lon="1.94039">
				<ele>319.03</ele>
				<time>2026-05-28T19:14:19.026Z</time>
			</trkpt>
			<trkpt lat="44.82264" lon="1.93947">
				<ele>318.64</ele>
				<time>2026-05-28T19:14:25.805Z</time>
			</trkpt>
			<trkpt lat="44.82269" lon="1.93933">
				<ele>317.47</ele>
				<time>2026-05-28T19:14:26.617Z</time>
			</trkpt>
			<trkpt lat="44.82274" lon="1.93892">
				<ele>312.76</ele>
				<time>2026-05-28T19:14:28.774Z</time>
			</trkpt>
			<trkpt lat="44.82278" lon="1.9388">
				<ele>312.43</ele>
				<time>2026-05-28T19:14:29.461Z</time>
			</trkpt>
			<trkpt lat="44.82284" lon="1.93872">
				<ele>313.32</ele>
				<time>2026-05-28T19:14:30.065Z</time>
			</trkpt>
			<trkpt lat="44.82302" lon="1.93858">
				<ele>313.75</ele>
				<time>2026-05-28T19:14:31.568Z</time>
			</trkpt>
			<trkpt lat="44.82309" lon="1.9385">
				<ele>314.85</ele>
				<time>2026-05-28T19:14:32.227Z</time>
			</trkpt>
			<trkpt lat="44.82313" lon="1.93839">
				<ele>315.46</ele>
				<time>2026-05-28T19:14:32.869Z</time>
			</trkpt>
			<trkpt lat="44.82318" lon="1.93798">
				<ele>313.23</ele>
				<time>2026-05-28T19:14:35.028Z</time>
			</trkpt>
			<trkpt lat="44.82322" lon="1.93778">
				<ele>311.68</ele>
				<time>2026-05-28T19:14:36.106Z</time>
			</trkpt>
			<trkpt lat="44.82328" lon="1.93762">
				<ele>310.57</ele>
				<time>2026-05-28T19:14:37.046Z</time>
			</trkpt>
			<trkpt lat="44.82348" lon="1.9373">
				<ele>307.27</ele>
				<time>2026-05-28T19:14:39.261Z</time>
			</trkpt>
			<trkpt lat="44.82379" lon="1.93689">
				<ele>298.71</ele>
				<time>2026-05-28T19:14:42.374Z</time>
			</trkpt>
			<trkpt lat="44.82476" lon="1.93631">
				<ele>301.34</ele>
				<time>2026-05-28T19:14:50.100Z</time>
			</trkpt>
			<trkpt lat="44.82489" lon="1.93615">
				<ele>301.16</ele>
				<time>2026-05-28T19:14:51.367Z</time>
			</trkpt>
			<trkpt lat="44.82498" lon="1.93602">
				<ele>300.75</ele>
				<time>2026-05-28T19:14:52.313Z</time>
			</trkpt>
			<trkpt lat="44.82526" lon="1.93531">
				<ele>292.57</ele>
				<time>2026-05-28T19:14:56.545Z</time>
			</trkpt>
			<trkpt lat="44.82537" lon="1.93512">
				<ele>292.71</ele>
				<time>2026-05-28T19:14:57.823Z</time>
			</trkpt>
			<trkpt lat="44.82551" lon="1.93494">
				<ele>292.74</ele>
				<time>2026-05-28T19:14:59.216Z</time>
			</trkpt>
			<trkpt lat="44.82569" lon="1.93479">
				<ele>292.3</ele>
				<time>2026-05-28T19:15:00.754Z</time>
			</trkpt>
			<trkpt lat="44.82607" lon="1.93461">
				<ele>296.29</ele>
				<time>2026-05-28T19:15:03.703Z</time>
			</trkpt>
			<trkpt lat="44.8264" lon="1.93441">
				<ele>288.35</ele>
				<time>2026-05-28T19:15:06.348Z</time>
			</trkpt>
			<trkpt lat="44.82658" lon="1.93435">
				<ele>282.45</ele>
				<time>2026-05-28T19:15:07.710Z</time>
			</trkpt>
			<trkpt lat="44.82674" lon="1.93436">
				<ele>279.35</ele>
				<time>2026-05-28T19:15:08.891Z</time>
			</trkpt>
			<trkpt lat="44.82733" lon="1.93462">
				<ele>280.84</ele>
				<time>2026-05-28T19:15:13.449Z</time>
			</trkpt>
			<trkpt lat="44.82752" lon="1.93463">
				<ele>279.48</ele>
				<time>2026-05-28T19:15:14.852Z</time>
			</trkpt>
			<trkpt lat="44.8278" lon="1.93451">
				<ele>275.22</ele>
				<time>2026-05-28T19:15:17.012Z</time>
			</trkpt>
			<trkpt lat="44.82798" lon="1.93448">
				<ele>275.76</ele>
				<time>2026-05-28T19:15:18.351Z</time>
			</trkpt>
			<trkpt lat="44.82824" lon="1.93452">
				<ele>279.6</ele>
				<time>2026-05-28T19:15:20.283Z</time>
			</trkpt>
			<trkpt lat="44.8286" lon="1.93465">
				<ele>281.86</ele>
				<time>2026-05-28T19:15:23.031Z</time>
			</trkpt>
			<trkpt lat="44.82919" lon="1.93522">
				<ele>281.28</ele>
				<time>2026-05-28T19:15:28.325Z</time>
			</trkpt>
			<trkpt lat="44.82942" lon="1.93528">
				<ele>275.73</ele>
				<time>2026-05-28T19:15:30.058Z</time>
			</trkpt>
			<trkpt lat="44.8297" lon="1.93539">
				<ele>270.89</ele>
				<time>2026-05-28T19:15:32.213Z</time>
			</trkpt>
			<trkpt lat="44.82982" lon="1.93552">
				<ele>270.42</ele>
				<time>2026-05-28T19:15:33.336Z</time>
			</trkpt>
			<trkpt lat="44.83004" lon="1.93597">
				<ele>269.49</ele>
				<time>2026-05-28T19:15:36.213Z</time>
			</trkpt>
			<trkpt lat="44.83017" lon="1.93606">
				<ele>268.39</ele>
				<time>2026-05-28T19:15:37.288Z</time>
			</trkpt>
			<trkpt lat="44.83035" lon="1.93611">
				<ele>266.56</ele>
				<time>2026-05-28T19:15:38.651Z</time>
			</trkpt>
			<trkpt lat="44.83058" lon="1.93608">
				<ele>264</ele>
				<time>2026-05-28T19:15:40.368Z</time>
			</trkpt>
			<trkpt lat="44.83123" lon="1.93587">
				<ele>254.53</ele>
				<time>2026-05-28T19:15:45.329Z</time>
			</trkpt>
			<trkpt lat="44.83149" lon="1.93592">
				<ele>254.69</ele>
				<time>2026-05-28T19:15:47.284Z</time>
			</trkpt>
			<trkpt lat="44.83167" lon="1.93609">
				<ele>254.61</ele>
				<time>2026-05-28T19:15:48.899Z</time>
			</trkpt>
			<trkpt lat="44.83193" lon="1.93667">
				<ele>257.5</ele>
				<time>2026-05-28T19:15:52.528Z</time>
			</trkpt>
			<trkpt lat="44.8321" lon="1.937">
				<ele>261.01</ele>
				<time>2026-05-28T19:15:54.688Z</time>
			</trkpt>
			<trkpt lat="44.83235" lon="1.93706">
				<ele>258.54</ele>
				<time>2026-05-28T19:15:56.583Z</time>
			</trkpt>
			<trkpt lat="44.83285" lon="1.93698">
				<ele>253.96</ele>
				<time>2026-05-28T19:16:00.346Z</time>
			</trkpt>
			<trkpt lat="44.83303" lon="1.93682">
				<ele>253.11</ele>
				<time>2026-05-28T19:16:01.939Z</time>
			</trkpt>
			<trkpt lat="44.83318" lon="1.93634">
				<ele>248.72</ele>
				<time>2026-05-28T19:16:04.726Z</time>
			</trkpt>
			<trkpt lat="44.83339" lon="1.93593">
				<ele>246.13</ele>
				<time>2026-05-28T19:16:07.416Z</time>
			</trkpt>
			<trkpt lat="44.83373" lon="1.93569">
				<ele>243.14</ele>
				<time>2026-05-28T19:16:10.270Z</time>
			</trkpt>
			<trkpt lat="44.83451" lon="1.93549">
				<ele>248.04</ele>
				<time>2026-05-28T19:16:16.231Z</time>
			</trkpt>
			<trkpt lat="44.83461" lon="1.93538">
				<ele>247.21</ele>
				<time>2026-05-28T19:16:17.186Z</time>
			</trkpt>
			<trkpt lat="44.83471" lon="1.93501">
				<ele>240.14</ele>
				<time>2026-05-28T19:16:19.302Z</time>
			</trkpt>
			<trkpt lat="44.83471" lon="1.93455">
				<ele>239.32</ele>
				<time>2026-05-28T19:16:21.761Z</time>
			</trkpt>
			<trkpt lat="44.8346" lon="1.93418">
				<ele>239.02</ele>
				<time>2026-05-28T19:16:23.908Z</time>
			</trkpt>
			<trkpt lat="44.83459" lon="1.93355">
				<ele>240.01</ele>
				<time>2026-05-28T19:16:27.285Z</time>
			</trkpt>
			<trkpt lat="44.83489" lon="1.93218">
				<ele>244.58</ele>
				<time>2026-05-28T19:16:34.984Z</time>
			</trkpt>
			<trkpt lat="44.83498" lon="1.93157">
				<ele>240.73</ele>
				<time>2026-05-28T19:16:38.337Z</time>
			</trkpt>
			<trkpt lat="44.83501" lon="1.93107">
				<ele>237.41</ele>
				<time>2026-05-28T19:16:41.042Z</time>
			</trkpt>
			<trkpt lat="44.83489" lon="1.93059">
				<ele>232.61</ele>
				<time>2026-05-28T19:16:43.787Z</time>
			</trkpt>
			<trkpt lat="44.8349" lon="1.93021">
				<ele>229.25</ele>
				<time>2026-05-28T19:16:45.841Z</time>
			</trkpt>
			<trkpt lat="44.83517" lon="1.92923">
				<ele>231.94</ele>
				<time>2026-05-28T19:16:51.529Z</time>
			</trkpt>
			<trkpt lat="44.83521" lon="1.929">
				<ele>230.58</ele>
				<time>2026-05-28T19:16:52.812Z</time>
			</trkpt>
			<trkpt lat="44.83538" lon="1.92872">
				<ele>229.31</ele>
				<time>2026-05-28T19:16:54.811Z</time>
			</trkpt>
			<trkpt lat="44.83558" lon="1.92855">
				<ele>228.51</ele>
				<time>2026-05-28T19:16:56.598Z</time>
			</trkpt>
			<trkpt lat="44.83569" lon="1.92832">
				<ele>225</ele>
				<time>2026-05-28T19:16:58.104Z</time>
			</trkpt>
			<trkpt lat="44.83574" lon="1.92807">
				<ele>223.47</ele>
				<time>2026-05-28T19:16:59.516Z</time>
			</trkpt>
			<trkpt lat="44.83592" lon="1.92783">
				<ele>222.81</ele>
				<time>2026-05-28T19:17:01.416Z</time>
			</trkpt>
			<trkpt lat="44.83626" lon="1.92749">
				<ele>224.33</ele>
				<time>2026-05-28T19:17:04.616Z</time>
			</trkpt>
			<trkpt lat="44.83651" lon="1.92716">
				<ele>227.66</ele>
				<time>2026-05-28T19:17:07.249Z</time>
			</trkpt>
			<trkpt lat="44.83677" lon="1.92659">
				<ele>224.66</ele>
				<time>2026-05-28T19:17:10.950Z</time>
			</trkpt>
			<trkpt lat="44.83734" lon="1.92572">
				<ele>225.78</ele>
				<time>2026-05-28T19:17:17.433Z</time>
			</trkpt>
			<trkpt lat="44.8374" lon="1.9253">
				<ele>222.79</ele>
				<time>2026-05-28T19:17:19.783Z</time>
			</trkpt>
			<trkpt lat="44.83733" lon="1.92481">
				<ele>219.95</ele>
				<time>2026-05-28T19:17:22.529Z</time>
			</trkpt>
			<trkpt lat="44.8371" lon="1.92443">
				<ele>218.14</ele>
				<time>2026-05-28T19:17:25.276Z</time>
			</trkpt>
			<trkpt lat="44.83707" lon="1.924">
				<ele>218.01</ele>
				<time>2026-05-28T19:17:27.655Z</time>
			</trkpt>
			<trkpt lat="44.83721" lon="1.9234">
				<ele>214.52</ele>
				<time>2026-05-28T19:17:31.139Z</time>
			</trkpt>
			<trkpt lat="44.83731" lon="1.92313">
				<ele>214.52</ele>
				<time>2026-05-28T19:17:32.821Z</time>
			</trkpt>
			<trkpt lat="44.83793" lon="1.92254">
				<ele>216.92</ele>
				<time>2026-05-28T19:17:38.656Z</time>
			</trkpt>
			<trkpt lat="44.83818" lon="1.92215">
				<ele>215.42</ele>
				<time>2026-05-28T19:17:41.571Z</time>
			</trkpt>
			<trkpt lat="44.83837" lon="1.92198">
				<ele>211.56</ele>
				<time>2026-05-28T19:17:43.333Z</time>
			</trkpt>
			<trkpt lat="44.83854" lon="1.92195">
				<ele>207.62</ele>
				<time>2026-05-28T19:17:44.675Z</time>
			</trkpt>
			<trkpt lat="44.83868" lon="1.92213">
				<ele>207.05</ele>
				<time>2026-05-28T19:17:46.161Z</time>
			</trkpt>
			<trkpt lat="44.83897" lon="1.92281">
				<ele>216.13</ele>
				<time>2026-05-28T19:17:50.580Z</time>
			</trkpt>
			<trkpt lat="44.83915" lon="1.92338">
				<ele>225.74</ele>
				<time>2026-05-28T19:17:54.062Z</time>
			</trkpt>
			<trkpt lat="44.83935" lon="1.92364">
				<ele>224.04</ele>
				<time>2026-05-28T19:17:56.206Z</time>
			</trkpt>
			<trkpt lat="44.83959" lon="1.9237">
				<ele>219.52</ele>
				<time>2026-05-28T19:17:58.129Z</time>
			</trkpt>
			<trkpt lat="44.83979" lon="1.92362">
				<ele>214.05</ele>
				<time>2026-05-28T19:17:59.771Z</time>
			</trkpt>
			<trkpt lat="44.84051" lon="1.92281">
				<ele>206.8</ele>
				<time>2026-05-28T19:18:07.063Z</time>
			</trkpt>
			<trkpt lat="44.84089" lon="1.92259">
				<ele>205.38</ele>
				<time>2026-05-28T19:18:10.325Z</time>
			</trkpt>
			<trkpt lat="44.84114" lon="1.92255">
				<ele>204.98</ele>
				<time>2026-05-28T19:18:12.326Z</time>
			</trkpt>
			<trkpt lat="44.84201" lon="1.9226">
				<ele>208.37</ele>
				<time>2026-05-28T19:18:19.267Z</time>
			</trkpt>
			<trkpt lat="44.84218" lon="1.92255">
				<ele>208.92</ele>
				<time>2026-05-28T19:18:20.655Z</time>
			</trkpt>
			<trkpt lat="44.84242" lon="1.92223">
				<ele>208.52</ele>
				<time>2026-05-28T19:18:23.297Z</time>
			</trkpt>
			<trkpt lat="44.84268" lon="1.92181">
				<ele>204.97</ele>
				<time>2026-05-28T19:18:26.465Z</time>
			</trkpt>
			<trkpt lat="44.84284" lon="1.92164">
				<ele>201.58</ele>
				<time>2026-05-28T19:18:28.073Z</time>
			</trkpt>
			<trkpt lat="44.84304" lon="1.92164">
				<ele>203.13</ele>
				<time>2026-05-28T19:18:29.679Z</time>
			</trkpt>
			<trkpt lat="44.84335" lon="1.92178">
				<ele>208.58</ele>
				<time>2026-05-28T19:18:32.297Z</time>
			</trkpt>
			<trkpt lat="44.84372" lon="1.92178">
				<ele>206.48</ele>
				<time>2026-05-28T19:18:35.277Z</time>
			</trkpt>
			<trkpt lat="44.844" lon="1.92159">
				<ele>203.73</ele>
				<time>2026-05-28T19:18:37.784Z</time>
			</trkpt>
			<trkpt lat="44.84425" lon="1.92128">
				<ele>201.93</ele>
				<time>2026-05-28T19:18:40.473Z</time>
			</trkpt>
			<trkpt lat="44.84448" lon="1.9209">
				<ele>199.2</ele>
				<time>2026-05-28T19:18:43.341Z</time>
			</trkpt>
			<trkpt lat="44.8448" lon="1.92067">
				<ele>200.19</ele>
				<time>2026-05-28T19:18:46.252Z</time>
			</trkpt>
			<trkpt lat="44.84513" lon="1.9206">
				<ele>198.38</ele>
				<time>2026-05-28T19:18:48.962Z</time>
			</trkpt>
			<trkpt lat="44.84563" lon="1.92066">
				<ele>196.33</ele>
				<time>2026-05-28T19:18:53.046Z</time>
			</trkpt>
			<trkpt lat="44.8459" lon="1.92055">
				<ele>196.45</ele>
				<time>2026-05-28T19:18:55.337Z</time>
			</trkpt>
			<trkpt lat="44.84634" lon="1.9202">
				<ele>194.75</ele>
				<time>2026-05-28T19:18:59.464Z</time>
			</trkpt>
			<trkpt lat="44.84699" lon="1.91981">
				<ele>192.26</ele>
				<time>2026-05-28T19:19:05.252Z</time>
			</trkpt>
			<trkpt lat="44.84754" lon="1.91945">
				<ele>186.02</ele>
				<time>2026-05-28T19:19:10.236Z</time>
			</trkpt>
			<trkpt lat="44.84772" lon="1.91924">
				<ele>186.42</ele>
				<time>2026-05-28T19:19:12.161Z</time>
			</trkpt>
			<trkpt lat="44.84801" lon="1.91865">
				<ele>186.78</ele>
				<time>2026-05-28T19:19:16.362Z</time>
			</trkpt>
			<trkpt lat="44.84825" lon="1.91812">
				<ele>184.95</ele>
				<time>2026-05-28T19:19:20.052Z</time>
			</trkpt>
			<trkpt lat="44.84854" lon="1.91757">
				<ele>181.7</ele>
				<time>2026-05-28T19:19:24.083Z</time>
			</trkpt>
			<trkpt lat="44.84875" lon="1.91736">
				<ele>182.56</ele>
				<time>2026-05-28T19:19:26.222Z</time>
			</trkpt>
			<trkpt lat="44.84972" lon="1.91656">
				<ele>178.27</ele>
				<time>2026-05-28T19:19:35.595Z</time>
			</trkpt>
			<trkpt lat="44.85009" lon="1.91615">
				<ele>178.09</ele>
				<time>2026-05-28T19:19:39.536Z</time>
			</trkpt>
			<trkpt lat="44.85101" lon="1.91496">
				<ele>174.75</ele>
				<time>2026-05-28T19:19:50.042Z</time>
			</trkpt>
			<trkpt lat="44.85143" lon="1.91446">
				<ele>175.83</ele>
				<time>2026-05-28T19:19:54.690Z</time>
			</trkpt>
			<trkpt lat="44.85229" lon="1.9132">
				<ele>162.45</ele>
				<time>2026-05-28T19:20:05.229Z</time>
			</trkpt>
			<trkpt lat="44.85245" lon="1.91301">
				<ele>161.6</ele>
				<time>2026-05-28T19:20:07.014Z</time>
			</trkpt>
			<trkpt lat="44.85256" lon="1.91274">
				<ele>159.86</ele>
				<time>2026-05-28T19:20:08.900Z</time>
			</trkpt>
			<trkpt lat="44.85264" lon="1.9124">
				<ele>159</ele>
				<time>2026-05-28T19:20:11.073Z</time>
			</trkpt>
			<trkpt lat="44.85281" lon="1.91153">
				<ele>160.93</ele>
				<time>2026-05-28T19:20:16.561Z</time>
			</trkpt>
			<trkpt lat="44.85296" lon="1.91053">
				<ele>165.42</ele>
				<time>2026-05-28T19:20:22.801Z</time>
			</trkpt>
			<trkpt lat="44.85304" lon="1.91024">
				<ele>166.14</ele>
				<time>2026-05-28T19:20:24.706Z</time>
			</trkpt>
			<trkpt lat="44.85322" lon="1.91002">
				<ele>165.73</ele>
				<time>2026-05-28T19:20:26.765Z</time>
			</trkpt>
			<trkpt lat="44.8533" lon="1.90984">
				<ele>165.31</ele>
				<time>2026-05-28T19:20:28.069Z</time>
			</trkpt>
			<trkpt lat="44.85332" lon="1.90973">
				<ele>165.09</ele>
				<time>2026-05-28T19:20:28.766Z</time>
			</trkpt>
			<trkpt lat="44.85331" lon="1.9096">
				<ele>165.23</ele>
				<time>2026-05-28T19:20:29.570Z</time>
			</trkpt>
			<trkpt lat="44.85306" lon="1.90901">
				<ele>167.66</ele>
				<time>2026-05-28T19:20:33.800Z</time>
			</trkpt>
			<trkpt lat="44.85279" lon="1.90815">
				<ele>165.1</ele>
				<time>2026-05-28T19:20:39.608Z</time>
			</trkpt>
			<trkpt lat="44.85249" lon="1.9074">
				<ele>181.11</ele>
				<time>2026-05-28T19:20:44.946Z</time>
			</trkpt>
			<trkpt lat="44.85243" lon="1.90719">
				<ele>184.07</ele>
				<time>2026-05-28T19:20:46.352Z</time>
			</trkpt>
			<trkpt lat="44.85241" lon="1.90691">
				<ele>185.62</ele>
				<time>2026-05-28T19:20:48.103Z</time>
			</trkpt>
			<trkpt lat="44.85249" lon="1.90653">
				<ele>183.8</ele>
				<time>2026-05-28T19:20:50.572Z</time>
			</trkpt>
			<trkpt lat="44.85284" lon="1.90589">
				<ele>176.52</ele>
				<time>2026-05-28T19:20:55.619Z</time>
			</trkpt>
			<trkpt lat="44.8531" lon="1.90528">
				<ele>176.33</ele>
				<time>2026-05-28T19:21:00.078Z</time>
			</trkpt>
			<trkpt lat="44.85328" lon="1.90455">
				<ele>168.42</ele>
				<time>2026-05-28T19:21:04.936Z</time>
			</trkpt>
			<trkpt lat="44.85346" lon="1.90393">
				<ele>163.79</ele>
				<time>2026-05-28T19:21:09.160Z</time>
			</trkpt>
			<trkpt lat="44.8536" lon="1.9035">
				<ele>161.47</ele>
				<time>2026-05-28T19:21:12.150Z</time>
			</trkpt>
			<trkpt lat="44.85372" lon="1.90286">
				<ele>162.47</ele>
				<time>2026-05-28T19:21:16.345Z</time>
			</trkpt>
			<trkpt lat="44.85384" lon="1.90182">
				<ele>161.13</ele>
				<time>2026-05-28T19:21:23.046Z</time>
			</trkpt>
			<trkpt lat="44.85389" lon="1.90132">
				<ele>161.97</ele>
				<time>2026-05-28T19:21:26.269Z</time>
			</trkpt>
			<trkpt lat="44.85421" lon="1.89994">
				<ele>158.81</ele>
				<time>2026-05-28T19:21:35.575Z</time>
			</trkpt>
			<trkpt lat="44.85431" lon="1.89949">
				<ele>158.47</ele>
				<time>2026-05-28T19:21:38.611Z</time>
			</trkpt>
			<trkpt lat="44.85432" lon="1.89942">
				<ele>158.39</ele>
				<time>2026-05-28T19:21:39.071Z</time>
			</trkpt>
			<trkpt lat="44.85471" lon="1.89902">
				<ele>156.5</ele>
				<time>2026-05-28T19:21:43.463Z</time>
			</trkpt>
			<trkpt lat="44.85519" lon="1.89841">
				<ele>155</ele>
				<time>2026-05-28T19:21:49.368Z</time>
			</trkpt>
			<trkpt lat="44.85663" lon="1.89584">
				<ele>153</ele>
				<time>2026-05-28T19:22:08.975Z</time>
			</trkpt>
			<trkpt lat="44.85671" lon="1.89591">
				<ele>152.82</ele>
				<time>2026-05-28T19:22:09.705Z</time>
			</trkpt>
			<trkpt lat="44.85766" lon="1.89653">
				<ele>150.88</ele>
				<time>2026-05-28T19:22:19.429Z</time>
			</trkpt>
			<trkpt lat="44.85773" lon="1.89655">
				<ele>150.57</ele>
				<time>2026-05-28T19:22:20.255Z</time>
			</trkpt>
			<trkpt lat="44.85776" lon="1.89661">
				<ele>150.24</ele>
				<time>2026-05-28T19:22:20.875Z</time>
			</trkpt>
			<trkpt lat="44.85782" lon="1.8966">
				<ele>150.17</ele>
				<time>2026-05-28T19:22:21.614Z</time>
			</trkpt>
			<trkpt lat="44.85784" lon="1.8967">
				<ele>150.25</ele>
				<time>2026-05-28T19:22:22.544Z</time>
			</trkpt>
			<trkpt lat="44.85783" lon="1.89697">
				<ele>151.91</ele>
				<time>2026-05-28T19:22:25.123Z</time>
			</trkpt>
			<trkpt lat="44.85766" lon="1.8971">
				<ele>152.99</ele>
				<time>2026-05-28T19:22:27.977Z</time>
			</trkpt>
			<trkpt lat="44.85736" lon="1.89742">
				<ele>154.39</ele>
				<time>2026-05-28T19:22:34.367Z</time>
			</trkpt>
			<trkpt lat="44.85766" lon="1.8971">
				<ele>152.99</ele>
				<time>2026-05-28T19:22:48.368Z</time>
			</trkpt>
			<trkpt lat="44.85783" lon="1.89697">
				<ele>151.91</ele>
				<time>2026-05-28T19:22:58.553Z</time>
			</trkpt>
			<trkpt lat="44.85784" lon="1.8967">
				<ele>150.25</ele>
				<time>2026-05-28T19:23:08.900Z</time>
			</trkpt>
			<trkpt lat="44.85782" lon="1.8966">
				<ele>150.17</ele>
				<time>2026-05-28T19:23:12.665Z</time>
			</trkpt>
			<trkpt lat="44.85784" lon="1.89655">
				<ele>150.29</ele>
				<time>2026-05-28T19:23:14.650Z</time>
			</trkpt>
			<trkpt lat="44.85782" lon="1.89648">
				<ele>150.54</ele>
				<time>2026-05-28T19:23:17.131Z</time>
			</trkpt>
			<trkpt lat="44.85777" lon="1.89646">
				<ele>150.72</ele>
				<time>2026-05-28T19:23:19.376Z</time>
			</trkpt>
			<trkpt lat="44.85774" lon="1.89649">
				<ele>150.7</ele>
				<time>2026-05-28T19:23:20.852Z</time>
			</trkpt>
			<trkpt lat="44.85773" lon="1.89655">
				<ele>150.57</ele>
				<time>2026-05-28T19:23:22.469Z</time>
			</trkpt>
			<trkpt lat="44.85766" lon="1.89653">
				<ele>150.88</ele>
				<time>2026-05-28T19:23:24.756Z</time>
			</trkpt>
			<trkpt lat="44.85671" lon="1.89591">
				<ele>152.82</ele>
				<time>2026-05-28T19:23:51.222Z</time>
			</trkpt>
			<trkpt lat="44.85663" lon="1.89584">
				<ele>153</ele>
				<time>2026-05-28T19:23:54.353Z</time>
			</trkpt>
			<trkpt lat="44.85731" lon="1.89467">
				<ele>152.81</ele>
				<time>2026-05-28T19:24:18.277Z</time>
			</trkpt>
			<trkpt lat="44.85789" lon="1.89364">
				<ele>154.92</ele>
				<time>2026-05-28T19:24:36.053Z</time>
			</trkpt>
			<trkpt lat="44.85798" lon="1.89346">
				<ele>154.47</ele>
				<time>2026-05-28T19:24:38.302Z</time>
			</trkpt>
			<trkpt lat="44.85812" lon="1.89346">
				<ele>154.23</ele>
				<time>2026-05-28T19:24:40.111Z</time>
			</trkpt>
			<trkpt lat="44.85833" lon="1.89345">
				<ele>153.44</ele>
				<time>2026-05-28T19:24:42.636Z</time>
			</trkpt>
			<trkpt lat="44.8584" lon="1.89344">
				<ele>153.13</ele>
				<time>2026-05-28T19:24:43.436Z</time>
			</trkpt>
			<trkpt lat="44.85845" lon="1.89339">
				<ele>152.75</ele>
				<time>2026-05-28T19:24:44.116Z</time>
			</trkpt>
			<trkpt lat="44.85849" lon="1.8933">
				<ele>152.37</ele>
				<time>2026-05-28T19:24:44.932Z</time>
			</trkpt>
			<trkpt lat="44.85862" lon="1.8927">
				<ele>153.05</ele>
				<time>2026-05-28T19:24:49.400Z</time>
			</trkpt>
			<trkpt lat="44.85868" lon="1.89249">
				<ele>153.26</ele>
				<time>2026-05-28T19:24:50.910Z</time>
			</trkpt>
			<trkpt lat="44.8588" lon="1.89227">
				<ele>153.12</ele>
				<time>2026-05-28T19:24:52.725Z</time>
			</trkpt>
			<trkpt lat="44.85897" lon="1.89212">
				<ele>153.32</ele>
				<time>2026-05-28T19:24:54.566Z</time>
			</trkpt>
			<trkpt lat="44.85901" lon="1.89212">
				<ele>153.46</ele>
				<time>2026-05-28T19:24:54.935Z</time>
			</trkpt>
			<trkpt lat="44.85904" lon="1.89208">
				<ele>153.54</ele>
				<time>2026-05-28T19:24:55.317Z</time>
			</trkpt>
			<trkpt lat="44.85916" lon="1.8919">
				<ele>154.14</ele>
				<time>2026-05-28T19:24:56.958Z</time>
			</trkpt>
			<trkpt lat="44.85925" lon="1.89183">
				<ele>154.26</ele>
				<time>2026-05-28T19:24:57.943Z</time>
			</trkpt>
			<trkpt lat="44.85944" lon="1.89163">
				<ele>154</ele>
				<time>2026-05-28T19:25:00.306Z</time>
			</trkpt>
			<trkpt lat="44.85951" lon="1.89163">
				<ele>154.22</ele>
				<time>2026-05-28T19:25:01.024Z</time>
			</trkpt>
			<trkpt lat="44.85964" lon="1.89175">
				<ele>154.73</ele>
				<time>2026-05-28T19:25:02.618Z</time>
			</trkpt>
			<trkpt lat="44.85973" lon="1.89178">
				<ele>154.96</ele>
				<time>2026-05-28T19:25:03.568Z</time>
			</trkpt>
			<trkpt lat="44.86014" lon="1.89201">
				<ele>154.11</ele>
				<time>2026-05-28T19:25:08.103Z</time>
			</trkpt>
			<trkpt lat="44.86025" lon="1.89204">
				<ele>154.02</ele>
				<time>2026-05-28T19:25:09.255Z</time>
			</trkpt>
			<trkpt lat="44.86054" lon="1.89203">
				<ele>154</ele>
				<time>2026-05-28T19:25:12.241Z</time>
			</trkpt>
			<trkpt lat="44.86077" lon="1.89196">
				<ele>153.95</ele>
				<time>2026-05-28T19:25:14.665Z</time>
			</trkpt>
			<trkpt lat="44.86093" lon="1.89174">
				<ele>154.82</ele>
				<time>2026-05-28T19:25:16.967Z</time>
			</trkpt>
			<trkpt lat="44.86135" lon="1.89101">
				<ele>154.69</ele>
				<time>2026-05-28T19:25:23.840Z</time>
			</trkpt>
			<trkpt lat="44.86154" lon="1.89061">
				<ele>153.55</ele>
				<time>2026-05-28T19:25:27.362Z</time>
			</trkpt>
			<trkpt lat="44.86177" lon="1.89002">
				<ele>154.56</ele>
				<time>2026-05-28T19:25:32.287Z</time>
			</trkpt>
			<trkpt lat="44.8619" lon="1.88967">
				<ele>153.84</ele>
				<time>2026-05-28T19:25:35.176Z</time>
			</trkpt>
			<trkpt lat="44.862" lon="1.88923">
				<ele>150.96</ele>
				<time>2026-05-28T19:25:38.554Z</time>
			</trkpt>
			<trkpt lat="44.862" lon="1.88905">
				<ele>150.45</ele>
				<time>2026-05-28T19:25:39.870Z</time>
			</trkpt>
			<trkpt lat="44.86193" lon="1.88904">
				<ele>150.56</ele>
				<time>2026-05-28T19:25:40.595Z</time>
			</trkpt>
			<trkpt lat="44.86147" lon="1.88875">
				<ele>150.51</ele>
				<time>2026-05-28T19:25:45.787Z</time>
			</trkpt>
			<trkpt lat="44.86137" lon="1.88866">
				<ele>150.23</ele>
				<time>2026-05-28T19:25:47.008Z</time>
			</trkpt>
			<trkpt lat="44.8613" lon="1.88866">
				<ele>150.43</ele>
				<time>2026-05-28T19:25:47.729Z</time>
			</trkpt>
			<trkpt lat="44.86125" lon="1.88845">
				<ele>150.49</ele>
				<time>2026-05-28T19:25:49.345Z</time>
			</trkpt>
			<trkpt lat="44.86118" lon="1.88772">
				<ele>148.82</ele>
				<time>2026-05-28T19:25:54.712Z</time>
			</trkpt>
			<trkpt lat="44.86116" lon="1.88767">
				<ele>148.63</ele>
				<time>2026-05-28T19:25:55.130Z</time>
			</trkpt>
			<trkpt lat="44.86112" lon="1.88763">
				<ele>148.49</ele>
				<time>2026-05-28T19:25:55.633Z</time>
			</trkpt>
			<trkpt lat="44.86119" lon="1.88723">
				<ele>148</ele>
				<time>2026-05-28T19:25:58.629Z</time>
			</trkpt>
			<trkpt lat="44.86125" lon="1.88699">
				<ele>148.82</ele>
				<time>2026-05-28T19:26:00.478Z</time>
			</trkpt>
			<trkpt lat="44.86148" lon="1.88639">
				<ele>150.65</ele>
				<time>2026-05-28T19:26:05.420Z</time>
			</trkpt>
			<trkpt lat="44.86128" lon="1.88627">
				<ele>150.24</ele>
				<time>2026-05-28T19:26:07.643Z</time>
			</trkpt>
			<trkpt lat="44.86114" lon="1.88617">
				<ele>149.37</ele>
				<time>2026-05-28T19:26:09.248Z</time>
			</trkpt>
			<trkpt lat="44.86113" lon="1.88608">
				<ele>148.95</ele>
				<time>2026-05-28T19:26:09.905Z</time>
			</trkpt>
			<trkpt lat="44.86121" lon="1.8855">
				<ele>147.17</ele>
				<time>2026-05-28T19:26:13.666Z</time>
			</trkpt>
			<trkpt lat="44.86119" lon="1.88515">
				<ele>148.44</ele>
				<time>2026-05-28T19:26:16.423Z</time>
			</trkpt>
			<trkpt lat="44.86122" lon="1.88474">
				<ele>148.64</ele>
				<time>2026-05-28T19:26:22.532Z</time>
			</trkpt>
			<trkpt lat="44.86128" lon="1.88422">
				<ele>146.3</ele>
				<time>2026-05-28T19:26:36.018Z</time>
			</trkpt>
			<trkpt lat="44.86143" lon="1.88322">
				<ele>144</ele>
				<time>2026-05-28T19:26:53.274Z</time>
			</trkpt>
			<trkpt lat="44.86152" lon="1.88241">
				<ele>144</ele>
				<time>2026-05-28T19:27:01.591Z</time>
			</trkpt>
			<trkpt lat="44.86158" lon="1.88204">
				<ele>144.62</ele>
				<time>2026-05-28T19:27:04.881Z</time>
			</trkpt>
			<trkpt lat="44.86082" lon="1.8818">
				<ele>144.52</ele>
				<time>2026-05-28T19:27:13.036Z</time>
			</trkpt>
			<trkpt lat="44.86065" lon="1.88175">
				<ele>145.51</ele>
				<time>2026-05-28T19:27:14.673Z</time>
			</trkpt>
			<trkpt lat="44.86062" lon="1.88174">
				<ele>145.67</ele>
				<time>2026-05-28T19:27:14.959Z</time>
			</trkpt>
			<trkpt lat="44.86058" lon="1.88176">
				<ele>145.84</ele>
				<time>2026-05-28T19:27:15.352Z</time>
			</trkpt>
			<trkpt lat="44.86064" lon="1.88142">
				<ele>145.68</ele>
				<time>2026-05-28T19:27:17.625Z</time>
			</trkpt>
			<trkpt lat="44.86075" lon="1.88107">
				<ele>146.38</ele>
				<time>2026-05-28T19:27:20.096Z</time>
			</trkpt>
			<trkpt lat="44.86092" lon="1.88027">
				<ele>146</ele>
				<time>2026-05-28T19:27:25.705Z</time>
			</trkpt>
			<trkpt lat="44.86106" lon="1.87959">
				<ele>146</ele>
				<time>2026-05-28T19:27:30.467Z</time>
			</trkpt>
			<trkpt lat="44.86109" lon="1.87938">
				<ele>146</ele>
				<time>2026-05-28T19:27:31.831Z</time>
			</trkpt>
			<trkpt lat="44.86141" lon="1.8779">
				<ele>144.03</ele>
				<time>2026-05-28T19:27:41.382Z</time>
			</trkpt>
			<trkpt lat="44.86197" lon="1.87521">
				<ele>143.79</ele>
				<time>2026-05-28T19:27:58.341Z</time>
			</trkpt>
			<trkpt lat="44.86218" lon="1.87437">
				<ele>144.34</ele>
				<time>2026-05-28T19:28:03.648Z</time>
			</trkpt>
			<trkpt lat="44.86233" lon="1.8739">
				<ele>145.89</ele>
				<time>2026-05-28T19:28:06.703Z</time>
			</trkpt>
			<trkpt lat="44.86309" lon="1.87184">
				<ele>143.05</ele>
				<time>2026-05-28T19:28:20.319Z</time>
			</trkpt>
			<trkpt lat="44.86448" lon="1.86814">
				<ele>142</ele>
				<time>2026-05-28T19:28:44.323Z</time>
			</trkpt>
			<trkpt lat="44.8646" lon="1.8677">
				<ele>142.82</ele>
				<time>2026-05-28T19:28:46.986Z</time>
			</trkpt>
			<trkpt lat="44.86468" lon="1.86724">
				<ele>143.86</ele>
				<time>2026-05-28T19:28:49.654Z</time>
			</trkpt>
			<trkpt lat="44.86529" lon="1.86279">
				<ele>142.99</ele>
				<time>2026-05-28T19:29:14.840Z</time>
			</trkpt>
			<trkpt lat="44.86534" lon="1.86247">
				<ele>143.02</ele>
				<time>2026-05-28T19:29:16.640Z</time>
			</trkpt>
			<trkpt lat="44.86544" lon="1.86208">
				<ele>143.98</ele>
				<time>2026-05-28T19:29:18.913Z</time>
			</trkpt>
			<trkpt lat="44.8656" lon="1.8617">
				<ele>144.69</ele>
				<time>2026-05-28T19:29:21.332Z</time>
			</trkpt>
			<trkpt lat="44.86584" lon="1.86134">
				<ele>145.66</ele>
				<time>2026-05-28T19:29:24.032Z</time>
			</trkpt>
			<trkpt lat="44.86627" lon="1.8608">
				<ele>148.14</ele>
				<time>2026-05-28T19:29:28.456Z</time>
			</trkpt>
			<trkpt lat="44.86642" lon="1.86056">
				<ele>148.72</ele>
				<time>2026-05-28T19:29:30.196Z</time>
			</trkpt>
			<trkpt lat="44.86651" lon="1.8603">
				<ele>148.99</ele>
				<time>2026-05-28T19:29:31.767Z</time>
			</trkpt>
			<trkpt lat="44.86676" lon="1.8594">
				<ele>146.79</ele>
				<time>2026-05-28T19:29:37.005Z</time>
			</trkpt>
			<trkpt lat="44.86704" lon="1.85878">
				<ele>143</ele>
				<time>2026-05-28T19:29:40.977Z</time>
			</trkpt>
			<trkpt lat="44.86712" lon="1.85873">
				<ele>142.87</ele>
				<time>2026-05-28T19:29:41.643Z</time>
			</trkpt>
			<trkpt lat="44.86715" lon="1.85869">
				<ele>142.92</ele>
				<time>2026-05-28T19:29:41.957Z</time>
			</trkpt>
			<trkpt lat="44.86718" lon="1.85857">
				<ele>143.13</ele>
				<time>2026-05-28T19:29:42.644Z</time>
			</trkpt>
			<trkpt lat="44.86716" lon="1.85847">
				<ele>143.2</ele>
				<time>2026-05-28T19:29:43.204Z</time>
			</trkpt>
			<trkpt lat="44.86714" lon="1.85842">
				<ele>143.28</ele>
				<time>2026-05-28T19:29:43.513Z</time>
			</trkpt>
			<trkpt lat="44.86719" lon="1.858">
				<ele>144.2</ele>
				<time>2026-05-28T19:29:45.807Z</time>
			</trkpt>
			<trkpt lat="44.8673" lon="1.85759">
				<ele>143.82</ele>
				<time>2026-05-28T19:29:48.166Z</time>
			</trkpt>
			<trkpt lat="44.86782" lon="1.85646">
				<ele>145.4</ele>
				<time>2026-05-28T19:29:55.398Z</time>
			</trkpt>
			<trkpt lat="44.86802" lon="1.85597">
				<ele>144.76</ele>
				<time>2026-05-28T19:29:58.426Z</time>
			</trkpt>
			<trkpt lat="44.86866" lon="1.8539">
				<ele>141.86</ele>
				<time>2026-05-28T19:30:10.401Z</time>
			</trkpt>
			<trkpt lat="44.86915" lon="1.85226">
				<ele>142.99</ele>
				<time>2026-05-28T19:30:19.700Z</time>
			</trkpt>
			<trkpt lat="44.86947" lon="1.85118">
				<ele>140.72</ele>
				<time>2026-05-28T19:30:25.752Z</time>
			</trkpt>
			<trkpt lat="44.87078" lon="1.84626">
				<ele>138.1</ele>
				<time>2026-05-28T19:30:52.329Z</time>
			</trkpt>
			<trkpt lat="44.87095" lon="1.84543">
				<ele>138.42</ele>
				<time>2026-05-28T19:30:56.610Z</time>
			</trkpt>
			<trkpt lat="44.87111" lon="1.8444">
				<ele>138</ele>
				<time>2026-05-28T19:31:01.801Z</time>
			</trkpt>
			<trkpt lat="44.87173" lon="1.83983">
				<ele>137.74</ele>
				<time>2026-05-28T19:31:24.308Z</time>
			</trkpt>
			<trkpt lat="44.8719" lon="1.83913">
				<ele>138.13</ele>
				<time>2026-05-28T19:31:27.830Z</time>
			</trkpt>
			<trkpt lat="44.87208" lon="1.83856">
				<ele>138.51</ele>
				<time>2026-05-28T19:31:30.789Z</time>
			</trkpt>
			<trkpt lat="44.87222" lon="1.8382">
				<ele>138.55</ele>
				<time>2026-05-28T19:31:32.730Z</time>
			</trkpt>
			<trkpt lat="44.87247" lon="1.83767">
				<ele>138.91</ele>
				<time>2026-05-28T19:31:35.730Z</time>
			</trkpt>
			<trkpt lat="44.87265" lon="1.83735">
				<ele>138.47</ele>
				<time>2026-05-28T19:31:37.650Z</time>
			</trkpt>
			<trkpt lat="44.87334" lon="1.83629">
				<ele>135</ele>
				<time>2026-05-28T19:31:44.380Z</time>
			</trkpt>
			<trkpt lat="44.87486" lon="1.8339">
				<ele>136</ele>
				<time>2026-05-28T19:31:59.212Z</time>
			</trkpt>
			<trkpt lat="44.8757" lon="1.83253">
				<ele>134.83</ele>
				<time>2026-05-28T19:32:07.474Z</time>
			</trkpt>
			<trkpt lat="44.87583" lon="1.83228">
				<ele>133.98</ele>
				<time>2026-05-28T19:32:08.882Z</time>
			</trkpt>
			<trkpt lat="44.87603" lon="1.83177">
				<ele>133.88</ele>
				<time>2026-05-28T19:32:11.521Z</time>
			</trkpt>
			<trkpt lat="44.87611" lon="1.83144">
				<ele>134.74</ele>
				<time>2026-05-28T19:32:13.097Z</time>
			</trkpt>
			<trkpt lat="44.87682" lon="1.8271">
				<ele>141.01</ele>
				<time>2026-05-28T19:32:33.017Z</time>
			</trkpt>
			<trkpt lat="44.87688" lon="1.82676">
				<ele>141.04</ele>
				<time>2026-05-28T19:32:34.568Z</time>
			</trkpt>
			<trkpt lat="44.87729" lon="1.82531">
				<ele>139.81</ele>
				<time>2026-05-28T19:32:41.456Z</time>
			</trkpt>
			<trkpt lat="44.87757" lon="1.82431">
				<ele>134.79</ele>
				<time>2026-05-28T19:32:46.178Z</time>
			</trkpt>
			<trkpt lat="44.87767" lon="1.82403">
				<ele>133.64</ele>
				<time>2026-05-28T19:32:47.551Z</time>
			</trkpt>
			<trkpt lat="44.87781" lon="1.82375">
				<ele>132.73</ele>
				<time>2026-05-28T19:32:49.051Z</time>
			</trkpt>
			<trkpt lat="44.87793" lon="1.8236">
				<ele>132.91</ele>
				<time>2026-05-28T19:32:50.039Z</time>
			</trkpt>
			<trkpt lat="44.87896" lon="1.8224">
				<ele>133.73</ele>
				<time>2026-05-28T19:32:58.250Z</time>
			</trkpt>
			<trkpt lat="44.87977" lon="1.82148">
				<ele>133.52</ele>
				<time>2026-05-28T19:33:04.609Z</time>
			</trkpt>
			<trkpt lat="44.88004" lon="1.82122">
				<ele>133.06</ele>
				<time>2026-05-28T19:33:06.603Z</time>
			</trkpt>
			<trkpt lat="44.88065" lon="1.8207">
				<ele>133.1</ele>
				<time>2026-05-28T19:33:10.941Z</time>
			</trkpt>
			<trkpt lat="44.88083" lon="1.82049">
				<ele>133.22</ele>
				<time>2026-05-28T19:33:12.360Z</time>
			</trkpt>
			<trkpt lat="44.88162" lon="1.81932">
				<ele>134.69</ele>
				<time>2026-05-28T19:33:19.301Z</time>
			</trkpt>
			<trkpt lat="44.88187" lon="1.81891">
				<ele>132.91</ele>
				<time>2026-05-28T19:33:21.618Z</time>
			</trkpt>
			<trkpt lat="44.882" lon="1.81859">
				<ele>134.25</ele>
				<time>2026-05-28T19:33:23.197Z</time>
			</trkpt>
			<trkpt lat="44.8821" lon="1.81817">
				<ele>135.21</ele>
				<time>2026-05-28T19:33:25.092Z</time>
			</trkpt>
			<trkpt lat="44.88222" lon="1.81736">
				<ele>135.49</ele>
				<time>2026-05-28T19:33:28.625Z</time>
			</trkpt>
			<trkpt lat="44.88229" lon="1.817">
				<ele>136.15</ele>
				<time>2026-05-28T19:33:30.218Z</time>
			</trkpt>
			<trkpt lat="44.88241" lon="1.81668">
				<ele>136.63</ele>
				<time>2026-05-28T19:33:31.761Z</time>
			</trkpt>
			<trkpt lat="44.88267" lon="1.81619">
				<ele>135.53</ele>
				<time>2026-05-28T19:33:34.368Z</time>
			</trkpt>
			<trkpt lat="44.8841" lon="1.81393">
				<ele>139.64</ele>
				<time>2026-05-28T19:33:47.234Z</time>
			</trkpt>
			<trkpt lat="44.88437" lon="1.81336">
				<ele>136.58</ele>
				<time>2026-05-28T19:33:50.138Z</time>
			</trkpt>
			<trkpt lat="44.88451" lon="1.81298">
				<ele>135.2</ele>
				<time>2026-05-28T19:33:51.951Z</time>
			</trkpt>
			<trkpt lat="44.88498" lon="1.81127">
				<ele>138.01</ele>
				<time>2026-05-28T19:33:59.707Z</time>
			</trkpt>
			<trkpt lat="44.88524" lon="1.81042">
				<ele>140.63</ele>
				<time>2026-05-28T19:34:03.617Z</time>
			</trkpt>
			<trkpt lat="44.88537" lon="1.81004">
				<ele>139.74</ele>
				<time>2026-05-28T19:34:05.399Z</time>
			</trkpt>
			<trkpt lat="44.88554" lon="1.80963">
				<ele>139.05</ele>
				<time>2026-05-28T19:34:07.404Z</time>
			</trkpt>
			<trkpt lat="44.88574" lon="1.8093">
				<ele>138.89</ele>
				<time>2026-05-28T19:34:09.237Z</time>
			</trkpt>
			<trkpt lat="44.88593" lon="1.80907">
				<ele>138.04</ele>
				<time>2026-05-28T19:34:10.727Z</time>
			</trkpt>
			<trkpt lat="44.88614" lon="1.80886">
				<ele>137.42</ele>
				<time>2026-05-28T19:34:12.260Z</time>
			</trkpt>
			<trkpt lat="44.88668" lon="1.80839">
				<ele>133.61</ele>
				<time>2026-05-28T19:34:16.037Z</time>
			</trkpt>
			<trkpt lat="44.88801" lon="1.80745">
				<ele>133.97</ele>
				<time>2026-05-28T19:34:24.893Z</time>
			</trkpt>
			<trkpt lat="44.8885" lon="1.80712">
				<ele>135.41</ele>
				<time>2026-05-28T19:34:28.126Z</time>
			</trkpt>
			<trkpt lat="44.88889" lon="1.8069">
				<ele>131.55</ele>
				<time>2026-05-28T19:34:30.628Z</time>
			</trkpt>
			<trkpt lat="44.88939" lon="1.80652">
				<ele>133.31</ele>
				<time>2026-05-28T19:34:34.012Z</time>
			</trkpt>
			<trkpt lat="44.88969" lon="1.80618">
				<ele>135.36</ele>
				<time>2026-05-28T19:34:36.305Z</time>
			</trkpt>
			<trkpt lat="44.88985" lon="1.80595">
				<ele>136.17</ele>
				<time>2026-05-28T19:34:37.667Z</time>
			</trkpt>
			<trkpt lat="44.89006" lon="1.80558">
				<ele>136.03</ele>
				<time>2026-05-28T19:34:39.670Z</time>
			</trkpt>
			<trkpt lat="44.89099" lon="1.80351">
				<ele>144.06</ele>
				<time>2026-05-28T19:34:50.043Z</time>
			</trkpt>
			<trkpt lat="44.89112" lon="1.80309">
				<ele>142.5</ele>
				<time>2026-05-28T19:34:51.986Z</time>
			</trkpt>
			<trkpt lat="44.89141" lon="1.8015">
				<ele>146.19</ele>
				<time>2026-05-28T19:34:58.955Z</time>
			</trkpt>
			<trkpt lat="44.89155" lon="1.80053">
				<ele>143.74</ele>
				<time>2026-05-28T19:35:03.166Z</time>
			</trkpt>
			<trkpt lat="44.89163" lon="1.79937">
				<ele>145.89</ele>
				<time>2026-05-28T19:35:08.132Z</time>
			</trkpt>
			<trkpt lat="44.89172" lon="1.79844">
				<ele>147.04</ele>
				<time>2026-05-28T19:35:12.140Z</time>
			</trkpt>
			<trkpt lat="44.89218" lon="1.79593">
				<ele>145.75</ele>
				<time>2026-05-28T19:35:23.254Z</time>
			</trkpt>
			<trkpt lat="44.89245" lon="1.79394">
				<ele>142.94</ele>
				<time>2026-05-28T19:35:31.989Z</time>
			</trkpt>
			<trkpt lat="44.89298" lon="1.7904">
				<ele>145.27</ele>
				<time>2026-05-28T19:35:47.715Z</time>
			</trkpt>
			<trkpt lat="44.89324" lon="1.78805">
				<ele>140.18</ele>
				<time>2026-05-28T19:35:58.156Z</time>
			</trkpt>
			<trkpt lat="44.89327" lon="1.78744">
				<ele>135.12</ele>
				<time>2026-05-28T19:36:00.855Z</time>
			</trkpt>
			<trkpt lat="44.8932" lon="1.7844">
				<ele>140.27</ele>
				<time>2026-05-28T19:36:14.376Z</time>
			</trkpt>
			<trkpt lat="44.89348" lon="1.77987">
				<ele>138.18</ele>
				<time>2026-05-28T19:36:34.923Z</time>
			</trkpt>
			<trkpt lat="44.89353" lon="1.77937">
				<ele>137.71</ele>
				<time>2026-05-28T19:36:37.232Z</time>
			</trkpt>
			<trkpt lat="44.8936" lon="1.77898">
				<ele>136.68</ele>
				<time>2026-05-28T19:36:39.075Z</time>
			</trkpt>
			<trkpt lat="44.89369" lon="1.77854">
				<ele>136.37</ele>
				<time>2026-05-28T19:36:41.178Z</time>
			</trkpt>
			<trkpt lat="44.89444" lon="1.77598">
				<ele>141</ele>
				<time>2026-05-28T19:36:54.006Z</time>
			</trkpt>
			<trkpt lat="44.89473" lon="1.77504">
				<ele>138.89</ele>
				<time>2026-05-28T19:36:58.801Z</time>
			</trkpt>
			<trkpt lat="44.89494" lon="1.77464">
				<ele>140.53</ele>
				<time>2026-05-28T19:37:01.140Z</time>
			</trkpt>
			<trkpt lat="44.89528" lon="1.77409">
				<ele>134.97</ele>
				<time>2026-05-28T19:37:04.580Z</time>
			</trkpt>
			<trkpt lat="44.8954" lon="1.77387">
				<ele>133.05</ele>
				<time>2026-05-28T19:37:05.892Z</time>
			</trkpt>
			<trkpt lat="44.89557" lon="1.77342">
				<ele>135.5</ele>
				<time>2026-05-28T19:37:08.308Z</time>
			</trkpt>
			<trkpt lat="44.89562" lon="1.77324">
				<ele>137.03</ele>
				<time>2026-05-28T19:37:09.225Z</time>
			</trkpt>
			<trkpt lat="44.89569" lon="1.77263">
				<ele>137.43</ele>
				<time>2026-05-28T19:37:12.165Z</time>
			</trkpt>
			<trkpt lat="44.89568" lon="1.77148">
				<ele>139.76</ele>
				<time>2026-05-28T19:37:17.665Z</time>
			</trkpt>
			<trkpt lat="44.89575" lon="1.77085">
				<ele>136.31</ele>
				<time>2026-05-28T19:37:20.731Z</time>
			</trkpt>
			<trkpt lat="44.89662" lon="1.76723">
				<ele>139.76</ele>
				<time>2026-05-28T19:37:39.362Z</time>
			</trkpt>
			<trkpt lat="44.89718" lon="1.76559">
				<ele>143.88</ele>
				<time>2026-05-28T19:37:48.395Z</time>
			</trkpt>
			<trkpt lat="44.8975" lon="1.76471">
				<ele>143.64</ele>
				<time>2026-05-28T19:37:53.349Z</time>
			</trkpt>
			<trkpt lat="44.89763" lon="1.76424">
				<ele>139.13</ele>
				<time>2026-05-28T19:37:55.889Z</time>
			</trkpt>
			<trkpt lat="44.89767" lon="1.76389">
				<ele>136.72</ele>
				<time>2026-05-28T19:37:57.678Z</time>
			</trkpt>
			<trkpt lat="44.89769" lon="1.76345">
				<ele>133.12</ele>
				<time>2026-05-28T19:37:59.910Z</time>
			</trkpt>
			<trkpt lat="44.89774" lon="1.76228">
				<ele>130.5</ele>
				<time>2026-05-28T19:38:05.875Z</time>
			</trkpt>
			<trkpt lat="44.89777" lon="1.76208">
				<ele>130.05</ele>
				<time>2026-05-28T19:38:06.920Z</time>
			</trkpt>
			<trkpt lat="44.89779" lon="1.76202">
				<ele>129.9</ele>
				<time>2026-05-28T19:38:07.260Z</time>
			</trkpt>
			<trkpt lat="44.89797" lon="1.76126">
				<ele>139.8</ele>
				<time>2026-05-28T19:38:11.374Z</time>
			</trkpt>
			<trkpt lat="44.89806" lon="1.76103">
				<ele>144.04</ele>
				<time>2026-05-28T19:38:12.728Z</time>
			</trkpt>
			<trkpt lat="44.89829" lon="1.76062">
				<ele>146.58</ele>
				<time>2026-05-28T19:38:15.431Z</time>
			</trkpt>
			<trkpt lat="44.89878" lon="1.75983">
				<ele>144.18</ele>
				<time>2026-05-28T19:38:20.887Z</time>
			</trkpt>
			<trkpt lat="44.899" lon="1.75942">
				<ele>141.75</ele>
				<time>2026-05-28T19:38:23.575Z</time>
			</trkpt>
			<trkpt lat="44.9" lon="1.75673">
				<ele>136.12</ele>
				<time>2026-05-28T19:38:39.657Z</time>
			</trkpt>
			<trkpt lat="44.90014" lon="1.75649">
				<ele>137.71</ele>
				<time>2026-05-28T19:38:41.324Z</time>
			</trkpt>
			<trkpt lat="44.90044" lon="1.75612">
				<ele>134.69</ele>
				<time>2026-05-28T19:38:44.348Z</time>
			</trkpt>
			<trkpt lat="44.90053" lon="1.75598">
				<ele>134.36</ele>
				<time>2026-05-28T19:38:45.367Z</time>
			</trkpt>
			<trkpt lat="44.90069" lon="1.75568">
				<ele>135.7</ele>
				<time>2026-05-28T19:38:47.396Z</time>
			</trkpt>
			<trkpt lat="44.90087" lon="1.7553">
				<ele>135.43</ele>
				<time>2026-05-28T19:38:49.875Z</time>
			</trkpt>
			<trkpt lat="44.90094" lon="1.75513">
				<ele>134.69</ele>
				<time>2026-05-28T19:38:50.943Z</time>
			</trkpt>
			<trkpt lat="44.90127" lon="1.75382">
				<ele>133.94</ele>
				<time>2026-05-28T19:38:58.545Z</time>
			</trkpt>
			<trkpt lat="44.90156" lon="1.75294">
				<ele>130.09</ele>
				<time>2026-05-28T19:39:03.900Z</time>
			</trkpt>
			<trkpt lat="44.90161" lon="1.7528">
				<ele>129.54</ele>
				<time>2026-05-28T19:39:04.769Z</time>
			</trkpt>
			<trkpt lat="44.90261" lon="1.75017">
				<ele>128.52</ele>
				<time>2026-05-28T19:39:21.516Z</time>
			</trkpt>
			<trkpt lat="44.90289" lon="1.74947">
				<ele>128.97</ele>
				<time>2026-05-28T19:39:26.095Z</time>
			</trkpt>
			<trkpt lat="44.903" lon="1.74924">
				<ele>131.22</ele>
				<time>2026-05-28T19:39:27.682Z</time>
			</trkpt>
			<trkpt lat="44.90313" lon="1.74902">
				<ele>133.44</ele>
				<time>2026-05-28T19:39:29.325Z</time>
			</trkpt>
			<trkpt lat="44.90428" lon="1.74737">
				<ele>141.57</ele>
				<time>2026-05-28T19:39:42.737Z</time>
			</trkpt>
			<trkpt lat="44.90448" lon="1.7471">
				<ele>140.79</ele>
				<time>2026-05-28T19:39:45.025Z</time>
			</trkpt>
			<trkpt lat="44.90481" lon="1.74678">
				<ele>139.36</ele>
				<time>2026-05-28T19:39:48.349Z</time>
			</trkpt>
			<trkpt lat="44.90751" lon="1.74472">
				<ele>132.74</ele>
				<time>2026-05-28T19:40:14.356Z</time>
			</trkpt>
			<trkpt lat="44.90781" lon="1.74435">
				<ele>130.93</ele>
				<time>2026-05-28T19:40:17.802Z</time>
			</trkpt>
			<trkpt lat="44.908" lon="1.74408">
				<ele>131.08</ele>
				<time>2026-05-28T19:40:20.143Z</time>
			</trkpt>
			<trkpt lat="44.90959" lon="1.74109">
				<ele>126.95</ele>
				<time>2026-05-28T19:40:43.548Z</time>
			</trkpt>
			<trkpt lat="44.9097" lon="1.7409">
				<ele>126.78</ele>
				<time>2026-05-28T19:40:45.110Z</time>
			</trkpt>
			<trkpt lat="44.90995" lon="1.74059">
				<ele>126.56</ele>
				<time>2026-05-28T19:40:48.111Z</time>
			</trkpt>
			<trkpt lat="44.91012" lon="1.74045">
				<ele>126.14</ele>
				<time>2026-05-28T19:40:49.891Z</time>
			</trkpt>
			<trkpt lat="44.91273" lon="1.73877">
				<ele>124.81</ele>
				<time>2026-05-28T19:41:16.339Z</time>
			</trkpt>
			<trkpt lat="44.91315" lon="1.73847">
				<ele>122.51</ele>
				<time>2026-05-28T19:41:20.769Z</time>
			</trkpt>
			<trkpt lat="44.91332" lon="1.7384">
				<ele>124.63</ele>
				<time>2026-05-28T19:41:22.442Z</time>
			</trkpt>
			<trkpt lat="44.91346" lon="1.73839">
				<ele>124.1</ele>
				<time>2026-05-28T19:41:23.769Z</time>
			</trkpt>
			<trkpt lat="44.91348" lon="1.73832">
				<ele>125.08</ele>
				<time>2026-05-28T19:41:24.276Z</time>
			</trkpt>
			<trkpt lat="44.91354" lon="1.73823">
				<ele>126.51</ele>
				<time>2026-05-28T19:41:25.107Z</time>
			</trkpt>
			<trkpt lat="44.91405" lon="1.73793">
				<ele>129.27</ele>
				<time>2026-05-28T19:41:30.370Z</time>
			</trkpt>
			<trkpt lat="44.91421" lon="1.73786">
				<ele>130.36</ele>
				<time>2026-05-28T19:41:31.973Z</time>
			</trkpt>
			<trkpt lat="44.91438" lon="1.73781">
				<ele>131.55</ele>
				<time>2026-05-28T19:41:33.638Z</time>
			</trkpt>
			<trkpt lat="44.9148" lon="1.73773">
				<ele>133.89</ele>
				<time>2026-05-28T19:41:37.718Z</time>
			</trkpt>
			<trkpt lat="44.91497" lon="1.73765">
				<ele>136.14</ele>
				<time>2026-05-28T19:41:39.449Z</time>
			</trkpt>
			<trkpt lat="44.91513" lon="1.73754">
				<ele>136.84</ele>
				<time>2026-05-28T19:41:41.172Z</time>
			</trkpt>
			<trkpt lat="44.91573" lon="1.73703">
				<ele>135.31</ele>
				<time>2026-05-28T19:41:47.904Z</time>
			</trkpt>
			<trkpt lat="44.91641" lon="1.7365">
				<ele>136.48</ele>
				<time>2026-05-28T19:41:54.760Z</time>
			</trkpt>
			<trkpt lat="44.91684" lon="1.73597">
				<ele>135.45</ele>
				<time>2026-05-28T19:41:59.578Z</time>
			</trkpt>
			<trkpt lat="44.91697" lon="1.73576">
				<ele>135.82</ele>
				<time>2026-05-28T19:42:01.245Z</time>
			</trkpt>
			<trkpt lat="44.91703" lon="1.73561">
				<ele>136.09</ele>
				<time>2026-05-28T19:42:02.282Z</time>
			</trkpt>
			<trkpt lat="44.91706" lon="1.73546">
				<ele>136.92</ele>
				<time>2026-05-28T19:42:03.226Z</time>
			</trkpt>
			<trkpt lat="44.91708" lon="1.73506">
				<ele>140.8</ele>
				<time>2026-05-28T19:42:05.695Z</time>
			</trkpt>
			<trkpt lat="44.91706" lon="1.73475">
				<ele>143.54</ele>
				<time>2026-05-28T19:42:07.663Z</time>
			</trkpt>
			<trkpt lat="44.91707" lon="1.73461">
				<ele>143.47</ele>
				<time>2026-05-28T19:42:08.572Z</time>
			</trkpt>
			<trkpt lat="44.91709" lon="1.7345">
				<ele>142.92</ele>
				<time>2026-05-28T19:42:09.314Z</time>
			</trkpt>
			<trkpt lat="44.91733" lon="1.73374">
				<ele>137.44</ele>
				<time>2026-05-28T19:42:15.070Z</time>
			</trkpt>
			<trkpt lat="44.91737" lon="1.73354">
				<ele>137.37</ele>
				<time>2026-05-28T19:42:16.610Z</time>
			</trkpt>
			<trkpt lat="44.91736" lon="1.7331">
				<ele>140.59</ele>
				<time>2026-05-28T19:42:20.039Z</time>
			</trkpt>
			<trkpt lat="44.91731" lon="1.73206">
				<ele>144.51</ele>
				<time>2026-05-28T19:42:29.223Z</time>
			</trkpt>
			<trkpt lat="44.91794" lon="1.73211">
				<ele>142.24</ele>
				<time>2026-05-28T19:42:38.536Z</time>
			</trkpt>
			<trkpt lat="44.91813" lon="1.73221">
				<ele>142</ele>
				<time>2026-05-28T19:42:41.865Z</time>
			</trkpt>
			<trkpt lat="44.91818" lon="1.73221">
				<ele>142</ele>
				<time>2026-05-28T19:42:42.713Z</time>
			</trkpt>
			<trkpt lat="44.91819" lon="1.73214">
				<ele>142</ele>
				<time>2026-05-28T19:42:43.582Z</time>
			</trkpt>
			<trkpt lat="44.91829" lon="1.7319">
				<ele>141.72</ele>
				<time>2026-05-28T19:42:47.081Z</time>
			</trkpt>
			<trkpt lat="44.91848" lon="1.73165">
				<ele>139.37</ele>
				<time>2026-05-28T19:42:51.970Z</time>
			</trkpt>
			<trkpt lat="44.91871" lon="1.73168">
				<ele>138.81</ele>
				<time>2026-05-28T19:42:56.601Z</time>
			</trkpt>
			<trkpt lat="44.91885" lon="1.73173">
				<ele>138.63</ele>
				<time>2026-05-28T19:42:59.638Z</time>
			</trkpt>
			<trkpt lat="44.91906" lon="1.73187">
				<ele>135.32</ele>
				<time>2026-05-28T19:43:04.761Z</time>
			</trkpt>
			<trkpt lat="44.91932" lon="1.73122">
				<ele>133.36</ele>
				<time>2026-05-28T19:43:24.153Z</time>
			</trkpt>
			<trkpt lat="44.9196" lon="1.73101">
				<ele>133.88</ele>
				<time>2026-05-28T19:43:44.472Z</time>
			</trkpt>
			<trkpt lat="44.9199" lon="1.73073">
				<ele>133.16</ele>
				<time>2026-05-28T19:43:58.465Z</time>
			</trkpt>
			<trkpt lat="44.91996" lon="1.73064">
				<ele>133.03</ele>
				<time>2026-05-28T19:44:00.036Z</time>
			</trkpt>
			<trkpt lat="44.92014" lon="1.73021">
				<ele>133.69</ele>
				<time>2026-05-28T19:44:06.302Z</time>
			</trkpt>
			<trkpt lat="44.92049" lon="1.72927">
				<ele>131.91</ele>
				<time>2026-05-28T19:44:30.157Z</time>
			</trkpt>
			<trkpt lat="44.92057" lon="1.72911">
				<ele>131.82</ele>
				<time>2026-05-28T19:44:34.974Z</time>
			</trkpt>
			<trkpt lat="44.92083" lon="1.7287">
				<ele>132.23</ele>
				<time>2026-05-28T19:44:43.176Z</time>
			</trkpt>
			<trkpt lat="44.92093" lon="1.72849">
				<ele>133.26</ele>
				<time>2026-05-28T19:44:45.940Z</time>
			</trkpt>
			<trkpt lat="44.92117" lon="1.72791">
				<ele>130.31</ele>
				<time>2026-05-28T19:44:53.180Z</time>
			</trkpt>
			<trkpt lat="44.92161" lon="1.72708">
				<ele>129.47</ele>
				<time>2026-05-28T19:45:04.084Z</time>
			</trkpt>
			<trkpt lat="44.92205" lon="1.72609">
				<ele>131.28</ele>
				<time>2026-05-28T19:45:15.991Z</time>
			</trkpt>
			<trkpt lat="44.92301" lon="1.72478">
				<ele>136.56</ele>
				<time>2026-05-28T19:45:34.361Z</time>
			</trkpt>
			<trkpt lat="44.92323" lon="1.72452">
				<ele>134.13</ele>
				<time>2026-05-28T19:45:38.177Z</time>
			</trkpt>
			<trkpt lat="44.92383" lon="1.72392">
				<ele>133.51</ele>
				<time>2026-05-28T19:45:47.753Z</time>
			</trkpt>
			<trkpt lat="44.92437" lon="1.72324">
				<ele>128.39</ele>
				<time>2026-05-28T19:45:56.894Z</time>
			</trkpt>
			<trkpt lat="44.92462" lon="1.72288">
				<ele>126.7</ele>
				<time>2026-05-28T19:46:01.304Z</time>
			</trkpt>
			<trkpt lat="44.92514" lon="1.72206">
				<ele>128.48</ele>
				<time>2026-05-28T19:46:10.703Z</time>
			</trkpt>
			<trkpt lat="44.92542" lon="1.72141">
				<ele>133.3</ele>
				<time>2026-05-28T19:46:17.022Z</time>
			</trkpt>
			<trkpt lat="44.92568" lon="1.72035">
				<ele>138.58</ele>
				<time>2026-05-28T19:46:26.079Z</time>
			</trkpt>
			<trkpt lat="44.92602" lon="1.71936">
				<ele>130.67</ele>
				<time>2026-05-28T19:46:34.672Z</time>
			</trkpt>
			<trkpt lat="44.92614" lon="1.71888">
				<ele>126.51</ele>
				<time>2026-05-28T19:46:38.553Z</time>
			</trkpt>
			<trkpt lat="44.92638" lon="1.71768">
				<ele>120.82</ele>
				<time>2026-05-28T19:46:47.812Z</time>
			</trkpt>
			<trkpt lat="44.92645" lon="1.71742">
				<ele>121.26</ele>
				<time>2026-05-28T19:46:49.830Z</time>
			</trkpt>
			<trkpt lat="44.92655" lon="1.7172">
				<ele>123.9</ele>
				<time>2026-05-28T19:46:51.712Z</time>
			</trkpt>
			<trkpt lat="44.92711" lon="1.71616">
				<ele>129.66</ele>
				<time>2026-05-28T19:47:00.900Z</time>
			</trkpt>
			<trkpt lat="44.92731" lon="1.71586">
				<ele>129.43</ele>
				<time>2026-05-28T19:47:03.724Z</time>
			</trkpt>
			<trkpt lat="44.92763" lon="1.71546">
				<ele>129.26</ele>
				<time>2026-05-28T19:47:07.798Z</time>
			</trkpt>
			<trkpt lat="44.92782" lon="1.71526">
				<ele>128.58</ele>
				<time>2026-05-28T19:47:10.026Z</time>
			</trkpt>
			<trkpt lat="44.92847" lon="1.71436">
				<ele>133.29</ele>
				<time>2026-05-28T19:47:18.382Z</time>
			</trkpt>
			<trkpt lat="44.92876" lon="1.71399">
				<ele>131.73</ele>
				<time>2026-05-28T19:47:21.873Z</time>
			</trkpt>
			<trkpt lat="44.92926" lon="1.71346">
				<ele>126.11</ele>
				<time>2026-05-28T19:47:27.341Z</time>
			</trkpt>
			<trkpt lat="44.92945" lon="1.7132">
				<ele>126.45</ele>
				<time>2026-05-28T19:47:29.614Z</time>
			</trkpt>
			<trkpt lat="44.92964" lon="1.71303">
				<ele>128.08</ele>
				<time>2026-05-28T19:47:31.526Z</time>
			</trkpt>
			<trkpt lat="44.92994" lon="1.71279">
				<ele>130.13</ele>
				<time>2026-05-28T19:47:34.424Z</time>
			</trkpt>
			<trkpt lat="44.93038" lon="1.71238">
				<ele>130.14</ele>
				<time>2026-05-28T19:47:38.776Z</time>
			</trkpt>
			<trkpt lat="44.93072" lon="1.71195">
				<ele>127.29</ele>
				<time>2026-05-28T19:47:42.471Z</time>
			</trkpt>
			<trkpt lat="44.93093" lon="1.71166">
				<ele>125.53</ele>
				<time>2026-05-28T19:47:44.813Z</time>
			</trkpt>
			<trkpt lat="44.93153" lon="1.71058">
				<ele>133.02</ele>
				<time>2026-05-28T19:47:52.373Z</time>
			</trkpt>
			<trkpt lat="44.93178" lon="1.71022">
				<ele>134.38</ele>
				<time>2026-05-28T19:47:55.078Z</time>
			</trkpt>
			<trkpt lat="44.93236" lon="1.70966">
				<ele>125.59</ele>
				<time>2026-05-28T19:48:00.296Z</time>
			</trkpt>
			<trkpt lat="44.93247" lon="1.70952">
				<ele>126.21</ele>
				<time>2026-05-28T19:48:01.378Z</time>
			</trkpt>
			<trkpt lat="44.93259" lon="1.7092">
				<ele>127.81</ele>
				<time>2026-05-28T19:48:03.238Z</time>
			</trkpt>
			<trkpt lat="44.93263" lon="1.70898">
				<ele>127.33</ele>
				<time>2026-05-28T19:48:04.395Z</time>
			</trkpt>
			<trkpt lat="44.93266" lon="1.7086">
				<ele>126.81</ele>
				<time>2026-05-28T19:48:06.328Z</time>
			</trkpt>
			<trkpt lat="44.93265" lon="1.70784">
				<ele>132.55</ele>
				<time>2026-05-28T19:48:10.114Z</time>
			</trkpt>
			<trkpt lat="44.93271" lon="1.70755">
				<ele>132.7</ele>
				<time>2026-05-28T19:48:11.599Z</time>
			</trkpt>
			<trkpt lat="44.93287" lon="1.70682">
				<ele>138.3</ele>
				<time>2026-05-28T19:48:15.305Z</time>
			</trkpt>
			<trkpt lat="44.93306" lon="1.70633">
				<ele>136.71</ele>
				<time>2026-05-28T19:48:17.970Z</time>
			</trkpt>
			<trkpt lat="44.93338" lon="1.70566">
				<ele>128.44</ele>
				<time>2026-05-28T19:48:21.764Z</time>
			</trkpt>
			<trkpt lat="44.9334" lon="1.70556">
				<ele>129.41</ele>
				<time>2026-05-28T19:48:22.246Z</time>
			</trkpt>
			<trkpt lat="44.93341" lon="1.70508">
				<ele>133.99</ele>
				<time>2026-05-28T19:48:24.461Z</time>
			</trkpt>
			<trkpt lat="44.93343" lon="1.70501">
				<ele>133.86</ele>
				<time>2026-05-28T19:48:24.807Z</time>
			</trkpt>
			<trkpt lat="44.93349" lon="1.70471">
				<ele>131.69</ele>
				<time>2026-05-28T19:48:26.230Z</time>
			</trkpt>
			<trkpt lat="44.93352" lon="1.70437">
				<ele>131.35</ele>
				<time>2026-05-28T19:48:27.782Z</time>
			</trkpt>
			<trkpt lat="44.93369" lon="1.70322">
				<ele>130.07</ele>
				<time>2026-05-28T19:48:33.017Z</time>
			</trkpt>
			<trkpt lat="44.9337" lon="1.70303">
				<ele>129.26</ele>
				<time>2026-05-28T19:48:33.853Z</time>
			</trkpt>
			<trkpt lat="44.93366" lon="1.70254">
				<ele>130.71</ele>
				<time>2026-05-28T19:48:36.005Z</time>
			</trkpt>
			<trkpt lat="44.93366" lon="1.70177">
				<ele>127.29</ele>
				<time>2026-05-28T19:48:39.321Z</time>
			</trkpt>
			<trkpt lat="44.93357" lon="1.70118">
				<ele>131.07</ele>
				<time>2026-05-28T19:48:41.887Z</time>
			</trkpt>
			<trkpt lat="44.93336" lon="1.69948">
				<ele>129.87</ele>
				<time>2026-05-28T19:48:49.073Z</time>
			</trkpt>
			<trkpt lat="44.93335" lon="1.69919">
				<ele>128.33</ele>
				<time>2026-05-28T19:48:50.261Z</time>
			</trkpt>
			<trkpt lat="44.93343" lon="1.69627">
				<ele>123.39</ele>
				<time>2026-05-28T19:49:01.957Z</time>
			</trkpt>
			<trkpt lat="44.93337" lon="1.69564">
				<ele>124.62</ele>
				<time>2026-05-28T19:49:04.445Z</time>
			</trkpt>
			<trkpt lat="44.93324" lon="1.69491">
				<ele>123.39</ele>
				<time>2026-05-28T19:49:07.372Z</time>
			</trkpt>
			<trkpt lat="44.93316" lon="1.69461">
				<ele>124.27</ele>
				<time>2026-05-28T19:49:08.613Z</time>
			</trkpt>
			<trkpt lat="44.93297" lon="1.69417">
				<ele>123.69</ele>
				<time>2026-05-28T19:49:10.600Z</time>
			</trkpt>
			<trkpt lat="44.93282" lon="1.69389">
				<ele>127.01</ele>
				<time>2026-05-28T19:49:11.950Z</time>
			</trkpt>
			<trkpt lat="44.93267" lon="1.69355">
				<ele>126.98</ele>
				<time>2026-05-28T19:49:13.486Z</time>
			</trkpt>
			<trkpt lat="44.93146" lon="1.69007">
				<ele>132.69</ele>
				<time>2026-05-28T19:49:28.223Z</time>
			</trkpt>
			<trkpt lat="44.93126" lon="1.68956">
				<ele>136.62</ele>
				<time>2026-05-28T19:49:30.433Z</time>
			</trkpt>
			<trkpt lat="44.93095" lon="1.6886">
				<ele>138.24</ele>
				<time>2026-05-28T19:49:34.441Z</time>
			</trkpt>
			<trkpt lat="44.93088" lon="1.68844">
				<ele>136.99</ele>
				<time>2026-05-28T19:49:35.156Z</time>
			</trkpt>
			<trkpt lat="44.93056" lon="1.68786">
				<ele>130.75</ele>
				<time>2026-05-28T19:49:37.961Z</time>
			</trkpt>
			<trkpt lat="44.93009" lon="1.68708">
				<ele>133.63</ele>
				<time>2026-05-28T19:49:41.886Z</time>
			</trkpt>
			<trkpt lat="44.92994" lon="1.68676">
				<ele>133.36</ele>
				<time>2026-05-28T19:49:43.364Z</time>
			</trkpt>
			<trkpt lat="44.92986" lon="1.68657">
				<ele>132.48</ele>
				<time>2026-05-28T19:49:44.217Z</time>
			</trkpt>
			<trkpt lat="44.9296" lon="1.68607">
				<ele>126.59</ele>
				<time>2026-05-28T19:49:46.620Z</time>
			</trkpt>
			<trkpt lat="44.92898" lon="1.68477">
				<ele>136.3</ele>
				<time>2026-05-28T19:49:52.757Z</time>
			</trkpt>
			<trkpt lat="44.92881" lon="1.68415">
				<ele>136.04</ele>
				<time>2026-05-28T19:49:55.393Z</time>
			</trkpt>
			<trkpt lat="44.92869" lon="1.68378">
				<ele>137.28</ele>
				<time>2026-05-28T19:49:57.017Z</time>
			</trkpt>
			<trkpt lat="44.92862" lon="1.68325">
				<ele>135.13</ele>
				<time>2026-05-28T19:49:59.183Z</time>
			</trkpt>
			<trkpt lat="44.92838" lon="1.68212">
				<ele>133.23</ele>
				<time>2026-05-28T19:50:03.983Z</time>
			</trkpt>
			<trkpt lat="44.92824" lon="1.68133">
				<ele>134.54</ele>
				<time>2026-05-28T19:50:07.349Z</time>
			</trkpt>
			<trkpt lat="44.92815" lon="1.68021">
				<ele>133.69</ele>
				<time>2026-05-28T19:50:12.086Z</time>
			</trkpt>
			<trkpt lat="44.92809" lon="1.67988">
				<ele>132.21</ele>
				<time>2026-05-28T19:50:13.538Z</time>
			</trkpt>
			<trkpt lat="44.92788" lon="1.67938">
				<ele>131.31</ele>
				<time>2026-05-28T19:50:16.036Z</time>
			</trkpt>
			<trkpt lat="44.92759" lon="1.67879">
				<ele>131.11</ele>
				<time>2026-05-28T19:50:19.162Z</time>
			</trkpt>
			<trkpt lat="44.92734" lon="1.67821">
				<ele>126.06</ele>
				<time>2026-05-28T19:50:22.161Z</time>
			</trkpt>
			<trkpt lat="44.92696" lon="1.67712">
				<ele>121.48</ele>
				<time>2026-05-28T19:50:27.636Z</time>
			</trkpt>
			<trkpt lat="44.92659" lon="1.67601">
				<ele>122.51</ele>
				<time>2026-05-28T19:50:33.320Z</time>
			</trkpt>
			<trkpt lat="44.92655" lon="1.67578">
				<ele>124.75</ele>
				<time>2026-05-28T19:50:34.436Z</time>
			</trkpt>
			<trkpt lat="44.92656" lon="1.67557">
				<ele>124.47</ele>
				<time>2026-05-28T19:50:35.433Z</time>
			</trkpt>
			<trkpt lat="44.92665" lon="1.67514">
				<ele>122.84</ele>
				<time>2026-05-28T19:50:37.574Z</time>
			</trkpt>
			<trkpt lat="44.92672" lon="1.67474">
				<ele>125.07</ele>
				<time>2026-05-28T19:50:39.563Z</time>
			</trkpt>
			<trkpt lat="44.92672" lon="1.67459">
				<ele>125.77</ele>
				<time>2026-05-28T19:50:40.291Z</time>
			</trkpt>
			<trkpt lat="44.92664" lon="1.67424">
				<ele>128.47</ele>
				<time>2026-05-28T19:50:42.090Z</time>
			</trkpt>
			<trkpt lat="44.92658" lon="1.67381">
				<ele>130.79</ele>
				<time>2026-05-28T19:50:44.256Z</time>
			</trkpt>
			<trkpt lat="44.92658" lon="1.67362">
				<ele>130.99</ele>
				<time>2026-05-28T19:50:45.202Z</time>
			</trkpt>
			<trkpt lat="44.92674" lon="1.67169">
				<ele>129.76</ele>
				<time>2026-05-28T19:50:55.155Z</time>
			</trkpt>
			<trkpt lat="44.92675" lon="1.6714">
				<ele>126.73</ele>
				<time>2026-05-28T19:50:56.687Z</time>
			</trkpt>
			<trkpt lat="44.92673" lon="1.67118">
				<ele>123.47</ele>
				<time>2026-05-28T19:50:57.865Z</time>
			</trkpt>
			<trkpt lat="44.9267" lon="1.67106">
				<ele>122.68</ele>
				<time>2026-05-28T19:50:58.544Z</time>
			</trkpt>
			<trkpt lat="44.92665" lon="1.67091">
				<ele>123.09</ele>
				<time>2026-05-28T19:50:59.433Z</time>
			</trkpt>
			<trkpt lat="44.92657" lon="1.67073">
				<ele>125.57</ele>
				<time>2026-05-28T19:51:00.577Z</time>
			</trkpt>
			<trkpt lat="44.92664" lon="1.67068">
				<ele>121.83</ele>
				<time>2026-05-28T19:51:01.177Z</time>
			</trkpt>
			<trkpt lat="44.92793" lon="1.66984">
				<ele>114.11</ele>
				<time>2026-05-28T19:51:12.358Z</time>
			</trkpt>
			<trkpt lat="44.92802" lon="1.6698">
				<ele>114.77</ele>
				<time>2026-05-28T19:51:13.123Z</time>
			</trkpt>
			<trkpt lat="44.92814" lon="1.6698">
				<ele>115.21</ele>
				<time>2026-05-28T19:51:14.100Z</time>
			</trkpt>
			<trkpt lat="44.92843" lon="1.66994">
				<ele>115.19</ele>
				<time>2026-05-28T19:51:16.618Z</time>
			</trkpt>
			<trkpt lat="44.92852" lon="1.67006">
				<ele>114.93</ele>
				<time>2026-05-28T19:51:17.644Z</time>
			</trkpt>
			<trkpt lat="44.92899" lon="1.67098">
				<ele>113.43</ele>
				<time>2026-05-28T19:51:24.273Z</time>
			</trkpt>
			<trkpt lat="44.92907" lon="1.6711">
				<ele>113.02</ele>
				<time>2026-05-28T19:51:25.217Z</time>
			</trkpt>
			<trkpt lat="44.92931" lon="1.67135">
				<ele>113.59</ele>
				<time>2026-05-28T19:51:27.608Z</time>
			</trkpt>
			<trkpt lat="44.9295" lon="1.67148">
				<ele>114.2</ele>
				<time>2026-05-28T19:51:29.283Z</time>
			</trkpt>
			<trkpt lat="44.92975" lon="1.67158">
				<ele>115.12</ele>
				<time>2026-05-28T19:51:31.327Z</time>
			</trkpt>
			<trkpt lat="44.93012" lon="1.67161">
				<ele>116</ele>
				<time>2026-05-28T19:51:34.212Z</time>
			</trkpt>
			<trkpt lat="44.93078" lon="1.67155">
				<ele>116.6</ele>
				<time>2026-05-28T19:51:39.287Z</time>
			</trkpt>
			<trkpt lat="44.93136" lon="1.67158">
				<ele>116.25</ele>
				<time>2026-05-28T19:51:43.686Z</time>
			</trkpt>
			<trkpt lat="44.9315" lon="1.67162">
				<ele>116.2</ele>
				<time>2026-05-28T19:51:44.763Z</time>
			</trkpt>
			<trkpt lat="44.9316" lon="1.67162">
				<ele>116.26</ele>
				<time>2026-05-28T19:51:45.516Z</time>
			</trkpt>
			<trkpt lat="44.93177" lon="1.67154">
				<ele>116.93</ele>
				<time>2026-05-28T19:51:46.865Z</time>
			</trkpt>
			<trkpt lat="44.93237" lon="1.67115">
				<ele>117.55</ele>
				<time>2026-05-28T19:51:51.828Z</time>
			</trkpt>
			<trkpt lat="44.93313" lon="1.67072">
				<ele>116.72</ele>
				<time>2026-05-28T19:51:58.003Z</time>
			</trkpt>
			<trkpt lat="44.93325" lon="1.67067">
				<ele>116.28</ele>
				<time>2026-05-28T19:51:58.952Z</time>
			</trkpt>
			<trkpt lat="44.93342" lon="1.67065">
				<ele>115.47</ele>
				<time>2026-05-28T19:52:00.250Z</time>
			</trkpt>
			<trkpt lat="44.93356" lon="1.67066">
				<ele>114.69</ele>
				<time>2026-05-28T19:52:01.320Z</time>
			</trkpt>
			<trkpt lat="44.93393" lon="1.6708">
				<ele>115.24</ele>
				<time>2026-05-28T19:52:04.262Z</time>
			</trkpt>
			<trkpt lat="44.93477" lon="1.67065">
				<ele>114.92</ele>
				<time>2026-05-28T19:52:10.884Z</time>
			</trkpt>
			<trkpt lat="44.93596" lon="1.6707">
				<ele>115.46</ele>
				<time>2026-05-28T19:52:20.580Z</time>
			</trkpt>
			<trkpt lat="44.93636" lon="1.67082">
				<ele>115.79</ele>
				<time>2026-05-28T19:52:24.044Z</time>
			</trkpt>
			<trkpt lat="44.93649" lon="1.67078">
				<ele>116.73</ele>
				<time>2026-05-28T19:52:25.188Z</time>
			</trkpt>
			<trkpt lat="44.93744" lon="1.67032">
				<ele>115.06</ele>
				<time>2026-05-28T19:52:34.126Z</time>
			</trkpt>
			<trkpt lat="44.93773" lon="1.67009">
				<ele>114.05</ele>
				<time>2026-05-28T19:52:37.215Z</time>
			</trkpt>
			<trkpt lat="44.93794" lon="1.67004">
				<ele>113.9</ele>
				<time>2026-05-28T19:52:39.231Z</time>
			</trkpt>
			<trkpt lat="44.93844" lon="1.67">
				<ele>114.97</ele>
				<time>2026-05-28T19:52:44.091Z</time>
			</trkpt>
			<trkpt lat="44.93879" lon="1.67">
				<ele>114.33</ele>
				<time>2026-05-28T19:52:47.595Z</time>
			</trkpt>
			<trkpt lat="44.93881" lon="1.66984">
				<ele>114.67</ele>
				<time>2026-05-28T19:52:48.766Z</time>
			</trkpt>
			<trkpt lat="44.93876" lon="1.66873">
				<ele>114.56</ele>
				<time>2026-05-28T19:52:57.069Z</time>
			</trkpt>
			<trkpt lat="44.93879" lon="1.66768">
				<ele>115.44</ele>
				<time>2026-05-28T19:53:05.402Z</time>
			</trkpt>
			<trkpt lat="44.93897" lon="1.66584">
				<ele>114.36</ele>
				<time>2026-05-28T19:53:22.235Z</time>
			</trkpt>
			<trkpt lat="44.9389" lon="1.66522">
				<ele>114.23</ele>
				<time>2026-05-28T19:53:29.399Z</time>
			</trkpt>
			<trkpt lat="44.93892" lon="1.6649">
				<ele>114.95</ele>
				<time>2026-05-28T19:53:33.339Z</time>
			</trkpt>
			<trkpt lat="44.93897" lon="1.66455">
				<ele>113.65</ele>
				<time>2026-05-28T19:53:37.904Z</time>
			</trkpt>
			<trkpt lat="44.93906" lon="1.66404">
				<ele>112.8</ele>
				<time>2026-05-28T19:53:44.927Z</time>
			</trkpt>
			<trkpt lat="44.93915" lon="1.66324">
				<ele>116.33</ele>
				<time>2026-05-28T19:53:56.278Z</time>
			</trkpt>
			<trkpt lat="44.93912" lon="1.66268">
				<ele>116.95</ele>
				<time>2026-05-28T19:54:04.379Z</time>
			</trkpt>
			<trkpt lat="44.93918" lon="1.66247">
				<ele>116.98</ele>
				<time>2026-05-28T19:54:07.671Z</time>
			</trkpt>
			<trkpt lat="44.93931" lon="1.66228">
				<ele>117.14</ele>
				<time>2026-05-28T19:54:11.518Z</time>
			</trkpt>
			<trkpt lat="44.93941" lon="1.66207">
				<ele>117.29</ele>
				<time>2026-05-28T19:54:15.199Z</time>
			</trkpt>
			<trkpt lat="44.93958" lon="1.66144">
				<ele>118.81</ele>
				<time>2026-05-28T19:54:24.911Z</time>
			</trkpt>
			<trkpt lat="44.93993" lon="1.66188">
				<ele>120.9</ele>
				<time>2026-05-28T19:54:34.178Z</time>
			</trkpt>
			<trkpt lat="44.94051" lon="1.66228">
				<ele>119.75</ele>
				<time>2026-05-28T19:54:46.191Z</time>
			</trkpt>
			<trkpt lat="44.94121" lon="1.6627">
				<ele>121.6</ele>
				<time>2026-05-28T19:54:58.676Z</time>
			</trkpt>
			<trkpt lat="44.94146" lon="1.66278">
				<ele>123.84</ele>
				<time>2026-05-28T19:55:02.358Z</time>
			</trkpt>
			<trkpt lat="44.94165" lon="1.66281">
				<ele>125.74</ele>
				<time>2026-05-28T19:55:04.902Z</time>
			</trkpt>
			<trkpt lat="44.94192" lon="1.66313">
				<ele>126.95</ele>
				<time>2026-05-28T19:55:09.312Z</time>
			</trkpt>
			<trkpt lat="44.94227" lon="1.66344">
				<ele>126.04</ele>
				<time>2026-05-28T19:55:14.210Z</time>
			</trkpt>
			<trkpt lat="44.94248" lon="1.6636">
				<ele>125.06</ele>
				<time>2026-05-28T19:55:16.919Z</time>
			</trkpt>
			<trkpt lat="44.94332" lon="1.66413">
				<ele>123.47</ele>
				<time>2026-05-28T19:55:26.682Z</time>
			</trkpt>
			<trkpt lat="44.94352" lon="1.6643">
				<ele>122.59</ele>
				<time>2026-05-28T19:55:29.017Z</time>
			</trkpt>
			<trkpt lat="44.9436" lon="1.66441">
				<ele>122.17</ele>
				<time>2026-05-28T19:55:30.117Z</time>
			</trkpt>
			<trkpt lat="44.94367" lon="1.66437">
				<ele>122.66</ele>
				<time>2026-05-28T19:55:30.856Z</time>
			</trkpt>
			<trkpt lat="44.94382" lon="1.66441">
				<ele>122.36</ele>
				<time>2026-05-28T19:55:32.337Z</time>
			</trkpt>
			<trkpt lat="44.94456" lon="1.66517">
				<ele>121.75</ele>
				<time>2026-05-28T19:55:40.954Z</time>
			</trkpt>
			<trkpt lat="44.94475" lon="1.66529">
				<ele>122.15</ele>
				<time>2026-05-28T19:55:42.877Z</time>
			</trkpt>
			<trkpt lat="44.94486" lon="1.66532">
				<ele>122.58</ele>
				<time>2026-05-28T19:55:43.910Z</time>
			</trkpt>
			<trkpt lat="44.94549" lon="1.66542">
				<ele>121.69</ele>
				<time>2026-05-28T19:55:49.765Z</time>
			</trkpt>
			<trkpt lat="44.94579" lon="1.66561">
				<ele>120.85</ele>
				<time>2026-05-28T19:55:52.833Z</time>
			</trkpt>
			<trkpt lat="44.94662" lon="1.66629">
				<ele>120.7</ele>
				<time>2026-05-28T19:56:01.695Z</time>
			</trkpt>
			<trkpt lat="44.94669" lon="1.6663">
				<ele>120.5</ele>
				<time>2026-05-28T19:56:02.337Z</time>
			</trkpt>
			<trkpt lat="44.94675" lon="1.66628">
				<ele>120.44</ele>
				<time>2026-05-28T19:56:02.899Z</time>
			</trkpt>
			<trkpt lat="44.94679" lon="1.66621">
				<ele>120.74</ele>
				<time>2026-05-28T19:56:03.479Z</time>
			</trkpt>
			<trkpt lat="44.94682" lon="1.66612">
				<ele>121.28</ele>
				<time>2026-05-28T19:56:04.119Z</time>
			</trkpt>
			<trkpt lat="44.94689" lon="1.66576">
				<ele>122.63</ele>
				<time>2026-05-28T19:56:06.512Z</time>
			</trkpt>
			<trkpt lat="44.9469" lon="1.66565">
				<ele>123.3</ele>
				<time>2026-05-28T19:56:07.220Z</time>
			</trkpt>
			<trkpt lat="44.94689" lon="1.66544">
				<ele>124.81</ele>
				<time>2026-05-28T19:56:08.561Z</time>
			</trkpt>
			<trkpt lat="44.94681" lon="1.66522">
				<ele>126.27</ele>
				<time>2026-05-28T19:56:10.131Z</time>
			</trkpt>
			<trkpt lat="44.94674" lon="1.6651">
				<ele>126.82</ele>
				<time>2026-05-28T19:56:11.115Z</time>
			</trkpt>
			<trkpt lat="44.94659" lon="1.66489">
				<ele>127.83</ele>
				<time>2026-05-28T19:56:12.997Z</time>
			</trkpt>
			<trkpt lat="44.94615" lon="1.66458">
				<ele>132.73</ele>
				<time>2026-05-28T19:56:17.345Z</time>
			</trkpt>
			<trkpt lat="44.94476" lon="1.66365">
				<ele>140.79</ele>
				<time>2026-05-28T19:56:30.665Z</time>
			</trkpt>
			<trkpt lat="44.94471" lon="1.66358">
				<ele>142.51</ele>
				<time>2026-05-28T19:56:31.264Z</time>
			</trkpt>
			<trkpt lat="44.94469" lon="1.66349">
				<ele>144.11</ele>
				<time>2026-05-28T19:56:31.833Z</time>
			</trkpt>
			<trkpt lat="44.94471" lon="1.66339">
				<ele>145.82</ele>
				<time>2026-05-28T19:56:32.458Z</time>
			</trkpt>
			<trkpt lat="44.94475" lon="1.66332">
				<ele>146.66</ele>
				<time>2026-05-28T19:56:32.998Z</time>
			</trkpt>
			<trkpt lat="44.94483" lon="1.66328">
				<ele>146.8</ele>
				<time>2026-05-28T19:56:33.717Z</time>
			</trkpt>
			<trkpt lat="44.94573" lon="1.66304">
				<ele>158.81</ele>
				<time>2026-05-28T19:56:41.404Z</time>
			</trkpt>
			<trkpt lat="44.94623" lon="1.66288">
				<ele>163.94</ele>
				<time>2026-05-28T19:56:45.650Z</time>
			</trkpt>
			<trkpt lat="44.94677" lon="1.66281">
				<ele>166.62</ele>
				<time>2026-05-28T19:56:50.099Z</time>
			</trkpt>
			<trkpt lat="44.9476" lon="1.66283">
				<ele>171.44</ele>
				<time>2026-05-28T19:56:56.828Z</time>
			</trkpt>
			<trkpt lat="44.94765" lon="1.66279">
				<ele>173.49</ele>
				<time>2026-05-28T19:56:57.290Z</time>
			</trkpt>
			<trkpt lat="44.94767" lon="1.66272">
				<ele>176.23</ele>
				<time>2026-05-28T19:56:57.719Z</time>
			</trkpt>
			<trkpt lat="44.94765" lon="1.66265">
				<ele>178.76</ele>
				<time>2026-05-28T19:56:58.149Z</time>
			</trkpt>
			<trkpt lat="44.9476" lon="1.66262">
				<ele>179.74</ele>
				<time>2026-05-28T19:56:58.584Z</time>
			</trkpt>
			<trkpt lat="44.94727" lon="1.66261">
				<ele>176.44</ele>
				<time>2026-05-28T19:57:01.225Z</time>
			</trkpt>
			<trkpt lat="44.94706" lon="1.66259">
				<ele>174.75</ele>
				<time>2026-05-28T19:57:02.901Z</time>
			</trkpt>
			<trkpt lat="44.947" lon="1.66255">
				<ele>175.56</ele>
				<time>2026-05-28T19:57:03.428Z</time>
			</trkpt>
			<trkpt lat="44.94699" lon="1.6625">
				<ele>177.48</ele>
				<time>2026-05-28T19:57:03.720Z</time>
			</trkpt>
			<trkpt lat="44.947" lon="1.66244">
				<ele>180.08</ele>
				<time>2026-05-28T19:57:04.066Z</time>
			</trkpt>
			<trkpt lat="44.94705" lon="1.6624">
				<ele>182.61</ele>
				<time>2026-05-28T19:57:04.522Z</time>
			</trkpt>
			<trkpt lat="44.94729" lon="1.66237">
				<ele>185.53</ele>
				<time>2026-05-28T19:57:06.428Z</time>
			</trkpt>
			<trkpt lat="44.94813" lon="1.66245">
				<ele>184.35</ele>
				<time>2026-05-28T19:57:13.033Z</time>
			</trkpt>
			<trkpt lat="44.94824" lon="1.66242">
				<ele>183.72</ele>
				<time>2026-05-28T19:57:13.906Z</time>
			</trkpt>
			<trkpt lat="44.94832" lon="1.66235">
				<ele>184.26</ele>
				<time>2026-05-28T19:57:14.638Z</time>
			</trkpt>
			<trkpt lat="44.94842" lon="1.66222">
				<ele>185.5</ele>
				<time>2026-05-28T19:57:15.694Z</time>
			</trkpt>
			<trkpt lat="44.9485" lon="1.66208">
				<ele>187.36</ele>
				<time>2026-05-28T19:57:16.681Z</time>
			</trkpt>
			<trkpt lat="44.94862" lon="1.6617">
				<ele>193.58</ele>
				<time>2026-05-28T19:57:18.958Z</time>
			</trkpt>
			<trkpt lat="44.94869" lon="1.66131">
				<ele>199.83</ele>
				<time>2026-05-28T19:57:21.151Z</time>
			</trkpt>
			<trkpt lat="44.94876" lon="1.66074">
				<ele>207</ele>
				<time>2026-05-28T19:57:24.289Z</time>
			</trkpt>
			<trkpt lat="44.94881" lon="1.66052">
				<ele>207.78</ele>
				<time>2026-05-28T19:57:25.539Z</time>
			</trkpt>
			<trkpt lat="44.94885" lon="1.6603">
				<ele>211.02</ele>
				<time>2026-05-28T19:57:26.764Z</time>
			</trkpt>
			<trkpt lat="44.94884" lon="1.65985">
				<ele>215.36</ele>
				<time>2026-05-28T19:57:29.186Z</time>
			</trkpt>
			<trkpt lat="44.94887" lon="1.65926">
				<ele>215.96</ele>
				<time>2026-05-28T19:57:32.354Z</time>
			</trkpt>
			<trkpt lat="44.94889" lon="1.6591">
				<ele>216.08</ele>
				<time>2026-05-28T19:57:33.222Z</time>
			</trkpt>
			<trkpt lat="44.94897" lon="1.65888">
				<ele>214.99</ele>
				<time>2026-05-28T19:57:34.541Z</time>
			</trkpt>
			<trkpt lat="44.94902" lon="1.65878">
				<ele>214.22</ele>
				<time>2026-05-28T19:57:35.193Z</time>
			</trkpt>
			<trkpt lat="44.94915" lon="1.65864">
				<ele>211.14</ele>
				<time>2026-05-28T19:57:36.421Z</time>
			</trkpt>
			<trkpt lat="44.94936" lon="1.6585">
				<ele>213.01</ele>
				<time>2026-05-28T19:57:38.161Z</time>
			</trkpt>
			<trkpt lat="44.94966" lon="1.6584">
				<ele>217.4</ele>
				<time>2026-05-28T19:57:40.466Z</time>
			</trkpt>
			<trkpt lat="44.94988" lon="1.6584">
				<ele>219.9</ele>
				<time>2026-05-28T19:57:42.107Z</time>
			</trkpt>
			<trkpt lat="44.95004" lon="1.65846">
				<ele>221.45</ele>
				<time>2026-05-28T19:57:43.339Z</time>
			</trkpt>
			<trkpt lat="44.95012" lon="1.6585">
				<ele>222.04</ele>
				<time>2026-05-28T19:57:43.970Z</time>
			</trkpt>
			<trkpt lat="44.95016" lon="1.65855">
				<ele>222.3</ele>
				<time>2026-05-28T19:57:44.367Z</time>
			</trkpt>
			<trkpt lat="44.9502" lon="1.65865">
				<ele>222.52</ele>
				<time>2026-05-28T19:57:44.970Z</time>
			</trkpt>
			<trkpt lat="44.9502" lon="1.65875">
				<ele>222.63</ele>
				<time>2026-05-28T19:57:45.495Z</time>
			</trkpt>
			<trkpt lat="44.95018" lon="1.65885">
				<ele>222.61</ele>
				<time>2026-05-28T19:57:46.041Z</time>
			</trkpt>
			<trkpt lat="44.94998" lon="1.65918">
				<ele>222.61</ele>
				<time>2026-05-28T19:57:48.317Z</time>
			</trkpt>
			<trkpt lat="44.94995" lon="1.65934">
				<ele>221.49</ele>
				<time>2026-05-28T19:57:49.183Z</time>
			</trkpt>
			<trkpt lat="44.94997" lon="1.65941">
				<ele>221.49</ele>
				<time>2026-05-28T19:57:49.578Z</time>
			</trkpt>
			<trkpt lat="44.95" lon="1.65946">
				<ele>222.04</ele>
				<time>2026-05-28T19:57:49.920Z</time>
			</trkpt>
			<trkpt lat="44.95005" lon="1.6595">
				<ele>222.77</ele>
				<time>2026-05-28T19:57:50.344Z</time>
			</trkpt>
			<trkpt lat="44.9501" lon="1.6595">
				<ele>223.74</ele>
				<time>2026-05-28T19:57:50.713Z</time>
			</trkpt>
			<trkpt lat="44.95015" lon="1.65947">
				<ele>224.84</ele>
				<time>2026-05-28T19:57:51.114Z</time>
			</trkpt>
			<trkpt lat="44.9503" lon="1.65926">
				<ele>225.44</ele>
				<time>2026-05-28T19:57:52.669Z</time>
			</trkpt>
			<trkpt lat="44.95045" lon="1.65912">
				<ele>226.95</ele>
				<time>2026-05-28T19:57:53.991Z</time>
			</trkpt>
			<trkpt lat="44.95061" lon="1.65903">
				<ele>229.31</ele>
				<time>2026-05-28T19:57:55.256Z</time>
			</trkpt>
			<trkpt lat="44.95084" lon="1.65894">
				<ele>231.48</ele>
				<time>2026-05-28T19:57:57.007Z</time>
			</trkpt>
			<trkpt lat="44.95092" lon="1.65888">
				<ele>231.66</ele>
				<time>2026-05-28T19:57:57.670Z</time>
			</trkpt>
			<trkpt lat="44.95106" lon="1.65866">
				<ele>232</ele>
				<time>2026-05-28T19:57:59.203Z</time>
			</trkpt>
			<trkpt lat="44.95108" lon="1.65857">
				<ele>232.03</ele>
				<time>2026-05-28T19:57:59.691Z</time>
			</trkpt>
			<trkpt lat="44.95109" lon="1.65838">
				<ele>232.75</ele>
				<time>2026-05-28T19:58:00.677Z</time>
			</trkpt>
			<trkpt lat="44.95108" lon="1.65826">
				<ele>233.4</ele>
				<time>2026-05-28T19:58:01.301Z</time>
			</trkpt>
			<trkpt lat="44.951" lon="1.65797">
				<ele>236.15</ele>
				<time>2026-05-28T19:58:02.909Z</time>
			</trkpt>
			<trkpt lat="44.95082" lon="1.65759">
				<ele>242.22</ele>
				<time>2026-05-28T19:58:05.267Z</time>
			</trkpt>
			<trkpt lat="44.95074" lon="1.65747">
				<ele>243.42</ele>
				<time>2026-05-28T19:58:06.116Z</time>
			</trkpt>
			<trkpt lat="44.95035" lon="1.65709">
				<ele>245.51</ele>
				<time>2026-05-28T19:58:09.560Z</time>
			</trkpt>
			<trkpt lat="44.95007" lon="1.65672">
				<ele>248.76</ele>
				<time>2026-05-28T19:58:12.342Z</time>
			</trkpt>
			<trkpt lat="44.9497" lon="1.65599">
				<ele>254.55</ele>
				<time>2026-05-28T19:58:16.945Z</time>
			</trkpt>
			<trkpt lat="44.94957" lon="1.65588">
				<ele>255.7</ele>
				<time>2026-05-28T19:58:18.041Z</time>
			</trkpt>
			<trkpt lat="44.94941" lon="1.65582">
				<ele>256.12</ele>
				<time>2026-05-28T19:58:19.238Z</time>
			</trkpt>
			<trkpt lat="44.94915" lon="1.65577">
				<ele>256.57</ele>
				<time>2026-05-28T19:58:21.135Z</time>
			</trkpt>
			<trkpt lat="44.94873" lon="1.65578">
				<ele>256.82</ele>
				<time>2026-05-28T19:58:24.170Z</time>
			</trkpt>
			<trkpt lat="44.94853" lon="1.65574">
				<ele>256.95</ele>
				<time>2026-05-28T19:58:25.629Z</time>
			</trkpt>
			<trkpt lat="44.94564" lon="1.65472">
				<ele>243.34</ele>
				<time>2026-05-28T19:58:47.162Z</time>
			</trkpt>
			<trkpt lat="44.94538" lon="1.6546">
				<ele>241.97</ele>
				<time>2026-05-28T19:58:49.146Z</time>
			</trkpt>
			<trkpt lat="44.94506" lon="1.6544">
				<ele>239.03</ele>
				<time>2026-05-28T19:58:51.688Z</time>
			</trkpt>
			<trkpt lat="44.94481" lon="1.65418">
				<ele>236.13</ele>
				<time>2026-05-28T19:58:53.831Z</time>
			</trkpt>
			<trkpt lat="44.94464" lon="1.65398">
				<ele>234.85</ele>
				<time>2026-05-28T19:58:55.442Z</time>
			</trkpt>
			<trkpt lat="44.94444" lon="1.65368">
				<ele>234.27</ele>
				<time>2026-05-28T19:58:57.570Z</time>
			</trkpt>
			<trkpt lat="44.94426" lon="1.65334">
				<ele>233.66</ele>
				<time>2026-05-28T19:58:59.766Z</time>
			</trkpt>
			<trkpt lat="44.94414" lon="1.65297">
				<ele>232.97</ele>
				<time>2026-05-28T19:59:01.875Z</time>
			</trkpt>
			<trkpt lat="44.9441" lon="1.65266">
				<ele>232.86</ele>
				<time>2026-05-28T19:59:03.510Z</time>
			</trkpt>
			<trkpt lat="44.94409" lon="1.65236">
				<ele>233</ele>
				<time>2026-05-28T19:59:05.071Z</time>
			</trkpt>
			<trkpt lat="44.94412" lon="1.65209">
				<ele>232.66</ele>
				<time>2026-05-28T19:59:06.493Z</time>
			</trkpt>
			<trkpt lat="44.94432" lon="1.65107">
				<ele>225.81</ele>
				<time>2026-05-28T19:59:12.023Z</time>
			</trkpt>
			<trkpt lat="44.94563" lon="1.64434">
				<ele>208.65</ele>
				<time>2026-05-28T19:59:49.584Z</time>
			</trkpt>
			<trkpt lat="44.94567" lon="1.64392">
				<ele>210.3</ele>
				<time>2026-05-28T19:59:51.943Z</time>
			</trkpt>
			<trkpt lat="44.94564" lon="1.64351">
				<ele>212</ele>
				<time>2026-05-28T19:59:54.248Z</time>
			</trkpt>
			<trkpt lat="44.94562" lon="1.64335">
				<ele>212</ele>
				<time>2026-05-28T19:59:55.159Z</time>
			</trkpt>
			<trkpt lat="44.94555" lon="1.64309">
				<ele>211.99</ele>
				<time>2026-05-28T19:59:56.723Z</time>
			</trkpt>
			<trkpt lat="44.94356" lon="1.63647">
				<ele>208.58</ele>
				<time>2026-05-28T20:00:39.102Z</time>
			</trkpt>
			<trkpt lat="44.94321" lon="1.63526">
				<ele>206.82</ele>
				<time>2026-05-28T20:00:47.267Z</time>
			</trkpt>
			<trkpt lat="44.94319" lon="1.63507">
				<ele>207</ele>
				<time>2026-05-28T20:00:48.480Z</time>
			</trkpt>
			<trkpt lat="44.94319" lon="1.63474">
				<ele>208.38</ele>
				<time>2026-05-28T20:00:50.573Z</time>
			</trkpt>
			<trkpt lat="44.94323" lon="1.63445">
				<ele>210.6</ele>
				<time>2026-05-28T20:00:52.456Z</time>
			</trkpt>
			<trkpt lat="44.94333" lon="1.63406">
				<ele>216.13</ele>
				<time>2026-05-28T20:00:55.114Z</time>
			</trkpt>
			<trkpt lat="44.94393" lon="1.63207">
				<ele>231.22</ele>
				<time>2026-05-28T20:01:09.263Z</time>
			</trkpt>
			<trkpt lat="44.94398" lon="1.63177">
				<ele>232.5</ele>
				<time>2026-05-28T20:01:11.319Z</time>
			</trkpt>
			<trkpt lat="44.94398" lon="1.63147">
				<ele>234.19</ele>
				<time>2026-05-28T20:01:13.331Z</time>
			</trkpt>
			<trkpt lat="44.94394" lon="1.63116">
				<ele>235.34</ele>
				<time>2026-05-28T20:01:15.455Z</time>
			</trkpt>
			<trkpt lat="44.9433" lon="1.62907">
				<ele>239.47</ele>
				<time>2026-05-28T20:01:31.143Z</time>
			</trkpt>
			<trkpt lat="44.94317" lon="1.62918">
				<ele>238.23</ele>
				<time>2026-05-28T20:01:32.650Z</time>
			</trkpt>
			<trkpt lat="44.9431" lon="1.62915">
				<ele>237.6</ele>
				<time>2026-05-28T20:01:33.379Z</time>
			</trkpt>
			<trkpt lat="44.94306" lon="1.62909">
				<ele>237.6</ele>
				<time>2026-05-28T20:01:33.962Z</time>
			</trkpt>
			<trkpt lat="44.94302" lon="1.62895">
				<ele>238.33</ele>
				<time>2026-05-28T20:01:35.031Z</time>
			</trkpt>
			<trkpt lat="44.94263" lon="1.62824">
				<ele>243.8</ele>
				<time>2026-05-28T20:01:41.454Z</time>
			</trkpt>
			<trkpt lat="44.94244" lon="1.62767">
				<ele>250.1</ele>
				<time>2026-05-28T20:01:46.018Z</time>
			</trkpt>
			<trkpt lat="44.9424" lon="1.62699">
				<ele>257.5</ele>
				<time>2026-05-28T20:01:51.019Z</time>
			</trkpt>
			<trkpt lat="44.94238" lon="1.62679">
				<ele>258.67</ele>
				<time>2026-05-28T20:01:52.511Z</time>
			</trkpt>
			<trkpt lat="44.94223" lon="1.62632">
				<ele>262.78</ele>
				<time>2026-05-28T20:01:56.344Z</time>
			</trkpt>
			<trkpt lat="44.94208" lon="1.62595">
				<ele>264.67</ele>
				<time>2026-05-28T20:01:59.527Z</time>
			</trkpt>
			<trkpt lat="44.94195" lon="1.62576">
				<ele>266.69</ele>
				<time>2026-05-28T20:02:01.501Z</time>
			</trkpt>
			<trkpt lat="44.94169" lon="1.62542">
				<ele>270.08</ele>
				<time>2026-05-28T20:02:05.248Z</time>
			</trkpt>
			<trkpt lat="44.94135" lon="1.62507">
				<ele>270.55</ele>
				<time>2026-05-28T20:02:09.717Z</time>
			</trkpt>
			<trkpt lat="44.94092" lon="1.62453">
				<ele>267.98</ele>
				<time>2026-05-28T20:02:15.885Z</time>
			</trkpt>
			<trkpt lat="44.94072" lon="1.62398">
				<ele>269.38</ele>
				<time>2026-05-28T20:02:20.638Z</time>
			</trkpt>
			<trkpt lat="44.9402" lon="1.62236">
				<ele>268.78</ele>
				<time>2026-05-28T20:02:34.729Z</time>
			</trkpt>
			<trkpt lat="44.94004" lon="1.62196">
				<ele>268.05</ele>
				<time>2026-05-28T20:02:38.497Z</time>
			</trkpt>
			<trkpt lat="44.93985" lon="1.62155">
				<ele>265.79</ele>
				<time>2026-05-28T20:02:42.586Z</time>
			</trkpt>
			<trkpt lat="44.9398" lon="1.6214">
				<ele>265.3</ele>
				<time>2026-05-28T20:02:43.986Z</time>
			</trkpt>
			<trkpt lat="44.93964" lon="1.62114">
				<ele>263.81</ele>
				<time>2026-05-28T20:02:46.927Z</time>
			</trkpt>
			<trkpt lat="44.93947" lon="1.62075">
				<ele>261.47</ele>
				<time>2026-05-28T20:02:50.901Z</time>
			</trkpt>
			<trkpt lat="44.93915" lon="1.61972">
				<ele>251.79</ele>
				<time>2026-05-28T20:03:01.013Z</time>
			</trkpt>
			<trkpt lat="44.93858" lon="1.61773">
				<ele>240.76</ele>
				<time>2026-05-28T20:03:21.934Z</time>
			</trkpt>
			<trkpt lat="44.93855" lon="1.61761">
				<ele>240.32</ele>
				<time>2026-05-28T20:03:23.250Z</time>
			</trkpt>
			<trkpt lat="44.93858" lon="1.6175">
				<ele>240.01</ele>
				<time>2026-05-28T20:03:24.478Z</time>
			</trkpt>
			<trkpt lat="44.93846" lon="1.61731">
				<ele>240.34</ele>
				<time>2026-05-28T20:03:27.157Z</time>
			</trkpt>
			<trkpt lat="44.93838" lon="1.61712">
				<ele>240.74</ele>
				<time>2026-05-28T20:03:29.514Z</time>
			</trkpt>
			<trkpt lat="44.93824" lon="1.61653">
				<ele>238.66</ele>
				<time>2026-05-28T20:03:36.308Z</time>
			</trkpt>
			<trkpt lat="44.93803" lon="1.61664">
				<ele>238.53</ele>
				<time>2026-05-28T20:03:39.857Z</time>
			</trkpt>
			<trkpt lat="44.93824" lon="1.61653">
				<ele>238.66</ele>
				<time>2026-05-28T20:03:43.472Z</time>
			</trkpt>
			<trkpt lat="44.93809" lon="1.61577">
				<ele>236.66</ele>
				<time>2026-05-28T20:03:52.782Z</time>
			</trkpt>
			<trkpt lat="44.93786" lon="1.61473">
				<ele>232.34</ele>
				<time>2026-05-28T20:04:06.303Z</time>
			</trkpt>
			<trkpt lat="44.93752" lon="1.61374">
				<ele>228.69</ele>
				<time>2026-05-28T20:04:30.529Z</time>
			</trkpt>
			<trkpt lat="44.93745" lon="1.61363">
				<ele>227.9</ele>
				<time>2026-05-28T20:04:40.020Z</time>
			</trkpt>
			<trkpt lat="44.93751" lon="1.61343">
				<ele>228.02</ele>
				<time>2026-05-28T20:04:43.180Z</time>
			</trkpt>
			<trkpt lat="44.93759" lon="1.61335">
				<ele>228.04</ele>
				<time>2026-05-28T20:04:44.504Z</time>
			</trkpt>
			<trkpt lat="44.93801" lon="1.61261">
				<ele>224.57</ele>
				<time>2026-05-28T20:04:59.221Z</time>
			</trkpt>
			<trkpt lat="44.9382" lon="1.61222">
				<ele>221.92</ele>
				<time>2026-05-28T20:05:07.893Z</time>
			</trkpt>
			<trkpt lat="44.93853" lon="1.61214">
				<ele>219.9</ele>
				<time>2026-05-28T20:05:16.635Z</time>
			</trkpt>
			<trkpt lat="44.93898" lon="1.61194">
				<ele>221.01</ele>
				<time>2026-05-28T20:05:27.925Z</time>
			</trkpt>
			<trkpt lat="44.93915" lon="1.61183">
				<ele>222.11</ele>
				<time>2026-05-28T20:05:31.741Z</time>
			</trkpt>
			<trkpt lat="44.94019" lon="1.611">
				<ele>226.1</ele>
				<time>2026-05-28T20:05:49.543Z</time>
			</trkpt>
			<trkpt lat="44.94137" lon="1.60953">
				<ele>234.53</ele>
				<time>2026-05-28T20:06:15.236Z</time>
			</trkpt>
			<trkpt lat="44.94193" lon="1.60894">
				<ele>231.26</ele>
				<time>2026-05-28T20:06:26.837Z</time>
			</trkpt>
			<trkpt lat="44.94212" lon="1.60878">
				<ele>230.72</ele>
				<time>2026-05-28T20:06:30.437Z</time>
			</trkpt>
			<trkpt lat="44.94224" lon="1.6087">
				<ele>230.63</ele>
				<time>2026-05-28T20:06:32.571Z</time>
			</trkpt>
			<trkpt lat="44.94229" lon="1.60863">
				<ele>230.91</ele>
				<time>2026-05-28T20:06:33.693Z</time>
			</trkpt>
			<trkpt lat="44.94231" lon="1.60855">
				<ele>231.39</ele>
				<time>2026-05-28T20:06:34.646Z</time>
			</trkpt>
			<trkpt lat="44.94248" lon="1.60858">
				<ele>231.17</ele>
				<time>2026-05-28T20:06:37.333Z</time>
			</trkpt>
			<trkpt lat="44.94265" lon="1.60854">
				<ele>230.78</ele>
				<time>2026-05-28T20:06:39.987Z</time>
			</trkpt>
			<trkpt lat="44.94456" lon="1.60761">
				<ele>237.67</ele>
				<time>2026-05-28T20:07:05.417Z</time>
			</trkpt>
			<trkpt lat="44.94474" lon="1.60756">
				<ele>240.59</ele>
				<time>2026-05-28T20:07:07.032Z</time>
			</trkpt>
			<trkpt lat="44.94493" lon="1.60757">
				<ele>240.18</ele>
				<time>2026-05-28T20:07:08.651Z</time>
			</trkpt>
			<trkpt lat="44.94507" lon="1.60763">
				<ele>239.3</ele>
				<time>2026-05-28T20:07:09.871Z</time>
			</trkpt>
			<trkpt lat="44.94627" lon="1.6083">
				<ele>245.63</ele>
				<time>2026-05-28T20:07:19.735Z</time>
			</trkpt>
			<trkpt lat="44.94645" lon="1.60834">
				<ele>245.87</ele>
				<time>2026-05-28T20:07:21.010Z</time>
			</trkpt>
			<trkpt lat="44.94686" lon="1.60833">
				<ele>246.63</ele>
				<time>2026-05-28T20:07:23.781Z</time>
			</trkpt>
			<trkpt lat="44.94701" lon="1.60836">
				<ele>246.85</ele>
				<time>2026-05-28T20:07:24.773Z</time>
			</trkpt>
			<trkpt lat="44.94717" lon="1.60843">
				<ele>246.96</ele>
				<time>2026-05-28T20:07:25.850Z</time>
			</trkpt>
			<trkpt lat="44.94731" lon="1.60854">
				<ele>246.45</ele>
				<time>2026-05-28T20:07:26.862Z</time>
			</trkpt>
			<trkpt lat="44.94816" lon="1.60966">
				<ele>247.92</ele>
				<time>2026-05-28T20:07:33.723Z</time>
			</trkpt>
			<trkpt lat="44.94833" lon="1.60981">
				<ele>249.32</ele>
				<time>2026-05-28T20:07:34.831Z</time>
			</trkpt>
			<trkpt lat="44.9485" lon="1.60988">
				<ele>249.91</ele>
				<time>2026-05-28T20:07:35.795Z</time>
			</trkpt>
			<trkpt lat="44.94868" lon="1.60989">
				<ele>250.1</ele>
				<time>2026-05-28T20:07:36.760Z</time>
			</trkpt>
			<trkpt lat="44.94885" lon="1.60988">
				<ele>249.66</ele>
				<time>2026-05-28T20:07:37.660Z</time>
			</trkpt>
			<trkpt lat="44.94941" lon="1.60975">
				<ele>247.91</ele>
				<time>2026-05-28T20:07:40.581Z</time>
			</trkpt>
			<trkpt lat="44.95389" lon="1.60854">
				<ele>254.49</ele>
				<time>2026-05-28T20:08:02.705Z</time>
			</trkpt>
			<trkpt lat="44.95387" lon="1.60839">
				<ele>255.64</ele>
				<time>2026-05-28T20:08:03.264Z</time>
			</trkpt>
			<trkpt lat="44.95337" lon="1.60689">
				<ele>258.98</ele>
				<time>2026-05-28T20:08:09.664Z</time>
			</trkpt>
			<trkpt lat="44.9531" lon="1.60625">
				<ele>260.9</ele>
				<time>2026-05-28T20:08:12.771Z</time>
			</trkpt>
			<trkpt lat="44.95286" lon="1.60588">
				<ele>262.49</ele>
				<time>2026-05-28T20:08:14.961Z</time>
			</trkpt>
			<trkpt lat="44.95275" lon="1.6056">
				<ele>262.9</ele>
				<time>2026-05-28T20:08:16.402Z</time>
			</trkpt>
			<trkpt lat="44.95269" lon="1.60527">
				<ele>261.12</ele>
				<time>2026-05-28T20:08:17.970Z</time>
			</trkpt>
			<trkpt lat="44.95271" lon="1.60504">
				<ele>258.13</ele>
				<time>2026-05-28T20:08:19.043Z</time>
			</trkpt>
			<trkpt lat="44.95283" lon="1.60485">
				<ele>254.89</ele>
				<time>2026-05-28T20:08:20.227Z</time>
			</trkpt>
			<trkpt lat="44.95295" lon="1.60475">
				<ele>253.24</ele>
				<time>2026-05-28T20:08:21.145Z</time>
			</trkpt>
			<trkpt lat="44.95313" lon="1.60468">
				<ele>251.64</ele>
				<time>2026-05-28T20:08:22.381Z</time>
			</trkpt>
			<trkpt lat="44.95337" lon="1.60464">
				<ele>250.02</ele>
				<time>2026-05-28T20:08:23.988Z</time>
			</trkpt>
			<trkpt lat="44.95359" lon="1.60467">
				<ele>247.89</ele>
				<time>2026-05-28T20:08:25.466Z</time>
			</trkpt>
			<trkpt lat="44.95404" lon="1.6048">
				<ele>243.05</ele>
				<time>2026-05-28T20:08:28.560Z</time>
			</trkpt>
			<trkpt lat="44.9548" lon="1.60484">
				<ele>238.93</ele>
				<time>2026-05-28T20:08:33.749Z</time>
			</trkpt>
			<trkpt lat="44.95618" lon="1.60521">
				<ele>229.07</ele>
				<time>2026-05-28T20:08:43.546Z</time>
			</trkpt>
			<trkpt lat="44.95655" lon="1.60517">
				<ele>225.4</ele>
				<time>2026-05-28T20:08:46.178Z</time>
			</trkpt>
			<trkpt lat="44.95668" lon="1.60519">
				<ele>224.25</ele>
				<time>2026-05-28T20:08:47.110Z</time>
			</trkpt>
			<trkpt lat="44.95688" lon="1.60534">
				<ele>224.14</ele>
				<time>2026-05-28T20:08:48.729Z</time>
			</trkpt>
			<trkpt lat="44.95694" lon="1.60546">
				<ele>225</ele>
				<time>2026-05-28T20:08:49.475Z</time>
			</trkpt>
			<trkpt lat="44.95701" lon="1.60573">
				<ele>226.92</ele>
				<time>2026-05-28T20:08:50.938Z</time>
			</trkpt>
			<trkpt lat="44.95708" lon="1.60586">
				<ele>228</ele>
				<time>2026-05-28T20:08:51.772Z</time>
			</trkpt>
			<trkpt lat="44.95716" lon="1.60593">
				<ele>228.43</ele>
				<time>2026-05-28T20:08:52.451Z</time>
			</trkpt>
			<trkpt lat="44.95728" lon="1.60594">
				<ele>227.21</ele>
				<time>2026-05-28T20:08:53.321Z</time>
			</trkpt>
			<trkpt lat="44.95784" lon="1.60574">
				<ele>218.08</ele>
				<time>2026-05-28T20:08:57.526Z</time>
			</trkpt>
			<trkpt lat="44.95929" lon="1.60548">
				<ele>209.93</ele>
				<time>2026-05-28T20:09:08.345Z</time>
			</trkpt>
			<trkpt lat="44.95978" lon="1.60545">
				<ele>206.25</ele>
				<time>2026-05-28T20:09:12.030Z</time>
			</trkpt>
			<trkpt lat="44.96054" lon="1.60561">
				<ele>198.52</ele>
				<time>2026-05-28T20:09:17.855Z</time>
			</trkpt>
			<trkpt lat="44.96082" lon="1.60575">
				<ele>196.97</ele>
				<time>2026-05-28T20:09:20.124Z</time>
			</trkpt>
			<trkpt lat="44.96158" lon="1.60641">
				<ele>189.43</ele>
				<time>2026-05-28T20:09:26.990Z</time>
			</trkpt>
			<trkpt lat="44.96228" lon="1.60742">
				<ele>184.33</ele>
				<time>2026-05-28T20:09:34.784Z</time>
			</trkpt>
			<trkpt lat="44.96233" lon="1.60764">
				<ele>183.09</ele>
				<time>2026-05-28T20:09:36.066Z</time>
			</trkpt>
			<trkpt lat="44.96231" lon="1.60788">
				<ele>183.21</ele>
				<time>2026-05-28T20:09:37.410Z</time>
			</trkpt>
			<trkpt lat="44.96221" lon="1.60823">
				<ele>182.83</ele>
				<time>2026-05-28T20:09:39.514Z</time>
			</trkpt>
			<trkpt lat="44.96219" lon="1.6085">
				<ele>181.47</ele>
				<time>2026-05-28T20:09:41.032Z</time>
			</trkpt>
			<trkpt lat="44.96228" lon="1.60866">
				<ele>180.45</ele>
				<time>2026-05-28T20:09:42.177Z</time>
			</trkpt>
			<trkpt lat="44.96245" lon="1.60871">
				<ele>181.33</ele>
				<time>2026-05-28T20:09:43.553Z</time>
			</trkpt>
			<trkpt lat="44.96343" lon="1.60806">
				<ele>165.92</ele>
				<time>2026-05-28T20:09:52.192Z</time>
			</trkpt>
			<trkpt lat="44.9642" lon="1.60727">
				<ele>164.63</ele>
				<time>2026-05-28T20:09:59.862Z</time>
			</trkpt>
			<trkpt lat="44.96427" lon="1.60721">
				<ele>165.89</ele>
				<time>2026-05-28T20:10:00.525Z</time>
			</trkpt>
			<trkpt lat="44.96432" lon="1.60722">
				<ele>166.8</ele>
				<time>2026-05-28T20:10:00.934Z</time>
			</trkpt>
			<trkpt lat="44.96449" lon="1.60741">
				<ele>169.31</ele>
				<time>2026-05-28T20:10:02.693Z</time>
			</trkpt>
			<trkpt lat="44.96459" lon="1.60769">
				<ele>168.2</ele>
				<time>2026-05-28T20:10:04.497Z</time>
			</trkpt>
			<trkpt lat="44.96467" lon="1.608">
				<ele>164.46</ele>
				<time>2026-05-28T20:10:06.398Z</time>
			</trkpt>
			<trkpt lat="44.96476" lon="1.60851">
				<ele>162.1</ele>
				<time>2026-05-28T20:10:09.435Z</time>
			</trkpt>
			<trkpt lat="44.96484" lon="1.60867">
				<ele>161.56</ele>
				<time>2026-05-28T20:10:10.569Z</time>
			</trkpt>
			<trkpt lat="44.96512" lon="1.60883">
				<ele>161.33</ele>
				<time>2026-05-28T20:10:13.045Z</time>
			</trkpt>
			<trkpt lat="44.96599" lon="1.60912">
				<ele>165.3</ele>
				<time>2026-05-28T20:10:20.405Z</time>
			</trkpt>
			<trkpt lat="44.96612" lon="1.60921">
				<ele>164.5</ele>
				<time>2026-05-28T20:10:21.602Z</time>
			</trkpt>
			<trkpt lat="44.96671" lon="1.60978">
				<ele>163.91</ele>
				<time>2026-05-28T20:10:27.526Z</time>
			</trkpt>
			<trkpt lat="44.96707" lon="1.61001">
				<ele>166.63</ele>
				<time>2026-05-28T20:10:30.812Z</time>
			</trkpt>
			<trkpt lat="44.96749" lon="1.61039">
				<ele>167.42</ele>
				<time>2026-05-28T20:10:34.972Z</time>
			</trkpt>
			<trkpt lat="44.96766" lon="1.61048">
				<ele>165.46</ele>
				<time>2026-05-28T20:10:36.489Z</time>
			</trkpt>
			<trkpt lat="44.96812" lon="1.61061">
				<ele>164.97</ele>
				<time>2026-05-28T20:10:40.417Z</time>
			</trkpt>
			<trkpt lat="44.96836" lon="1.61061">
				<ele>165.01</ele>
				<time>2026-05-28T20:10:42.430Z</time>
			</trkpt>
			<trkpt lat="44.96875" lon="1.61053">
				<ele>166.54</ele>
				<time>2026-05-28T20:10:45.742Z</time>
			</trkpt>
			<trkpt lat="44.96942" lon="1.6103">
				<ele>172.49</ele>
				<time>2026-05-28T20:10:51.549Z</time>
			</trkpt>
			<trkpt lat="44.97044" lon="1.61039">
				<ele>175.6</ele>
				<time>2026-05-28T20:11:00.189Z</time>
			</trkpt>
			<trkpt lat="44.97107" lon="1.61073">
				<ele>173.58</ele>
				<time>2026-05-28T20:11:05.907Z</time>
			</trkpt>
			<trkpt lat="44.97168" lon="1.61093">
				<ele>174.2</ele>
				<time>2026-05-28T20:11:11.228Z</time>
			</trkpt>
			<trkpt lat="44.97194" lon="1.61111">
				<ele>175.86</ele>
				<time>2026-05-28T20:11:13.691Z</time>
			</trkpt>
			<trkpt lat="44.97227" lon="1.6115">
				<ele>175.07</ele>
				<time>2026-05-28T20:11:17.353Z</time>
			</trkpt>
			<trkpt lat="44.9725" lon="1.61173">
				<ele>174.72</ele>
				<time>2026-05-28T20:11:19.754Z</time>
			</trkpt>
			<trkpt lat="44.97283" lon="1.61201">
				<ele>174.18</ele>
				<time>2026-05-28T20:11:23.036Z</time>
			</trkpt>
			<trkpt lat="44.973" lon="1.61213">
				<ele>173.76</ele>
				<time>2026-05-28T20:11:24.657Z</time>
			</trkpt>
			<trkpt lat="44.97314" lon="1.61214">
				<ele>174.88</ele>
				<time>2026-05-28T20:11:25.853Z</time>
			</trkpt>
			<trkpt lat="44.97369" lon="1.61197">
				<ele>179.15</ele>
				<time>2026-05-28T20:11:30.659Z</time>
			</trkpt>
			<trkpt lat="44.97395" lon="1.61197">
				<ele>179.59</ele>
				<time>2026-05-28T20:11:32.879Z</time>
			</trkpt>
			<trkpt lat="44.97434" lon="1.61207">
				<ele>178.14</ele>
				<time>2026-05-28T20:11:36.265Z</time>
			</trkpt>
			<trkpt lat="44.97456" lon="1.61204">
				<ele>177.42</ele>
				<time>2026-05-28T20:11:38.154Z</time>
			</trkpt>
			<trkpt lat="44.97486" lon="1.61182">
				<ele>177.77</ele>
				<time>2026-05-28T20:11:41.042Z</time>
			</trkpt>
			<trkpt lat="44.97507" lon="1.61149">
				<ele>180.06</ele>
				<time>2026-05-28T20:11:43.725Z</time>
			</trkpt>
			<trkpt lat="44.97527" lon="1.61112">
				<ele>181.93</ele>
				<time>2026-05-28T20:11:46.540Z</time>
			</trkpt>
			<trkpt lat="44.97543" lon="1.61049">
				<ele>188.11</ele>
				<time>2026-05-28T20:11:50.586Z</time>
			</trkpt>
			<trkpt lat="44.97558" lon="1.61028">
				<ele>186.91</ele>
				<time>2026-05-28T20:11:52.390Z</time>
			</trkpt>
			<trkpt lat="44.97652" lon="1.60898">
				<ele>185.13</ele>
				<time>2026-05-28T20:12:03.615Z</time>
			</trkpt>
			<trkpt lat="44.97689" lon="1.60858">
				<ele>187.71</ele>
				<time>2026-05-28T20:12:07.587Z</time>
			</trkpt>
			<trkpt lat="44.97736" lon="1.60822">
				<ele>195.17</ele>
				<time>2026-05-28T20:12:12.139Z</time>
			</trkpt>
			<trkpt lat="44.97767" lon="1.608">
				<ele>198.12</ele>
				<time>2026-05-28T20:12:15.091Z</time>
			</trkpt>
			<trkpt lat="44.97823" lon="1.60785">
				<ele>202.12</ele>
				<time>2026-05-28T20:12:19.934Z</time>
			</trkpt>
			<trkpt lat="44.97885" lon="1.60762">
				<ele>201.41</ele>
				<time>2026-05-28T20:12:25.371Z</time>
			</trkpt>
			<trkpt lat="44.9799" lon="1.60718">
				<ele>210.99</ele>
				<time>2026-05-28T20:12:34.632Z</time>
			</trkpt>
			<trkpt lat="44.98027" lon="1.6069">
				<ele>212.36</ele>
				<time>2026-05-28T20:12:38.170Z</time>
			</trkpt>
			<trkpt lat="44.98131" lon="1.60581">
				<ele>218.81</ele>
				<time>2026-05-28T20:12:49.039Z</time>
			</trkpt>
			<trkpt lat="44.98187" lon="1.60527">
				<ele>222.51</ele>
				<time>2026-05-28T20:12:54.700Z</time>
			</trkpt>
			<trkpt lat="44.98252" lon="1.6049">
				<ele>229.73</ele>
				<time>2026-05-28T20:13:00.528Z</time>
			</trkpt>
			<trkpt lat="44.98299" lon="1.6048">
				<ele>234.03</ele>
				<time>2026-05-28T20:13:04.465Z</time>
			</trkpt>
			<trkpt lat="44.98338" lon="1.60477">
				<ele>236.98</ele>
				<time>2026-05-28T20:13:07.692Z</time>
			</trkpt>
			<trkpt lat="44.9842" lon="1.60505">
				<ele>238.72</ele>
				<time>2026-05-28T20:13:14.629Z</time>
			</trkpt>
			<trkpt lat="44.98434" lon="1.60495">
				<ele>236.99</ele>
				<time>2026-05-28T20:13:15.914Z</time>
			</trkpt>
			<trkpt lat="44.98583" lon="1.60256">
				<ele>248.47</ele>
				<time>2026-05-28T20:13:34.185Z</time>
			</trkpt>
			<trkpt lat="44.98639" lon="1.60363">
				<ele>239.34</ele>
				<time>2026-05-28T20:13:41.705Z</time>
			</trkpt>
			<trkpt lat="44.98734" lon="1.60407">
				<ele>230.18</ele>
				<time>2026-05-28T20:13:49.608Z</time>
			</trkpt>
			<trkpt lat="44.9876" lon="1.60409">
				<ele>229.63</ele>
				<time>2026-05-28T20:13:51.651Z</time>
			</trkpt>
			<trkpt lat="44.98854" lon="1.60351">
				<ele>221.5</ele>
				<time>2026-05-28T20:13:59.647Z</time>
			</trkpt>
			<trkpt lat="44.98872" lon="1.60342">
				<ele>221.49</ele>
				<time>2026-05-28T20:14:01.127Z</time>
			</trkpt>
			<trkpt lat="44.98886" lon="1.60343">
				<ele>222.56</ele>
				<time>2026-05-28T20:14:02.213Z</time>
			</trkpt>
			<trkpt lat="44.98898" lon="1.6036">
				<ele>225.41</ele>
				<time>2026-05-28T20:14:03.527Z</time>
			</trkpt>
			<trkpt lat="44.98916" lon="1.60482">
				<ele>225.64</ele>
				<time>2026-05-28T20:14:10.322Z</time>
			</trkpt>
			<trkpt lat="44.98928" lon="1.60504">
				<ele>225.84</ele>
				<time>2026-05-28T20:14:11.832Z</time>
			</trkpt>
			<trkpt lat="44.9895" lon="1.60511">
				<ele>227.13</ele>
				<time>2026-05-28T20:14:13.563Z</time>
			</trkpt>
			<trkpt lat="44.98979" lon="1.60504">
				<ele>228.33</ele>
				<time>2026-05-28T20:14:15.819Z</time>
			</trkpt>
			<trkpt lat="44.99015" lon="1.60483">
				<ele>229.8</ele>
				<time>2026-05-28T20:14:18.800Z</time>
			</trkpt>
			<trkpt lat="44.99062" lon="1.60462">
				<ele>229.59</ele>
				<time>2026-05-28T20:14:22.569Z</time>
			</trkpt>
			<trkpt lat="44.99084" lon="1.60471">
				<ele>229.15</ele>
				<time>2026-05-28T20:14:24.318Z</time>
			</trkpt>
			<trkpt lat="44.9912" lon="1.60519">
				<ele>229.65</ele>
				<time>2026-05-28T20:14:28.095Z</time>
			</trkpt>
			<trkpt lat="44.99134" lon="1.60568">
				<ele>227.85</ele>
				<time>2026-05-28T20:14:30.946Z</time>
			</trkpt>
			<trkpt lat="44.99139" lon="1.60577">
				<ele>227.32</ele>
				<time>2026-05-28T20:14:31.564Z</time>
			</trkpt>
			<trkpt lat="44.99147" lon="1.60582">
				<ele>226.18</ele>
				<time>2026-05-28T20:14:32.231Z</time>
			</trkpt>
			<trkpt lat="44.99209" lon="1.60493">
				<ele>231.11</ele>
				<time>2026-05-28T20:14:38.971Z</time>
			</trkpt>
			<trkpt lat="44.99251" lon="1.60446">
				<ele>223.86</ele>
				<time>2026-05-28T20:14:43.061Z</time>
			</trkpt>
			<trkpt lat="44.99275" lon="1.6041">
				<ele>221.55</ele>
				<time>2026-05-28T20:14:45.736Z</time>
			</trkpt>
			<trkpt lat="44.99281" lon="1.60369">
				<ele>225.49</ele>
				<time>2026-05-28T20:14:48.002Z</time>
			</trkpt>
			<trkpt lat="44.99288" lon="1.60347">
				<ele>222.89</ele>
				<time>2026-05-28T20:14:49.308Z</time>
			</trkpt>
			<trkpt lat="44.99319" lon="1.60302">
				<ele>212.44</ele>
				<time>2026-05-28T20:14:52.715Z</time>
			</trkpt>
			<trkpt lat="44.99336" lon="1.6027">
				<ele>211.53</ele>
				<time>2026-05-28T20:14:54.885Z</time>
			</trkpt>
			<trkpt lat="44.99351" lon="1.60252">
				<ele>211.62</ele>
				<time>2026-05-28T20:14:56.393Z</time>
			</trkpt>
			<trkpt lat="44.99417" lon="1.60205">
				<ele>203.6</ele>
				<time>2026-05-28T20:15:02.052Z</time>
			</trkpt>
			<trkpt lat="44.99508" lon="1.60173">
				<ele>201.05</ele>
				<time>2026-05-28T20:15:09.224Z</time>
			</trkpt>
			<trkpt lat="44.99523" lon="1.60172">
				<ele>202.37</ele>
				<time>2026-05-28T20:15:10.372Z</time>
			</trkpt>
			<trkpt lat="44.99532" lon="1.60178">
				<ele>202.09</ele>
				<time>2026-05-28T20:15:11.133Z</time>
			</trkpt>
			<trkpt lat="44.9956" lon="1.60215">
				<ele>198.3</ele>
				<time>2026-05-28T20:15:14.062Z</time>
			</trkpt>
			<trkpt lat="44.99579" lon="1.60227">
				<ele>196.38</ele>
				<time>2026-05-28T20:15:15.652Z</time>
			</trkpt>
			<trkpt lat="44.99596" lon="1.60242">
				<ele>195.95</ele>
				<time>2026-05-28T20:15:17.183Z</time>
			</trkpt>
			<trkpt lat="44.99598" lon="1.60257">
				<ele>195.24</ele>
				<time>2026-05-28T20:15:18.007Z</time>
			</trkpt>
			<trkpt lat="44.99592" lon="1.60281">
				<ele>193.08</ele>
				<time>2026-05-28T20:15:19.382Z</time>
			</trkpt>
			<trkpt lat="44.99574" lon="1.60319">
				<ele>187.72</ele>
				<time>2026-05-28T20:15:21.853Z</time>
			</trkpt>
			<trkpt lat="44.99569" lon="1.60339">
				<ele>185.74</ele>
				<time>2026-05-28T20:15:22.999Z</time>
			</trkpt>
			<trkpt lat="44.99586" lon="1.6043">
				<ele>180.9</ele>
				<time>2026-05-28T20:15:28.084Z</time>
			</trkpt>
			<trkpt lat="44.99599" lon="1.6046">
				<ele>178.15</ele>
				<time>2026-05-28T20:15:29.985Z</time>
			</trkpt>
			<trkpt lat="44.99681" lon="1.60545">
				<ele>168.55</ele>
				<time>2026-05-28T20:15:37.757Z</time>
			</trkpt>
			<trkpt lat="44.99752" lon="1.60603">
				<ele>160.94</ele>
				<time>2026-05-28T20:15:44.031Z</time>
			</trkpt>
			<trkpt lat="44.99783" lon="1.60705">
				<ele>162.31</ele>
				<time>2026-05-28T20:15:50.046Z</time>
			</trkpt>
			<trkpt lat="44.99796" lon="1.60734">
				<ele>162.63</ele>
				<time>2026-05-28T20:15:51.908Z</time>
			</trkpt>
			<trkpt lat="44.99835" lon="1.60793">
				<ele>165.81</ele>
				<time>2026-05-28T20:15:56.291Z</time>
			</trkpt>
			<trkpt lat="44.9985" lon="1.60819">
				<ele>168.41</ele>
				<time>2026-05-28T20:15:58.114Z</time>
			</trkpt>
			<trkpt lat="44.99866" lon="1.60869">
				<ele>169.49</ele>
				<time>2026-05-28T20:16:01.099Z</time>
			</trkpt>
			<trkpt lat="44.99873" lon="1.60899">
				<ele>169.09</ele>
				<time>2026-05-28T20:16:02.818Z</time>
			</trkpt>
			<trkpt lat="44.99918" lon="1.60882">
				<ele>166</ele>
				<time>2026-05-28T20:16:06.406Z</time>
			</trkpt>
			<trkpt lat="44.99943" lon="1.60866">
				<ele>166</ele>
				<time>2026-05-28T20:16:08.522Z</time>
			</trkpt>
			<trkpt lat="44.9995" lon="1.60857">
				<ele>166.2</ele>
				<time>2026-05-28T20:16:09.252Z</time>
			</trkpt>
			<trkpt lat="44.99953" lon="1.60848">
				<ele>166.33</ele>
				<time>2026-05-28T20:16:09.795Z</time>
			</trkpt>
			<trkpt lat="44.99957" lon="1.60832">
				<ele>166.46</ele>
				<time>2026-05-28T20:16:10.722Z</time>
			</trkpt>
			<trkpt lat="44.99974" lon="1.60724">
				<ele>165.29</ele>
				<time>2026-05-28T20:16:16.773Z</time>
			</trkpt>
			<trkpt lat="44.99981" lon="1.60704">
				<ele>165.76</ele>
				<time>2026-05-28T20:16:17.995Z</time>
			</trkpt>
			<trkpt lat="45.00159" lon="1.60294">
				<ele>169.72</ele>
				<time>2026-05-28T20:16:44.517Z</time>
			</trkpt>
			<trkpt lat="45.00213" lon="1.60141">
				<ele>172.19</ele>
				<time>2026-05-28T20:16:54.007Z</time>
			</trkpt>
			<trkpt lat="45.00225" lon="1.60112">
				<ele>170.61</ele>
				<time>2026-05-28T20:16:55.875Z</time>
			</trkpt>
			<trkpt lat="45.0024" lon="1.60085">
				<ele>171.4</ele>
				<time>2026-05-28T20:16:57.785Z</time>
			</trkpt>
			<trkpt lat="45.00302" lon="1.59985">
				<ele>175.3</ele>
				<time>2026-05-28T20:17:05.195Z</time>
			</trkpt>
			<trkpt lat="45.00357" lon="1.5989">
				<ele>176.11</ele>
				<time>2026-05-28T20:17:12.049Z</time>
			</trkpt>
			<trkpt lat="45.00421" lon="1.59774">
				<ele>180.26</ele>
				<time>2026-05-28T20:17:20.278Z</time>
			</trkpt>
			<trkpt lat="45.00472" lon="1.59708">
				<ele>181.99</ele>
				<time>2026-05-28T20:17:25.754Z</time>
			</trkpt>
			<trkpt lat="45.00587" lon="1.59552">
				<ele>187.53</ele>
				<time>2026-05-28T20:17:38.402Z</time>
			</trkpt>
			<trkpt lat="45.00628" lon="1.59514">
				<ele>184.3</ele>
				<time>2026-05-28T20:17:42.298Z</time>
			</trkpt>
			<trkpt lat="45.00652" lon="1.59487">
				<ele>186.02</ele>
				<time>2026-05-28T20:17:44.737Z</time>
			</trkpt>
			<trkpt lat="45.0068" lon="1.59446">
				<ele>185.51</ele>
				<time>2026-05-28T20:17:47.944Z</time>
			</trkpt>
			<trkpt lat="45.00692" lon="1.5942">
				<ele>185.9</ele>
				<time>2026-05-28T20:17:49.691Z</time>
			</trkpt>
			<trkpt lat="45.00718" lon="1.59347">
				<ele>184.46</ele>
				<time>2026-05-28T20:17:54.293Z</time>
			</trkpt>
			<trkpt lat="45.00729" lon="1.59313">
				<ele>186.23</ele>
				<time>2026-05-28T20:17:56.398Z</time>
			</trkpt>
			<trkpt lat="45.0074" lon="1.59256">
				<ele>188.16</ele>
				<time>2026-05-28T20:17:59.727Z</time>
			</trkpt>
			<trkpt lat="45.00784" lon="1.59145">
				<ele>189.08</ele>
				<time>2026-05-28T20:18:06.900Z</time>
			</trkpt>
			<trkpt lat="45.00796" lon="1.59123">
				<ele>190.71</ele>
				<time>2026-05-28T20:18:08.466Z</time>
			</trkpt>
			<trkpt lat="45.00805" lon="1.59112">
				<ele>191.77</ele>
				<time>2026-05-28T20:18:09.415Z</time>
			</trkpt>
			<trkpt lat="45.00924" lon="1.58986">
				<ele>188.53</ele>
				<time>2026-05-28T20:18:21.275Z</time>
			</trkpt>
			<trkpt lat="45.00965" lon="1.58931">
				<ele>190.91</ele>
				<time>2026-05-28T20:18:25.785Z</time>
			</trkpt>
			<trkpt lat="45.00976" lon="1.5892">
				<ele>191.91</ele>
				<time>2026-05-28T20:18:26.861Z</time>
			</trkpt>
			<trkpt lat="45.00988" lon="1.58913">
				<ele>192.74</ele>
				<time>2026-05-28T20:18:27.897Z</time>
			</trkpt>
			<trkpt lat="45.0106" lon="1.58907">
				<ele>199.15</ele>
				<time>2026-05-28T20:18:33.654Z</time>
			</trkpt>
			<trkpt lat="45.01152" lon="1.58874">
				<ele>205.01</ele>
				<time>2026-05-28T20:18:41.230Z</time>
			</trkpt>
			<trkpt lat="45.0128" lon="1.58834">
				<ele>209.84</ele>
				<time>2026-05-28T20:18:51.690Z</time>
			</trkpt>
			<trkpt lat="45.01298" lon="1.58833">
				<ele>209.99</ele>
				<time>2026-05-28T20:18:53.127Z</time>
			</trkpt>
			<trkpt lat="45.01313" lon="1.58835">
				<ele>209.83</ele>
				<time>2026-05-28T20:18:54.329Z</time>
			</trkpt>
			<trkpt lat="45.01358" lon="1.58849">
				<ele>210.33</ele>
				<time>2026-05-28T20:18:58.003Z</time>
			</trkpt>
			<trkpt lat="45.01372" lon="1.58858">
				<ele>210.91</ele>
				<time>2026-05-28T20:18:59.230Z</time>
			</trkpt>
			<trkpt lat="45.01386" lon="1.58876">
				<ele>211.25</ele>
				<time>2026-05-28T20:19:00.738Z</time>
			</trkpt>
			<trkpt lat="45.0143" lon="1.58945">
				<ele>219.18</ele>
				<time>2026-05-28T20:19:05.974Z</time>
			</trkpt>
			<trkpt lat="45.01448" lon="1.58969">
				<ele>219.41</ele>
				<time>2026-05-28T20:19:07.944Z</time>
			</trkpt>
			<trkpt lat="45.01463" lon="1.58983">
				<ele>219.68</ele>
				<time>2026-05-28T20:19:09.376Z</time>
			</trkpt>
			<trkpt lat="45.0148" lon="1.58992">
				<ele>220.53</ele>
				<time>2026-05-28T20:19:10.821Z</time>
			</trkpt>
			<trkpt lat="45.01505" lon="1.58996">
				<ele>222.67</ele>
				<time>2026-05-28T20:19:12.825Z</time>
			</trkpt>
			<trkpt lat="45.01528" lon="1.58996">
				<ele>224.82</ele>
				<time>2026-05-28T20:19:14.656Z</time>
			</trkpt>
			<trkpt lat="45.01547" lon="1.5899">
				<ele>223.18</ele>
				<time>2026-05-28T20:19:16.205Z</time>
			</trkpt>
			<trkpt lat="45.01564" lon="1.58979">
				<ele>222.5</ele>
				<time>2026-05-28T20:19:17.692Z</time>
			</trkpt>
			<trkpt lat="45.01588" lon="1.58961">
				<ele>220.66</ele>
				<time>2026-05-28T20:19:19.853Z</time>
			</trkpt>
			<trkpt lat="45.01608" lon="1.5894">
				<ele>220.36</ele>
				<time>2026-05-28T20:19:21.834Z</time>
			</trkpt>
			<trkpt lat="45.0167" lon="1.58859">
				<ele>219.04</ele>
				<time>2026-05-28T20:19:28.541Z</time>
			</trkpt>
			<trkpt lat="45.01677" lon="1.58844">
				<ele>219.35</ele>
				<time>2026-05-28T20:19:29.550Z</time>
			</trkpt>
			<trkpt lat="45.01684" lon="1.58836">
				<ele>219.31</ele>
				<time>2026-05-28T20:19:30.264Z</time>
			</trkpt>
			<trkpt lat="45.01692" lon="1.58832">
				<ele>219.11</ele>
				<time>2026-05-28T20:19:30.938Z</time>
			</trkpt>
			<trkpt lat="45.0171" lon="1.58828">
				<ele>220.55</ele>
				<time>2026-05-28T20:19:32.384Z</time>
			</trkpt>
			<trkpt lat="45.01887" lon="1.58787">
				<ele>236.35</ele>
				<time>2026-05-28T20:19:46.598Z</time>
			</trkpt>
			<trkpt lat="45.01906" lon="1.58787">
				<ele>237.92</ele>
				<time>2026-05-28T20:19:48.101Z</time>
			</trkpt>
			<trkpt lat="45.01915" lon="1.58792">
				<ele>237.61</ele>
				<time>2026-05-28T20:19:48.866Z</time>
			</trkpt>
			<trkpt lat="45.01929" lon="1.58806">
				<ele>236.57</ele>
				<time>2026-05-28T20:19:50.221Z</time>
			</trkpt>
			<trkpt lat="45.01977" lon="1.58865">
				<ele>237.46</ele>
				<time>2026-05-28T20:19:55.245Z</time>
			</trkpt>
			<trkpt lat="45.01985" lon="1.58871">
				<ele>236.48</ele>
				<time>2026-05-28T20:19:55.959Z</time>
			</trkpt>
			<trkpt lat="45.01991" lon="1.58872">
				<ele>236.29</ele>
				<time>2026-05-28T20:19:56.436Z</time>
			</trkpt>
			<trkpt lat="45.02005" lon="1.5887">
				<ele>237.23</ele>
				<time>2026-05-28T20:19:57.547Z</time>
			</trkpt>
			<trkpt lat="45.02018" lon="1.58859">
				<ele>239.97</ele>
				<time>2026-05-28T20:19:58.741Z</time>
			</trkpt>
			<trkpt lat="45.0204" lon="1.58816">
				<ele>247.1</ele>
				<time>2026-05-28T20:20:01.700Z</time>
			</trkpt>
			<trkpt lat="45.02048" lon="1.58814">
				<ele>246.8</ele>
				<time>2026-05-28T20:20:02.340Z</time>
			</trkpt>
			<trkpt lat="45.02053" lon="1.58815">
				<ele>246.44</ele>
				<time>2026-05-28T20:20:02.738Z</time>
			</trkpt>
			<trkpt lat="45.02058" lon="1.58819">
				<ele>246.34</ele>
				<time>2026-05-28T20:20:03.190Z</time>
			</trkpt>
			<trkpt lat="45.0209" lon="1.58865">
				<ele>249.58</ele>
				<time>2026-05-28T20:20:06.782Z</time>
			</trkpt>
			<trkpt lat="45.02098" lon="1.58878">
				<ele>251.15</ele>
				<time>2026-05-28T20:20:07.740Z</time>
			</trkpt>
			<trkpt lat="45.02102" lon="1.58892">
				<ele>252.05</ele>
				<time>2026-05-28T20:20:08.580Z</time>
			</trkpt>
			<trkpt lat="45.02104" lon="1.58909">
				<ele>251.47</ele>
				<time>2026-05-28T20:20:09.538Z</time>
			</trkpt>
			<trkpt lat="45.02106" lon="1.58945">
				<ele>249.57</ele>
				<time>2026-05-28T20:20:11.544Z</time>
			</trkpt>
			<trkpt lat="45.0211" lon="1.58978">
				<ele>250</ele>
				<time>2026-05-28T20:20:13.403Z</time>
			</trkpt>
			<trkpt lat="45.02111" lon="1.59003">
				<ele>251.4</ele>
				<time>2026-05-28T20:20:14.792Z</time>
			</trkpt>
			<trkpt lat="45.02109" lon="1.59022">
				<ele>253.04</ele>
				<time>2026-05-28T20:20:15.858Z</time>
			</trkpt>
			<trkpt lat="45.02103" lon="1.59044">
				<ele>254.26</ele>
				<time>2026-05-28T20:20:17.165Z</time>
			</trkpt>
			<trkpt lat="45.02068" lon="1.59146">
				<ele>258.39</ele>
				<time>2026-05-28T20:20:23.443Z</time>
			</trkpt>
			<trkpt lat="45.02065" lon="1.59161">
				<ele>259.13</ele>
				<time>2026-05-28T20:20:24.305Z</time>
			</trkpt>
			<trkpt lat="45.02082" lon="1.59155">
				<ele>259.17</ele>
				<time>2026-05-28T20:20:25.675Z</time>
			</trkpt>
			<trkpt lat="45.02101" lon="1.59138">
				<ele>259.26</ele>
				<time>2026-05-28T20:20:27.432Z</time>
			</trkpt>
			<trkpt lat="45.02169" lon="1.59059">
				<ele>260.11</ele>
				<time>2026-05-28T20:20:34.298Z</time>
			</trkpt>
			<trkpt lat="45.02178" lon="1.59041">
				<ele>260.14</ele>
				<time>2026-05-28T20:20:35.512Z</time>
			</trkpt>
			<trkpt lat="45.02181" lon="1.59022">
				<ele>260.28</ele>
				<time>2026-05-28T20:20:36.583Z</time>
			</trkpt>
			<trkpt lat="45.02179" lon="1.59">
				<ele>260.89</ele>
				<time>2026-05-28T20:20:37.804Z</time>
			</trkpt>
			<trkpt lat="45.02175" lon="1.58985">
				<ele>261.28</ele>
				<time>2026-05-28T20:20:38.685Z</time>
			</trkpt>
			<trkpt lat="45.02156" lon="1.58947">
				<ele>261.34</ele>
				<time>2026-05-28T20:20:41.243Z</time>
			</trkpt>
			<trkpt lat="45.02149" lon="1.58926">
				<ele>261.46</ele>
				<time>2026-05-28T20:20:42.517Z</time>
			</trkpt>
			<trkpt lat="45.02132" lon="1.5886">
				<ele>258.09</ele>
				<time>2026-05-28T20:20:46.368Z</time>
			</trkpt>
			<trkpt lat="45.02132" lon="1.58845">
				<ele>258.53</ele>
				<time>2026-05-28T20:20:47.188Z</time>
			</trkpt>
			<trkpt lat="45.02134" lon="1.58833">
				<ele>259.13</ele>
				<time>2026-05-28T20:20:47.861Z</time>
			</trkpt>
			<trkpt lat="45.02141" lon="1.58815">
				<ele>261.04</ele>
				<time>2026-05-28T20:20:48.982Z</time>
			</trkpt>
			<trkpt lat="45.02174" lon="1.58776">
				<ele>261.2</ele>
				<time>2026-05-28T20:20:52.290Z</time>
			</trkpt>
			<trkpt lat="45.02185" lon="1.58786">
				<ele>262.89</ele>
				<time>2026-05-28T20:20:53.293Z</time>
			</trkpt>
			<trkpt lat="45.02198" lon="1.5879">
				<ele>263.8</ele>
				<time>2026-05-28T20:20:54.314Z</time>
			</trkpt>
			<trkpt lat="45.02217" lon="1.58799">
				<ele>265.08</ele>
				<time>2026-05-28T20:20:55.849Z</time>
			</trkpt>
			<trkpt lat="45.02242" lon="1.58816">
				<ele>265.27</ele>
				<time>2026-05-28T20:20:57.972Z</time>
			</trkpt>
			<trkpt lat="45.02304" lon="1.58841">
				<ele>265.45</ele>
				<time>2026-05-28T20:21:02.900Z</time>
			</trkpt>
			<trkpt lat="45.02354" lon="1.58878">
				<ele>269.62</ele>
				<time>2026-05-28T20:21:07.214Z</time>
			</trkpt>
			<trkpt lat="45.02405" lon="1.58919">
				<ele>273.73</ele>
				<time>2026-05-28T20:21:11.710Z</time>
			</trkpt>
			<trkpt lat="45.02469" lon="1.58952">
				<ele>276.48</ele>
				<time>2026-05-28T20:21:16.945Z</time>
			</trkpt>
			<trkpt lat="45.0251" lon="1.5898">
				<ele>276.58</ele>
				<time>2026-05-28T20:21:20.442Z</time>
			</trkpt>
			<trkpt lat="45.0258" lon="1.59038">
				<ele>278.75</ele>
				<time>2026-05-28T20:21:26.673Z</time>
			</trkpt>
			<trkpt lat="45.02613" lon="1.59071">
				<ele>283.28</ele>
				<time>2026-05-28T20:21:29.777Z</time>
			</trkpt>
			<trkpt lat="45.02622" lon="1.59084">
				<ele>284.24</ele>
				<time>2026-05-28T20:21:30.765Z</time>
			</trkpt>
			<trkpt lat="45.02632" lon="1.5911">
				<ele>285.8</ele>
				<time>2026-05-28T20:21:32.371Z</time>
			</trkpt>
			<trkpt lat="45.0264" lon="1.59155">
				<ele>286.81</ele>
				<time>2026-05-28T20:21:34.889Z</time>
			</trkpt>
			<trkpt lat="45.02646" lon="1.5923">
				<ele>286.78</ele>
				<time>2026-05-28T20:21:38.985Z</time>
			</trkpt>
			<trkpt lat="45.0265" lon="1.59241">
				<ele>286.93</ele>
				<time>2026-05-28T20:21:39.656Z</time>
			</trkpt>
			<trkpt lat="45.02654" lon="1.59248">
				<ele>287.29</ele>
				<time>2026-05-28T20:21:40.145Z</time>
			</trkpt>
			<trkpt lat="45.02664" lon="1.59257">
				<ele>288.51</ele>
				<time>2026-05-28T20:21:41.055Z</time>
			</trkpt>
			<trkpt lat="45.02673" lon="1.5926">
				<ele>289.18</ele>
				<time>2026-05-28T20:21:41.765Z</time>
			</trkpt>
			<trkpt lat="45.0268" lon="1.59261">
				<ele>289.81</ele>
				<time>2026-05-28T20:21:42.305Z</time>
			</trkpt>
			<trkpt lat="45.02694" lon="1.59255">
				<ele>290.97</ele>
				<time>2026-05-28T20:21:43.428Z</time>
			</trkpt>
			<trkpt lat="45.0272" lon="1.59227">
				<ele>290.06</ele>
				<time>2026-05-28T20:21:45.936Z</time>
			</trkpt>
			<trkpt lat="45.0275" lon="1.59201">
				<ele>288.97</ele>
				<time>2026-05-28T20:21:48.636Z</time>
			</trkpt>
			<trkpt lat="45.02766" lon="1.59194">
				<ele>287.83</ele>
				<time>2026-05-28T20:21:49.922Z</time>
			</trkpt>
			<trkpt lat="45.02843" lon="1.59177">
				<ele>287.48</ele>
				<time>2026-05-28T20:21:55.903Z</time>
			</trkpt>
			<trkpt lat="45.02909" lon="1.59154">
				<ele>284.21</ele>
				<time>2026-05-28T20:22:01.120Z</time>
			</trkpt>
			<trkpt lat="45.02952" lon="1.59144">
				<ele>283.16</ele>
				<time>2026-05-28T20:22:04.465Z</time>
			</trkpt>
			<trkpt lat="45.02977" lon="1.59137">
				<ele>283.39</ele>
				<time>2026-05-28T20:22:06.420Z</time>
			</trkpt>
			<trkpt lat="45.03041" lon="1.59109">
				<ele>274.16</ele>
				<time>2026-05-28T20:22:11.562Z</time>
			</trkpt>
			<trkpt lat="45.03056" lon="1.59106">
				<ele>273.1</ele>
				<time>2026-05-28T20:22:12.724Z</time>
			</trkpt>
			<trkpt lat="45.03104" lon="1.59109">
				<ele>271.53</ele>
				<time>2026-05-28T20:22:16.412Z</time>
			</trkpt>
			<trkpt lat="45.03121" lon="1.59108">
				<ele>269.58</ele>
				<time>2026-05-28T20:22:17.717Z</time>
			</trkpt>
			<trkpt lat="45.03133" lon="1.59105">
				<ele>267.72</ele>
				<time>2026-05-28T20:22:18.653Z</time>
			</trkpt>
			<trkpt lat="45.03145" lon="1.59097">
				<ele>265.67</ele>
				<time>2026-05-28T20:22:19.671Z</time>
			</trkpt>
			<trkpt lat="45.03155" lon="1.59087">
				<ele>263.38</ele>
				<time>2026-05-28T20:22:20.611Z</time>
			</trkpt>
			<trkpt lat="45.03162" lon="1.59074">
				<ele>261.37</ele>
				<time>2026-05-28T20:22:21.497Z</time>
			</trkpt>
			<trkpt lat="45.03168" lon="1.59048">
				<ele>260.05</ele>
				<time>2026-05-28T20:22:22.981Z</time>
			</trkpt>
			<trkpt lat="45.03169" lon="1.59027">
				<ele>261.05</ele>
				<time>2026-05-28T20:22:24.122Z</time>
			</trkpt>
			<trkpt lat="45.03166" lon="1.59003">
				<ele>259.31</ele>
				<time>2026-05-28T20:22:25.445Z</time>
			</trkpt>
			<trkpt lat="45.03158" lon="1.58976">
				<ele>255.7</ele>
				<time>2026-05-28T20:22:27.033Z</time>
			</trkpt>
			<trkpt lat="45.0314" lon="1.58948">
				<ele>255.28</ele>
				<time>2026-05-28T20:22:29.086Z</time>
			</trkpt>
			<trkpt lat="45.03123" lon="1.58927">
				<ele>256.49</ele>
				<time>2026-05-28T20:22:30.818Z</time>
			</trkpt>
			<trkpt lat="45.03109" lon="1.58905">
				<ele>256.09</ele>
				<time>2026-05-28T20:22:32.424Z</time>
			</trkpt>
			<trkpt lat="45.03086" lon="1.58856">
				<ele>253.24</ele>
				<time>2026-05-28T20:22:35.616Z</time>
			</trkpt>
			<trkpt lat="45.0308" lon="1.58837">
				<ele>253.79</ele>
				<time>2026-05-28T20:22:36.745Z</time>
			</trkpt>
			<trkpt lat="45.03075" lon="1.58815">
				<ele>253.19</ele>
				<time>2026-05-28T20:22:37.999Z</time>
			</trkpt>
			<trkpt lat="45.03075" lon="1.58798">
				<ele>251.85</ele>
				<time>2026-05-28T20:22:38.921Z</time>
			</trkpt>
			<trkpt lat="45.03079" lon="1.58768">
				<ele>248.13</ele>
				<time>2026-05-28T20:22:40.578Z</time>
			</trkpt>
			<trkpt lat="45.03094" lon="1.58717">
				<ele>246.85</ele>
				<time>2026-05-28T20:22:43.576Z</time>
			</trkpt>
			<trkpt lat="45.03115" lon="1.58668">
				<ele>246.04</ele>
				<time>2026-05-28T20:22:46.686Z</time>
			</trkpt>
			<trkpt lat="45.03128" lon="1.58645">
				<ele>244.83</ele>
				<time>2026-05-28T20:22:48.284Z</time>
			</trkpt>
			<trkpt lat="45.0314" lon="1.58629">
				<ele>241.3</ele>
				<time>2026-05-28T20:22:49.551Z</time>
			</trkpt>
			<trkpt lat="45.03169" lon="1.58604">
				<ele>236.51</ele>
				<time>2026-05-28T20:22:52.159Z</time>
			</trkpt>
			<trkpt lat="45.03181" lon="1.58599">
				<ele>236.16</ele>
				<time>2026-05-28T20:22:53.120Z</time>
			</trkpt>
			<trkpt lat="45.03214" lon="1.58606">
				<ele>235.88</ele>
				<time>2026-05-28T20:22:55.683Z</time>
			</trkpt>
			<trkpt lat="45.0325" lon="1.58625">
				<ele>233.46</ele>
				<time>2026-05-28T20:22:58.635Z</time>
			</trkpt>
			<trkpt lat="45.03296" lon="1.58671">
				<ele>227.55</ele>
				<time>2026-05-28T20:23:02.964Z</time>
			</trkpt>
			<trkpt lat="45.03344" lon="1.58702">
				<ele>224.29</ele>
				<time>2026-05-28T20:23:07.019Z</time>
			</trkpt>
			<trkpt lat="45.03395" lon="1.58731">
				<ele>219.99</ele>
				<time>2026-05-28T20:23:11.244Z</time>
			</trkpt>
			<trkpt lat="45.03467" lon="1.58787">
				<ele>215.35</ele>
				<time>2026-05-28T20:23:17.562Z</time>
			</trkpt>
			<trkpt lat="45.03482" lon="1.58794">
				<ele>214.79</ele>
				<time>2026-05-28T20:23:18.777Z</time>
			</trkpt>
			<trkpt lat="45.03543" lon="1.58802">
				<ele>208.73</ele>
				<time>2026-05-28T20:23:23.490Z</time>
			</trkpt>
			<trkpt lat="45.03559" lon="1.58802">
				<ele>207.31</ele>
				<time>2026-05-28T20:23:24.721Z</time>
			</trkpt>
			<trkpt lat="45.0357" lon="1.58798">
				<ele>207.36</ele>
				<time>2026-05-28T20:23:25.595Z</time>
			</trkpt>
			<trkpt lat="45.03577" lon="1.58794">
				<ele>207.54</ele>
				<time>2026-05-28T20:23:26.176Z</time>
			</trkpt>
			<trkpt lat="45.03586" lon="1.58783">
				<ele>207.94</ele>
				<time>2026-05-28T20:23:27.091Z</time>
			</trkpt>
			<trkpt lat="45.03604" lon="1.58758">
				<ele>207.3</ele>
				<time>2026-05-28T20:23:29.033Z</time>
			</trkpt>
			<trkpt lat="45.03624" lon="1.5874">
				<ele>204.82</ele>
				<time>2026-05-28T20:23:30.857Z</time>
			</trkpt>
			<trkpt lat="45.03637" lon="1.58732">
				<ele>202.95</ele>
				<time>2026-05-28T20:23:31.948Z</time>
			</trkpt>
			<trkpt lat="45.03645" lon="1.5873">
				<ele>200.92</ele>
				<time>2026-05-28T20:23:32.574Z</time>
			</trkpt>
			<trkpt lat="45.03652" lon="1.58732">
				<ele>198.67</ele>
				<time>2026-05-28T20:23:33.124Z</time>
			</trkpt>
			<trkpt lat="45.03655" lon="1.58737">
				<ele>197.15</ele>
				<time>2026-05-28T20:23:33.481Z</time>
			</trkpt>
			<trkpt lat="45.03656" lon="1.58746">
				<ele>195.48</ele>
				<time>2026-05-28T20:23:33.976Z</time>
			</trkpt>
			<trkpt lat="45.03654" lon="1.58755">
				<ele>195</ele>
				<time>2026-05-28T20:23:34.490Z</time>
			</trkpt>
			<trkpt lat="45.03614" lon="1.58875">
				<ele>193.52</ele>
				<time>2026-05-28T20:23:41.712Z</time>
			</trkpt>
			<trkpt lat="45.0359" lon="1.58932">
				<ele>187.23</ele>
				<time>2026-05-28T20:23:45.325Z</time>
			</trkpt>
			<trkpt lat="45.03568" lon="1.58976">
				<ele>183.15</ele>
				<time>2026-05-28T20:23:48.261Z</time>
			</trkpt>
			<trkpt lat="45.03559" lon="1.58987">
				<ele>182.96</ele>
				<time>2026-05-28T20:23:49.178Z</time>
			</trkpt>
			<trkpt lat="45.0355" lon="1.58992">
				<ele>182.89</ele>
				<time>2026-05-28T20:23:49.923Z</time>
			</trkpt>
			<trkpt lat="45.03501" lon="1.59008">
				<ele>182.65</ele>
				<time>2026-05-28T20:23:53.801Z</time>
			</trkpt>
			<trkpt lat="45.03494" lon="1.59016">
				<ele>182.2</ele>
				<time>2026-05-28T20:23:54.495Z</time>
			</trkpt>
			<trkpt lat="45.03493" lon="1.59022">
				<ele>181.95</ele>
				<time>2026-05-28T20:23:54.831Z</time>
			</trkpt>
			<trkpt lat="45.03494" lon="1.59031">
				<ele>181.66</ele>
				<time>2026-05-28T20:23:55.328Z</time>
			</trkpt>
			<trkpt lat="45.03512" lon="1.5908">
				<ele>179.68</ele>
				<time>2026-05-28T20:23:58.339Z</time>
			</trkpt>
			<trkpt lat="45.03513" lon="1.59091">
				<ele>179.43</ele>
				<time>2026-05-28T20:23:58.944Z</time>
			</trkpt>
			<trkpt lat="45.0351" lon="1.59114">
				<ele>179.38</ele>
				<time>2026-05-28T20:24:00.220Z</time>
			</trkpt>
			<trkpt lat="45.03487" lon="1.59217">
				<ele>179.46</ele>
				<time>2026-05-28T20:24:06.113Z</time>
			</trkpt>
			<trkpt lat="45.03464" lon="1.59335">
				<ele>173.87</ele>
				<time>2026-05-28T20:24:12.795Z</time>
			</trkpt>
			<trkpt lat="45.03446" lon="1.5945">
				<ele>170.46</ele>
				<time>2026-05-28T20:24:19.231Z</time>
			</trkpt>
			<trkpt lat="45.03429" lon="1.59575">
				<ele>166.94</ele>
				<time>2026-05-28T20:24:26.190Z</time>
			</trkpt>
			<trkpt lat="45.03428" lon="1.59596">
				<ele>165.06</ele>
				<time>2026-05-28T20:24:27.342Z</time>
			</trkpt>
			<trkpt lat="45.0343" lon="1.5961">
				<ele>163.55</ele>
				<time>2026-05-28T20:24:28.123Z</time>
			</trkpt>
			<trkpt lat="45.03434" lon="1.5962">
				<ele>162.91</ele>
				<time>2026-05-28T20:24:28.752Z</time>
			</trkpt>
			<trkpt lat="45.03438" lon="1.59624">
				<ele>162.64</ele>
				<time>2026-05-28T20:24:29.131Z</time>
			</trkpt>
			<trkpt lat="45.03449" lon="1.59629">
				<ele>161.9</ele>
				<time>2026-05-28T20:24:30.026Z</time>
			</trkpt>
			<trkpt lat="45.0346" lon="1.59631">
				<ele>160.96</ele>
				<time>2026-05-28T20:24:30.885Z</time>
			</trkpt>
			<trkpt lat="45.03472" lon="1.5964">
				<ele>159.93</ele>
				<time>2026-05-28T20:24:31.937Z</time>
			</trkpt>
			<trkpt lat="45.03487" lon="1.59662">
				<ele>160.7</ele>
				<time>2026-05-28T20:24:33.610Z</time>
			</trkpt>
			<trkpt lat="45.03497" lon="1.59683">
				<ele>161.01</ele>
				<time>2026-05-28T20:24:34.997Z</time>
			</trkpt>
			<trkpt lat="45.03505" lon="1.59714">
				<ele>160.83</ele>
				<time>2026-05-28T20:24:36.804Z</time>
			</trkpt>
			<trkpt lat="45.03511" lon="1.59781">
				<ele>157.77</ele>
				<time>2026-05-28T20:24:40.504Z</time>
			</trkpt>
			<trkpt lat="45.03515" lon="1.59805">
				<ele>158.18</ele>
				<time>2026-05-28T20:24:41.855Z</time>
			</trkpt>
			<trkpt lat="45.03527" lon="1.59842">
				<ele>158.97</ele>
				<time>2026-05-28T20:24:44.087Z</time>
			</trkpt>
			<trkpt lat="45.03545" lon="1.59886">
				<ele>158.44</ele>
				<time>2026-05-28T20:24:46.875Z</time>
			</trkpt>
			<trkpt lat="45.03554" lon="1.59902">
				<ele>157.98</ele>
				<time>2026-05-28T20:24:47.997Z</time>
			</trkpt>
			<trkpt lat="45.03606" lon="1.59961">
				<ele>158.38</ele>
				<time>2026-05-28T20:24:53.172Z</time>
			</trkpt>
			<trkpt lat="45.03628" lon="1.59983">
				<ele>158.8</ele>
				<time>2026-05-28T20:24:55.265Z</time>
			</trkpt>
			<trkpt lat="45.03646" lon="1.59994">
				<ele>158.88</ele>
				<time>2026-05-28T20:24:56.789Z</time>
			</trkpt>
			<trkpt lat="45.03681" lon="1.60013">
				<ele>158.55</ele>
				<time>2026-05-28T20:24:59.703Z</time>
			</trkpt>
			<trkpt lat="45.03691" lon="1.60023">
				<ele>158.16</ele>
				<time>2026-05-28T20:25:00.655Z</time>
			</trkpt>
			<trkpt lat="45.03699" lon="1.60017">
				<ele>158.66</ele>
				<time>2026-05-28T20:25:01.359Z</time>
			</trkpt>
			<trkpt lat="45.03755" lon="1.59985">
				<ele>160.61</ele>
				<time>2026-05-28T20:25:06.058Z</time>
			</trkpt>
			<trkpt lat="45.03776" lon="1.59968">
				<ele>162.23</ele>
				<time>2026-05-28T20:25:07.941Z</time>
			</trkpt>
			<trkpt lat="45.03788" lon="1.59958">
				<ele>162.39</ele>
				<time>2026-05-28T20:25:09.026Z</time>
			</trkpt>
			<trkpt lat="45.03836" lon="1.59909">
				<ele>163.59</ele>
				<time>2026-05-28T20:25:13.636Z</time>
			</trkpt>
			<trkpt lat="45.03968" lon="1.59774">
				<ele>168.7</ele>
				<time>2026-05-28T20:25:26.159Z</time>
			</trkpt>
			<trkpt lat="45.03992" lon="1.59758">
				<ele>170.77</ele>
				<time>2026-05-28T20:25:28.038Z</time>
			</trkpt>
			<trkpt lat="45.04039" lon="1.59739">
				<ele>173.92</ele>
				<time>2026-05-28T20:25:31.332Z</time>
			</trkpt>
			<trkpt lat="45.04061" lon="1.59723">
				<ele>174.66</ele>
				<time>2026-05-28T20:25:32.920Z</time>
			</trkpt>
			<trkpt lat="45.04085" lon="1.59696">
				<ele>177.58</ele>
				<time>2026-05-28T20:25:34.819Z</time>
			</trkpt>
			<trkpt lat="45.04144" lon="1.59607">
				<ele>184.51</ele>
				<time>2026-05-28T20:25:39.776Z</time>
			</trkpt>
			<trkpt lat="45.0417" lon="1.59571">
				<ele>188.52</ele>
				<time>2026-05-28T20:25:41.714Z</time>
			</trkpt>
			<trkpt lat="45.04197" lon="1.59549">
				<ele>189.67</ele>
				<time>2026-05-28T20:25:43.308Z</time>
			</trkpt>
			<trkpt lat="45.04215" lon="1.59542">
				<ele>189.63</ele>
				<time>2026-05-28T20:25:44.236Z</time>
			</trkpt>
			<trkpt lat="45.04257" lon="1.59533">
				<ele>190.13</ele>
				<time>2026-05-28T20:25:46.278Z</time>
			</trkpt>
			<trkpt lat="45.04277" lon="1.59523">
				<ele>191.48</ele>
				<time>2026-05-28T20:25:47.264Z</time>
			</trkpt>
			<trkpt lat="45.04286" lon="1.59515">
				<ele>192.33</ele>
				<time>2026-05-28T20:25:47.750Z</time>
			</trkpt>
			<trkpt lat="45.04301" lon="1.59497">
				<ele>195.74</ele>
				<time>2026-05-28T20:25:48.636Z</time>
			</trkpt>
			<trkpt lat="45.04307" lon="1.59486">
				<ele>197.07</ele>
				<time>2026-05-28T20:25:49.072Z</time>
			</trkpt>
			<trkpt lat="45.0434" lon="1.59416">
				<ele>201.66</ele>
				<time>2026-05-28T20:25:51.632Z</time>
			</trkpt>
			<trkpt lat="45.04352" lon="1.594">
				<ele>202.07</ele>
				<time>2026-05-28T20:25:52.320Z</time>
			</trkpt>
			<trkpt lat="45.04359" lon="1.59394">
				<ele>201.71</ele>
				<time>2026-05-28T20:25:52.658Z</time>
			</trkpt>
			<trkpt lat="45.04377" lon="1.59389">
				<ele>201.58</ele>
				<time>2026-05-28T20:25:53.410Z</time>
			</trkpt>
			<trkpt lat="45.04387" lon="1.59389">
				<ele>200.94</ele>
				<time>2026-05-28T20:25:53.815Z</time>
			</trkpt>
			<trkpt lat="45.04404" lon="1.59393">
				<ele>201.95</ele>
				<time>2026-05-28T20:25:54.508Z</time>
			</trkpt>
			<trkpt lat="45.04438" lon="1.59415">
				<ele>202.99</ele>
				<time>2026-05-28T20:25:55.988Z</time>
			</trkpt>
			<trkpt lat="45.04455" lon="1.59422">
				<ele>203.95</ele>
				<time>2026-05-28T20:25:56.679Z</time>
			</trkpt>
			<trkpt lat="45.04474" lon="1.59419">
				<ele>206.21</ele>
				<time>2026-05-28T20:25:57.420Z</time>
			</trkpt>
			<trkpt lat="45.04489" lon="1.59411">
				<ele>206.57</ele>
				<time>2026-05-28T20:25:58.037Z</time>
			</trkpt>
			<trkpt lat="45.04496" lon="1.59404">
				<ele>207.05</ele>
				<time>2026-05-28T20:25:58.366Z</time>
			</trkpt>
			<trkpt lat="45.04505" lon="1.59385">
				<ele>208.16</ele>
				<time>2026-05-28T20:25:58.983Z</time>
			</trkpt>
			<trkpt lat="45.04519" lon="1.59334">
				<ele>213.98</ele>
				<time>2026-05-28T20:26:00.453Z</time>
			</trkpt>
			<trkpt lat="45.04524" lon="1.59319">
				<ele>215.21</ele>
				<time>2026-05-28T20:26:00.898Z</time>
			</trkpt>
			<trkpt lat="45.04547" lon="1.59272">
				<ele>214.31</ele>
				<time>2026-05-28T20:26:02.429Z</time>
			</trkpt>
			<trkpt lat="45.0455" lon="1.59261">
				<ele>214.19</ele>
				<time>2026-05-28T20:26:02.745Z</time>
			</trkpt>
			<trkpt lat="45.04553" lon="1.59249">
				<ele>214.59</ele>
				<time>2026-05-28T20:26:03.087Z</time>
			</trkpt>
			<trkpt lat="45.04553" lon="1.59235">
				<ele>214.39</ele>
				<time>2026-05-28T20:26:03.464Z</time>
			</trkpt>
			<trkpt lat="45.04555" lon="1.59148">
				<ele>214.6</ele>
				<time>2026-05-28T20:26:05.827Z</time>
			</trkpt>
			<trkpt lat="45.04557" lon="1.59133">
				<ele>214.65</ele>
				<time>2026-05-28T20:26:06.247Z</time>
			</trkpt>
			<trkpt lat="45.04563" lon="1.59105">
				<ele>214.88</ele>
				<time>2026-05-28T20:26:07.057Z</time>
			</trkpt>
			<trkpt lat="45.04592" lon="1.59022">
				<ele>217.75</ele>
				<time>2026-05-28T20:26:09.683Z</time>
			</trkpt>
			<trkpt lat="45.04602" lon="1.59">
				<ele>216.91</ele>
				<time>2026-05-28T20:26:10.445Z</time>
			</trkpt>
			<trkpt lat="45.04608" lon="1.58992">
				<ele>216.9</ele>
				<time>2026-05-28T20:26:10.789Z</time>
			</trkpt>
			<trkpt lat="45.04623" lon="1.58978">
				<ele>217.47</ele>
				<time>2026-05-28T20:26:11.545Z</time>
			</trkpt>
			<trkpt lat="45.0464" lon="1.58969">
				<ele>218.51</ele>
				<time>2026-05-28T20:26:12.321Z</time>
			</trkpt>
			<trkpt lat="45.04667" lon="1.5896">
				<ele>221.07</ele>
				<time>2026-05-28T20:26:13.530Z</time>
			</trkpt>
			<trkpt lat="45.04692" lon="1.58948">
				<ele>224</ele>
				<time>2026-05-28T20:26:14.710Z</time>
			</trkpt>
			<trkpt lat="45.04738" lon="1.58913">
				<ele>225.24</ele>
				<time>2026-05-28T20:26:17.138Z</time>
			</trkpt>
			<trkpt lat="45.04757" lon="1.58893">
				<ele>224.72</ele>
				<time>2026-05-28T20:26:18.284Z</time>
			</trkpt>
			<trkpt lat="45.04769" lon="1.58871">
				<ele>225.09</ele>
				<time>2026-05-28T20:26:19.258Z</time>
			</trkpt>
			<trkpt lat="45.04776" lon="1.58847">
				<ele>227.63</ele>
				<time>2026-05-28T20:26:20.188Z</time>
			</trkpt>
			<trkpt lat="45.04779" lon="1.58828">
				<ele>229.94</ele>
				<time>2026-05-28T20:26:20.898Z</time>
			</trkpt>
			<trkpt lat="45.0479" lon="1.58734">
				<ele>235.46</ele>
				<time>2026-05-28T20:26:24.548Z</time>
			</trkpt>
			<trkpt lat="45.04832" lon="1.58543">
				<ele>241.44</ele>
				<time>2026-05-28T20:26:33.303Z</time>
			</trkpt>
			<trkpt lat="45.04838" lon="1.58525">
				<ele>242.33</ele>
				<time>2026-05-28T20:26:34.266Z</time>
			</trkpt>
			<trkpt lat="45.04844" lon="1.58511">
				<ele>242.84</ele>
				<time>2026-05-28T20:26:35.072Z</time>
			</trkpt>
			<trkpt lat="45.04857" lon="1.58494">
				<ele>244.24</ele>
				<time>2026-05-28T20:26:36.329Z</time>
			</trkpt>
			<trkpt lat="45.04873" lon="1.5848">
				<ele>244.97</ele>
				<time>2026-05-28T20:26:37.697Z</time>
			</trkpt>
			<trkpt lat="45.04927" lon="1.58453">
				<ele>243.1</ele>
				<time>2026-05-28T20:26:42.081Z</time>
			</trkpt>
			<trkpt lat="45.04941" lon="1.58443">
				<ele>245.87</ele>
				<time>2026-05-28T20:26:43.341Z</time>
			</trkpt>
			<trkpt lat="45.04955" lon="1.58432">
				<ele>248.18</ele>
				<time>2026-05-28T20:26:44.655Z</time>
			</trkpt>
			<trkpt lat="45.0497" lon="1.58414">
				<ele>250</ele>
				<time>2026-05-28T20:26:46.307Z</time>
			</trkpt>
			<trkpt lat="45.04984" lon="1.58384">
				<ele>248</ele>
				<time>2026-05-28T20:26:48.505Z</time>
			</trkpt>
			<trkpt lat="45.04997" lon="1.58341">
				<ele>248.68</ele>
				<time>2026-05-28T20:26:51.478Z</time>
			</trkpt>
			<trkpt lat="45.05007" lon="1.58318">
				<ele>249.27</ele>
				<time>2026-05-28T20:26:53.254Z</time>
			</trkpt>
			<trkpt lat="45.05016" lon="1.58302">
				<ele>249.94</ele>
				<time>2026-05-28T20:26:54.628Z</time>
			</trkpt>
			<trkpt lat="45.05034" lon="1.58281">
				<ele>250.01</ele>
				<time>2026-05-28T20:26:56.903Z</time>
			</trkpt>
			<trkpt lat="45.05046" lon="1.5827">
				<ele>251.08</ele>
				<time>2026-05-28T20:26:58.331Z</time>
			</trkpt>
			<trkpt lat="45.05071" lon="1.58254">
				<ele>253.05</ele>
				<time>2026-05-28T20:27:01.147Z</time>
			</trkpt>
			<trkpt lat="45.05096" lon="1.58246">
				<ele>255.41</ele>
				<time>2026-05-28T20:27:03.869Z</time>
			</trkpt>
			<trkpt lat="45.05216" lon="1.58234">
				<ele>263.69</ele>
				<time>2026-05-28T20:27:17.883Z</time>
			</trkpt>
			<trkpt lat="45.05247" lon="1.58227">
				<ele>264.37</ele>
				<time>2026-05-28T20:27:21.895Z</time>
			</trkpt>
			<trkpt lat="45.0533" lon="1.58196">
				<ele>273.55</ele>
				<time>2026-05-28T20:27:33.672Z</time>
			</trkpt>
			<trkpt lat="45.05343" lon="1.58185">
				<ele>273.97</ele>
				<time>2026-05-28T20:27:35.877Z</time>
			</trkpt>
			<trkpt lat="45.05352" lon="1.5817">
				<ele>273.09</ele>
				<time>2026-05-28T20:27:37.935Z</time>
			</trkpt>
			<trkpt lat="45.0534" lon="1.58151">
				<ele>273.95</ele>
				<time>2026-05-28T20:27:40.651Z</time>
			</trkpt>
			<trkpt lat="45.0534" lon="1.58117">
				<ele>273.41</ele>
				<time>2026-05-28T20:27:44.362Z</time>
			</trkpt>
			<trkpt lat="45.0534" lon="1.58151">
				<ele>273.95</ele>
				<time>2026-05-28T20:27:48.176Z</time>
			</trkpt>
			<trkpt lat="45.05352" lon="1.5817">
				<ele>273.09</ele>
				<time>2026-05-28T20:27:51.104Z</time>
			</trkpt>
			<trkpt lat="45.05354" lon="1.58161">
				<ele>272.46</ele>
				<time>2026-05-28T20:27:52.203Z</time>
			</trkpt>
			<trkpt lat="45.05348" lon="1.57993">
				<ele>269.9</ele>
				<time>2026-05-28T20:28:13.214Z</time>
			</trkpt>
			<trkpt lat="45.05334" lon="1.57874">
				<ele>273.39</ele>
				<time>2026-05-28T20:28:45.675Z</time>
			</trkpt>
			<trkpt lat="45.05336" lon="1.57858">
				<ele>273.86</ele>
				<time>2026-05-28T20:29:06.380Z</time>
			</trkpt>
			<trkpt lat="45.05348" lon="1.57838">
				<ele>274.01</ele>
				<time>2026-05-28T20:29:23.677Z</time>
			</trkpt>
			<trkpt lat="45.05381" lon="1.57812">
				<ele>271.9</ele>
				<time>2026-05-28T20:29:29.845Z</time>
			</trkpt>
			<trkpt lat="45.05408" lon="1.57792">
				<ele>272.37</ele>
				<time>2026-05-28T20:29:32.821Z</time>
			</trkpt>
			<trkpt lat="45.05453" lon="1.57759">
				<ele>271.05</ele>
				<time>2026-05-28T20:29:37.717Z</time>
			</trkpt>
			<trkpt lat="45.05466" lon="1.57743">
				<ele>271.01</ele>
				<time>2026-05-28T20:29:39.367Z</time>
			</trkpt>
			<trkpt lat="45.05478" lon="1.57718">
				<ele>272.33</ele>
				<time>2026-05-28T20:29:41.402Z</time>
			</trkpt>
			<trkpt lat="45.05526" lon="1.57539">
				<ele>276.11</ele>
				<time>2026-05-28T20:29:54.053Z</time>
			</trkpt>
			<trkpt lat="45.05531" lon="1.57515">
				<ele>276.08</ele>
				<time>2026-05-28T20:29:55.678Z</time>
			</trkpt>
			<trkpt lat="45.05536" lon="1.57471">
				<ele>276.13</ele>
				<time>2026-05-28T20:29:58.558Z</time>
			</trkpt>
			<trkpt lat="45.05537" lon="1.57448">
				<ele>275.5</ele>
				<time>2026-05-28T20:30:00.039Z</time>
			</trkpt>
			<trkpt lat="45.05536" lon="1.57409">
				<ele>274.84</ele>
				<time>2026-05-28T20:30:02.537Z</time>
			</trkpt>
			<trkpt lat="45.05533" lon="1.57392">
				<ele>274.56</ele>
				<time>2026-05-28T20:30:03.655Z</time>
			</trkpt>
			<trkpt lat="45.05521" lon="1.57346">
				<ele>275.5</ele>
				<time>2026-05-28T20:30:06.768Z</time>
			</trkpt>
			<trkpt lat="45.05498" lon="1.57288">
				<ele>279.06</ele>
				<time>2026-05-28T20:30:10.961Z</time>
			</trkpt>
			<trkpt lat="45.05445" lon="1.57186">
				<ele>288.7</ele>
				<time>2026-05-28T20:30:18.856Z</time>
			</trkpt>
			<trkpt lat="45.05434" lon="1.57155">
				<ele>291.51</ele>
				<time>2026-05-28T20:30:21.001Z</time>
			</trkpt>
			<trkpt lat="45.05429" lon="1.5713">
				<ele>292.93</ele>
				<time>2026-05-28T20:30:22.603Z</time>
			</trkpt>
			<trkpt lat="45.05428" lon="1.57104">
				<ele>293.13</ele>
				<time>2026-05-28T20:30:24.204Z</time>
			</trkpt>
			<trkpt lat="45.05429" lon="1.57087">
				<ele>292.26</ele>
				<time>2026-05-28T20:30:25.252Z</time>
			</trkpt>
			<trkpt lat="45.05434" lon="1.57058">
				<ele>289.85</ele>
				<time>2026-05-28T20:30:27.081Z</time>
			</trkpt>
			<trkpt lat="45.05457" lon="1.56997">
				<ele>293.19</ele>
				<time>2026-05-28T20:30:31.302Z</time>
			</trkpt>
			<trkpt lat="45.05487" lon="1.56925">
				<ele>294.23</ele>
				<time>2026-05-28T20:30:36.380Z</time>
			</trkpt>
			<trkpt lat="45.0554" lon="1.56754">
				<ele>303.06</ele>
				<time>2026-05-28T20:30:47.647Z</time>
			</trkpt>
			<trkpt lat="45.0555" lon="1.56733">
				<ele>305.44</ele>
				<time>2026-05-28T20:30:49.170Z</time>
			</trkpt>
			<trkpt lat="45.05563" lon="1.56724">
				<ele>306.2</ele>
				<time>2026-05-28T20:30:50.401Z</time>
			</trkpt>
			<trkpt lat="45.0557" lon="1.56723">
				<ele>306.27</ele>
				<time>2026-05-28T20:30:51.000Z</time>
			</trkpt>
			<trkpt lat="45.05578" lon="1.56725">
				<ele>305.5</ele>
				<time>2026-05-28T20:30:51.691Z</time>
			</trkpt>
			<trkpt lat="45.05585" lon="1.5673">
				<ele>304.42</ele>
				<time>2026-05-28T20:30:52.357Z</time>
			</trkpt>
			<trkpt lat="45.05609" lon="1.56761">
				<ele>300.92</ele>
				<time>2026-05-28T20:30:55.119Z</time>
			</trkpt>
			<trkpt lat="45.05619" lon="1.5677">
				<ele>300.31</ele>
				<time>2026-05-28T20:30:56.126Z</time>
			</trkpt>
			<trkpt lat="45.05627" lon="1.56774">
				<ele>300.67</ele>
				<time>2026-05-28T20:30:56.847Z</time>
			</trkpt>
			<trkpt lat="45.05648" lon="1.56777">
				<ele>303.83</ele>
				<time>2026-05-28T20:30:58.641Z</time>
			</trkpt>
			<trkpt lat="45.05676" lon="1.56772">
				<ele>307.76</ele>
				<time>2026-05-28T20:31:01.040Z</time>
			</trkpt>
			<trkpt lat="45.05697" lon="1.56764">
				<ele>308.47</ele>
				<time>2026-05-28T20:31:02.889Z</time>
			</trkpt>
			<trkpt lat="45.0571" lon="1.56755">
				<ele>307.71</ele>
				<time>2026-05-28T20:31:04.120Z</time>
			</trkpt>
			<trkpt lat="45.05748" lon="1.56715">
				<ele>306.61</ele>
				<time>2026-05-28T20:31:08.153Z</time>
			</trkpt>
			<trkpt lat="45.05762" lon="1.56706">
				<ele>306.89</ele>
				<time>2026-05-28T20:31:09.464Z</time>
			</trkpt>
			<trkpt lat="45.05771" lon="1.56704">
				<ele>307</ele>
				<time>2026-05-28T20:31:10.241Z</time>
			</trkpt>
			<trkpt lat="45.05789" lon="1.56704">
				<ele>308.15</ele>
				<time>2026-05-28T20:31:11.778Z</time>
			</trkpt>
			<trkpt lat="45.05798" lon="1.56708">
				<ele>308.78</ele>
				<time>2026-05-28T20:31:12.584Z</time>
			</trkpt>
			<trkpt lat="45.0582" lon="1.5672">
				<ele>310.33</ele>
				<time>2026-05-28T20:31:14.600Z</time>
			</trkpt>
			<trkpt lat="45.05892" lon="1.56781">
				<ele>314.66</ele>
				<time>2026-05-28T20:31:21.806Z</time>
			</trkpt>
			<trkpt lat="45.05942" lon="1.56822">
				<ele>311.92</ele>
				<time>2026-05-28T20:31:26.800Z</time>
			</trkpt>
			<trkpt lat="45.05964" lon="1.56833">
				<ele>312.74</ele>
				<time>2026-05-28T20:31:28.826Z</time>
			</trkpt>
			<trkpt lat="45.05972" lon="1.56835">
				<ele>313.15</ele>
				<time>2026-05-28T20:31:29.532Z</time>
			</trkpt>
			<trkpt lat="45.05997" lon="1.56838">
				<ele>312.93</ele>
				<time>2026-05-28T20:31:31.719Z</time>
			</trkpt>
			<trkpt lat="45.06032" lon="1.56834">
				<ele>312.21</ele>
				<time>2026-05-28T20:31:34.791Z</time>
			</trkpt>
			<trkpt lat="45.06065" lon="1.56821">
				<ele>311.42</ele>
				<time>2026-05-28T20:31:37.803Z</time>
			</trkpt>
			<trkpt lat="45.06085" lon="1.56805">
				<ele>312.09</ele>
				<time>2026-05-28T20:31:39.832Z</time>
			</trkpt>
			<trkpt lat="45.06103" lon="1.56786">
				<ele>312.53</ele>
				<time>2026-05-28T20:31:41.821Z</time>
			</trkpt>
			<trkpt lat="45.0612" lon="1.56758">
				<ele>314.82</ele>
				<time>2026-05-28T20:31:44.141Z</time>
			</trkpt>
			<trkpt lat="45.06194" lon="1.56634">
				<ele>316.82</ele>
				<time>2026-05-28T20:31:54.472Z</time>
			</trkpt>
			<trkpt lat="45.06211" lon="1.56597">
				<ele>316.18</ele>
				<time>2026-05-28T20:31:57.321Z</time>
			</trkpt>
			<trkpt lat="45.06216" lon="1.56582">
				<ele>316.2</ele>
				<time>2026-05-28T20:31:58.397Z</time>
			</trkpt>
			<trkpt lat="45.06224" lon="1.56547">
				<ele>316.91</ele>
				<time>2026-05-28T20:32:00.791Z</time>
			</trkpt>
			<trkpt lat="45.06236" lon="1.56478">
				<ele>316</ele>
				<time>2026-05-28T20:32:05.456Z</time>
			</trkpt>
			<trkpt lat="45.06243" lon="1.5645">
				<ele>316.18</ele>
				<time>2026-05-28T20:32:07.422Z</time>
			</trkpt>
			<trkpt lat="45.06252" lon="1.56428">
				<ele>315.63</ele>
				<time>2026-05-28T20:32:09.113Z</time>
			</trkpt>
			<trkpt lat="45.06263" lon="1.5641">
				<ele>316.45</ele>
				<time>2026-05-28T20:32:10.702Z</time>
			</trkpt>
			<trkpt lat="45.06278" lon="1.56395">
				<ele>318.04</ele>
				<time>2026-05-28T20:32:12.446Z</time>
			</trkpt>
			<trkpt lat="45.063" lon="1.5638">
				<ele>320.48</ele>
				<time>2026-05-28T20:32:14.777Z</time>
			</trkpt>
			<trkpt lat="45.06396" lon="1.56352">
				<ele>326.1</ele>
				<time>2026-05-28T20:32:24.283Z</time>
			</trkpt>
			<trkpt lat="45.06395" lon="1.56346">
				<ele>325.93</ele>
				<time>2026-05-28T20:32:24.711Z</time>
			</trkpt>
			<trkpt lat="45.0639" lon="1.56332">
				<ele>325.12</ele>
				<time>2026-05-28T20:32:25.803Z</time>
			</trkpt>
			<trkpt lat="45.06332" lon="1.56214">
				<ele>322.98</ele>
				<time>2026-05-28T20:32:35.972Z</time>
			</trkpt>
			<trkpt lat="45.0632" lon="1.56193">
				<ele>324.75</ele>
				<time>2026-05-28T20:32:37.917Z</time>
			</trkpt>
			<trkpt lat="45.06307" lon="1.56176">
				<ele>326.49</ele>
				<time>2026-05-28T20:32:39.731Z</time>
			</trkpt>
			<trkpt lat="45.06286" lon="1.56155">
				<ele>328.16</ele>
				<time>2026-05-28T20:32:42.383Z</time>
			</trkpt>
			<trkpt lat="45.06277" lon="1.56151">
				<ele>328.19</ele>
				<time>2026-05-28T20:32:43.362Z</time>
			</trkpt>
			<trkpt lat="45.0625" lon="1.56151">
				<ele>327.73</ele>
				<time>2026-05-28T20:32:46.179Z</time>
			</trkpt>
			<trkpt lat="45.06239" lon="1.56149">
				<ele>328.29</ele>
				<time>2026-05-28T20:32:47.343Z</time>
			</trkpt>
			<trkpt lat="45.06223" lon="1.56138">
				<ele>330.01</ele>
				<time>2026-05-28T20:32:49.219Z</time>
			</trkpt>
			<trkpt lat="45.06211" lon="1.56119">
				<ele>329.15</ele>
				<time>2026-05-28T20:32:51.128Z</time>
			</trkpt>
			<trkpt lat="45.06208" lon="1.56108">
				<ele>329.1</ele>
				<time>2026-05-28T20:32:52.015Z</time>
			</trkpt>
			<trkpt lat="45.06207" lon="1.56084">
				<ele>329.82</ele>
				<time>2026-05-28T20:32:53.831Z</time>
			</trkpt>
			<trkpt lat="45.06207" lon="1.56066">
				<ele>330.48</ele>
				<time>2026-05-28T20:32:55.197Z</time>
			</trkpt>
			<trkpt lat="45.06209" lon="1.56049">
				<ele>331.34</ele>
				<time>2026-05-28T20:32:56.509Z</time>
			</trkpt>
			<trkpt lat="45.06214" lon="1.56035">
				<ele>332.37</ele>
				<time>2026-05-28T20:32:57.707Z</time>
			</trkpt>
			<trkpt lat="45.06246" lon="1.55973">
				<ele>338.48</ele>
				<time>2026-05-28T20:33:03.627Z</time>
			</trkpt>
			<trkpt lat="45.06249" lon="1.55961">
				<ele>339.73</ele>
				<time>2026-05-28T20:33:04.617Z</time>
			</trkpt>
			<trkpt lat="45.06251" lon="1.55934">
				<ele>341.84</ele>
				<time>2026-05-28T20:33:06.737Z</time>
			</trkpt>
			<trkpt lat="45.06246" lon="1.55884">
				<ele>343.74</ele>
				<time>2026-05-28T20:33:10.708Z</time>
			</trkpt>
			<trkpt lat="45.06246" lon="1.55871">
				<ele>344.17</ele>
				<time>2026-05-28T20:33:11.737Z</time>
			</trkpt>
			<trkpt lat="45.06251" lon="1.55852">
				<ele>344.49</ele>
				<time>2026-05-28T20:33:13.346Z</time>
			</trkpt>
			<trkpt lat="45.06258" lon="1.5584">
				<ele>344.35</ele>
				<time>2026-05-28T20:33:14.586Z</time>
			</trkpt>
			<trkpt lat="45.06268" lon="1.55829">
				<ele>344.7</ele>
				<time>2026-05-28T20:33:16.018Z</time>
			</trkpt>
			<trkpt lat="45.06278" lon="1.55822">
				<ele>345.29</ele>
				<time>2026-05-28T20:33:17.283Z</time>
			</trkpt>
			<trkpt lat="45.0629" lon="1.55819">
				<ele>345.86</ele>
				<time>2026-05-28T20:33:18.670Z</time>
			</trkpt>
			<trkpt lat="45.06308" lon="1.55819">
				<ele>347.12</ele>
				<time>2026-05-28T20:33:20.726Z</time>
			</trkpt>
			<trkpt lat="45.06331" lon="1.55822">
				<ele>348.68</ele>
				<time>2026-05-28T20:33:23.377Z</time>
			</trkpt>
			<trkpt lat="45.06358" lon="1.55821">
				<ele>347.81</ele>
				<time>2026-05-28T20:33:26.497Z</time>
			</trkpt>
			<trkpt lat="45.06367" lon="1.55815">
				<ele>346.28</ele>
				<time>2026-05-28T20:33:27.652Z</time>
			</trkpt>
			<trkpt lat="45.06372" lon="1.55808">
				<ele>344.96</ele>
				<time>2026-05-28T20:33:28.469Z</time>
			</trkpt>
			<trkpt lat="45.06384" lon="1.55782">
				<ele>343.07</ele>
				<time>2026-05-28T20:33:31.029Z</time>
			</trkpt>
			<trkpt lat="45.06394" lon="1.55732">
				<ele>343.41</ele>
				<time>2026-05-28T20:33:35.343Z</time>
			</trkpt>
			<trkpt lat="45.064" lon="1.55666">
				<ele>344.99</ele>
				<time>2026-05-28T20:33:40.920Z</time>
			</trkpt>
			<trkpt lat="45.06399" lon="1.55632">
				<ele>344.17</ele>
				<time>2026-05-28T20:33:43.796Z</time>
			</trkpt>
			<trkpt lat="45.06393" lon="1.55615">
				<ele>343.11</ele>
				<time>2026-05-28T20:33:45.408Z</time>
			</trkpt>
			<trkpt lat="45.06341" lon="1.55505">
				<ele>343.91</ele>
				<time>2026-05-28T20:33:56.773Z</time>
			</trkpt>
			<trkpt lat="45.06336" lon="1.55489">
				<ele>344.43</ele>
				<time>2026-05-28T20:33:58.293Z</time>
			</trkpt>
			<trkpt lat="45.06334" lon="1.55475">
				<ele>344.89</ele>
				<time>2026-05-28T20:33:59.536Z</time>
			</trkpt>
			<trkpt lat="45.06338" lon="1.554">
				<ele>343.9</ele>
				<time>2026-05-28T20:34:06.126Z</time>
			</trkpt>
			<trkpt lat="45.06337" lon="1.55384">
				<ele>343.25</ele>
				<time>2026-05-28T20:34:07.543Z</time>
			</trkpt>
			<trkpt lat="45.06333" lon="1.5537">
				<ele>342.38</ele>
				<time>2026-05-28T20:34:08.877Z</time>
			</trkpt>
			<trkpt lat="45.06306" lon="1.55301">
				<ele>339.87</ele>
				<time>2026-05-28T20:34:15.896Z</time>
			</trkpt>
			<trkpt lat="45.06297" lon="1.55273">
				<ele>339.1</ele>
				<time>2026-05-28T20:34:18.654Z</time>
			</trkpt>
			<trkpt lat="45.06278" lon="1.55198">
				<ele>335.98</ele>
				<time>2026-05-28T20:34:25.850Z</time>
			</trkpt>
			<trkpt lat="45.06274" lon="1.55178">
				<ele>336.05</ele>
				<time>2026-05-28T20:34:27.739Z</time>
			</trkpt>
			<trkpt lat="45.06273" lon="1.55163">
				<ele>336.11</ele>
				<time>2026-05-28T20:34:29.112Z</time>
			</trkpt>
			<trkpt lat="45.06275" lon="1.55139">
				<ele>336.97</ele>
				<time>2026-05-28T20:34:31.320Z</time>
			</trkpt>
			<trkpt lat="45.06319" lon="1.55035">
				<ele>341.83</ele>
				<time>2026-05-28T20:34:42.496Z</time>
			</trkpt>
			<trkpt lat="45.0637" lon="1.54948">
				<ele>339.26</ele>
				<time>2026-05-28T20:34:53.068Z</time>
			</trkpt>
			<trkpt lat="45.06375" lon="1.54934">
				<ele>338.27</ele>
				<time>2026-05-28T20:34:54.547Z</time>
			</trkpt>
			<trkpt lat="45.06379" lon="1.54901">
				<ele>335.5</ele>
				<time>2026-05-28T20:34:57.710Z</time>
			</trkpt>
			<trkpt lat="45.06378" lon="1.54874">
				<ele>333.15</ele>
				<time>2026-05-28T20:35:00.273Z</time>
			</trkpt>
			<trkpt lat="45.06374" lon="1.54792">
				<ele>329.25</ele>
				<time>2026-05-28T20:35:08.113Z</time>
			</trkpt>
			<trkpt lat="45.06372" lon="1.54763">
				<ele>328.9</ele>
				<time>2026-05-28T20:35:10.909Z</time>
			</trkpt>
			<trkpt lat="45.06368" lon="1.54684">
				<ele>330.06</ele>
				<time>2026-05-28T20:35:18.554Z</time>
			</trkpt>
			<trkpt lat="45.06374" lon="1.54668">
				<ele>331.81</ele>
				<time>2026-05-28T20:35:20.311Z</time>
			</trkpt>
			<trkpt lat="45.06382" lon="1.54659">
				<ele>332.6</ele>
				<time>2026-05-28T20:35:21.716Z</time>
			</trkpt>
			<trkpt lat="45.06413" lon="1.54638">
				<ele>334</ele>
				<time>2026-05-28T20:35:26.459Z</time>
			</trkpt>
			<trkpt lat="45.06425" lon="1.54623">
				<ele>333.26</ele>
				<time>2026-05-28T20:35:28.676Z</time>
			</trkpt>
			<trkpt lat="45.06453" lon="1.54578">
				<ele>329.46</ele>
				<time>2026-05-28T20:35:34.566Z</time>
			</trkpt>
			<trkpt lat="45.06462" lon="1.54567">
				<ele>328.34</ele>
				<time>2026-05-28T20:35:36.226Z</time>
			</trkpt>
			<trkpt lat="45.06477" lon="1.54555">
				<ele>327.39</ele>
				<time>2026-05-28T20:35:38.635Z</time>
			</trkpt>
			<trkpt lat="45.0653" lon="1.54535">
				<ele>321.28</ele>
				<time>2026-05-28T20:35:46.342Z</time>
			</trkpt>
			<trkpt lat="45.06545" lon="1.54528">
				<ele>321.04</ele>
				<time>2026-05-28T20:35:48.571Z</time>
			</trkpt>
			<trkpt lat="45.06558" lon="1.54518">
				<ele>320.95</ele>
				<time>2026-05-28T20:35:50.669Z</time>
			</trkpt>
			<trkpt lat="45.0657" lon="1.54502">
				<ele>320.26</ele>
				<time>2026-05-28T20:35:53.070Z</time>
			</trkpt>
			<trkpt lat="45.06622" lon="1.54417">
				<ele>312.05</ele>
				<time>2026-05-28T20:36:05.409Z</time>
			</trkpt>
			<trkpt lat="45.06638" lon="1.54382">
				<ele>308.7</ele>
				<time>2026-05-28T20:36:10.135Z</time>
			</trkpt>
			<trkpt lat="45.06663" lon="1.54305">
				<ele>311.39</ele>
				<time>2026-05-28T20:36:19.602Z</time>
			</trkpt>
			<trkpt lat="45.06667" lon="1.5428">
				<ele>309.32</ele>
				<time>2026-05-28T20:36:22.364Z</time>
			</trkpt>
			<trkpt lat="45.06666" lon="1.54264">
				<ele>307.47</ele>
				<time>2026-05-28T20:36:24.058Z</time>
			</trkpt>
			<trkpt lat="45.06649" lon="1.54197">
				<ele>300.34</ele>
				<time>2026-05-28T20:36:31.152Z</time>
			</trkpt>
			<trkpt lat="45.0665" lon="1.54178">
				<ele>299.69</ele>
				<time>2026-05-28T20:36:32.995Z</time>
			</trkpt>
			<trkpt lat="45.06652" lon="1.54166">
				<ele>299.47</ele>
				<time>2026-05-28T20:36:34.187Z</time>
			</trkpt>
			<trkpt lat="45.06663" lon="1.54135">
				<ele>299.69</ele>
				<time>2026-05-28T20:36:37.540Z</time>
			</trkpt>
			<trkpt lat="45.06672" lon="1.54121">
				<ele>300.27</ele>
				<time>2026-05-28T20:36:39.368Z</time>
			</trkpt>
			<trkpt lat="45.06715" lon="1.54076">
				<ele>300.06</ele>
				<time>2026-05-28T20:36:46.671Z</time>
			</trkpt>
			<trkpt lat="45.06781" lon="1.53959">
				<ele>295.34</ele>
				<time>2026-05-28T20:37:01.070Z</time>
			</trkpt>
			<trkpt lat="45.06792" lon="1.53945">
				<ele>294.48</ele>
				<time>2026-05-28T20:37:03.078Z</time>
			</trkpt>
			<trkpt lat="45.0681" lon="1.53931">
				<ele>294.64</ele>
				<time>2026-05-28T20:37:05.864Z</time>
			</trkpt>
			<trkpt lat="45.0694" lon="1.53888">
				<ele>299.16</ele>
				<time>2026-05-28T20:37:23.902Z</time>
			</trkpt>
			<trkpt lat="45.06987" lon="1.5386">
				<ele>299</ele>
				<time>2026-05-28T20:37:30.754Z</time>
			</trkpt>
			<trkpt lat="45.06998" lon="1.5385">
				<ele>299</ele>
				<time>2026-05-28T20:37:32.507Z</time>
			</trkpt>
			<trkpt lat="45.07013" lon="1.53825">
				<ele>299</ele>
				<time>2026-05-28T20:37:35.611Z</time>
			</trkpt>
			<trkpt lat="45.07049" lon="1.53763">
				<ele>297.61</ele>
				<time>2026-05-28T20:37:43.184Z</time>
			</trkpt>
			<trkpt lat="45.07082" lon="1.53686">
				<ele>299.6</ele>
				<time>2026-05-28T20:37:51.645Z</time>
			</trkpt>
			<trkpt lat="45.0709" lon="1.53672">
				<ele>299.49</ele>
				<time>2026-05-28T20:37:53.331Z</time>
			</trkpt>
			<trkpt lat="45.07159" lon="1.53584">
				<ele>302.5</ele>
				<time>2026-05-28T20:38:05.595Z</time>
			</trkpt>
			<trkpt lat="45.07178" lon="1.53567">
				<ele>301.83</ele>
				<time>2026-05-28T20:38:08.549Z</time>
			</trkpt>
			<trkpt lat="45.072" lon="1.53552">
				<ele>300.29</ele>
				<time>2026-05-28T20:38:11.752Z</time>
			</trkpt>
			<trkpt lat="45.07227" lon="1.53529">
				<ele>297.1</ele>
				<time>2026-05-28T20:38:15.874Z</time>
			</trkpt>
			<trkpt lat="45.07255" lon="1.53483">
				<ele>296.65</ele>
				<time>2026-05-28T20:38:21.465Z</time>
			</trkpt>
			<trkpt lat="45.07261" lon="1.53477">
				<ele>296.88</ele>
				<time>2026-05-28T20:38:22.421Z</time>
			</trkpt>
			<trkpt lat="45.07275" lon="1.53473">
				<ele>297.79</ele>
				<time>2026-05-28T20:38:24.276Z</time>
			</trkpt>
			<trkpt lat="45.07293" lon="1.53474">
				<ele>297.36</ele>
				<time>2026-05-28T20:38:26.613Z</time>
			</trkpt>
			<trkpt lat="45.07323" lon="1.53467">
				<ele>296.07</ele>
				<time>2026-05-28T20:38:30.547Z</time>
			</trkpt>
			<trkpt lat="45.07394" lon="1.53438">
				<ele>294.91</ele>
				<time>2026-05-28T20:38:40.057Z</time>
			</trkpt>
			<trkpt lat="45.07471" lon="1.5341">
				<ele>293.52</ele>
				<time>2026-05-28T20:38:50.203Z</time>
			</trkpt>
			<trkpt lat="45.07495" lon="1.53396">
				<ele>293.14</ele>
				<time>2026-05-28T20:38:53.495Z</time>
			</trkpt>
			<trkpt lat="45.07531" lon="1.53356">
				<ele>290.67</ele>
				<time>2026-05-28T20:38:59.274Z</time>
			</trkpt>
			<trkpt lat="45.0754" lon="1.53335">
				<ele>289.6</ele>
				<time>2026-05-28T20:39:01.457Z</time>
			</trkpt>
			<trkpt lat="45.07555" lon="1.53274">
				<ele>286.87</ele>
				<time>2026-05-28T20:39:07.173Z</time>
			</trkpt>
			<trkpt lat="45.07566" lon="1.53253">
				<ele>287.28</ele>
				<time>2026-05-28T20:39:09.477Z</time>
			</trkpt>
			<trkpt lat="45.07584" lon="1.53229">
				<ele>288.29</ele>
				<time>2026-05-28T20:39:12.553Z</time>
			</trkpt>
			<trkpt lat="45.07626" lon="1.53178">
				<ele>290.14</ele>
				<time>2026-05-28T20:39:19.401Z</time>
			</trkpt>
			<trkpt lat="45.07692" lon="1.53116">
				<ele>292.96</ele>
				<time>2026-05-28T20:39:29.110Z</time>
			</trkpt>
			<trkpt lat="45.07769" lon="1.5303">
				<ele>286.64</ele>
				<time>2026-05-28T20:39:40.975Z</time>
			</trkpt>
			<trkpt lat="45.07783" lon="1.53017">
				<ele>287.16</ele>
				<time>2026-05-28T20:39:42.982Z</time>
			</trkpt>
			<trkpt lat="45.07796" lon="1.53012">
				<ele>287.18</ele>
				<time>2026-05-28T20:39:44.594Z</time>
			</trkpt>
			<trkpt lat="45.07814" lon="1.53011">
				<ele>286.39</ele>
				<time>2026-05-28T20:39:46.743Z</time>
			</trkpt>
			<trkpt lat="45.07929" lon="1.53022">
				<ele>285.75</ele>
				<time>2026-05-28T20:40:00.342Z</time>
			</trkpt>
			<trkpt lat="45.07947" lon="1.53019">
				<ele>286.08</ele>
				<time>2026-05-28T20:40:02.456Z</time>
			</trkpt>
			<trkpt lat="45.07959" lon="1.53008">
				<ele>285.6</ele>
				<time>2026-05-28T20:40:04.118Z</time>
			</trkpt>
			<trkpt lat="45.0797" lon="1.52994">
				<ele>285.37</ele>
				<time>2026-05-28T20:40:05.833Z</time>
			</trkpt>
			<trkpt lat="45.07986" lon="1.52966">
				<ele>283.39</ele>
				<time>2026-05-28T20:40:08.772Z</time>
			</trkpt>
			<trkpt lat="45.08003" lon="1.52938">
				<ele>282.24</ele>
				<time>2026-05-28T20:40:11.770Z</time>
			</trkpt>
			<trkpt lat="45.08039" lon="1.52866">
				<ele>278.83</ele>
				<time>2026-05-28T20:40:18.873Z</time>
			</trkpt>
			<trkpt lat="45.08096" lon="1.52805">
				<ele>268.77</ele>
				<time>2026-05-28T20:40:26.913Z</time>
			</trkpt>
			<trkpt lat="45.08146" lon="1.52735">
				<ele>263.98</ele>
				<time>2026-05-28T20:40:34.708Z</time>
			</trkpt>
			<trkpt lat="45.08155" lon="1.52718">
				<ele>262.14</ele>
				<time>2026-05-28T20:40:36.357Z</time>
			</trkpt>
			<trkpt lat="45.0817" lon="1.52661">
				<ele>260.73</ele>
				<time>2026-05-28T20:40:41.046Z</time>
			</trkpt>
			<trkpt lat="45.08176" lon="1.5265">
				<ele>259.29</ele>
				<time>2026-05-28T20:40:42.111Z</time>
			</trkpt>
			<trkpt lat="45.08216" lon="1.52591">
				<ele>251.67</ele>
				<time>2026-05-28T20:40:48.331Z</time>
			</trkpt>
			<trkpt lat="45.08239" lon="1.52569">
				<ele>249.11</ele>
				<time>2026-05-28T20:40:51.290Z</time>
			</trkpt>
			<trkpt lat="45.08322" lon="1.52512">
				<ele>249.27</ele>
				<time>2026-05-28T20:41:00.983Z</time>
			</trkpt>
			<trkpt lat="45.08329" lon="1.52505">
				<ele>249.13</ele>
				<time>2026-05-28T20:41:01.872Z</time>
			</trkpt>
			<trkpt lat="45.08347" lon="1.52472">
				<ele>247.52</ele>
				<time>2026-05-28T20:41:04.913Z</time>
			</trkpt>
			<trkpt lat="45.08386" lon="1.52377">
				<ele>239.33</ele>
				<time>2026-05-28T20:41:12.813Z</time>
			</trkpt>
			<trkpt lat="45.08437" lon="1.52297">
				<ele>233.44</ele>
				<time>2026-05-28T20:41:20.400Z</time>
			</trkpt>
			<trkpt lat="45.08453" lon="1.52268">
				<ele>233.95</ele>
				<time>2026-05-28T20:41:22.954Z</time>
			</trkpt>
			<trkpt lat="45.0846" lon="1.52251">
				<ele>234.68</ele>
				<time>2026-05-28T20:41:24.311Z</time>
			</trkpt>
			<trkpt lat="45.08465" lon="1.5223">
				<ele>233.82</ele>
				<time>2026-05-28T20:41:25.833Z</time>
			</trkpt>
			<trkpt lat="45.08485" lon="1.52106">
				<ele>223.41</ele>
				<time>2026-05-28T20:41:34.430Z</time>
			</trkpt>
			<trkpt lat="45.08492" lon="1.5208">
				<ele>222.1</ele>
				<time>2026-05-28T20:41:36.279Z</time>
			</trkpt>
			<trkpt lat="45.08517" lon="1.52024">
				<ele>219.69</ele>
				<time>2026-05-28T20:41:40.634Z</time>
			</trkpt>
			<trkpt lat="45.08555" lon="1.51959">
				<ele>209.13</ele>
				<time>2026-05-28T20:41:46.085Z</time>
			</trkpt>
			<trkpt lat="45.08562" lon="1.51944">
				<ele>207.55</ele>
				<time>2026-05-28T20:41:47.232Z</time>
			</trkpt>
			<trkpt lat="45.08573" lon="1.51906">
				<ele>207.21</ele>
				<time>2026-05-28T20:41:49.833Z</time>
			</trkpt>
			<trkpt lat="45.08584" lon="1.51876">
				<ele>207.81</ele>
				<time>2026-05-28T20:41:51.954Z</time>
			</trkpt>
			<trkpt lat="45.0859" lon="1.51867">
				<ele>208.05</ele>
				<time>2026-05-28T20:41:52.726Z</time>
			</trkpt>
			<trkpt lat="45.08601" lon="1.51857">
				<ele>207.85</ele>
				<time>2026-05-28T20:41:53.876Z</time>
			</trkpt>
			<trkpt lat="45.08627" lon="1.51841">
				<ele>208.69</ele>
				<time>2026-05-28T20:41:56.352Z</time>
			</trkpt>
			<trkpt lat="45.08645" lon="1.51868">
				<ele>207.45</ele>
				<time>2026-05-28T20:41:58.619Z</time>
			</trkpt>
			<trkpt lat="45.08655" lon="1.51877">
				<ele>206.81</ele>
				<time>2026-05-28T20:41:59.636Z</time>
			</trkpt>
			<trkpt lat="45.08682" lon="1.51893">
				<ele>205.1</ele>
				<time>2026-05-28T20:42:02.128Z</time>
			</trkpt>
			<trkpt lat="45.08806" lon="1.51941">
				<ele>202.3</ele>
				<time>2026-05-28T20:42:12.737Z</time>
			</trkpt>
			<trkpt lat="45.08845" lon="1.51952">
				<ele>203.08</ele>
				<time>2026-05-28T20:42:15.905Z</time>
			</trkpt>
			<trkpt lat="45.0889" lon="1.51959">
				<ele>200.68</ele>
				<time>2026-05-28T20:42:19.445Z</time>
			</trkpt>
			<trkpt lat="45.09098" lon="1.51975">
				<ele>194</ele>
				<time>2026-05-28T20:42:32.680Z</time>
			</trkpt>
			<trkpt lat="45.09126" lon="1.51981">
				<ele>193.62</ele>
				<time>2026-05-28T20:42:34.194Z</time>
			</trkpt>
			<trkpt lat="45.09186" lon="1.52006">
				<ele>195.94</ele>
				<time>2026-05-28T20:42:37.488Z</time>
			</trkpt>
			<trkpt lat="45.09222" lon="1.52014">
				<ele>197.53</ele>
				<time>2026-05-28T20:42:39.427Z</time>
			</trkpt>
			<trkpt lat="45.09224" lon="1.51991">
				<ele>197.38</ele>
				<time>2026-05-28T20:42:40.313Z</time>
			</trkpt>
			<trkpt lat="45.09228" lon="1.51932">
				<ele>198.86</ele>
				<time>2026-05-28T20:42:42.653Z</time>
			</trkpt>
			<trkpt lat="45.09229" lon="1.51908">
				<ele>199.61</ele>
				<time>2026-05-28T20:42:43.640Z</time>
			</trkpt>
			<trkpt lat="45.09233" lon="1.51889">
				<ele>200.19</ele>
				<time>2026-05-28T20:42:44.473Z</time>
			</trkpt>
			<trkpt lat="45.0924" lon="1.51873">
				<ele>201.36</ele>
				<time>2026-05-28T20:42:45.283Z</time>
			</trkpt>
			<trkpt lat="45.0925" lon="1.51864">
				<ele>202.89</ele>
				<time>2026-05-28T20:42:46.022Z</time>
			</trkpt>
			<trkpt lat="45.0927" lon="1.51848">
				<ele>203.75</ele>
				<time>2026-05-28T20:42:47.503Z</time>
			</trkpt>
			<trkpt lat="45.09283" lon="1.51831">
				<ele>204.01</ele>
				<time>2026-05-28T20:42:48.692Z</time>
			</trkpt>
			<trkpt lat="45.09293" lon="1.51805">
				<ele>204.55</ele>
				<time>2026-05-28T20:42:50.156Z</time>
			</trkpt>
			<trkpt lat="45.09298" lon="1.51793">
				<ele>204.62</ele>
				<time>2026-05-28T20:42:50.870Z</time>
			</trkpt>
			<trkpt lat="45.09306" lon="1.51784">
				<ele>205.09</ele>
				<time>2026-05-28T20:42:51.627Z</time>
			</trkpt>
			<trkpt lat="45.09325" lon="1.51774">
				<ele>207.21</ele>
				<time>2026-05-28T20:42:53.186Z</time>
			</trkpt>
			<trkpt lat="45.09355" lon="1.51768">
				<ele>211.05</ele>
				<time>2026-05-28T20:42:55.661Z</time>
			</trkpt>
			<trkpt lat="45.09382" lon="1.51756">
				<ele>214.3</ele>
				<time>2026-05-28T20:42:58.146Z</time>
			</trkpt>
			<trkpt lat="45.09443" lon="1.51718">
				<ele>225.14</ele>
				<time>2026-05-28T20:43:05.434Z</time>
			</trkpt>
			<trkpt lat="45.09471" lon="1.51697">
				<ele>227.73</ele>
				<time>2026-05-28T20:43:09.837Z</time>
			</trkpt>
			<trkpt lat="45.09483" lon="1.51683">
				<ele>228.53</ele>
				<time>2026-05-28T20:43:12.173Z</time>
			</trkpt>
			<trkpt lat="45.09515" lon="1.51632">
				<ele>229.99</ele>
				<time>2026-05-28T20:43:19.980Z</time>
			</trkpt>
			<trkpt lat="45.09522" lon="1.51614">
				<ele>229.57</ele>
				<time>2026-05-28T20:43:22.457Z</time>
			</trkpt>
			<trkpt lat="45.0952" lon="1.51594">
				<ele>230.93</ele>
				<time>2026-05-28T20:43:24.931Z</time>
			</trkpt>
			<trkpt lat="45.09503" lon="1.51543">
				<ele>237.48</ele>
				<time>2026-05-28T20:43:31.954Z</time>
			</trkpt>
			<trkpt lat="45.095" lon="1.51531">
				<ele>239.46</ele>
				<time>2026-05-28T20:43:33.546Z</time>
			</trkpt>
			<trkpt lat="45.095" lon="1.51522">
				<ele>241.4</ele>
				<time>2026-05-28T20:43:34.671Z</time>
			</trkpt>
			<trkpt lat="45.09501" lon="1.51514">
				<ele>243.22</ele>
				<time>2026-05-28T20:43:35.684Z</time>
			</trkpt>
			<trkpt lat="45.09506" lon="1.51504">
				<ele>245.7</ele>
				<time>2026-05-28T20:43:37.207Z</time>
			</trkpt>
			<trkpt lat="45.09529" lon="1.5147">
				<ele>251.88</ele>
				<time>2026-05-28T20:43:42.968Z</time>
			</trkpt>
			<trkpt lat="45.09542" lon="1.51449">
				<ele>252.76</ele>
				<time>2026-05-28T20:43:46.276Z</time>
			</trkpt>
			<trkpt lat="45.0955" lon="1.51433">
				<ele>253.99</ele>
				<time>2026-05-28T20:43:48.533Z</time>
			</trkpt>
			<trkpt lat="45.09555" lon="1.51419">
				<ele>255.5</ele>
				<time>2026-05-28T20:43:50.293Z</time>
			</trkpt>
			<trkpt lat="45.09564" lon="1.51388">
				<ele>259.02</ele>
				<time>2026-05-28T20:43:53.890Z</time>
			</trkpt>
			<trkpt lat="45.09572" lon="1.51329">
				<ele>262.14</ele>
				<time>2026-05-28T20:43:59.740Z</time>
			</trkpt>
			<trkpt lat="45.09582" lon="1.51281">
				<ele>265.72</ele>
				<time>2026-05-28T20:44:04.405Z</time>
			</trkpt>
			<trkpt lat="45.09585" lon="1.5127">
				<ele>266.36</ele>
				<time>2026-05-28T20:44:05.492Z</time>
			</trkpt>
			<trkpt lat="45.09693" lon="1.51089">
				<ele>277.71</ele>
				<time>2026-05-28T20:44:26.427Z</time>
			</trkpt>
			<trkpt lat="45.09708" lon="1.51073">
				<ele>277.79</ele>
				<time>2026-05-28T20:44:28.679Z</time>
			</trkpt>
			<trkpt lat="45.09743" lon="1.51042">
				<ele>275.9</ele>
				<time>2026-05-28T20:44:33.567Z</time>
			</trkpt>
			<trkpt lat="45.09771" lon="1.51013">
				<ele>275.64</ele>
				<time>2026-05-28T20:44:37.613Z</time>
			</trkpt>
			<trkpt lat="45.09808" lon="1.50964">
				<ele>272.41</ele>
				<time>2026-05-28T20:44:43.429Z</time>
			</trkpt>
			<trkpt lat="45.09827" lon="1.50944">
				<ele>270.98</ele>
				<time>2026-05-28T20:44:46.111Z</time>
			</trkpt>
			<trkpt lat="45.09849" lon="1.50925">
				<ele>270.9</ele>
				<time>2026-05-28T20:44:49.008Z</time>
			</trkpt>
			<trkpt lat="45.09923" lon="1.50873">
				<ele>271.45</ele>
				<time>2026-05-28T20:44:58.146Z</time>
			</trkpt>
			<trkpt lat="45.09931" lon="1.50872">
				<ele>271.42</ele>
				<time>2026-05-28T20:44:59.024Z</time>
			</trkpt>
			<trkpt lat="45.09953" lon="1.50744">
				<ele>269.06</ele>
				<time>2026-05-28T20:45:09.072Z</time>
			</trkpt>
			<trkpt lat="45.09958" lon="1.50661">
				<ele>268.39</ele>
				<time>2026-05-28T20:45:15.338Z</time>
			</trkpt>
			<trkpt lat="45.09959" lon="1.50621">
				<ele>268.34</ele>
				<time>2026-05-28T20:45:18.331Z</time>
			</trkpt>
			<trkpt lat="45.09957" lon="1.50575">
				<ele>270.13</ele>
				<time>2026-05-28T20:45:21.767Z</time>
			</trkpt>
			<trkpt lat="45.09954" lon="1.50551">
				<ele>270.47</ele>
				<time>2026-05-28T20:45:23.580Z</time>
			</trkpt>
			<trkpt lat="45.09951" lon="1.50534">
				<ele>270.81</ele>
				<time>2026-05-28T20:45:24.882Z</time>
			</trkpt>
			<trkpt lat="45.09946" lon="1.50522">
				<ele>271.35</ele>
				<time>2026-05-28T20:45:25.917Z</time>
			</trkpt>
			<trkpt lat="45.09937" lon="1.50507">
				<ele>272.44</ele>
				<time>2026-05-28T20:45:27.379Z</time>
			</trkpt>
			<trkpt lat="45.09911" lon="1.50472">
				<ele>275.19</ele>
				<time>2026-05-28T20:45:31.143Z</time>
			</trkpt>
			<trkpt lat="45.099" lon="1.50462">
				<ele>275.89</ele>
				<time>2026-05-28T20:45:32.498Z</time>
			</trkpt>
			<trkpt lat="45.09871" lon="1.50444">
				<ele>276.12</ele>
				<time>2026-05-28T20:45:35.725Z</time>
			</trkpt>
			<trkpt lat="45.09858" lon="1.50433">
				<ele>277.21</ele>
				<time>2026-05-28T20:45:37.242Z</time>
			</trkpt>
			<trkpt lat="45.09819" lon="1.50392">
				<ele>280.92</ele>
				<time>2026-05-28T20:45:41.997Z</time>
			</trkpt>
			<trkpt lat="45.09815" lon="1.50384">
				<ele>281.03</ele>
				<time>2026-05-28T20:45:42.662Z</time>
			</trkpt>
			<trkpt lat="45.09811" lon="1.50363">
				<ele>281.93</ele>
				<time>2026-05-28T20:45:44.126Z</time>
			</trkpt>
			<trkpt lat="45.09812" lon="1.50308">
				<ele>280.64</ele>
				<time>2026-05-28T20:45:47.767Z</time>
			</trkpt>
			<trkpt lat="45.0982" lon="1.50249">
				<ele>278.68</ele>
				<time>2026-05-28T20:45:51.648Z</time>
			</trkpt>
			<trkpt lat="45.09819" lon="1.50237">
				<ele>279.09</ele>
				<time>2026-05-28T20:45:52.418Z</time>
			</trkpt>
			<trkpt lat="45.09807" lon="1.50188">
				<ele>278.32</ele>
				<time>2026-05-28T20:45:55.684Z</time>
			</trkpt>
			<trkpt lat="45.09804" lon="1.50097">
				<ele>277.93</ele>
				<time>2026-05-28T20:46:01.290Z</time>
			</trkpt>
			<trkpt lat="45.098" lon="1.50041">
				<ele>280.01</ele>
				<time>2026-05-28T20:46:04.686Z</time>
			</trkpt>
			<trkpt lat="45.09786" lon="1.49939">
				<ele>280.97</ele>
				<time>2026-05-28T20:46:10.857Z</time>
			</trkpt>
			<trkpt lat="45.09786" lon="1.49923">
				<ele>280.99</ele>
				<time>2026-05-28T20:46:11.798Z</time>
			</trkpt>
			<trkpt lat="45.09789" lon="1.49915">
				<ele>281.29</ele>
				<time>2026-05-28T20:46:12.331Z</time>
			</trkpt>
			<trkpt lat="45.09794" lon="1.49907">
				<ele>281.78</ele>
				<time>2026-05-28T20:46:12.958Z</time>
			</trkpt>
			<trkpt lat="45.09808" lon="1.49895">
				<ele>283.12</ele>
				<time>2026-05-28T20:46:14.318Z</time>
			</trkpt>
			<trkpt lat="45.09985" lon="1.49785">
				<ele>279</ele>
				<time>2026-05-28T20:46:30.404Z</time>
			</trkpt>
			<trkpt lat="45.10007" lon="1.49761">
				<ele>276.53</ele>
				<time>2026-05-28T20:46:32.757Z</time>
			</trkpt>
			<trkpt lat="45.10039" lon="1.49716">
				<ele>272</ele>
				<time>2026-05-28T20:46:36.621Z</time>
			</trkpt>
			<trkpt lat="45.10226" lon="1.49434">
				<ele>250.94</ele>
				<time>2026-05-28T20:47:01.990Z</time>
			</trkpt>
			<trkpt lat="45.10229" lon="1.49426">
				<ele>250.4</ele>
				<time>2026-05-28T20:47:02.639Z</time>
			</trkpt>
			<trkpt lat="45.10261" lon="1.49393">
				<ele>251.46</ele>
				<time>2026-05-28T20:47:06.728Z</time>
			</trkpt>
			<trkpt lat="45.10274" lon="1.49387">
				<ele>252.83</ele>
				<time>2026-05-28T20:47:08.170Z</time>
			</trkpt>
			<trkpt lat="45.10504" lon="1.49319">
				<ele>250.69</ele>
				<time>2026-05-28T20:47:35.759Z</time>
			</trkpt>
			<trkpt lat="45.1052" lon="1.49312">
				<ele>251</ele>
				<time>2026-05-28T20:47:38.000Z</time>
			</trkpt>
			<trkpt lat="45.10538" lon="1.49298">
				<ele>250.59</ele>
				<time>2026-05-28T20:47:40.997Z</time>
			</trkpt>
			<trkpt lat="45.10618" lon="1.4921">
				<ele>241.31</ele>
				<time>2026-05-28T20:47:59.092Z</time>
			</trkpt>
			<trkpt lat="45.10632" lon="1.492">
				<ele>239.72</ele>
				<time>2026-05-28T20:48:02.262Z</time>
			</trkpt>
			<trkpt lat="45.10644" lon="1.49195">
				<ele>238.36</ele>
				<time>2026-05-28T20:48:04.840Z</time>
			</trkpt>
			<trkpt lat="45.10665" lon="1.49189">
				<ele>236.17</ele>
				<time>2026-05-28T20:48:09.338Z</time>
			</trkpt>
			<trkpt lat="45.10718" lon="1.49181">
				<ele>235.19</ele>
				<time>2026-05-28T20:48:20.815Z</time>
			</trkpt>
			<trkpt lat="45.10722" lon="1.49177">
				<ele>234.92</ele>
				<time>2026-05-28T20:48:21.879Z</time>
			</trkpt>
			<trkpt lat="45.10737" lon="1.49193">
				<ele>232.83</ele>
				<time>2026-05-28T20:48:25.955Z</time>
			</trkpt>
			<trkpt lat="45.10748" lon="1.49201">
				<ele>230.94</ele>
				<time>2026-05-28T20:48:28.631Z</time>
			</trkpt>
			<trkpt lat="45.10759" lon="1.49204">
				<ele>229.61</ele>
				<time>2026-05-28T20:48:31.044Z</time>
			</trkpt>
			<trkpt lat="45.1077" lon="1.49201">
				<ele>228.67</ele>
				<time>2026-05-28T20:48:33.442Z</time>
			</trkpt>
			<trkpt lat="45.10792" lon="1.49193">
				<ele>229.12</ele>
				<time>2026-05-28T20:48:38.240Z</time>
			</trkpt>
			<trkpt lat="45.10805" lon="1.49193">
				<ele>229.13</ele>
				<time>2026-05-28T20:48:40.938Z</time>
			</trkpt>
			<trkpt lat="45.10831" lon="1.49201">
				<ele>227.57</ele>
				<time>2026-05-28T20:48:46.317Z</time>
			</trkpt>
			<trkpt lat="45.10892" lon="1.49223">
				<ele>222.22</ele>
				<time>2026-05-28T20:48:57.998Z</time>
			</trkpt>
			<trkpt lat="45.10902" lon="1.49222">
				<ele>220.93</ele>
				<time>2026-05-28T20:48:59.688Z</time>
			</trkpt>
			<trkpt lat="45.10912" lon="1.49216">
				<ele>220.69</ele>
				<time>2026-05-28T20:49:01.455Z</time>
			</trkpt>
			<trkpt lat="45.10924" lon="1.49201">
				<ele>221.69</ele>
				<time>2026-05-28T20:49:03.934Z</time>
			</trkpt>
			<trkpt lat="45.10933" lon="1.49195">
				<ele>221.38</ele>
				<time>2026-05-28T20:49:05.395Z</time>
			</trkpt>
			<trkpt lat="45.10941" lon="1.49193">
				<ele>220.55</ele>
				<time>2026-05-28T20:49:06.540Z</time>
			</trkpt>
			<trkpt lat="45.10949" lon="1.49195">
				<ele>219.89</ele>
				<time>2026-05-28T20:49:07.640Z</time>
			</trkpt>
			<trkpt lat="45.10961" lon="1.49204">
				<ele>218.15</ele>
				<time>2026-05-28T20:49:09.374Z</time>
			</trkpt>
			<trkpt lat="45.1099" lon="1.49246">
				<ele>211.86</ele>
				<time>2026-05-28T20:49:13.796Z</time>
			</trkpt>
			<trkpt lat="45.11001" lon="1.4926">
				<ele>210.88</ele>
				<time>2026-05-28T20:49:15.143Z</time>
			</trkpt>
			<trkpt lat="45.11016" lon="1.49274">
				<ele>209.38</ele>
				<time>2026-05-28T20:49:16.741Z</time>
			</trkpt>
			<trkpt lat="45.11085" lon="1.4931">
				<ele>207.44</ele>
				<time>2026-05-28T20:49:22.866Z</time>
			</trkpt>
			<trkpt lat="45.11101" lon="1.49321">
				<ele>206.69</ele>
				<time>2026-05-28T20:49:24.252Z</time>
			</trkpt>
			<trkpt lat="45.11112" lon="1.49339">
				<ele>205.35</ele>
				<time>2026-05-28T20:49:25.531Z</time>
			</trkpt>
			<trkpt lat="45.11135" lon="1.49402">
				<ele>200.49</ele>
				<time>2026-05-28T20:49:29.165Z</time>
			</trkpt>
			<trkpt lat="45.11146" lon="1.49414">
				<ele>199.34</ele>
				<time>2026-05-28T20:49:30.129Z</time>
			</trkpt>
			<trkpt lat="45.11153" lon="1.49415">
				<ele>199.17</ele>
				<time>2026-05-28T20:49:30.610Z</time>
			</trkpt>
			<trkpt lat="45.11226" lon="1.49404">
				<ele>192.64</ele>
				<time>2026-05-28T20:49:35.374Z</time>
			</trkpt>
			<trkpt lat="45.11237" lon="1.494">
				<ele>190.84</ele>
				<time>2026-05-28T20:49:36.071Z</time>
			</trkpt>
			<trkpt lat="45.11245" lon="1.49391">
				<ele>191.2</ele>
				<time>2026-05-28T20:49:36.690Z</time>
			</trkpt>
			<trkpt lat="45.11293" lon="1.49324">
				<ele>183.6</ele>
				<time>2026-05-28T20:49:40.586Z</time>
			</trkpt>
			<trkpt lat="45.11297" lon="1.49317">
				<ele>182.05</ele>
				<time>2026-05-28T20:49:40.938Z</time>
			</trkpt>
			<trkpt lat="45.11297" lon="1.49308">
				<ele>181.92</ele>
				<time>2026-05-28T20:49:41.288Z</time>
			</trkpt>
			<trkpt lat="45.11273" lon="1.49231">
				<ele>181.37</ele>
				<time>2026-05-28T20:49:44.449Z</time>
			</trkpt>
			<trkpt lat="45.1127" lon="1.4922">
				<ele>180.94</ele>
				<time>2026-05-28T20:49:44.877Z</time>
			</trkpt>
			<trkpt lat="45.11271" lon="1.49211">
				<ele>180.49</ele>
				<time>2026-05-28T20:49:45.206Z</time>
			</trkpt>
			<trkpt lat="45.11273" lon="1.49204">
				<ele>179.63</ele>
				<time>2026-05-28T20:49:45.478Z</time>
			</trkpt>
			<trkpt lat="45.1128" lon="1.49195">
				<ele>177.61</ele>
				<time>2026-05-28T20:49:45.956Z</time>
			</trkpt>
			<trkpt lat="45.1129" lon="1.49189">
				<ele>176.72</ele>
				<time>2026-05-28T20:49:46.500Z</time>
			</trkpt>
			<trkpt lat="45.11306" lon="1.49192">
				<ele>174.33</ele>
				<time>2026-05-28T20:49:47.301Z</time>
			</trkpt>
			<trkpt lat="45.11331" lon="1.49214">
				<ele>173.71</ele>
				<time>2026-05-28T20:49:48.738Z</time>
			</trkpt>
			<trkpt lat="45.11403" lon="1.4929">
				<ele>159.99</ele>
				<time>2026-05-28T20:49:52.976Z</time>
			</trkpt>
			<trkpt lat="45.11422" lon="1.49305">
				<ele>154.77</ele>
				<time>2026-05-28T20:49:53.981Z</time>
			</trkpt>
			<trkpt lat="45.11462" lon="1.49322">
				<ele>150.34</ele>
				<time>2026-05-28T20:49:55.900Z</time>
			</trkpt>
			<trkpt lat="45.11517" lon="1.49333">
				<ele>148.32</ele>
				<time>2026-05-28T20:49:58.451Z</time>
			</trkpt>
			<trkpt lat="45.11523" lon="1.49329">
				<ele>148.69</ele>
				<time>2026-05-28T20:49:58.757Z</time>
			</trkpt>
			<trkpt lat="45.11525" lon="1.49334">
				<ele>147.96</ele>
				<time>2026-05-28T20:49:58.944Z</time>
			</trkpt>
			<trkpt lat="45.11533" lon="1.49337">
				<ele>147.72</ele>
				<time>2026-05-28T20:49:59.327Z</time>
			</trkpt>
			<trkpt lat="45.11607" lon="1.49352">
				<ele>150.21</ele>
				<time>2026-05-28T20:50:02.840Z</time>
			</trkpt>
			<trkpt lat="45.11631" lon="1.4935">
				<ele>153.91</ele>
				<time>2026-05-28T20:50:03.998Z</time>
			</trkpt>
			<trkpt lat="45.11643" lon="1.49347">
				<ele>154.92</ele>
				<time>2026-05-28T20:50:04.592Z</time>
			</trkpt>
			<trkpt lat="45.11691" lon="1.49323">
				<ele>155.95</ele>
				<time>2026-05-28T20:50:07.133Z</time>
			</trkpt>
			<trkpt lat="45.11776" lon="1.49267">
				<ele>158.41</ele>
				<time>2026-05-28T20:50:12.132Z</time>
			</trkpt>
			<trkpt lat="45.11795" lon="1.49255">
				<ele>155.17</ele>
				<time>2026-05-28T20:50:13.310Z</time>
			</trkpt>
			<trkpt lat="45.11811" lon="1.49249">
				<ele>152.19</ele>
				<time>2026-05-28T20:50:14.265Z</time>
			</trkpt>
			<trkpt lat="45.11836" lon="1.49246">
				<ele>152.06</ele>
				<time>2026-05-28T20:50:15.705Z</time>
			</trkpt>
			<trkpt lat="45.11879" lon="1.49257">
				<ele>152.16</ele>
				<time>2026-05-28T20:50:18.181Z</time>
			</trkpt>
			<trkpt lat="45.11916" lon="1.49264">
				<ele>148.59</ele>
				<time>2026-05-28T20:50:20.263Z</time>
			</trkpt>
			<trkpt lat="45.1193" lon="1.49263">
				<ele>149.73</ele>
				<time>2026-05-28T20:50:21.038Z</time>
			</trkpt>
			<trkpt lat="45.11953" lon="1.49256">
				<ele>152.75</ele>
				<time>2026-05-28T20:50:22.329Z</time>
			</trkpt>
			<trkpt lat="45.11973" lon="1.49238">
				<ele>156.68</ele>
				<time>2026-05-28T20:50:23.618Z</time>
			</trkpt>
			<trkpt lat="45.12011" lon="1.49192">
				<ele>157.19</ele>
				<time>2026-05-28T20:50:26.304Z</time>
			</trkpt>
			<trkpt lat="45.12025" lon="1.49179">
				<ele>157.45</ele>
				<time>2026-05-28T20:50:27.194Z</time>
			</trkpt>
			<trkpt lat="45.1204" lon="1.49167">
				<ele>157.61</ele>
				<time>2026-05-28T20:50:28.104Z</time>
			</trkpt>
			<trkpt lat="45.1217" lon="1.49098">
				<ele>155.47</ele>
				<time>2026-05-28T20:50:35.273Z</time>
			</trkpt>
			<trkpt lat="45.12208" lon="1.49087">
				<ele>149.47</ele>
				<time>2026-05-28T20:50:37.227Z</time>
			</trkpt>
			<trkpt lat="45.12234" lon="1.49083">
				<ele>144.6</ele>
				<time>2026-05-28T20:50:38.535Z</time>
			</trkpt>
			<trkpt lat="45.12265" lon="1.49082">
				<ele>140.66</ele>
				<time>2026-05-28T20:50:40.075Z</time>
			</trkpt>
			<trkpt lat="45.12306" lon="1.49075">
				<ele>139.11</ele>
				<time>2026-05-28T20:50:42.110Z</time>
			</trkpt>
			<trkpt lat="45.12356" lon="1.49063">
				<ele>146.92</ele>
				<time>2026-05-28T20:50:44.587Z</time>
			</trkpt>
			<trkpt lat="45.12427" lon="1.49042">
				<ele>146.12</ele>
				<time>2026-05-28T20:50:48.092Z</time>
			</trkpt>
			<trkpt lat="45.12477" lon="1.49033">
				<ele>146.59</ele>
				<time>2026-05-28T20:50:50.506Z</time>
			</trkpt>
			<trkpt lat="45.12494" lon="1.49032">
				<ele>143.13</ele>
				<time>2026-05-28T20:50:51.318Z</time>
			</trkpt>
			<trkpt lat="45.12536" lon="1.49041">
				<ele>140.31</ele>
				<time>2026-05-28T20:50:53.339Z</time>
			</trkpt>
			<trkpt lat="45.12572" lon="1.49061">
				<ele>140.27</ele>
				<time>2026-05-28T20:50:55.172Z</time>
			</trkpt>
			<trkpt lat="45.12845" lon="1.49224">
				<ele>132.46</ele>
				<time>2026-05-28T20:51:09.180Z</time>
			</trkpt>
			<trkpt lat="45.12881" lon="1.49249">
				<ele>133.24</ele>
				<time>2026-05-28T20:51:11.092Z</time>
			</trkpt>
			<trkpt lat="45.12895" lon="1.49258">
				<ele>133.97</ele>
				<time>2026-05-28T20:51:11.827Z</time>
			</trkpt>
			<trkpt lat="45.12912" lon="1.49263">
				<ele>134.48</ele>
				<time>2026-05-28T20:51:12.659Z</time>
			</trkpt>
			<trkpt lat="45.12981" lon="1.49272">
				<ele>130.57</ele>
				<time>2026-05-28T20:51:16.001Z</time>
			</trkpt>
			<trkpt lat="45.13035" lon="1.49291">
				<ele>133.27</ele>
				<time>2026-05-28T20:51:18.711Z</time>
			</trkpt>
			<trkpt lat="45.13188" lon="1.49348">
				<ele>131.88</ele>
				<time>2026-05-28T20:51:26.593Z</time>
			</trkpt>
			<trkpt lat="45.13208" lon="1.49352">
				<ele>133.31</ele>
				<time>2026-05-28T20:51:27.621Z</time>
			</trkpt>
			<trkpt lat="45.13362" lon="1.49356">
				<ele>134.43</ele>
				<time>2026-05-28T20:51:35.666Z</time>
			</trkpt>
			<trkpt lat="45.13458" lon="1.4935">
				<ele>126.6</ele>
				<time>2026-05-28T20:51:40.893Z</time>
			</trkpt>
			<trkpt lat="45.13853" lon="1.49355">
				<ele>116.65</ele>
				<time>2026-05-28T20:52:04.584Z</time>
			</trkpt>
			<trkpt lat="45.13882" lon="1.4935">
				<ele>118.81</ele>
				<time>2026-05-28T20:52:06.504Z</time>
			</trkpt>
			<trkpt lat="45.13894" lon="1.49342">
				<ele>119.61</ele>
				<time>2026-05-28T20:52:07.384Z</time>
			</trkpt>
			<trkpt lat="45.13904" lon="1.49331">
				<ele>120.77</ele>
				<time>2026-05-28T20:52:08.229Z</time>
			</trkpt>
			<trkpt lat="45.13959" lon="1.49236">
				<ele>123.05</ele>
				<time>2026-05-28T20:52:14.156Z</time>
			</trkpt>
			<trkpt lat="45.13979" lon="1.49208">
				<ele>122.13</ele>
				<time>2026-05-28T20:52:16.131Z</time>
			</trkpt>
			<trkpt lat="45.1403" lon="1.49149">
				<ele>119.72</ele>
				<time>2026-05-28T20:52:20.864Z</time>
			</trkpt>
			<trkpt lat="45.14053" lon="1.49128">
				<ele>121.56</ele>
				<time>2026-05-28T20:52:22.876Z</time>
			</trkpt>
			<trkpt lat="45.14068" lon="1.49119">
				<ele>123.37</ele>
				<time>2026-05-28T20:52:24.087Z</time>
			</trkpt>
			<trkpt lat="45.14084" lon="1.49112">
				<ele>125.02</ele>
				<time>2026-05-28T20:52:25.343Z</time>
			</trkpt>
			<trkpt lat="45.14142" lon="1.49103">
				<ele>122.17</ele>
				<time>2026-05-28T20:52:29.801Z</time>
			</trkpt>
			<trkpt lat="45.1416" lon="1.491">
				<ele>122.18</ele>
				<time>2026-05-28T20:52:31.212Z</time>
			</trkpt>
			<trkpt lat="45.14171" lon="1.49094">
				<ele>121.95</ele>
				<time>2026-05-28T20:52:32.137Z</time>
			</trkpt>
			<trkpt lat="45.14181" lon="1.49095">
				<ele>122.41</ele>
				<time>2026-05-28T20:52:32.928Z</time>
			</trkpt>
			<trkpt lat="45.14202" lon="1.49099">
				<ele>123.3</ele>
				<time>2026-05-28T20:52:34.613Z</time>
			</trkpt>
			<trkpt lat="45.14226" lon="1.49112">
				<ele>124.41</ele>
				<time>2026-05-28T20:52:36.681Z</time>
			</trkpt>
			<trkpt lat="45.14243" lon="1.49117">
				<ele>125.65</ele>
				<time>2026-05-28T20:52:38.093Z</time>
			</trkpt>
			<trkpt lat="45.14261" lon="1.49133">
				<ele>125.92</ele>
				<time>2026-05-28T20:52:39.839Z</time>
			</trkpt>
			<trkpt lat="45.14267" lon="1.49139">
				<ele>126.03</ele>
				<time>2026-05-28T20:52:40.447Z</time>
			</trkpt>
			<trkpt lat="45.1427" lon="1.4914">
				<ele>126.04</ele>
				<time>2026-05-28T20:52:40.702Z</time>
			</trkpt>
			<trkpt lat="45.14277" lon="1.49135">
				<ele>125.89</ele>
				<time>2026-05-28T20:52:41.355Z</time>
			</trkpt>
			<trkpt lat="45.14279" lon="1.49125">
				<ele>125.48</ele>
				<time>2026-05-28T20:52:41.967Z</time>
			</trkpt>
			<trkpt lat="45.14287" lon="1.49116">
				<ele>125.13</ele>
				<time>2026-05-28T20:52:42.824Z</time>
			</trkpt>
			<trkpt lat="45.14317" lon="1.49107">
				<ele>124.92</ele>
				<time>2026-05-28T20:52:45.425Z</time>
			</trkpt>
			<trkpt lat="45.14323" lon="1.49104">
				<ele>124.9</ele>
				<time>2026-05-28T20:52:45.969Z</time>
			</trkpt>
			<trkpt lat="45.1459" lon="1.49031">
				<ele>122.6</ele>
				<time>2026-05-28T20:53:16.067Z</time>
			</trkpt>
			<trkpt lat="45.14782" lon="1.48978">
				<ele>119.36</ele>
				<time>2026-05-28T20:53:42.691Z</time>
			</trkpt>
			<trkpt lat="45.14806" lon="1.48976">
				<ele>117</ele>
				<time>2026-05-28T20:53:45.971Z</time>
			</trkpt>
			<trkpt lat="45.14816" lon="1.48977">
				<ele>117</ele>
				<time>2026-05-28T20:53:47.335Z</time>
			</trkpt>
			<trkpt lat="45.14822" lon="1.48985">
				<ele>117</ele>
				<time>2026-05-28T20:53:48.454Z</time>
			</trkpt>
			<trkpt lat="45.14827" lon="1.48988">
				<ele>117</ele>
				<time>2026-05-28T20:53:49.191Z</time>
			</trkpt>
			<trkpt lat="45.14837" lon="1.48986">
				<ele>117.08</ele>
				<time>2026-05-28T20:53:50.559Z</time>
			</trkpt>
			<trkpt lat="45.14844" lon="1.48979">
				<ele>117.1</ele>
				<time>2026-05-28T20:53:51.718Z</time>
			</trkpt>
			<trkpt lat="45.14845" lon="1.48975">
				<ele>117.04</ele>
				<time>2026-05-28T20:53:52.122Z</time>
			</trkpt>
			<trkpt lat="45.14856" lon="1.48962">
				<ele>117</ele>
				<time>2026-05-28T20:53:54.050Z</time>
			</trkpt>
			<trkpt lat="45.14865" lon="1.48956">
				<ele>116.9</ele>
				<time>2026-05-28T20:53:55.385Z</time>
			</trkpt>
			<trkpt lat="45.14883" lon="1.48947">
				<ele>116.27</ele>
				<time>2026-05-28T20:53:57.935Z</time>
			</trkpt>
			<trkpt lat="45.15094" lon="1.48892">
				<ele>111.69</ele>
				<time>2026-05-28T20:54:24.914Z</time>
			</trkpt>
			<trkpt lat="45.15111" lon="1.48885">
				<ele>110.99</ele>
				<time>2026-05-28T20:54:26.956Z</time>
			</trkpt>
			<trkpt lat="45.15118" lon="1.48877">
				<ele>110.85</ele>
				<time>2026-05-28T20:54:27.989Z</time>
			</trkpt>
			<trkpt lat="45.1516" lon="1.4881">
				<ele>112.16</ele>
				<time>2026-05-28T20:54:35.231Z</time>
			</trkpt>
			<trkpt lat="45.15169" lon="1.48792">
				<ele>112.41</ele>
				<time>2026-05-28T20:54:37.005Z</time>
			</trkpt>
			<trkpt lat="45.15177" lon="1.4878">
				<ele>112.56</ele>
				<time>2026-05-28T20:54:38.330Z</time>
			</trkpt>
			<trkpt lat="45.15186" lon="1.48771">
				<ele>112.26</ele>
				<time>2026-05-28T20:54:39.582Z</time>
			</trkpt>
			<trkpt lat="45.15199" lon="1.48766">
				<ele>111.9</ele>
				<time>2026-05-28T20:54:41.110Z</time>
			</trkpt>
			<trkpt lat="45.15219" lon="1.48764">
				<ele>111.55</ele>
				<time>2026-05-28T20:54:43.379Z</time>
			</trkpt>
			<trkpt lat="45.15328" lon="1.48758">
				<ele>107.5</ele>
				<time>2026-05-28T20:54:55.590Z</time>
			</trkpt>
			<trkpt lat="45.15341" lon="1.48755">
				<ele>107.5</ele>
				<time>2026-05-28T20:54:57.047Z</time>
			</trkpt>
			<trkpt lat="45.15355" lon="1.48745">
				<ele>107.76</ele>
				<time>2026-05-28T20:54:58.776Z</time>
			</trkpt>
			<trkpt lat="45.15367" lon="1.48728">
				<ele>108</ele>
				<time>2026-05-28T20:55:00.640Z</time>
			</trkpt>
			<trkpt lat="45.15374" lon="1.48713">
				<ele>108</ele>
				<time>2026-05-28T20:55:02.029Z</time>
			</trkpt>
			<trkpt lat="45.1538" lon="1.4869">
				<ele>108</ele>
				<time>2026-05-28T20:55:03.917Z</time>
			</trkpt>
			<trkpt lat="45.15387" lon="1.48632">
				<ele>108</ele>
				<time>2026-05-28T20:55:08.413Z</time>
			</trkpt>
			<trkpt lat="45.15424" lon="1.48403">
				<ele>105.67</ele>
				<time>2026-05-28T20:55:25.837Z</time>
			</trkpt>
			<trkpt lat="45.1544" lon="1.4832">
				<ele>103.15</ele>
				<time>2026-05-28T20:55:31.978Z</time>
			</trkpt>
			<trkpt lat="45.15477" lon="1.48092">
				<ele>104.94</ele>
				<time>2026-05-28T20:55:47.906Z</time>
			</trkpt>
			<trkpt lat="45.15485" lon="1.4806">
				<ele>104.18</ele>
				<time>2026-05-28T20:55:50.114Z</time>
			</trkpt>
			<trkpt lat="45.15501" lon="1.48064">
				<ele>104.28</ele>
				<time>2026-05-28T20:55:51.597Z</time>
			</trkpt>
			<trkpt lat="45.15547" lon="1.48066">
				<ele>103.6</ele>
				<time>2026-05-28T20:55:55.725Z</time>
			</trkpt>
			<trkpt lat="45.1555" lon="1.48067">
				<ele>103.56</ele>
				<time>2026-05-28T20:55:55.998Z</time>
			</trkpt>
			<trkpt lat="45.15556" lon="1.48064">
				<ele>103.66</ele>
				<time>2026-05-28T20:55:56.559Z</time>
			</trkpt>
			<trkpt lat="45.1556" lon="1.48057">
				<ele>103.94</ele>
				<time>2026-05-28T20:55:57.117Z</time>
			</trkpt>
			<trkpt lat="45.1556" lon="1.4805">
				<ele>104.19</ele>
				<time>2026-05-28T20:55:57.549Z</time>
			</trkpt>
			<trkpt lat="45.15566" lon="1.4799">
				<ele>105.4</ele>
				<time>2026-05-28T20:56:01.237Z</time>
			</trkpt>
			<trkpt lat="45.15565" lon="1.47984">
				<ele>105.36</ele>
				<time>2026-05-28T20:56:01.606Z</time>
			</trkpt>
			<trkpt lat="45.1558" lon="1.47934">
				<ele>107.09</ele>
				<time>2026-05-28T20:56:04.818Z</time>
			</trkpt>
			<trkpt lat="45.15611" lon="1.47768">
				<ele>103.66</ele>
				<time>2026-05-28T20:56:14.403Z</time>
			</trkpt>
			<trkpt lat="45.15628" lon="1.47715">
				<ele>103.62</ele>
				<time>2026-05-28T20:56:17.275Z</time>
			</trkpt>
			<trkpt lat="45.15642" lon="1.47677">
				<ele>104.87</ele>
				<time>2026-05-28T20:56:19.199Z</time>
			</trkpt>
			<trkpt lat="45.15661" lon="1.47602">
				<ele>103.67</ele>
				<time>2026-05-28T20:56:23.044Z</time>
			</trkpt>
			<trkpt lat="45.1567" lon="1.47541">
				<ele>101.35</ele>
				<time>2026-05-28T20:56:26.089Z</time>
			</trkpt>
			<trkpt lat="45.15672" lon="1.47506">
				<ele>100.77</ele>
				<time>2026-05-28T20:56:27.817Z</time>
			</trkpt>
			<trkpt lat="45.15679" lon="1.4747">
				<ele>100</ele>
				<time>2026-05-28T20:56:29.665Z</time>
			</trkpt>
			<trkpt lat="45.15722" lon="1.47355">
				<ele>101.98</ele>
				<time>2026-05-28T20:56:36.181Z</time>
			</trkpt>
			<trkpt lat="45.1573" lon="1.47331">
				<ele>101.65</ele>
				<time>2026-05-28T20:56:37.523Z</time>
			</trkpt>
			<trkpt lat="45.15735" lon="1.47314">
				<ele>100.84</ele>
				<time>2026-05-28T20:56:38.457Z</time>
			</trkpt>
			<trkpt lat="45.15771" lon="1.47141">
				<ele>99.5</ele>
				<time>2026-05-28T20:56:47.695Z</time>
			</trkpt>
			<trkpt lat="45.15772" lon="1.4713">
				<ele>99.32</ele>
				<time>2026-05-28T20:56:48.269Z</time>
			</trkpt>
			<trkpt lat="45.1577" lon="1.47055">
				<ele>101.73</ele>
				<time>2026-05-28T20:56:52.161Z</time>
			</trkpt>
			<trkpt lat="45.15771" lon="1.47022">
				<ele>101.62</ele>
				<time>2026-05-28T20:56:53.881Z</time>
			</trkpt>
			<trkpt lat="45.15779" lon="1.46991">
				<ele>100.7</ele>
				<time>2026-05-28T20:56:55.604Z</time>
			</trkpt>
			<trkpt lat="45.15788" lon="1.46971">
				<ele>99.99</ele>
				<time>2026-05-28T20:56:56.845Z</time>
			</trkpt>
			<trkpt lat="45.15813" lon="1.46926">
				<ele>100.01</ele>
				<time>2026-05-28T20:56:59.847Z</time>
			</trkpt>
			<trkpt lat="45.15877" lon="1.46836">
				<ele>102.41</ele>
				<time>2026-05-28T20:57:06.576Z</time>
			</trkpt>
			<trkpt lat="45.1592" lon="1.46785">
				<ele>101.96</ele>
				<time>2026-05-28T20:57:10.777Z</time>
			</trkpt>
			<trkpt lat="45.15986" lon="1.46719">
				<ele>100.37</ele>
				<time>2026-05-28T20:57:16.842Z</time>
			</trkpt>
			<trkpt lat="45.16034" lon="1.46678">
				<ele>98.12</ele>
				<time>2026-05-28T20:57:21.053Z</time>
			</trkpt>
			<trkpt lat="45.16086" lon="1.46641">
				<ele>98.08</ele>
				<time>2026-05-28T20:57:25.425Z</time>
			</trkpt>
			<trkpt lat="45.16138" lon="1.46609">
				<ele>98</ele>
				<time>2026-05-28T20:57:29.678Z</time>
			</trkpt>
			<trkpt lat="45.16178" lon="1.46587">
				<ele>98.09</ele>
				<time>2026-05-28T20:57:32.892Z</time>
			</trkpt>
			<trkpt lat="45.16212" lon="1.46573">
				<ele>98</ele>
				<time>2026-05-28T20:57:35.539Z</time>
			</trkpt>
			<trkpt lat="45.16289" lon="1.46549">
				<ele>98.87</ele>
				<time>2026-05-28T20:57:41.412Z</time>
			</trkpt>
			<trkpt lat="45.16399" lon="1.46521">
				<ele>99</ele>
				<time>2026-05-28T20:57:49.669Z</time>
			</trkpt>
			<trkpt lat="45.1643" lon="1.46521">
				<ele>98.48</ele>
				<time>2026-05-28T20:57:51.942Z</time>
			</trkpt>
			<trkpt lat="45.16456" lon="1.46536">
				<ele>97.43</ele>
				<time>2026-05-28T20:57:53.993Z</time>
			</trkpt>
			<trkpt lat="45.1646" lon="1.46544">
				<ele>97.42</ele>
				<time>2026-05-28T20:57:54.497Z</time>
			</trkpt>
			<trkpt lat="45.16467" lon="1.46549">
				<ele>97.11</ele>
				<time>2026-05-28T20:57:55.068Z</time>
			</trkpt>
			<trkpt lat="45.16471" lon="1.46549">
				<ele>96.81</ele>
				<time>2026-05-28T20:57:55.359Z</time>
			</trkpt>
			<trkpt lat="45.16479" lon="1.46544">
				<ele>96.28</ele>
				<time>2026-05-28T20:57:55.994Z</time>
			</trkpt>
			<trkpt lat="45.16484" lon="1.46533">
				<ele>96.01</ele>
				<time>2026-05-28T20:57:56.664Z</time>
			</trkpt>
			<trkpt lat="45.165" lon="1.46522">
				<ele>96.18</ele>
				<time>2026-05-28T20:57:57.953Z</time>
			</trkpt>
			<trkpt lat="45.16518" lon="1.46514">
				<ele>96.77</ele>
				<time>2026-05-28T20:57:59.316Z</time>
			</trkpt>
			<trkpt lat="45.16542" lon="1.46511">
				<ele>97.39</ele>
				<time>2026-05-28T20:58:01.051Z</time>
			</trkpt>
			<trkpt lat="45.1656" lon="1.46512">
				<ele>97.4</ele>
				<time>2026-05-28T20:58:02.344Z</time>
			</trkpt>
			<trkpt lat="45.16586" lon="1.46516">
				<ele>96.37</ele>
				<time>2026-05-28T20:58:04.215Z</time>
			</trkpt>
			<trkpt lat="45.16621" lon="1.46526">
				<ele>96.38</ele>
				<time>2026-05-28T20:58:06.754Z</time>
			</trkpt>
			<trkpt lat="45.16663" lon="1.46542">
				<ele>97.87</ele>
				<time>2026-05-28T20:58:09.824Z</time>
			</trkpt>
			<trkpt lat="45.16698" lon="1.46564">
				<ele>98.1</ele>
				<time>2026-05-28T20:58:12.504Z</time>
			</trkpt>
			<trkpt lat="45.16743" lon="1.46595">
				<ele>97.93</ele>
				<time>2026-05-28T20:58:15.973Z</time>
			</trkpt>
			<trkpt lat="45.1678" lon="1.46629">
				<ele>97.76</ele>
				<time>2026-05-28T20:58:19.016Z</time>
			</trkpt>
			<trkpt lat="45.16821" lon="1.46675">
				<ele>97.56</ele>
				<time>2026-05-28T20:58:22.616Z</time>
			</trkpt>
			<trkpt lat="45.16838" lon="1.46698">
				<ele>97.47</ele>
				<time>2026-05-28T20:58:24.228Z</time>
			</trkpt>
			<trkpt lat="45.1687" lon="1.46748">
				<ele>100.24</ele>
				<time>2026-05-28T20:58:27.483Z</time>
			</trkpt>
			<trkpt lat="45.16877" lon="1.4677">
				<ele>101.23</ele>
				<time>2026-05-28T20:58:28.641Z</time>
			</trkpt>
			<trkpt lat="45.16878" lon="1.46786">
				<ele>101.77</ele>
				<time>2026-05-28T20:58:29.410Z</time>
			</trkpt>
			<trkpt lat="45.16872" lon="1.46797">
				<ele>102.17</ele>
				<time>2026-05-28T20:58:30.075Z</time>
			</trkpt>
			<trkpt lat="45.16867" lon="1.46814">
				<ele>102.73</ele>
				<time>2026-05-28T20:58:30.953Z</time>
			</trkpt>
			<trkpt lat="45.16866" lon="1.46827">
				<ele>103.21</ele>
				<time>2026-05-28T20:58:31.575Z</time>
			</trkpt>
			<trkpt lat="45.16867" lon="1.46843">
				<ele>103</ele>
				<time>2026-05-28T20:58:32.337Z</time>
			</trkpt>
			<trkpt lat="45.16873" lon="1.46862">
				<ele>102.72</ele>
				<time>2026-05-28T20:58:33.323Z</time>
			</trkpt>
			<trkpt lat="45.1688" lon="1.46875">
				<ele>102.26</ele>
				<time>2026-05-28T20:58:34.095Z</time>
			</trkpt>
			<trkpt lat="45.16888" lon="1.46883">
				<ele>101.87</ele>
				<time>2026-05-28T20:58:34.749Z</time>
			</trkpt>
			<trkpt lat="45.16902" lon="1.46891">
				<ele>101.7</ele>
				<time>2026-05-28T20:58:35.754Z</time>
			</trkpt>
			<trkpt lat="45.16917" lon="1.46891">
				<ele>101.22</ele>
				<time>2026-05-28T20:58:36.749Z</time>
			</trkpt>
			<trkpt lat="45.16929" lon="1.46887">
				<ele>101.38</ele>
				<time>2026-05-28T20:58:37.563Z</time>
			</trkpt>
			<trkpt lat="45.16939" lon="1.46878">
				<ele>101.43</ele>
				<time>2026-05-28T20:58:38.343Z</time>
			</trkpt>
			<trkpt lat="45.16947" lon="1.46865">
				<ele>101.29</ele>
				<time>2026-05-28T20:58:39.141Z</time>
			</trkpt>
			<trkpt lat="45.16954" lon="1.46846">
				<ele>100.83</ele>
				<time>2026-05-28T20:58:40.128Z</time>
			</trkpt>
			<trkpt lat="45.16955" lon="1.46836">
				<ele>100.52</ele>
				<time>2026-05-28T20:58:40.592Z</time>
			</trkpt>
			<trkpt lat="45.16955" lon="1.46814">
				<ele>100.23</ele>
				<time>2026-05-28T20:58:41.598Z</time>
			</trkpt>
			<trkpt lat="45.1695" lon="1.46798">
				<ele>100</ele>
				<time>2026-05-28T20:58:42.394Z</time>
			</trkpt>
			<trkpt lat="45.16937" lon="1.46778">
				<ele>100</ele>
				<time>2026-05-28T20:58:43.625Z</time>
			</trkpt>
			<trkpt lat="45.16928" lon="1.46771">
				<ele>99.89</ele>
				<time>2026-05-28T20:58:44.280Z</time>
			</trkpt>
			<trkpt lat="45.16916" lon="1.46734">
				<ele>99.43</ele>
				<time>2026-05-28T20:58:46.098Z</time>
			</trkpt>
			<trkpt lat="45.16906" lon="1.4671">
				<ele>98.18</ele>
				<time>2026-05-28T20:58:47.330Z</time>
			</trkpt>
			<trkpt lat="45.16883" lon="1.46669">
				<ele>97.9</ele>
				<time>2026-05-28T20:58:49.616Z</time>
			</trkpt>
			<trkpt lat="45.1687" lon="1.46632">
				<ele>98</ele>
				<time>2026-05-28T20:58:51.388Z</time>
			</trkpt>
			<trkpt lat="45.16866" lon="1.46602">
				<ele>97.8</ele>
				<time>2026-05-28T20:58:52.677Z</time>
			</trkpt>
			<trkpt lat="45.16857" lon="1.46484">
				<ele>97.37</ele>
				<time>2026-05-28T20:58:57.568Z</time>
			</trkpt>
			<trkpt lat="45.16928" lon="1.46473">
				<ele>96.05</ele>
				<time>2026-05-28T20:59:01.634Z</time>
			</trkpt>
			<trkpt lat="45.16943" lon="1.46476">
				<ele>96.13</ele>
				<time>2026-05-28T20:59:02.488Z</time>
			</trkpt>
			<trkpt lat="45.16955" lon="1.46482">
				<ele>97.04</ele>
				<time>2026-05-28T20:59:03.204Z</time>
			</trkpt>
			<trkpt lat="45.16962" lon="1.46489">
				<ele>97.53</ele>
				<time>2026-05-28T20:59:03.686Z</time>
			</trkpt>
			<trkpt lat="45.17104" lon="1.46696">
				<ele>100.08</ele>
				<time>2026-05-28T20:59:15.226Z</time>
			</trkpt>
			<trkpt lat="45.1712" lon="1.46717">
				<ele>100.87</ele>
				<time>2026-05-28T20:59:16.481Z</time>
			</trkpt>
			<trkpt lat="45.17137" lon="1.46735">
				<ele>100.52</ele>
				<time>2026-05-28T20:59:17.694Z</time>
			</trkpt>
			<trkpt lat="45.1716" lon="1.46755">
				<ele>100.62</ele>
				<time>2026-05-28T20:59:19.226Z</time>
			</trkpt>
			<trkpt lat="45.17194" lon="1.46776">
				<ele>100.99</ele>
				<time>2026-05-28T20:59:21.314Z</time>
			</trkpt>
			<trkpt lat="45.17329" lon="1.46833">
				<ele>103.87</ele>
				<time>2026-05-28T20:59:29.074Z</time>
			</trkpt>
			<trkpt lat="45.17416" lon="1.46878">
				<ele>105.01</ele>
				<time>2026-05-28T20:59:34.051Z</time>
			</trkpt>
			<trkpt lat="45.17436" lon="1.46885">
				<ele>104.29</ele>
				<time>2026-05-28T20:59:35.147Z</time>
			</trkpt>
			<trkpt lat="45.17623" lon="1.46868">
				<ele>104.34</ele>
				<time>2026-05-28T20:59:44.977Z</time>
			</trkpt>
			<trkpt lat="45.17678" lon="1.46868">
				<ele>105.16</ele>
				<time>2026-05-28T20:59:47.828Z</time>
			</trkpt>
			<trkpt lat="45.17805" lon="1.46876">
				<ele>106.43</ele>
				<time>2026-05-28T20:59:54.392Z</time>
			</trkpt>
			<trkpt lat="45.17872" lon="1.46892">
				<ele>105.36</ele>
				<time>2026-05-28T20:59:57.899Z</time>
			</trkpt>
			<trkpt lat="45.17884" lon="1.46897">
				<ele>105.58</ele>
				<time>2026-05-28T20:59:58.545Z</time>
			</trkpt>
			<trkpt lat="45.17894" lon="1.46906">
				<ele>105.71</ele>
				<time>2026-05-28T20:59:59.157Z</time>
			</trkpt>
			<trkpt lat="45.17939" lon="1.46946">
				<ele>106.84</ele>
				<time>2026-05-28T21:00:01.906Z</time>
			</trkpt>
			<trkpt lat="45.1796" lon="1.46959">
				<ele>107.25</ele>
				<time>2026-05-28T21:00:03.096Z</time>
			</trkpt>
			<trkpt lat="45.17979" lon="1.46965">
				<ele>107.69</ele>
				<time>2026-05-28T21:00:04.108Z</time>
			</trkpt>
			<trkpt lat="45.18" lon="1.46964">
				<ele>109.01</ele>
				<time>2026-05-28T21:00:05.202Z</time>
			</trkpt>
			<trkpt lat="45.18025" lon="1.46956">
				<ele>109.4</ele>
				<time>2026-05-28T21:00:06.540Z</time>
			</trkpt>
			<trkpt lat="45.18038" lon="1.46948">
				<ele>109.08</ele>
				<time>2026-05-28T21:00:07.281Z</time>
			</trkpt>
			<trkpt lat="45.1807" lon="1.4692">
				<ele>108.59</ele>
				<time>2026-05-28T21:00:09.254Z</time>
			</trkpt>
			<trkpt lat="45.18092" lon="1.46904">
				<ele>108.2</ele>
				<time>2026-05-28T21:00:10.557Z</time>
			</trkpt>
			<trkpt lat="45.1812" lon="1.46896">
				<ele>107.01</ele>
				<time>2026-05-28T21:00:12.068Z</time>
			</trkpt>
			<trkpt lat="45.18158" lon="1.46896">
				<ele>105.17</ele>
				<time>2026-05-28T21:00:14.088Z</time>
			</trkpt>
			<trkpt lat="45.1839" lon="1.46909">
				<ele>102.73</ele>
				<time>2026-05-28T21:00:26.764Z</time>
			</trkpt>
			<trkpt lat="45.18421" lon="1.46907">
				<ele>102.87</ele>
				<time>2026-05-28T21:00:28.511Z</time>
			</trkpt>
			<trkpt lat="45.18448" lon="1.46899">
				<ele>104.05</ele>
				<time>2026-05-28T21:00:30.077Z</time>
			</trkpt>
			<trkpt lat="45.18477" lon="1.46886">
				<ele>104</ele>
				<time>2026-05-28T21:00:31.817Z</time>
			</trkpt>
			<trkpt lat="45.18511" lon="1.46863">
				<ele>103.58</ele>
				<time>2026-05-28T21:00:33.993Z</time>
			</trkpt>
			<trkpt lat="45.18858" lon="1.46581">
				<ele>103.83</ele>
				<time>2026-05-28T21:00:58.877Z</time>
			</trkpt>
			<trkpt lat="45.1887" lon="1.46574">
				<ele>104.31</ele>
				<time>2026-05-28T21:00:59.748Z</time>
			</trkpt>
			<trkpt lat="45.18894" lon="1.46563">
				<ele>105.69</ele>
				<time>2026-05-28T21:01:01.455Z</time>
			</trkpt>
			<trkpt lat="45.18899" lon="1.46565">
				<ele>106.1</ele>
				<time>2026-05-28T21:01:01.809Z</time>
			</trkpt>
			<trkpt lat="45.18916" lon="1.4656">
				<ele>107.18</ele>
				<time>2026-05-28T21:01:02.997Z</time>
			</trkpt>
			<trkpt lat="45.18926" lon="1.4656">
				<ele>106.8</ele>
				<time>2026-05-28T21:01:03.685Z</time>
			</trkpt>
			<trkpt lat="45.18941" lon="1.46565">
				<ele>106.47</ele>
				<time>2026-05-28T21:01:04.751Z</time>
			</trkpt>
			<trkpt lat="45.18945" lon="1.4657">
				<ele>106.51</ele>
				<time>2026-05-28T21:01:05.121Z</time>
			</trkpt>
			<trkpt lat="45.18956" lon="1.46574">
				<ele>106.38</ele>
				<time>2026-05-28T21:01:05.912Z</time>
			</trkpt>
			<trkpt lat="45.18963" lon="1.46573">
				<ele>106.2</ele>
				<time>2026-05-28T21:01:06.405Z</time>
			</trkpt>
			<trkpt lat="45.18969" lon="1.46568">
				<ele>106.05</ele>
				<time>2026-05-28T21:01:06.893Z</time>
			</trkpt>
			<trkpt lat="45.18975" lon="1.46557">
				<ele>106.11</ele>
				<time>2026-05-28T21:01:07.584Z</time>
			</trkpt>
			<trkpt lat="45.18977" lon="1.46544">
				<ele>106.2</ele>
				<time>2026-05-28T21:01:08.247Z</time>
			</trkpt>
			<trkpt lat="45.18975" lon="1.46529">
				<ele>106.1</ele>
				<time>2026-05-28T21:01:09.011Z</time>
			</trkpt>
			<trkpt lat="45.18971" lon="1.46522">
				<ele>106.16</ele>
				<time>2026-05-28T21:01:09.464Z</time>
			</trkpt>
			<trkpt lat="45.18969" lon="1.4651">
				<ele>106.57</ele>
				<time>2026-05-28T21:01:10.085Z</time>
			</trkpt>
			<trkpt lat="45.18973" lon="1.46489">
				<ele>106.6</ele>
				<time>2026-05-28T21:01:11.187Z</time>
			</trkpt>
			<trkpt lat="45.18972" lon="1.46483">
				<ele>106.4</ele>
				<time>2026-05-28T21:01:11.501Z</time>
			</trkpt>
			<trkpt lat="45.1901" lon="1.46392">
				<ele>104.61</ele>
				<time>2026-05-28T21:01:16.975Z</time>
			</trkpt>
			<trkpt lat="45.19016" lon="1.46385">
				<ele>104.37</ele>
				<time>2026-05-28T21:01:17.556Z</time>
			</trkpt>
			<trkpt lat="45.19032" lon="1.46354">
				<ele>103.6</ele>
				<time>2026-05-28T21:01:19.596Z</time>
			</trkpt>
			<trkpt lat="45.19037" lon="1.46349">
				<ele>103.36</ele>
				<time>2026-05-28T21:01:20.060Z</time>
			</trkpt>
			<trkpt lat="45.19047" lon="1.46349">
				<ele>103.15</ele>
				<time>2026-05-28T21:01:20.822Z</time>
			</trkpt>
			<trkpt lat="45.19056" lon="1.4635">
				<ele>103</ele>
				<time>2026-05-28T21:01:21.513Z</time>
			</trkpt>
			<trkpt lat="45.19062" lon="1.46354">
				<ele>103</ele>
				<time>2026-05-28T21:01:22.022Z</time>
			</trkpt>
			<trkpt lat="45.19078" lon="1.46369">
				<ele>103.05</ele>
				<time>2026-05-28T21:01:23.503Z</time>
			</trkpt>
			<trkpt lat="45.19083" lon="1.4637">
				<ele>103</ele>
				<time>2026-05-28T21:01:23.895Z</time>
			</trkpt>
			<trkpt lat="45.19105" lon="1.46388">
				<ele>103</ele>
				<time>2026-05-28T21:01:25.880Z</time>
			</trkpt>
			<trkpt lat="45.19129" lon="1.46397">
				<ele>103.3</ele>
				<time>2026-05-28T21:01:27.871Z</time>
			</trkpt>
			<trkpt lat="45.19142" lon="1.46398">
				<ele>103.47</ele>
				<time>2026-05-28T21:01:29.033Z</time>
			</trkpt>
			<trkpt lat="45.19207" lon="1.46393">
				<ele>102.68</ele>
				<time>2026-05-28T21:01:35.603Z</time>
			</trkpt>
			<trkpt lat="45.19227" lon="1.46393">
				<ele>101.98</ele>
				<time>2026-05-28T21:01:37.625Z</time>
			</trkpt>
			<trkpt lat="45.19255" lon="1.46399">
				<ele>101.15</ele>
				<time>2026-05-28T21:01:40.590Z</time>
			</trkpt>
			<trkpt lat="45.19286" lon="1.46411">
				<ele>100.8</ele>
				<time>2026-05-28T21:01:43.977Z</time>
			</trkpt>
			<trkpt lat="45.19317" lon="1.46431">
				<ele>101.3</ele>
				<time>2026-05-28T21:01:47.382Z</time>
			</trkpt>
			<trkpt lat="45.19335" lon="1.46447">
				<ele>101.06</ele>
				<time>2026-05-28T21:01:49.341Z</time>
			</trkpt>
			<trkpt lat="45.19367" lon="1.46483">
				<ele>101</ele>
				<time>2026-05-28T21:01:53.056Z</time>
			</trkpt>
			<trkpt lat="45.1942" lon="1.46557">
				<ele>99.86</ele>
				<time>2026-05-28T21:01:59.740Z</time>
			</trkpt>
			<trkpt lat="45.19446" lon="1.46591">
				<ele>99.27</ele>
				<time>2026-05-28T21:02:02.882Z</time>
			</trkpt>
			<trkpt lat="45.19465" lon="1.46609">
				<ele>99.95</ele>
				<time>2026-05-28T21:02:04.901Z</time>
			</trkpt>
			<trkpt lat="45.1949" lon="1.46631">
				<ele>100.33</ele>
				<time>2026-05-28T21:02:07.487Z</time>
			</trkpt>
			<trkpt lat="45.19523" lon="1.46648">
				<ele>100.39</ele>
				<time>2026-05-28T21:02:10.553Z</time>
			</trkpt>
			<trkpt lat="45.1957" lon="1.46659">
				<ele>100.66</ele>
				<time>2026-05-28T21:02:14.680Z</time>
			</trkpt>
			<trkpt lat="45.19601" lon="1.46658">
				<ele>101</ele>
				<time>2026-05-28T21:02:17.346Z</time>
			</trkpt>
			<trkpt lat="45.19996" lon="1.46607">
				<ele>98.07</ele>
				<time>2026-05-28T21:02:50.155Z</time>
			</trkpt>
			<trkpt lat="45.20026" lon="1.466">
				<ele>101.27</ele>
				<time>2026-05-28T21:02:52.580Z</time>
			</trkpt>
			<trkpt lat="45.20058" lon="1.46584">
				<ele>99.76</ele>
				<time>2026-05-28T21:02:55.272Z</time>
			</trkpt>
			<trkpt lat="45.20097" lon="1.46559">
				<ele>98.5</ele>
				<time>2026-05-28T21:02:58.647Z</time>
			</trkpt>
			<trkpt lat="45.20656" lon="1.46078">
				<ele>101.68</ele>
				<time>2026-05-28T21:03:47.932Z</time>
			</trkpt>
			<trkpt lat="45.20953" lon="1.45826">
				<ele>101.93</ele>
				<time>2026-05-28T21:04:12.826Z</time>
			</trkpt>
			<trkpt lat="45.21075" lon="1.4572">
				<ele>101</ele>
				<time>2026-05-28T21:04:22.995Z</time>
			</trkpt>
			<trkpt lat="45.21095" lon="1.45699">
				<ele>101.81</ele>
				<time>2026-05-28T21:04:24.760Z</time>
			</trkpt>
			<trkpt lat="45.21109" lon="1.45678">
				<ele>102.34</ele>
				<time>2026-05-28T21:04:26.204Z</time>
			</trkpt>
			<trkpt lat="45.21144" lon="1.45605">
				<ele>101.82</ele>
				<time>2026-05-28T21:04:30.612Z</time>
			</trkpt>
			<trkpt lat="45.21163" lon="1.45571">
				<ele>101.87</ele>
				<time>2026-05-28T21:04:32.777Z</time>
			</trkpt>
			<trkpt lat="45.21182" lon="1.45549">
				<ele>102.11</ele>
				<time>2026-05-28T21:04:34.513Z</time>
			</trkpt>
			<trkpt lat="45.21385" lon="1.45395">
				<ele>101.11</ele>
				<time>2026-05-28T21:04:50.826Z</time>
			</trkpt>
			<trkpt lat="45.21422" lon="1.45367">
				<ele>101.19</ele>
				<time>2026-05-28T21:04:53.806Z</time>
			</trkpt>
			<trkpt lat="45.21443" lon="1.45356">
				<ele>101.8</ele>
				<time>2026-05-28T21:04:55.398Z</time>
			</trkpt>
			<trkpt lat="45.21459" lon="1.45349">
				<ele>101.26</ele>
				<time>2026-05-28T21:04:56.590Z</time>
			</trkpt>
			<trkpt lat="45.21478" lon="1.45345">
				<ele>100.78</ele>
				<time>2026-05-28T21:04:57.958Z</time>
			</trkpt>
			<trkpt lat="45.21501" lon="1.45343">
				<ele>100</ele>
				<time>2026-05-28T21:04:59.600Z</time>
			</trkpt>
			<trkpt lat="45.21537" lon="1.45349">
				<ele>100.34</ele>
				<time>2026-05-28T21:05:02.188Z</time>
			</trkpt>
			<trkpt lat="45.21668" lon="1.45401">
				<ele>102.55</ele>
				<time>2026-05-28T21:05:11.940Z</time>
			</trkpt>
			<trkpt lat="45.21713" lon="1.45411">
				<ele>102.74</ele>
				<time>2026-05-28T21:05:15.223Z</time>
			</trkpt>
			<trkpt lat="45.21786" lon="1.45414">
				<ele>101</ele>
				<time>2026-05-28T21:05:20.510Z</time>
			</trkpt>
			<trkpt lat="45.21881" lon="1.45405">
				<ele>104</ele>
				<time>2026-05-28T21:05:27.448Z</time>
			</trkpt>
			<trkpt lat="45.21952" lon="1.45395">
				<ele>101</ele>
				<time>2026-05-28T21:05:32.685Z</time>
			</trkpt>
			<trkpt lat="45.22002" lon="1.45376">
				<ele>101.47</ele>
				<time>2026-05-28T21:05:36.507Z</time>
			</trkpt>
			<trkpt lat="45.22023" lon="1.45365">
				<ele>101.97</ele>
				<time>2026-05-28T21:05:38.166Z</time>
			</trkpt>
			<trkpt lat="45.22202" lon="1.45227">
				<ele>103.14</ele>
				<time>2026-05-28T21:05:53.456Z</time>
			</trkpt>
			<trkpt lat="45.22296" lon="1.45155">
				<ele>104.12</ele>
				<time>2026-05-28T21:06:01.628Z</time>
			</trkpt>
			<trkpt lat="45.22325" lon="1.45139">
				<ele>103.31</ele>
				<time>2026-05-28T21:06:04.031Z</time>
			</trkpt>
			<trkpt lat="45.22346" lon="1.4513">
				<ele>102.84</ele>
				<time>2026-05-28T21:06:05.731Z</time>
			</trkpt>
			<trkpt lat="45.22368" lon="1.45124">
				<ele>103.28</ele>
				<time>2026-05-28T21:06:07.473Z</time>
			</trkpt>
			<trkpt lat="45.22367" lon="1.45099">
				<ele>103.22</ele>
				<time>2026-05-28T21:06:08.849Z</time>
			</trkpt>
			<trkpt lat="45.22395" lon="1.45081">
				<ele>104.18</ele>
				<time>2026-05-28T21:06:11.254Z</time>
			</trkpt>
			<trkpt lat="45.22517" lon="1.44965">
				<ele>104.06</ele>
				<time>2026-05-28T21:06:22.903Z</time>
			</trkpt>
			<trkpt lat="45.22524" lon="1.44954">
				<ele>103.4</ele>
				<time>2026-05-28T21:06:23.742Z</time>
			</trkpt>
			<trkpt lat="45.2253" lon="1.44941">
				<ele>102.8</ele>
				<time>2026-05-28T21:06:24.623Z</time>
			</trkpt>
			<trkpt lat="45.22553" lon="1.44851">
				<ele>103.34</ele>
				<time>2026-05-28T21:06:30.084Z</time>
			</trkpt>
			<trkpt lat="45.22559" lon="1.44821">
				<ele>104</ele>
				<time>2026-05-28T21:06:31.877Z</time>
			</trkpt>
			<trkpt lat="45.22563" lon="1.44776">
				<ele>104.32</ele>
				<time>2026-05-28T21:06:34.505Z</time>
			</trkpt>
			<trkpt lat="45.22569" lon="1.44751">
				<ele>105.41</ele>
				<time>2026-05-28T21:06:36.049Z</time>
			</trkpt>
			<trkpt lat="45.22586" lon="1.44708">
				<ele>106.61</ele>
				<time>2026-05-28T21:06:38.956Z</time>
			</trkpt>
			<trkpt lat="45.22593" lon="1.44692">
				<ele>107.39</ele>
				<time>2026-05-28T21:06:40.074Z</time>
			</trkpt>
			<trkpt lat="45.22601" lon="1.44655">
				<ele>108.06</ele>
				<time>2026-05-28T21:06:42.386Z</time>
			</trkpt>
			<trkpt lat="45.22609" lon="1.44623">
				<ele>107.92</ele>
				<time>2026-05-28T21:06:44.428Z</time>
			</trkpt>
			<trkpt lat="45.22641" lon="1.44564">
				<ele>106.94</ele>
				<time>2026-05-28T21:06:48.950Z</time>
			</trkpt>
			<trkpt lat="45.22655" lon="1.44526">
				<ele>105.98</ele>
				<time>2026-05-28T21:06:51.579Z</time>
			</trkpt>
			<trkpt lat="45.22675" lon="1.44505">
				<ele>105.18</ele>
				<time>2026-05-28T21:06:53.757Z</time>
			</trkpt>
			<trkpt lat="45.22696" lon="1.44459">
				<ele>105.37</ele>
				<time>2026-05-28T21:06:57.157Z</time>
			</trkpt>
			<trkpt lat="45.22753" lon="1.44379">
				<ele>106.33</ele>
				<time>2026-05-28T21:07:04.285Z</time>
			</trkpt>
			<trkpt lat="45.22811" lon="1.44339">
				<ele>107.19</ele>
				<time>2026-05-28T21:07:10.073Z</time>
			</trkpt>
			<trkpt lat="45.22937" lon="1.44249">
				<ele>105</ele>
				<time>2026-05-28T21:07:22.833Z</time>
			</trkpt>
			<trkpt lat="45.22966" lon="1.44222">
				<ele>105</ele>
				<time>2026-05-28T21:07:25.980Z</time>
			</trkpt>
			<trkpt lat="45.2297" lon="1.44213">
				<ele>105</ele>
				<time>2026-05-28T21:07:26.660Z</time>
			</trkpt>
			<trkpt lat="45.22967" lon="1.44193">
				<ele>105</ele>
				<time>2026-05-28T21:07:27.967Z</time>
			</trkpt>
			<trkpt lat="45.22957" lon="1.44143">
				<ele>108.42</ele>
				<time>2026-05-28T21:07:31.287Z</time>
			</trkpt>
			<trkpt lat="45.22957" lon="1.44134">
				<ele>109.68</ele>
				<time>2026-05-28T21:07:31.862Z</time>
			</trkpt>
			<trkpt lat="45.22959" lon="1.44121">
				<ele>111.87</ele>
				<time>2026-05-28T21:07:32.711Z</time>
			</trkpt>
			<trkpt lat="45.22962" lon="1.44111">
				<ele>113.55</ele>
				<time>2026-05-28T21:07:33.404Z</time>
			</trkpt>
			<trkpt lat="45.22971" lon="1.44102">
				<ele>115.46</ele>
				<time>2026-05-28T21:07:34.401Z</time>
			</trkpt>
			<trkpt lat="45.23022" lon="1.44076">
				<ele>117.24</ele>
				<time>2026-05-28T21:07:39.297Z</time>
			</trkpt>
			<trkpt lat="45.23046" lon="1.44053">
				<ele>118.95</ele>
				<time>2026-05-28T21:07:41.905Z</time>
			</trkpt>
			<trkpt lat="45.23058" lon="1.44034">
				<ele>120.53</ele>
				<time>2026-05-28T21:07:43.521Z</time>
			</trkpt>
			<trkpt lat="45.2308" lon="1.43992">
				<ele>126.18</ele>
				<time>2026-05-28T21:07:46.824Z</time>
			</trkpt>
			<trkpt lat="45.23095" lon="1.43976">
				<ele>127.77</ele>
				<time>2026-05-28T21:07:48.499Z</time>
			</trkpt>
			<trkpt lat="45.23122" lon="1.43963">
				<ele>130.27</ele>
				<time>2026-05-28T21:07:51.037Z</time>
			</trkpt>
			<trkpt lat="45.23132" lon="1.43953">
				<ele>133.49</ele>
				<time>2026-05-28T21:07:52.122Z</time>
			</trkpt>
			<trkpt lat="45.23159" lon="1.43909">
				<ele>138.31</ele>
				<time>2026-05-28T21:07:55.753Z</time>
			</trkpt>
			<trkpt lat="45.23175" lon="1.43887">
				<ele>140.14</ele>
				<time>2026-05-28T21:07:57.709Z</time>
			</trkpt>
			<trkpt lat="45.23202" lon="1.4386">
				<ele>144.72</ele>
				<time>2026-05-28T21:08:00.594Z</time>
			</trkpt>
			<trkpt lat="45.23228" lon="1.43845">
				<ele>142.66</ele>
				<time>2026-05-28T21:08:03.029Z</time>
			</trkpt>
			<trkpt lat="45.23264" lon="1.43834">
				<ele>138.63</ele>
				<time>2026-05-28T21:08:06.201Z</time>
			</trkpt>
			<trkpt lat="45.23324" lon="1.43832">
				<ele>137.43</ele>
				<time>2026-05-28T21:08:11.305Z</time>
			</trkpt>
			<trkpt lat="45.2334" lon="1.43828">
				<ele>139.26</ele>
				<time>2026-05-28T21:08:12.672Z</time>
			</trkpt>
			<trkpt lat="45.23342" lon="1.43824">
				<ele>140.03</ele>
				<time>2026-05-28T21:08:12.962Z</time>
			</trkpt>
			<trkpt lat="45.23327" lon="1.43815">
				<ele>139.71</ele>
				<time>2026-05-28T21:08:14.323Z</time>
			</trkpt>
			<trkpt lat="45.23317" lon="1.43804">
				<ele>140.41</ele>
				<time>2026-05-28T21:08:15.376Z</time>
			</trkpt>
			<trkpt lat="45.23308" lon="1.43788">
				<ele>140.1</ele>
				<time>2026-05-28T21:08:16.571Z</time>
			</trkpt>
			<trkpt lat="45.23299" lon="1.43763">
				<ele>139.71</ele>
				<time>2026-05-28T21:08:18.200Z</time>
			</trkpt>
			<trkpt lat="45.23295" lon="1.4374">
				<ele>138.45</ele>
				<time>2026-05-28T21:08:19.566Z</time>
			</trkpt>
			<trkpt lat="45.23295" lon="1.43712">
				<ele>136.12</ele>
				<time>2026-05-28T21:08:21.170Z</time>
			</trkpt>
			<trkpt lat="45.23303" lon="1.43632">
				<ele>131.82</ele>
				<time>2026-05-28T21:08:25.730Z</time>
			</trkpt>
			<trkpt lat="45.23305" lon="1.43603">
				<ele>131.02</ele>
				<time>2026-05-28T21:08:27.349Z</time>
			</trkpt>
			<trkpt lat="45.23302" lon="1.43555">
				<ele>131.61</ele>
				<time>2026-05-28T21:08:29.993Z</time>
			</trkpt>
			<trkpt lat="45.23297" lon="1.43532">
				<ele>132.74</ele>
				<time>2026-05-28T21:08:31.299Z</time>
			</trkpt>
			<trkpt lat="45.2329" lon="1.43509">
				<ele>133.63</ele>
				<time>2026-05-28T21:08:32.647Z</time>
			</trkpt>
			<trkpt lat="45.23231" lon="1.43342">
				<ele>127.34</ele>
				<time>2026-05-28T21:08:42.321Z</time>
			</trkpt>
			<trkpt lat="45.23219" lon="1.43315">
				<ele>127.55</ele>
				<time>2026-05-28T21:08:43.909Z</time>
			</trkpt>
			<trkpt lat="45.23195" lon="1.4327">
				<ele>126.11</ele>
				<time>2026-05-28T21:08:46.678Z</time>
			</trkpt>
			<trkpt lat="45.23187" lon="1.43249">
				<ele>124.39</ele>
				<time>2026-05-28T21:08:47.834Z</time>
			</trkpt>
			<trkpt lat="45.23183" lon="1.4323">
				<ele>122.53</ele>
				<time>2026-05-28T21:08:48.788Z</time>
			</trkpt>
			<trkpt lat="45.23182" lon="1.43209">
				<ele>121.4</ele>
				<time>2026-05-28T21:08:49.795Z</time>
			</trkpt>
			<trkpt lat="45.23184" lon="1.43191">
				<ele>120.75</ele>
				<time>2026-05-28T21:08:50.662Z</time>
			</trkpt>
			<trkpt lat="45.23191" lon="1.43168">
				<ele>120.49</ele>
				<time>2026-05-28T21:08:51.847Z</time>
			</trkpt>
			<trkpt lat="45.23206" lon="1.43134">
				<ele>119.23</ele>
				<time>2026-05-28T21:08:53.729Z</time>
			</trkpt>
			<trkpt lat="45.23391" lon="1.42772">
				<ele>112.37</ele>
				<time>2026-05-28T21:09:13.901Z</time>
			</trkpt>
			<trkpt lat="45.23356" lon="1.42724">
				<ele>109.06</ele>
				<time>2026-05-28T21:09:16.972Z</time>
			</trkpt>
			<trkpt lat="45.23325" lon="1.42688">
				<ele>109</ele>
				<time>2026-05-28T21:09:19.509Z</time>
			</trkpt>
			<trkpt lat="45.2331" lon="1.42673">
				<ele>109</ele>
				<time>2026-05-28T21:09:20.675Z</time>
			</trkpt>
			<trkpt lat="45.2329" lon="1.42659">
				<ele>108.59</ele>
				<time>2026-05-28T21:09:22.097Z</time>
			</trkpt>
			<trkpt lat="45.23268" lon="1.42647">
				<ele>108.67</ele>
				<time>2026-05-28T21:09:23.606Z</time>
			</trkpt>
			<trkpt lat="45.23246" lon="1.4264">
				<ele>108.94</ele>
				<time>2026-05-28T21:09:25.057Z</time>
			</trkpt>
			<trkpt lat="45.2322" lon="1.42637">
				<ele>109.05</ele>
				<time>2026-05-28T21:09:26.745Z</time>
			</trkpt>
			<trkpt lat="45.23195" lon="1.42639">
				<ele>109.96</ele>
				<time>2026-05-28T21:09:28.376Z</time>
			</trkpt>
			<trkpt lat="45.23175" lon="1.42644">
				<ele>110.05</ele>
				<time>2026-05-28T21:09:29.707Z</time>
			</trkpt>
			<trkpt lat="45.22996" lon="1.4272">
				<ele>108.85</ele>
				<time>2026-05-28T21:09:42.328Z</time>
			</trkpt>
			<trkpt lat="45.22984" lon="1.42724">
				<ele>108.58</ele>
				<time>2026-05-28T21:09:43.178Z</time>
			</trkpt>
			<trkpt lat="45.22976" lon="1.42723">
				<ele>108.24</ele>
				<time>2026-05-28T21:09:43.732Z</time>
			</trkpt>
			<trkpt lat="45.22966" lon="1.42719">
				<ele>108.08</ele>
				<time>2026-05-28T21:09:44.450Z</time>
			</trkpt>
			<trkpt lat="45.22954" lon="1.4271">
				<ele>108.41</ele>
				<time>2026-05-28T21:09:45.388Z</time>
			</trkpt>
			<trkpt lat="45.22945" lon="1.42698">
				<ele>108.85</ele>
				<time>2026-05-28T21:09:46.243Z</time>
			</trkpt>
			<trkpt lat="45.22933" lon="1.42664">
				<ele>110.28</ele>
				<time>2026-05-28T21:09:48.099Z</time>
			</trkpt>
			<trkpt lat="45.22928" lon="1.42634">
				<ele>109.48</ele>
				<time>2026-05-28T21:09:49.605Z</time>
			</trkpt>
			<trkpt lat="45.22928" lon="1.42625">
				<ele>109.28</ele>
				<time>2026-05-28T21:09:50.045Z</time>
			</trkpt>
			<trkpt lat="45.2293" lon="1.4261">
				<ele>109</ele>
				<time>2026-05-28T21:09:50.791Z</time>
			</trkpt>
			<trkpt lat="45.22933" lon="1.42594">
				<ele>109</ele>
				<time>2026-05-28T21:09:51.600Z</time>
			</trkpt>
			<trkpt lat="45.22928" lon="1.42575">
				<ele>109</ele>
				<time>2026-05-28T21:09:52.590Z</time>
			</trkpt>
			<trkpt lat="45.22923" lon="1.42561">
				<ele>109</ele>
				<time>2026-05-28T21:09:53.356Z</time>
			</trkpt>
			<trkpt lat="45.22922" lon="1.42554">
				<ele>109.02</ele>
				<time>2026-05-28T21:09:53.705Z</time>
			</trkpt>
			<trkpt lat="45.2293" lon="1.42465">
				<ele>110.38</ele>
				<time>2026-05-28T21:09:58.071Z</time>
			</trkpt>
			<trkpt lat="45.22928" lon="1.4244">
				<ele>110.05</ele>
				<time>2026-05-28T21:09:59.289Z</time>
			</trkpt>
			<trkpt lat="45.22916" lon="1.42362">
				<ele>110.05</ele>
				<time>2026-05-28T21:10:03.132Z</time>
			</trkpt>
			<trkpt lat="45.22914" lon="1.42342">
				<ele>110.21</ele>
				<time>2026-05-28T21:10:04.098Z</time>
			</trkpt>
			<trkpt lat="45.22916" lon="1.42323">
				<ele>110.05</ele>
				<time>2026-05-28T21:10:05.013Z</time>
			</trkpt>
			<trkpt lat="45.22919" lon="1.42304">
				<ele>109.89</ele>
				<time>2026-05-28T21:10:05.937Z</time>
			</trkpt>
			<trkpt lat="45.22928" lon="1.42272">
				<ele>109.77</ele>
				<time>2026-05-28T21:10:07.565Z</time>
			</trkpt>
			<trkpt lat="45.22961" lon="1.42191">
				<ele>113.64</ele>
				<time>2026-05-28T21:10:11.920Z</time>
			</trkpt>
			<trkpt lat="45.2297" lon="1.42152">
				<ele>114.5</ele>
				<time>2026-05-28T21:10:13.771Z</time>
			</trkpt>
			<trkpt lat="45.22973" lon="1.42137">
				<ele>114.92</ele>
				<time>2026-05-28T21:10:14.459Z</time>
			</trkpt>
			<trkpt lat="45.22971" lon="1.42116">
				<ele>115.01</ele>
				<time>2026-05-28T21:10:15.380Z</time>
			</trkpt>
			<trkpt lat="45.22963" lon="1.42077">
				<ele>116.52</ele>
				<time>2026-05-28T21:10:17.101Z</time>
			</trkpt>
			<trkpt lat="45.22962" lon="1.4206">
				<ele>117.17</ele>
				<time>2026-05-28T21:10:17.808Z</time>
			</trkpt>
			<trkpt lat="45.22965" lon="1.42038">
				<ele>117.38</ele>
				<time>2026-05-28T21:10:18.721Z</time>
			</trkpt>
			<trkpt lat="45.22972" lon="1.42018">
				<ele>116.98</ele>
				<time>2026-05-28T21:10:19.616Z</time>
			</trkpt>
			<trkpt lat="45.22986" lon="1.41996">
				<ele>116.4</ele>
				<time>2026-05-28T21:10:20.780Z</time>
			</trkpt>
			<trkpt lat="45.2307" lon="1.41904">
				<ele>117.62</ele>
				<time>2026-05-28T21:10:26.305Z</time>
			</trkpt>
			<trkpt lat="45.23147" lon="1.41822">
				<ele>117.84</ele>
				<time>2026-05-28T21:10:30.824Z</time>
			</trkpt>
			<trkpt lat="45.23187" lon="1.41786">
				<ele>119.4</ele>
				<time>2026-05-28T21:10:32.903Z</time>
			</trkpt>
			<trkpt lat="45.23291" lon="1.41707">
				<ele>120.14</ele>
				<time>2026-05-28T21:10:37.749Z</time>
			</trkpt>
			<trkpt lat="45.23331" lon="1.4167">
				<ele>118.83</ele>
				<time>2026-05-28T21:10:39.603Z</time>
			</trkpt>
			<trkpt lat="45.23506" lon="1.41487">
				<ele>116.76</ele>
				<time>2026-05-28T21:10:47.616Z</time>
			</trkpt>
			<trkpt lat="45.23697" lon="1.41242">
				<ele>117.25</ele>
				<time>2026-05-28T21:10:57.232Z</time>
			</trkpt>
			<trkpt lat="45.23719" lon="1.41216">
				<ele>117.8</ele>
				<time>2026-05-28T21:10:58.377Z</time>
			</trkpt>
			<trkpt lat="45.2376" lon="1.41175">
				<ele>116.13</ele>
				<time>2026-05-28T21:11:00.440Z</time>
			</trkpt>
			<trkpt lat="45.23916" lon="1.41032">
				<ele>115</ele>
				<time>2026-05-28T21:11:08.905Z</time>
			</trkpt>
			<trkpt lat="45.23943" lon="1.41003">
				<ele>117.77</ele>
				<time>2026-05-28T21:11:10.621Z</time>
			</trkpt>
			<trkpt lat="45.23957" lon="1.40986">
				<ele>117.28</ele>
				<time>2026-05-28T21:11:11.581Z</time>
			</trkpt>
			<trkpt lat="45.23998" lon="1.4093">
				<ele>117.16</ele>
				<time>2026-05-28T21:11:14.669Z</time>
			</trkpt>
			<trkpt lat="45.24215" lon="1.40608">
				<ele>114.76</ele>
				<time>2026-05-28T21:11:35.794Z</time>
			</trkpt>
			<trkpt lat="45.24253" lon="1.40549">
				<ele>114</ele>
				<time>2026-05-28T21:11:40.460Z</time>
			</trkpt>
			<trkpt lat="45.24336" lon="1.40411">
				<ele>116.08</ele>
				<time>2026-05-28T21:11:52.230Z</time>
			</trkpt>
			<trkpt lat="45.24371" lon="1.40462">
				<ele>113.86</ele>
				<time>2026-05-28T21:11:57.329Z</time>
			</trkpt>
			<trkpt lat="45.24384" lon="1.40439">
				<ele>113.32</ele>
				<time>2026-05-28T21:11:59.524Z</time>
			</trkpt>
			<trkpt lat="45.24404" lon="1.404">
				<ele>113.22</ele>
				<time>2026-05-28T21:12:03.226Z</time>
			</trkpt>
			<trkpt lat="45.24444" lon="1.40341">
				<ele>113.68</ele>
				<time>2026-05-28T21:12:09.829Z</time>
			</trkpt>
			<trkpt lat="45.24636" lon="1.40065">
				<ele>116.08</ele>
				<time>2026-05-28T21:13:03.943Z</time>
			</trkpt>
			<trkpt lat="45.24664" lon="1.40028">
				<ele>116</ele>
				<time>2026-05-28T21:13:11.198Z</time>
			</trkpt>
			<trkpt lat="45.24692" lon="1.39997">
				<ele>114.17</ele>
				<time>2026-05-28T21:13:17.442Z</time>
			</trkpt>
			<trkpt lat="45.24724" lon="1.39967">
				<ele>113.07</ele>
				<time>2026-05-28T21:13:23.701Z</time>
			</trkpt>
			<trkpt lat="45.24763" lon="1.39937">
				<ele>113.26</ele>
				<time>2026-05-28T21:13:30.376Z</time>
			</trkpt>
			<trkpt lat="45.24813" lon="1.39908">
				<ele>113.68</ele>
				<time>2026-05-28T21:13:37.792Z</time>
			</trkpt>
			<trkpt lat="45.2484" lon="1.39901">
				<ele>113.8</ele>
				<time>2026-05-28T21:13:41.302Z</time>
			</trkpt>
			<trkpt lat="45.24907" lon="1.39905">
				<ele>116.28</ele>
				<time>2026-05-28T21:13:49.278Z</time>
			</trkpt>
			<trkpt lat="45.24916" lon="1.39903">
				<ele>116.5</ele>
				<time>2026-05-28T21:13:50.307Z</time>
			</trkpt>
			<trkpt lat="45.24924" lon="1.39897">
				<ele>116.75</ele>
				<time>2026-05-28T21:13:51.317Z</time>
			</trkpt>
			<trkpt lat="45.24898" lon="1.39851">
				<ele>115.14</ele>
				<time>2026-05-28T21:13:55.834Z</time>
			</trkpt>
			<trkpt lat="45.2483" lon="1.39717">
				<ele>120.34</ele>
				<time>2026-05-28T21:14:07.853Z</time>
			</trkpt>
			<trkpt lat="45.24843" lon="1.39706">
				<ele>119.41</ele>
				<time>2026-05-28T21:14:09.399Z</time>
			</trkpt>
			<trkpt lat="45.24899" lon="1.39646">
				<ele>120.01</ele>
				<time>2026-05-28T21:14:16.685Z</time>
			</trkpt>
			<trkpt lat="45.2491" lon="1.3963">
				<ele>121.12</ele>
				<time>2026-05-28T21:14:18.368Z</time>
			</trkpt>
			<trkpt lat="45.24924" lon="1.39602">
				<ele>121.52</ele>
				<time>2026-05-28T21:14:21.001Z</time>
			</trkpt>
			<trkpt lat="45.24972" lon="1.39433">
				<ele>121.34</ele>
				<time>2026-05-28T21:14:34.308Z</time>
			</trkpt>
			<trkpt lat="45.2498" lon="1.3941">
				<ele>121.34</ele>
				<time>2026-05-28T21:14:36.105Z</time>
			</trkpt>
			<trkpt lat="45.25011" lon="1.39342">
				<ele>122.97</ele>
				<time>2026-05-28T21:14:42.204Z</time>
			</trkpt>
			<trkpt lat="45.25029" lon="1.39313">
				<ele>121.9</ele>
				<time>2026-05-28T21:14:45.254Z</time>
			</trkpt>
			<trkpt lat="45.25071" lon="1.39266">
				<ele>120.39</ele>
				<time>2026-05-28T21:14:51.375Z</time>
			</trkpt>
			<trkpt lat="45.25128" lon="1.39208">
				<ele>118.76</ele>
				<time>2026-05-28T21:14:59.640Z</time>
			</trkpt>
			<trkpt lat="45.25136" lon="1.392">
				<ele>118.16</ele>
				<time>2026-05-28T21:15:00.813Z</time>
			</trkpt>
			<trkpt lat="45.25202" lon="1.39132">
				<ele>119.37</ele>
				<time>2026-05-28T21:15:10.750Z</time>
			</trkpt>
			<trkpt lat="45.25418" lon="1.38904">
				<ele>121.4</ele>
				<time>2026-05-28T21:15:44.972Z</time>
			</trkpt>
			<trkpt lat="45.25451" lon="1.38871">
				<ele>122.96</ele>
				<time>2026-05-28T21:15:50.200Z</time>
			</trkpt>
			<trkpt lat="45.25474" lon="1.38852">
				<ele>123.16</ele>
				<time>2026-05-28T21:15:53.649Z</time>
			</trkpt>
			<trkpt lat="45.25513" lon="1.38826">
				<ele>122.12</ele>
				<time>2026-05-28T21:15:59.232Z</time>
			</trkpt>
			<trkpt lat="45.25511" lon="1.38813">
				<ele>122.41</ele>
				<time>2026-05-28T21:16:00.445Z</time>
			</trkpt>
			<trkpt lat="45.25516" lon="1.38792">
				<ele>122.6</ele>
				<time>2026-05-28T21:16:02.464Z</time>
			</trkpt>
			<trkpt lat="45.25573" lon="1.38642">
				<ele>120.69</ele>
				<time>2026-05-28T21:16:17.888Z</time>
			</trkpt>
			<trkpt lat="45.25588" lon="1.38599">
				<ele>120.07</ele>
				<time>2026-05-28T21:16:22.182Z</time>
			</trkpt>
			<trkpt lat="45.256" lon="1.38577">
				<ele>120.72</ele>
				<time>2026-05-28T21:16:24.658Z</time>
			</trkpt>
			<trkpt lat="45.25609" lon="1.3857">
				<ele>121.41</ele>
				<time>2026-05-28T21:16:25.951Z</time>
			</trkpt>
			<trkpt lat="45.25622" lon="1.38564">
				<ele>122.5</ele>
				<time>2026-05-28T21:16:27.668Z</time>
			</trkpt>
			<trkpt lat="45.25718" lon="1.38555">
				<ele>119.43</ele>
				<time>2026-05-28T21:16:39.582Z</time>
			</trkpt>
			<trkpt lat="45.25739" lon="1.38551">
				<ele>120.58</ele>
				<time>2026-05-28T21:16:42.197Z</time>
			</trkpt>
			<trkpt lat="45.25742" lon="1.3858">
				<ele>118.94</ele>
				<time>2026-05-28T21:16:44.760Z</time>
			</trkpt>
			<trkpt lat="45.2575" lon="1.38596">
				<ele>119.04</ele>
				<time>2026-05-28T21:16:46.482Z</time>
			</trkpt>
			<trkpt lat="45.25794" lon="1.38537">
				<ele>124.96</ele>
				<time>2026-05-28T21:16:54.044Z</time>
			</trkpt>
			<trkpt lat="45.25813" lon="1.38505">
				<ele>125.67</ele>
				<time>2026-05-28T21:16:57.712Z</time>
			</trkpt>
			<trkpt lat="45.25978" lon="1.38202">
				<ele>126.51</ele>
				<time>2026-05-28T21:17:26.772Z</time>
			</trkpt>
			<trkpt lat="45.26112" lon="1.37971">
				<ele>125.8</ele>
				<time>2026-05-28T21:17:39.241Z</time>
			</trkpt>
			<trkpt lat="45.26142" lon="1.38006">
				<ele>120.59</ele>
				<time>2026-05-28T21:17:41.191Z</time>
			</trkpt>
			<trkpt lat="45.26156" lon="1.38019">
				<ele>120.03</ele>
				<time>2026-05-28T21:17:42.020Z</time>
			</trkpt>
			<trkpt lat="45.26255" lon="1.38101">
				<ele>121.66</ele>
				<time>2026-05-28T21:17:47.765Z</time>
			</trkpt>
			<trkpt lat="45.26268" lon="1.38114">
				<ele>120.73</ele>
				<time>2026-05-28T21:17:48.598Z</time>
			</trkpt>
			<trkpt lat="45.2629" lon="1.38145">
				<ele>121.57</ele>
				<time>2026-05-28T21:17:50.269Z</time>
			</trkpt>
			<trkpt lat="45.26325" lon="1.38198">
				<ele>127.1</ele>
				<time>2026-05-28T21:17:53.201Z</time>
			</trkpt>
			<trkpt lat="45.26333" lon="1.38202">
				<ele>128.33</ele>
				<time>2026-05-28T21:17:53.712Z</time>
			</trkpt>
			<trkpt lat="45.26339" lon="1.38201">
				<ele>129.19</ele>
				<time>2026-05-28T21:17:54.081Z</time>
			</trkpt>
			<trkpt lat="45.26345" lon="1.38194">
				<ele>129.8</ele>
				<time>2026-05-28T21:17:54.561Z</time>
			</trkpt>
			<trkpt lat="45.26351" lon="1.38184">
				<ele>129.94</ele>
				<time>2026-05-28T21:17:55.143Z</time>
			</trkpt>
			<trkpt lat="45.2636" lon="1.38174">
				<ele>130.48</ele>
				<time>2026-05-28T21:17:55.876Z</time>
			</trkpt>
			<trkpt lat="45.26371" lon="1.3817">
				<ele>131.36</ele>
				<time>2026-05-28T21:17:56.610Z</time>
			</trkpt>
			<trkpt lat="45.26397" lon="1.38168">
				<ele>133.17</ele>
				<time>2026-05-28T21:17:58.303Z</time>
			</trkpt>
			<trkpt lat="45.26407" lon="1.38166">
				<ele>132.97</ele>
				<time>2026-05-28T21:17:58.962Z</time>
			</trkpt>
			<trkpt lat="45.26421" lon="1.38159">
				<ele>133.29</ele>
				<time>2026-05-28T21:17:59.933Z</time>
			</trkpt>
			<trkpt lat="45.26475" lon="1.38123">
				<ele>138.61</ele>
				<time>2026-05-28T21:18:03.869Z</time>
			</trkpt>
			<trkpt lat="45.26492" lon="1.38118">
				<ele>139.19</ele>
				<time>2026-05-28T21:18:05.025Z</time>
			</trkpt>
			<trkpt lat="45.26506" lon="1.38116">
				<ele>139.39</ele>
				<time>2026-05-28T21:18:05.965Z</time>
			</trkpt>
			<trkpt lat="45.26538" lon="1.38119">
				<ele>140.31</ele>
				<time>2026-05-28T21:18:08.120Z</time>
			</trkpt>
			<trkpt lat="45.26593" lon="1.38116">
				<ele>145.86</ele>
				<time>2026-05-28T21:18:11.855Z</time>
			</trkpt>
			<trkpt lat="45.26602" lon="1.38121">
				<ele>147.3</ele>
				<time>2026-05-28T21:18:12.515Z</time>
			</trkpt>
			<trkpt lat="45.26608" lon="1.3813">
				<ele>148.44</ele>
				<time>2026-05-28T21:18:13.113Z</time>
			</trkpt>
			<trkpt lat="45.26614" lon="1.38147">
				<ele>149.54</ele>
				<time>2026-05-28T21:18:14.033Z</time>
			</trkpt>
			<trkpt lat="45.26643" lon="1.38267">
				<ele>157.41</ele>
				<time>2026-05-28T21:18:20.241Z</time>
			</trkpt>
			<trkpt lat="45.26653" lon="1.38291">
				<ele>159.74</ele>
				<time>2026-05-28T21:18:21.623Z</time>
			</trkpt>
			<trkpt lat="45.26663" lon="1.38311">
				<ele>161.41</ele>
				<time>2026-05-28T21:18:22.844Z</time>
			</trkpt>
			<trkpt lat="45.2669" lon="1.38355">
				<ele>164.66</ele>
				<time>2026-05-28T21:18:25.770Z</time>
			</trkpt>
			<trkpt lat="45.2672" lon="1.38398">
				<ele>168.84</ele>
				<time>2026-05-28T21:18:28.835Z</time>
			</trkpt>
			<trkpt lat="45.26739" lon="1.38433">
				<ele>170.2</ele>
				<time>2026-05-28T21:18:31.093Z</time>
			</trkpt>
			<trkpt lat="45.26756" lon="1.38459">
				<ele>172.14</ele>
				<time>2026-05-28T21:18:32.917Z</time>
			</trkpt>
			<trkpt lat="45.26786" lon="1.38497">
				<ele>176.54</ele>
				<time>2026-05-28T21:18:35.876Z</time>
			</trkpt>
			<trkpt lat="45.26839" lon="1.38557">
				<ele>179.94</ele>
				<time>2026-05-28T21:18:40.931Z</time>
			</trkpt>
			<trkpt lat="45.26855" lon="1.3858">
				<ele>182.53</ele>
				<time>2026-05-28T21:18:42.647Z</time>
			</trkpt>
			<trkpt lat="45.26862" lon="1.386">
				<ele>183.11</ele>
				<time>2026-05-28T21:18:43.838Z</time>
			</trkpt>
			<trkpt lat="45.26906" lon="1.38785">
				<ele>173.35</ele>
				<time>2026-05-28T21:18:54.446Z</time>
			</trkpt>
			<trkpt lat="45.26912" lon="1.38803">
				<ele>172.91</ele>
				<time>2026-05-28T21:18:55.548Z</time>
			</trkpt>
			<trkpt lat="45.26919" lon="1.38818">
				<ele>173.06</ele>
				<time>2026-05-28T21:18:56.547Z</time>
			</trkpt>
			<trkpt lat="45.26936" lon="1.38838">
				<ele>172.74</ele>
				<time>2026-05-28T21:18:58.295Z</time>
			</trkpt>
			<trkpt lat="45.26949" lon="1.38851">
				<ele>172.45</ele>
				<time>2026-05-28T21:18:59.560Z</time>
			</trkpt>
			<trkpt lat="45.26996" lon="1.38908">
				<ele>171.57</ele>
				<time>2026-05-28T21:19:04.525Z</time>
			</trkpt>
			<trkpt lat="45.2702" lon="1.38946">
				<ele>168.39</ele>
				<time>2026-05-28T21:19:07.447Z</time>
			</trkpt>
			<trkpt lat="45.27042" lon="1.38997">
				<ele>165.08</ele>
				<time>2026-05-28T21:19:10.903Z</time>
			</trkpt>
			<trkpt lat="45.27057" lon="1.39063">
				<ele>162.76</ele>
				<time>2026-05-28T21:19:14.955Z</time>
			</trkpt>
			<trkpt lat="45.27061" lon="1.39072">
				<ele>162.6</ele>
				<time>2026-05-28T21:19:15.581Z</time>
			</trkpt>
			<trkpt lat="45.27068" lon="1.3908">
				<ele>162.56</ele>
				<time>2026-05-28T21:19:16.334Z</time>
			</trkpt>
			<trkpt lat="45.27092" lon="1.39097">
				<ele>163.01</ele>
				<time>2026-05-28T21:19:18.590Z</time>
			</trkpt>
			<trkpt lat="45.27095" lon="1.39102">
				<ele>163.05</ele>
				<time>2026-05-28T21:19:18.981Z</time>
			</trkpt>
			<trkpt lat="45.271" lon="1.39128">
				<ele>162.57</ele>
				<time>2026-05-28T21:19:20.587Z</time>
			</trkpt>
			<trkpt lat="45.27109" lon="1.39147">
				<ele>162.83</ele>
				<time>2026-05-28T21:19:21.959Z</time>
			</trkpt>
			<trkpt lat="45.27113" lon="1.39151">
				<ele>163.13</ele>
				<time>2026-05-28T21:19:22.376Z</time>
			</trkpt>
			<trkpt lat="45.27124" lon="1.39125">
				<ele>163.99</ele>
				<time>2026-05-28T21:19:24.203Z</time>
			</trkpt>
		</trkseg>
	</trk>
</gpx>