<?xml version="1.0" encoding="UTF-8"?>
<gpx version="1.1" creator="Kurviger" xmlns="http://www.topografix.com/GPX/1/1" xmlns:xsi="http://www.w3.org/2001/XMLSchema-instance" xsi:schemaLocation="http://www.topografix.com/GPX/1/1 http://www.topografix.com/GPX/1/1/gpx.xsd http://www.garmin.com/xmlschemas/GpxExtensions/v3 http://www.garmin.com/xmlschemas/GpxExtensionsv3.xsd http://www.garmin.com/xmlschemas/TripExtensions/v1 http://www.garmin.com/xmlschemas/TripExtensionsv1.xsd" xmlns:gpxx="http://www.garmin.com/xmlschemas/GpxExtensions/v3" xmlns:trp="http://www.garmin.com/xmlschemas/TripExtensions/v1">
	<metadata>
		<name>J2_Lascelle_Laguiole_v2</name>
		<copyright author="OpenStreetMap contributors"/>
		<link href="https://kurviger.com">
			<text>Kurviger.com GPX</text>
		</link>
		<time>2026-05-28T14:26:00.999Z</time>
	</metadata>
	<trk>
		<name>J2_Lascelle_Laguiole_v2</name>
		<trkseg>
			<trkpt lat="45.01609" lon="2.56089">
				<ele>722.63</ele>
				<time>2026-05-28T14:26:00.999Z</time>
			</trkpt>
			<trkpt lat="45.0161" lon="2.56061">
				<ele>723.77</ele>
				<time>2026-05-28T14:26:05.560Z</time>
			</trkpt>
			<trkpt lat="45.01608" lon="2.56046">
				<ele>723.97</ele>
				<time>2026-05-28T14:26:08.043Z</time>
			</trkpt>
			<trkpt lat="45.01602" lon="2.56021">
				<ele>723.23</ele>
				<time>2026-05-28T14:26:12.339Z</time>
			</trkpt>
			<trkpt lat="45.0157" lon="2.56002">
				<ele>720.26</ele>
				<time>2026-05-28T14:26:20.830Z</time>
			</trkpt>
			<trkpt lat="45.01557" lon="2.55992">
				<ele>719.38</ele>
				<time>2026-05-28T14:26:24.685Z</time>
			</trkpt>
			<trkpt lat="45.01529" lon="2.55948">
				<ele>719.94</ele>
				<time>2026-05-28T14:26:35.877Z</time>
			</trkpt>
			<trkpt lat="45.01512" lon="2.55914">
				<ele>719.87</ele>
				<time>2026-05-28T14:26:43.610Z</time>
			</trkpt>
			<trkpt lat="45.01508" lon="2.55894">
				<ele>719.38</ele>
				<time>2026-05-28T14:26:47.304Z</time>
			</trkpt>
			<trkpt lat="45.01507" lon="2.55871">
				<ele>719.27</ele>
				<time>2026-05-28T14:26:51.205Z</time>
			</trkpt>
			<trkpt lat="45.01509" lon="2.55847">
				<ele>719.17</ele>
				<time>2026-05-28T14:26:55.015Z</time>
			</trkpt>
			<trkpt lat="45.01519" lon="2.55795">
				<ele>719.94</ele>
				<time>2026-05-28T14:27:02.149Z</time>
			</trkpt>
			<trkpt lat="45.01528" lon="2.55765">
				<ele>721.98</ele>
				<time>2026-05-28T14:27:05.311Z</time>
			</trkpt>
			<trkpt lat="45.01447" lon="2.5568">
				<ele>720.61</ele>
				<time>2026-05-28T14:27:15.785Z</time>
			</trkpt>
			<trkpt lat="45.01379" lon="2.55633">
				<ele>719.33</ele>
				<time>2026-05-28T14:27:22.336Z</time>
			</trkpt>
			<trkpt lat="45.01359" lon="2.55622">
				<ele>719.37</ele>
				<time>2026-05-28T14:27:24.012Z</time>
			</trkpt>
			<trkpt lat="45.01333" lon="2.55614">
				<ele>716.14</ele>
				<time>2026-05-28T14:27:25.988Z</time>
			</trkpt>
			<trkpt lat="45.01294" lon="2.5561">
				<ele>716.11</ele>
				<time>2026-05-28T14:27:28.698Z</time>
			</trkpt>
			<trkpt lat="45.01168" lon="2.55613">
				<ele>714.07</ele>
				<time>2026-05-28T14:27:36.095Z</time>
			</trkpt>
			<trkpt lat="45.0114" lon="2.5562">
				<ele>713.36</ele>
				<time>2026-05-28T14:27:37.529Z</time>
			</trkpt>
			<trkpt lat="45.01113" lon="2.55631">
				<ele>713.97</ele>
				<time>2026-05-28T14:27:38.877Z</time>
			</trkpt>
			<trkpt lat="45.01085" lon="2.55649">
				<ele>715.89</ele>
				<time>2026-05-28T14:27:40.284Z</time>
			</trkpt>
			<trkpt lat="45.00992" lon="2.55728">
				<ele>725.7</ele>
				<time>2026-05-28T14:27:44.807Z</time>
			</trkpt>
			<trkpt lat="45.00972" lon="2.55735">
				<ele>732.96</ele>
				<time>2026-05-28T14:27:45.613Z</time>
			</trkpt>
			<trkpt lat="45.00956" lon="2.55731">
				<ele>735.48</ele>
				<time>2026-05-28T14:27:46.241Z</time>
			</trkpt>
			<trkpt lat="45.00946" lon="2.55726">
				<ele>735.33</ele>
				<time>2026-05-28T14:27:46.649Z</time>
			</trkpt>
			<trkpt lat="45.00901" lon="2.55693">
				<ele>723.07</ele>
				<time>2026-05-28T14:27:48.582Z</time>
			</trkpt>
			<trkpt lat="45.00884" lon="2.55689">
				<ele>720.21</ele>
				<time>2026-05-28T14:27:49.238Z</time>
			</trkpt>
			<trkpt lat="45.00657" lon="2.55708">
				<ele>713.51</ele>
				<time>2026-05-28T14:27:58.799Z</time>
			</trkpt>
			<trkpt lat="45.00607" lon="2.557">
				<ele>714.34</ele>
				<time>2026-05-28T14:28:01.372Z</time>
			</trkpt>
			<trkpt lat="45.0056" lon="2.5568">
				<ele>722.56</ele>
				<time>2026-05-28T14:28:04.129Z</time>
			</trkpt>
			<trkpt lat="45.00521" lon="2.55652">
				<ele>721.51</ele>
				<time>2026-05-28T14:28:06.826Z</time>
			</trkpt>
			<trkpt lat="45.00476" lon="2.55623">
				<ele>721.65</ele>
				<time>2026-05-28T14:28:10.185Z</time>
			</trkpt>
			<trkpt lat="45.00377" lon="2.55549">
				<ele>722.66</ele>
				<time>2026-05-28T14:28:19.208Z</time>
			</trkpt>
			<trkpt lat="45.00309" lon="2.55502">
				<ele>717.47</ele>
				<time>2026-05-28T14:28:26.612Z</time>
			</trkpt>
			<trkpt lat="45.00284" lon="2.55482">
				<ele>716.8</ele>
				<time>2026-05-28T14:28:29.733Z</time>
			</trkpt>
			<trkpt lat="45.00279" lon="2.55482">
				<ele>717.35</ele>
				<time>2026-05-28T14:28:30.295Z</time>
			</trkpt>
			<trkpt lat="45.00257" lon="2.55472">
				<ele>718.91</ele>
				<time>2026-05-28T14:28:33.554Z</time>
			</trkpt>
			<trkpt lat="45.00184" lon="2.55417">
				<ele>722</ele>
				<time>2026-05-28T14:28:52.605Z</time>
			</trkpt>
			<trkpt lat="45.00155" lon="2.55399">
				<ele>721.41</ele>
				<time>2026-05-28T14:29:01.172Z</time>
			</trkpt>
			<trkpt lat="45.00128" lon="2.55391">
				<ele>721.33</ele>
				<time>2026-05-28T14:29:08.376Z</time>
			</trkpt>
			<trkpt lat="45.00114" lon="2.55384">
				<ele>720.03</ele>
				<time>2026-05-28T14:29:11.987Z</time>
			</trkpt>
			<trkpt lat="45.00096" lon="2.55371">
				<ele>719.36</ele>
				<time>2026-05-28T14:29:16.444Z</time>
			</trkpt>
			<trkpt lat="45.0009" lon="2.55368">
				<ele>719.25</ele>
				<time>2026-05-28T14:29:17.713Z</time>
			</trkpt>
			<trkpt lat="45.00084" lon="2.55365">
				<ele>719.14</ele>
				<time>2026-05-28T14:29:18.907Z</time>
			</trkpt>
			<trkpt lat="45.00078" lon="2.55361">
				<ele>719.21</ele>
				<time>2026-05-28T14:29:20.068Z</time>
			</trkpt>
			<trkpt lat="45.00065" lon="2.55359">
				<ele>719.53</ele>
				<time>2026-05-28T14:29:22.078Z</time>
			</trkpt>
			<trkpt lat="45.0006" lon="2.55368">
				<ele>720.1</ele>
				<time>2026-05-28T14:29:23.128Z</time>
			</trkpt>
			<trkpt lat="45.00055" lon="2.55411">
				<ele>722.61</ele>
				<time>2026-05-28T14:29:26.890Z</time>
			</trkpt>
			<trkpt lat="45.00062" lon="2.55492">
				<ele>726.89</ele>
				<time>2026-05-28T14:29:33.483Z</time>
			</trkpt>
			<trkpt lat="45.00066" lon="2.55515">
				<ele>728.64</ele>
				<time>2026-05-28T14:29:35.293Z</time>
			</trkpt>
			<trkpt lat="45.00066" lon="2.55532">
				<ele>730.96</ele>
				<time>2026-05-28T14:29:36.564Z</time>
			</trkpt>
			<trkpt lat="45.00047" lon="2.55572">
				<ele>741.63</ele>
				<time>2026-05-28T14:29:40.047Z</time>
			</trkpt>
			<trkpt lat="45.00042" lon="2.55593">
				<ele>746.7</ele>
				<time>2026-05-28T14:29:41.590Z</time>
			</trkpt>
			<trkpt lat="45.00022" lon="2.55635">
				<ele>756.29</ele>
				<time>2026-05-28T14:29:44.988Z</time>
			</trkpt>
			<trkpt lat="45.00017" lon="2.55649">
				<ele>756.27</ele>
				<time>2026-05-28T14:29:46.005Z</time>
			</trkpt>
			<trkpt lat="45.00002" lon="2.55677">
				<ele>755.93</ele>
				<time>2026-05-28T14:29:48.226Z</time>
			</trkpt>
			<trkpt lat="44.99995" lon="2.55691">
				<ele>754.71</ele>
				<time>2026-05-28T14:29:49.282Z</time>
			</trkpt>
			<trkpt lat="44.99968" lon="2.55727">
				<ele>761.3</ele>
				<time>2026-05-28T14:29:52.407Z</time>
			</trkpt>
			<trkpt lat="44.99959" lon="2.55776">
				<ele>764.63</ele>
				<time>2026-05-28T14:29:55.277Z</time>
			</trkpt>
			<trkpt lat="44.99962" lon="2.55822">
				<ele>769.18</ele>
				<time>2026-05-28T14:29:57.782Z</time>
			</trkpt>
			<trkpt lat="44.99968" lon="2.55859">
				<ele>770.32</ele>
				<time>2026-05-28T14:29:59.766Z</time>
			</trkpt>
			<trkpt lat="44.99965" lon="2.55878">
				<ele>772.08</ele>
				<time>2026-05-28T14:30:00.760Z</time>
			</trkpt>
			<trkpt lat="44.99965" lon="2.55892">
				<ele>772.57</ele>
				<time>2026-05-28T14:30:01.465Z</time>
			</trkpt>
			<trkpt lat="44.99963" lon="2.55908">
				<ele>773.61</ele>
				<time>2026-05-28T14:30:02.273Z</time>
			</trkpt>
			<trkpt lat="44.99963" lon="2.5593">
				<ele>774.28</ele>
				<time>2026-05-28T14:30:03.352Z</time>
			</trkpt>
			<trkpt lat="44.99966" lon="2.55953">
				<ele>774.3</ele>
				<time>2026-05-28T14:30:04.480Z</time>
			</trkpt>
			<trkpt lat="44.99974" lon="2.55974">
				<ele>774.12</ele>
				<time>2026-05-28T14:30:05.611Z</time>
			</trkpt>
			<trkpt lat="44.99982" lon="2.55988">
				<ele>775.41</ele>
				<time>2026-05-28T14:30:06.453Z</time>
			</trkpt>
			<trkpt lat="44.9999" lon="2.56017">
				<ele>778.27</ele>
				<time>2026-05-28T14:30:07.886Z</time>
			</trkpt>
			<trkpt lat="44.99992" lon="2.56032">
				<ele>779.7</ele>
				<time>2026-05-28T14:30:08.579Z</time>
			</trkpt>
			<trkpt lat="44.99992" lon="2.56047">
				<ele>780.26</ele>
				<time>2026-05-28T14:30:09.254Z</time>
			</trkpt>
			<trkpt lat="44.99981" lon="2.56062">
				<ele>782.29</ele>
				<time>2026-05-28T14:30:10.218Z</time>
			</trkpt>
			<trkpt lat="44.99971" lon="2.56068">
				<ele>784.12</ele>
				<time>2026-05-28T14:30:10.897Z</time>
			</trkpt>
			<trkpt lat="44.99936" lon="2.56079">
				<ele>792.82</ele>
				<time>2026-05-28T14:30:13.104Z</time>
			</trkpt>
			<trkpt lat="44.99913" lon="2.561">
				<ele>800.09</ele>
				<time>2026-05-28T14:30:14.761Z</time>
			</trkpt>
			<trkpt lat="44.99885" lon="2.56135">
				<ele>809.16</ele>
				<time>2026-05-28T14:30:16.995Z</time>
			</trkpt>
			<trkpt lat="44.99873" lon="2.56143">
				<ele>811.68</ele>
				<time>2026-05-28T14:30:17.783Z</time>
			</trkpt>
			<trkpt lat="44.9986" lon="2.56158">
				<ele>812.62</ele>
				<time>2026-05-28T14:30:18.776Z</time>
			</trkpt>
			<trkpt lat="44.99854" lon="2.56174">
				<ele>812.61</ele>
				<time>2026-05-28T14:30:19.533Z</time>
			</trkpt>
			<trkpt lat="44.99854" lon="2.56181">
				<ele>811.74</ele>
				<time>2026-05-28T14:30:19.825Z</time>
			</trkpt>
			<trkpt lat="44.99857" lon="2.56192">
				<ele>809.92</ele>
				<time>2026-05-28T14:30:20.318Z</time>
			</trkpt>
			<trkpt lat="44.99863" lon="2.56194">
				<ele>808.67</ele>
				<time>2026-05-28T14:30:20.682Z</time>
			</trkpt>
			<trkpt lat="44.99871" lon="2.56195">
				<ele>807.58</ele>
				<time>2026-05-28T14:30:21.156Z</time>
			</trkpt>
			<trkpt lat="44.99894" lon="2.56189">
				<ele>804.6</ele>
				<time>2026-05-28T14:30:22.540Z</time>
			</trkpt>
			<trkpt lat="44.99905" lon="2.5619">
				<ele>803.57</ele>
				<time>2026-05-28T14:30:23.194Z</time>
			</trkpt>
			<trkpt lat="44.99919" lon="2.56198">
				<ele>803.54</ele>
				<time>2026-05-28T14:30:24.092Z</time>
			</trkpt>
			<trkpt lat="44.99936" lon="2.56202">
				<ele>804.57</ele>
				<time>2026-05-28T14:30:25.122Z</time>
			</trkpt>
			<trkpt lat="44.99944" lon="2.5621">
				<ele>806.44</ele>
				<time>2026-05-28T14:30:25.711Z</time>
			</trkpt>
			<trkpt lat="44.99949" lon="2.56212">
				<ele>806.86</ele>
				<time>2026-05-28T14:30:26.024Z</time>
			</trkpt>
			<trkpt lat="44.99962" lon="2.56206">
				<ele>804.88</ele>
				<time>2026-05-28T14:30:26.851Z</time>
			</trkpt>
			<trkpt lat="44.99972" lon="2.56204">
				<ele>803.91</ele>
				<time>2026-05-28T14:30:27.466Z</time>
			</trkpt>
			<trkpt lat="44.99976" lon="2.56211">
				<ele>806.1</ele>
				<time>2026-05-28T14:30:27.855Z</time>
			</trkpt>
			<trkpt lat="44.99983" lon="2.5625">
				<ele>817.44</ele>
				<time>2026-05-28T14:30:29.611Z</time>
			</trkpt>
			<trkpt lat="44.99999" lon="2.56288">
				<ele>824.16</ele>
				<time>2026-05-28T14:30:31.581Z</time>
			</trkpt>
			<trkpt lat="45.00019" lon="2.56316">
				<ele>828.19</ele>
				<time>2026-05-28T14:30:33.394Z</time>
			</trkpt>
			<trkpt lat="45.00035" lon="2.56325">
				<ele>829.85</ele>
				<time>2026-05-28T14:30:34.526Z</time>
			</trkpt>
			<trkpt lat="45.00049" lon="2.56336">
				<ele>832.18</ele>
				<time>2026-05-28T14:30:35.595Z</time>
			</trkpt>
			<trkpt lat="45.00055" lon="2.56343">
				<ele>833.98</ele>
				<time>2026-05-28T14:30:36.120Z</time>
			</trkpt>
			<trkpt lat="45.00058" lon="2.56346">
				<ele>834.71</ele>
				<time>2026-05-28T14:30:36.369Z</time>
			</trkpt>
			<trkpt lat="45.00105" lon="2.56377">
				<ele>842.72</ele>
				<time>2026-05-28T14:30:39.829Z</time>
			</trkpt>
			<trkpt lat="45.00116" lon="2.56382">
				<ele>844.91</ele>
				<time>2026-05-28T14:30:40.579Z</time>
			</trkpt>
			<trkpt lat="45.00134" lon="2.56387">
				<ele>846.44</ele>
				<time>2026-05-28T14:30:41.783Z</time>
			</trkpt>
			<trkpt lat="45.00148" lon="2.56398">
				<ele>847.24</ele>
				<time>2026-05-28T14:30:42.836Z</time>
			</trkpt>
			<trkpt lat="45.00172" lon="2.56433">
				<ele>851.2</ele>
				<time>2026-05-28T14:30:45.103Z</time>
			</trkpt>
			<trkpt lat="45.0019" lon="2.56465">
				<ele>858.35</ele>
				<time>2026-05-28T14:30:47.004Z</time>
			</trkpt>
			<trkpt lat="45.00201" lon="2.56504">
				<ele>869.23</ele>
				<time>2026-05-28T14:30:48.956Z</time>
			</trkpt>
			<trkpt lat="45.0021" lon="2.5652">
				<ele>870.21</ele>
				<time>2026-05-28T14:30:49.907Z</time>
			</trkpt>
			<trkpt lat="45.00222" lon="2.56535">
				<ele>870.5</ele>
				<time>2026-05-28T14:30:50.960Z</time>
			</trkpt>
			<trkpt lat="45.00229" lon="2.56553">
				<ele>873.74</ele>
				<time>2026-05-28T14:30:51.915Z</time>
			</trkpt>
			<trkpt lat="45.0025" lon="2.56629">
				<ele>881.25</ele>
				<time>2026-05-28T14:30:55.710Z</time>
			</trkpt>
			<trkpt lat="45.0025" lon="2.56652">
				<ele>883.85</ele>
				<time>2026-05-28T14:30:56.779Z</time>
			</trkpt>
			<trkpt lat="45.00238" lon="2.56685">
				<ele>889.22</ele>
				<time>2026-05-28T14:30:58.505Z</time>
			</trkpt>
			<trkpt lat="45.00233" lon="2.56691">
				<ele>891.05</ele>
				<time>2026-05-28T14:30:58.936Z</time>
			</trkpt>
			<trkpt lat="45.00221" lon="2.56719">
				<ele>897.05</ele>
				<time>2026-05-28T14:31:00.458Z</time>
			</trkpt>
			<trkpt lat="45.00217" lon="2.56758">
				<ele>904.71</ele>
				<time>2026-05-28T14:31:02.291Z</time>
			</trkpt>
			<trkpt lat="45.00213" lon="2.56767">
				<ele>907.25</ele>
				<time>2026-05-28T14:31:02.785Z</time>
			</trkpt>
			<trkpt lat="45.00206" lon="2.56757">
				<ele>908.27</ele>
				<time>2026-05-28T14:31:03.440Z</time>
			</trkpt>
			<trkpt lat="45.00202" lon="2.56729">
				<ele>907.14</ele>
				<time>2026-05-28T14:31:04.768Z</time>
			</trkpt>
			<trkpt lat="45.002" lon="2.56676">
				<ele>904.83</ele>
				<time>2026-05-28T14:31:07.236Z</time>
			</trkpt>
			<trkpt lat="45.00191" lon="2.56643">
				<ele>906.25</ele>
				<time>2026-05-28T14:31:08.881Z</time>
			</trkpt>
			<trkpt lat="45.00126" lon="2.56554">
				<ele>911.29</ele>
				<time>2026-05-28T14:31:14.831Z</time>
			</trkpt>
			<trkpt lat="45.00122" lon="2.56552">
				<ele>910.83</ele>
				<time>2026-05-28T14:31:15.110Z</time>
			</trkpt>
			<trkpt lat="45.00097" lon="2.56568">
				<ele>917.86</ele>
				<time>2026-05-28T14:31:16.915Z</time>
			</trkpt>
			<trkpt lat="45.00072" lon="2.56582">
				<ele>921.71</ele>
				<time>2026-05-28T14:31:18.683Z</time>
			</trkpt>
			<trkpt lat="45.00056" lon="2.56582">
				<ele>921.8</ele>
				<time>2026-05-28T14:31:19.736Z</time>
			</trkpt>
			<trkpt lat="45.00028" lon="2.56574">
				<ele>925.79</ele>
				<time>2026-05-28T14:31:21.614Z</time>
			</trkpt>
			<trkpt lat="45.00005" lon="2.56563">
				<ele>927.51</ele>
				<time>2026-05-28T14:31:23.211Z</time>
			</trkpt>
			<trkpt lat="44.99982" lon="2.56555">
				<ele>928.3</ele>
				<time>2026-05-28T14:31:24.769Z</time>
			</trkpt>
			<trkpt lat="44.99962" lon="2.56542">
				<ele>925.05</ele>
				<time>2026-05-28T14:31:26.216Z</time>
			</trkpt>
			<trkpt lat="44.99948" lon="2.56536">
				<ele>922.6</ele>
				<time>2026-05-28T14:31:27.178Z</time>
			</trkpt>
			<trkpt lat="44.99938" lon="2.56535">
				<ele>921.21</ele>
				<time>2026-05-28T14:31:27.838Z</time>
			</trkpt>
			<trkpt lat="44.99931" lon="2.56536">
				<ele>920.54</ele>
				<time>2026-05-28T14:31:28.300Z</time>
			</trkpt>
			<trkpt lat="44.99929" lon="2.56543">
				<ele>921.8</ele>
				<time>2026-05-28T14:31:28.652Z</time>
			</trkpt>
			<trkpt lat="44.9993" lon="2.56555">
				<ele>924.39</ele>
				<time>2026-05-28T14:31:29.213Z</time>
			</trkpt>
			<trkpt lat="44.99934" lon="2.56564">
				<ele>926.78</ele>
				<time>2026-05-28T14:31:29.708Z</time>
			</trkpt>
			<trkpt lat="44.99943" lon="2.56573">
				<ele>929.98</ele>
				<time>2026-05-28T14:31:30.433Z</time>
			</trkpt>
			<trkpt lat="44.99967" lon="2.56591">
				<ele>934.53</ele>
				<time>2026-05-28T14:31:32.219Z</time>
			</trkpt>
			<trkpt lat="44.99979" lon="2.56613">
				<ele>937.04</ele>
				<time>2026-05-28T14:31:33.511Z</time>
			</trkpt>
			<trkpt lat="44.99984" lon="2.56632">
				<ele>938.91</ele>
				<time>2026-05-28T14:31:34.454Z</time>
			</trkpt>
			<trkpt lat="44.9999" lon="2.56668">
				<ele>943.08</ele>
				<time>2026-05-28T14:31:36.174Z</time>
			</trkpt>
			<trkpt lat="44.99994" lon="2.56708">
				<ele>949.78</ele>
				<time>2026-05-28T14:31:38.052Z</time>
			</trkpt>
			<trkpt lat="44.9999" lon="2.56748">
				<ele>953.55</ele>
				<time>2026-05-28T14:31:39.930Z</time>
			</trkpt>
			<trkpt lat="44.99997" lon="2.56777">
				<ele>954.98</ele>
				<time>2026-05-28T14:31:41.355Z</time>
			</trkpt>
			<trkpt lat="44.99999" lon="2.5681">
				<ele>956.18</ele>
				<time>2026-05-28T14:31:42.895Z</time>
			</trkpt>
			<trkpt lat="44.99997" lon="2.56834">
				<ele>957.14</ele>
				<time>2026-05-28T14:31:44.019Z</time>
			</trkpt>
			<trkpt lat="44.9999" lon="2.56861">
				<ele>958.69</ele>
				<time>2026-05-28T14:31:45.356Z</time>
			</trkpt>
			<trkpt lat="44.9997" lon="2.56902">
				<ele>963.09</ele>
				<time>2026-05-28T14:31:47.671Z</time>
			</trkpt>
			<trkpt lat="44.99967" lon="2.56931">
				<ele>965.39</ele>
				<time>2026-05-28T14:31:49.034Z</time>
			</trkpt>
			<trkpt lat="44.99962" lon="2.56949">
				<ele>966.91</ele>
				<time>2026-05-28T14:31:49.933Z</time>
			</trkpt>
			<trkpt lat="44.99946" lon="2.56975">
				<ele>968.94</ele>
				<time>2026-05-28T14:31:51.535Z</time>
			</trkpt>
			<trkpt lat="44.99928" lon="2.56979">
				<ele>971.24</ele>
				<time>2026-05-28T14:31:52.733Z</time>
			</trkpt>
			<trkpt lat="44.99905" lon="2.56971">
				<ele>972.36</ele>
				<time>2026-05-28T14:31:54.290Z</time>
			</trkpt>
			<trkpt lat="44.99884" lon="2.56968">
				<ele>971.98</ele>
				<time>2026-05-28T14:31:55.678Z</time>
			</trkpt>
			<trkpt lat="44.99825" lon="2.56986">
				<ele>964.97</ele>
				<time>2026-05-28T14:31:59.646Z</time>
			</trkpt>
			<trkpt lat="44.99813" lon="2.56997">
				<ele>964.27</ele>
				<time>2026-05-28T14:32:00.587Z</time>
			</trkpt>
			<trkpt lat="44.99785" lon="2.57045">
				<ele>965.77</ele>
				<time>2026-05-28T14:32:03.480Z</time>
			</trkpt>
			<trkpt lat="44.99772" lon="2.57057">
				<ele>964.85</ele>
				<time>2026-05-28T14:32:04.501Z</time>
			</trkpt>
			<trkpt lat="44.99739" lon="2.57082">
				<ele>961.02</ele>
				<time>2026-05-28T14:32:06.963Z</time>
			</trkpt>
			<trkpt lat="44.99731" lon="2.57096">
				<ele>961.66</ele>
				<time>2026-05-28T14:32:07.800Z</time>
			</trkpt>
			<trkpt lat="44.99726" lon="2.57117">
				<ele>963.88</ele>
				<time>2026-05-28T14:32:08.830Z</time>
			</trkpt>
			<trkpt lat="44.99723" lon="2.57135">
				<ele>965.63</ele>
				<time>2026-05-28T14:32:09.690Z</time>
			</trkpt>
			<trkpt lat="44.99713" lon="2.57212">
				<ele>968.6</ele>
				<time>2026-05-28T14:32:13.330Z</time>
			</trkpt>
			<trkpt lat="44.99709" lon="2.57228">
				<ele>969.77</ele>
				<time>2026-05-28T14:32:14.119Z</time>
			</trkpt>
			<trkpt lat="44.99704" lon="2.5724">
				<ele>970.1</ele>
				<time>2026-05-28T14:32:14.767Z</time>
			</trkpt>
			<trkpt lat="44.99697" lon="2.57254">
				<ele>969.88</ele>
				<time>2026-05-28T14:32:15.564Z</time>
			</trkpt>
			<trkpt lat="44.99669" lon="2.5729">
				<ele>969.24</ele>
				<time>2026-05-28T14:32:18.053Z</time>
			</trkpt>
			<trkpt lat="44.99658" lon="2.57314">
				<ele>969.71</ele>
				<time>2026-05-28T14:32:19.383Z</time>
			</trkpt>
			<trkpt lat="44.99653" lon="2.57337">
				<ele>969.78</ele>
				<time>2026-05-28T14:32:20.502Z</time>
			</trkpt>
			<trkpt lat="44.99648" lon="2.57349">
				<ele>968.64</ele>
				<time>2026-05-28T14:32:21.150Z</time>
			</trkpt>
			<trkpt lat="44.99644" lon="2.57356">
				<ele>967.51</ele>
				<time>2026-05-28T14:32:21.568Z</time>
			</trkpt>
			<trkpt lat="44.99622" lon="2.57382">
				<ele>961.16</ele>
				<time>2026-05-28T14:32:23.454Z</time>
			</trkpt>
			<trkpt lat="44.99613" lon="2.57397">
				<ele>959.72</ele>
				<time>2026-05-28T14:32:24.369Z</time>
			</trkpt>
			<trkpt lat="44.99599" lon="2.57429">
				<ele>960.79</ele>
				<time>2026-05-28T14:32:26.119Z</time>
			</trkpt>
			<trkpt lat="44.9959" lon="2.57445">
				<ele>960.67</ele>
				<time>2026-05-28T14:32:27.069Z</time>
			</trkpt>
			<trkpt lat="44.99588" lon="2.57453">
				<ele>961.34</ele>
				<time>2026-05-28T14:32:27.464Z</time>
			</trkpt>
			<trkpt lat="44.99583" lon="2.57459">
				<ele>961.15</ele>
				<time>2026-05-28T14:32:27.895Z</time>
			</trkpt>
			<trkpt lat="44.99577" lon="2.57454">
				<ele>961.43</ele>
				<time>2026-05-28T14:32:28.353Z</time>
			</trkpt>
			<trkpt lat="44.99575" lon="2.57426">
				<ele>959.13</ele>
				<time>2026-05-28T14:32:29.662Z</time>
			</trkpt>
			<trkpt lat="44.99576" lon="2.57409">
				<ele>957.78</ele>
				<time>2026-05-28T14:32:30.455Z</time>
			</trkpt>
			<trkpt lat="44.9957" lon="2.57376">
				<ele>956.18</ele>
				<time>2026-05-28T14:32:32.040Z</time>
			</trkpt>
			<trkpt lat="44.99552" lon="2.57339">
				<ele>954.68</ele>
				<time>2026-05-28T14:32:34.129Z</time>
			</trkpt>
			<trkpt lat="44.99543" lon="2.57313">
				<ele>954.8</ele>
				<time>2026-05-28T14:32:35.475Z</time>
			</trkpt>
			<trkpt lat="44.9954" lon="2.5729">
				<ele>955.85</ele>
				<time>2026-05-28T14:32:36.563Z</time>
			</trkpt>
			<trkpt lat="44.9954" lon="2.57254">
				<ele>955.94</ele>
				<time>2026-05-28T14:32:38.237Z</time>
			</trkpt>
			<trkpt lat="44.9956" lon="2.57172">
				<ele>947.75</ele>
				<time>2026-05-28T14:32:42.271Z</time>
			</trkpt>
			<trkpt lat="44.99562" lon="2.57144">
				<ele>946.66</ele>
				<time>2026-05-28T14:32:43.580Z</time>
			</trkpt>
			<trkpt lat="44.99553" lon="2.57076">
				<ele>947.55</ele>
				<time>2026-05-28T14:32:46.797Z</time>
			</trkpt>
			<trkpt lat="44.99558" lon="2.57044">
				<ele>942.85</ele>
				<time>2026-05-28T14:32:48.321Z</time>
			</trkpt>
			<trkpt lat="44.9956" lon="2.57008">
				<ele>943.2</ele>
				<time>2026-05-28T14:32:50.001Z</time>
			</trkpt>
			<trkpt lat="44.99555" lon="2.56941">
				<ele>946.88</ele>
				<time>2026-05-28T14:32:53.134Z</time>
			</trkpt>
			<trkpt lat="44.9954" lon="2.56884">
				<ele>946.11</ele>
				<time>2026-05-28T14:32:55.963Z</time>
			</trkpt>
			<trkpt lat="44.9953" lon="2.56833">
				<ele>946.15</ele>
				<time>2026-05-28T14:32:58.424Z</time>
			</trkpt>
			<trkpt lat="44.99523" lon="2.56815">
				<ele>946.66</ele>
				<time>2026-05-28T14:32:59.379Z</time>
			</trkpt>
			<trkpt lat="44.99504" lon="2.568">
				<ele>948.72</ele>
				<time>2026-05-28T14:33:00.811Z</time>
			</trkpt>
			<trkpt lat="44.99499" lon="2.56789">
				<ele>948.86</ele>
				<time>2026-05-28T14:33:01.419Z</time>
			</trkpt>
			<trkpt lat="44.99499" lon="2.56771">
				<ele>947.71</ele>
				<time>2026-05-28T14:33:02.256Z</time>
			</trkpt>
			<trkpt lat="44.9951" lon="2.56739">
				<ele>943.54</ele>
				<time>2026-05-28T14:33:03.911Z</time>
			</trkpt>
			<trkpt lat="44.99519" lon="2.56673">
				<ele>948.3</ele>
				<time>2026-05-28T14:33:07.037Z</time>
			</trkpt>
			<trkpt lat="44.99534" lon="2.56628">
				<ele>952.43</ele>
				<time>2026-05-28T14:33:09.350Z</time>
			</trkpt>
			<trkpt lat="44.99539" lon="2.56608">
				<ele>954</ele>
				<time>2026-05-28T14:33:10.337Z</time>
			</trkpt>
			<trkpt lat="44.99541" lon="2.56582">
				<ele>956.15</ele>
				<time>2026-05-28T14:33:11.553Z</time>
			</trkpt>
			<trkpt lat="44.99536" lon="2.56558">
				<ele>958.26</ele>
				<time>2026-05-28T14:33:12.717Z</time>
			</trkpt>
			<trkpt lat="44.9953" lon="2.56543">
				<ele>959.68</ele>
				<time>2026-05-28T14:33:13.518Z</time>
			</trkpt>
			<trkpt lat="44.99515" lon="2.56524">
				<ele>961.17</ele>
				<time>2026-05-28T14:33:14.842Z</time>
			</trkpt>
			<trkpt lat="44.99514" lon="2.56488">
				<ele>960.08</ele>
				<time>2026-05-28T14:33:16.518Z</time>
			</trkpt>
			<trkpt lat="44.99502" lon="2.56426">
				<ele>957.84</ele>
				<time>2026-05-28T14:33:19.507Z</time>
			</trkpt>
			<trkpt lat="44.99498" lon="2.56386">
				<ele>954.82</ele>
				<time>2026-05-28T14:33:21.386Z</time>
			</trkpt>
			<trkpt lat="44.99489" lon="2.5635">
				<ele>951.65</ele>
				<time>2026-05-28T14:33:23.161Z</time>
			</trkpt>
			<trkpt lat="44.99465" lon="2.563">
				<ele>947.06</ele>
				<time>2026-05-28T14:33:25.972Z</time>
			</trkpt>
			<trkpt lat="44.99443" lon="2.56243">
				<ele>942.63</ele>
				<time>2026-05-28T14:33:28.992Z</time>
			</trkpt>
			<trkpt lat="44.99423" lon="2.56198">
				<ele>941.58</ele>
				<time>2026-05-28T14:33:31.463Z</time>
			</trkpt>
			<trkpt lat="44.9941" lon="2.56165">
				<ele>941.54</ele>
				<time>2026-05-28T14:33:33.220Z</time>
			</trkpt>
			<trkpt lat="44.99407" lon="2.56151">
				<ele>941.23</ele>
				<time>2026-05-28T14:33:33.900Z</time>
			</trkpt>
			<trkpt lat="44.99404" lon="2.56098">
				<ele>939.65</ele>
				<time>2026-05-28T14:33:36.373Z</time>
			</trkpt>
			<trkpt lat="44.99407" lon="2.56005">
				<ele>934.46</ele>
				<time>2026-05-28T14:33:40.702Z</time>
			</trkpt>
			<trkpt lat="44.99406" lon="2.55983">
				<ele>932.67</ele>
				<time>2026-05-28T14:33:41.728Z</time>
			</trkpt>
			<trkpt lat="44.99401" lon="2.55962">
				<ele>931.38</ele>
				<time>2026-05-28T14:33:42.758Z</time>
			</trkpt>
			<trkpt lat="44.99389" lon="2.55939">
				<ele>930.6</ele>
				<time>2026-05-28T14:33:44.083Z</time>
			</trkpt>
			<trkpt lat="44.99375" lon="2.55925">
				<ele>930.6</ele>
				<time>2026-05-28T14:33:45.200Z</time>
			</trkpt>
			<trkpt lat="44.99358" lon="2.55917">
				<ele>930.97</ele>
				<time>2026-05-28T14:33:46.361Z</time>
			</trkpt>
			<trkpt lat="44.99339" lon="2.55921">
				<ele>930.44</ele>
				<time>2026-05-28T14:33:47.599Z</time>
			</trkpt>
			<trkpt lat="44.99309" lon="2.55955">
				<ele>927.86</ele>
				<time>2026-05-28T14:33:50.055Z</time>
			</trkpt>
			<trkpt lat="44.9929" lon="2.55973">
				<ele>927.02</ele>
				<time>2026-05-28T14:33:51.505Z</time>
			</trkpt>
			<trkpt lat="44.9919" lon="2.56045">
				<ele>927.56</ele>
				<time>2026-05-28T14:33:58.515Z</time>
			</trkpt>
			<trkpt lat="44.99169" lon="2.56068">
				<ele>928.28</ele>
				<time>2026-05-28T14:34:00.155Z</time>
			</trkpt>
			<trkpt lat="44.99133" lon="2.56095">
				<ele>934.28</ele>
				<time>2026-05-28T14:34:02.662Z</time>
			</trkpt>
			<trkpt lat="44.99119" lon="2.56104">
				<ele>939.55</ele>
				<time>2026-05-28T14:34:03.605Z</time>
			</trkpt>
			<trkpt lat="44.99113" lon="2.56094">
				<ele>938.24</ele>
				<time>2026-05-28T14:34:04.174Z</time>
			</trkpt>
			<trkpt lat="44.99083" lon="2.55991">
				<ele>928.36</ele>
				<time>2026-05-28T14:34:08.997Z</time>
			</trkpt>
			<trkpt lat="44.99052" lon="2.55936">
				<ele>930.5</ele>
				<time>2026-05-28T14:34:12.043Z</time>
			</trkpt>
			<trkpt lat="44.9905" lon="2.55919">
				<ele>927.77</ele>
				<time>2026-05-28T14:34:12.791Z</time>
			</trkpt>
			<trkpt lat="44.9905" lon="2.55893">
				<ele>920.02</ele>
				<time>2026-05-28T14:34:13.921Z</time>
			</trkpt>
			<trkpt lat="44.99042" lon="2.55872">
				<ele>919.87</ele>
				<time>2026-05-28T14:34:14.958Z</time>
			</trkpt>
			<trkpt lat="44.99016" lon="2.55842">
				<ele>924.88</ele>
				<time>2026-05-28T14:34:17.029Z</time>
			</trkpt>
			<trkpt lat="44.99001" lon="2.55766">
				<ele>920.18</ele>
				<time>2026-05-28T14:34:20.494Z</time>
			</trkpt>
			<trkpt lat="44.98997" lon="2.55724">
				<ele>917.7</ele>
				<time>2026-05-28T14:34:22.370Z</time>
			</trkpt>
			<trkpt lat="44.98955" lon="2.55623">
				<ele>918.81</ele>
				<time>2026-05-28T14:34:27.623Z</time>
			</trkpt>
			<trkpt lat="44.98942" lon="2.55601">
				<ele>919.14</ele>
				<time>2026-05-28T14:34:28.926Z</time>
			</trkpt>
			<trkpt lat="44.98816" lon="2.55459">
				<ele>920</ele>
				<time>2026-05-28T14:34:39.605Z</time>
			</trkpt>
			<trkpt lat="44.98785" lon="2.55412">
				<ele>919.96</ele>
				<time>2026-05-28T14:34:42.741Z</time>
			</trkpt>
			<trkpt lat="44.9875" lon="2.55378">
				<ele>922.92</ele>
				<time>2026-05-28T14:34:45.730Z</time>
			</trkpt>
			<trkpt lat="44.98682" lon="2.55355">
				<ele>925.12</ele>
				<time>2026-05-28T14:34:50.785Z</time>
			</trkpt>
			<trkpt lat="44.98646" lon="2.55339">
				<ele>924.79</ele>
				<time>2026-05-28T14:34:53.588Z</time>
			</trkpt>
			<trkpt lat="44.98585" lon="2.55299">
				<ele>925.13</ele>
				<time>2026-05-28T14:34:58.726Z</time>
			</trkpt>
			<trkpt lat="44.98538" lon="2.55257">
				<ele>921.28</ele>
				<time>2026-05-28T14:35:03.125Z</time>
			</trkpt>
			<trkpt lat="44.98471" lon="2.55191">
				<ele>914.71</ele>
				<time>2026-05-28T14:35:09.901Z</time>
			</trkpt>
			<trkpt lat="44.98415" lon="2.55133">
				<ele>912.22</ele>
				<time>2026-05-28T14:35:15.952Z</time>
			</trkpt>
			<trkpt lat="44.98327" lon="2.5506">
				<ele>906.69</ele>
				<time>2026-05-28T14:35:25.299Z</time>
			</trkpt>
			<trkpt lat="44.98313" lon="2.55042">
				<ele>904.62</ele>
				<time>2026-05-28T14:35:27.089Z</time>
			</trkpt>
			<trkpt lat="44.98277" lon="2.54982">
				<ele>900.76</ele>
				<time>2026-05-28T14:35:32.448Z</time>
			</trkpt>
			<trkpt lat="44.98262" lon="2.54967">
				<ele>900.19</ele>
				<time>2026-05-28T14:35:34.248Z</time>
			</trkpt>
			<trkpt lat="44.98226" lon="2.54943">
				<ele>898.96</ele>
				<time>2026-05-28T14:35:38.198Z</time>
			</trkpt>
			<trkpt lat="44.98181" lon="2.54906">
				<ele>898</ele>
				<time>2026-05-28T14:35:43.462Z</time>
			</trkpt>
			<trkpt lat="44.98087" lon="2.5485">
				<ele>896.84</ele>
				<time>2026-05-28T14:35:54.083Z</time>
			</trkpt>
			<trkpt lat="44.98049" lon="2.54807">
				<ele>897.69</ele>
				<time>2026-05-28T14:35:59.281Z</time>
			</trkpt>
			<trkpt lat="44.98001" lon="2.548">
				<ele>896.23</ele>
				<time>2026-05-28T14:36:04.512Z</time>
			</trkpt>
			<trkpt lat="44.9796" lon="2.54783">
				<ele>896.39</ele>
				<time>2026-05-28T14:36:09.202Z</time>
			</trkpt>
			<trkpt lat="44.97923" lon="2.5478">
				<ele>898.07</ele>
				<time>2026-05-28T14:36:13.313Z</time>
			</trkpt>
			<trkpt lat="44.97899" lon="2.54775">
				<ele>899.68</ele>
				<time>2026-05-28T14:36:16.024Z</time>
			</trkpt>
			<trkpt lat="44.97846" lon="2.54758">
				<ele>893.71</ele>
				<time>2026-05-28T14:36:22.151Z</time>
			</trkpt>
			<trkpt lat="44.97806" lon="2.54739">
				<ele>892.11</ele>
				<time>2026-05-28T14:36:26.957Z</time>
			</trkpt>
			<trkpt lat="44.97719" lon="2.54687">
				<ele>892.6</ele>
				<time>2026-05-28T14:36:37.848Z</time>
			</trkpt>
			<trkpt lat="44.97679" lon="2.54657">
				<ele>891.59</ele>
				<time>2026-05-28T14:36:43.126Z</time>
			</trkpt>
			<trkpt lat="44.97656" lon="2.54619">
				<ele>891.13</ele>
				<time>2026-05-28T14:36:47.271Z</time>
			</trkpt>
			<trkpt lat="44.9763" lon="2.54536">
				<ele>889.08</ele>
				<time>2026-05-28T14:36:54.838Z</time>
			</trkpt>
			<trkpt lat="44.97601" lon="2.54496">
				<ele>887.92</ele>
				<time>2026-05-28T14:36:59.635Z</time>
			</trkpt>
			<trkpt lat="44.9753" lon="2.54436">
				<ele>883.34</ele>
				<time>2026-05-28T14:37:09.473Z</time>
			</trkpt>
			<trkpt lat="44.9749" lon="2.54413">
				<ele>882.45</ele>
				<time>2026-05-28T14:37:14.624Z</time>
			</trkpt>
			<trkpt lat="44.97455" lon="2.54377">
				<ele>879.46</ele>
				<time>2026-05-28T14:37:19.793Z</time>
			</trkpt>
			<trkpt lat="44.97313" lon="2.54197">
				<ele>874.89</ele>
				<time>2026-05-28T14:37:42.552Z</time>
			</trkpt>
			<trkpt lat="44.97287" lon="2.54154">
				<ele>876.6</ele>
				<time>2026-05-28T14:37:47.304Z</time>
			</trkpt>
			<trkpt lat="44.97265" lon="2.54099">
				<ele>875.09</ele>
				<time>2026-05-28T14:37:52.594Z</time>
			</trkpt>
			<trkpt lat="44.97233" lon="2.54059">
				<ele>875.98</ele>
				<time>2026-05-28T14:37:57.629Z</time>
			</trkpt>
			<trkpt lat="44.97202" lon="2.54005">
				<ele>879.73</ele>
				<time>2026-05-28T14:38:03.399Z</time>
			</trkpt>
			<trkpt lat="44.9718" lon="2.53951">
				<ele>880.03</ele>
				<time>2026-05-28T14:38:08.538Z</time>
			</trkpt>
			<trkpt lat="44.97168" lon="2.53894">
				<ele>881.77</ele>
				<time>2026-05-28T14:38:13.411Z</time>
			</trkpt>
			<trkpt lat="44.97138" lon="2.53847">
				<ele>883.97</ele>
				<time>2026-05-28T14:38:18.561Z</time>
			</trkpt>
			<trkpt lat="44.97104" lon="2.53803">
				<ele>881.11</ele>
				<time>2026-05-28T14:38:23.818Z</time>
			</trkpt>
			<trkpt lat="44.97089" lon="2.53754">
				<ele>881.49</ele>
				<time>2026-05-28T14:38:28.089Z</time>
			</trkpt>
			<trkpt lat="44.97085" lon="2.53695">
				<ele>878.44</ele>
				<time>2026-05-28T14:38:32.789Z</time>
			</trkpt>
			<trkpt lat="44.97084" lon="2.53638">
				<ele>879.14</ele>
				<time>2026-05-28T14:38:37.266Z</time>
			</trkpt>
			<trkpt lat="44.97076" lon="2.53585">
				<ele>878.79</ele>
				<time>2026-05-28T14:38:41.478Z</time>
			</trkpt>
			<trkpt lat="44.97057" lon="2.5354">
				<ele>879.48</ele>
				<time>2026-05-28T14:38:45.509Z</time>
			</trkpt>
			<trkpt lat="44.97042" lon="2.5349">
				<ele>879.98</ele>
				<time>2026-05-28T14:38:49.640Z</time>
			</trkpt>
			<trkpt lat="44.97026" lon="2.53447">
				<ele>878.58</ele>
				<time>2026-05-28T14:38:53.293Z</time>
			</trkpt>
			<trkpt lat="44.97016" lon="2.53401">
				<ele>877.9</ele>
				<time>2026-05-28T14:38:56.871Z</time>
			</trkpt>
			<trkpt lat="44.96997" lon="2.53351">
				<ele>876.19</ele>
				<time>2026-05-28T14:39:01.036Z</time>
			</trkpt>
			<trkpt lat="44.96977" lon="2.53306">
				<ele>874.13</ele>
				<time>2026-05-28T14:39:04.879Z</time>
			</trkpt>
			<trkpt lat="44.9695" lon="2.53258">
				<ele>873.17</ele>
				<time>2026-05-28T14:39:09.243Z</time>
			</trkpt>
			<trkpt lat="44.9692" lon="2.53227">
				<ele>871.25</ele>
				<time>2026-05-28T14:39:12.919Z</time>
			</trkpt>
			<trkpt lat="44.96902" lon="2.53197">
				<ele>870.44</ele>
				<time>2026-05-28T14:39:15.631Z</time>
			</trkpt>
			<trkpt lat="44.96882" lon="2.53125">
				<ele>865.88</ele>
				<time>2026-05-28T14:39:20.863Z</time>
			</trkpt>
			<trkpt lat="44.96873" lon="2.53073">
				<ele>866.33</ele>
				<time>2026-05-28T14:39:24.401Z</time>
			</trkpt>
			<trkpt lat="44.96863" lon="2.53084">
				<ele>862.76</ele>
				<time>2026-05-28T14:39:25.569Z</time>
			</trkpt>
			<trkpt lat="44.96851" lon="2.53121">
				<ele>859.95</ele>
				<time>2026-05-28T14:39:28.193Z</time>
			</trkpt>
			<trkpt lat="44.96835" lon="2.53139">
				<ele>858.28</ele>
				<time>2026-05-28T14:39:30.039Z</time>
			</trkpt>
			<trkpt lat="44.9682" lon="2.53164">
				<ele>857.97</ele>
				<time>2026-05-28T14:39:32.120Z</time>
			</trkpt>
			<trkpt lat="44.96785" lon="2.53208">
				<ele>854.67</ele>
				<time>2026-05-28T14:39:36.286Z</time>
			</trkpt>
			<trkpt lat="44.96766" lon="2.53219">
				<ele>853.55</ele>
				<time>2026-05-28T14:39:38.096Z</time>
			</trkpt>
			<trkpt lat="44.96733" lon="2.53228">
				<ele>852.78</ele>
				<time>2026-05-28T14:39:41.040Z</time>
			</trkpt>
			<trkpt lat="44.96712" lon="2.53239">
				<ele>853.6</ele>
				<time>2026-05-28T14:39:42.988Z</time>
			</trkpt>
			<trkpt lat="44.96703" lon="2.53241">
				<ele>854.02</ele>
				<time>2026-05-28T14:39:43.778Z</time>
			</trkpt>
			<trkpt lat="44.96695" lon="2.53237">
				<ele>854.03</ele>
				<time>2026-05-28T14:39:44.512Z</time>
			</trkpt>
			<trkpt lat="44.96685" lon="2.53227">
				<ele>854.9</ele>
				<time>2026-05-28T14:39:45.569Z</time>
			</trkpt>
			<trkpt lat="44.96679" lon="2.53215">
				<ele>855.29</ele>
				<time>2026-05-28T14:39:46.464Z</time>
			</trkpt>
			<trkpt lat="44.96674" lon="2.532">
				<ele>855.24</ele>
				<time>2026-05-28T14:39:47.471Z</time>
			</trkpt>
			<trkpt lat="44.96666" lon="2.5316">
				<ele>852.69</ele>
				<time>2026-05-28T14:39:49.983Z</time>
			</trkpt>
			<trkpt lat="44.96602" lon="2.5306">
				<ele>857.17</ele>
				<time>2026-05-28T14:39:58.020Z</time>
			</trkpt>
			<trkpt lat="44.96561" lon="2.53027">
				<ele>859</ele>
				<time>2026-05-28T14:40:01.936Z</time>
			</trkpt>
			<trkpt lat="44.96528" lon="2.53002">
				<ele>863.54</ele>
				<time>2026-05-28T14:40:05.016Z</time>
			</trkpt>
			<trkpt lat="44.96504" lon="2.52988">
				<ele>866.23</ele>
				<time>2026-05-28T14:40:07.139Z</time>
			</trkpt>
			<trkpt lat="44.9645" lon="2.52972">
				<ele>868.3</ele>
				<time>2026-05-28T14:40:11.616Z</time>
			</trkpt>
			<trkpt lat="44.96359" lon="2.52911">
				<ele>873.19</ele>
				<time>2026-05-28T14:40:19.677Z</time>
			</trkpt>
			<trkpt lat="44.96301" lon="2.52885">
				<ele>873.3</ele>
				<time>2026-05-28T14:40:24.483Z</time>
			</trkpt>
			<trkpt lat="44.96282" lon="2.52869">
				<ele>874.82</ele>
				<time>2026-05-28T14:40:26.220Z</time>
			</trkpt>
			<trkpt lat="44.9623" lon="2.5281">
				<ele>880.38</ele>
				<time>2026-05-28T14:40:31.423Z</time>
			</trkpt>
			<trkpt lat="44.96142" lon="2.52699">
				<ele>882.44</ele>
				<time>2026-05-28T14:40:40.522Z</time>
			</trkpt>
			<trkpt lat="44.96128" lon="2.52679">
				<ele>885.67</ele>
				<time>2026-05-28T14:40:42.046Z</time>
			</trkpt>
			<trkpt lat="44.96113" lon="2.52662">
				<ele>888.7</ele>
				<time>2026-05-28T14:40:43.515Z</time>
			</trkpt>
			<trkpt lat="44.96095" lon="2.52647">
				<ele>891.03</ele>
				<time>2026-05-28T14:40:45.109Z</time>
			</trkpt>
			<trkpt lat="44.96072" lon="2.52631">
				<ele>893.44</ele>
				<time>2026-05-28T14:40:47.061Z</time>
			</trkpt>
			<trkpt lat="44.95985" lon="2.52593">
				<ele>892.48</ele>
				<time>2026-05-28T14:40:53.962Z</time>
			</trkpt>
			<trkpt lat="44.95898" lon="2.52541">
				<ele>894.59</ele>
				<time>2026-05-28T14:41:01.083Z</time>
			</trkpt>
			<trkpt lat="44.95731" lon="2.52466">
				<ele>893.46</ele>
				<time>2026-05-28T14:41:14.237Z</time>
			</trkpt>
			<trkpt lat="44.95557" lon="2.5244">
				<ele>889.53</ele>
				<time>2026-05-28T14:41:27.385Z</time>
			</trkpt>
			<trkpt lat="44.95534" lon="2.52444">
				<ele>888.48</ele>
				<time>2026-05-28T14:41:29.132Z</time>
			</trkpt>
			<trkpt lat="44.95483" lon="2.52484">
				<ele>885.55</ele>
				<time>2026-05-28T14:41:33.541Z</time>
			</trkpt>
			<trkpt lat="44.95337" lon="2.5263">
				<ele>888.3</ele>
				<time>2026-05-28T14:41:47.185Z</time>
			</trkpt>
			<trkpt lat="44.95223" lon="2.5269">
				<ele>892.92</ele>
				<time>2026-05-28T14:41:56.612Z</time>
			</trkpt>
			<trkpt lat="44.95213" lon="2.52692">
				<ele>892.62</ele>
				<time>2026-05-28T14:41:57.402Z</time>
			</trkpt>
			<trkpt lat="44.95226" lon="2.52706">
				<ele>893.77</ele>
				<time>2026-05-28T14:41:58.681Z</time>
			</trkpt>
			<trkpt lat="44.95274" lon="2.52733">
				<ele>899.46</ele>
				<time>2026-05-28T14:42:02.741Z</time>
			</trkpt>
			<trkpt lat="44.95372" lon="2.528">
				<ele>905.6</ele>
				<time>2026-05-28T14:42:11.285Z</time>
			</trkpt>
			<trkpt lat="44.95392" lon="2.52815">
				<ele>905.76</ele>
				<time>2026-05-28T14:42:13.060Z</time>
			</trkpt>
			<trkpt lat="44.95641" lon="2.53161">
				<ele>927.26</ele>
				<time>2026-05-28T14:42:40.302Z</time>
			</trkpt>
			<trkpt lat="44.95712" lon="2.53262">
				<ele>932.27</ele>
				<time>2026-05-28T14:42:48.121Z</time>
			</trkpt>
			<trkpt lat="44.95726" lon="2.53277">
				<ele>932.71</ele>
				<time>2026-05-28T14:42:49.483Z</time>
			</trkpt>
			<trkpt lat="44.95765" lon="2.53307">
				<ele>933.19</ele>
				<time>2026-05-28T14:42:52.922Z</time>
			</trkpt>
			<trkpt lat="44.95865" lon="2.53393">
				<ele>938.44</ele>
				<time>2026-05-28T14:43:01.975Z</time>
			</trkpt>
			<trkpt lat="44.95882" lon="2.53421">
				<ele>940.12</ele>
				<time>2026-05-28T14:43:03.991Z</time>
			</trkpt>
			<trkpt lat="44.95917" lon="2.53488">
				<ele>945.62</ele>
				<time>2026-05-28T14:43:08.538Z</time>
			</trkpt>
			<trkpt lat="44.95937" lon="2.53519">
				<ele>949.67</ele>
				<time>2026-05-28T14:43:10.826Z</time>
			</trkpt>
			<trkpt lat="44.95952" lon="2.53535">
				<ele>951.32</ele>
				<time>2026-05-28T14:43:12.274Z</time>
			</trkpt>
			<trkpt lat="44.95994" lon="2.53573">
				<ele>948.17</ele>
				<time>2026-05-28T14:43:16.114Z</time>
			</trkpt>
			<trkpt lat="44.96013" lon="2.5358">
				<ele>948.5</ele>
				<time>2026-05-28T14:43:17.625Z</time>
			</trkpt>
			<trkpt lat="44.96113" lon="2.53594">
				<ele>952.46</ele>
				<time>2026-05-28T14:43:25.350Z</time>
			</trkpt>
			<trkpt lat="44.96141" lon="2.5361">
				<ele>952.02</ele>
				<time>2026-05-28T14:43:27.669Z</time>
			</trkpt>
			<trkpt lat="44.96225" lon="2.53673">
				<ele>947.95</ele>
				<time>2026-05-28T14:43:34.962Z</time>
			</trkpt>
			<trkpt lat="44.9624" lon="2.53688">
				<ele>948.54</ele>
				<time>2026-05-28T14:43:36.370Z</time>
			</trkpt>
			<trkpt lat="44.9628" lon="2.53746">
				<ele>952.58</ele>
				<time>2026-05-28T14:43:40.758Z</time>
			</trkpt>
			<trkpt lat="44.96306" lon="2.53798">
				<ele>954.48</ele>
				<time>2026-05-28T14:43:44.205Z</time>
			</trkpt>
			<trkpt lat="44.96345" lon="2.53916">
				<ele>953.69</ele>
				<time>2026-05-28T14:43:51.247Z</time>
			</trkpt>
			<trkpt lat="44.96374" lon="2.53993">
				<ele>949.57</ele>
				<time>2026-05-28T14:43:55.959Z</time>
			</trkpt>
			<trkpt lat="44.96407" lon="2.54087">
				<ele>947.32</ele>
				<time>2026-05-28T14:44:01.621Z</time>
			</trkpt>
			<trkpt lat="44.96428" lon="2.54225">
				<ele>951.25</ele>
				<time>2026-05-28T14:44:09.228Z</time>
			</trkpt>
			<trkpt lat="44.96437" lon="2.54294">
				<ele>952.48</ele>
				<time>2026-05-28T14:44:13.005Z</time>
			</trkpt>
			<trkpt lat="44.96433" lon="2.54326">
				<ele>952.8</ele>
				<time>2026-05-28T14:44:14.754Z</time>
			</trkpt>
			<trkpt lat="44.96417" lon="2.54353">
				<ele>954.41</ele>
				<time>2026-05-28T14:44:16.648Z</time>
			</trkpt>
			<trkpt lat="44.96388" lon="2.54375">
				<ele>957.59</ele>
				<time>2026-05-28T14:44:19.150Z</time>
			</trkpt>
			<trkpt lat="44.96355" lon="2.54394">
				<ele>959.34</ele>
				<time>2026-05-28T14:44:21.857Z</time>
			</trkpt>
			<trkpt lat="44.96336" lon="2.54423">
				<ele>960.14</ele>
				<time>2026-05-28T14:44:23.981Z</time>
			</trkpt>
			<trkpt lat="44.96335" lon="2.54455">
				<ele>960.19</ele>
				<time>2026-05-28T14:44:25.701Z</time>
			</trkpt>
			<trkpt lat="44.96345" lon="2.5449">
				<ele>961.3</ele>
				<time>2026-05-28T14:44:27.728Z</time>
			</trkpt>
			<trkpt lat="44.96415" lon="2.54647">
				<ele>968.81</ele>
				<time>2026-05-28T14:44:37.685Z</time>
			</trkpt>
			<trkpt lat="44.96475" lon="2.54795">
				<ele>970</ele>
				<time>2026-05-28T14:44:46.824Z</time>
			</trkpt>
			<trkpt lat="44.96549" lon="2.54963">
				<ele>977.93</ele>
				<time>2026-05-28T14:44:57.415Z</time>
			</trkpt>
			<trkpt lat="44.96575" lon="2.55001">
				<ele>978.04</ele>
				<time>2026-05-28T14:45:00.242Z</time>
			</trkpt>
			<trkpt lat="44.96602" lon="2.55024">
				<ele>978.96</ele>
				<time>2026-05-28T14:45:02.624Z</time>
			</trkpt>
			<trkpt lat="44.96878" lon="2.55167">
				<ele>990.02</ele>
				<time>2026-05-28T14:45:24.809Z</time>
			</trkpt>
			<trkpt lat="44.969" lon="2.55186">
				<ele>991.15</ele>
				<time>2026-05-28T14:45:26.753Z</time>
			</trkpt>
			<trkpt lat="44.96911" lon="2.55216">
				<ele>992.44</ele>
				<time>2026-05-28T14:45:28.555Z</time>
			</trkpt>
			<trkpt lat="44.9691" lon="2.55257">
				<ele>995.52</ele>
				<time>2026-05-28T14:45:30.743Z</time>
			</trkpt>
			<trkpt lat="44.96889" lon="2.55329">
				<ele>999.75</ele>
				<time>2026-05-28T14:45:34.896Z</time>
			</trkpt>
			<trkpt lat="44.96883" lon="2.55364">
				<ele>1000.54</ele>
				<time>2026-05-28T14:45:36.815Z</time>
			</trkpt>
			<trkpt lat="44.96879" lon="2.55405">
				<ele>1001.75</ele>
				<time>2026-05-28T14:45:39.021Z</time>
			</trkpt>
			<trkpt lat="44.96885" lon="2.55443">
				<ele>1002.73</ele>
				<time>2026-05-28T14:45:41.097Z</time>
			</trkpt>
			<trkpt lat="44.96898" lon="2.55482">
				<ele>1003.78</ele>
				<time>2026-05-28T14:45:43.394Z</time>
			</trkpt>
			<trkpt lat="44.97091" lon="2.558">
				<ele>1012.74</ele>
				<time>2026-05-28T14:46:05.712Z</time>
			</trkpt>
			<trkpt lat="44.97117" lon="2.55884">
				<ele>1015.89</ele>
				<time>2026-05-28T14:46:10.594Z</time>
			</trkpt>
			<trkpt lat="44.97165" lon="2.56004">
				<ele>1017.66</ele>
				<time>2026-05-28T14:46:17.934Z</time>
			</trkpt>
			<trkpt lat="44.97187" lon="2.56042">
				<ele>1018.69</ele>
				<time>2026-05-28T14:46:20.549Z</time>
			</trkpt>
			<trkpt lat="44.97204" lon="2.56057">
				<ele>1019.94</ele>
				<time>2026-05-28T14:46:22.057Z</time>
			</trkpt>
			<trkpt lat="44.97249" lon="2.56088">
				<ele>1023.62</ele>
				<time>2026-05-28T14:46:25.825Z</time>
			</trkpt>
			<trkpt lat="44.97257" lon="2.56097">
				<ele>1023.35</ele>
				<time>2026-05-28T14:46:26.595Z</time>
			</trkpt>
			<trkpt lat="44.97294" lon="2.56165">
				<ele>1018.27</ele>
				<time>2026-05-28T14:46:31.163Z</time>
			</trkpt>
			<trkpt lat="44.9734" lon="2.56296">
				<ele>1020.34</ele>
				<time>2026-05-28T14:46:38.952Z</time>
			</trkpt>
			<trkpt lat="44.97362" lon="2.56347">
				<ele>1019.63</ele>
				<time>2026-05-28T14:46:42.134Z</time>
			</trkpt>
			<trkpt lat="44.97408" lon="2.56439">
				<ele>1026.07</ele>
				<time>2026-05-28T14:46:48.137Z</time>
			</trkpt>
			<trkpt lat="44.97412" lon="2.56457">
				<ele>1026.41</ele>
				<time>2026-05-28T14:46:49.142Z</time>
			</trkpt>
			<trkpt lat="44.97408" lon="2.56484">
				<ele>1025.65</ele>
				<time>2026-05-28T14:46:50.612Z</time>
			</trkpt>
			<trkpt lat="44.97402" lon="2.56518">
				<ele>1025.61</ele>
				<time>2026-05-28T14:46:52.480Z</time>
			</trkpt>
			<trkpt lat="44.97402" lon="2.56559">
				<ele>1026.41</ele>
				<time>2026-05-28T14:46:54.665Z</time>
			</trkpt>
			<trkpt lat="44.97413" lon="2.56634">
				<ele>1025.94</ele>
				<time>2026-05-28T14:46:58.748Z</time>
			</trkpt>
			<trkpt lat="44.9742" lon="2.56663">
				<ele>1027.3</ele>
				<time>2026-05-28T14:47:00.382Z</time>
			</trkpt>
			<trkpt lat="44.97438" lon="2.56704">
				<ele>1026.87</ele>
				<time>2026-05-28T14:47:02.955Z</time>
			</trkpt>
			<trkpt lat="44.9747" lon="2.56758">
				<ele>1027.12</ele>
				<time>2026-05-28T14:47:06.712Z</time>
			</trkpt>
			<trkpt lat="44.97479" lon="2.56785">
				<ele>1027.82</ele>
				<time>2026-05-28T14:47:08.304Z</time>
			</trkpt>
			<trkpt lat="44.9748" lon="2.56821">
				<ele>1028.95</ele>
				<time>2026-05-28T14:47:10.227Z</time>
			</trkpt>
			<trkpt lat="44.97437" lon="2.57116">
				<ele>1040.68</ele>
				<time>2026-05-28T14:47:26.309Z</time>
			</trkpt>
			<trkpt lat="44.97437" lon="2.5713">
				<ele>1041.18</ele>
				<time>2026-05-28T14:47:27.057Z</time>
			</trkpt>
			<trkpt lat="44.9744" lon="2.57152">
				<ele>1043.1</ele>
				<time>2026-05-28T14:47:28.254Z</time>
			</trkpt>
			<trkpt lat="44.97442" lon="2.57178">
				<ele>1045.01</ele>
				<time>2026-05-28T14:47:29.652Z</time>
			</trkpt>
			<trkpt lat="44.97439" lon="2.57224">
				<ele>1047.36</ele>
				<time>2026-05-28T14:47:32.122Z</time>
			</trkpt>
			<trkpt lat="44.97432" lon="2.57247">
				<ele>1047.64</ele>
				<time>2026-05-28T14:47:33.461Z</time>
			</trkpt>
			<trkpt lat="44.9743" lon="2.57263">
				<ele>1048.23</ele>
				<time>2026-05-28T14:47:34.330Z</time>
			</trkpt>
			<trkpt lat="44.97426" lon="2.57336">
				<ele>1051.02</ele>
				<time>2026-05-28T14:47:38.246Z</time>
			</trkpt>
			<trkpt lat="44.97432" lon="2.57381">
				<ele>1055.76</ele>
				<time>2026-05-28T14:47:40.697Z</time>
			</trkpt>
			<trkpt lat="44.97426" lon="2.57465">
				<ele>1061.1</ele>
				<time>2026-05-28T14:47:45.216Z</time>
			</trkpt>
			<trkpt lat="44.97426" lon="2.57489">
				<ele>1061.97</ele>
				<time>2026-05-28T14:47:46.502Z</time>
			</trkpt>
			<trkpt lat="44.97427" lon="2.57509">
				<ele>1062.76</ele>
				<time>2026-05-28T14:47:47.575Z</time>
			</trkpt>
			<trkpt lat="44.97447" lon="2.57543">
				<ele>1064.33</ele>
				<time>2026-05-28T14:47:49.944Z</time>
			</trkpt>
			<trkpt lat="44.97469" lon="2.57565">
				<ele>1060.92</ele>
				<time>2026-05-28T14:47:51.986Z</time>
			</trkpt>
			<trkpt lat="44.9754" lon="2.57616">
				<ele>1060.34</ele>
				<time>2026-05-28T14:47:58.022Z</time>
			</trkpt>
			<trkpt lat="44.97566" lon="2.57647">
				<ele>1055.57</ele>
				<time>2026-05-28T14:48:00.602Z</time>
			</trkpt>
			<trkpt lat="44.97624" lon="2.57728">
				<ele>1048.11</ele>
				<time>2026-05-28T14:48:06.789Z</time>
			</trkpt>
			<trkpt lat="44.97636" lon="2.57749">
				<ele>1047.37</ele>
				<time>2026-05-28T14:48:08.239Z</time>
			</trkpt>
			<trkpt lat="44.97656" lon="2.57809">
				<ele>1046</ele>
				<time>2026-05-28T14:48:11.804Z</time>
			</trkpt>
			<trkpt lat="44.97676" lon="2.57857">
				<ele>1042.39</ele>
				<time>2026-05-28T14:48:14.799Z</time>
			</trkpt>
			<trkpt lat="44.97717" lon="2.57922">
				<ele>1033.15</ele>
				<time>2026-05-28T14:48:19.484Z</time>
			</trkpt>
			<trkpt lat="44.97744" lon="2.5797">
				<ele>1025.48</ele>
				<time>2026-05-28T14:48:22.786Z</time>
			</trkpt>
			<trkpt lat="44.97816" lon="2.58042">
				<ele>1016.03</ele>
				<time>2026-05-28T14:48:29.504Z</time>
			</trkpt>
			<trkpt lat="44.97818" lon="2.58053">
				<ele>1013.89</ele>
				<time>2026-05-28T14:48:30.116Z</time>
			</trkpt>
			<trkpt lat="44.97813" lon="2.58059">
				<ele>1013.12</ele>
				<time>2026-05-28T14:48:30.616Z</time>
			</trkpt>
			<trkpt lat="44.97788" lon="2.58052">
				<ele>1013</ele>
				<time>2026-05-28T14:48:32.560Z</time>
			</trkpt>
			<trkpt lat="44.97764" lon="2.5805">
				<ele>1010.21</ele>
				<time>2026-05-28T14:48:34.394Z</time>
			</trkpt>
			<trkpt lat="44.9776" lon="2.58057">
				<ele>1008.53</ele>
				<time>2026-05-28T14:48:34.879Z</time>
			</trkpt>
			<trkpt lat="44.97764" lon="2.5807">
				<ele>1006.59</ele>
				<time>2026-05-28T14:48:35.644Z</time>
			</trkpt>
			<trkpt lat="44.97782" lon="2.58081">
				<ele>1007.78</ele>
				<time>2026-05-28T14:48:37.141Z</time>
			</trkpt>
			<trkpt lat="44.97797" lon="2.58094">
				<ele>1006.16</ele>
				<time>2026-05-28T14:48:38.484Z</time>
			</trkpt>
			<trkpt lat="44.97798" lon="2.58105">
				<ele>1003.18</ele>
				<time>2026-05-28T14:48:39.083Z</time>
			</trkpt>
			<trkpt lat="44.97793" lon="2.58113">
				<ele>1000.16</ele>
				<time>2026-05-28T14:48:39.660Z</time>
			</trkpt>
			<trkpt lat="44.97782" lon="2.58116">
				<ele>997.88</ele>
				<time>2026-05-28T14:48:40.516Z</time>
			</trkpt>
			<trkpt lat="44.97762" lon="2.58114">
				<ele>994.66</ele>
				<time>2026-05-28T14:48:42.047Z</time>
			</trkpt>
			<trkpt lat="44.97725" lon="2.58107">
				<ele>989.45</ele>
				<time>2026-05-28T14:48:44.900Z</time>
			</trkpt>
			<trkpt lat="44.97704" lon="2.58098">
				<ele>986.92</ele>
				<time>2026-05-28T14:48:46.578Z</time>
			</trkpt>
			<trkpt lat="44.97667" lon="2.58065">
				<ele>986.61</ele>
				<time>2026-05-28T14:48:49.925Z</time>
			</trkpt>
			<trkpt lat="44.97655" lon="2.58064">
				<ele>984.47</ele>
				<time>2026-05-28T14:48:50.845Z</time>
			</trkpt>
			<trkpt lat="44.97586" lon="2.58072">
				<ele>973.45</ele>
				<time>2026-05-28T14:48:56.148Z</time>
			</trkpt>
			<trkpt lat="44.97554" lon="2.58063">
				<ele>970.69</ele>
				<time>2026-05-28T14:48:58.649Z</time>
			</trkpt>
			<trkpt lat="44.97527" lon="2.58048">
				<ele>968.25</ele>
				<time>2026-05-28T14:49:00.874Z</time>
			</trkpt>
			<trkpt lat="44.97516" lon="2.58034">
				<ele>965.25</ele>
				<time>2026-05-28T14:49:02.010Z</time>
			</trkpt>
			<trkpt lat="44.97503" lon="2.58003">
				<ele>963.04</ele>
				<time>2026-05-28T14:49:03.966Z</time>
			</trkpt>
			<trkpt lat="44.9749" lon="2.57977">
				<ele>963.54</ele>
				<time>2026-05-28T14:49:05.696Z</time>
			</trkpt>
			<trkpt lat="44.97475" lon="2.57971">
				<ele>961.05</ele>
				<time>2026-05-28T14:49:06.893Z</time>
			</trkpt>
			<trkpt lat="44.97456" lon="2.57971">
				<ele>959.11</ele>
				<time>2026-05-28T14:49:08.353Z</time>
			</trkpt>
			<trkpt lat="44.97435" lon="2.5798">
				<ele>954.7</ele>
				<time>2026-05-28T14:49:10.040Z</time>
			</trkpt>
			<trkpt lat="44.97419" lon="2.57981">
				<ele>952.53</ele>
				<time>2026-05-28T14:49:11.271Z</time>
			</trkpt>
			<trkpt lat="44.97385" lon="2.57968">
				<ele>950.46</ele>
				<time>2026-05-28T14:49:13.981Z</time>
			</trkpt>
			<trkpt lat="44.97359" lon="2.57947">
				<ele>954.76</ele>
				<time>2026-05-28T14:49:16.286Z</time>
			</trkpt>
			<trkpt lat="44.97346" lon="2.57945">
				<ele>956.08</ele>
				<time>2026-05-28T14:49:17.293Z</time>
			</trkpt>
			<trkpt lat="44.97316" lon="2.57952">
				<ele>951.86</ele>
				<time>2026-05-28T14:49:19.635Z</time>
			</trkpt>
			<trkpt lat="44.97301" lon="2.5795">
				<ele>950.27</ele>
				<time>2026-05-28T14:49:20.796Z</time>
			</trkpt>
			<trkpt lat="44.9727" lon="2.5794">
				<ele>946.37</ele>
				<time>2026-05-28T14:49:23.248Z</time>
			</trkpt>
			<trkpt lat="44.97238" lon="2.57907">
				<ele>950.07</ele>
				<time>2026-05-28T14:49:26.304Z</time>
			</trkpt>
			<trkpt lat="44.9722" lon="2.57904">
				<ele>949.34</ele>
				<time>2026-05-28T14:49:27.703Z</time>
			</trkpt>
			<trkpt lat="44.97199" lon="2.57911">
				<ele>946.59</ele>
				<time>2026-05-28T14:49:29.370Z</time>
			</trkpt>
			<trkpt lat="44.97179" lon="2.57911">
				<ele>945.5</ele>
				<time>2026-05-28T14:49:30.915Z</time>
			</trkpt>
			<trkpt lat="44.9715" lon="2.57892">
				<ele>946.09</ele>
				<time>2026-05-28T14:49:33.386Z</time>
			</trkpt>
			<trkpt lat="44.97105" lon="2.57857">
				<ele>948.04</ele>
				<time>2026-05-28T14:49:37.360Z</time>
			</trkpt>
			<trkpt lat="44.97047" lon="2.57808">
				<ele>945.68</ele>
				<time>2026-05-28T14:49:42.594Z</time>
			</trkpt>
			<trkpt lat="44.97028" lon="2.57782">
				<ele>945.28</ele>
				<time>2026-05-28T14:49:44.645Z</time>
			</trkpt>
			<trkpt lat="44.96991" lon="2.57713">
				<ele>941.57</ele>
				<time>2026-05-28T14:49:49.400Z</time>
			</trkpt>
			<trkpt lat="44.96962" lon="2.57624">
				<ele>938.66</ele>
				<time>2026-05-28T14:49:54.788Z</time>
			</trkpt>
			<trkpt lat="44.96952" lon="2.57613">
				<ele>938.26</ele>
				<time>2026-05-28T14:49:55.774Z</time>
			</trkpt>
			<trkpt lat="44.96935" lon="2.57607">
				<ele>937.19</ele>
				<time>2026-05-28T14:49:57.138Z</time>
			</trkpt>
			<trkpt lat="44.96907" lon="2.57603">
				<ele>935.15</ele>
				<time>2026-05-28T14:49:59.329Z</time>
			</trkpt>
			<trkpt lat="44.96885" lon="2.57592">
				<ele>932.89</ele>
				<time>2026-05-28T14:50:01.147Z</time>
			</trkpt>
			<trkpt lat="44.96858" lon="2.57563">
				<ele>934.04</ele>
				<time>2026-05-28T14:50:03.791Z</time>
			</trkpt>
			<trkpt lat="44.96827" lon="2.5751">
				<ele>934.98</ele>
				<time>2026-05-28T14:50:07.588Z</time>
			</trkpt>
			<trkpt lat="44.96815" lon="2.5747">
				<ele>938.76</ele>
				<time>2026-05-28T14:50:09.990Z</time>
			</trkpt>
			<trkpt lat="44.96803" lon="2.57458">
				<ele>938.92</ele>
				<time>2026-05-28T14:50:11.138Z</time>
			</trkpt>
			<trkpt lat="44.96784" lon="2.57455">
				<ele>938.4</ele>
				<time>2026-05-28T14:50:12.633Z</time>
			</trkpt>
			<trkpt lat="44.96773" lon="2.57456">
				<ele>937.51</ele>
				<time>2026-05-28T14:50:13.496Z</time>
			</trkpt>
			<trkpt lat="44.96753" lon="2.57444">
				<ele>938.21</ele>
				<time>2026-05-28T14:50:15.196Z</time>
			</trkpt>
			<trkpt lat="44.96721" lon="2.57415">
				<ele>934.75</ele>
				<time>2026-05-28T14:50:18.172Z</time>
			</trkpt>
			<trkpt lat="44.96708" lon="2.57396">
				<ele>932.19</ele>
				<time>2026-05-28T14:50:19.638Z</time>
			</trkpt>
			<trkpt lat="44.967" lon="2.57361">
				<ele>930.51</ele>
				<time>2026-05-28T14:50:21.678Z</time>
			</trkpt>
			<trkpt lat="44.96703" lon="2.57308">
				<ele>928.59</ele>
				<time>2026-05-28T14:50:24.630Z</time>
			</trkpt>
			<trkpt lat="44.96709" lon="2.57275">
				<ele>931.46</ele>
				<time>2026-05-28T14:50:26.523Z</time>
			</trkpt>
			<trkpt lat="44.96699" lon="2.57238">
				<ele>931.24</ele>
				<time>2026-05-28T14:50:28.725Z</time>
			</trkpt>
			<trkpt lat="44.9668" lon="2.57219">
				<ele>928.65</ele>
				<time>2026-05-28T14:50:30.555Z</time>
			</trkpt>
			<trkpt lat="44.96651" lon="2.5721">
				<ele>925.57</ele>
				<time>2026-05-28T14:50:32.892Z</time>
			</trkpt>
			<trkpt lat="44.96623" lon="2.57205">
				<ele>923.78</ele>
				<time>2026-05-28T14:50:35.114Z</time>
			</trkpt>
			<trkpt lat="44.96593" lon="2.57188">
				<ele>925.19</ele>
				<time>2026-05-28T14:50:37.661Z</time>
			</trkpt>
			<trkpt lat="44.96572" lon="2.57169">
				<ele>925.97</ele>
				<time>2026-05-28T14:50:39.628Z</time>
			</trkpt>
			<trkpt lat="44.96548" lon="2.57159">
				<ele>925.33</ele>
				<time>2026-05-28T14:50:41.602Z</time>
			</trkpt>
			<trkpt lat="44.96524" lon="2.57159">
				<ele>926.48</ele>
				<time>2026-05-28T14:50:43.498Z</time>
			</trkpt>
			<trkpt lat="44.96466" lon="2.57192">
				<ele>927.91</ele>
				<time>2026-05-28T14:50:48.441Z</time>
			</trkpt>
			<trkpt lat="44.96389" lon="2.57251">
				<ele>927.9</ele>
				<time>2026-05-28T14:50:55.381Z</time>
			</trkpt>
			<trkpt lat="44.96361" lon="2.57277">
				<ele>927.02</ele>
				<time>2026-05-28T14:50:58.039Z</time>
			</trkpt>
			<trkpt lat="44.96347" lon="2.57284">
				<ele>924.51</ele>
				<time>2026-05-28T14:50:59.219Z</time>
			</trkpt>
			<trkpt lat="44.96333" lon="2.57282">
				<ele>922.67</ele>
				<time>2026-05-28T14:51:00.337Z</time>
			</trkpt>
			<trkpt lat="44.96313" lon="2.5726">
				<ele>921.22</ele>
				<time>2026-05-28T14:51:02.351Z</time>
			</trkpt>
			<trkpt lat="44.96256" lon="2.5719">
				<ele>921.34</ele>
				<time>2026-05-28T14:51:08.363Z</time>
			</trkpt>
			<trkpt lat="44.96228" lon="2.57183">
				<ele>921.1</ele>
				<time>2026-05-28T14:51:10.630Z</time>
			</trkpt>
			<trkpt lat="44.96194" lon="2.57183">
				<ele>922.34</ele>
				<time>2026-05-28T14:51:13.343Z</time>
			</trkpt>
			<trkpt lat="44.96164" lon="2.57192">
				<ele>918.63</ele>
				<time>2026-05-28T14:51:15.793Z</time>
			</trkpt>
			<trkpt lat="44.96118" lon="2.57217">
				<ele>913.15</ele>
				<time>2026-05-28T14:51:19.735Z</time>
			</trkpt>
			<trkpt lat="44.96078" lon="2.57251">
				<ele>912.37</ele>
				<time>2026-05-28T14:51:23.473Z</time>
			</trkpt>
			<trkpt lat="44.96042" lon="2.57279">
				<ele>903.48</ele>
				<time>2026-05-28T14:51:26.768Z</time>
			</trkpt>
			<trkpt lat="44.96004" lon="2.57284">
				<ele>892.86</ele>
				<time>2026-05-28T14:51:29.833Z</time>
			</trkpt>
			<trkpt lat="44.9597" lon="2.57245">
				<ele>889.49</ele>
				<time>2026-05-28T14:51:33.353Z</time>
			</trkpt>
			<trkpt lat="44.95943" lon="2.57185">
				<ele>885.68</ele>
				<time>2026-05-28T14:51:37.404Z</time>
			</trkpt>
			<trkpt lat="44.95919" lon="2.57102">
				<ele>882.68</ele>
				<time>2026-05-28T14:51:42.522Z</time>
			</trkpt>
			<trkpt lat="44.95909" lon="2.5708">
				<ele>878.5</ele>
				<time>2026-05-28T14:51:44.016Z</time>
			</trkpt>
			<trkpt lat="44.9589" lon="2.57048">
				<ele>869.36</ele>
				<time>2026-05-28T14:51:46.405Z</time>
			</trkpt>
			<trkpt lat="44.9588" lon="2.57025">
				<ele>866.91</ele>
				<time>2026-05-28T14:51:47.950Z</time>
			</trkpt>
			<trkpt lat="44.95877" lon="2.56976">
				<ele>866.3</ele>
				<time>2026-05-28T14:51:50.768Z</time>
			</trkpt>
			<trkpt lat="44.95882" lon="2.56924">
				<ele>866.16</ele>
				<time>2026-05-28T14:51:53.778Z</time>
			</trkpt>
			<trkpt lat="44.95875" lon="2.56892">
				<ele>865.92</ele>
				<time>2026-05-28T14:51:55.701Z</time>
			</trkpt>
			<trkpt lat="44.95854" lon="2.56877">
				<ele>866.56</ele>
				<time>2026-05-28T14:51:57.612Z</time>
			</trkpt>
			<trkpt lat="44.9577" lon="2.56846">
				<ele>865.1</ele>
				<time>2026-05-28T14:52:04.674Z</time>
			</trkpt>
			<trkpt lat="44.9575" lon="2.56845">
				<ele>865.33</ele>
				<time>2026-05-28T14:52:06.305Z</time>
			</trkpt>
			<trkpt lat="44.95683" lon="2.56856">
				<ele>869.8</ele>
				<time>2026-05-28T14:52:11.810Z</time>
			</trkpt>
			<trkpt lat="44.95667" lon="2.56872">
				<ele>866.41</ele>
				<time>2026-05-28T14:52:13.412Z</time>
			</trkpt>
			<trkpt lat="44.95616" lon="2.56939">
				<ele>859.51</ele>
				<time>2026-05-28T14:52:19.113Z</time>
			</trkpt>
			<trkpt lat="44.95579" lon="2.56979">
				<ele>855.2</ele>
				<time>2026-05-28T14:52:22.934Z</time>
			</trkpt>
			<trkpt lat="44.95545" lon="2.57029">
				<ele>847.17</ele>
				<time>2026-05-28T14:52:26.966Z</time>
			</trkpt>
			<trkpt lat="44.95496" lon="2.57046">
				<ele>848.44</ele>
				<time>2026-05-28T14:52:31.119Z</time>
			</trkpt>
			<trkpt lat="44.95482" lon="2.57043">
				<ele>848.3</ele>
				<time>2026-05-28T14:52:32.286Z</time>
			</trkpt>
			<trkpt lat="44.95435" lon="2.56999">
				<ele>843.03</ele>
				<time>2026-05-28T14:52:36.938Z</time>
			</trkpt>
			<trkpt lat="44.95415" lon="2.56962">
				<ele>835.05</ele>
				<time>2026-05-28T14:52:39.661Z</time>
			</trkpt>
			<trkpt lat="44.95415" lon="2.56936">
				<ele>834.39</ele>
				<time>2026-05-28T14:52:41.183Z</time>
			</trkpt>
			<trkpt lat="44.95404" lon="2.56908">
				<ele>830.91</ele>
				<time>2026-05-28T14:52:43.059Z</time>
			</trkpt>
			<trkpt lat="44.95385" lon="2.56898">
				<ele>824.93</ele>
				<time>2026-05-28T14:52:44.739Z</time>
			</trkpt>
			<trkpt lat="44.95369" lon="2.56886">
				<ele>819.26</ele>
				<time>2026-05-28T14:52:46.241Z</time>
			</trkpt>
			<trkpt lat="44.95366" lon="2.56866">
				<ele>821.19</ele>
				<time>2026-05-28T14:52:47.441Z</time>
			</trkpt>
			<trkpt lat="44.95353" lon="2.56816">
				<ele>821.36</ele>
				<time>2026-05-28T14:52:50.571Z</time>
			</trkpt>
			<trkpt lat="44.95342" lon="2.56788">
				<ele>818.21</ele>
				<time>2026-05-28T14:52:52.455Z</time>
			</trkpt>
			<trkpt lat="44.95341" lon="2.56755">
				<ele>818.5</ele>
				<time>2026-05-28T14:52:54.400Z</time>
			</trkpt>
			<trkpt lat="44.95329" lon="2.5672">
				<ele>816.42</ele>
				<time>2026-05-28T14:52:56.692Z</time>
			</trkpt>
			<trkpt lat="44.95325" lon="2.56678">
				<ele>821.83</ele>
				<time>2026-05-28T14:52:59.192Z</time>
			</trkpt>
			<trkpt lat="44.95314" lon="2.56626">
				<ele>825.58</ele>
				<time>2026-05-28T14:53:02.399Z</time>
			</trkpt>
			<trkpt lat="44.95294" lon="2.56594">
				<ele>816.78</ele>
				<time>2026-05-28T14:53:04.924Z</time>
			</trkpt>
			<trkpt lat="44.95285" lon="2.56547">
				<ele>816.76</ele>
				<time>2026-05-28T14:53:07.808Z</time>
			</trkpt>
			<trkpt lat="44.95278" lon="2.56495">
				<ele>814.88</ele>
				<time>2026-05-28T14:53:10.947Z</time>
			</trkpt>
			<trkpt lat="44.95257" lon="2.56453">
				<ele>808.44</ele>
				<time>2026-05-28T14:53:14.001Z</time>
			</trkpt>
			<trkpt lat="44.9523" lon="2.5642">
				<ele>801.93</ele>
				<time>2026-05-28T14:53:17.002Z</time>
			</trkpt>
			<trkpt lat="44.95207" lon="2.5638">
				<ele>796.94</ele>
				<time>2026-05-28T14:53:20.071Z</time>
			</trkpt>
			<trkpt lat="44.95191" lon="2.56329">
				<ele>794.49</ele>
				<time>2026-05-28T14:53:23.399Z</time>
			</trkpt>
			<trkpt lat="44.95128" lon="2.56272">
				<ele>784.67</ele>
				<time>2026-05-28T14:53:29.719Z</time>
			</trkpt>
			<trkpt lat="44.95098" lon="2.56261">
				<ele>780.7</ele>
				<time>2026-05-28T14:53:32.342Z</time>
			</trkpt>
			<trkpt lat="44.95054" lon="2.56276">
				<ele>774.9</ele>
				<time>2026-05-28T14:53:36.180Z</time>
			</trkpt>
			<trkpt lat="44.95038" lon="2.56273">
				<ele>773.57</ele>
				<time>2026-05-28T14:53:37.550Z</time>
			</trkpt>
			<trkpt lat="44.95026" lon="2.56265">
				<ele>771.99</ele>
				<time>2026-05-28T14:53:38.677Z</time>
			</trkpt>
			<trkpt lat="44.94953" lon="2.5619">
				<ele>764.61</ele>
				<time>2026-05-28T14:53:46.360Z</time>
			</trkpt>
			<trkpt lat="44.94888" lon="2.56117">
				<ele>758.42</ele>
				<time>2026-05-28T14:53:53.452Z</time>
			</trkpt>
			<trkpt lat="44.94834" lon="2.56066">
				<ele>753.51</ele>
				<time>2026-05-28T14:53:59.017Z</time>
			</trkpt>
			<trkpt lat="44.94791" lon="2.56043">
				<ele>750.78</ele>
				<time>2026-05-28T14:54:02.966Z</time>
			</trkpt>
			<trkpt lat="44.94756" lon="2.5602">
				<ele>748.59</ele>
				<time>2026-05-28T14:54:06.287Z</time>
			</trkpt>
			<trkpt lat="44.94708" lon="2.55981">
				<ele>742.53</ele>
				<time>2026-05-28T14:54:11.060Z</time>
			</trkpt>
			<trkpt lat="44.94662" lon="2.55967">
				<ele>741.01</ele>
				<time>2026-05-28T14:54:15.125Z</time>
			</trkpt>
			<trkpt lat="44.94625" lon="2.5597">
				<ele>739.59</ele>
				<time>2026-05-28T14:54:18.333Z</time>
			</trkpt>
			<trkpt lat="44.94605" lon="2.55966">
				<ele>739.18</ele>
				<time>2026-05-28T14:54:20.083Z</time>
			</trkpt>
			<trkpt lat="44.94567" lon="2.5592">
				<ele>739.34</ele>
				<time>2026-05-28T14:54:24.426Z</time>
			</trkpt>
			<trkpt lat="44.94554" lon="2.55913">
				<ele>738.91</ele>
				<time>2026-05-28T14:54:25.635Z</time>
			</trkpt>
			<trkpt lat="44.94542" lon="2.55914">
				<ele>737.26</ele>
				<time>2026-05-28T14:54:26.680Z</time>
			</trkpt>
			<trkpt lat="44.94534" lon="2.55917">
				<ele>736</ele>
				<time>2026-05-28T14:54:27.400Z</time>
			</trkpt>
			<trkpt lat="44.94547" lon="2.55977">
				<ele>734.1</ele>
				<time>2026-05-28T14:54:31.268Z</time>
			</trkpt>
			<trkpt lat="44.94612" lon="2.56262">
				<ele>710.97</ele>
				<time>2026-05-28T14:54:49.952Z</time>
			</trkpt>
			<trkpt lat="44.94676" lon="2.56514">
				<ele>710.15</ele>
				<time>2026-05-28T14:55:07.040Z</time>
			</trkpt>
			<trkpt lat="44.94691" lon="2.5656">
				<ele>714.01</ele>
				<time>2026-05-28T14:55:10.310Z</time>
			</trkpt>
			<trkpt lat="44.9473" lon="2.56651">
				<ele>708.55</ele>
				<time>2026-05-28T14:55:17.216Z</time>
			</trkpt>
			<trkpt lat="44.94757" lon="2.56699">
				<ele>704.74</ele>
				<time>2026-05-28T14:55:21.219Z</time>
			</trkpt>
			<trkpt lat="44.94775" lon="2.56727">
				<ele>704.91</ele>
				<time>2026-05-28T14:55:23.696Z</time>
			</trkpt>
			<trkpt lat="44.94809" lon="2.56776">
				<ele>702.29</ele>
				<time>2026-05-28T14:55:28.204Z</time>
			</trkpt>
			<trkpt lat="44.94901" lon="2.56894">
				<ele>688.97</ele>
				<time>2026-05-28T14:55:39.820Z</time>
			</trkpt>
			<trkpt lat="44.94926" lon="2.5693">
				<ele>686.77</ele>
				<time>2026-05-28T14:55:43.178Z</time>
			</trkpt>
			<trkpt lat="44.94985" lon="2.57045">
				<ele>680.33</ele>
				<time>2026-05-28T14:55:52.683Z</time>
			</trkpt>
			<trkpt lat="44.95047" lon="2.57168">
				<ele>675.09</ele>
				<time>2026-05-28T14:56:02.859Z</time>
			</trkpt>
			<trkpt lat="44.95126" lon="2.57322">
				<ele>668.8</ele>
				<time>2026-05-28T14:56:15.772Z</time>
			</trkpt>
			<trkpt lat="44.95182" lon="2.57433">
				<ele>665.09</ele>
				<time>2026-05-28T14:56:25.085Z</time>
			</trkpt>
			<trkpt lat="44.95193" lon="2.57459">
				<ele>665.93</ele>
				<time>2026-05-28T14:56:27.161Z</time>
			</trkpt>
			<trkpt lat="44.95197" lon="2.57472">
				<ele>666.4</ele>
				<time>2026-05-28T14:56:28.133Z</time>
			</trkpt>
			<trkpt lat="44.95207" lon="2.57561">
				<ele>664.84</ele>
				<time>2026-05-28T14:56:34.323Z</time>
			</trkpt>
			<trkpt lat="44.95227" lon="2.57752">
				<ele>662.28</ele>
				<time>2026-05-28T14:56:47.641Z</time>
			</trkpt>
			<trkpt lat="44.95231" lon="2.57793">
				<ele>661.13</ele>
				<time>2026-05-28T14:56:50.505Z</time>
			</trkpt>
			<trkpt lat="44.95246" lon="2.57932">
				<ele>661.47</ele>
				<time>2026-05-28T14:57:00.254Z</time>
			</trkpt>
			<trkpt lat="44.9531" lon="2.58169">
				<ele>659.8</ele>
				<time>2026-05-28T14:57:17.910Z</time>
			</trkpt>
			<trkpt lat="44.9536" lon="2.58407">
				<ele>659.62</ele>
				<time>2026-05-28T14:57:35.247Z</time>
			</trkpt>
			<trkpt lat="44.95384" lon="2.58471">
				<ele>659.96</ele>
				<time>2026-05-28T14:57:40.311Z</time>
			</trkpt>
			<trkpt lat="44.9547" lon="2.58651">
				<ele>660.77</ele>
				<time>2026-05-28T14:57:55.505Z</time>
			</trkpt>
			<trkpt lat="44.95548" lon="2.58773">
				<ele>664.26</ele>
				<time>2026-05-28T14:58:07.005Z</time>
			</trkpt>
			<trkpt lat="44.95584" lon="2.58835">
				<ele>666.18</ele>
				<time>2026-05-28T14:58:12.612Z</time>
			</trkpt>
			<trkpt lat="44.95627" lon="2.58922">
				<ele>667.88</ele>
				<time>2026-05-28T14:58:20.025Z</time>
			</trkpt>
			<trkpt lat="44.95695" lon="2.59053">
				<ele>667.24</ele>
				<time>2026-05-28T14:58:31.356Z</time>
			</trkpt>
			<trkpt lat="44.958" lon="2.5923">
				<ele>663.36</ele>
				<time>2026-05-28T14:58:47.417Z</time>
			</trkpt>
			<trkpt lat="44.95853" lon="2.59326">
				<ele>665.79</ele>
				<time>2026-05-28T14:58:55.854Z</time>
			</trkpt>
			<trkpt lat="44.95939" lon="2.59504">
				<ele>656.34</ele>
				<time>2026-05-28T14:59:10.723Z</time>
			</trkpt>
			<trkpt lat="44.95987" lon="2.5961">
				<ele>655.2</ele>
				<time>2026-05-28T14:59:19.362Z</time>
			</trkpt>
			<trkpt lat="44.95997" lon="2.59641">
				<ele>654.66</ele>
				<time>2026-05-28T14:59:21.694Z</time>
			</trkpt>
			<trkpt lat="44.96026" lon="2.59712">
				<ele>655.15</ele>
				<time>2026-05-28T14:59:27.294Z</time>
			</trkpt>
			<trkpt lat="44.96042" lon="2.59745">
				<ele>655.88</ele>
				<time>2026-05-28T14:59:30.021Z</time>
			</trkpt>
			<trkpt lat="44.96058" lon="2.59774">
				<ele>653.79</ele>
				<time>2026-05-28T14:59:32.524Z</time>
			</trkpt>
			<trkpt lat="44.96098" lon="2.59818">
				<ele>653.49</ele>
				<time>2026-05-28T14:59:37.389Z</time>
			</trkpt>
			<trkpt lat="44.96161" lon="2.59873">
				<ele>655.81</ele>
				<time>2026-05-28T14:59:44.470Z</time>
			</trkpt>
			<trkpt lat="44.96307" lon="2.60049">
				<ele>653.9</ele>
				<time>2026-05-28T15:00:02.660Z</time>
			</trkpt>
			<trkpt lat="44.96578" lon="2.60387">
				<ele>660.69</ele>
				<time>2026-05-28T15:00:36.186Z</time>
			</trkpt>
			<trkpt lat="44.96575" lon="2.60395">
				<ele>659.17</ele>
				<time>2026-05-28T15:00:36.770Z</time>
			</trkpt>
			<trkpt lat="44.96575" lon="2.60405">
				<ele>657.75</ele>
				<time>2026-05-28T15:00:37.415Z</time>
			</trkpt>
			<trkpt lat="44.96577" lon="2.60414">
				<ele>656.74</ele>
				<time>2026-05-28T15:00:38.024Z</time>
			</trkpt>
			<trkpt lat="44.96582" lon="2.6042">
				<ele>656.75</ele>
				<time>2026-05-28T15:00:38.621Z</time>
			</trkpt>
			<trkpt lat="44.96592" lon="2.60423">
				<ele>659.83</ele>
				<time>2026-05-28T15:00:39.551Z</time>
			</trkpt>
			<trkpt lat="44.96601" lon="2.60416">
				<ele>663.56</ele>
				<time>2026-05-28T15:00:40.484Z</time>
			</trkpt>
			<trkpt lat="44.96653" lon="2.60496">
				<ele>665.15</ele>
				<time>2026-05-28T15:00:47.380Z</time>
			</trkpt>
			<trkpt lat="44.96698" lon="2.60575">
				<ele>668.87</ele>
				<time>2026-05-28T15:00:53.586Z</time>
			</trkpt>
			<trkpt lat="44.96709" lon="2.60593">
				<ele>668.21</ele>
				<time>2026-05-28T15:00:55.015Z</time>
			</trkpt>
			<trkpt lat="44.96721" lon="2.60605">
				<ele>667.55</ele>
				<time>2026-05-28T15:00:56.255Z</time>
			</trkpt>
			<trkpt lat="44.96776" lon="2.60649">
				<ele>670.56</ele>
				<time>2026-05-28T15:01:01.526Z</time>
			</trkpt>
			<trkpt lat="44.96788" lon="2.60664">
				<ele>672.65</ele>
				<time>2026-05-28T15:01:02.850Z</time>
			</trkpt>
			<trkpt lat="44.96797" lon="2.60685">
				<ele>674.47</ele>
				<time>2026-05-28T15:01:04.280Z</time>
			</trkpt>
			<trkpt lat="44.96812" lon="2.60737">
				<ele>677.91</ele>
				<time>2026-05-28T15:01:07.540Z</time>
			</trkpt>
			<trkpt lat="44.96822" lon="2.60758">
				<ele>678.56</ele>
				<time>2026-05-28T15:01:09.006Z</time>
			</trkpt>
			<trkpt lat="44.96872" lon="2.60817">
				<ele>678.16</ele>
				<time>2026-05-28T15:01:14.339Z</time>
			</trkpt>
			<trkpt lat="44.96925" lon="2.609">
				<ele>677.66</ele>
				<time>2026-05-28T15:01:20.868Z</time>
			</trkpt>
			<trkpt lat="44.9695" lon="2.60929">
				<ele>674.5</ele>
				<time>2026-05-28T15:01:23.572Z</time>
			</trkpt>
			<trkpt lat="44.97015" lon="2.61028">
				<ele>677.7</ele>
				<time>2026-05-28T15:01:31.749Z</time>
			</trkpt>
			<trkpt lat="44.97084" lon="2.61127">
				<ele>679.67</ele>
				<time>2026-05-28T15:01:40.575Z</time>
			</trkpt>
			<trkpt lat="44.97124" lon="2.61198">
				<ele>677.38</ele>
				<time>2026-05-28T15:01:46.641Z</time>
			</trkpt>
			<trkpt lat="44.97134" lon="2.61231">
				<ele>675.42</ele>
				<time>2026-05-28T15:01:49.117Z</time>
			</trkpt>
			<trkpt lat="44.97135" lon="2.61238">
				<ele>674.82</ele>
				<time>2026-05-28T15:01:49.615Z</time>
			</trkpt>
			<trkpt lat="44.97134" lon="2.61252">
				<ele>673.44</ele>
				<time>2026-05-28T15:01:50.603Z</time>
			</trkpt>
			<trkpt lat="44.97136" lon="2.61258">
				<ele>673.42</ele>
				<time>2026-05-28T15:01:51.071Z</time>
			</trkpt>
			<trkpt lat="44.97142" lon="2.61266">
				<ele>673.77</ele>
				<time>2026-05-28T15:01:51.898Z</time>
			</trkpt>
			<trkpt lat="44.97152" lon="2.61267">
				<ele>674.69</ele>
				<time>2026-05-28T15:01:52.910Z</time>
			</trkpt>
			<trkpt lat="44.97181" lon="2.6131">
				<ele>677.05</ele>
				<time>2026-05-28T15:01:57.245Z</time>
			</trkpt>
			<trkpt lat="44.97232" lon="2.61434">
				<ele>681.78</ele>
				<time>2026-05-28T15:02:08.494Z</time>
			</trkpt>
			<trkpt lat="44.9726" lon="2.61475">
				<ele>674.79</ele>
				<time>2026-05-28T15:02:13.261Z</time>
			</trkpt>
			<trkpt lat="44.97314" lon="2.6153">
				<ele>675.02</ele>
				<time>2026-05-28T15:02:21.442Z</time>
			</trkpt>
			<trkpt lat="44.97345" lon="2.61568">
				<ele>678.22</ele>
				<time>2026-05-28T15:02:26.651Z</time>
			</trkpt>
			<trkpt lat="44.9739" lon="2.6164">
				<ele>676.07</ele>
				<time>2026-05-28T15:02:35.504Z</time>
			</trkpt>
			<trkpt lat="44.97438" lon="2.61722">
				<ele>674.35</ele>
				<time>2026-05-28T15:02:45.558Z</time>
			</trkpt>
			<trkpt lat="44.97496" lon="2.61836">
				<ele>672.46</ele>
				<time>2026-05-28T15:02:59.049Z</time>
			</trkpt>
			<trkpt lat="44.97514" lon="2.61866">
				<ele>671.72</ele>
				<time>2026-05-28T15:03:02.845Z</time>
			</trkpt>
			<trkpt lat="44.97559" lon="2.61928">
				<ele>671.55</ele>
				<time>2026-05-28T15:03:11.400Z</time>
			</trkpt>
			<trkpt lat="44.97588" lon="2.6196">
				<ele>672.17</ele>
				<time>2026-05-28T15:03:16.378Z</time>
			</trkpt>
			<trkpt lat="44.97624" lon="2.61891">
				<ele>682.73</ele>
				<time>2026-05-28T15:03:24.498Z</time>
			</trkpt>
			<trkpt lat="44.97637" lon="2.61875">
				<ele>684.38</ele>
				<time>2026-05-28T15:03:26.780Z</time>
			</trkpt>
			<trkpt lat="44.97661" lon="2.61858">
				<ele>685.5</ele>
				<time>2026-05-28T15:03:30.347Z</time>
			</trkpt>
			<trkpt lat="44.97675" lon="2.61844">
				<ele>687.8</ele>
				<time>2026-05-28T15:03:32.640Z</time>
			</trkpt>
			<trkpt lat="44.9768" lon="2.61827">
				<ele>690.39</ele>
				<time>2026-05-28T15:03:34.390Z</time>
			</trkpt>
			<trkpt lat="44.97679" lon="2.61807">
				<ele>693.69</ele>
				<time>2026-05-28T15:03:36.302Z</time>
			</trkpt>
			<trkpt lat="44.97671" lon="2.61776">
				<ele>697.95</ele>
				<time>2026-05-28T15:03:39.464Z</time>
			</trkpt>
			<trkpt lat="44.97664" lon="2.61759">
				<ele>699.14</ele>
				<time>2026-05-28T15:03:41.357Z</time>
			</trkpt>
			<trkpt lat="44.97639" lon="2.61733">
				<ele>700.4</ele>
				<time>2026-05-28T15:03:45.601Z</time>
			</trkpt>
			<trkpt lat="44.97589" lon="2.61652">
				<ele>708.83</ele>
				<time>2026-05-28T15:03:56.099Z</time>
			</trkpt>
			<trkpt lat="44.97563" lon="2.61631">
				<ele>705.74</ele>
				<time>2026-05-28T15:04:00.264Z</time>
			</trkpt>
			<trkpt lat="44.97557" lon="2.61619">
				<ele>706.08</ele>
				<time>2026-05-28T15:04:01.712Z</time>
			</trkpt>
			<trkpt lat="44.97557" lon="2.61604">
				<ele>709.06</ele>
				<time>2026-05-28T15:04:03.193Z</time>
			</trkpt>
			<trkpt lat="44.97563" lon="2.6159">
				<ele>713.33</ele>
				<time>2026-05-28T15:04:04.809Z</time>
			</trkpt>
			<trkpt lat="44.97568" lon="2.61586">
				<ele>715.13</ele>
				<time>2026-05-28T15:04:05.612Z</time>
			</trkpt>
			<trkpt lat="44.976" lon="2.61598">
				<ele>719.82</ele>
				<time>2026-05-28T15:04:10.242Z</time>
			</trkpt>
			<trkpt lat="44.97632" lon="2.61606">
				<ele>722.39</ele>
				<time>2026-05-28T15:04:14.793Z</time>
			</trkpt>
			<trkpt lat="44.97652" lon="2.61607">
				<ele>724.6</ele>
				<time>2026-05-28T15:04:17.596Z</time>
			</trkpt>
			<trkpt lat="44.97673" lon="2.61616">
				<ele>726.55</ele>
				<time>2026-05-28T15:04:20.669Z</time>
			</trkpt>
			<trkpt lat="44.97689" lon="2.61634">
				<ele>726.74</ele>
				<time>2026-05-28T15:04:23.531Z</time>
			</trkpt>
			<trkpt lat="44.97705" lon="2.61657">
				<ele>725.71</ele>
				<time>2026-05-28T15:04:26.722Z</time>
			</trkpt>
			<trkpt lat="44.97723" lon="2.61661">
				<ele>728.25</ele>
				<time>2026-05-28T15:04:29.266Z</time>
			</trkpt>
			<trkpt lat="44.97741" lon="2.61643">
				<ele>735.28</ele>
				<time>2026-05-28T15:04:32.340Z</time>
			</trkpt>
			<trkpt lat="44.97749" lon="2.61625">
				<ele>741.39</ele>
				<time>2026-05-28T15:04:34.432Z</time>
			</trkpt>
			<trkpt lat="44.97766" lon="2.61612">
				<ele>750.53</ele>
				<time>2026-05-28T15:04:37.116Z</time>
			</trkpt>
			<trkpt lat="44.9778" lon="2.61622">
				<ele>751.17</ele>
				<time>2026-05-28T15:04:39.290Z</time>
			</trkpt>
			<trkpt lat="44.97798" lon="2.61648">
				<ele>747.68</ele>
				<time>2026-05-28T15:04:42.845Z</time>
			</trkpt>
			<trkpt lat="44.97829" lon="2.61735">
				<ele>740.33</ele>
				<time>2026-05-28T15:04:52.282Z</time>
			</trkpt>
			<trkpt lat="44.97862" lon="2.61845">
				<ele>728.41</ele>
				<time>2026-05-28T15:05:03.649Z</time>
			</trkpt>
			<trkpt lat="44.97871" lon="2.61899">
				<ele>721.03</ele>
				<time>2026-05-28T15:05:08.830Z</time>
			</trkpt>
			<trkpt lat="44.97862" lon="2.61845">
				<ele>728.41</ele>
				<time>2026-05-28T15:05:13.940Z</time>
			</trkpt>
			<trkpt lat="44.97829" lon="2.61735">
				<ele>740.33</ele>
				<time>2026-05-28T15:05:24.666Z</time>
			</trkpt>
			<trkpt lat="44.97798" lon="2.61648">
				<ele>747.68</ele>
				<time>2026-05-28T15:05:33.125Z</time>
			</trkpt>
			<trkpt lat="44.9778" lon="2.61622">
				<ele>751.17</ele>
				<time>2026-05-28T15:05:36.227Z</time>
			</trkpt>
			<trkpt lat="44.97766" lon="2.61612">
				<ele>750.53</ele>
				<time>2026-05-28T15:05:38.104Z</time>
			</trkpt>
			<trkpt lat="44.97749" lon="2.61625">
				<ele>741.39</ele>
				<time>2026-05-28T15:05:40.404Z</time>
			</trkpt>
			<trkpt lat="44.97741" lon="2.61643">
				<ele>735.28</ele>
				<time>2026-05-28T15:05:42.184Z</time>
			</trkpt>
			<trkpt lat="44.97723" lon="2.61661">
				<ele>728.25</ele>
				<time>2026-05-28T15:05:44.781Z</time>
			</trkpt>
			<trkpt lat="44.97705" lon="2.61657">
				<ele>725.71</ele>
				<time>2026-05-28T15:05:46.915Z</time>
			</trkpt>
			<trkpt lat="44.97689" lon="2.61634">
				<ele>726.74</ele>
				<time>2026-05-28T15:05:49.575Z</time>
			</trkpt>
			<trkpt lat="44.97673" lon="2.61616">
				<ele>726.55</ele>
				<time>2026-05-28T15:05:51.948Z</time>
			</trkpt>
			<trkpt lat="44.97652" lon="2.61607">
				<ele>724.6</ele>
				<time>2026-05-28T15:05:54.485Z</time>
			</trkpt>
			<trkpt lat="44.97632" lon="2.61606">
				<ele>722.39</ele>
				<time>2026-05-28T15:05:56.790Z</time>
			</trkpt>
			<trkpt lat="44.976" lon="2.61598">
				<ele>719.82</ele>
				<time>2026-05-28T15:06:00.521Z</time>
			</trkpt>
			<trkpt lat="44.97568" lon="2.61586">
				<ele>715.13</ele>
				<time>2026-05-28T15:06:04.311Z</time>
			</trkpt>
			<trkpt lat="44.97563" lon="2.6159">
				<ele>713.33</ele>
				<time>2026-05-28T15:06:04.967Z</time>
			</trkpt>
			<trkpt lat="44.97557" lon="2.61604">
				<ele>709.06</ele>
				<time>2026-05-28T15:06:06.290Z</time>
			</trkpt>
			<trkpt lat="44.97557" lon="2.61619">
				<ele>706.08</ele>
				<time>2026-05-28T15:06:07.503Z</time>
			</trkpt>
			<trkpt lat="44.97563" lon="2.61631">
				<ele>705.74</ele>
				<time>2026-05-28T15:06:08.690Z</time>
			</trkpt>
			<trkpt lat="44.97589" lon="2.61652">
				<ele>708.83</ele>
				<time>2026-05-28T15:06:12.110Z</time>
			</trkpt>
			<trkpt lat="44.97639" lon="2.61733">
				<ele>700.4</ele>
				<time>2026-05-28T15:06:20.821Z</time>
			</trkpt>
			<trkpt lat="44.97664" lon="2.61759">
				<ele>699.14</ele>
				<time>2026-05-28T15:06:24.397Z</time>
			</trkpt>
			<trkpt lat="44.97671" lon="2.61776">
				<ele>697.95</ele>
				<time>2026-05-28T15:06:26.006Z</time>
			</trkpt>
			<trkpt lat="44.97679" lon="2.61807">
				<ele>693.69</ele>
				<time>2026-05-28T15:06:28.715Z</time>
			</trkpt>
			<trkpt lat="44.9768" lon="2.61827">
				<ele>690.39</ele>
				<time>2026-05-28T15:06:30.367Z</time>
			</trkpt>
			<trkpt lat="44.97675" lon="2.61844">
				<ele>687.8</ele>
				<time>2026-05-28T15:06:31.889Z</time>
			</trkpt>
			<trkpt lat="44.97661" lon="2.61858">
				<ele>685.5</ele>
				<time>2026-05-28T15:06:33.901Z</time>
			</trkpt>
			<trkpt lat="44.97637" lon="2.61875">
				<ele>684.38</ele>
				<time>2026-05-28T15:06:37.069Z</time>
			</trkpt>
			<trkpt lat="44.97624" lon="2.61891">
				<ele>682.73</ele>
				<time>2026-05-28T15:06:39.116Z</time>
			</trkpt>
			<trkpt lat="44.97588" lon="2.6196">
				<ele>672.17</ele>
				<time>2026-05-28T15:06:46.412Z</time>
			</trkpt>
			<trkpt lat="44.97591" lon="2.61963">
				<ele>672.57</ele>
				<time>2026-05-28T15:06:46.860Z</time>
			</trkpt>
			<trkpt lat="44.97589" lon="2.6197">
				<ele>671.9</ele>
				<time>2026-05-28T15:06:47.511Z</time>
			</trkpt>
			<trkpt lat="44.97589" lon="2.61978">
				<ele>671.8</ele>
				<time>2026-05-28T15:06:48.202Z</time>
			</trkpt>
			<trkpt lat="44.97596" lon="2.61994">
				<ele>672.46</ele>
				<time>2026-05-28T15:06:49.835Z</time>
			</trkpt>
			<trkpt lat="44.9761" lon="2.62018">
				<ele>672.58</ele>
				<time>2026-05-28T15:06:52.553Z</time>
			</trkpt>
			<trkpt lat="44.97786" lon="2.62413">
				<ele>664.58</ele>
				<time>2026-05-28T15:07:29.877Z</time>
			</trkpt>
			<trkpt lat="44.97793" lon="2.62434">
				<ele>665.4</ele>
				<time>2026-05-28T15:07:31.550Z</time>
			</trkpt>
			<trkpt lat="44.97819" lon="2.62547">
				<ele>663.84</ele>
				<time>2026-05-28T15:07:39.897Z</time>
			</trkpt>
			<trkpt lat="44.97847" lon="2.62679">
				<ele>665.28</ele>
				<time>2026-05-28T15:07:49.147Z</time>
			</trkpt>
			<trkpt lat="44.97852" lon="2.62708">
				<ele>664.84</ele>
				<time>2026-05-28T15:07:51.095Z</time>
			</trkpt>
			<trkpt lat="44.97846" lon="2.62713">
				<ele>664.64</ele>
				<time>2026-05-28T15:07:51.734Z</time>
			</trkpt>
			<trkpt lat="44.97845" lon="2.62717">
				<ele>664.52</ele>
				<time>2026-05-28T15:07:52.008Z</time>
			</trkpt>
			<trkpt lat="44.97844" lon="2.62726">
				<ele>664.3</ele>
				<time>2026-05-28T15:07:52.596Z</time>
			</trkpt>
			<trkpt lat="44.97847" lon="2.62735">
				<ele>664.29</ele>
				<time>2026-05-28T15:07:53.237Z</time>
			</trkpt>
			<trkpt lat="44.97835" lon="2.62753">
				<ele>663.3</ele>
				<time>2026-05-28T15:07:54.820Z</time>
			</trkpt>
			<trkpt lat="44.97823" lon="2.62769">
				<ele>663.81</ele>
				<time>2026-05-28T15:07:56.302Z</time>
			</trkpt>
			<trkpt lat="44.9774" lon="2.62887">
				<ele>663.65</ele>
				<time>2026-05-28T15:08:06.649Z</time>
			</trkpt>
			<trkpt lat="44.97712" lon="2.62928">
				<ele>667.57</ele>
				<time>2026-05-28T15:08:10.142Z</time>
			</trkpt>
			<trkpt lat="44.97707" lon="2.62938">
				<ele>668.59</ele>
				<time>2026-05-28T15:08:10.890Z</time>
			</trkpt>
			<trkpt lat="44.97704" lon="2.6295">
				<ele>669.64</ele>
				<time>2026-05-28T15:08:11.666Z</time>
			</trkpt>
			<trkpt lat="44.97687" lon="2.63327">
				<ele>681.06</ele>
				<time>2026-05-28T15:08:34.206Z</time>
			</trkpt>
			<trkpt lat="44.97685" lon="2.6336">
				<ele>682.21</ele>
				<time>2026-05-28T15:08:36.139Z</time>
			</trkpt>
			<trkpt lat="44.97681" lon="2.63446">
				<ele>688.01</ele>
				<time>2026-05-28T15:08:41.134Z</time>
			</trkpt>
			<trkpt lat="44.97684" lon="2.63464">
				<ele>688.44</ele>
				<time>2026-05-28T15:08:42.200Z</time>
			</trkpt>
			<trkpt lat="44.9769" lon="2.63475">
				<ele>688.03</ele>
				<time>2026-05-28T15:08:43.000Z</time>
			</trkpt>
			<trkpt lat="44.97694" lon="2.63479">
				<ele>687.53</ele>
				<time>2026-05-28T15:08:43.398Z</time>
			</trkpt>
			<trkpt lat="44.97709" lon="2.63486">
				<ele>687.74</ele>
				<time>2026-05-28T15:08:44.679Z</time>
			</trkpt>
			<trkpt lat="44.97723" lon="2.63489">
				<ele>687.55</ele>
				<time>2026-05-28T15:08:45.825Z</time>
			</trkpt>
			<trkpt lat="44.97738" lon="2.63495">
				<ele>687.22</ele>
				<time>2026-05-28T15:08:47.085Z</time>
			</trkpt>
			<trkpt lat="44.9775" lon="2.6351">
				<ele>687.64</ele>
				<time>2026-05-28T15:08:48.375Z</time>
			</trkpt>
			<trkpt lat="44.97765" lon="2.63548">
				<ele>686.97</ele>
				<time>2026-05-28T15:08:50.847Z</time>
			</trkpt>
			<trkpt lat="44.97775" lon="2.63564">
				<ele>687.51</ele>
				<time>2026-05-28T15:08:52.056Z</time>
			</trkpt>
			<trkpt lat="44.97803" lon="2.63596">
				<ele>690.5</ele>
				<time>2026-05-28T15:08:54.927Z</time>
			</trkpt>
			<trkpt lat="44.97808" lon="2.63608">
				<ele>692.09</ele>
				<time>2026-05-28T15:08:55.710Z</time>
			</trkpt>
			<trkpt lat="44.97808" lon="2.63619">
				<ele>693.72</ele>
				<time>2026-05-28T15:08:56.327Z</time>
			</trkpt>
			<trkpt lat="44.97803" lon="2.63627">
				<ele>695.79</ele>
				<time>2026-05-28T15:08:56.926Z</time>
			</trkpt>
			<trkpt lat="44.97795" lon="2.6363">
				<ele>697.74</ele>
				<time>2026-05-28T15:08:57.581Z</time>
			</trkpt>
			<trkpt lat="44.97652" lon="2.63544">
				<ele>707.7</ele>
				<time>2026-05-28T15:09:09.744Z</time>
			</trkpt>
			<trkpt lat="44.9763" lon="2.63533">
				<ele>717.5</ele>
				<time>2026-05-28T15:09:11.547Z</time>
			</trkpt>
			<trkpt lat="44.97622" lon="2.63525">
				<ele>723.16</ele>
				<time>2026-05-28T15:09:12.303Z</time>
			</trkpt>
			<trkpt lat="44.97613" lon="2.6351">
				<ele>727.98</ele>
				<time>2026-05-28T15:09:13.374Z</time>
			</trkpt>
			<trkpt lat="44.97593" lon="2.63436">
				<ele>727.95</ele>
				<time>2026-05-28T15:09:17.667Z</time>
			</trkpt>
			<trkpt lat="44.97579" lon="2.63398">
				<ele>726.86</ele>
				<time>2026-05-28T15:09:19.975Z</time>
			</trkpt>
			<trkpt lat="44.97541" lon="2.63343">
				<ele>728.22</ele>
				<time>2026-05-28T15:09:24.093Z</time>
			</trkpt>
			<trkpt lat="44.97505" lon="2.63309">
				<ele>729.65</ele>
				<time>2026-05-28T15:09:27.351Z</time>
			</trkpt>
			<trkpt lat="44.97477" lon="2.63295">
				<ele>728.96</ele>
				<time>2026-05-28T15:09:29.574Z</time>
			</trkpt>
			<trkpt lat="44.97454" lon="2.63292">
				<ele>729.25</ele>
				<time>2026-05-28T15:09:31.298Z</time>
			</trkpt>
			<trkpt lat="44.97439" lon="2.63306">
				<ele>731.55</ele>
				<time>2026-05-28T15:09:32.635Z</time>
			</trkpt>
			<trkpt lat="44.9742" lon="2.63337">
				<ele>735.87</ele>
				<time>2026-05-28T15:09:34.788Z</time>
			</trkpt>
			<trkpt lat="44.974" lon="2.63382">
				<ele>744.44</ele>
				<time>2026-05-28T15:09:37.566Z</time>
			</trkpt>
			<trkpt lat="44.97376" lon="2.63417">
				<ele>759.02</ele>
				<time>2026-05-28T15:09:40.101Z</time>
			</trkpt>
			<trkpt lat="44.97346" lon="2.63435">
				<ele>764.71</ele>
				<time>2026-05-28T15:09:42.488Z</time>
			</trkpt>
			<trkpt lat="44.97269" lon="2.63457">
				<ele>766.38</ele>
				<time>2026-05-28T15:09:48.202Z</time>
			</trkpt>
			<trkpt lat="44.97254" lon="2.63477">
				<ele>769.85</ele>
				<time>2026-05-28T15:09:49.692Z</time>
			</trkpt>
			<trkpt lat="44.97244" lon="2.63514">
				<ele>774.02</ele>
				<time>2026-05-28T15:09:51.712Z</time>
			</trkpt>
			<trkpt lat="44.97239" lon="2.63547">
				<ele>775</ele>
				<time>2026-05-28T15:09:53.428Z</time>
			</trkpt>
			<trkpt lat="44.97239" lon="2.63598">
				<ele>772.45</ele>
				<time>2026-05-28T15:09:56.012Z</time>
			</trkpt>
			<trkpt lat="44.97234" lon="2.63609">
				<ele>772.07</ele>
				<time>2026-05-28T15:09:56.672Z</time>
			</trkpt>
			<trkpt lat="44.97226" lon="2.63614">
				<ele>772.01</ele>
				<time>2026-05-28T15:09:57.297Z</time>
			</trkpt>
			<trkpt lat="44.97216" lon="2.6361">
				<ele>772.65</ele>
				<time>2026-05-28T15:09:58.037Z</time>
			</trkpt>
			<trkpt lat="44.97212" lon="2.63602">
				<ele>773.27</ele>
				<time>2026-05-28T15:09:58.531Z</time>
			</trkpt>
			<trkpt lat="44.97202" lon="2.63554">
				<ele>776.42</ele>
				<time>2026-05-28T15:10:01.045Z</time>
			</trkpt>
			<trkpt lat="44.97195" lon="2.63533">
				<ele>777.71</ele>
				<time>2026-05-28T15:10:02.208Z</time>
			</trkpt>
			<trkpt lat="44.9718" lon="2.6352">
				<ele>779.3</ele>
				<time>2026-05-28T15:10:03.452Z</time>
			</trkpt>
			<trkpt lat="44.97162" lon="2.6352">
				<ele>780.25</ele>
				<time>2026-05-28T15:10:04.722Z</time>
			</trkpt>
			<trkpt lat="44.97148" lon="2.63537">
				<ele>779.77</ele>
				<time>2026-05-28T15:10:06.021Z</time>
			</trkpt>
			<trkpt lat="44.97141" lon="2.63552">
				<ele>779.8</ele>
				<time>2026-05-28T15:10:06.914Z</time>
			</trkpt>
			<trkpt lat="44.97141" lon="2.6359">
				<ele>779.82</ele>
				<time>2026-05-28T15:10:08.800Z</time>
			</trkpt>
			<trkpt lat="44.97134" lon="2.63597">
				<ele>780.51</ele>
				<time>2026-05-28T15:10:09.400Z</time>
			</trkpt>
			<trkpt lat="44.97086" lon="2.63615">
				<ele>787.86</ele>
				<time>2026-05-28T15:10:12.865Z</time>
			</trkpt>
			<trkpt lat="44.97066" lon="2.63625">
				<ele>791.14</ele>
				<time>2026-05-28T15:10:14.340Z</time>
			</trkpt>
			<trkpt lat="44.97017" lon="2.63635">
				<ele>796.02</ele>
				<time>2026-05-28T15:10:17.769Z</time>
			</trkpt>
			<trkpt lat="44.96962" lon="2.6363">
				<ele>797.16</ele>
				<time>2026-05-28T15:10:21.566Z</time>
			</trkpt>
			<trkpt lat="44.96938" lon="2.63611">
				<ele>799.45</ele>
				<time>2026-05-28T15:10:23.454Z</time>
			</trkpt>
			<trkpt lat="44.96909" lon="2.63576">
				<ele>801.5</ele>
				<time>2026-05-28T15:10:26.062Z</time>
			</trkpt>
			<trkpt lat="44.96897" lon="2.63571">
				<ele>802.84</ele>
				<time>2026-05-28T15:10:26.915Z</time>
			</trkpt>
			<trkpt lat="44.96866" lon="2.63566">
				<ele>804.05</ele>
				<time>2026-05-28T15:10:29.039Z</time>
			</trkpt>
			<trkpt lat="44.96747" lon="2.63594">
				<ele>811.65</ele>
				<time>2026-05-28T15:10:37.196Z</time>
			</trkpt>
			<trkpt lat="44.96722" lon="2.63585">
				<ele>811.99</ele>
				<time>2026-05-28T15:10:38.929Z</time>
			</trkpt>
			<trkpt lat="44.96692" lon="2.63564">
				<ele>813.82</ele>
				<time>2026-05-28T15:10:41.172Z</time>
			</trkpt>
			<trkpt lat="44.96666" lon="2.6356">
				<ele>815.98</ele>
				<time>2026-05-28T15:10:42.920Z</time>
			</trkpt>
			<trkpt lat="44.96627" lon="2.63563">
				<ele>818.42</ele>
				<time>2026-05-28T15:10:45.523Z</time>
			</trkpt>
			<trkpt lat="44.96589" lon="2.63558">
				<ele>819.84</ele>
				<time>2026-05-28T15:10:48.059Z</time>
			</trkpt>
			<trkpt lat="44.9655" lon="2.6356">
				<ele>823.88</ele>
				<time>2026-05-28T15:10:50.644Z</time>
			</trkpt>
			<trkpt lat="44.96529" lon="2.63556">
				<ele>825.84</ele>
				<time>2026-05-28T15:10:52.044Z</time>
			</trkpt>
			<trkpt lat="44.96517" lon="2.6355">
				<ele>826.27</ele>
				<time>2026-05-28T15:10:52.884Z</time>
			</trkpt>
			<trkpt lat="44.96423" lon="2.6349">
				<ele>829.58</ele>
				<time>2026-05-28T15:10:59.664Z</time>
			</trkpt>
			<trkpt lat="44.96408" lon="2.63482">
				<ele>830.3</ele>
				<time>2026-05-28T15:11:00.713Z</time>
			</trkpt>
			<trkpt lat="44.96358" lon="2.63463">
				<ele>832.69</ele>
				<time>2026-05-28T15:11:04.094Z</time>
			</trkpt>
			<trkpt lat="44.96315" lon="2.63452">
				<ele>835.04</ele>
				<time>2026-05-28T15:11:06.939Z</time>
			</trkpt>
			<trkpt lat="44.96284" lon="2.63454">
				<ele>840.36</ele>
				<time>2026-05-28T15:11:08.954Z</time>
			</trkpt>
			<trkpt lat="44.96196" lon="2.63471">
				<ele>850.58</ele>
				<time>2026-05-28T15:11:14.702Z</time>
			</trkpt>
			<trkpt lat="44.96172" lon="2.63465">
				<ele>858.93</ele>
				<time>2026-05-28T15:11:16.274Z</time>
			</trkpt>
			<trkpt lat="44.96162" lon="2.63467">
				<ele>862.47</ele>
				<time>2026-05-28T15:11:16.925Z</time>
			</trkpt>
			<trkpt lat="44.96157" lon="2.63482">
				<ele>865.52</ele>
				<time>2026-05-28T15:11:17.681Z</time>
			</trkpt>
			<trkpt lat="44.96166" lon="2.6351">
				<ele>867.09</ele>
				<time>2026-05-28T15:11:19.081Z</time>
			</trkpt>
			<trkpt lat="44.96224" lon="2.6356">
				<ele>860.61</ele>
				<time>2026-05-28T15:11:23.444Z</time>
			</trkpt>
			<trkpt lat="44.96238" lon="2.63576">
				<ele>861.9</ele>
				<time>2026-05-28T15:11:24.597Z</time>
			</trkpt>
			<trkpt lat="44.96263" lon="2.63613">
				<ele>866.23</ele>
				<time>2026-05-28T15:11:26.914Z</time>
			</trkpt>
			<trkpt lat="44.96277" lon="2.63638">
				<ele>870.04</ele>
				<time>2026-05-28T15:11:28.356Z</time>
			</trkpt>
			<trkpt lat="44.96305" lon="2.63698">
				<ele>885.66</ele>
				<time>2026-05-28T15:11:31.601Z</time>
			</trkpt>
			<trkpt lat="44.96329" lon="2.63726">
				<ele>891.72</ele>
				<time>2026-05-28T15:11:33.584Z</time>
			</trkpt>
			<trkpt lat="44.96406" lon="2.63777">
				<ele>894.75</ele>
				<time>2026-05-28T15:11:38.991Z</time>
			</trkpt>
			<trkpt lat="44.96424" lon="2.63804">
				<ele>902.58</ele>
				<time>2026-05-28T15:11:40.656Z</time>
			</trkpt>
			<trkpt lat="44.96434" lon="2.63825">
				<ele>908.48</ele>
				<time>2026-05-28T15:11:41.792Z</time>
			</trkpt>
			<trkpt lat="44.96448" lon="2.63841">
				<ele>909.76</ele>
				<time>2026-05-28T15:11:42.934Z</time>
			</trkpt>
			<trkpt lat="44.96476" lon="2.6386">
				<ele>908.83</ele>
				<time>2026-05-28T15:11:44.901Z</time>
			</trkpt>
			<trkpt lat="44.96488" lon="2.63882">
				<ele>913.8</ele>
				<time>2026-05-28T15:11:46.145Z</time>
			</trkpt>
			<trkpt lat="44.9653" lon="2.63919">
				<ele>914.64</ele>
				<time>2026-05-28T15:11:49.275Z</time>
			</trkpt>
			<trkpt lat="44.96566" lon="2.63958">
				<ele>918.88</ele>
				<time>2026-05-28T15:11:52.141Z</time>
			</trkpt>
			<trkpt lat="44.9659" lon="2.63989">
				<ele>920.81</ele>
				<time>2026-05-28T15:11:54.192Z</time>
			</trkpt>
			<trkpt lat="44.96607" lon="2.64021">
				<ele>924.94</ele>
				<time>2026-05-28T15:11:55.962Z</time>
			</trkpt>
			<trkpt lat="44.96632" lon="2.64046">
				<ele>928.14</ele>
				<time>2026-05-28T15:11:57.856Z</time>
			</trkpt>
			<trkpt lat="44.96665" lon="2.6407">
				<ele>931.51</ele>
				<time>2026-05-28T15:12:00.123Z</time>
			</trkpt>
			<trkpt lat="44.96704" lon="2.6409">
				<ele>931.14</ele>
				<time>2026-05-28T15:12:02.624Z</time>
			</trkpt>
			<trkpt lat="44.96789" lon="2.64114">
				<ele>935.8</ele>
				<time>2026-05-28T15:12:07.745Z</time>
			</trkpt>
			<trkpt lat="44.96812" lon="2.64129">
				<ele>935.35</ele>
				<time>2026-05-28T15:12:09.216Z</time>
			</trkpt>
			<trkpt lat="44.96844" lon="2.64147">
				<ele>934.11</ele>
				<time>2026-05-28T15:12:11.202Z</time>
			</trkpt>
			<trkpt lat="44.96884" lon="2.64164">
				<ele>940.15</ele>
				<time>2026-05-28T15:12:13.587Z</time>
			</trkpt>
			<trkpt lat="44.96921" lon="2.64171">
				<ele>940.2</ele>
				<time>2026-05-28T15:12:15.699Z</time>
			</trkpt>
			<trkpt lat="44.96948" lon="2.64187">
				<ele>944.39</ele>
				<time>2026-05-28T15:12:17.343Z</time>
			</trkpt>
			<trkpt lat="44.96977" lon="2.64189">
				<ele>943.86</ele>
				<time>2026-05-28T15:12:18.965Z</time>
			</trkpt>
			<trkpt lat="44.97" lon="2.64193">
				<ele>947.55</ele>
				<time>2026-05-28T15:12:20.254Z</time>
			</trkpt>
			<trkpt lat="44.97047" lon="2.64188">
				<ele>946.16</ele>
				<time>2026-05-28T15:12:22.860Z</time>
			</trkpt>
			<trkpt lat="44.97065" lon="2.64191">
				<ele>949.52</ele>
				<time>2026-05-28T15:12:23.858Z</time>
			</trkpt>
			<trkpt lat="44.97081" lon="2.64198">
				<ele>955.85</ele>
				<time>2026-05-28T15:12:24.778Z</time>
			</trkpt>
			<trkpt lat="44.97122" lon="2.64194">
				<ele>954.26</ele>
				<time>2026-05-28T15:12:27.027Z</time>
			</trkpt>
			<trkpt lat="44.97132" lon="2.64198">
				<ele>955.16</ele>
				<time>2026-05-28T15:12:27.595Z</time>
			</trkpt>
			<trkpt lat="44.97159" lon="2.64228">
				<ele>965.72</ele>
				<time>2026-05-28T15:12:29.467Z</time>
			</trkpt>
			<trkpt lat="44.97192" lon="2.64237">
				<ele>965.15</ele>
				<time>2026-05-28T15:12:31.295Z</time>
			</trkpt>
			<trkpt lat="44.9722" lon="2.64249">
				<ele>962.46</ele>
				<time>2026-05-28T15:12:32.884Z</time>
			</trkpt>
			<trkpt lat="44.9724" lon="2.6425">
				<ele>960.09</ele>
				<time>2026-05-28T15:12:33.971Z</time>
			</trkpt>
			<trkpt lat="44.97284" lon="2.64233">
				<ele>960.18</ele>
				<time>2026-05-28T15:12:36.446Z</time>
			</trkpt>
			<trkpt lat="44.97304" lon="2.64219">
				<ele>961.53</ele>
				<time>2026-05-28T15:12:37.658Z</time>
			</trkpt>
			<trkpt lat="44.97331" lon="2.64183">
				<ele>964.97</ele>
				<time>2026-05-28T15:12:39.675Z</time>
			</trkpt>
			<trkpt lat="44.97339" lon="2.64182">
				<ele>966.6</ele>
				<time>2026-05-28T15:12:40.112Z</time>
			</trkpt>
			<trkpt lat="44.97345" lon="2.64187">
				<ele>968.66</ele>
				<time>2026-05-28T15:12:40.491Z</time>
			</trkpt>
			<trkpt lat="44.97346" lon="2.64199">
				<ele>970.08</ele>
				<time>2026-05-28T15:12:40.956Z</time>
			</trkpt>
			<trkpt lat="44.97342" lon="2.6421">
				<ele>969.89</ele>
				<time>2026-05-28T15:12:41.433Z</time>
			</trkpt>
			<trkpt lat="44.97327" lon="2.64224">
				<ele>967.92</ele>
				<time>2026-05-28T15:12:42.413Z</time>
			</trkpt>
			<trkpt lat="44.97304" lon="2.64245">
				<ele>965.26</ele>
				<time>2026-05-28T15:12:43.909Z</time>
			</trkpt>
			<trkpt lat="44.97252" lon="2.6428">
				<ele>966.75</ele>
				<time>2026-05-28T15:12:47.070Z</time>
			</trkpt>
			<trkpt lat="44.97241" lon="2.64285">
				<ele>968.5</ele>
				<time>2026-05-28T15:12:47.707Z</time>
			</trkpt>
			<trkpt lat="44.97152" lon="2.64294">
				<ele>977.14</ele>
				<time>2026-05-28T15:12:52.665Z</time>
			</trkpt>
			<trkpt lat="44.97086" lon="2.6428">
				<ele>978.91</ele>
				<time>2026-05-28T15:12:56.427Z</time>
			</trkpt>
			<trkpt lat="44.97065" lon="2.64278">
				<ele>980.94</ele>
				<time>2026-05-28T15:12:57.625Z</time>
			</trkpt>
			<trkpt lat="44.97046" lon="2.64279">
				<ele>981.89</ele>
				<time>2026-05-28T15:12:58.713Z</time>
			</trkpt>
			<trkpt lat="44.97027" lon="2.64283">
				<ele>982.03</ele>
				<time>2026-05-28T15:12:59.817Z</time>
			</trkpt>
			<trkpt lat="44.97007" lon="2.6429">
				<ele>983.69</ele>
				<time>2026-05-28T15:13:01.008Z</time>
			</trkpt>
			<trkpt lat="44.96974" lon="2.6431">
				<ele>988.51</ele>
				<time>2026-05-28T15:13:03.098Z</time>
			</trkpt>
			<trkpt lat="44.96957" lon="2.64312">
				<ele>989.19</ele>
				<time>2026-05-28T15:13:04.099Z</time>
			</trkpt>
			<trkpt lat="44.96939" lon="2.64309">
				<ele>989.22</ele>
				<time>2026-05-28T15:13:05.168Z</time>
			</trkpt>
			<trkpt lat="44.96909" lon="2.64296">
				<ele>988.7</ele>
				<time>2026-05-28T15:13:07.032Z</time>
			</trkpt>
			<trkpt lat="44.96896" lon="2.64293">
				<ele>989.27</ele>
				<time>2026-05-28T15:13:07.821Z</time>
			</trkpt>
			<trkpt lat="44.96864" lon="2.64298">
				<ele>994.37</ele>
				<time>2026-05-28T15:13:09.762Z</time>
			</trkpt>
			<trkpt lat="44.96856" lon="2.64304">
				<ele>996.31</ele>
				<time>2026-05-28T15:13:10.312Z</time>
			</trkpt>
			<trkpt lat="44.9685" lon="2.64315">
				<ele>997.91</ele>
				<time>2026-05-28T15:13:10.910Z</time>
			</trkpt>
			<trkpt lat="44.96838" lon="2.64356">
				<ele>999.28</ele>
				<time>2026-05-28T15:13:12.836Z</time>
			</trkpt>
			<trkpt lat="44.96833" lon="2.6437">
				<ele>998.69</ele>
				<time>2026-05-28T15:13:13.522Z</time>
			</trkpt>
			<trkpt lat="44.96868" lon="2.6438">
				<ele>999.92</ele>
				<time>2026-05-28T15:13:15.749Z</time>
			</trkpt>
			<trkpt lat="44.96972" lon="2.64381">
				<ele>995.41</ele>
				<time>2026-05-28T15:13:22.411Z</time>
			</trkpt>
			<trkpt lat="44.97008" lon="2.6439">
				<ele>993.46</ele>
				<time>2026-05-28T15:13:24.794Z</time>
			</trkpt>
			<trkpt lat="44.97203" lon="2.64448">
				<ele>996.82</ele>
				<time>2026-05-28T15:13:37.922Z</time>
			</trkpt>
			<trkpt lat="44.97275" lon="2.64464">
				<ele>997.71</ele>
				<time>2026-05-28T15:13:42.781Z</time>
			</trkpt>
			<trkpt lat="44.97318" lon="2.64467">
				<ele>1002.04</ele>
				<time>2026-05-28T15:13:45.666Z</time>
			</trkpt>
			<trkpt lat="44.97469" lon="2.64462">
				<ele>1004.65</ele>
				<time>2026-05-28T15:13:55.871Z</time>
			</trkpt>
			<trkpt lat="44.97514" lon="2.64468">
				<ele>1004.29</ele>
				<time>2026-05-28T15:13:58.950Z</time>
			</trkpt>
			<trkpt lat="44.97537" lon="2.6449">
				<ele>1004.05</ele>
				<time>2026-05-28T15:14:00.848Z</time>
			</trkpt>
			<trkpt lat="44.97545" lon="2.64518">
				<ele>1003.98</ele>
				<time>2026-05-28T15:14:02.310Z</time>
			</trkpt>
			<trkpt lat="44.97525" lon="2.64584">
				<ele>1005.27</ele>
				<time>2026-05-28T15:14:05.798Z</time>
			</trkpt>
			<trkpt lat="44.97499" lon="2.64655">
				<ele>1007.55</ele>
				<time>2026-05-28T15:14:09.699Z</time>
			</trkpt>
			<trkpt lat="44.97495" lon="2.64697">
				<ele>1007.5</ele>
				<time>2026-05-28T15:14:11.774Z</time>
			</trkpt>
			<trkpt lat="44.97502" lon="2.64743">
				<ele>1005.29</ele>
				<time>2026-05-28T15:14:14.084Z</time>
			</trkpt>
			<trkpt lat="44.97523" lon="2.64784">
				<ele>1000.57</ele>
				<time>2026-05-28T15:14:16.576Z</time>
			</trkpt>
			<trkpt lat="44.97575" lon="2.6483">
				<ele>994.6</ele>
				<time>2026-05-28T15:14:20.861Z</time>
			</trkpt>
			<trkpt lat="44.97748" lon="2.64947">
				<ele>992.6</ele>
				<time>2026-05-28T15:14:34.390Z</time>
			</trkpt>
			<trkpt lat="44.97766" lon="2.64962">
				<ele>988.58</ele>
				<time>2026-05-28T15:14:35.876Z</time>
			</trkpt>
			<trkpt lat="44.97796" lon="2.65046">
				<ele>987.86</ele>
				<time>2026-05-28T15:14:40.625Z</time>
			</trkpt>
			<trkpt lat="44.9781" lon="2.65056">
				<ele>986.76</ele>
				<time>2026-05-28T15:14:41.748Z</time>
			</trkpt>
			<trkpt lat="44.97877" lon="2.65056">
				<ele>983.67</ele>
				<time>2026-05-28T15:14:46.559Z</time>
			</trkpt>
			<trkpt lat="44.979" lon="2.65066">
				<ele>983.4</ele>
				<time>2026-05-28T15:14:48.292Z</time>
			</trkpt>
			<trkpt lat="44.97918" lon="2.65092">
				<ele>984.65</ele>
				<time>2026-05-28T15:14:50.150Z</time>
			</trkpt>
			<trkpt lat="44.97959" lon="2.6518">
				<ele>982.89</ele>
				<time>2026-05-28T15:14:55.549Z</time>
			</trkpt>
			<trkpt lat="44.97983" lon="2.65181">
				<ele>977.41</ele>
				<time>2026-05-28T15:14:57.295Z</time>
			</trkpt>
			<trkpt lat="44.98024" lon="2.65155">
				<ele>970.75</ele>
				<time>2026-05-28T15:15:00.570Z</time>
			</trkpt>
			<trkpt lat="44.98084" lon="2.65114">
				<ele>966.31</ele>
				<time>2026-05-28T15:15:05.446Z</time>
			</trkpt>
			<trkpt lat="44.98174" lon="2.65068">
				<ele>966.98</ele>
				<time>2026-05-28T15:15:12.489Z</time>
			</trkpt>
			<trkpt lat="44.98198" lon="2.6507">
				<ele>966.18</ele>
				<time>2026-05-28T15:15:14.266Z</time>
			</trkpt>
			<trkpt lat="44.98205" lon="2.65092">
				<ele>967.76</ele>
				<time>2026-05-28T15:15:15.529Z</time>
			</trkpt>
			<trkpt lat="44.98226" lon="2.65143">
				<ele>968.22</ele>
				<time>2026-05-28T15:15:18.624Z</time>
			</trkpt>
			<trkpt lat="44.98249" lon="2.65147">
				<ele>962.77</ele>
				<time>2026-05-28T15:15:20.346Z</time>
			</trkpt>
			<trkpt lat="44.98269" lon="2.6516">
				<ele>958.26</ele>
				<time>2026-05-28T15:15:21.985Z</time>
			</trkpt>
			<trkpt lat="44.9828" lon="2.65172">
				<ele>955.67</ele>
				<time>2026-05-28T15:15:23.021Z</time>
			</trkpt>
			<trkpt lat="44.98281" lon="2.65198">
				<ele>957.91</ele>
				<time>2026-05-28T15:15:24.395Z</time>
			</trkpt>
			<trkpt lat="44.98288" lon="2.65229">
				<ele>958.67</ele>
				<time>2026-05-28T15:15:26.115Z</time>
			</trkpt>
			<trkpt lat="44.983" lon="2.65257">
				<ele>958.18</ele>
				<time>2026-05-28T15:15:27.847Z</time>
			</trkpt>
			<trkpt lat="44.98315" lon="2.65299">
				<ele>956.98</ele>
				<time>2026-05-28T15:15:30.343Z</time>
			</trkpt>
			<trkpt lat="44.98335" lon="2.65339">
				<ele>956.58</ele>
				<time>2026-05-28T15:15:32.946Z</time>
			</trkpt>
			<trkpt lat="44.98355" lon="2.6535">
				<ele>954.54</ele>
				<time>2026-05-28T15:15:34.562Z</time>
			</trkpt>
			<trkpt lat="44.9838" lon="2.65354">
				<ele>951.66</ele>
				<time>2026-05-28T15:15:36.459Z</time>
			</trkpt>
			<trkpt lat="44.98399" lon="2.65371">
				<ele>954.08</ele>
				<time>2026-05-28T15:15:38.157Z</time>
			</trkpt>
			<trkpt lat="44.98409" lon="2.65371">
				<ele>953.92</ele>
				<time>2026-05-28T15:15:38.913Z</time>
			</trkpt>
			<trkpt lat="44.98422" lon="2.65358">
				<ele>951.95</ele>
				<time>2026-05-28T15:15:40.118Z</time>
			</trkpt>
			<trkpt lat="44.98446" lon="2.65324">
				<ele>948.92</ele>
				<time>2026-05-28T15:15:42.693Z</time>
			</trkpt>
			<trkpt lat="44.98485" lon="2.65296">
				<ele>950.44</ele>
				<time>2026-05-28T15:15:46.017Z</time>
			</trkpt>
			<trkpt lat="44.9851" lon="2.65261">
				<ele>949.59</ele>
				<time>2026-05-28T15:15:48.697Z</time>
			</trkpt>
			<trkpt lat="44.98517" lon="2.65216">
				<ele>944.9</ele>
				<time>2026-05-28T15:15:51.185Z</time>
			</trkpt>
			<trkpt lat="44.98525" lon="2.65183">
				<ele>940.34</ele>
				<time>2026-05-28T15:15:53.072Z</time>
			</trkpt>
			<trkpt lat="44.98543" lon="2.65177">
				<ele>941.49</ele>
				<time>2026-05-28T15:15:54.488Z</time>
			</trkpt>
			<trkpt lat="44.98556" lon="2.65187">
				<ele>946.43</ele>
				<time>2026-05-28T15:15:55.623Z</time>
			</trkpt>
			<trkpt lat="44.9859" lon="2.65181">
				<ele>954.31</ele>
				<time>2026-05-28T15:15:58.254Z</time>
			</trkpt>
			<trkpt lat="44.98651" lon="2.65158">
				<ele>949.88</ele>
				<time>2026-05-28T15:16:03.117Z</time>
			</trkpt>
			<trkpt lat="44.98697" lon="2.65153">
				<ele>941.11</ele>
				<time>2026-05-28T15:16:06.683Z</time>
			</trkpt>
			<trkpt lat="44.98756" lon="2.65182">
				<ele>948.82</ele>
				<time>2026-05-28T15:16:11.527Z</time>
			</trkpt>
			<trkpt lat="44.98893" lon="2.65211">
				<ele>932.35</ele>
				<time>2026-05-28T15:16:22.335Z</time>
			</trkpt>
			<trkpt lat="44.98933" lon="2.65214">
				<ele>925.34</ele>
				<time>2026-05-28T15:16:25.478Z</time>
			</trkpt>
			<trkpt lat="44.98971" lon="2.65207">
				<ele>919.82</ele>
				<time>2026-05-28T15:16:28.491Z</time>
			</trkpt>
			<trkpt lat="44.99022" lon="2.65216">
				<ele>915.21</ele>
				<time>2026-05-28T15:16:32.543Z</time>
			</trkpt>
			<trkpt lat="44.99036" lon="2.65232">
				<ele>913.51</ele>
				<time>2026-05-28T15:16:33.965Z</time>
			</trkpt>
			<trkpt lat="44.99036" lon="2.65259">
				<ele>913.7</ele>
				<time>2026-05-28T15:16:35.475Z</time>
			</trkpt>
			<trkpt lat="44.99039" lon="2.65279">
				<ele>914.45</ele>
				<time>2026-05-28T15:16:36.620Z</time>
			</trkpt>
			<trkpt lat="44.99094" lon="2.65399">
				<ele>909.64</ele>
				<time>2026-05-28T15:16:44.652Z</time>
			</trkpt>
			<trkpt lat="44.99104" lon="2.65429">
				<ele>908.18</ele>
				<time>2026-05-28T15:16:46.522Z</time>
			</trkpt>
			<trkpt lat="44.99104" lon="2.6546">
				<ele>909.23</ele>
				<time>2026-05-28T15:16:48.271Z</time>
			</trkpt>
			<trkpt lat="44.99096" lon="2.65487">
				<ele>911.56</ele>
				<time>2026-05-28T15:16:49.926Z</time>
			</trkpt>
			<trkpt lat="44.99079" lon="2.65521">
				<ele>917.39</ele>
				<time>2026-05-28T15:16:52.282Z</time>
			</trkpt>
			<trkpt lat="44.99076" lon="2.6556">
				<ele>915.6</ele>
				<time>2026-05-28T15:16:54.506Z</time>
			</trkpt>
			<trkpt lat="44.99079" lon="2.65585">
				<ele>911.54</ele>
				<time>2026-05-28T15:16:55.945Z</time>
			</trkpt>
			<trkpt lat="44.99063" lon="2.65605">
				<ele>915.43</ele>
				<time>2026-05-28T15:16:57.661Z</time>
			</trkpt>
			<trkpt lat="44.99034" lon="2.65634">
				<ele>921</ele>
				<time>2026-05-28T15:17:00.519Z</time>
			</trkpt>
			<trkpt lat="44.99033" lon="2.65667">
				<ele>910.35</ele>
				<time>2026-05-28T15:17:02.402Z</time>
			</trkpt>
			<trkpt lat="44.99009" lon="2.65712">
				<ele>910.32</ele>
				<time>2026-05-28T15:17:05.620Z</time>
			</trkpt>
			<trkpt lat="44.99007" lon="2.65779">
				<ele>897.96</ele>
				<time>2026-05-28T15:17:09.459Z</time>
			</trkpt>
			<trkpt lat="44.99008" lon="2.65814">
				<ele>899.66</ele>
				<time>2026-05-28T15:17:11.468Z</time>
			</trkpt>
			<trkpt lat="44.99037" lon="2.65822">
				<ele>895.29</ele>
				<time>2026-05-28T15:17:13.867Z</time>
			</trkpt>
			<trkpt lat="44.99043" lon="2.65844">
				<ele>898.03</ele>
				<time>2026-05-28T15:17:15.223Z</time>
			</trkpt>
			<trkpt lat="44.99073" lon="2.65861">
				<ele>898.73</ele>
				<time>2026-05-28T15:17:17.855Z</time>
			</trkpt>
			<trkpt lat="44.99079" lon="2.65869">
				<ele>899.59</ele>
				<time>2026-05-28T15:17:18.527Z</time>
			</trkpt>
			<trkpt lat="44.99083" lon="2.6588">
				<ele>900.78</ele>
				<time>2026-05-28T15:17:19.240Z</time>
			</trkpt>
			<trkpt lat="44.99092" lon="2.65891">
				<ele>902.01</ele>
				<time>2026-05-28T15:17:20.211Z</time>
			</trkpt>
			<trkpt lat="44.991" lon="2.65892">
				<ele>902.04</ele>
				<time>2026-05-28T15:17:20.866Z</time>
			</trkpt>
			<trkpt lat="44.99108" lon="2.65885">
				<ele>900.41</ele>
				<time>2026-05-28T15:17:21.635Z</time>
			</trkpt>
			<trkpt lat="44.99118" lon="2.65834">
				<ele>892.37</ele>
				<time>2026-05-28T15:17:24.695Z</time>
			</trkpt>
			<trkpt lat="44.99126" lon="2.65817">
				<ele>890.48</ele>
				<time>2026-05-28T15:17:25.878Z</time>
			</trkpt>
			<trkpt lat="44.99146" lon="2.65811">
				<ele>889.41</ele>
				<time>2026-05-28T15:17:27.553Z</time>
			</trkpt>
			<trkpt lat="44.99186" lon="2.65814">
				<ele>888.27</ele>
				<time>2026-05-28T15:17:30.841Z</time>
			</trkpt>
			<trkpt lat="44.99264" lon="2.65768">
				<ele>888.02</ele>
				<time>2026-05-28T15:17:37.801Z</time>
			</trkpt>
			<trkpt lat="44.9931" lon="2.65745">
				<ele>886.73</ele>
				<time>2026-05-28T15:17:41.833Z</time>
			</trkpt>
			<trkpt lat="44.99383" lon="2.65719">
				<ele>883.02</ele>
				<time>2026-05-28T15:17:48.073Z</time>
			</trkpt>
			<trkpt lat="44.99445" lon="2.65659">
				<ele>876.27</ele>
				<time>2026-05-28T15:17:54.324Z</time>
			</trkpt>
			<trkpt lat="44.99523" lon="2.65649">
				<ele>878.04</ele>
				<time>2026-05-28T15:18:00.866Z</time>
			</trkpt>
			<trkpt lat="44.99663" lon="2.65647">
				<ele>870.35</ele>
				<time>2026-05-28T15:18:12.622Z</time>
			</trkpt>
			<trkpt lat="44.99697" lon="2.65639">
				<ele>862.68</ele>
				<time>2026-05-28T15:18:15.529Z</time>
			</trkpt>
			<trkpt lat="44.99729" lon="2.65654">
				<ele>864.47</ele>
				<time>2026-05-28T15:18:18.376Z</time>
			</trkpt>
			<trkpt lat="44.99768" lon="2.65654">
				<ele>861.21</ele>
				<time>2026-05-28T15:18:21.675Z</time>
			</trkpt>
			<trkpt lat="44.99792" lon="2.65647">
				<ele>861.03</ele>
				<time>2026-05-28T15:18:23.751Z</time>
			</trkpt>
			<trkpt lat="44.9981" lon="2.6563">
				<ele>857.78</ele>
				<time>2026-05-28T15:18:25.587Z</time>
			</trkpt>
			<trkpt lat="44.99829" lon="2.65606">
				<ele>850.64</ele>
				<time>2026-05-28T15:18:27.751Z</time>
			</trkpt>
			<trkpt lat="44.9984" lon="2.65604">
				<ele>850.18</ele>
				<time>2026-05-28T15:18:28.693Z</time>
			</trkpt>
			<trkpt lat="44.99862" lon="2.65608">
				<ele>851.12</ele>
				<time>2026-05-28T15:18:30.580Z</time>
			</trkpt>
			<trkpt lat="44.99876" lon="2.65619">
				<ele>852.03</ele>
				<time>2026-05-28T15:18:31.943Z</time>
			</trkpt>
			<trkpt lat="44.99903" lon="2.65649">
				<ele>851.96</ele>
				<time>2026-05-28T15:18:34.869Z</time>
			</trkpt>
			<trkpt lat="44.99927" lon="2.65687">
				<ele>853.15</ele>
				<time>2026-05-28T15:18:37.944Z</time>
			</trkpt>
			<trkpt lat="44.99942" lon="2.65693">
				<ele>853</ele>
				<time>2026-05-28T15:18:39.277Z</time>
			</trkpt>
			<trkpt lat="44.99989" lon="2.65678">
				<ele>851.29</ele>
				<time>2026-05-28T15:18:43.400Z</time>
			</trkpt>
			<trkpt lat="45.00017" lon="2.65658">
				<ele>851.24</ele>
				<time>2026-05-28T15:18:46.089Z</time>
			</trkpt>
			<trkpt lat="45.00032" lon="2.65657">
				<ele>851.6</ele>
				<time>2026-05-28T15:18:47.378Z</time>
			</trkpt>
			<trkpt lat="45.00047" lon="2.65662">
				<ele>851.71</ele>
				<time>2026-05-28T15:18:48.702Z</time>
			</trkpt>
			<trkpt lat="45.00064" lon="2.65684">
				<ele>851.21</ele>
				<time>2026-05-28T15:18:50.682Z</time>
			</trkpt>
			<trkpt lat="45.00105" lon="2.65745">
				<ele>848.81</ele>
				<time>2026-05-28T15:18:55.807Z</time>
			</trkpt>
			<trkpt lat="45.0011" lon="2.65761">
				<ele>847.78</ele>
				<time>2026-05-28T15:18:56.873Z</time>
			</trkpt>
			<trkpt lat="45.00113" lon="2.65798">
				<ele>847.28</ele>
				<time>2026-05-28T15:18:59.147Z</time>
			</trkpt>
			<trkpt lat="45.00111" lon="2.65828">
				<ele>848.57</ele>
				<time>2026-05-28T15:19:00.988Z</time>
			</trkpt>
			<trkpt lat="45.00104" lon="2.65849">
				<ele>850.17</ele>
				<time>2026-05-28T15:19:02.407Z</time>
			</trkpt>
			<trkpt lat="45.00089" lon="2.65863">
				<ele>852.77</ele>
				<time>2026-05-28T15:19:03.963Z</time>
			</trkpt>
			<trkpt lat="45.0008" lon="2.6588">
				<ele>853.68</ele>
				<time>2026-05-28T15:19:05.263Z</time>
			</trkpt>
			<trkpt lat="45.0008" lon="2.65897">
				<ele>853.68</ele>
				<time>2026-05-28T15:19:06.305Z</time>
			</trkpt>
			<trkpt lat="45.00089" lon="2.65909">
				<ele>853.45</ele>
				<time>2026-05-28T15:19:07.377Z</time>
			</trkpt>
			<trkpt lat="45.00098" lon="2.65914">
				<ele>853.36</ele>
				<time>2026-05-28T15:19:08.216Z</time>
			</trkpt>
			<trkpt lat="45.00113" lon="2.65916">
				<ele>852.48</ele>
				<time>2026-05-28T15:19:09.523Z</time>
			</trkpt>
			<trkpt lat="45.0015" lon="2.65964">
				<ele>847.47</ele>
				<time>2026-05-28T15:19:13.887Z</time>
			</trkpt>
			<trkpt lat="45.0022" lon="2.66029">
				<ele>855.84</ele>
				<time>2026-05-28T15:19:21.185Z</time>
			</trkpt>
			<trkpt lat="45.00232" lon="2.66036">
				<ele>855.3</ele>
				<time>2026-05-28T15:19:22.318Z</time>
			</trkpt>
			<trkpt lat="45.00242" lon="2.66036">
				<ele>854.97</ele>
				<time>2026-05-28T15:19:23.192Z</time>
			</trkpt>
			<trkpt lat="45.00252" lon="2.66025">
				<ele>854.78</ele>
				<time>2026-05-28T15:19:24.299Z</time>
			</trkpt>
			<trkpt lat="45.00267" lon="2.65988">
				<ele>852.49</ele>
				<time>2026-05-28T15:19:26.938Z</time>
			</trkpt>
			<trkpt lat="45.00277" lon="2.6597">
				<ele>851.73</ele>
				<time>2026-05-28T15:19:28.355Z</time>
			</trkpt>
			<trkpt lat="45.00292" lon="2.65954">
				<ele>850.39</ele>
				<time>2026-05-28T15:19:30.001Z</time>
			</trkpt>
			<trkpt lat="45.00363" lon="2.65897">
				<ele>848.44</ele>
				<time>2026-05-28T15:19:37.170Z</time>
			</trkpt>
			<trkpt lat="45.00373" lon="2.65894">
				<ele>848.96</ele>
				<time>2026-05-28T15:19:38.069Z</time>
			</trkpt>
			<trkpt lat="45.00385" lon="2.65893">
				<ele>849.78</ele>
				<time>2026-05-28T15:19:39.127Z</time>
			</trkpt>
			<trkpt lat="45.00401" lon="2.65903">
				<ele>848.86</ele>
				<time>2026-05-28T15:19:40.668Z</time>
			</trkpt>
			<trkpt lat="45.00411" lon="2.65918">
				<ele>848.3</ele>
				<time>2026-05-28T15:19:41.952Z</time>
			</trkpt>
			<trkpt lat="45.00421" lon="2.65941">
				<ele>846.06</ele>
				<time>2026-05-28T15:19:43.636Z</time>
			</trkpt>
			<trkpt lat="45.00431" lon="2.66022">
				<ele>844.27</ele>
				<time>2026-05-28T15:19:48.770Z</time>
			</trkpt>
			<trkpt lat="45.00452" lon="2.66107">
				<ele>840.74</ele>
				<time>2026-05-28T15:19:54.406Z</time>
			</trkpt>
			<trkpt lat="45.0045" lon="2.66176">
				<ele>839.79</ele>
				<time>2026-05-28T15:19:58.738Z</time>
			</trkpt>
			<trkpt lat="45.00446" lon="2.66202">
				<ele>839.25</ele>
				<time>2026-05-28T15:20:00.409Z</time>
			</trkpt>
			<trkpt lat="45.0043" lon="2.66226">
				<ele>839.07</ele>
				<time>2026-05-28T15:20:02.482Z</time>
			</trkpt>
			<trkpt lat="45.00409" lon="2.66234">
				<ele>840.75</ele>
				<time>2026-05-28T15:20:04.417Z</time>
			</trkpt>
			<trkpt lat="45.00385" lon="2.66249">
				<ele>839.76</ele>
				<time>2026-05-28T15:20:06.754Z</time>
			</trkpt>
			<trkpt lat="45.0037" lon="2.66269">
				<ele>837.04</ele>
				<time>2026-05-28T15:20:08.592Z</time>
			</trkpt>
			<trkpt lat="45.00354" lon="2.66336">
				<ele>834.05</ele>
				<time>2026-05-28T15:20:13.055Z</time>
			</trkpt>
			<trkpt lat="45.00342" lon="2.6637">
				<ele>838</ele>
				<time>2026-05-28T15:20:15.457Z</time>
			</trkpt>
			<trkpt lat="45.00316" lon="2.66418">
				<ele>839.15</ele>
				<time>2026-05-28T15:20:19.283Z</time>
			</trkpt>
			<trkpt lat="45.00314" lon="2.66448">
				<ele>830.71</ele>
				<time>2026-05-28T15:20:21.192Z</time>
			</trkpt>
			<trkpt lat="45.00295" lon="2.66519">
				<ele>823.61</ele>
				<time>2026-05-28T15:20:26.009Z</time>
			</trkpt>
			<trkpt lat="45.00302" lon="2.66559">
				<ele>821.1</ele>
				<time>2026-05-28T15:20:28.627Z</time>
			</trkpt>
			<trkpt lat="45.0034" lon="2.66651">
				<ele>816.78</ele>
				<time>2026-05-28T15:20:35.410Z</time>
			</trkpt>
			<trkpt lat="45.00346" lon="2.66694">
				<ele>818.59</ele>
				<time>2026-05-28T15:20:38.205Z</time>
			</trkpt>
			<trkpt lat="45.00359" lon="2.66728">
				<ele>818.71</ele>
				<time>2026-05-28T15:20:40.673Z</time>
			</trkpt>
			<trkpt lat="45.00381" lon="2.66729">
				<ele>817.25</ele>
				<time>2026-05-28T15:20:42.662Z</time>
			</trkpt>
			<trkpt lat="45.00414" lon="2.66707">
				<ele>814.42</ele>
				<time>2026-05-28T15:20:45.963Z</time>
			</trkpt>
			<trkpt lat="45.00449" lon="2.66694">
				<ele>811.82</ele>
				<time>2026-05-28T15:20:49.241Z</time>
			</trkpt>
			<trkpt lat="45.00494" lon="2.66698">
				<ele>810.6</ele>
				<time>2026-05-28T15:20:53.331Z</time>
			</trkpt>
			<trkpt lat="45.00522" lon="2.66715">
				<ele>810.45</ele>
				<time>2026-05-28T15:20:56.098Z</time>
			</trkpt>
			<trkpt lat="45.00534" lon="2.66714">
				<ele>809.19</ele>
				<time>2026-05-28T15:20:57.191Z</time>
			</trkpt>
			<trkpt lat="45.00545" lon="2.66708">
				<ele>807.07</ele>
				<time>2026-05-28T15:20:58.263Z</time>
			</trkpt>
			<trkpt lat="45.00619" lon="2.6675">
				<ele>805.08</ele>
				<time>2026-05-28T15:21:05.525Z</time>
			</trkpt>
			<trkpt lat="45.00671" lon="2.66773">
				<ele>801.11</ele>
				<time>2026-05-28T15:21:10.497Z</time>
			</trkpt>
			<trkpt lat="45.00704" lon="2.66778">
				<ele>792.69</ele>
				<time>2026-05-28T15:21:13.531Z</time>
			</trkpt>
			<trkpt lat="45.00756" lon="2.66748">
				<ele>781.77</ele>
				<time>2026-05-28T15:21:18.672Z</time>
			</trkpt>
			<trkpt lat="45.0077" lon="2.66746">
				<ele>781.49</ele>
				<time>2026-05-28T15:21:19.961Z</time>
			</trkpt>
			<trkpt lat="45.00786" lon="2.66753">
				<ele>781.61</ele>
				<time>2026-05-28T15:21:21.497Z</time>
			</trkpt>
			<trkpt lat="45.008" lon="2.66753">
				<ele>780.67</ele>
				<time>2026-05-28T15:21:22.781Z</time>
			</trkpt>
			<trkpt lat="45.00831" lon="2.66733">
				<ele>778.17</ele>
				<time>2026-05-28T15:21:25.909Z</time>
			</trkpt>
			<trkpt lat="45.00854" lon="2.66712">
				<ele>777.08</ele>
				<time>2026-05-28T15:21:28.425Z</time>
			</trkpt>
			<trkpt lat="45.00881" lon="2.66692">
				<ele>772.18</ele>
				<time>2026-05-28T15:21:31.228Z</time>
			</trkpt>
			<trkpt lat="45.00903" lon="2.66683">
				<ele>767.11</ele>
				<time>2026-05-28T15:21:33.337Z</time>
			</trkpt>
			<trkpt lat="45.00918" lon="2.66687">
				<ele>764.93</ele>
				<time>2026-05-28T15:21:34.743Z</time>
			</trkpt>
			<trkpt lat="45.0094" lon="2.66701">
				<ele>763.9</ele>
				<time>2026-05-28T15:21:36.966Z</time>
			</trkpt>
			<trkpt lat="45.01026" lon="2.6677">
				<ele>767.15</ele>
				<time>2026-05-28T15:21:46.097Z</time>
			</trkpt>
			<trkpt lat="45.01048" lon="2.66769">
				<ele>767.3</ele>
				<time>2026-05-28T15:21:48.133Z</time>
			</trkpt>
			<trkpt lat="45.01065" lon="2.66759">
				<ele>766.17</ele>
				<time>2026-05-28T15:21:49.837Z</time>
			</trkpt>
			<trkpt lat="45.01096" lon="2.66715">
				<ele>763.05</ele>
				<time>2026-05-28T15:21:53.907Z</time>
			</trkpt>
			<trkpt lat="45.01127" lon="2.66688">
				<ele>760.68</ele>
				<time>2026-05-28T15:21:57.284Z</time>
			</trkpt>
			<trkpt lat="45.0113" lon="2.66691">
				<ele>760.86</ele>
				<time>2026-05-28T15:21:57.625Z</time>
			</trkpt>
			<trkpt lat="45.01143" lon="2.66712">
				<ele>761.42</ele>
				<time>2026-05-28T15:21:59.457Z</time>
			</trkpt>
			<trkpt lat="45.01164" lon="2.6675">
				<ele>762.1</ele>
				<time>2026-05-28T15:22:02.626Z</time>
			</trkpt>
			<trkpt lat="45.01169" lon="2.66772">
				<ele>762.71</ele>
				<time>2026-05-28T15:22:04.146Z</time>
			</trkpt>
			<trkpt lat="45.01203" lon="2.66843">
				<ele>762.25</ele>
				<time>2026-05-28T15:22:09.790Z</time>
			</trkpt>
			<trkpt lat="45.01252" lon="2.66966">
				<ele>762.16</ele>
				<time>2026-05-28T15:22:17.783Z</time>
			</trkpt>
			<trkpt lat="45.01264" lon="2.66987">
				<ele>762.77</ele>
				<time>2026-05-28T15:22:18.988Z</time>
			</trkpt>
			<trkpt lat="45.01316" lon="2.67031">
				<ele>763.1</ele>
				<time>2026-05-28T15:22:22.358Z</time>
			</trkpt>
			<trkpt lat="45.01327" lon="2.67058">
				<ele>763.63</ele>
				<time>2026-05-28T15:22:23.463Z</time>
			</trkpt>
			<trkpt lat="45.01349" lon="2.67098">
				<ele>765.15</ele>
				<time>2026-05-28T15:22:25.192Z</time>
			</trkpt>
			<trkpt lat="45.01374" lon="2.67137">
				<ele>765.97</ele>
				<time>2026-05-28T15:22:26.972Z</time>
			</trkpt>
			<trkpt lat="45.01411" lon="2.67166">
				<ele>765.18</ele>
				<time>2026-05-28T15:22:29.083Z</time>
			</trkpt>
			<trkpt lat="45.01416" lon="2.67176">
				<ele>765.37</ele>
				<time>2026-05-28T15:22:29.537Z</time>
			</trkpt>
			<trkpt lat="45.01427" lon="2.67333">
				<ele>767</ele>
				<time>2026-05-28T15:22:36.686Z</time>
			</trkpt>
			<trkpt lat="45.01428" lon="2.67372">
				<ele>768.02</ele>
				<time>2026-05-28T15:22:38.984Z</time>
			</trkpt>
			<trkpt lat="45.01422" lon="2.67395">
				<ele>769.76</ele>
				<time>2026-05-28T15:22:40.570Z</time>
			</trkpt>
			<trkpt lat="45.01411" lon="2.67412">
				<ele>772.33</ele>
				<time>2026-05-28T15:22:42.169Z</time>
			</trkpt>
			<trkpt lat="45.01399" lon="2.67416">
				<ele>773.87</ele>
				<time>2026-05-28T15:22:43.454Z</time>
			</trkpt>
			<trkpt lat="45.01386" lon="2.67413">
				<ele>774.84</ele>
				<time>2026-05-28T15:22:44.902Z</time>
			</trkpt>
			<trkpt lat="45.01366" lon="2.67412">
				<ele>775.61</ele>
				<time>2026-05-28T15:22:47.259Z</time>
			</trkpt>
			<trkpt lat="45.01351" lon="2.67425">
				<ele>776.53</ele>
				<time>2026-05-28T15:22:49.497Z</time>
			</trkpt>
			<trkpt lat="45.01349" lon="2.67449">
				<ele>777.94</ele>
				<time>2026-05-28T15:22:51.828Z</time>
			</trkpt>
			<trkpt lat="45.01351" lon="2.67471">
				<ele>779.59</ele>
				<time>2026-05-28T15:22:54.111Z</time>
			</trkpt>
			<trkpt lat="45.01355" lon="2.67488">
				<ele>781.7</ele>
				<time>2026-05-28T15:22:56.061Z</time>
			</trkpt>
			<trkpt lat="45.01366" lon="2.67487">
				<ele>781.66</ele>
				<time>2026-05-28T15:22:57.837Z</time>
			</trkpt>
			<trkpt lat="45.01377" lon="2.67523">
				<ele>785.93</ele>
				<time>2026-05-28T15:23:02.646Z</time>
			</trkpt>
			<trkpt lat="45.01391" lon="2.67659">
				<ele>798.52</ele>
				<time>2026-05-28T15:23:23.824Z</time>
			</trkpt>
			<trkpt lat="45.01385" lon="2.67685">
				<ele>801.2</ele>
				<time>2026-05-28T15:23:39.138Z</time>
			</trkpt>
			<trkpt lat="45.01368" lon="2.67709">
				<ele>804.44</ele>
				<time>2026-05-28T15:23:50.297Z</time>
			</trkpt>
			<trkpt lat="45.0136" lon="2.67736">
				<ele>807.08</ele>
				<time>2026-05-28T15:23:55.750Z</time>
			</trkpt>
			<trkpt lat="45.01357" lon="2.67759">
				<ele>809.84</ele>
				<time>2026-05-28T15:23:59.255Z</time>
			</trkpt>
			<trkpt lat="45.01381" lon="2.67797">
				<ele>811.46</ele>
				<time>2026-05-28T15:24:04.835Z</time>
			</trkpt>
			<trkpt lat="45.01411" lon="2.67871">
				<ele>818.14</ele>
				<time>2026-05-28T15:24:10.512Z</time>
			</trkpt>
			<trkpt lat="45.0142" lon="2.67887">
				<ele>818.82</ele>
				<time>2026-05-28T15:24:11.675Z</time>
			</trkpt>
			<trkpt lat="45.0147" lon="2.67935">
				<ele>824.12</ele>
				<time>2026-05-28T15:24:17.783Z</time>
			</trkpt>
			<trkpt lat="45.01477" lon="2.68011">
				<ele>830.83</ele>
				<time>2026-05-28T15:24:23.500Z</time>
			</trkpt>
			<trkpt lat="45.01483" lon="2.68054">
				<ele>834.86</ele>
				<time>2026-05-28T15:24:26.569Z</time>
			</trkpt>
			<trkpt lat="45.01499" lon="2.68107">
				<ele>840.6</ele>
				<time>2026-05-28T15:24:30.405Z</time>
			</trkpt>
			<trkpt lat="45.01501" lon="2.68135">
				<ele>841.04</ele>
				<time>2026-05-28T15:24:32.203Z</time>
			</trkpt>
			<trkpt lat="45.01498" lon="2.68155">
				<ele>841</ele>
				<time>2026-05-28T15:24:33.482Z</time>
			</trkpt>
			<trkpt lat="45.01494" lon="2.68171">
				<ele>840.85</ele>
				<time>2026-05-28T15:24:34.526Z</time>
			</trkpt>
			<trkpt lat="45.01496" lon="2.68195">
				<ele>840.11</ele>
				<time>2026-05-28T15:24:35.987Z</time>
			</trkpt>
			<trkpt lat="45.01503" lon="2.68216">
				<ele>840.1</ele>
				<time>2026-05-28T15:24:37.364Z</time>
			</trkpt>
			<trkpt lat="45.01509" lon="2.68241">
				<ele>840.33</ele>
				<time>2026-05-28T15:24:38.902Z</time>
			</trkpt>
			<trkpt lat="45.01534" lon="2.68306">
				<ele>843.85</ele>
				<time>2026-05-28T15:24:43.066Z</time>
			</trkpt>
			<trkpt lat="45.01546" lon="2.68355">
				<ele>845.94</ele>
				<time>2026-05-28T15:24:45.880Z</time>
			</trkpt>
			<trkpt lat="45.01544" lon="2.68387">
				<ele>846.74</ele>
				<time>2026-05-28T15:24:47.591Z</time>
			</trkpt>
			<trkpt lat="45.0154" lon="2.68401">
				<ele>847.99</ele>
				<time>2026-05-28T15:24:48.388Z</time>
			</trkpt>
			<trkpt lat="45.01532" lon="2.68419">
				<ele>850</ele>
				<time>2026-05-28T15:24:49.504Z</time>
			</trkpt>
			<trkpt lat="45.01514" lon="2.68435">
				<ele>853.42</ele>
				<time>2026-05-28T15:24:51.072Z</time>
			</trkpt>
			<trkpt lat="45.01497" lon="2.68447">
				<ele>856.66</ele>
				<time>2026-05-28T15:24:52.466Z</time>
			</trkpt>
			<trkpt lat="45.01493" lon="2.68461">
				<ele>858.71</ele>
				<time>2026-05-28T15:24:53.247Z</time>
			</trkpt>
			<trkpt lat="45.01496" lon="2.68474">
				<ele>860.42</ele>
				<time>2026-05-28T15:24:53.953Z</time>
			</trkpt>
			<trkpt lat="45.01487" lon="2.68509">
				<ele>865.42</ele>
				<time>2026-05-28T15:24:55.877Z</time>
			</trkpt>
			<trkpt lat="45.01474" lon="2.68532">
				<ele>871.81</ele>
				<time>2026-05-28T15:24:57.400Z</time>
			</trkpt>
			<trkpt lat="45.01471" lon="2.6854">
				<ele>874.67</ele>
				<time>2026-05-28T15:24:57.870Z</time>
			</trkpt>
			<trkpt lat="45.01484" lon="2.68557">
				<ele>876</ele>
				<time>2026-05-28T15:24:59.173Z</time>
			</trkpt>
			<trkpt lat="45.015" lon="2.68586">
				<ele>879.63</ele>
				<time>2026-05-28T15:25:01.101Z</time>
			</trkpt>
			<trkpt lat="45.01524" lon="2.6862">
				<ele>883.52</ele>
				<time>2026-05-28T15:25:03.656Z</time>
			</trkpt>
			<trkpt lat="45.01543" lon="2.68654">
				<ele>890.2</ele>
				<time>2026-05-28T15:25:06.008Z</time>
			</trkpt>
			<trkpt lat="45.01553" lon="2.68659">
				<ele>890.95</ele>
				<time>2026-05-28T15:25:06.834Z</time>
			</trkpt>
			<trkpt lat="45.01585" lon="2.68661">
				<ele>890.67</ele>
				<time>2026-05-28T15:25:09.376Z</time>
			</trkpt>
			<trkpt lat="45.01601" lon="2.68665">
				<ele>890.49</ele>
				<time>2026-05-28T15:25:10.687Z</time>
			</trkpt>
			<trkpt lat="45.01618" lon="2.68673">
				<ele>890.21</ele>
				<time>2026-05-28T15:25:12.132Z</time>
			</trkpt>
			<trkpt lat="45.0164" lon="2.68688">
				<ele>889.27</ele>
				<time>2026-05-28T15:25:14.099Z</time>
			</trkpt>
			<trkpt lat="45.01657" lon="2.68703">
				<ele>891.32</ele>
				<time>2026-05-28T15:25:15.710Z</time>
			</trkpt>
			<trkpt lat="45.01668" lon="2.68723">
				<ele>895.28</ele>
				<time>2026-05-28T15:25:17.149Z</time>
			</trkpt>
			<trkpt lat="45.0168" lon="2.68734">
				<ele>898.08</ele>
				<time>2026-05-28T15:25:18.297Z</time>
			</trkpt>
			<trkpt lat="45.01696" lon="2.6874">
				<ele>898.16</ele>
				<time>2026-05-28T15:25:19.624Z</time>
			</trkpt>
			<trkpt lat="45.01708" lon="2.6875">
				<ele>898.49</ele>
				<time>2026-05-28T15:25:20.740Z</time>
			</trkpt>
			<trkpt lat="45.0174" lon="2.68815">
				<ele>907.28</ele>
				<time>2026-05-28T15:25:25.218Z</time>
			</trkpt>
			<trkpt lat="45.01751" lon="2.68844">
				<ele>910.36</ele>
				<time>2026-05-28T15:25:27.074Z</time>
			</trkpt>
			<trkpt lat="45.01777" lon="2.68932">
				<ele>913.38</ele>
				<time>2026-05-28T15:25:32.440Z</time>
			</trkpt>
			<trkpt lat="45.0178" lon="2.68963">
				<ele>917.34</ele>
				<time>2026-05-28T15:25:34.196Z</time>
			</trkpt>
			<trkpt lat="45.01772" lon="2.69005">
				<ele>925.01</ele>
				<time>2026-05-28T15:25:36.634Z</time>
			</trkpt>
			<trkpt lat="45.0177" lon="2.6906">
				<ele>930.96</ele>
				<time>2026-05-28T15:25:39.715Z</time>
			</trkpt>
			<trkpt lat="45.01761" lon="2.69071">
				<ele>931.44</ele>
				<time>2026-05-28T15:25:40.655Z</time>
			</trkpt>
			<trkpt lat="45.01741" lon="2.6908">
				<ele>933.71</ele>
				<time>2026-05-28T15:25:42.313Z</time>
			</trkpt>
			<trkpt lat="45.01732" lon="2.69094">
				<ele>935.05</ele>
				<time>2026-05-28T15:25:43.368Z</time>
			</trkpt>
			<trkpt lat="45.01727" lon="2.6911">
				<ele>935.58</ele>
				<time>2026-05-28T15:25:44.343Z</time>
			</trkpt>
			<trkpt lat="45.01728" lon="2.69134">
				<ele>935.92</ele>
				<time>2026-05-28T15:25:45.682Z</time>
			</trkpt>
			<trkpt lat="45.01744" lon="2.69216">
				<ele>939.46</ele>
				<time>2026-05-28T15:25:50.411Z</time>
			</trkpt>
			<trkpt lat="45.01751" lon="2.69238">
				<ele>940.02</ele>
				<time>2026-05-28T15:25:51.750Z</time>
			</trkpt>
			<trkpt lat="45.01762" lon="2.6926">
				<ele>939.34</ele>
				<time>2026-05-28T15:25:53.243Z</time>
			</trkpt>
			<trkpt lat="45.0177" lon="2.69288">
				<ele>939</ele>
				<time>2026-05-28T15:25:54.916Z</time>
			</trkpt>
			<trkpt lat="45.01772" lon="2.69313">
				<ele>938.9</ele>
				<time>2026-05-28T15:25:56.308Z</time>
			</trkpt>
			<trkpt lat="45.01763" lon="2.69337">
				<ele>938.41</ele>
				<time>2026-05-28T15:25:57.810Z</time>
			</trkpt>
			<trkpt lat="45.01734" lon="2.69403">
				<ele>941.33</ele>
				<time>2026-05-28T15:26:02.099Z</time>
			</trkpt>
			<trkpt lat="45.01729" lon="2.69419">
				<ele>942.96</ele>
				<time>2026-05-28T15:26:03.062Z</time>
			</trkpt>
			<trkpt lat="45.01734" lon="2.69461">
				<ele>946.56</ele>
				<time>2026-05-28T15:26:05.407Z</time>
			</trkpt>
			<trkpt lat="45.0175" lon="2.69477">
				<ele>947.18</ele>
				<time>2026-05-28T15:26:06.931Z</time>
			</trkpt>
			<trkpt lat="45.01769" lon="2.69493">
				<ele>947.22</ele>
				<time>2026-05-28T15:26:08.649Z</time>
			</trkpt>
			<trkpt lat="45.01791" lon="2.69535">
				<ele>945.52</ele>
				<time>2026-05-28T15:26:11.517Z</time>
			</trkpt>
			<trkpt lat="45.01797" lon="2.69558">
				<ele>944.96</ele>
				<time>2026-05-28T15:26:12.861Z</time>
			</trkpt>
			<trkpt lat="45.01794" lon="2.69579">
				<ele>946.32</ele>
				<time>2026-05-28T15:26:14.034Z</time>
			</trkpt>
			<trkpt lat="45.01785" lon="2.69603">
				<ele>950.06</ele>
				<time>2026-05-28T15:26:15.521Z</time>
			</trkpt>
			<trkpt lat="45.01778" lon="2.69613">
				<ele>952.27</ele>
				<time>2026-05-28T15:26:16.290Z</time>
			</trkpt>
			<trkpt lat="45.01766" lon="2.69622">
				<ele>955.1</ele>
				<time>2026-05-28T15:26:17.341Z</time>
			</trkpt>
			<trkpt lat="45.01753" lon="2.69627">
				<ele>957.33</ele>
				<time>2026-05-28T15:26:18.382Z</time>
			</trkpt>
			<trkpt lat="45.01737" lon="2.69627">
				<ele>960.1</ele>
				<time>2026-05-28T15:26:19.617Z</time>
			</trkpt>
			<trkpt lat="45.0171" lon="2.69623">
				<ele>964.91</ele>
				<time>2026-05-28T15:26:21.712Z</time>
			</trkpt>
			<trkpt lat="45.01667" lon="2.69598">
				<ele>967.14</ele>
				<time>2026-05-28T15:26:25.295Z</time>
			</trkpt>
			<trkpt lat="45.01635" lon="2.69572">
				<ele>966.91</ele>
				<time>2026-05-28T15:26:28.133Z</time>
			</trkpt>
			<trkpt lat="45.01616" lon="2.69568">
				<ele>968.88</ele>
				<time>2026-05-28T15:26:29.609Z</time>
			</trkpt>
			<trkpt lat="45.01589" lon="2.69568">
				<ele>971.79</ele>
				<time>2026-05-28T15:26:31.682Z</time>
			</trkpt>
			<trkpt lat="45.01579" lon="2.69574">
				<ele>974</ele>
				<time>2026-05-28T15:26:32.516Z</time>
			</trkpt>
			<trkpt lat="45.01569" lon="2.69587">
				<ele>977.42</ele>
				<time>2026-05-28T15:26:33.557Z</time>
			</trkpt>
			<trkpt lat="45.01567" lon="2.69598">
				<ele>979.58</ele>
				<time>2026-05-28T15:26:34.173Z</time>
			</trkpt>
			<trkpt lat="45.01569" lon="2.69605">
				<ele>980.79</ele>
				<time>2026-05-28T15:26:34.582Z</time>
			</trkpt>
			<trkpt lat="45.01589" lon="2.69635">
				<ele>983.7</ele>
				<time>2026-05-28T15:26:36.814Z</time>
			</trkpt>
			<trkpt lat="45.01599" lon="2.69645">
				<ele>984.77</ele>
				<time>2026-05-28T15:26:37.751Z</time>
			</trkpt>
			<trkpt lat="45.0162" lon="2.69643">
				<ele>984.11</ele>
				<time>2026-05-28T15:26:39.361Z</time>
			</trkpt>
			<trkpt lat="45.01632" lon="2.69648">
				<ele>984.02</ele>
				<time>2026-05-28T15:26:40.318Z</time>
			</trkpt>
			<trkpt lat="45.01643" lon="2.6966">
				<ele>984.05</ele>
				<time>2026-05-28T15:26:41.379Z</time>
			</trkpt>
			<trkpt lat="45.01679" lon="2.69674">
				<ele>981.89</ele>
				<time>2026-05-28T15:26:44.229Z</time>
			</trkpt>
			<trkpt lat="45.01702" lon="2.69692">
				<ele>980.51</ele>
				<time>2026-05-28T15:26:46.233Z</time>
			</trkpt>
			<trkpt lat="45.01724" lon="2.69717">
				<ele>980.7</ele>
				<time>2026-05-28T15:26:48.383Z</time>
			</trkpt>
			<trkpt lat="45.01745" lon="2.69763">
				<ele>983.9</ele>
				<time>2026-05-28T15:26:51.329Z</time>
			</trkpt>
			<trkpt lat="45.01752" lon="2.69771">
				<ele>984.59</ele>
				<time>2026-05-28T15:26:52.014Z</time>
			</trkpt>
			<trkpt lat="45.0177" lon="2.69779">
				<ele>984.86</ele>
				<time>2026-05-28T15:26:53.448Z</time>
			</trkpt>
			<trkpt lat="45.01803" lon="2.69783">
				<ele>987.14</ele>
				<time>2026-05-28T15:26:55.963Z</time>
			</trkpt>
			<trkpt lat="45.01833" lon="2.69783">
				<ele>988.3</ele>
				<time>2026-05-28T15:26:58.240Z</time>
			</trkpt>
			<trkpt lat="45.01848" lon="2.69787">
				<ele>988.35</ele>
				<time>2026-05-28T15:26:59.397Z</time>
			</trkpt>
			<trkpt lat="45.01944" lon="2.69894">
				<ele>997.98</ele>
				<time>2026-05-28T15:27:08.647Z</time>
			</trkpt>
			<trkpt lat="45.01952" lon="2.69909">
				<ele>999.81</ele>
				<time>2026-05-28T15:27:09.650Z</time>
			</trkpt>
			<trkpt lat="45.01967" lon="2.69947">
				<ele>1007.72</ele>
				<time>2026-05-28T15:27:11.973Z</time>
			</trkpt>
			<trkpt lat="45.01983" lon="2.69976">
				<ele>1015.93</ele>
				<time>2026-05-28T15:27:13.935Z</time>
			</trkpt>
			<trkpt lat="45.01989" lon="2.6999">
				<ele>1019.86</ele>
				<time>2026-05-28T15:27:14.807Z</time>
			</trkpt>
			<trkpt lat="45.02004" lon="2.69994">
				<ele>1017.93</ele>
				<time>2026-05-28T15:27:15.958Z</time>
			</trkpt>
			<trkpt lat="45.02035" lon="2.69988">
				<ele>1012.59</ele>
				<time>2026-05-28T15:27:18.315Z</time>
			</trkpt>
			<trkpt lat="45.02051" lon="2.69979">
				<ele>1009.47</ele>
				<time>2026-05-28T15:27:19.612Z</time>
			</trkpt>
			<trkpt lat="45.02074" lon="2.69975">
				<ele>1005.65</ele>
				<time>2026-05-28T15:27:21.356Z</time>
			</trkpt>
			<trkpt lat="45.0209" lon="2.6998">
				<ele>1003.93</ele>
				<time>2026-05-28T15:27:22.589Z</time>
			</trkpt>
			<trkpt lat="45.02101" lon="2.69991">
				<ele>1003.91</ele>
				<time>2026-05-28T15:27:23.602Z</time>
			</trkpt>
			<trkpt lat="45.02111" lon="2.70012">
				<ele>1005.32</ele>
				<time>2026-05-28T15:27:24.948Z</time>
			</trkpt>
			<trkpt lat="45.02116" lon="2.70031">
				<ele>1007</ele>
				<time>2026-05-28T15:27:26.025Z</time>
			</trkpt>
			<trkpt lat="45.02125" lon="2.70081">
				<ele>1008.93</ele>
				<time>2026-05-28T15:27:28.764Z</time>
			</trkpt>
			<trkpt lat="45.02122" lon="2.70109">
				<ele>1010.03</ele>
				<time>2026-05-28T15:27:30.267Z</time>
			</trkpt>
			<trkpt lat="45.02113" lon="2.70151">
				<ele>1012.03</ele>
				<time>2026-05-28T15:27:32.595Z</time>
			</trkpt>
			<trkpt lat="45.02114" lon="2.70192">
				<ele>1015.33</ele>
				<time>2026-05-28T15:27:34.770Z</time>
			</trkpt>
			<trkpt lat="45.02128" lon="2.70219">
				<ele>1017.44</ele>
				<time>2026-05-28T15:27:36.544Z</time>
			</trkpt>
			<trkpt lat="45.02156" lon="2.70251">
				<ele>1016.77</ele>
				<time>2026-05-28T15:27:39.241Z</time>
			</trkpt>
			<trkpt lat="45.02175" lon="2.7028">
				<ele>1018.11</ele>
				<time>2026-05-28T15:27:41.333Z</time>
			</trkpt>
			<trkpt lat="45.02204" lon="2.70306">
				<ele>1019.13</ele>
				<time>2026-05-28T15:27:43.903Z</time>
			</trkpt>
			<trkpt lat="45.02232" lon="2.70328">
				<ele>1017.12</ele>
				<time>2026-05-28T15:27:46.299Z</time>
			</trkpt>
			<trkpt lat="45.02245" lon="2.70346">
				<ele>1016.79</ele>
				<time>2026-05-28T15:27:47.659Z</time>
			</trkpt>
			<trkpt lat="45.02255" lon="2.70366">
				<ele>1018.14</ele>
				<time>2026-05-28T15:27:48.954Z</time>
			</trkpt>
			<trkpt lat="45.02258" lon="2.70396">
				<ele>1021.98</ele>
				<time>2026-05-28T15:27:50.554Z</time>
			</trkpt>
			<trkpt lat="45.02256" lon="2.70423">
				<ele>1024.97</ele>
				<time>2026-05-28T15:27:51.988Z</time>
			</trkpt>
			<trkpt lat="45.02251" lon="2.70449">
				<ele>1026.99</ele>
				<time>2026-05-28T15:27:53.411Z</time>
			</trkpt>
			<trkpt lat="45.02249" lon="2.70515">
				<ele>1028.9</ele>
				<time>2026-05-28T15:27:56.898Z</time>
			</trkpt>
			<trkpt lat="45.02245" lon="2.7055">
				<ele>1033.8</ele>
				<time>2026-05-28T15:27:58.768Z</time>
			</trkpt>
			<trkpt lat="45.02245" lon="2.70587">
				<ele>1041.47</ele>
				<time>2026-05-28T15:28:00.720Z</time>
			</trkpt>
			<trkpt lat="45.02247" lon="2.70602">
				<ele>1043.22</ele>
				<time>2026-05-28T15:28:01.525Z</time>
			</trkpt>
			<trkpt lat="45.02253" lon="2.706">
				<ele>1042.69</ele>
				<time>2026-05-28T15:28:01.985Z</time>
			</trkpt>
			<trkpt lat="45.02257" lon="2.70595">
				<ele>1041.92</ele>
				<time>2026-05-28T15:28:02.383Z</time>
			</trkpt>
			<trkpt lat="45.02264" lon="2.70565">
				<ele>1036.5</ele>
				<time>2026-05-28T15:28:04.049Z</time>
			</trkpt>
			<trkpt lat="45.02276" lon="2.70536">
				<ele>1031.73</ele>
				<time>2026-05-28T15:28:05.820Z</time>
			</trkpt>
			<trkpt lat="45.02298" lon="2.70497">
				<ele>1031.24</ele>
				<time>2026-05-28T15:28:08.450Z</time>
			</trkpt>
			<trkpt lat="45.02312" lon="2.70496">
				<ele>1034.19</ele>
				<time>2026-05-28T15:28:09.495Z</time>
			</trkpt>
			<trkpt lat="45.02325" lon="2.70492">
				<ele>1036.35</ele>
				<time>2026-05-28T15:28:10.486Z</time>
			</trkpt>
			<trkpt lat="45.02359" lon="2.70472">
				<ele>1038.72</ele>
				<time>2026-05-28T15:28:13.231Z</time>
			</trkpt>
			<trkpt lat="45.02385" lon="2.70446">
				<ele>1037.93</ele>
				<time>2026-05-28T15:28:15.603Z</time>
			</trkpt>
			<trkpt lat="45.02405" lon="2.70414">
				<ele>1037.05</ele>
				<time>2026-05-28T15:28:17.852Z</time>
			</trkpt>
			<trkpt lat="45.02421" lon="2.70393">
				<ele>1036.57</ele>
				<time>2026-05-28T15:28:19.478Z</time>
			</trkpt>
			<trkpt lat="45.02456" lon="2.70351">
				<ele>1036.15</ele>
				<time>2026-05-28T15:28:22.897Z</time>
			</trkpt>
			<trkpt lat="45.0247" lon="2.70338">
				<ele>1036.33</ele>
				<time>2026-05-28T15:28:24.144Z</time>
			</trkpt>
			<trkpt lat="45.02482" lon="2.70321">
				<ele>1036</ele>
				<time>2026-05-28T15:28:25.409Z</time>
			</trkpt>
			<trkpt lat="45.02497" lon="2.70276">
				<ele>1034.58</ele>
				<time>2026-05-28T15:28:28.028Z</time>
			</trkpt>
			<trkpt lat="45.025" lon="2.70249">
				<ele>1032.95</ele>
				<time>2026-05-28T15:28:29.466Z</time>
			</trkpt>
			<trkpt lat="45.02507" lon="2.70237">
				<ele>1032.09</ele>
				<time>2026-05-28T15:28:30.285Z</time>
			</trkpt>
			<trkpt lat="45.02518" lon="2.70227">
				<ele>1032.23</ele>
				<time>2026-05-28T15:28:31.259Z</time>
			</trkpt>
			<trkpt lat="45.02532" lon="2.70191">
				<ele>1030.19</ele>
				<time>2026-05-28T15:28:33.422Z</time>
			</trkpt>
			<trkpt lat="45.02538" lon="2.70184">
				<ele>1030.04</ele>
				<time>2026-05-28T15:28:34.001Z</time>
			</trkpt>
			<trkpt lat="45.02566" lon="2.70166">
				<ele>1031.21</ele>
				<time>2026-05-28T15:28:36.292Z</time>
			</trkpt>
			<trkpt lat="45.02584" lon="2.7016">
				<ele>1032.98</ele>
				<time>2026-05-28T15:28:37.669Z</time>
			</trkpt>
			<trkpt lat="45.02604" lon="2.70168">
				<ele>1036.87</ele>
				<time>2026-05-28T15:28:39.217Z</time>
			</trkpt>
			<trkpt lat="45.02742" lon="2.70255">
				<ele>1046.72</ele>
				<time>2026-05-28T15:28:50.474Z</time>
			</trkpt>
			<trkpt lat="45.0276" lon="2.70272">
				<ele>1049.13</ele>
				<time>2026-05-28T15:28:52.087Z</time>
			</trkpt>
			<trkpt lat="45.02777" lon="2.70298">
				<ele>1052.78</ele>
				<time>2026-05-28T15:28:53.954Z</time>
			</trkpt>
			<trkpt lat="45.0279" lon="2.70326">
				<ele>1054.65</ele>
				<time>2026-05-28T15:28:55.720Z</time>
			</trkpt>
			<trkpt lat="45.02796" lon="2.7035">
				<ele>1055.92</ele>
				<time>2026-05-28T15:28:57.062Z</time>
			</trkpt>
			<trkpt lat="45.02795" lon="2.70368">
				<ele>1057.34</ele>
				<time>2026-05-28T15:28:58.014Z</time>
			</trkpt>
			<trkpt lat="45.02789" lon="2.70389">
				<ele>1059.58</ele>
				<time>2026-05-28T15:28:59.208Z</time>
			</trkpt>
			<trkpt lat="45.02779" lon="2.70412">
				<ele>1063.51</ele>
				<time>2026-05-28T15:29:00.632Z</time>
			</trkpt>
			<trkpt lat="45.02765" lon="2.70519">
				<ele>1067.42</ele>
				<time>2026-05-28T15:29:06.374Z</time>
			</trkpt>
			<trkpt lat="45.02763" lon="2.7055">
				<ele>1068.78</ele>
				<time>2026-05-28T15:29:08.017Z</time>
			</trkpt>
			<trkpt lat="45.02765" lon="2.70574">
				<ele>1070.02</ele>
				<time>2026-05-28T15:29:09.293Z</time>
			</trkpt>
			<trkpt lat="45.02772" lon="2.70612">
				<ele>1071.37</ele>
				<time>2026-05-28T15:29:11.368Z</time>
			</trkpt>
			<trkpt lat="45.02782" lon="2.70654">
				<ele>1074.75</ele>
				<time>2026-05-28T15:29:13.710Z</time>
			</trkpt>
			<trkpt lat="45.02805" lon="2.70703">
				<ele>1079.03</ele>
				<time>2026-05-28T15:29:16.820Z</time>
			</trkpt>
			<trkpt lat="45.02814" lon="2.70734">
				<ele>1080.66</ele>
				<time>2026-05-28T15:29:18.592Z</time>
			</trkpt>
			<trkpt lat="45.02825" lon="2.70781">
				<ele>1081.57</ele>
				<time>2026-05-28T15:29:21.213Z</time>
			</trkpt>
			<trkpt lat="45.02826" lon="2.70801">
				<ele>1083.82</ele>
				<time>2026-05-28T15:29:22.274Z</time>
			</trkpt>
			<trkpt lat="45.02831" lon="2.70829">
				<ele>1086.11</ele>
				<time>2026-05-28T15:29:23.803Z</time>
			</trkpt>
			<trkpt lat="45.0284" lon="2.70858">
				<ele>1087.06</ele>
				<time>2026-05-28T15:29:25.481Z</time>
			</trkpt>
			<trkpt lat="45.02851" lon="2.70873">
				<ele>1084.33</ele>
				<time>2026-05-28T15:29:26.627Z</time>
			</trkpt>
			<trkpt lat="45.02862" lon="2.70911">
				<ele>1086.18</ele>
				<time>2026-05-28T15:29:28.804Z</time>
			</trkpt>
			<trkpt lat="45.02868" lon="2.70938">
				<ele>1088.31</ele>
				<time>2026-05-28T15:29:30.305Z</time>
			</trkpt>
			<trkpt lat="45.0288" lon="2.70977">
				<ele>1090.22</ele>
				<time>2026-05-28T15:29:32.563Z</time>
			</trkpt>
			<trkpt lat="45.02884" lon="2.70983">
				<ele>1090.52</ele>
				<time>2026-05-28T15:29:33.001Z</time>
			</trkpt>
			<trkpt lat="45.02889" lon="2.70987">
				<ele>1089.8</ele>
				<time>2026-05-28T15:29:33.432Z</time>
			</trkpt>
			<trkpt lat="45.02922" lon="2.70961">
				<ele>1082.83</ele>
				<time>2026-05-28T15:29:36.271Z</time>
			</trkpt>
			<trkpt lat="45.02939" lon="2.70932">
				<ele>1077.49</ele>
				<time>2026-05-28T15:29:38.274Z</time>
			</trkpt>
			<trkpt lat="45.02962" lon="2.709">
				<ele>1073.81</ele>
				<time>2026-05-28T15:29:40.701Z</time>
			</trkpt>
			<trkpt lat="45.02995" lon="2.70898">
				<ele>1078.61</ele>
				<time>2026-05-28T15:29:43.189Z</time>
			</trkpt>
			<trkpt lat="45.03013" lon="2.70901">
				<ele>1082.14</ele>
				<time>2026-05-28T15:29:44.555Z</time>
			</trkpt>
			<trkpt lat="45.03032" lon="2.70895">
				<ele>1082.71</ele>
				<time>2026-05-28T15:29:46.023Z</time>
			</trkpt>
			<trkpt lat="45.03051" lon="2.7088">
				<ele>1081.78</ele>
				<time>2026-05-28T15:29:47.664Z</time>
			</trkpt>
			<trkpt lat="45.03139" lon="2.70865">
				<ele>1081.94</ele>
				<time>2026-05-28T15:29:54.359Z</time>
			</trkpt>
			<trkpt lat="45.03151" lon="2.70864">
				<ele>1080.89</ele>
				<time>2026-05-28T15:29:55.269Z</time>
			</trkpt>
			<trkpt lat="45.03168" lon="2.70868">
				<ele>1080.32</ele>
				<time>2026-05-28T15:29:56.573Z</time>
			</trkpt>
			<trkpt lat="45.03185" lon="2.70876">
				<ele>1078.82</ele>
				<time>2026-05-28T15:29:57.929Z</time>
			</trkpt>
			<trkpt lat="45.03226" lon="2.70907">
				<ele>1071.6</ele>
				<time>2026-05-28T15:30:01.452Z</time>
			</trkpt>
			<trkpt lat="45.03235" lon="2.70919">
				<ele>1070.83</ele>
				<time>2026-05-28T15:30:02.390Z</time>
			</trkpt>
			<trkpt lat="45.03247" lon="2.7094">
				<ele>1070.55</ele>
				<time>2026-05-28T15:30:03.838Z</time>
			</trkpt>
			<trkpt lat="45.03252" lon="2.70959">
				<ele>1068.92</ele>
				<time>2026-05-28T15:30:04.925Z</time>
			</trkpt>
			<trkpt lat="45.03244" lon="2.71053">
				<ele>1065.05</ele>
				<time>2026-05-28T15:30:10.011Z</time>
			</trkpt>
			<trkpt lat="45.03244" lon="2.71077">
				<ele>1063.38</ele>
				<time>2026-05-28T15:30:11.302Z</time>
			</trkpt>
			<trkpt lat="45.03248" lon="2.71099">
				<ele>1061.52</ele>
				<time>2026-05-28T15:30:12.525Z</time>
			</trkpt>
			<trkpt lat="45.03271" lon="2.71144">
				<ele>1055.39</ele>
				<time>2026-05-28T15:30:15.516Z</time>
			</trkpt>
			<trkpt lat="45.03273" lon="2.71217">
				<ele>1052.74</ele>
				<time>2026-05-28T15:30:19.458Z</time>
			</trkpt>
			<trkpt lat="45.03277" lon="2.71232">
				<ele>1051.23</ele>
				<time>2026-05-28T15:30:20.324Z</time>
			</trkpt>
			<trkpt lat="45.03285" lon="2.71237">
				<ele>1050.44</ele>
				<time>2026-05-28T15:30:20.992Z</time>
			</trkpt>
			<trkpt lat="45.03299" lon="2.71231">
				<ele>1049.17</ele>
				<time>2026-05-28T15:30:22.111Z</time>
			</trkpt>
			<trkpt lat="45.03304" lon="2.71226">
				<ele>1048.34</ele>
				<time>2026-05-28T15:30:22.579Z</time>
			</trkpt>
			<trkpt lat="45.03314" lon="2.71203">
				<ele>1045.87</ele>
				<time>2026-05-28T15:30:24.040Z</time>
			</trkpt>
			<trkpt lat="45.03329" lon="2.71176">
				<ele>1040.67</ele>
				<time>2026-05-28T15:30:25.899Z</time>
			</trkpt>
			<trkpt lat="45.03352" lon="2.71145">
				<ele>1034.79</ele>
				<time>2026-05-28T15:30:28.335Z</time>
			</trkpt>
			<trkpt lat="45.03368" lon="2.7113">
				<ele>1032.85</ele>
				<time>2026-05-28T15:30:29.808Z</time>
			</trkpt>
			<trkpt lat="45.03418" lon="2.71098">
				<ele>1032.54</ele>
				<time>2026-05-28T15:30:34.026Z</time>
			</trkpt>
			<trkpt lat="45.03429" lon="2.71078">
				<ele>1029.5</ele>
				<time>2026-05-28T15:30:35.405Z</time>
			</trkpt>
			<trkpt lat="45.03441" lon="2.71037">
				<ele>1023.48</ele>
				<time>2026-05-28T15:30:37.821Z</time>
			</trkpt>
			<trkpt lat="45.03455" lon="2.71009">
				<ele>1020.7</ele>
				<time>2026-05-28T15:30:39.690Z</time>
			</trkpt>
			<trkpt lat="45.035" lon="2.70941">
				<ele>1015.26</ele>
				<time>2026-05-28T15:30:44.778Z</time>
			</trkpt>
			<trkpt lat="45.03514" lon="2.70926">
				<ele>1013.54</ele>
				<time>2026-05-28T15:30:46.137Z</time>
			</trkpt>
			<trkpt lat="45.03548" lon="2.70909">
				<ele>1014.86</ele>
				<time>2026-05-28T15:30:48.932Z</time>
			</trkpt>
			<trkpt lat="45.03576" lon="2.70906">
				<ele>1015.45</ele>
				<time>2026-05-28T15:30:51.111Z</time>
			</trkpt>
			<trkpt lat="45.03592" lon="2.70906">
				<ele>1016.07</ele>
				<time>2026-05-28T15:30:52.354Z</time>
			</trkpt>
			<trkpt lat="45.03622" lon="2.70895">
				<ele>1011.97</ele>
				<time>2026-05-28T15:30:54.764Z</time>
			</trkpt>
			<trkpt lat="45.03632" lon="2.70894">
				<ele>1010.5</ele>
				<time>2026-05-28T15:30:55.544Z</time>
			</trkpt>
			<trkpt lat="45.03655" lon="2.70909">
				<ele>1009.34</ele>
				<time>2026-05-28T15:30:57.517Z</time>
			</trkpt>
			<trkpt lat="45.03663" lon="2.7092">
				<ele>1011.27</ele>
				<time>2026-05-28T15:30:58.386Z</time>
			</trkpt>
			<trkpt lat="45.03674" lon="2.70936">
				<ele>1012.05</ele>
				<time>2026-05-28T15:30:59.617Z</time>
			</trkpt>
			<trkpt lat="45.03687" lon="2.70962">
				<ele>1012.9</ele>
				<time>2026-05-28T15:31:01.374Z</time>
			</trkpt>
			<trkpt lat="45.03712" lon="2.70996">
				<ele>1005.02</ele>
				<time>2026-05-28T15:31:04.085Z</time>
			</trkpt>
			<trkpt lat="45.03718" lon="2.7101">
				<ele>1003.83</ele>
				<time>2026-05-28T15:31:04.990Z</time>
			</trkpt>
			<trkpt lat="45.03734" lon="2.71032">
				<ele>1002.81</ele>
				<time>2026-05-28T15:31:06.738Z</time>
			</trkpt>
			<trkpt lat="45.03768" lon="2.71058">
				<ele>997.89</ele>
				<time>2026-05-28T15:31:09.769Z</time>
			</trkpt>
			<trkpt lat="45.03814" lon="2.71085">
				<ele>991.24</ele>
				<time>2026-05-28T15:31:13.685Z</time>
			</trkpt>
			<trkpt lat="45.03833" lon="2.71098">
				<ele>990.42</ele>
				<time>2026-05-28T15:31:15.347Z</time>
			</trkpt>
			<trkpt lat="45.03848" lon="2.7111">
				<ele>988.06</ele>
				<time>2026-05-28T15:31:16.705Z</time>
			</trkpt>
			<trkpt lat="45.03873" lon="2.7114">
				<ele>985.94</ele>
				<time>2026-05-28T15:31:19.292Z</time>
			</trkpt>
			<trkpt lat="45.03914" lon="2.71175">
				<ele>981.92</ele>
				<time>2026-05-28T15:31:23.079Z</time>
			</trkpt>
			<trkpt lat="45.03926" lon="2.71189">
				<ele>982.4</ele>
				<time>2026-05-28T15:31:24.312Z</time>
			</trkpt>
			<trkpt lat="45.03939" lon="2.71218">
				<ele>988.03</ele>
				<time>2026-05-28T15:31:26.236Z</time>
			</trkpt>
			<trkpt lat="45.03944" lon="2.7124">
				<ele>992.74</ele>
				<time>2026-05-28T15:31:27.533Z</time>
			</trkpt>
			<trkpt lat="45.03962" lon="2.71289">
				<ele>997.41</ele>
				<time>2026-05-28T15:31:30.636Z</time>
			</trkpt>
			<trkpt lat="45.03973" lon="2.71313">
				<ele>1000.97</ele>
				<time>2026-05-28T15:31:32.245Z</time>
			</trkpt>
			<trkpt lat="45.03983" lon="2.71325">
				<ele>1003.67</ele>
				<time>2026-05-28T15:31:33.291Z</time>
			</trkpt>
			<trkpt lat="45.03996" lon="2.71319">
				<ele>998.77</ele>
				<time>2026-05-28T15:31:34.381Z</time>
			</trkpt>
			<trkpt lat="45.04009" lon="2.71319">
				<ele>997.49</ele>
				<time>2026-05-28T15:31:35.419Z</time>
			</trkpt>
			<trkpt lat="45.04022" lon="2.71322">
				<ele>998.41</ele>
				<time>2026-05-28T15:31:36.472Z</time>
			</trkpt>
			<trkpt lat="45.04035" lon="2.71319">
				<ele>997.79</ele>
				<time>2026-05-28T15:31:37.525Z</time>
			</trkpt>
			<trkpt lat="45.04046" lon="2.71314">
				<ele>997.27</ele>
				<time>2026-05-28T15:31:38.449Z</time>
			</trkpt>
			<trkpt lat="45.04055" lon="2.71305">
				<ele>996.09</ele>
				<time>2026-05-28T15:31:39.331Z</time>
			</trkpt>
			<trkpt lat="45.04077" lon="2.71293">
				<ele>992.83</ele>
				<time>2026-05-28T15:31:41.220Z</time>
			</trkpt>
			<trkpt lat="45.04096" lon="2.71285">
				<ele>990.89</ele>
				<time>2026-05-28T15:31:42.811Z</time>
			</trkpt>
			<trkpt lat="45.04139" lon="2.71291">
				<ele>993.54</ele>
				<time>2026-05-28T15:31:46.284Z</time>
			</trkpt>
			<trkpt lat="45.04151" lon="2.71291">
				<ele>993.52</ele>
				<time>2026-05-28T15:31:47.250Z</time>
			</trkpt>
			<trkpt lat="45.04165" lon="2.71297">
				<ele>994.99</ele>
				<time>2026-05-28T15:31:48.429Z</time>
			</trkpt>
			<trkpt lat="45.04172" lon="2.71304">
				<ele>997.1</ele>
				<time>2026-05-28T15:31:49.120Z</time>
			</trkpt>
			<trkpt lat="45.04177" lon="2.71315">
				<ele>999.63</ele>
				<time>2026-05-28T15:31:49.865Z</time>
			</trkpt>
			<trkpt lat="45.04179" lon="2.71334">
				<ele>1003.13</ele>
				<time>2026-05-28T15:31:50.961Z</time>
			</trkpt>
			<trkpt lat="45.04212" lon="2.7134">
				<ele>1004.73</ele>
				<time>2026-05-28T15:31:53.650Z</time>
			</trkpt>
			<trkpt lat="45.04239" lon="2.71335">
				<ele>1003.75</ele>
				<time>2026-05-28T15:31:55.855Z</time>
			</trkpt>
			<trkpt lat="45.04257" lon="2.71337">
				<ele>1002.32</ele>
				<time>2026-05-28T15:31:57.319Z</time>
			</trkpt>
			<trkpt lat="45.0427" lon="2.71342">
				<ele>1000.61</ele>
				<time>2026-05-28T15:31:58.413Z</time>
			</trkpt>
			<trkpt lat="45.04287" lon="2.71342">
				<ele>997.6</ele>
				<time>2026-05-28T15:31:59.794Z</time>
			</trkpt>
			<trkpt lat="45.04308" lon="2.71345">
				<ele>995</ele>
				<time>2026-05-28T15:32:01.511Z</time>
			</trkpt>
			<trkpt lat="45.04348" lon="2.71368">
				<ele>995.99</ele>
				<time>2026-05-28T15:32:05.030Z</time>
			</trkpt>
			<trkpt lat="45.04391" lon="2.71381">
				<ele>992.66</ele>
				<time>2026-05-28T15:32:08.629Z</time>
			</trkpt>
			<trkpt lat="45.04405" lon="2.71382">
				<ele>991.6</ele>
				<time>2026-05-28T15:32:09.782Z</time>
			</trkpt>
			<trkpt lat="45.04418" lon="2.71389">
				<ele>990.88</ele>
				<time>2026-05-28T15:32:10.930Z</time>
			</trkpt>
			<trkpt lat="45.04424" lon="2.71398">
				<ele>991.66</ele>
				<time>2026-05-28T15:32:11.652Z</time>
			</trkpt>
			<trkpt lat="45.0444" lon="2.71405">
				<ele>991.36</ele>
				<time>2026-05-28T15:32:13.040Z</time>
			</trkpt>
			<trkpt lat="45.04452" lon="2.71396">
				<ele>989.82</ele>
				<time>2026-05-28T15:32:14.167Z</time>
			</trkpt>
			<trkpt lat="45.04458" lon="2.71386">
				<ele>988.94</ele>
				<time>2026-05-28T15:32:14.939Z</time>
			</trkpt>
			<trkpt lat="45.04464" lon="2.71365">
				<ele>988.82</ele>
				<time>2026-05-28T15:32:16.273Z</time>
			</trkpt>
			<trkpt lat="45.04468" lon="2.71356">
				<ele>988.59</ele>
				<time>2026-05-28T15:32:16.900Z</time>
			</trkpt>
			<trkpt lat="45.04475" lon="2.71351">
				<ele>988.45</ele>
				<time>2026-05-28T15:32:17.556Z</time>
			</trkpt>
			<trkpt lat="45.04486" lon="2.71348">
				<ele>988.82</ele>
				<time>2026-05-28T15:32:18.494Z</time>
			</trkpt>
			<trkpt lat="45.04501" lon="2.71352">
				<ele>989.71</ele>
				<time>2026-05-28T15:32:19.775Z</time>
			</trkpt>
			<trkpt lat="45.04515" lon="2.71352">
				<ele>989.73</ele>
				<time>2026-05-28T15:32:20.952Z</time>
			</trkpt>
			<trkpt lat="45.04529" lon="2.71349">
				<ele>989.38</ele>
				<time>2026-05-28T15:32:22.145Z</time>
			</trkpt>
			<trkpt lat="45.04555" lon="2.7132">
				<ele>986.75</ele>
				<time>2026-05-28T15:32:24.944Z</time>
			</trkpt>
			<trkpt lat="45.04561" lon="2.71316">
				<ele>986.24</ele>
				<time>2026-05-28T15:32:25.506Z</time>
			</trkpt>
			<trkpt lat="45.04577" lon="2.71314">
				<ele>986.36</ele>
				<time>2026-05-28T15:32:26.869Z</time>
			</trkpt>
			<trkpt lat="45.04587" lon="2.71309">
				<ele>985.63</ele>
				<time>2026-05-28T15:32:27.770Z</time>
			</trkpt>
			<trkpt lat="45.04602" lon="2.71292">
				<ele>982.39</ele>
				<time>2026-05-28T15:32:29.407Z</time>
			</trkpt>
			<trkpt lat="45.04651" lon="2.71288">
				<ele>982.71</ele>
				<time>2026-05-28T15:32:33.602Z</time>
			</trkpt>
			<trkpt lat="45.04666" lon="2.7128">
				<ele>980.68</ele>
				<time>2026-05-28T15:32:34.977Z</time>
			</trkpt>
			<trkpt lat="45.04687" lon="2.71273">
				<ele>977.91</ele>
				<time>2026-05-28T15:32:36.831Z</time>
			</trkpt>
			<trkpt lat="45.04732" lon="2.71274">
				<ele>977.56</ele>
				<time>2026-05-28T15:32:40.710Z</time>
			</trkpt>
			<trkpt lat="45.04762" lon="2.71278">
				<ele>977.24</ele>
				<time>2026-05-28T15:32:43.315Z</time>
			</trkpt>
			<trkpt lat="45.04778" lon="2.71276">
				<ele>975.89</ele>
				<time>2026-05-28T15:32:44.706Z</time>
			</trkpt>
			<trkpt lat="45.04823" lon="2.71275">
				<ele>973.95</ele>
				<time>2026-05-28T15:32:48.612Z</time>
			</trkpt>
			<trkpt lat="45.04852" lon="2.71296">
				<ele>973.04</ele>
				<time>2026-05-28T15:32:51.445Z</time>
			</trkpt>
			<trkpt lat="45.04865" lon="2.71302">
				<ele>972.14</ele>
				<time>2026-05-28T15:32:52.636Z</time>
			</trkpt>
			<trkpt lat="45.04889" lon="2.7131">
				<ele>969.59</ele>
				<time>2026-05-28T15:32:54.785Z</time>
			</trkpt>
			<trkpt lat="45.04956" lon="2.71322">
				<ele>971.19</ele>
				<time>2026-05-28T15:33:00.681Z</time>
			</trkpt>
			<trkpt lat="45.05015" lon="2.71332">
				<ele>971.4</ele>
				<time>2026-05-28T15:33:05.877Z</time>
			</trkpt>
			<trkpt lat="45.0507" lon="2.71345">
				<ele>971.85</ele>
				<time>2026-05-28T15:33:10.756Z</time>
			</trkpt>
			<trkpt lat="45.05099" lon="2.71354">
				<ele>972.5</ele>
				<time>2026-05-28T15:33:13.353Z</time>
			</trkpt>
			<trkpt lat="45.05203" lon="2.71374">
				<ele>967.98</ele>
				<time>2026-05-28T15:33:22.524Z</time>
			</trkpt>
			<trkpt lat="45.05286" lon="2.71396">
				<ele>968.59</ele>
				<time>2026-05-28T15:33:29.878Z</time>
			</trkpt>
			<trkpt lat="45.05298" lon="2.71396">
				<ele>969.02</ele>
				<time>2026-05-28T15:33:30.921Z</time>
			</trkpt>
			<trkpt lat="45.05304" lon="2.71393">
				<ele>969.11</ele>
				<time>2026-05-28T15:33:31.473Z</time>
			</trkpt>
			<trkpt lat="45.05309" lon="2.71385">
				<ele>969.13</ele>
				<time>2026-05-28T15:33:32.128Z</time>
			</trkpt>
			<trkpt lat="45.05312" lon="2.7135">
				<ele>969.65</ele>
				<time>2026-05-28T15:33:34.287Z</time>
			</trkpt>
			<trkpt lat="45.05314" lon="2.71328">
				<ele>970.31</ele>
				<time>2026-05-28T15:33:35.644Z</time>
			</trkpt>
			<trkpt lat="45.0532" lon="2.71279">
				<ele>971.48</ele>
				<time>2026-05-28T15:33:38.680Z</time>
			</trkpt>
			<trkpt lat="45.05319" lon="2.7126">
				<ele>973.33</ele>
				<time>2026-05-28T15:33:39.840Z</time>
			</trkpt>
			<trkpt lat="45.05314" lon="2.71251">
				<ele>974.2</ele>
				<time>2026-05-28T15:33:40.537Z</time>
			</trkpt>
			<trkpt lat="45.053" lon="2.71242">
				<ele>975.7</ele>
				<time>2026-05-28T15:33:41.861Z</time>
			</trkpt>
			<trkpt lat="45.05286" lon="2.71239">
				<ele>976.69</ele>
				<time>2026-05-28T15:33:43.078Z</time>
			</trkpt>
			<trkpt lat="45.05275" lon="2.71232">
				<ele>977.96</ele>
				<time>2026-05-28T15:33:44.113Z</time>
			</trkpt>
			<trkpt lat="45.05268" lon="2.71224">
				<ele>979.21</ele>
				<time>2026-05-28T15:33:44.884Z</time>
			</trkpt>
			<trkpt lat="45.05266" lon="2.71216">
				<ele>980.6</ele>
				<time>2026-05-28T15:33:45.398Z</time>
			</trkpt>
			<trkpt lat="45.0527" lon="2.71192">
				<ele>984.41</ele>
				<time>2026-05-28T15:33:46.889Z</time>
			</trkpt>
			<trkpt lat="45.05275" lon="2.71178">
				<ele>985.21</ele>
				<time>2026-05-28T15:33:47.836Z</time>
			</trkpt>
			<trkpt lat="45.05277" lon="2.71163">
				<ele>986.24</ele>
				<time>2026-05-28T15:33:48.756Z</time>
			</trkpt>
			<trkpt lat="45.05282" lon="2.71158">
				<ele>986.61</ele>
				<time>2026-05-28T15:33:49.278Z</time>
			</trkpt>
			<trkpt lat="45.05289" lon="2.71155">
				<ele>986.79</ele>
				<time>2026-05-28T15:33:49.902Z</time>
			</trkpt>
			<trkpt lat="45.05297" lon="2.71155">
				<ele>986.78</ele>
				<time>2026-05-28T15:33:50.583Z</time>
			</trkpt>
			<trkpt lat="45.0533" lon="2.71164">
				<ele>987.12</ele>
				<time>2026-05-28T15:33:53.436Z</time>
			</trkpt>
			<trkpt lat="45.05352" lon="2.71156">
				<ele>988.34</ele>
				<time>2026-05-28T15:33:55.358Z</time>
			</trkpt>
			<trkpt lat="45.0536" lon="2.71151">
				<ele>989.2</ele>
				<time>2026-05-28T15:33:56.096Z</time>
			</trkpt>
			<trkpt lat="45.05401" lon="2.71146">
				<ele>996.79</ele>
				<time>2026-05-28T15:33:59.559Z</time>
			</trkpt>
			<trkpt lat="45.05406" lon="2.71143">
				<ele>998.89</ele>
				<time>2026-05-28T15:34:00.014Z</time>
			</trkpt>
			<trkpt lat="45.0541" lon="2.71135">
				<ele>1002.69</ele>
				<time>2026-05-28T15:34:00.594Z</time>
			</trkpt>
			<trkpt lat="45.05454" lon="2.71141">
				<ele>1001.83</ele>
				<time>2026-05-28T15:34:04.283Z</time>
			</trkpt>
			<trkpt lat="45.05515" lon="2.71153">
				<ele>1001.39</ele>
				<time>2026-05-28T15:34:09.378Z</time>
			</trkpt>
			<trkpt lat="45.05528" lon="2.71159">
				<ele>1001.31</ele>
				<time>2026-05-28T15:34:10.501Z</time>
			</trkpt>
			<trkpt lat="45.05579" lon="2.71209">
				<ele>999.2</ele>
				<time>2026-05-28T15:34:15.563Z</time>
			</trkpt>
			<trkpt lat="45.05606" lon="2.71222">
				<ele>1001.11</ele>
				<time>2026-05-28T15:34:17.873Z</time>
			</trkpt>
			<trkpt lat="45.06115" lon="2.71383">
				<ele>1025.42</ele>
				<time>2026-05-28T15:35:00.118Z</time>
			</trkpt>
			<trkpt lat="45.06289" lon="2.71439">
				<ele>1036.38</ele>
				<time>2026-05-28T15:35:14.552Z</time>
			</trkpt>
			<trkpt lat="45.06337" lon="2.71475">
				<ele>1034.15</ele>
				<time>2026-05-28T15:35:18.941Z</time>
			</trkpt>
			<trkpt lat="45.06358" lon="2.715">
				<ele>1033.78</ele>
				<time>2026-05-28T15:35:21.157Z</time>
			</trkpt>
			<trkpt lat="45.06361" lon="2.71508">
				<ele>1033.42</ele>
				<time>2026-05-28T15:35:21.674Z</time>
			</trkpt>
			<trkpt lat="45.06381" lon="2.71528">
				<ele>1032.64</ele>
				<time>2026-05-28T15:35:23.651Z</time>
			</trkpt>
			<trkpt lat="45.06394" lon="2.71539">
				<ele>1031.25</ele>
				<time>2026-05-28T15:35:24.873Z</time>
			</trkpt>
			<trkpt lat="45.06423" lon="2.71552">
				<ele>1026.81</ele>
				<time>2026-05-28T15:35:27.328Z</time>
			</trkpt>
			<trkpt lat="45.06455" lon="2.71554">
				<ele>1028.4</ele>
				<time>2026-05-28T15:35:29.911Z</time>
			</trkpt>
			<trkpt lat="45.06572" lon="2.7152">
				<ele>1040.33</ele>
				<time>2026-05-28T15:35:39.534Z</time>
			</trkpt>
			<trkpt lat="45.06607" lon="2.71517">
				<ele>1041.51</ele>
				<time>2026-05-28T15:35:42.355Z</time>
			</trkpt>
			<trkpt lat="45.06654" lon="2.71525">
				<ele>1041.73</ele>
				<time>2026-05-28T15:35:46.161Z</time>
			</trkpt>
			<trkpt lat="45.06689" lon="2.71542">
				<ele>1041.26</ele>
				<time>2026-05-28T15:35:49.134Z</time>
			</trkpt>
			<trkpt lat="45.06712" lon="2.71557">
				<ele>1041.51</ele>
				<time>2026-05-28T15:35:51.167Z</time>
			</trkpt>
			<trkpt lat="45.06735" lon="2.71578">
				<ele>1042.32</ele>
				<time>2026-05-28T15:35:53.364Z</time>
			</trkpt>
			<trkpt lat="45.06741" lon="2.71582">
				<ele>1043.36</ele>
				<time>2026-05-28T15:35:53.896Z</time>
			</trkpt>
			<trkpt lat="45.06793" lon="2.71646">
				<ele>1047.6</ele>
				<time>2026-05-28T15:35:59.419Z</time>
			</trkpt>
			<trkpt lat="45.06891" lon="2.71783">
				<ele>1063.26</ele>
				<time>2026-05-28T15:36:10.432Z</time>
			</trkpt>
			<trkpt lat="45.06926" lon="2.71828">
				<ele>1067.53</ele>
				<time>2026-05-28T15:36:14.204Z</time>
			</trkpt>
			<trkpt lat="45.07014" lon="2.71921">
				<ele>1075.05</ele>
				<time>2026-05-28T15:36:22.948Z</time>
			</trkpt>
			<trkpt lat="45.07042" lon="2.71956">
				<ele>1074.9</ele>
				<time>2026-05-28T15:36:25.915Z</time>
			</trkpt>
			<trkpt lat="45.07058" lon="2.71988">
				<ele>1074.21</ele>
				<time>2026-05-28T15:36:28.113Z</time>
			</trkpt>
			<trkpt lat="45.07104" lon="2.72143">
				<ele>1071.87</ele>
				<time>2026-05-28T15:36:37.518Z</time>
			</trkpt>
			<trkpt lat="45.07114" lon="2.72167">
				<ele>1073.34</ele>
				<time>2026-05-28T15:36:39.073Z</time>
			</trkpt>
			<trkpt lat="45.07125" lon="2.72187">
				<ele>1077.22</ele>
				<time>2026-05-28T15:36:40.487Z</time>
			</trkpt>
			<trkpt lat="45.07141" lon="2.7221">
				<ele>1079.31</ele>
				<time>2026-05-28T15:36:42.286Z</time>
			</trkpt>
			<trkpt lat="45.07159" lon="2.72226">
				<ele>1079.35</ele>
				<time>2026-05-28T15:36:43.962Z</time>
			</trkpt>
			<trkpt lat="45.07178" lon="2.7224">
				<ele>1078.55</ele>
				<time>2026-05-28T15:36:45.650Z</time>
			</trkpt>
			<trkpt lat="45.07195" lon="2.72245">
				<ele>1079.18</ele>
				<time>2026-05-28T15:36:47.017Z</time>
			</trkpt>
			<trkpt lat="45.07237" lon="2.72254">
				<ele>1079.48</ele>
				<time>2026-05-28T15:36:50.359Z</time>
			</trkpt>
			<trkpt lat="45.07287" lon="2.72255">
				<ele>1085.29</ele>
				<time>2026-05-28T15:36:54.286Z</time>
			</trkpt>
			<trkpt lat="45.07311" lon="2.72252">
				<ele>1085.99</ele>
				<time>2026-05-28T15:36:56.175Z</time>
			</trkpt>
			<trkpt lat="45.07372" lon="2.72252">
				<ele>1085.36</ele>
				<time>2026-05-28T15:37:00.951Z</time>
			</trkpt>
			<trkpt lat="45.0742" lon="2.72257">
				<ele>1089.44</ele>
				<time>2026-05-28T15:37:04.711Z</time>
			</trkpt>
			<trkpt lat="45.07447" lon="2.72265">
				<ele>1093.82</ele>
				<time>2026-05-28T15:37:06.863Z</time>
			</trkpt>
			<trkpt lat="45.07473" lon="2.72279">
				<ele>1097.11</ele>
				<time>2026-05-28T15:37:09.030Z</time>
			</trkpt>
			<trkpt lat="45.0751" lon="2.72307">
				<ele>1100.58</ele>
				<time>2026-05-28T15:37:12.294Z</time>
			</trkpt>
			<trkpt lat="45.07544" lon="2.72346">
				<ele>1103.53</ele>
				<time>2026-05-28T15:37:15.691Z</time>
			</trkpt>
			<trkpt lat="45.07572" lon="2.72391">
				<ele>1103.96</ele>
				<time>2026-05-28T15:37:18.974Z</time>
			</trkpt>
			<trkpt lat="45.07581" lon="2.72413">
				<ele>1102.23</ele>
				<time>2026-05-28T15:37:20.364Z</time>
			</trkpt>
			<trkpt lat="45.07593" lon="2.72446">
				<ele>1101.06</ele>
				<time>2026-05-28T15:37:22.390Z</time>
			</trkpt>
			<trkpt lat="45.07635" lon="2.72583">
				<ele>1110.04</ele>
				<time>2026-05-28T15:37:30.520Z</time>
			</trkpt>
			<trkpt lat="45.0766" lon="2.7269">
				<ele>1110.75</ele>
				<time>2026-05-28T15:37:36.627Z</time>
			</trkpt>
			<trkpt lat="45.07705" lon="2.72837">
				<ele>1118.76</ele>
				<time>2026-05-28T15:37:45.266Z</time>
			</trkpt>
			<trkpt lat="45.07721" lon="2.72881">
				<ele>1121.05</ele>
				<time>2026-05-28T15:37:47.924Z</time>
			</trkpt>
			<trkpt lat="45.07737" lon="2.72919">
				<ele>1126.91</ele>
				<time>2026-05-28T15:37:50.295Z</time>
			</trkpt>
			<trkpt lat="45.07785" lon="2.73021">
				<ele>1141.9</ele>
				<time>2026-05-28T15:37:56.845Z</time>
			</trkpt>
			<trkpt lat="45.07852" lon="2.73149">
				<ele>1146.28</ele>
				<time>2026-05-28T15:38:05.309Z</time>
			</trkpt>
			<trkpt lat="45.08571" lon="2.74209">
				<ele>1185.1</ele>
				<time>2026-05-28T15:39:20.346Z</time>
			</trkpt>
			<trkpt lat="45.08622" lon="2.7429">
				<ele>1188.01</ele>
				<time>2026-05-28T15:39:25.639Z</time>
			</trkpt>
			<trkpt lat="45.08669" lon="2.74374">
				<ele>1190.92</ele>
				<time>2026-05-28T15:39:30.828Z</time>
			</trkpt>
			<trkpt lat="45.08692" lon="2.7443">
				<ele>1192.75</ele>
				<time>2026-05-28T15:39:33.947Z</time>
			</trkpt>
			<trkpt lat="45.08811" lon="2.7474">
				<ele>1178.52</ele>
				<time>2026-05-28T15:39:50.681Z</time>
			</trkpt>
			<trkpt lat="45.08824" lon="2.74766">
				<ele>1176.58</ele>
				<time>2026-05-28T15:39:52.171Z</time>
			</trkpt>
			<trkpt lat="45.08833" lon="2.74778">
				<ele>1174.99</ele>
				<time>2026-05-28T15:39:52.988Z</time>
			</trkpt>
			<trkpt lat="45.08843" lon="2.7479">
				<ele>1174.08</ele>
				<time>2026-05-28T15:39:53.853Z</time>
			</trkpt>
			<trkpt lat="45.08864" lon="2.74809">
				<ele>1171.11</ele>
				<time>2026-05-28T15:39:55.495Z</time>
			</trkpt>
			<trkpt lat="45.08901" lon="2.7484">
				<ele>1170.87</ele>
				<time>2026-05-28T15:39:58.316Z</time>
			</trkpt>
			<trkpt lat="45.0894" lon="2.7489">
				<ele>1167.03</ele>
				<time>2026-05-28T15:40:01.749Z</time>
			</trkpt>
			<trkpt lat="45.0896" lon="2.74914">
				<ele>1165.89</ele>
				<time>2026-05-28T15:40:03.453Z</time>
			</trkpt>
			<trkpt lat="45.08978" lon="2.74927">
				<ele>1166.93</ele>
				<time>2026-05-28T15:40:04.762Z</time>
			</trkpt>
			<trkpt lat="45.08978" lon="2.74939">
				<ele>1166.16</ele>
				<time>2026-05-28T15:40:05.311Z</time>
			</trkpt>
			<trkpt lat="45.0898" lon="2.74944">
				<ele>1166.15</ele>
				<time>2026-05-28T15:40:05.573Z</time>
			</trkpt>
			<trkpt lat="45.08987" lon="2.7495">
				<ele>1166.88</ele>
				<time>2026-05-28T15:40:06.101Z</time>
			</trkpt>
			<trkpt lat="45.08996" lon="2.74948">
				<ele>1168.18</ele>
				<time>2026-05-28T15:40:06.690Z</time>
			</trkpt>
			<trkpt lat="45.09007" lon="2.74976">
				<ele>1168.4</ele>
				<time>2026-05-28T15:40:08.147Z</time>
			</trkpt>
			<trkpt lat="45.09019" lon="2.74994">
				<ele>1168.24</ele>
				<time>2026-05-28T15:40:09.270Z</time>
			</trkpt>
			<trkpt lat="45.09052" lon="2.75036">
				<ele>1171.06</ele>
				<time>2026-05-28T15:40:12.111Z</time>
			</trkpt>
			<trkpt lat="45.09064" lon="2.75055">
				<ele>1169.93</ele>
				<time>2026-05-28T15:40:13.260Z</time>
			</trkpt>
			<trkpt lat="45.09085" lon="2.75096">
				<ele>1165.24</ele>
				<time>2026-05-28T15:40:15.534Z</time>
			</trkpt>
			<trkpt lat="45.09101" lon="2.75142">
				<ele>1161.92</ele>
				<time>2026-05-28T15:40:17.823Z</time>
			</trkpt>
			<trkpt lat="45.09134" lon="2.75262">
				<ele>1161.59</ele>
				<time>2026-05-28T15:40:23.046Z</time>
			</trkpt>
			<trkpt lat="45.09144" lon="2.75319">
				<ele>1158.73</ele>
				<time>2026-05-28T15:40:25.184Z</time>
			</trkpt>
			<trkpt lat="45.09156" lon="2.75384">
				<ele>1152.5</ele>
				<time>2026-05-28T15:40:27.495Z</time>
			</trkpt>
			<trkpt lat="45.09169" lon="2.75423">
				<ele>1151.31</ele>
				<time>2026-05-28T15:40:28.921Z</time>
			</trkpt>
			<trkpt lat="45.09185" lon="2.75462">
				<ele>1152.17</ele>
				<time>2026-05-28T15:40:30.380Z</time>
			</trkpt>
			<trkpt lat="45.09243" lon="2.7561">
				<ele>1152.52</ele>
				<time>2026-05-28T15:40:35.784Z</time>
			</trkpt>
			<trkpt lat="45.09257" lon="2.75641">
				<ele>1151.81</ele>
				<time>2026-05-28T15:40:36.990Z</time>
			</trkpt>
			<trkpt lat="45.0928" lon="2.75677">
				<ele>1149.42</ele>
				<time>2026-05-28T15:40:38.623Z</time>
			</trkpt>
			<trkpt lat="45.09334" lon="2.75744">
				<ele>1144.05</ele>
				<time>2026-05-28T15:40:42.267Z</time>
			</trkpt>
			<trkpt lat="45.09403" lon="2.75825">
				<ele>1143.76</ele>
				<time>2026-05-28T15:40:47.438Z</time>
			</trkpt>
			<trkpt lat="45.09383" lon="2.75841">
				<ele>1136.42</ele>
				<time>2026-05-28T15:40:48.908Z</time>
			</trkpt>
			<trkpt lat="45.09373" lon="2.75838">
				<ele>1135.27</ele>
				<time>2026-05-28T15:40:49.583Z</time>
			</trkpt>
			<trkpt lat="45.09364" lon="2.75828">
				<ele>1135.59</ele>
				<time>2026-05-28T15:40:50.356Z</time>
			</trkpt>
			<trkpt lat="45.09356" lon="2.75815">
				<ele>1136.29</ele>
				<time>2026-05-28T15:40:51.198Z</time>
			</trkpt>
			<trkpt lat="45.0934" lon="2.75805">
				<ele>1133.88</ele>
				<time>2026-05-28T15:40:52.445Z</time>
			</trkpt>
			<trkpt lat="45.09336" lon="2.75811">
				<ele>1132.4</ele>
				<time>2026-05-28T15:40:52.870Z</time>
			</trkpt>
			<trkpt lat="45.09334" lon="2.7582">
				<ele>1131.08</ele>
				<time>2026-05-28T15:40:53.363Z</time>
			</trkpt>
			<trkpt lat="45.09348" lon="2.7585">
				<ele>1130.2</ele>
				<time>2026-05-28T15:40:55.307Z</time>
			</trkpt>
			<trkpt lat="45.09361" lon="2.75888">
				<ele>1126.13</ele>
				<time>2026-05-28T15:40:57.726Z</time>
			</trkpt>
			<trkpt lat="45.09358" lon="2.75923">
				<ele>1124.27</ele>
				<time>2026-05-28T15:40:59.868Z</time>
			</trkpt>
			<trkpt lat="45.09352" lon="2.75943">
				<ele>1124.96</ele>
				<time>2026-05-28T15:41:01.245Z</time>
			</trkpt>
			<trkpt lat="45.09353" lon="2.75966">
				<ele>1127.44</ele>
				<time>2026-05-28T15:41:02.756Z</time>
			</trkpt>
			<trkpt lat="45.09358" lon="2.75981">
				<ele>1128.15</ele>
				<time>2026-05-28T15:41:03.960Z</time>
			</trkpt>
			<trkpt lat="45.09364" lon="2.7599">
				<ele>1128.06</ele>
				<time>2026-05-28T15:41:04.978Z</time>
			</trkpt>
			<trkpt lat="45.0939" lon="2.75989">
				<ele>1126.51</ele>
				<time>2026-05-28T15:41:08.548Z</time>
			</trkpt>
			<trkpt lat="45.09398" lon="2.75991">
				<ele>1126.74</ele>
				<time>2026-05-28T15:41:09.809Z</time>
			</trkpt>
			<trkpt lat="45.09407" lon="2.75994">
				<ele>1126.96</ele>
				<time>2026-05-28T15:41:11.318Z</time>
			</trkpt>
			<trkpt lat="45.09418" lon="2.76004">
				<ele>1127.21</ele>
				<time>2026-05-28T15:41:13.570Z</time>
			</trkpt>
			<trkpt lat="45.09431" lon="2.7601">
				<ele>1127.5</ele>
				<time>2026-05-28T15:41:16.054Z</time>
			</trkpt>
			<trkpt lat="45.09449" lon="2.76024">
				<ele>1126.96</ele>
				<time>2026-05-28T15:41:19.975Z</time>
			</trkpt>
			<trkpt lat="45.09482" lon="2.76056">
				<ele>1123.23</ele>
				<time>2026-05-28T15:41:27.981Z</time>
			</trkpt>
			<trkpt lat="45.09518" lon="2.76106">
				<ele>1118.15</ele>
				<time>2026-05-28T15:41:37.948Z</time>
			</trkpt>
			<trkpt lat="45.09552" lon="2.76145">
				<ele>1114.28</ele>
				<time>2026-05-28T15:41:45.588Z</time>
			</trkpt>
			<trkpt lat="45.09586" lon="2.76177">
				<ele>1113.32</ele>
				<time>2026-05-28T15:41:51.612Z</time>
			</trkpt>
			<trkpt lat="45.09647" lon="2.76245">
				<ele>1112.71</ele>
				<time>2026-05-28T15:42:02.715Z</time>
			</trkpt>
			<trkpt lat="45.09706" lon="2.76293">
				<ele>1115.65</ele>
				<time>2026-05-28T15:42:12.184Z</time>
			</trkpt>
			<trkpt lat="45.09728" lon="2.76326">
				<ele>1120.11</ele>
				<time>2026-05-28T15:42:16.562Z</time>
			</trkpt>
			<trkpt lat="45.09749" lon="2.76334">
				<ele>1117.43</ele>
				<time>2026-05-28T15:42:19.505Z</time>
			</trkpt>
			<trkpt lat="45.09765" lon="2.76334">
				<ele>1114.06</ele>
				<time>2026-05-28T15:42:21.655Z</time>
			</trkpt>
			<trkpt lat="45.09805" lon="2.76345">
				<ele>1111.56</ele>
				<time>2026-05-28T15:42:27.077Z</time>
			</trkpt>
			<trkpt lat="45.09851" lon="2.76362">
				<ele>1106.93</ele>
				<time>2026-05-28T15:42:33.305Z</time>
			</trkpt>
			<trkpt lat="45.09863" lon="2.76376">
				<ele>1105.91</ele>
				<time>2026-05-28T15:42:35.319Z</time>
			</trkpt>
			<trkpt lat="45.09881" lon="2.76383">
				<ele>1104.4</ele>
				<time>2026-05-28T15:42:37.724Z</time>
			</trkpt>
			<trkpt lat="45.09905" lon="2.76402">
				<ele>1105.89</ele>
				<time>2026-05-28T15:42:41.238Z</time>
			</trkpt>
			<trkpt lat="45.09926" lon="2.76405">
				<ele>1102.9</ele>
				<time>2026-05-28T15:42:43.914Z</time>
			</trkpt>
			<trkpt lat="45.09947" lon="2.76422">
				<ele>1100.87</ele>
				<time>2026-05-28T15:42:46.958Z</time>
			</trkpt>
			<trkpt lat="45.1" lon="2.76487">
				<ele>1099.76</ele>
				<time>2026-05-28T15:42:55.645Z</time>
			</trkpt>
			<trkpt lat="45.10039" lon="2.76542">
				<ele>1093.15</ele>
				<time>2026-05-28T15:43:02.332Z</time>
			</trkpt>
			<trkpt lat="45.10051" lon="2.76577">
				<ele>1093.13</ele>
				<time>2026-05-28T15:43:05.627Z</time>
			</trkpt>
			<trkpt lat="45.1005" lon="2.76626">
				<ele>1097.5</ele>
				<time>2026-05-28T15:43:09.741Z</time>
			</trkpt>
			<trkpt lat="45.10069" lon="2.76668">
				<ele>1094.13</ele>
				<time>2026-05-28T15:43:13.885Z</time>
			</trkpt>
			<trkpt lat="45.102" lon="2.76838">
				<ele>1095.18</ele>
				<time>2026-05-28T15:43:34.195Z</time>
			</trkpt>
			<trkpt lat="45.10234" lon="2.76895">
				<ele>1096.26</ele>
				<time>2026-05-28T15:43:40.045Z</time>
			</trkpt>
			<trkpt lat="45.10255" lon="2.76954">
				<ele>1093.16</ele>
				<time>2026-05-28T15:43:45.166Z</time>
			</trkpt>
			<trkpt lat="45.1026" lon="2.7701">
				<ele>1090.02</ele>
				<time>2026-05-28T15:43:49.501Z</time>
			</trkpt>
			<trkpt lat="45.1026" lon="2.77042">
				<ele>1091.12</ele>
				<time>2026-05-28T15:43:51.942Z</time>
			</trkpt>
			<trkpt lat="45.10264" lon="2.77062">
				<ele>1091.6</ele>
				<time>2026-05-28T15:43:53.523Z</time>
			</trkpt>
			<trkpt lat="45.10292" lon="2.77129">
				<ele>1092.17</ele>
				<time>2026-05-28T15:43:59.403Z</time>
			</trkpt>
			<trkpt lat="45.103" lon="2.77156">
				<ele>1091.69</ele>
				<time>2026-05-28T15:44:01.599Z</time>
			</trkpt>
			<trkpt lat="45.10298" lon="2.77184">
				<ele>1090.93</ele>
				<time>2026-05-28T15:44:03.703Z</time>
			</trkpt>
			<trkpt lat="45.10284" lon="2.77209">
				<ele>1093.26</ele>
				<time>2026-05-28T15:44:06.080Z</time>
			</trkpt>
			<trkpt lat="45.10279" lon="2.7723">
				<ele>1093.75</ele>
				<time>2026-05-28T15:44:07.726Z</time>
			</trkpt>
			<trkpt lat="45.10295" lon="2.77295">
				<ele>1081.42</ele>
				<time>2026-05-28T15:44:12.814Z</time>
			</trkpt>
			<trkpt lat="45.1029" lon="2.77313">
				<ele>1083.28</ele>
				<time>2026-05-28T15:44:14.237Z</time>
			</trkpt>
			<trkpt lat="45.10282" lon="2.77326">
				<ele>1085.46</ele>
				<time>2026-05-28T15:44:15.504Z</time>
			</trkpt>
			<trkpt lat="45.10264" lon="2.77334">
				<ele>1089.15</ele>
				<time>2026-05-28T15:44:17.463Z</time>
			</trkpt>
			<trkpt lat="45.10247" lon="2.77338">
				<ele>1092.77</ele>
				<time>2026-05-28T15:44:19.249Z</time>
			</trkpt>
			<trkpt lat="45.10238" lon="2.77337">
				<ele>1096.61</ele>
				<time>2026-05-28T15:44:20.183Z</time>
			</trkpt>
			<trkpt lat="45.10233" lon="2.7735">
				<ele>1096.79</ele>
				<time>2026-05-28T15:44:21.264Z</time>
			</trkpt>
			<trkpt lat="45.10237" lon="2.77369">
				<ele>1094.02</ele>
				<time>2026-05-28T15:44:22.708Z</time>
			</trkpt>
			<trkpt lat="45.10247" lon="2.77375">
				<ele>1089.77</ele>
				<time>2026-05-28T15:44:23.828Z</time>
			</trkpt>
			<trkpt lat="45.10262" lon="2.77375">
				<ele>1085.81</ele>
				<time>2026-05-28T15:44:25.372Z</time>
			</trkpt>
			<trkpt lat="45.10286" lon="2.77388">
				<ele>1081.19</ele>
				<time>2026-05-28T15:44:28.012Z</time>
			</trkpt>
			<trkpt lat="45.10365" lon="2.77387">
				<ele>1070.48</ele>
				<time>2026-05-28T15:44:36.094Z</time>
			</trkpt>
			<trkpt lat="45.1038" lon="2.77392">
				<ele>1069.25</ele>
				<time>2026-05-28T15:44:37.665Z</time>
			</trkpt>
			<trkpt lat="45.10405" lon="2.77464">
				<ele>1072.31</ele>
				<time>2026-05-28T15:44:43.428Z</time>
			</trkpt>
			<trkpt lat="45.1041" lon="2.77518">
				<ele>1068.15</ele>
				<time>2026-05-28T15:44:47.333Z</time>
			</trkpt>
			<trkpt lat="45.1041" lon="2.77535">
				<ele>1066.34</ele>
				<time>2026-05-28T15:44:48.551Z</time>
			</trkpt>
			<trkpt lat="45.10414" lon="2.77552">
				<ele>1063.86</ele>
				<time>2026-05-28T15:44:49.835Z</time>
			</trkpt>
			<trkpt lat="45.1044" lon="2.77577">
				<ele>1056.78</ele>
				<time>2026-05-28T15:44:53.022Z</time>
			</trkpt>
			<trkpt lat="45.10468" lon="2.77616">
				<ele>1050.8</ele>
				<time>2026-05-28T15:44:57.005Z</time>
			</trkpt>
			<trkpt lat="45.1048" lon="2.77664">
				<ele>1048.17</ele>
				<time>2026-05-28T15:45:00.652Z</time>
			</trkpt>
			<trkpt lat="45.10496" lon="2.77711">
				<ele>1042.5</ele>
				<time>2026-05-28T15:45:04.391Z</time>
			</trkpt>
			<trkpt lat="45.10527" lon="2.77746">
				<ele>1033.94</ele>
				<time>2026-05-28T15:45:08.421Z</time>
			</trkpt>
			<trkpt lat="45.10556" lon="2.77784">
				<ele>1030.79</ele>
				<time>2026-05-28T15:45:12.445Z</time>
			</trkpt>
			<trkpt lat="45.10577" lon="2.77835">
				<ele>1028.1</ele>
				<time>2026-05-28T15:45:16.701Z</time>
			</trkpt>
			<trkpt lat="45.10576" lon="2.77886">
				<ele>1025.97</ele>
				<time>2026-05-28T15:45:20.388Z</time>
			</trkpt>
			<trkpt lat="45.10553" lon="2.77924">
				<ele>1026.01</ele>
				<time>2026-05-28T15:45:24.018Z</time>
			</trkpt>
			<trkpt lat="45.10541" lon="2.77968">
				<ele>1021.57</ele>
				<time>2026-05-28T15:45:27.449Z</time>
			</trkpt>
			<trkpt lat="45.10534" lon="2.78">
				<ele>1019.42</ele>
				<time>2026-05-28T15:45:29.894Z</time>
			</trkpt>
			<trkpt lat="45.10536" lon="2.78037">
				<ele>1017.18</ele>
				<time>2026-05-28T15:45:32.610Z</time>
			</trkpt>
			<trkpt lat="45.10542" lon="2.78062">
				<ele>1016.29</ele>
				<time>2026-05-28T15:45:34.548Z</time>
			</trkpt>
			<trkpt lat="45.1056" lon="2.78072">
				<ele>1010.6</ele>
				<time>2026-05-28T15:45:36.564Z</time>
			</trkpt>
			<trkpt lat="45.1058" lon="2.78065">
				<ele>1004.54</ele>
				<time>2026-05-28T15:45:38.717Z</time>
			</trkpt>
			<trkpt lat="45.10599" lon="2.78077">
				<ele>1000.79</ele>
				<time>2026-05-28T15:45:40.898Z</time>
			</trkpt>
			<trkpt lat="45.10643" lon="2.78149">
				<ele>998.69</ele>
				<time>2026-05-28T15:45:47.995Z</time>
			</trkpt>
			<trkpt lat="45.10667" lon="2.78185">
				<ele>995.93</ele>
				<time>2026-05-28T15:45:51.717Z</time>
			</trkpt>
			<trkpt lat="45.10681" lon="2.78221">
				<ele>994.02</ele>
				<time>2026-05-28T15:45:54.824Z</time>
			</trkpt>
			<trkpt lat="45.10686" lon="2.78254">
				<ele>991.94</ele>
				<time>2026-05-28T15:45:57.388Z</time>
			</trkpt>
			<trkpt lat="45.10695" lon="2.78355">
				<ele>986.89</ele>
				<time>2026-05-28T15:46:05.198Z</time>
			</trkpt>
			<trkpt lat="45.10714" lon="2.78397">
				<ele>986.4</ele>
				<time>2026-05-28T15:46:09.069Z</time>
			</trkpt>
			<trkpt lat="45.10743" lon="2.78455">
				<ele>981.22</ele>
				<time>2026-05-28T15:46:14.639Z</time>
			</trkpt>
			<trkpt lat="45.10763" lon="2.78489">
				<ele>980.04</ele>
				<time>2026-05-28T15:46:18.141Z</time>
			</trkpt>
			<trkpt lat="45.10812" lon="2.78554">
				<ele>971.63</ele>
				<time>2026-05-28T15:46:25.760Z</time>
			</trkpt>
			<trkpt lat="45.10828" lon="2.78584">
				<ele>968.79</ele>
				<time>2026-05-28T15:46:28.809Z</time>
			</trkpt>
			<trkpt lat="45.10842" lon="2.78618">
				<ele>966.3</ele>
				<time>2026-05-28T15:46:32.025Z</time>
			</trkpt>
			<trkpt lat="45.10853" lon="2.78649">
				<ele>964.52</ele>
				<time>2026-05-28T15:46:34.880Z</time>
			</trkpt>
			<trkpt lat="45.10883" lon="2.78705">
				<ele>958.4</ele>
				<time>2026-05-28T15:46:40.726Z</time>
			</trkpt>
			<trkpt lat="45.10902" lon="2.78713">
				<ele>956.15</ele>
				<time>2026-05-28T15:46:43.086Z</time>
			</trkpt>
			<trkpt lat="45.10925" lon="2.78708">
				<ele>955.34</ele>
				<time>2026-05-28T15:46:45.873Z</time>
			</trkpt>
			<trkpt lat="45.10942" lon="2.78708">
				<ele>955.04</ele>
				<time>2026-05-28T15:46:47.922Z</time>
			</trkpt>
			<trkpt lat="45.10954" lon="2.78713">
				<ele>953.87</ele>
				<time>2026-05-28T15:46:49.436Z</time>
			</trkpt>
			<trkpt lat="45.10998" lon="2.78747">
				<ele>949.25</ele>
				<time>2026-05-28T15:46:55.563Z</time>
			</trkpt>
			<trkpt lat="45.11011" lon="2.7876">
				<ele>949.25</ele>
				<time>2026-05-28T15:46:57.529Z</time>
			</trkpt>
			<trkpt lat="45.1104" lon="2.78801">
				<ele>949.52</ele>
				<time>2026-05-28T15:47:02.636Z</time>
			</trkpt>
			<trkpt lat="45.11052" lon="2.78823">
				<ele>950.46</ele>
				<time>2026-05-28T15:47:05.106Z</time>
			</trkpt>
			<trkpt lat="45.11063" lon="2.78856">
				<ele>950.22</ele>
				<time>2026-05-28T15:47:08.374Z</time>
			</trkpt>
			<trkpt lat="45.11083" lon="2.78841">
				<ele>951.37</ele>
				<time>2026-05-28T15:47:11.268Z</time>
			</trkpt>
			<trkpt lat="45.11098" lon="2.78841">
				<ele>952.14</ele>
				<time>2026-05-28T15:47:13.198Z</time>
			</trkpt>
			<trkpt lat="45.11128" lon="2.7885">
				<ele>954.24</ele>
				<time>2026-05-28T15:47:17.176Z</time>
			</trkpt>
			<trkpt lat="45.11139" lon="2.78856">
				<ele>955.18</ele>
				<time>2026-05-28T15:47:18.716Z</time>
			</trkpt>
			<trkpt lat="45.11157" lon="2.78871">
				<ele>957.15</ele>
				<time>2026-05-28T15:47:21.460Z</time>
			</trkpt>
			<trkpt lat="45.11204" lon="2.78925">
				<ele>957.7</ele>
				<time>2026-05-28T15:47:29.527Z</time>
			</trkpt>
			<trkpt lat="45.11208" lon="2.7892">
				<ele>959.08</ele>
				<time>2026-05-28T15:47:30.247Z</time>
			</trkpt>
			<trkpt lat="45.11221" lon="2.78937">
				<ele>959.64</ele>
				<time>2026-05-28T15:47:32.643Z</time>
			</trkpt>
			<trkpt lat="45.11228" lon="2.78952">
				<ele>958.76</ele>
				<time>2026-05-28T15:47:34.371Z</time>
			</trkpt>
			<trkpt lat="45.1124" lon="2.79009">
				<ele>955.57</ele>
				<time>2026-05-28T15:47:40.181Z</time>
			</trkpt>
			<trkpt lat="45.11246" lon="2.79026">
				<ele>955.73</ele>
				<time>2026-05-28T15:47:42.097Z</time>
			</trkpt>
			<trkpt lat="45.11259" lon="2.79048">
				<ele>955.33</ele>
				<time>2026-05-28T15:47:45.054Z</time>
			</trkpt>
			<trkpt lat="45.11287" lon="2.79086">
				<ele>955.86</ele>
				<time>2026-05-28T15:47:50.952Z</time>
			</trkpt>
			<trkpt lat="45.1133" lon="2.79168">
				<ele>954.66</ele>
				<time>2026-05-28T15:48:02.825Z</time>
			</trkpt>
			<trkpt lat="45.11362" lon="2.79216">
				<ele>955.93</ele>
				<time>2026-05-28T15:48:09.076Z</time>
			</trkpt>
			<trkpt lat="45.11374" lon="2.79248">
				<ele>956.91</ele>
				<time>2026-05-28T15:48:12.419Z</time>
			</trkpt>
			<trkpt lat="45.1139" lon="2.79318">
				<ele>956.01</ele>
				<time>2026-05-28T15:48:19.021Z</time>
			</trkpt>
			<trkpt lat="45.11428" lon="2.79425">
				<ele>951.11</ele>
				<time>2026-05-28T15:48:29.262Z</time>
			</trkpt>
			<trkpt lat="45.11463" lon="2.79516">
				<ele>951.66</ele>
				<time>2026-05-28T15:48:37.648Z</time>
			</trkpt>
			<trkpt lat="45.11475" lon="2.79559">
				<ele>950.19</ele>
				<time>2026-05-28T15:48:41.256Z</time>
			</trkpt>
			<trkpt lat="45.1149" lon="2.79594">
				<ele>949.92</ele>
				<time>2026-05-28T15:48:44.385Z</time>
			</trkpt>
			<trkpt lat="45.1152" lon="2.79643">
				<ele>952.33</ele>
				<time>2026-05-28T15:48:49.221Z</time>
			</trkpt>
			<trkpt lat="45.11535" lon="2.79675">
				<ele>950.94</ele>
				<time>2026-05-28T15:48:52.017Z</time>
			</trkpt>
			<trkpt lat="45.11542" lon="2.79699">
				<ele>949.53</ele>
				<time>2026-05-28T15:48:53.880Z</time>
			</trkpt>
			<trkpt lat="45.11548" lon="2.7976">
				<ele>950.74</ele>
				<time>2026-05-28T15:48:58.212Z</time>
			</trkpt>
			<trkpt lat="45.11562" lon="2.79823">
				<ele>952.99</ele>
				<time>2026-05-28T15:49:02.730Z</time>
			</trkpt>
			<trkpt lat="45.11564" lon="2.79845">
				<ele>953.19</ele>
				<time>2026-05-28T15:49:04.219Z</time>
			</trkpt>
			<trkpt lat="45.11563" lon="2.79896">
				<ele>950.46</ele>
				<time>2026-05-28T15:49:07.592Z</time>
			</trkpt>
			<trkpt lat="45.11565" lon="2.79965">
				<ele>948.82</ele>
				<time>2026-05-28T15:49:12.049Z</time>
			</trkpt>
			<trkpt lat="45.11571" lon="2.79986">
				<ele>949.39</ele>
				<time>2026-05-28T15:49:13.485Z</time>
			</trkpt>
			<trkpt lat="45.11582" lon="2.80013">
				<ele>949.79</ele>
				<time>2026-05-28T15:49:15.440Z</time>
			</trkpt>
			<trkpt lat="45.11597" lon="2.80043">
				<ele>950.26</ele>
				<time>2026-05-28T15:49:17.718Z</time>
			</trkpt>
			<trkpt lat="45.11607" lon="2.80075">
				<ele>949.81</ele>
				<time>2026-05-28T15:49:19.859Z</time>
			</trkpt>
			<trkpt lat="45.11621" lon="2.80111">
				<ele>952.88</ele>
				<time>2026-05-28T15:49:22.339Z</time>
			</trkpt>
			<trkpt lat="45.11626" lon="2.80134">
				<ele>952.6</ele>
				<time>2026-05-28T15:49:23.776Z</time>
			</trkpt>
			<trkpt lat="45.11633" lon="2.8022">
				<ele>948.54</ele>
				<time>2026-05-28T15:49:28.854Z</time>
			</trkpt>
			<trkpt lat="45.11643" lon="2.80264">
				<ele>948.16</ele>
				<time>2026-05-28T15:49:31.512Z</time>
			</trkpt>
			<trkpt lat="45.11642" lon="2.80284">
				<ele>946.83</ele>
				<time>2026-05-28T15:49:32.654Z</time>
			</trkpt>
			<trkpt lat="45.11634" lon="2.80306">
				<ele>943.14</ele>
				<time>2026-05-28T15:49:34.056Z</time>
			</trkpt>
			<trkpt lat="45.11617" lon="2.80332">
				<ele>939.2</ele>
				<time>2026-05-28T15:49:36.048Z</time>
			</trkpt>
			<trkpt lat="45.11599" lon="2.80394">
				<ele>938.8</ele>
				<time>2026-05-28T15:49:39.770Z</time>
			</trkpt>
			<trkpt lat="45.11593" lon="2.80426">
				<ele>939.01</ele>
				<time>2026-05-28T15:49:41.588Z</time>
			</trkpt>
			<trkpt lat="45.11578" lon="2.80456">
				<ele>938.11</ele>
				<time>2026-05-28T15:49:43.594Z</time>
			</trkpt>
			<trkpt lat="45.11542" lon="2.80518">
				<ele>938.16</ele>
				<time>2026-05-28T15:49:47.929Z</time>
			</trkpt>
			<trkpt lat="45.11523" lon="2.80557">
				<ele>938.6</ele>
				<time>2026-05-28T15:49:50.465Z</time>
			</trkpt>
			<trkpt lat="45.11518" lon="2.80588">
				<ele>939.23</ele>
				<time>2026-05-28T15:49:52.158Z</time>
			</trkpt>
			<trkpt lat="45.11516" lon="2.80615">
				<ele>937.98</ele>
				<time>2026-05-28T15:49:53.599Z</time>
			</trkpt>
			<trkpt lat="45.11524" lon="2.8065">
				<ele>935.37</ele>
				<time>2026-05-28T15:49:55.547Z</time>
			</trkpt>
			<trkpt lat="45.11531" lon="2.80664">
				<ele>934.83</ele>
				<time>2026-05-28T15:49:56.453Z</time>
			</trkpt>
			<trkpt lat="45.11545" lon="2.80676">
				<ele>935.39</ele>
				<time>2026-05-28T15:49:57.677Z</time>
			</trkpt>
			<trkpt lat="45.11587" lon="2.80695">
				<ele>936.27</ele>
				<time>2026-05-28T15:50:00.969Z</time>
			</trkpt>
			<trkpt lat="45.11604" lon="2.80705">
				<ele>936.52</ele>
				<time>2026-05-28T15:50:02.342Z</time>
			</trkpt>
			<trkpt lat="45.11614" lon="2.80715">
				<ele>935.84</ele>
				<time>2026-05-28T15:50:03.254Z</time>
			</trkpt>
			<trkpt lat="45.11622" lon="2.80728">
				<ele>935.15</ele>
				<time>2026-05-28T15:50:04.162Z</time>
			</trkpt>
			<trkpt lat="45.11636" lon="2.80776">
				<ele>935.7</ele>
				<time>2026-05-28T15:50:06.898Z</time>
			</trkpt>
			<trkpt lat="45.11638" lon="2.80848">
				<ele>937.84</ele>
				<time>2026-05-28T15:50:10.706Z</time>
			</trkpt>
			<trkpt lat="45.11641" lon="2.80872">
				<ele>937.38</ele>
				<time>2026-05-28T15:50:11.998Z</time>
			</trkpt>
			<trkpt lat="45.11663" lon="2.80987">
				<ele>935.98</ele>
				<time>2026-05-28T15:50:18.366Z</time>
			</trkpt>
			<trkpt lat="45.11678" lon="2.81039">
				<ele>937.51</ele>
				<time>2026-05-28T15:50:21.405Z</time>
			</trkpt>
			<trkpt lat="45.11686" lon="2.81045">
				<ele>939.7</ele>
				<time>2026-05-28T15:50:22.104Z</time>
			</trkpt>
			<trkpt lat="45.11713" lon="2.81093">
				<ele>946.86</ele>
				<time>2026-05-28T15:50:25.469Z</time>
			</trkpt>
			<trkpt lat="45.11719" lon="2.81115">
				<ele>948.27</ele>
				<time>2026-05-28T15:50:26.774Z</time>
			</trkpt>
			<trkpt lat="45.11741" lon="2.8124">
				<ele>956.65</ele>
				<time>2026-05-28T15:50:34.033Z</time>
			</trkpt>
			<trkpt lat="45.11759" lon="2.81322">
				<ele>962.1</ele>
				<time>2026-05-28T15:50:39.015Z</time>
			</trkpt>
			<trkpt lat="45.11786" lon="2.81389">
				<ele>968.48</ele>
				<time>2026-05-28T15:50:43.519Z</time>
			</trkpt>
			<trkpt lat="45.11815" lon="2.8143">
				<ele>977</ele>
				<time>2026-05-28T15:50:46.883Z</time>
			</trkpt>
			<trkpt lat="45.11826" lon="2.81462">
				<ele>980.06</ele>
				<time>2026-05-28T15:50:48.935Z</time>
			</trkpt>
			<trkpt lat="45.11862" lon="2.81623">
				<ele>986.92</ele>
				<time>2026-05-28T15:50:58.572Z</time>
			</trkpt>
			<trkpt lat="45.11852" lon="2.81692">
				<ele>987.38</ele>
				<time>2026-05-28T15:51:02.545Z</time>
			</trkpt>
			<trkpt lat="45.11851" lon="2.81711">
				<ele>988.62</ele>
				<time>2026-05-28T15:51:03.615Z</time>
			</trkpt>
			<trkpt lat="45.11853" lon="2.81723">
				<ele>990.66</ele>
				<time>2026-05-28T15:51:04.307Z</time>
			</trkpt>
			<trkpt lat="45.11868" lon="2.81751">
				<ele>999.52</ele>
				<time>2026-05-28T15:51:06.274Z</time>
			</trkpt>
			<trkpt lat="45.11873" lon="2.8177">
				<ele>1000.55</ele>
				<time>2026-05-28T15:51:07.407Z</time>
			</trkpt>
			<trkpt lat="45.11871" lon="2.81788">
				<ele>999.52</ele>
				<time>2026-05-28T15:51:08.422Z</time>
			</trkpt>
			<trkpt lat="45.11849" lon="2.81921">
				<ele>1000.91</ele>
				<time>2026-05-28T15:51:15.989Z</time>
			</trkpt>
			<trkpt lat="45.11847" lon="2.81984">
				<ele>1008.99</ele>
				<time>2026-05-28T15:51:19.454Z</time>
			</trkpt>
			<trkpt lat="45.11835" lon="2.82053">
				<ele>1010.67</ele>
				<time>2026-05-28T15:51:23.341Z</time>
			</trkpt>
			<trkpt lat="45.11812" lon="2.82139">
				<ele>1015.43</ele>
				<time>2026-05-28T15:51:28.342Z</time>
			</trkpt>
			<trkpt lat="45.11806" lon="2.8217">
				<ele>1017.78</ele>
				<time>2026-05-28T15:51:30.083Z</time>
			</trkpt>
			<trkpt lat="45.11805" lon="2.82199">
				<ele>1019.98</ele>
				<time>2026-05-28T15:51:31.653Z</time>
			</trkpt>
			<trkpt lat="45.11817" lon="2.82301">
				<ele>1025.27</ele>
				<time>2026-05-28T15:51:37.223Z</time>
			</trkpt>
			<trkpt lat="45.11819" lon="2.82316">
				<ele>1026.5</ele>
				<time>2026-05-28T15:51:38.043Z</time>
			</trkpt>
			<trkpt lat="45.11831" lon="2.82335">
				<ele>1029.61</ele>
				<time>2026-05-28T15:51:39.410Z</time>
			</trkpt>
			<trkpt lat="45.11876" lon="2.82376">
				<ele>1034.21</ele>
				<time>2026-05-28T15:51:43.466Z</time>
			</trkpt>
			<trkpt lat="45.11886" lon="2.82389">
				<ele>1035.68</ele>
				<time>2026-05-28T15:51:44.493Z</time>
			</trkpt>
			<trkpt lat="45.11892" lon="2.82403">
				<ele>1037.34</ele>
				<time>2026-05-28T15:51:45.367Z</time>
			</trkpt>
			<trkpt lat="45.11894" lon="2.82421">
				<ele>1039.2</ele>
				<time>2026-05-28T15:51:46.338Z</time>
			</trkpt>
			<trkpt lat="45.11853" lon="2.82723">
				<ele>1055.35</ele>
				<time>2026-05-28T15:52:02.639Z</time>
			</trkpt>
			<trkpt lat="45.11833" lon="2.82809">
				<ele>1060.58</ele>
				<time>2026-05-28T15:52:07.415Z</time>
			</trkpt>
			<trkpt lat="45.11814" lon="2.82879">
				<ele>1067.24</ele>
				<time>2026-05-28T15:52:11.365Z</time>
			</trkpt>
			<trkpt lat="45.1181" lon="2.8291">
				<ele>1070.58</ele>
				<time>2026-05-28T15:52:13.025Z</time>
			</trkpt>
			<trkpt lat="45.11823" lon="2.82981">
				<ele>1076.58</ele>
				<time>2026-05-28T15:52:16.886Z</time>
			</trkpt>
			<trkpt lat="45.11832" lon="2.83006">
				<ele>1077.96</ele>
				<time>2026-05-28T15:52:18.363Z</time>
			</trkpt>
			<trkpt lat="45.11831" lon="2.83086">
				<ele>1080.01</ele>
				<time>2026-05-28T15:52:22.574Z</time>
			</trkpt>
			<trkpt lat="45.11835" lon="2.83137">
				<ele>1081.15</ele>
				<time>2026-05-28T15:52:25.276Z</time>
			</trkpt>
			<trkpt lat="45.11846" lon="2.83197">
				<ele>1087.78</ele>
				<time>2026-05-28T15:52:28.542Z</time>
			</trkpt>
			<trkpt lat="45.11844" lon="2.83314">
				<ele>1095.73</ele>
				<time>2026-05-28T15:52:34.716Z</time>
			</trkpt>
			<trkpt lat="45.11852" lon="2.83388">
				<ele>1099.75</ele>
				<time>2026-05-28T15:52:38.674Z</time>
			</trkpt>
			<trkpt lat="45.11845" lon="2.83472">
				<ele>1099.47</ele>
				<time>2026-05-28T15:52:43.155Z</time>
			</trkpt>
			<trkpt lat="45.11848" lon="2.83488">
				<ele>1100.72</ele>
				<time>2026-05-28T15:52:44.033Z</time>
			</trkpt>
			<trkpt lat="45.11858" lon="2.83496">
				<ele>1101.69</ele>
				<time>2026-05-28T15:52:44.897Z</time>
			</trkpt>
			<trkpt lat="45.11899" lon="2.8349">
				<ele>1106.61</ele>
				<time>2026-05-28T15:52:48.002Z</time>
			</trkpt>
			<trkpt lat="45.11913" lon="2.83483">
				<ele>1107.92</ele>
				<time>2026-05-28T15:52:49.123Z</time>
			</trkpt>
			<trkpt lat="45.11923" lon="2.83446">
				<ele>1109.91</ele>
				<time>2026-05-28T15:52:51.235Z</time>
			</trkpt>
			<trkpt lat="45.11948" lon="2.83392">
				<ele>1114.27</ele>
				<time>2026-05-28T15:52:54.686Z</time>
			</trkpt>
			<trkpt lat="45.11977" lon="2.83346">
				<ele>1117.3</ele>
				<time>2026-05-28T15:52:57.991Z</time>
			</trkpt>
			<trkpt lat="45.11999" lon="2.83328">
				<ele>1121.25</ele>
				<time>2026-05-28T15:52:59.925Z</time>
			</trkpt>
			<trkpt lat="45.12007" lon="2.83342">
				<ele>1122.78</ele>
				<time>2026-05-28T15:53:00.895Z</time>
			</trkpt>
			<trkpt lat="45.12009" lon="2.8337">
				<ele>1122.79</ele>
				<time>2026-05-28T15:53:02.411Z</time>
			</trkpt>
			<trkpt lat="45.12027" lon="2.83407">
				<ele>1124.53</ele>
				<time>2026-05-28T15:53:04.837Z</time>
			</trkpt>
			<trkpt lat="45.12057" lon="2.83456">
				<ele>1126.72</ele>
				<time>2026-05-28T15:53:08.340Z</time>
			</trkpt>
			<trkpt lat="45.12102" lon="2.83505">
				<ele>1132.69</ele>
				<time>2026-05-28T15:53:12.664Z</time>
			</trkpt>
			<trkpt lat="45.12121" lon="2.83551">
				<ele>1135.43</ele>
				<time>2026-05-28T15:53:15.559Z</time>
			</trkpt>
			<trkpt lat="45.12201" lon="2.8377">
				<ele>1145.53</ele>
				<time>2026-05-28T15:53:29.440Z</time>
			</trkpt>
			<trkpt lat="45.12219" lon="2.83785">
				<ele>1151.67</ele>
				<time>2026-05-28T15:53:31.143Z</time>
			</trkpt>
			<trkpt lat="45.12242" lon="2.83783">
				<ele>1156.17</ele>
				<time>2026-05-28T15:53:33.029Z</time>
			</trkpt>
			<trkpt lat="45.12293" lon="2.83753">
				<ele>1157.11</ele>
				<time>2026-05-28T15:53:37.581Z</time>
			</trkpt>
			<trkpt lat="45.12312" lon="2.83751">
				<ele>1157.54</ele>
				<time>2026-05-28T15:53:39.161Z</time>
			</trkpt>
			<trkpt lat="45.12334" lon="2.83771">
				<ele>1159.85</ele>
				<time>2026-05-28T15:53:41.337Z</time>
			</trkpt>
			<trkpt lat="45.1241" lon="2.8389">
				<ele>1162.89</ele>
				<time>2026-05-28T15:53:50.855Z</time>
			</trkpt>
			<trkpt lat="45.12431" lon="2.83909">
				<ele>1161.93</ele>
				<time>2026-05-28T15:53:52.967Z</time>
			</trkpt>
			<trkpt lat="45.12451" lon="2.83913">
				<ele>1161.89</ele>
				<time>2026-05-28T15:53:54.682Z</time>
			</trkpt>
			<trkpt lat="45.12473" lon="2.83912">
				<ele>1161.16</ele>
				<time>2026-05-28T15:53:56.556Z</time>
			</trkpt>
			<trkpt lat="45.12518" lon="2.83905">
				<ele>1156.24</ele>
				<time>2026-05-28T15:54:00.420Z</time>
			</trkpt>
			<trkpt lat="45.12536" lon="2.83892">
				<ele>1156.23</ele>
				<time>2026-05-28T15:54:02.149Z</time>
			</trkpt>
			<trkpt lat="45.1267" lon="2.83772">
				<ele>1152.55</ele>
				<time>2026-05-28T15:54:15.779Z</time>
			</trkpt>
			<trkpt lat="45.12744" lon="2.83679">
				<ele>1141.9</ele>
				<time>2026-05-28T15:54:24.310Z</time>
			</trkpt>
			<trkpt lat="45.12783" lon="2.8361">
				<ele>1132.52</ele>
				<time>2026-05-28T15:54:29.688Z</time>
			</trkpt>
			<trkpt lat="45.12804" lon="2.83562">
				<ele>1126.93</ele>
				<time>2026-05-28T15:54:33.118Z</time>
			</trkpt>
			<trkpt lat="45.12812" lon="2.83522">
				<ele>1124.61</ele>
				<time>2026-05-28T15:54:35.639Z</time>
			</trkpt>
			<trkpt lat="45.12809" lon="2.8348">
				<ele>1123.43</ele>
				<time>2026-05-28T15:54:38.195Z</time>
			</trkpt>
			<trkpt lat="45.12814" lon="2.83465">
				<ele>1120.96</ele>
				<time>2026-05-28T15:54:39.199Z</time>
			</trkpt>
			<trkpt lat="45.12828" lon="2.83459">
				<ele>1116.49</ele>
				<time>2026-05-28T15:54:40.451Z</time>
			</trkpt>
			<trkpt lat="45.12839" lon="2.83467">
				<ele>1114.17</ele>
				<time>2026-05-28T15:54:41.509Z</time>
			</trkpt>
			<trkpt lat="45.12843" lon="2.83489">
				<ele>1114.82</ele>
				<time>2026-05-28T15:54:42.879Z</time>
			</trkpt>
			<trkpt lat="45.12843" lon="2.83521">
				<ele>1117.06</ele>
				<time>2026-05-28T15:54:44.806Z</time>
			</trkpt>
			<trkpt lat="45.12846" lon="2.83544">
				<ele>1117.04</ele>
				<time>2026-05-28T15:54:46.212Z</time>
			</trkpt>
			<trkpt lat="45.12854" lon="2.83561">
				<ele>1115.42</ele>
				<time>2026-05-28T15:54:47.439Z</time>
			</trkpt>
			<trkpt lat="45.12887" lon="2.83601">
				<ele>1111.76</ele>
				<time>2026-05-28T15:54:51.122Z</time>
			</trkpt>
			<trkpt lat="45.12923" lon="2.8365">
				<ele>1108.97</ele>
				<time>2026-05-28T15:54:55.335Z</time>
			</trkpt>
			<trkpt lat="45.13003" lon="2.83767">
				<ele>1105.41</ele>
				<time>2026-05-28T15:55:04.931Z</time>
			</trkpt>
			<trkpt lat="45.13026" lon="2.83879">
				<ele>1105.29</ele>
				<time>2026-05-28T15:55:11.692Z</time>
			</trkpt>
			<trkpt lat="45.13031" lon="2.8392">
				<ele>1103.02</ele>
				<time>2026-05-28T15:55:14.078Z</time>
			</trkpt>
			<trkpt lat="45.13033" lon="2.83992">
				<ele>1103.3</ele>
				<time>2026-05-28T15:55:18.177Z</time>
			</trkpt>
			<trkpt lat="45.13035" lon="2.84012">
				<ele>1103.74</ele>
				<time>2026-05-28T15:55:19.318Z</time>
			</trkpt>
			<trkpt lat="45.1305" lon="2.84045">
				<ele>1103.8</ele>
				<time>2026-05-28T15:55:21.524Z</time>
			</trkpt>
			<trkpt lat="45.13062" lon="2.84078">
				<ele>1103.16</ele>
				<time>2026-05-28T15:55:23.597Z</time>
			</trkpt>
			<trkpt lat="45.13061" lon="2.84151">
				<ele>1101.53</ele>
				<time>2026-05-28T15:55:27.634Z</time>
			</trkpt>
			<trkpt lat="45.13063" lon="2.84166">
				<ele>1103.38</ele>
				<time>2026-05-28T15:55:28.471Z</time>
			</trkpt>
			<trkpt lat="45.13072" lon="2.84189">
				<ele>1106.34</ele>
				<time>2026-05-28T15:55:29.907Z</time>
			</trkpt>
			<trkpt lat="45.13086" lon="2.84212">
				<ele>1109.72</ele>
				<time>2026-05-28T15:55:31.557Z</time>
			</trkpt>
			<trkpt lat="45.13096" lon="2.84222">
				<ele>1112.43</ele>
				<time>2026-05-28T15:55:32.494Z</time>
			</trkpt>
			<trkpt lat="45.13023" lon="2.84384">
				<ele>1109.36</ele>
				<time>2026-05-28T15:55:42.641Z</time>
			</trkpt>
			<trkpt lat="45.13006" lon="2.84414">
				<ele>1110.13</ele>
				<time>2026-05-28T15:55:44.616Z</time>
			</trkpt>
			<trkpt lat="45.12981" lon="2.84449">
				<ele>1109.26</ele>
				<time>2026-05-28T15:55:47.143Z</time>
			</trkpt>
			<trkpt lat="45.12755" lon="2.84702">
				<ele>1089.95</ele>
				<time>2026-05-28T15:56:06.671Z</time>
			</trkpt>
			<trkpt lat="45.12656" lon="2.8481">
				<ele>1086.9</ele>
				<time>2026-05-28T15:56:14.590Z</time>
			</trkpt>
			<trkpt lat="45.12641" lon="2.84832">
				<ele>1087.66</ele>
				<time>2026-05-28T15:56:15.929Z</time>
			</trkpt>
			<trkpt lat="45.12626" lon="2.84859">
				<ele>1085.34</ele>
				<time>2026-05-28T15:56:17.424Z</time>
			</trkpt>
			<trkpt lat="45.12588" lon="2.84935">
				<ele>1081.22</ele>
				<time>2026-05-28T15:56:21.430Z</time>
			</trkpt>
			<trkpt lat="45.12569" lon="2.84962">
				<ele>1078.74</ele>
				<time>2026-05-28T15:56:23.051Z</time>
			</trkpt>
			<trkpt lat="45.12546" lon="2.84988">
				<ele>1075.64</ele>
				<time>2026-05-28T15:56:24.812Z</time>
			</trkpt>
			<trkpt lat="45.12516" lon="2.85011">
				<ele>1074.73</ele>
				<time>2026-05-28T15:56:26.839Z</time>
			</trkpt>
			<trkpt lat="45.1249" lon="2.85022">
				<ele>1075.51</ele>
				<time>2026-05-28T15:56:28.440Z</time>
			</trkpt>
			<trkpt lat="45.12466" lon="2.85028">
				<ele>1075.95</ele>
				<time>2026-05-28T15:56:29.871Z</time>
			</trkpt>
			<trkpt lat="45.12216" lon="2.85035">
				<ele>1053.93</ele>
				<time>2026-05-28T15:56:44.215Z</time>
			</trkpt>
			<trkpt lat="45.12146" lon="2.85039">
				<ele>1049.43</ele>
				<time>2026-05-28T15:56:48.152Z</time>
			</trkpt>
			<trkpt lat="45.12099" lon="2.85052">
				<ele>1047.4</ele>
				<time>2026-05-28T15:56:50.831Z</time>
			</trkpt>
			<trkpt lat="45.12058" lon="2.85071">
				<ele>1045.42</ele>
				<time>2026-05-28T15:56:53.237Z</time>
			</trkpt>
			<trkpt lat="45.12037" lon="2.85083">
				<ele>1042.84</ele>
				<time>2026-05-28T15:56:54.499Z</time>
			</trkpt>
			<trkpt lat="45.11993" lon="2.85119">
				<ele>1035.8</ele>
				<time>2026-05-28T15:56:57.327Z</time>
			</trkpt>
			<trkpt lat="45.11974" lon="2.85138">
				<ele>1031.72</ele>
				<time>2026-05-28T15:56:58.620Z</time>
			</trkpt>
			<trkpt lat="45.11939" lon="2.8518">
				<ele>1033.91</ele>
				<time>2026-05-28T15:57:01.172Z</time>
			</trkpt>
			<trkpt lat="45.11901" lon="2.85241">
				<ele>1029.67</ele>
				<time>2026-05-28T15:57:04.370Z</time>
			</trkpt>
			<trkpt lat="45.11881" lon="2.85283">
				<ele>1027.1</ele>
				<time>2026-05-28T15:57:06.365Z</time>
			</trkpt>
			<trkpt lat="45.11857" lon="2.8535">
				<ele>1028.48</ele>
				<time>2026-05-28T15:57:09.331Z</time>
			</trkpt>
			<trkpt lat="45.11806" lon="2.85561">
				<ele>1026.09</ele>
				<time>2026-05-28T15:57:18.220Z</time>
			</trkpt>
			<trkpt lat="45.11798" lon="2.8559">
				<ele>1024.51</ele>
				<time>2026-05-28T15:57:19.474Z</time>
			</trkpt>
			<trkpt lat="45.11776" lon="2.85641">
				<ele>1023.2</ele>
				<time>2026-05-28T15:57:21.894Z</time>
			</trkpt>
			<trkpt lat="45.11759" lon="2.8567">
				<ele>1022.05</ele>
				<time>2026-05-28T15:57:23.429Z</time>
			</trkpt>
			<trkpt lat="45.11732" lon="2.85709">
				<ele>1019.03</ele>
				<time>2026-05-28T15:57:25.666Z</time>
			</trkpt>
			<trkpt lat="45.11707" lon="2.85752">
				<ele>1015.88</ele>
				<time>2026-05-28T15:57:27.964Z</time>
			</trkpt>
			<trkpt lat="45.1169" lon="2.85789">
				<ele>1015.69</ele>
				<time>2026-05-28T15:57:29.798Z</time>
			</trkpt>
			<trkpt lat="45.1166" lon="2.85886">
				<ele>1011.03</ele>
				<time>2026-05-28T15:57:34.248Z</time>
			</trkpt>
			<trkpt lat="45.11638" lon="2.85963">
				<ele>1010.33</ele>
				<time>2026-05-28T15:57:37.793Z</time>
			</trkpt>
			<trkpt lat="45.11617" lon="2.86012">
				<ele>1010.11</ele>
				<time>2026-05-28T15:57:40.270Z</time>
			</trkpt>
			<trkpt lat="45.11576" lon="2.861">
				<ele>1006.7</ele>
				<time>2026-05-28T15:57:44.898Z</time>
			</trkpt>
			<trkpt lat="45.1156" lon="2.8614">
				<ele>1004.81</ele>
				<time>2026-05-28T15:57:46.947Z</time>
			</trkpt>
			<trkpt lat="45.11515" lon="2.86268">
				<ele>996.65</ele>
				<time>2026-05-28T15:57:53.450Z</time>
			</trkpt>
			<trkpt lat="45.11508" lon="2.86281">
				<ele>995.28</ele>
				<time>2026-05-28T15:57:54.207Z</time>
			</trkpt>
			<trkpt lat="45.11497" lon="2.86297">
				<ele>993.22</ele>
				<time>2026-05-28T15:57:55.246Z</time>
			</trkpt>
			<trkpt lat="45.11476" lon="2.86314">
				<ele>989.33</ele>
				<time>2026-05-28T15:57:56.850Z</time>
			</trkpt>
			<trkpt lat="45.11465" lon="2.86314">
				<ele>987.83</ele>
				<time>2026-05-28T15:57:57.584Z</time>
			</trkpt>
			<trkpt lat="45.11455" lon="2.86311">
				<ele>987.36</ele>
				<time>2026-05-28T15:57:58.268Z</time>
			</trkpt>
			<trkpt lat="45.11448" lon="2.86299">
				<ele>986.84</ele>
				<time>2026-05-28T15:57:59.006Z</time>
			</trkpt>
			<trkpt lat="45.11436" lon="2.86294">
				<ele>985.62</ele>
				<time>2026-05-28T15:57:59.850Z</time>
			</trkpt>
			<trkpt lat="45.11429" lon="2.86294">
				<ele>985.18</ele>
				<time>2026-05-28T15:58:00.324Z</time>
			</trkpt>
			<trkpt lat="45.11419" lon="2.86303">
				<ele>985.04</ele>
				<time>2026-05-28T15:58:01.129Z</time>
			</trkpt>
			<trkpt lat="45.114" lon="2.86301">
				<ele>984.12</ele>
				<time>2026-05-28T15:58:02.430Z</time>
			</trkpt>
			<trkpt lat="45.1139" lon="2.86297">
				<ele>983.47</ele>
				<time>2026-05-28T15:58:03.143Z</time>
			</trkpt>
			<trkpt lat="45.11386" lon="2.86291">
				<ele>983.28</ele>
				<time>2026-05-28T15:58:03.544Z</time>
			</trkpt>
			<trkpt lat="45.11379" lon="2.86299">
				<ele>984.47</ele>
				<time>2026-05-28T15:58:04.165Z</time>
			</trkpt>
			<trkpt lat="45.11375" lon="2.86303">
				<ele>984.89</ele>
				<time>2026-05-28T15:58:04.503Z</time>
			</trkpt>
			<trkpt lat="45.11364" lon="2.86289">
				<ele>986.15</ele>
				<time>2026-05-28T15:58:05.530Z</time>
			</trkpt>
			<trkpt lat="45.11349" lon="2.86264">
				<ele>989.34</ele>
				<time>2026-05-28T15:58:07.149Z</time>
			</trkpt>
			<trkpt lat="45.11364" lon="2.86289">
				<ele>986.15</ele>
				<time>2026-05-28T15:58:08.782Z</time>
			</trkpt>
			<trkpt lat="45.11375" lon="2.86303">
				<ele>984.89</ele>
				<time>2026-05-28T15:58:09.832Z</time>
			</trkpt>
			<trkpt lat="45.11379" lon="2.86299">
				<ele>984.47</ele>
				<time>2026-05-28T15:58:10.181Z</time>
			</trkpt>
			<trkpt lat="45.11386" lon="2.86291">
				<ele>983.28</ele>
				<time>2026-05-28T15:58:10.823Z</time>
			</trkpt>
			<trkpt lat="45.11413" lon="2.86325">
				<ele>984.15</ele>
				<time>2026-05-28T15:58:13.427Z</time>
			</trkpt>
			<trkpt lat="45.11414" lon="2.86334">
				<ele>983.88</ele>
				<time>2026-05-28T15:58:13.894Z</time>
			</trkpt>
			<trkpt lat="45.1142" lon="2.86348">
				<ele>983.51</ele>
				<time>2026-05-28T15:58:14.737Z</time>
			</trkpt>
			<trkpt lat="45.11425" lon="2.86353">
				<ele>983.36</ele>
				<time>2026-05-28T15:58:15.157Z</time>
			</trkpt>
			<trkpt lat="45.11437" lon="2.86356">
				<ele>983.28</ele>
				<time>2026-05-28T15:58:15.786Z</time>
			</trkpt>
			<trkpt lat="45.11445" lon="2.86363">
				<ele>983.18</ele>
				<time>2026-05-28T15:58:16.181Z</time>
			</trkpt>
			<trkpt lat="45.11455" lon="2.86375">
				<ele>984.9</ele>
				<time>2026-05-28T15:58:16.794Z</time>
			</trkpt>
			<trkpt lat="45.11472" lon="2.86421">
				<ele>986.95</ele>
				<time>2026-05-28T15:58:20.905Z</time>
			</trkpt>
			<trkpt lat="45.11477" lon="2.86457">
				<ele>987.92</ele>
				<time>2026-05-28T15:58:58.260Z</time>
			</trkpt>
			<trkpt lat="45.11476" lon="2.86486">
				<ele>987.89</ele>
				<time>2026-05-28T15:59:01.843Z</time>
			</trkpt>
			<trkpt lat="45.1147" lon="2.86514">
				<ele>987.17</ele>
				<time>2026-05-28T15:59:06.293Z</time>
			</trkpt>
			<trkpt lat="45.11454" lon="2.86559">
				<ele>981.84</ele>
				<time>2026-05-28T15:59:14.737Z</time>
			</trkpt>
			<trkpt lat="45.11414" lon="2.86628">
				<ele>973.8</ele>
				<time>2026-05-28T15:59:19.205Z</time>
			</trkpt>
			<trkpt lat="45.11392" lon="2.86651">
				<ele>970.36</ele>
				<time>2026-05-28T15:59:21.420Z</time>
			</trkpt>
			<trkpt lat="45.11384" lon="2.86654">
				<ele>969.35</ele>
				<time>2026-05-28T15:59:22.129Z</time>
			</trkpt>
			<trkpt lat="45.11362" lon="2.86651">
				<ele>968.04</ele>
				<time>2026-05-28T15:59:24.109Z</time>
			</trkpt>
			<trkpt lat="45.11319" lon="2.86677">
				<ele>967.28</ele>
				<time>2026-05-28T15:59:28.680Z</time>
			</trkpt>
			<trkpt lat="45.11304" lon="2.86683">
				<ele>965.57</ele>
				<time>2026-05-28T15:59:30.312Z</time>
			</trkpt>
			<trkpt lat="45.11284" lon="2.86684">
				<ele>966.41</ele>
				<time>2026-05-28T15:59:32.483Z</time>
			</trkpt>
			<trkpt lat="45.11266" lon="2.86689">
				<ele>964.95</ele>
				<time>2026-05-28T15:59:34.542Z</time>
			</trkpt>
			<trkpt lat="45.11225" lon="2.86689">
				<ele>960.25</ele>
				<time>2026-05-28T15:59:39.370Z</time>
			</trkpt>
			<trkpt lat="45.11209" lon="2.86685">
				<ele>958.14</ele>
				<time>2026-05-28T15:59:41.362Z</time>
			</trkpt>
			<trkpt lat="45.11195" lon="2.86679">
				<ele>957.27</ele>
				<time>2026-05-28T15:59:43.192Z</time>
			</trkpt>
			<trkpt lat="45.11185" lon="2.86671">
				<ele>956.68</ele>
				<time>2026-05-28T15:59:44.651Z</time>
			</trkpt>
			<trkpt lat="45.1112" lon="2.86596">
				<ele>954.31</ele>
				<time>2026-05-28T15:59:55.824Z</time>
			</trkpt>
			<trkpt lat="45.11092" lon="2.8655">
				<ele>956.18</ele>
				<time>2026-05-28T16:00:01.826Z</time>
			</trkpt>
			<trkpt lat="45.11086" lon="2.86549">
				<ele>953.76</ele>
				<time>2026-05-28T16:00:02.684Z</time>
			</trkpt>
			<trkpt lat="45.11086" lon="2.86553">
				<ele>952.26</ele>
				<time>2026-05-28T16:00:03.086Z</time>
			</trkpt>
			<trkpt lat="45.11088" lon="2.86558">
				<ele>951.59</ele>
				<time>2026-05-28T16:00:03.665Z</time>
			</trkpt>
			<trkpt lat="45.11108" lon="2.86593">
				<ele>950.51</ele>
				<time>2026-05-28T16:00:08.232Z</time>
			</trkpt>
			<trkpt lat="45.11129" lon="2.86644">
				<ele>946.18</ele>
				<time>2026-05-28T16:00:14.297Z</time>
			</trkpt>
			<trkpt lat="45.11178" lon="2.86721">
				<ele>942.35</ele>
				<time>2026-05-28T16:00:25.044Z</time>
			</trkpt>
			<trkpt lat="45.11191" lon="2.8676">
				<ele>940.58</ele>
				<time>2026-05-28T16:00:29.511Z</time>
			</trkpt>
			<trkpt lat="45.11191" lon="2.86769">
				<ele>940.51</ele>
				<time>2026-05-28T16:00:30.440Z</time>
			</trkpt>
			<trkpt lat="45.11195" lon="2.86807">
				<ele>941.09</ele>
				<time>2026-05-28T16:00:34.392Z</time>
			</trkpt>
			<trkpt lat="45.11202" lon="2.86824">
				<ele>941.92</ele>
				<time>2026-05-28T16:00:36.404Z</time>
			</trkpt>
			<trkpt lat="45.11214" lon="2.86849">
				<ele>944.23</ele>
				<time>2026-05-28T16:00:39.521Z</time>
			</trkpt>
			<trkpt lat="45.11201" lon="2.86877">
				<ele>942.69</ele>
				<time>2026-05-28T16:00:43.232Z</time>
			</trkpt>
			<trkpt lat="45.11192" lon="2.86872">
				<ele>941.09</ele>
				<time>2026-05-28T16:00:44.820Z</time>
			</trkpt>
			<trkpt lat="45.11188" lon="2.86875">
				<ele>940.57</ele>
				<time>2026-05-28T16:00:45.576Z</time>
			</trkpt>
			<trkpt lat="45.11172" lon="2.86901">
				<ele>938.76</ele>
				<time>2026-05-28T16:00:49.746Z</time>
			</trkpt>
			<trkpt lat="45.11156" lon="2.86907">
				<ele>936.11</ele>
				<time>2026-05-28T16:00:52.652Z</time>
			</trkpt>
			<trkpt lat="45.11145" lon="2.86929">
				<ele>933.8</ele>
				<time>2026-05-28T16:00:56.027Z</time>
			</trkpt>
			<trkpt lat="45.11139" lon="2.86937">
				<ele>932.16</ele>
				<time>2026-05-28T16:00:57.490Z</time>
			</trkpt>
			<trkpt lat="45.11131" lon="2.86958">
				<ele>930.4</ele>
				<time>2026-05-28T16:01:00.466Z</time>
			</trkpt>
			<trkpt lat="45.11126" lon="2.86994">
				<ele>929.48</ele>
				<time>2026-05-28T16:01:04.950Z</time>
			</trkpt>
			<trkpt lat="45.11124" lon="2.87004">
				<ele>928.86</ele>
				<time>2026-05-28T16:01:06.189Z</time>
			</trkpt>
			<trkpt lat="45.11118" lon="2.87015">
				<ele>927.15</ele>
				<time>2026-05-28T16:01:07.817Z</time>
			</trkpt>
			<trkpt lat="45.11101" lon="2.87037">
				<ele>924.64</ele>
				<time>2026-05-28T16:01:11.478Z</time>
			</trkpt>
			<trkpt lat="45.11095" lon="2.8704">
				<ele>923.96</ele>
				<time>2026-05-28T16:01:12.444Z</time>
			</trkpt>
			<trkpt lat="45.11087" lon="2.87051">
				<ele>922.81</ele>
				<time>2026-05-28T16:01:14.080Z</time>
			</trkpt>
			<trkpt lat="45.11074" lon="2.87065">
				<ele>919.66</ele>
				<time>2026-05-28T16:01:16.334Z</time>
			</trkpt>
			<trkpt lat="45.11045" lon="2.87085">
				<ele>913.91</ele>
				<time>2026-05-28T16:01:20.105Z</time>
			</trkpt>
			<trkpt lat="45.11023" lon="2.87113">
				<ele>911.9</ele>
				<time>2026-05-28T16:01:23.010Z</time>
			</trkpt>
			<trkpt lat="45.1101" lon="2.87135">
				<ele>912.25</ele>
				<time>2026-05-28T16:01:24.870Z</time>
			</trkpt>
			<trkpt lat="45.11" lon="2.87145">
				<ele>912.53</ele>
				<time>2026-05-28T16:01:25.960Z</time>
			</trkpt>
			<trkpt lat="45.10992" lon="2.87161">
				<ele>912.81</ele>
				<time>2026-05-28T16:01:27.184Z</time>
			</trkpt>
			<trkpt lat="45.10982" lon="2.87157">
				<ele>911.45</ele>
				<time>2026-05-28T16:01:28.111Z</time>
			</trkpt>
			<trkpt lat="45.10972" lon="2.87161">
				<ele>910.68</ele>
				<time>2026-05-28T16:01:29.055Z</time>
			</trkpt>
			<trkpt lat="45.10953" lon="2.87177">
				<ele>909.33</ele>
				<time>2026-05-28T16:01:31.161Z</time>
			</trkpt>
			<trkpt lat="45.10946" lon="2.87178">
				<ele>908.59</ele>
				<time>2026-05-28T16:01:31.871Z</time>
			</trkpt>
			<trkpt lat="45.10942" lon="2.87176">
				<ele>908.26</ele>
				<time>2026-05-28T16:01:32.311Z</time>
			</trkpt>
			<trkpt lat="45.10935" lon="2.87192">
				<ele>908.26</ele>
				<time>2026-05-28T16:01:33.750Z</time>
			</trkpt>
			<trkpt lat="45.10924" lon="2.87205">
				<ele>907.46</ele>
				<time>2026-05-28T16:01:35.428Z</time>
			</trkpt>
			<trkpt lat="45.10915" lon="2.87212">
				<ele>906.98</ele>
				<time>2026-05-28T16:01:36.725Z</time>
			</trkpt>
			<trkpt lat="45.10815" lon="2.87304">
				<ele>897.01</ele>
				<time>2026-05-28T16:02:03.971Z</time>
			</trkpt>
			<trkpt lat="45.10787" lon="2.87328">
				<ele>896.03</ele>
				<time>2026-05-28T16:02:10.201Z</time>
			</trkpt>
			<trkpt lat="45.10766" lon="2.8734">
				<ele>895.76</ele>
				<time>2026-05-28T16:02:12.918Z</time>
			</trkpt>
			<trkpt lat="45.10732" lon="2.87353">
				<ele>894.8</ele>
				<time>2026-05-28T16:02:16.349Z</time>
			</trkpt>
			<trkpt lat="45.10711" lon="2.87355">
				<ele>892.6</ele>
				<time>2026-05-28T16:02:18.350Z</time>
			</trkpt>
			<trkpt lat="45.10676" lon="2.87351">
				<ele>889.37</ele>
				<time>2026-05-28T16:02:21.653Z</time>
			</trkpt>
			<trkpt lat="45.10652" lon="2.87338">
				<ele>888.23</ele>
				<time>2026-05-28T16:02:24.042Z</time>
			</trkpt>
			<trkpt lat="45.10593" lon="2.87273">
				<ele>886.22</ele>
				<time>2026-05-28T16:02:30.861Z</time>
			</trkpt>
			<trkpt lat="45.10586" lon="2.87268">
				<ele>885.65</ele>
				<time>2026-05-28T16:02:31.566Z</time>
			</trkpt>
			<trkpt lat="45.10568" lon="2.87263">
				<ele>885.53</ele>
				<time>2026-05-28T16:02:33.206Z</time>
			</trkpt>
			<trkpt lat="45.10535" lon="2.8726">
				<ele>887.06</ele>
				<time>2026-05-28T16:02:36.137Z</time>
			</trkpt>
			<trkpt lat="45.10517" lon="2.87271">
				<ele>888.67</ele>
				<time>2026-05-28T16:02:37.859Z</time>
			</trkpt>
			<trkpt lat="45.10509" lon="2.87285">
				<ele>889.36</ele>
				<time>2026-05-28T16:02:38.969Z</time>
			</trkpt>
			<trkpt lat="45.10504" lon="2.87299">
				<ele>889.59</ele>
				<time>2026-05-28T16:02:39.933Z</time>
			</trkpt>
			<trkpt lat="45.10481" lon="2.87401">
				<ele>891.77</ele>
				<time>2026-05-28T16:02:46.412Z</time>
			</trkpt>
			<trkpt lat="45.10463" lon="2.87507">
				<ele>890.69</ele>
				<time>2026-05-28T16:02:52.851Z</time>
			</trkpt>
			<trkpt lat="45.10457" lon="2.87531">
				<ele>890.87</ele>
				<time>2026-05-28T16:02:54.333Z</time>
			</trkpt>
			<trkpt lat="45.10448" lon="2.87555">
				<ele>889.28</ele>
				<time>2026-05-28T16:02:55.906Z</time>
			</trkpt>
			<trkpt lat="45.10424" lon="2.87591">
				<ele>890.76</ele>
				<time>2026-05-28T16:02:58.750Z</time>
			</trkpt>
			<trkpt lat="45.1036" lon="2.87645">
				<ele>888.1</ele>
				<time>2026-05-28T16:03:04.722Z</time>
			</trkpt>
			<trkpt lat="45.10345" lon="2.87661">
				<ele>887.28</ele>
				<time>2026-05-28T16:03:06.209Z</time>
			</trkpt>
			<trkpt lat="45.10325" lon="2.8769">
				<ele>886.33</ele>
				<time>2026-05-28T16:03:08.462Z</time>
			</trkpt>
			<trkpt lat="45.10265" lon="2.87801">
				<ele>888.67</ele>
				<time>2026-05-28T16:03:16.118Z</time>
			</trkpt>
			<trkpt lat="45.09996" lon="2.88321">
				<ele>902.74</ele>
				<time>2026-05-28T16:03:49.886Z</time>
			</trkpt>
			<trkpt lat="45.09986" lon="2.88342">
				<ele>904.36</ele>
				<time>2026-05-28T16:03:51.186Z</time>
			</trkpt>
			<trkpt lat="45.09976" lon="2.88372">
				<ele>905.52</ele>
				<time>2026-05-28T16:03:52.888Z</time>
			</trkpt>
			<trkpt lat="45.09971" lon="2.88399">
				<ele>906.41</ele>
				<time>2026-05-28T16:03:54.320Z</time>
			</trkpt>
			<trkpt lat="45.09969" lon="2.88424">
				<ele>907.68</ele>
				<time>2026-05-28T16:03:55.610Z</time>
			</trkpt>
			<trkpt lat="45.09969" lon="2.88448">
				<ele>909.46</ele>
				<time>2026-05-28T16:03:56.842Z</time>
			</trkpt>
			<trkpt lat="45.09973" lon="2.88474">
				<ele>912.13</ele>
				<time>2026-05-28T16:03:58.207Z</time>
			</trkpt>
			<trkpt lat="45.09978" lon="2.88497">
				<ele>913.8</ele>
				<time>2026-05-28T16:03:59.442Z</time>
			</trkpt>
			<trkpt lat="45.09984" lon="2.88515">
				<ele>914.35</ele>
				<time>2026-05-28T16:04:00.464Z</time>
			</trkpt>
			<trkpt lat="45.09999" lon="2.88545">
				<ele>914.11</ele>
				<time>2026-05-28T16:04:02.354Z</time>
			</trkpt>
			<trkpt lat="45.10044" lon="2.88619">
				<ele>917.24</ele>
				<time>2026-05-28T16:04:07.386Z</time>
			</trkpt>
			<trkpt lat="45.10116" lon="2.88737">
				<ele>918.55</ele>
				<time>2026-05-28T16:04:15.479Z</time>
			</trkpt>
			<trkpt lat="45.1013" lon="2.88768">
				<ele>920.35</ele>
				<time>2026-05-28T16:04:17.402Z</time>
			</trkpt>
			<trkpt lat="45.1014" lon="2.88803">
				<ele>921.61</ele>
				<time>2026-05-28T16:04:19.383Z</time>
			</trkpt>
			<trkpt lat="45.10142" lon="2.8882">
				<ele>922.69</ele>
				<time>2026-05-28T16:04:20.289Z</time>
			</trkpt>
			<trkpt lat="45.10144" lon="2.88854">
				<ele>923.69</ele>
				<time>2026-05-28T16:04:22.088Z</time>
			</trkpt>
			<trkpt lat="45.10142" lon="2.88886">
				<ele>924.29</ele>
				<time>2026-05-28T16:04:23.788Z</time>
			</trkpt>
			<trkpt lat="45.10129" lon="2.88946">
				<ele>927.79</ele>
				<time>2026-05-28T16:04:27.128Z</time>
			</trkpt>
			<trkpt lat="45.10111" lon="2.89012">
				<ele>933.83</ele>
				<time>2026-05-28T16:04:30.925Z</time>
			</trkpt>
			<trkpt lat="45.10106" lon="2.89007">
				<ele>934.64</ele>
				<time>2026-05-28T16:04:31.393Z</time>
			</trkpt>
			<trkpt lat="45.10094" lon="2.88977">
				<ele>936.03</ele>
				<time>2026-05-28T16:04:33.259Z</time>
			</trkpt>
			<trkpt lat="45.10019" lon="2.8884">
				<ele>947.19</ele>
				<time>2026-05-28T16:04:42.796Z</time>
			</trkpt>
			<trkpt lat="45.09995" lon="2.88806">
				<ele>946.75</ele>
				<time>2026-05-28T16:04:45.491Z</time>
			</trkpt>
			<trkpt lat="45.09954" lon="2.88768">
				<ele>950.64</ele>
				<time>2026-05-28T16:04:49.424Z</time>
			</trkpt>
			<trkpt lat="45.09908" lon="2.88749">
				<ele>955.06</ele>
				<time>2026-05-28T16:04:53.310Z</time>
			</trkpt>
			<trkpt lat="45.09854" lon="2.88737">
				<ele>963.25</ele>
				<time>2026-05-28T16:04:57.759Z</time>
			</trkpt>
			<trkpt lat="45.09838" lon="2.88735">
				<ele>964.4</ele>
				<time>2026-05-28T16:04:59.069Z</time>
			</trkpt>
			<trkpt lat="45.09773" lon="2.8873">
				<ele>967.13</ele>
				<time>2026-05-28T16:05:04.396Z</time>
			</trkpt>
			<trkpt lat="45.09765" lon="2.88731">
				<ele>968</ele>
				<time>2026-05-28T16:05:05.054Z</time>
			</trkpt>
			<trkpt lat="45.09761" lon="2.88735">
				<ele>969.09</ele>
				<time>2026-05-28T16:05:05.456Z</time>
			</trkpt>
			<trkpt lat="45.09762" lon="2.88739">
				<ele>969.69</ele>
				<time>2026-05-28T16:05:05.702Z</time>
			</trkpt>
			<trkpt lat="45.09769" lon="2.88743">
				<ele>970.01</ele>
				<time>2026-05-28T16:05:06.322Z</time>
			</trkpt>
			<trkpt lat="45.09805" lon="2.88757">
				<ele>972.13</ele>
				<time>2026-05-28T16:05:09.391Z</time>
			</trkpt>
			<trkpt lat="45.09827" lon="2.88771">
				<ele>974.1</ele>
				<time>2026-05-28T16:05:11.377Z</time>
			</trkpt>
			<trkpt lat="45.09854" lon="2.88799">
				<ele>977.73</ele>
				<time>2026-05-28T16:05:14.139Z</time>
			</trkpt>
			<trkpt lat="45.09908" lon="2.88861">
				<ele>980.16</ele>
				<time>2026-05-28T16:05:19.891Z</time>
			</trkpt>
			<trkpt lat="45.09942" lon="2.88927">
				<ele>987.11</ele>
				<time>2026-05-28T16:05:24.681Z</time>
			</trkpt>
			<trkpt lat="45.09948" lon="2.88949">
				<ele>989.22</ele>
				<time>2026-05-28T16:05:26.067Z</time>
			</trkpt>
			<trkpt lat="45.09949" lon="2.88967">
				<ele>991.28</ele>
				<time>2026-05-28T16:05:27.128Z</time>
			</trkpt>
			<trkpt lat="45.09944" lon="2.88978">
				<ele>993.36</ele>
				<time>2026-05-28T16:05:27.898Z</time>
			</trkpt>
			<trkpt lat="45.0994" lon="2.88981">
				<ele>995.28</ele>
				<time>2026-05-28T16:05:28.275Z</time>
			</trkpt>
			<trkpt lat="45.09935" lon="2.88979">
				<ele>997.35</ele>
				<time>2026-05-28T16:05:28.708Z</time>
			</trkpt>
			<trkpt lat="45.09923" lon="2.88938">
				<ele>995.65</ele>
				<time>2026-05-28T16:05:31.322Z</time>
			</trkpt>
			<trkpt lat="45.09916" lon="2.8893">
				<ele>996.49</ele>
				<time>2026-05-28T16:05:32.074Z</time>
			</trkpt>
			<trkpt lat="45.09861" lon="2.88897">
				<ele>1003.15</ele>
				<time>2026-05-28T16:05:37.071Z</time>
			</trkpt>
			<trkpt lat="45.09802" lon="2.88874">
				<ele>1003.22</ele>
				<time>2026-05-28T16:05:42.205Z</time>
			</trkpt>
			<trkpt lat="45.0979" lon="2.88872">
				<ele>1002.5</ele>
				<time>2026-05-28T16:05:43.220Z</time>
			</trkpt>
			<trkpt lat="45.09785" lon="2.88879">
				<ele>1003.63</ele>
				<time>2026-05-28T16:05:43.811Z</time>
			</trkpt>
			<trkpt lat="45.09777" lon="2.88882">
				<ele>1003.81</ele>
				<time>2026-05-28T16:05:44.507Z</time>
			</trkpt>
			<trkpt lat="45.09768" lon="2.88898">
				<ele>1005.05</ele>
				<time>2026-05-28T16:05:45.722Z</time>
			</trkpt>
			<trkpt lat="45.09749" lon="2.8895">
				<ele>1012.7</ele>
				<time>2026-05-28T16:05:49.202Z</time>
			</trkpt>
			<trkpt lat="45.09736" lon="2.88972">
				<ele>1013.64</ele>
				<time>2026-05-28T16:05:50.910Z</time>
			</trkpt>
			<trkpt lat="45.09715" lon="2.88995">
				<ele>1012.74</ele>
				<time>2026-05-28T16:05:53.150Z</time>
			</trkpt>
			<trkpt lat="45.09697" lon="2.8901">
				<ele>1013.59</ele>
				<time>2026-05-28T16:05:54.914Z</time>
			</trkpt>
			<trkpt lat="45.09678" lon="2.89016">
				<ele>1015.62</ele>
				<time>2026-05-28T16:05:56.559Z</time>
			</trkpt>
			<trkpt lat="45.0966" lon="2.89011">
				<ele>1016.29</ele>
				<time>2026-05-28T16:05:58.110Z</time>
			</trkpt>
			<trkpt lat="45.09646" lon="2.88993">
				<ele>1015.52</ele>
				<time>2026-05-28T16:05:59.710Z</time>
			</trkpt>
			<trkpt lat="45.09628" lon="2.88924">
				<ele>1016.6</ele>
				<time>2026-05-28T16:06:04.109Z</time>
			</trkpt>
			<trkpt lat="45.0962" lon="2.88863">
				<ele>1021.98</ele>
				<time>2026-05-28T16:06:07.825Z</time>
			</trkpt>
			<trkpt lat="45.0962" lon="2.88833">
				<ele>1021.37</ele>
				<time>2026-05-28T16:06:09.623Z</time>
			</trkpt>
			<trkpt lat="45.09613" lon="2.88814">
				<ele>1023.5</ele>
				<time>2026-05-28T16:06:10.908Z</time>
			</trkpt>
			<trkpt lat="45.09599" lon="2.88788">
				<ele>1027.93</ele>
				<time>2026-05-28T16:06:12.870Z</time>
			</trkpt>
			<trkpt lat="45.09582" lon="2.88768">
				<ele>1034.34</ele>
				<time>2026-05-28T16:06:14.750Z</time>
			</trkpt>
			<trkpt lat="45.09557" lon="2.88746">
				<ele>1038.56</ele>
				<time>2026-05-28T16:06:17.254Z</time>
			</trkpt>
			<trkpt lat="45.09521" lon="2.88724">
				<ele>1040.08</ele>
				<time>2026-05-28T16:06:20.593Z</time>
			</trkpt>
			<trkpt lat="45.09484" lon="2.88707">
				<ele>1043.1</ele>
				<time>2026-05-28T16:06:23.908Z</time>
			</trkpt>
			<trkpt lat="45.09424" lon="2.88689">
				<ele>1048.24</ele>
				<time>2026-05-28T16:06:29.140Z</time>
			</trkpt>
			<trkpt lat="45.09329" lon="2.88676">
				<ele>1058.53</ele>
				<time>2026-05-28T16:06:37.291Z</time>
			</trkpt>
			<trkpt lat="45.09176" lon="2.88633">
				<ele>1064.67</ele>
				<time>2026-05-28T16:06:50.630Z</time>
			</trkpt>
			<trkpt lat="45.09162" lon="2.88631">
				<ele>1065.55</ele>
				<time>2026-05-28T16:06:51.834Z</time>
			</trkpt>
			<trkpt lat="45.09142" lon="2.88632">
				<ele>1067.6</ele>
				<time>2026-05-28T16:06:53.546Z</time>
			</trkpt>
			<trkpt lat="45.09115" lon="2.88638">
				<ele>1070.85</ele>
				<time>2026-05-28T16:06:55.885Z</time>
			</trkpt>
			<trkpt lat="45.09067" lon="2.88661">
				<ele>1074.97</ele>
				<time>2026-05-28T16:07:00.221Z</time>
			</trkpt>
			<trkpt lat="45.09017" lon="2.88687">
				<ele>1077.53</ele>
				<time>2026-05-28T16:07:04.779Z</time>
			</trkpt>
			<trkpt lat="45.08994" lon="2.88694">
				<ele>1079.67</ele>
				<time>2026-05-28T16:07:06.792Z</time>
			</trkpt>
			<trkpt lat="45.08976" lon="2.88699">
				<ele>1082.71</ele>
				<time>2026-05-28T16:07:08.361Z</time>
			</trkpt>
			<trkpt lat="45.08959" lon="2.88697">
				<ele>1084.64</ele>
				<time>2026-05-28T16:07:09.821Z</time>
			</trkpt>
			<trkpt lat="45.08933" lon="2.88686">
				<ele>1085.46</ele>
				<time>2026-05-28T16:07:12.142Z</time>
			</trkpt>
			<trkpt lat="45.08921" lon="2.88686">
				<ele>1086.9</ele>
				<time>2026-05-28T16:07:13.168Z</time>
			</trkpt>
			<trkpt lat="45.08793" lon="2.88714">
				<ele>1097.41</ele>
				<time>2026-05-28T16:07:24.237Z</time>
			</trkpt>
			<trkpt lat="45.08704" lon="2.88741">
				<ele>1101.6</ele>
				<time>2026-05-28T16:07:32.004Z</time>
			</trkpt>
			<trkpt lat="45.08687" lon="2.88752">
				<ele>1101.76</ele>
				<time>2026-05-28T16:07:33.597Z</time>
			</trkpt>
			<trkpt lat="45.08661" lon="2.88781">
				<ele>1100.97</ele>
				<time>2026-05-28T16:07:36.417Z</time>
			</trkpt>
			<trkpt lat="45.08649" lon="2.88804">
				<ele>1100.39</ele>
				<time>2026-05-28T16:07:38.137Z</time>
			</trkpt>
			<trkpt lat="45.08633" lon="2.88826">
				<ele>1099.86</ele>
				<time>2026-05-28T16:07:40.035Z</time>
			</trkpt>
			<trkpt lat="45.08616" lon="2.88844">
				<ele>1099.2</ele>
				<time>2026-05-28T16:07:41.841Z</time>
			</trkpt>
			<trkpt lat="45.08587" lon="2.88863">
				<ele>1099.85</ele>
				<time>2026-05-28T16:07:44.558Z</time>
			</trkpt>
			<trkpt lat="45.08552" lon="2.88882">
				<ele>1102.14</ele>
				<time>2026-05-28T16:07:47.743Z</time>
			</trkpt>
			<trkpt lat="45.0853" lon="2.88897">
				<ele>1104.97</ele>
				<time>2026-05-28T16:07:49.816Z</time>
			</trkpt>
			<trkpt lat="45.08519" lon="2.88912">
				<ele>1106.74</ele>
				<time>2026-05-28T16:07:51.111Z</time>
			</trkpt>
			<trkpt lat="45.08505" lon="2.88937">
				<ele>1108.52</ele>
				<time>2026-05-28T16:07:53.022Z</time>
			</trkpt>
			<trkpt lat="45.08492" lon="2.88954">
				<ele>1108.4</ele>
				<time>2026-05-28T16:07:54.521Z</time>
			</trkpt>
			<trkpt lat="45.0848" lon="2.88963">
				<ele>1108.1</ele>
				<time>2026-05-28T16:07:55.671Z</time>
			</trkpt>
			<trkpt lat="45.08461" lon="2.88971">
				<ele>1108.44</ele>
				<time>2026-05-28T16:07:57.349Z</time>
			</trkpt>
			<trkpt lat="45.08416" lon="2.88995">
				<ele>1110.36</ele>
				<time>2026-05-28T16:08:01.416Z</time>
			</trkpt>
			<trkpt lat="45.084" lon="2.88995">
				<ele>1111.6</ele>
				<time>2026-05-28T16:08:02.768Z</time>
			</trkpt>
			<trkpt lat="45.08383" lon="2.88989">
				<ele>1113.03</ele>
				<time>2026-05-28T16:08:04.247Z</time>
			</trkpt>
			<trkpt lat="45.08363" lon="2.8898">
				<ele>1113.48</ele>
				<time>2026-05-28T16:08:06.017Z</time>
			</trkpt>
			<trkpt lat="45.0831" lon="2.88935">
				<ele>1117.67</ele>
				<time>2026-05-28T16:08:11.223Z</time>
			</trkpt>
			<trkpt lat="45.08299" lon="2.88932">
				<ele>1117.63</ele>
				<time>2026-05-28T16:08:12.165Z</time>
			</trkpt>
			<trkpt lat="45.08271" lon="2.88937">
				<ele>1115.85</ele>
				<time>2026-05-28T16:08:14.537Z</time>
			</trkpt>
			<trkpt lat="45.0825" lon="2.88935">
				<ele>1114.06</ele>
				<time>2026-05-28T16:08:16.304Z</time>
			</trkpt>
			<trkpt lat="45.08237" lon="2.88927">
				<ele>1113.05</ele>
				<time>2026-05-28T16:08:17.493Z</time>
			</trkpt>
			<trkpt lat="45.08231" lon="2.8892">
				<ele>1112.96</ele>
				<time>2026-05-28T16:08:18.145Z</time>
			</trkpt>
			<trkpt lat="45.08228" lon="2.88909">
				<ele>1113.83</ele>
				<time>2026-05-28T16:08:18.843Z</time>
			</trkpt>
			<trkpt lat="45.08227" lon="2.88896">
				<ele>1115.53</ele>
				<time>2026-05-28T16:08:19.617Z</time>
			</trkpt>
			<trkpt lat="45.08233" lon="2.88852">
				<ele>1118.57</ele>
				<time>2026-05-28T16:08:22.266Z</time>
			</trkpt>
			<trkpt lat="45.08232" lon="2.88844">
				<ele>1118.46</ele>
				<time>2026-05-28T16:08:22.746Z</time>
			</trkpt>
			<trkpt lat="45.08228" lon="2.88835">
				<ele>1117.95</ele>
				<time>2026-05-28T16:08:23.374Z</time>
			</trkpt>
			<trkpt lat="45.08218" lon="2.88822">
				<ele>1116.67</ele>
				<time>2026-05-28T16:08:24.508Z</time>
			</trkpt>
			<trkpt lat="45.08199" lon="2.88808">
				<ele>1115.3</ele>
				<time>2026-05-28T16:08:26.297Z</time>
			</trkpt>
			<trkpt lat="45.08183" lon="2.88799">
				<ele>1114.15</ele>
				<time>2026-05-28T16:08:27.733Z</time>
			</trkpt>
			<trkpt lat="45.08143" lon="2.88773">
				<ele>1113.12</ele>
				<time>2026-05-28T16:08:31.399Z</time>
			</trkpt>
			<trkpt lat="45.08076" lon="2.88705">
				<ele>1112.1</ele>
				<time>2026-05-28T16:08:38.243Z</time>
			</trkpt>
			<trkpt lat="45.08054" lon="2.887">
				<ele>1110.82</ele>
				<time>2026-05-28T16:08:40.088Z</time>
			</trkpt>
			<trkpt lat="45.0804" lon="2.88702">
				<ele>1111.1</ele>
				<time>2026-05-28T16:08:41.252Z</time>
			</trkpt>
			<trkpt lat="45.07929" lon="2.88725">
				<ele>1118.07</ele>
				<time>2026-05-28T16:08:50.495Z</time>
			</trkpt>
			<trkpt lat="45.07911" lon="2.88725">
				<ele>1118.86</ele>
				<time>2026-05-28T16:08:51.972Z</time>
			</trkpt>
			<trkpt lat="45.07897" lon="2.88715">
				<ele>1121.18</ele>
				<time>2026-05-28T16:08:53.257Z</time>
			</trkpt>
			<trkpt lat="45.07854" lon="2.88657">
				<ele>1131.76</ele>
				<time>2026-05-28T16:08:58.113Z</time>
			</trkpt>
			<trkpt lat="45.07841" lon="2.88647">
				<ele>1132.86</ele>
				<time>2026-05-28T16:08:59.320Z</time>
			</trkpt>
			<trkpt lat="45.07825" lon="2.88646">
				<ele>1133.29</ele>
				<time>2026-05-28T16:09:00.625Z</time>
			</trkpt>
			<trkpt lat="45.07776" lon="2.88662">
				<ele>1133.39</ele>
				<time>2026-05-28T16:09:04.693Z</time>
			</trkpt>
			<trkpt lat="45.07764" lon="2.88664">
				<ele>1135.34</ele>
				<time>2026-05-28T16:09:05.656Z</time>
			</trkpt>
			<trkpt lat="45.07749" lon="2.88662">
				<ele>1138.02</ele>
				<time>2026-05-28T16:09:06.848Z</time>
			</trkpt>
			<trkpt lat="45.07733" lon="2.88656">
				<ele>1140.31</ele>
				<time>2026-05-28T16:09:08.147Z</time>
			</trkpt>
			<trkpt lat="45.07717" lon="2.88643">
				<ele>1142.91</ele>
				<time>2026-05-28T16:09:09.581Z</time>
			</trkpt>
			<trkpt lat="45.07709" lon="2.8863">
				<ele>1145.38</ele>
				<time>2026-05-28T16:09:10.520Z</time>
			</trkpt>
			<trkpt lat="45.07706" lon="2.88614">
				<ele>1147.24</ele>
				<time>2026-05-28T16:09:11.416Z</time>
			</trkpt>
			<trkpt lat="45.07704" lon="2.88593">
				<ele>1149.54</ele>
				<time>2026-05-28T16:09:12.555Z</time>
			</trkpt>
			<trkpt lat="45.07706" lon="2.88561">
				<ele>1151.35</ele>
				<time>2026-05-28T16:09:14.265Z</time>
			</trkpt>
			<trkpt lat="45.07722" lon="2.8845">
				<ele>1155.77</ele>
				<time>2026-05-28T16:09:20.137Z</time>
			</trkpt>
			<trkpt lat="45.07725" lon="2.88411">
				<ele>1155.88</ele>
				<time>2026-05-28T16:09:22.115Z</time>
			</trkpt>
			<trkpt lat="45.07725" lon="2.88378">
				<ele>1156.26</ele>
				<time>2026-05-28T16:09:23.756Z</time>
			</trkpt>
			<trkpt lat="45.0772" lon="2.88347">
				<ele>1158.14</ele>
				<time>2026-05-28T16:09:25.320Z</time>
			</trkpt>
			<trkpt lat="45.07711" lon="2.88319">
				<ele>1160.43</ele>
				<time>2026-05-28T16:09:26.816Z</time>
			</trkpt>
			<trkpt lat="45.07699" lon="2.88292">
				<ele>1164.23</ele>
				<time>2026-05-28T16:09:28.351Z</time>
			</trkpt>
			<trkpt lat="45.07637" lon="2.88218">
				<ele>1173.36</ele>
				<time>2026-05-28T16:09:33.733Z</time>
			</trkpt>
			<trkpt lat="45.07628" lon="2.88199">
				<ele>1175.39</ele>
				<time>2026-05-28T16:09:34.780Z</time>
			</trkpt>
			<trkpt lat="45.07589" lon="2.88093">
				<ele>1180.91</ele>
				<time>2026-05-28T16:09:40.119Z</time>
			</trkpt>
			<trkpt lat="45.07584" lon="2.88062">
				<ele>1181.7</ele>
				<time>2026-05-28T16:09:41.504Z</time>
			</trkpt>
			<trkpt lat="45.07581" lon="2.87999">
				<ele>1185.08</ele>
				<time>2026-05-28T16:09:44.211Z</time>
			</trkpt>
			<trkpt lat="45.07579" lon="2.87989">
				<ele>1185.5</ele>
				<time>2026-05-28T16:09:44.651Z</time>
			</trkpt>
			<trkpt lat="45.07565" lon="2.8797">
				<ele>1186.63</ele>
				<time>2026-05-28T16:09:45.807Z</time>
			</trkpt>
			<trkpt lat="45.07555" lon="2.87964">
				<ele>1187.01</ele>
				<time>2026-05-28T16:09:46.451Z</time>
			</trkpt>
			<trkpt lat="45.07537" lon="2.87961">
				<ele>1187.4</ele>
				<time>2026-05-28T16:09:47.517Z</time>
			</trkpt>
			<trkpt lat="45.07511" lon="2.87961">
				<ele>1187.41</ele>
				<time>2026-05-28T16:09:49.032Z</time>
			</trkpt>
			<trkpt lat="45.07472" lon="2.87956">
				<ele>1188.8</ele>
				<time>2026-05-28T16:09:51.281Z</time>
			</trkpt>
			<trkpt lat="45.07461" lon="2.87946">
				<ele>1189.33</ele>
				<time>2026-05-28T16:09:52.024Z</time>
			</trkpt>
			<trkpt lat="45.07432" lon="2.87914">
				<ele>1191.27</ele>
				<time>2026-05-28T16:09:54.090Z</time>
			</trkpt>
			<trkpt lat="45.0741" lon="2.87885">
				<ele>1192.9</ele>
				<time>2026-05-28T16:09:55.756Z</time>
			</trkpt>
			<trkpt lat="45.07397" lon="2.87863">
				<ele>1194.75</ele>
				<time>2026-05-28T16:09:56.867Z</time>
			</trkpt>
			<trkpt lat="45.07387" lon="2.8784">
				<ele>1196.88</ele>
				<time>2026-05-28T16:09:57.906Z</time>
			</trkpt>
			<trkpt lat="45.07376" lon="2.87811">
				<ele>1198.25</ele>
				<time>2026-05-28T16:09:59.161Z</time>
			</trkpt>
			<trkpt lat="45.07363" lon="2.87785">
				<ele>1199.13</ele>
				<time>2026-05-28T16:10:00.365Z</time>
			</trkpt>
			<trkpt lat="45.07344" lon="2.87762">
				<ele>1199.64</ele>
				<time>2026-05-28T16:10:01.690Z</time>
			</trkpt>
			<trkpt lat="45.07277" lon="2.87696">
				<ele>1207.07</ele>
				<time>2026-05-28T16:10:05.936Z</time>
			</trkpt>
			<trkpt lat="45.07265" lon="2.87678">
				<ele>1208.13</ele>
				<time>2026-05-28T16:10:06.830Z</time>
			</trkpt>
			<trkpt lat="45.07243" lon="2.87638">
				<ele>1210.73</ele>
				<time>2026-05-28T16:10:08.645Z</time>
			</trkpt>
			<trkpt lat="45.0716" lon="2.87558">
				<ele>1219.01</ele>
				<time>2026-05-28T16:10:13.629Z</time>
			</trkpt>
			<trkpt lat="45.07141" lon="2.87547">
				<ele>1221.37</ele>
				<time>2026-05-28T16:10:14.630Z</time>
			</trkpt>
			<trkpt lat="45.07114" lon="2.87538">
				<ele>1222.81</ele>
				<time>2026-05-28T16:10:15.974Z</time>
			</trkpt>
			<trkpt lat="45.07095" lon="2.87527">
				<ele>1223.56</ele>
				<time>2026-05-28T16:10:16.963Z</time>
			</trkpt>
			<trkpt lat="45.07043" lon="2.87469">
				<ele>1226.44</ele>
				<time>2026-05-28T16:10:20.120Z</time>
			</trkpt>
			<trkpt lat="45.06979" lon="2.8738">
				<ele>1232.82</ele>
				<time>2026-05-28T16:10:24.330Z</time>
			</trkpt>
			<trkpt lat="45.06936" lon="2.87316">
				<ele>1231.61</ele>
				<time>2026-05-28T16:10:27.220Z</time>
			</trkpt>
			<trkpt lat="45.0689" lon="2.87268">
				<ele>1232.38</ele>
				<time>2026-05-28T16:10:29.847Z</time>
			</trkpt>
			<trkpt lat="45.0688" lon="2.87254">
				<ele>1232.5</ele>
				<time>2026-05-28T16:10:30.491Z</time>
			</trkpt>
			<trkpt lat="45.06866" lon="2.87219">
				<ele>1234.28</ele>
				<time>2026-05-28T16:10:31.789Z</time>
			</trkpt>
			<trkpt lat="45.06863" lon="2.87193">
				<ele>1235.08</ele>
				<time>2026-05-28T16:10:32.638Z</time>
			</trkpt>
			<trkpt lat="45.06863" lon="2.8717">
				<ele>1235.08</ele>
				<time>2026-05-28T16:10:33.378Z</time>
			</trkpt>
			<trkpt lat="45.06853" lon="2.87102">
				<ele>1237.69</ele>
				<time>2026-05-28T16:10:35.610Z</time>
			</trkpt>
			<trkpt lat="45.06848" lon="2.87082">
				<ele>1239.52</ele>
				<time>2026-05-28T16:10:36.291Z</time>
			</trkpt>
			<trkpt lat="45.0684" lon="2.87062">
				<ele>1240.68</ele>
				<time>2026-05-28T16:10:37.028Z</time>
			</trkpt>
			<trkpt lat="45.06676" lon="2.86903">
				<ele>1237.46</ele>
				<time>2026-05-28T16:10:46.081Z</time>
			</trkpt>
			<trkpt lat="45.06659" lon="2.86879">
				<ele>1239.08</ele>
				<time>2026-05-28T16:10:47.183Z</time>
			</trkpt>
			<trkpt lat="45.06645" lon="2.86848">
				<ele>1239.59</ele>
				<time>2026-05-28T16:10:48.379Z</time>
			</trkpt>
			<trkpt lat="45.06633" lon="2.8682">
				<ele>1240.56</ele>
				<time>2026-05-28T16:10:49.447Z</time>
			</trkpt>
			<trkpt lat="45.06626" lon="2.86791">
				<ele>1241.42</ele>
				<time>2026-05-28T16:10:50.449Z</time>
			</trkpt>
			<trkpt lat="45.06603" lon="2.86675">
				<ele>1245.59</ele>
				<time>2026-05-28T16:10:54.425Z</time>
			</trkpt>
			<trkpt lat="45.06596" lon="2.86619">
				<ele>1245.24</ele>
				<time>2026-05-28T16:10:56.324Z</time>
			</trkpt>
			<trkpt lat="45.06589" lon="2.86597">
				<ele>1244.63</ele>
				<time>2026-05-28T16:10:57.135Z</time>
			</trkpt>
			<trkpt lat="45.06572" lon="2.86535">
				<ele>1244.76</ele>
				<time>2026-05-28T16:10:59.385Z</time>
			</trkpt>
			<trkpt lat="45.06563" lon="2.86517">
				<ele>1243.91</ele>
				<time>2026-05-28T16:11:00.137Z</time>
			</trkpt>
			<trkpt lat="45.06552" lon="2.86505">
				<ele>1242.51</ele>
				<time>2026-05-28T16:11:00.810Z</time>
			</trkpt>
			<trkpt lat="45.06539" lon="2.865">
				<ele>1241.27</ele>
				<time>2026-05-28T16:11:01.466Z</time>
			</trkpt>
			<trkpt lat="45.06521" lon="2.86494">
				<ele>1239.96</ele>
				<time>2026-05-28T16:11:02.369Z</time>
			</trkpt>
			<trkpt lat="45.06506" lon="2.86493">
				<ele>1238.95</ele>
				<time>2026-05-28T16:11:03.106Z</time>
			</trkpt>
			<trkpt lat="45.06487" lon="2.86497">
				<ele>1238.09</ele>
				<time>2026-05-28T16:11:04.053Z</time>
			</trkpt>
			<trkpt lat="45.06473" lon="2.86497">
				<ele>1238</ele>
				<time>2026-05-28T16:11:04.747Z</time>
			</trkpt>
			<trkpt lat="45.06458" lon="2.86487">
				<ele>1236.75</ele>
				<time>2026-05-28T16:11:05.572Z</time>
			</trkpt>
			<trkpt lat="45.06434" lon="2.86447">
				<ele>1236.15</ele>
				<time>2026-05-28T16:11:07.432Z</time>
			</trkpt>
			<trkpt lat="45.0642" lon="2.86428">
				<ele>1236.48</ele>
				<time>2026-05-28T16:11:08.414Z</time>
			</trkpt>
			<trkpt lat="45.06386" lon="2.86399">
				<ele>1236.08</ele>
				<time>2026-05-28T16:11:10.444Z</time>
			</trkpt>
			<trkpt lat="45.06348" lon="2.8636">
				<ele>1235.74</ele>
				<time>2026-05-28T16:11:12.880Z</time>
			</trkpt>
			<trkpt lat="45.06323" lon="2.86317">
				<ele>1235.2</ele>
				<time>2026-05-28T16:11:14.954Z</time>
			</trkpt>
			<trkpt lat="45.06316" lon="2.86293">
				<ele>1234.54</ele>
				<time>2026-05-28T16:11:15.931Z</time>
			</trkpt>
			<trkpt lat="45.06312" lon="2.86269">
				<ele>1233.99</ele>
				<time>2026-05-28T16:11:16.865Z</time>
			</trkpt>
			<trkpt lat="45.06298" lon="2.86206">
				<ele>1233.15</ele>
				<time>2026-05-28T16:11:19.399Z</time>
			</trkpt>
			<trkpt lat="45.06293" lon="2.86194">
				<ele>1233.18</ele>
				<time>2026-05-28T16:11:19.940Z</time>
			</trkpt>
			<trkpt lat="45.06287" lon="2.86188">
				<ele>1232.91</ele>
				<time>2026-05-28T16:11:20.345Z</time>
			</trkpt>
			<trkpt lat="45.06277" lon="2.86184">
				<ele>1232.02</ele>
				<time>2026-05-28T16:11:20.920Z</time>
			</trkpt>
			<trkpt lat="45.06271" lon="2.86186">
				<ele>1231.71</ele>
				<time>2026-05-28T16:11:21.262Z</time>
			</trkpt>
			<trkpt lat="45.06243" lon="2.86211">
				<ele>1229.58</ele>
				<time>2026-05-28T16:11:23.115Z</time>
			</trkpt>
			<trkpt lat="45.06229" lon="2.86218">
				<ele>1229.32</ele>
				<time>2026-05-28T16:11:23.954Z</time>
			</trkpt>
			<trkpt lat="45.06202" lon="2.86222">
				<ele>1229.66</ele>
				<time>2026-05-28T16:11:25.502Z</time>
			</trkpt>
			<trkpt lat="45.06191" lon="2.86233">
				<ele>1229.62</ele>
				<time>2026-05-28T16:11:26.277Z</time>
			</trkpt>
			<trkpt lat="45.06182" lon="2.86252">
				<ele>1229.94</ele>
				<time>2026-05-28T16:11:27.213Z</time>
			</trkpt>
			<trkpt lat="45.06143" lon="2.86367">
				<ele>1233.04</ele>
				<time>2026-05-28T16:11:32.557Z</time>
			</trkpt>
			<trkpt lat="45.06114" lon="2.86438">
				<ele>1235.68</ele>
				<time>2026-05-28T16:11:36.111Z</time>
			</trkpt>
			<trkpt lat="45.06093" lon="2.86481">
				<ele>1235.99</ele>
				<time>2026-05-28T16:11:38.428Z</time>
			</trkpt>
			<trkpt lat="45.06073" lon="2.86517">
				<ele>1238.3</ele>
				<time>2026-05-28T16:11:40.492Z</time>
			</trkpt>
			<trkpt lat="45.06029" lon="2.86581">
				<ele>1239.93</ele>
				<time>2026-05-28T16:11:44.610Z</time>
			</trkpt>
			<trkpt lat="45.06019" lon="2.86606">
				<ele>1239.18</ele>
				<time>2026-05-28T16:11:45.963Z</time>
			</trkpt>
			<trkpt lat="45.06014" lon="2.86632">
				<ele>1238.22</ele>
				<time>2026-05-28T16:11:47.244Z</time>
			</trkpt>
			<trkpt lat="45.06015" lon="2.86668">
				<ele>1235.72</ele>
				<time>2026-05-28T16:11:48.975Z</time>
			</trkpt>
			<trkpt lat="45.06019" lon="2.86694">
				<ele>1234.12</ele>
				<time>2026-05-28T16:11:50.269Z</time>
			</trkpt>
			<trkpt lat="45.06029" lon="2.86726">
				<ele>1232.82</ele>
				<time>2026-05-28T16:11:51.988Z</time>
			</trkpt>
			<trkpt lat="45.06063" lon="2.86799">
				<ele>1227.68</ele>
				<time>2026-05-28T16:11:56.381Z</time>
			</trkpt>
			<trkpt lat="45.06069" lon="2.86818">
				<ele>1227.47</ele>
				<time>2026-05-28T16:11:57.447Z</time>
			</trkpt>
			<trkpt lat="45.06069" lon="2.86834">
				<ele>1227.98</ele>
				<time>2026-05-28T16:11:58.273Z</time>
			</trkpt>
			<trkpt lat="45.06063" lon="2.86854">
				<ele>1228.63</ele>
				<time>2026-05-28T16:11:59.401Z</time>
			</trkpt>
			<trkpt lat="45.06052" lon="2.8687">
				<ele>1228.81</ele>
				<time>2026-05-28T16:12:00.570Z</time>
			</trkpt>
			<trkpt lat="45.06036" lon="2.86879">
				<ele>1227.41</ele>
				<time>2026-05-28T16:12:01.857Z</time>
			</trkpt>
			<trkpt lat="45.0602" lon="2.86875">
				<ele>1226.69</ele>
				<time>2026-05-28T16:12:03.082Z</time>
			</trkpt>
			<trkpt lat="45.05977" lon="2.86852">
				<ele>1226.42</ele>
				<time>2026-05-28T16:12:06.605Z</time>
			</trkpt>
			<trkpt lat="45.05952" lon="2.86846">
				<ele>1226.76</ele>
				<time>2026-05-28T16:12:08.585Z</time>
			</trkpt>
			<trkpt lat="45.05899" lon="2.86841">
				<ele>1227</ele>
				<time>2026-05-28T16:12:12.820Z</time>
			</trkpt>
			<trkpt lat="45.05878" lon="2.86843">
				<ele>1227.99</ele>
				<time>2026-05-28T16:12:14.531Z</time>
			</trkpt>
			<trkpt lat="45.05869" lon="2.86851">
				<ele>1228.06</ele>
				<time>2026-05-28T16:12:15.403Z</time>
			</trkpt>
			<trkpt lat="45.05859" lon="2.86869">
				<ele>1227.85</ele>
				<time>2026-05-28T16:12:16.738Z</time>
			</trkpt>
			<trkpt lat="45.05855" lon="2.86896">
				<ele>1227.86</ele>
				<time>2026-05-28T16:12:18.362Z</time>
			</trkpt>
			<trkpt lat="45.05853" lon="2.87095">
				<ele>1225.52</ele>
				<time>2026-05-28T16:12:30.592Z</time>
			</trkpt>
			<trkpt lat="45.05856" lon="2.87286">
				<ele>1225.82</ele>
				<time>2026-05-28T16:12:43.224Z</time>
			</trkpt>
			<trkpt lat="45.05854" lon="2.87351">
				<ele>1225.74</ele>
				<time>2026-05-28T16:12:47.738Z</time>
			</trkpt>
			<trkpt lat="45.05845" lon="2.8738">
				<ele>1227.67</ele>
				<time>2026-05-28T16:12:49.975Z</time>
			</trkpt>
			<trkpt lat="45.05623" lon="2.8773">
				<ele>1229.03</ele>
				<time>2026-05-28T16:13:26.500Z</time>
			</trkpt>
			<trkpt lat="45.05607" lon="2.87749">
				<ele>1228.01</ele>
				<time>2026-05-28T16:13:29.014Z</time>
			</trkpt>
			<trkpt lat="45.05584" lon="2.87769">
				<ele>1226.62</ele>
				<time>2026-05-28T16:13:32.304Z</time>
			</trkpt>
			<trkpt lat="45.05572" lon="2.87785">
				<ele>1225.71</ele>
				<time>2026-05-28T16:13:34.335Z</time>
			</trkpt>
			<trkpt lat="45.05556" lon="2.87818">
				<ele>1224.53</ele>
				<time>2026-05-28T16:13:37.860Z</time>
			</trkpt>
			<trkpt lat="45.05516" lon="2.87917">
				<ele>1222.41</ele>
				<time>2026-05-28T16:13:48.187Z</time>
			</trkpt>
			<trkpt lat="45.05511" lon="2.87936">
				<ele>1223</ele>
				<time>2026-05-28T16:13:50.068Z</time>
			</trkpt>
			<trkpt lat="45.05495" lon="2.88077">
				<ele>1220.5</ele>
				<time>2026-05-28T16:14:03.707Z</time>
			</trkpt>
			<trkpt lat="45.05468" lon="2.88173">
				<ele>1220.26</ele>
				<time>2026-05-28T16:14:14.013Z</time>
			</trkpt>
			<trkpt lat="45.05425" lon="2.88284">
				<ele>1217.15</ele>
				<time>2026-05-28T16:14:27.158Z</time>
			</trkpt>
			<trkpt lat="45.05417" lon="2.883">
				<ele>1215.65</ele>
				<time>2026-05-28T16:14:29.246Z</time>
			</trkpt>
			<trkpt lat="45.05391" lon="2.88337">
				<ele>1213.63</ele>
				<time>2026-05-28T16:14:34.873Z</time>
			</trkpt>
			<trkpt lat="45.05385" lon="2.88351">
				<ele>1212.62</ele>
				<time>2026-05-28T16:14:36.659Z</time>
			</trkpt>
			<trkpt lat="45.05383" lon="2.88378">
				<ele>1210.9</ele>
				<time>2026-05-28T16:14:39.643Z</time>
			</trkpt>
			<trkpt lat="45.05379" lon="2.88385">
				<ele>1210.13</ele>
				<time>2026-05-28T16:14:40.639Z</time>
			</trkpt>
			<trkpt lat="45.05363" lon="2.88434">
				<ele>1204.81</ele>
				<time>2026-05-28T16:14:46.673Z</time>
			</trkpt>
			<trkpt lat="45.05374" lon="2.88464">
				<ele>1204.07</ele>
				<time>2026-05-28T16:14:50.508Z</time>
			</trkpt>
			<trkpt lat="45.05346" lon="2.88482">
				<ele>1202.59</ele>
				<time>2026-05-28T16:14:55.513Z</time>
			</trkpt>
			<trkpt lat="45.05295" lon="2.88527">
				<ele>1196.62</ele>
				<time>2026-05-28T16:15:05.506Z</time>
			</trkpt>
			<trkpt lat="45.05176" lon="2.88623">
				<ele>1192.35</ele>
				<time>2026-05-28T16:15:41.563Z</time>
			</trkpt>
			<trkpt lat="45.05168" lon="2.88627">
				<ele>1192.06</ele>
				<time>2026-05-28T16:15:44.742Z</time>
			</trkpt>
			<trkpt lat="45.05165" lon="2.88634">
				<ele>1191.9</ele>
				<time>2026-05-28T16:15:45.881Z</time>
			</trkpt>
			<trkpt lat="45.05169" lon="2.8866">
				<ele>1191.35</ele>
				<time>2026-05-28T16:15:48.547Z</time>
			</trkpt>
			<trkpt lat="45.05168" lon="2.8871">
				<ele>1190.5</ele>
				<time>2026-05-28T16:15:53.968Z</time>
			</trkpt>
			<trkpt lat="45.05164" lon="2.88732">
				<ele>1189.11</ele>
				<time>2026-05-28T16:15:56.430Z</time>
			</trkpt>
			<trkpt lat="45.05163" lon="2.88746">
				<ele>1187.99</ele>
				<time>2026-05-28T16:15:57.956Z</time>
			</trkpt>
			<trkpt lat="45.05148" lon="2.88759">
				<ele>1186.01</ele>
				<time>2026-05-28T16:16:00.654Z</time>
			</trkpt>
			<trkpt lat="45.05137" lon="2.88763">
				<ele>1184.86</ele>
				<time>2026-05-28T16:16:02.397Z</time>
			</trkpt>
			<trkpt lat="45.05118" lon="2.88758">
				<ele>1183.4</ele>
				<time>2026-05-28T16:16:05.363Z</time>
			</trkpt>
			<trkpt lat="45.05112" lon="2.88758">
				<ele>1182.83</ele>
				<time>2026-05-28T16:16:06.284Z</time>
			</trkpt>
			<trkpt lat="45.0509" lon="2.88767">
				<ele>1182.35</ele>
				<time>2026-05-28T16:16:09.798Z</time>
			</trkpt>
			<trkpt lat="45.05078" lon="2.88777">
				<ele>1182.18</ele>
				<time>2026-05-28T16:16:11.935Z</time>
			</trkpt>
			<trkpt lat="45.05069" lon="2.88793">
				<ele>1182.51</ele>
				<time>2026-05-28T16:16:14.152Z</time>
			</trkpt>
			<trkpt lat="45.05043" lon="2.88876">
				<ele>1183.56</ele>
				<time>2026-05-28T16:16:23.996Z</time>
			</trkpt>
			<trkpt lat="45.0503" lon="2.88908">
				<ele>1185.63</ele>
				<time>2026-05-28T16:16:28.038Z</time>
			</trkpt>
			<trkpt lat="45.04891" lon="2.8916">
				<ele>1187.81</ele>
				<time>2026-05-28T16:16:57.490Z</time>
			</trkpt>
			<trkpt lat="45.04741" lon="2.89352">
				<ele>1178.69</ele>
				<time>2026-05-28T16:17:18.277Z</time>
			</trkpt>
			<trkpt lat="45.04725" lon="2.89362">
				<ele>1178.16</ele>
				<time>2026-05-28T16:17:20.053Z</time>
			</trkpt>
			<trkpt lat="45.04713" lon="2.89365">
				<ele>1177.78</ele>
				<time>2026-05-28T16:17:21.299Z</time>
			</trkpt>
			<trkpt lat="45.04697" lon="2.89363">
				<ele>1177.12</ele>
				<time>2026-05-28T16:17:22.954Z</time>
			</trkpt>
			<trkpt lat="45.04683" lon="2.8934">
				<ele>1175.59</ele>
				<time>2026-05-28T16:17:25.190Z</time>
			</trkpt>
			<trkpt lat="45.04679" lon="2.89316">
				<ele>1176.04</ele>
				<time>2026-05-28T16:17:27.034Z</time>
			</trkpt>
			<trkpt lat="45.04673" lon="2.89294">
				<ele>1176.65</ele>
				<time>2026-05-28T16:17:28.824Z</time>
			</trkpt>
			<trkpt lat="45.0467" lon="2.8927">
				<ele>1177.4</ele>
				<time>2026-05-28T16:17:30.705Z</time>
			</trkpt>
			<trkpt lat="45.0465" lon="2.89204">
				<ele>1176.67</ele>
				<time>2026-05-28T16:17:36.466Z</time>
			</trkpt>
			<trkpt lat="45.0464" lon="2.891">
				<ele>1180.27</ele>
				<time>2026-05-28T16:17:45.629Z</time>
			</trkpt>
			<trkpt lat="45.04638" lon="2.89085">
				<ele>1181.63</ele>
				<time>2026-05-28T16:17:47.050Z</time>
			</trkpt>
			<trkpt lat="45.04631" lon="2.8906">
				<ele>1182.48</ele>
				<time>2026-05-28T16:17:49.615Z</time>
			</trkpt>
			<trkpt lat="45.04622" lon="2.89043">
				<ele>1182.8</ele>
				<time>2026-05-28T16:17:51.700Z</time>
			</trkpt>
			<trkpt lat="45.0459" lon="2.88991">
				<ele>1184.83</ele>
				<time>2026-05-28T16:17:58.853Z</time>
			</trkpt>
			<trkpt lat="45.04582" lon="2.88974">
				<ele>1185.75</ele>
				<time>2026-05-28T16:18:01.093Z</time>
			</trkpt>
			<trkpt lat="45.04578" lon="2.88961">
				<ele>1187.36</ele>
				<time>2026-05-28T16:18:02.681Z</time>
			</trkpt>
			<trkpt lat="45.04573" lon="2.88918">
				<ele>1192.45</ele>
				<time>2026-05-28T16:18:07.733Z</time>
			</trkpt>
			<trkpt lat="45.04562" lon="2.88875">
				<ele>1194.35</ele>
				<time>2026-05-28T16:18:13.316Z</time>
			</trkpt>
			<trkpt lat="45.04521" lon="2.8877">
				<ele>1197.12</ele>
				<time>2026-05-28T16:18:29.357Z</time>
			</trkpt>
			<trkpt lat="45.04562" lon="2.88875">
				<ele>1194.35</ele>
				<time>2026-05-28T16:18:47.472Z</time>
			</trkpt>
			<trkpt lat="45.04573" lon="2.88918">
				<ele>1192.45</ele>
				<time>2026-05-28T16:18:54.937Z</time>
			</trkpt>
			<trkpt lat="45.04578" lon="2.88961">
				<ele>1187.36</ele>
				<time>2026-05-28T16:19:02.343Z</time>
			</trkpt>
			<trkpt lat="45.04582" lon="2.88974">
				<ele>1185.75</ele>
				<time>2026-05-28T16:19:04.815Z</time>
			</trkpt>
			<trkpt lat="45.0459" lon="2.88991">
				<ele>1184.83</ele>
				<time>2026-05-28T16:19:08.429Z</time>
			</trkpt>
			<trkpt lat="45.04622" lon="2.89043">
				<ele>1182.8</ele>
				<time>2026-05-28T16:19:23.045Z</time>
			</trkpt>
			<trkpt lat="45.04631" lon="2.8906">
				<ele>1182.48</ele>
				<time>2026-05-28T16:19:27.951Z</time>
			</trkpt>
			<trkpt lat="45.04638" lon="2.89085">
				<ele>1181.63</ele>
				<time>2026-05-28T16:19:33.763Z</time>
			</trkpt>
			<trkpt lat="45.0464" lon="2.891">
				<ele>1180.27</ele>
				<time>2026-05-28T16:19:36.720Z</time>
			</trkpt>
			<trkpt lat="45.0465" lon="2.89204">
				<ele>1176.67</ele>
				<time>2026-05-28T16:19:56.208Z</time>
			</trkpt>
			<trkpt lat="45.0467" lon="2.8927">
				<ele>1177.4</ele>
				<time>2026-05-28T16:20:08.957Z</time>
			</trkpt>
			<trkpt lat="45.04673" lon="2.89294">
				<ele>1176.65</ele>
				<time>2026-05-28T16:20:13.165Z</time>
			</trkpt>
			<trkpt lat="45.04669" lon="2.89314">
				<ele>1175.53</ele>
				<time>2026-05-28T16:20:16.704Z</time>
			</trkpt>
			<trkpt lat="45.04667" lon="2.89338">
				<ele>1173.78</ele>
				<time>2026-05-28T16:20:20.759Z</time>
			</trkpt>
			<trkpt lat="45.04645" lon="2.89364">
				<ele>1168.83</ele>
				<time>2026-05-28T16:20:27.416Z</time>
			</trkpt>
			<trkpt lat="45.04618" lon="2.89401">
				<ele>1163.26</ele>
				<time>2026-05-28T16:20:35.848Z</time>
			</trkpt>
			<trkpt lat="45.04602" lon="2.89417">
				<ele>1161.41</ele>
				<time>2026-05-28T16:20:40.104Z</time>
			</trkpt>
			<trkpt lat="45.04552" lon="2.89454">
				<ele>1158.57</ele>
				<time>2026-05-28T16:20:51.795Z</time>
			</trkpt>
			<trkpt lat="45.04533" lon="2.89472">
				<ele>1157.99</ele>
				<time>2026-05-28T16:20:56.281Z</time>
			</trkpt>
			<trkpt lat="45.04521" lon="2.89491">
				<ele>1157.76</ele>
				<time>2026-05-28T16:20:59.708Z</time>
			</trkpt>
			<trkpt lat="45.0451" lon="2.89514">
				<ele>1157.17</ele>
				<time>2026-05-28T16:21:03.333Z</time>
			</trkpt>
			<trkpt lat="45.04491" lon="2.89562">
				<ele>1156</ele>
				<time>2026-05-28T16:21:10.083Z</time>
			</trkpt>
			<trkpt lat="45.04487" lon="2.89581">
				<ele>1156</ele>
				<time>2026-05-28T16:21:12.169Z</time>
			</trkpt>
			<trkpt lat="45.04471" lon="2.8973">
				<ele>1159.32</ele>
				<time>2026-05-28T16:21:26.064Z</time>
			</trkpt>
			<trkpt lat="45.04446" lon="2.89763">
				<ele>1161.41</ele>
				<time>2026-05-28T16:21:30.217Z</time>
			</trkpt>
			<trkpt lat="45.04356" lon="2.8992">
				<ele>1169</ele>
				<time>2026-05-28T16:21:46.482Z</time>
			</trkpt>
			<trkpt lat="45.04342" lon="2.89932">
				<ele>1169</ele>
				<time>2026-05-28T16:21:48.270Z</time>
			</trkpt>
			<trkpt lat="45.04334" lon="2.89979">
				<ele>1168.95</ele>
				<time>2026-05-28T16:21:51.974Z</time>
			</trkpt>
			<trkpt lat="45.04344" lon="2.90157">
				<ele>1167.39</ele>
				<time>2026-05-28T16:22:05.605Z</time>
			</trkpt>
			<trkpt lat="45.04293" lon="2.90325">
				<ele>1162</ele>
				<time>2026-05-28T16:22:20.106Z</time>
			</trkpt>
			<trkpt lat="45.04252" lon="2.90421">
				<ele>1159.85</ele>
				<time>2026-05-28T16:22:28.899Z</time>
			</trkpt>
			<trkpt lat="45.04216" lon="2.90494">
				<ele>1155.8</ele>
				<time>2026-05-28T16:22:35.730Z</time>
			</trkpt>
			<trkpt lat="45.04207" lon="2.90511">
				<ele>1155.27</ele>
				<time>2026-05-28T16:22:37.355Z</time>
			</trkpt>
			<trkpt lat="45.04194" lon="2.90518">
				<ele>1154.98</ele>
				<time>2026-05-28T16:22:38.862Z</time>
			</trkpt>
			<trkpt lat="45.04164" lon="2.90516">
				<ele>1153.92</ele>
				<time>2026-05-28T16:22:42.124Z</time>
			</trkpt>
			<trkpt lat="45.04144" lon="2.90506">
				<ele>1153.21</ele>
				<time>2026-05-28T16:22:44.441Z</time>
			</trkpt>
			<trkpt lat="45.04136" lon="2.90504">
				<ele>1152.9</ele>
				<time>2026-05-28T16:22:45.332Z</time>
			</trkpt>
			<trkpt lat="45.04143" lon="2.9056">
				<ele>1153</ele>
				<time>2026-05-28T16:22:49.782Z</time>
			</trkpt>
			<trkpt lat="45.04149" lon="2.90626">
				<ele>1151.09</ele>
				<time>2026-05-28T16:22:55.107Z</time>
			</trkpt>
			<trkpt lat="45.04149" lon="2.90668">
				<ele>1148.3</ele>
				<time>2026-05-28T16:22:58.554Z</time>
			</trkpt>
			<trkpt lat="45.04155" lon="2.90672">
				<ele>1148.28</ele>
				<time>2026-05-28T16:22:59.335Z</time>
			</trkpt>
			<trkpt lat="45.04227" lon="2.90745">
				<ele>1145.3</ele>
				<time>2026-05-28T16:23:10.215Z</time>
			</trkpt>
			<trkpt lat="45.04243" lon="2.90766">
				<ele>1143.78</ele>
				<time>2026-05-28T16:23:13.045Z</time>
			</trkpt>
			<trkpt lat="45.04276" lon="2.90821">
				<ele>1143.3</ele>
				<time>2026-05-28T16:23:20.090Z</time>
			</trkpt>
			<trkpt lat="45.04283" lon="2.9084">
				<ele>1143.36</ele>
				<time>2026-05-28T16:23:22.444Z</time>
			</trkpt>
			<trkpt lat="45.04287" lon="2.90857">
				<ele>1143.4</ele>
				<time>2026-05-28T16:23:24.472Z</time>
			</trkpt>
			<trkpt lat="45.04288" lon="2.90874">
				<ele>1142.9</ele>
				<time>2026-05-28T16:23:26.423Z</time>
			</trkpt>
			<trkpt lat="45.04287" lon="2.9091">
				<ele>1140.78</ele>
				<time>2026-05-28T16:23:30.490Z</time>
			</trkpt>
			<trkpt lat="45.04288" lon="2.90926">
				<ele>1139.43</ele>
				<time>2026-05-28T16:23:32.227Z</time>
			</trkpt>
			<trkpt lat="45.04297" lon="2.90965">
				<ele>1136.84</ele>
				<time>2026-05-28T16:23:36.309Z</time>
			</trkpt>
			<trkpt lat="45.04298" lon="2.90983">
				<ele>1135.69</ele>
				<time>2026-05-28T16:23:38.036Z</time>
			</trkpt>
			<trkpt lat="45.04296" lon="2.91061">
				<ele>1132.94</ele>
				<time>2026-05-28T16:23:45.354Z</time>
			</trkpt>
			<trkpt lat="45.04302" lon="2.91093">
				<ele>1131.17</ele>
				<time>2026-05-28T16:23:48.390Z</time>
			</trkpt>
			<trkpt lat="45.04328" lon="2.91167">
				<ele>1127.95</ele>
				<time>2026-05-28T16:23:55.806Z</time>
			</trkpt>
			<trkpt lat="45.04349" lon="2.91248">
				<ele>1123.53</ele>
				<time>2026-05-28T16:24:03.319Z</time>
			</trkpt>
			<trkpt lat="45.04394" lon="2.9147">
				<ele>1116.39</ele>
				<time>2026-05-28T16:24:22.476Z</time>
			</trkpt>
			<trkpt lat="45.04406" lon="2.91542">
				<ele>1114.15</ele>
				<time>2026-05-28T16:24:28.378Z</time>
			</trkpt>
			<trkpt lat="45.04415" lon="2.91732">
				<ele>1107.66</ele>
				<time>2026-05-28T16:24:43.221Z</time>
			</trkpt>
			<trkpt lat="45.04417" lon="2.91752">
				<ele>1106.98</ele>
				<time>2026-05-28T16:24:44.774Z</time>
			</trkpt>
			<trkpt lat="45.04423" lon="2.91767">
				<ele>1107.3</ele>
				<time>2026-05-28T16:24:46.097Z</time>
			</trkpt>
			<trkpt lat="45.04432" lon="2.91785">
				<ele>1107.8</ele>
				<time>2026-05-28T16:24:47.787Z</time>
			</trkpt>
			<trkpt lat="45.04488" lon="2.91865">
				<ele>1104.13</ele>
				<time>2026-05-28T16:24:56.385Z</time>
			</trkpt>
			<trkpt lat="45.04525" lon="2.91913">
				<ele>1098.43</ele>
				<time>2026-05-28T16:25:01.800Z</time>
			</trkpt>
			<trkpt lat="45.04559" lon="2.9197">
				<ele>1095.24</ele>
				<time>2026-05-28T16:25:07.498Z</time>
			</trkpt>
			<trkpt lat="45.0453" lon="2.92123">
				<ele>1091.14</ele>
				<time>2026-05-28T16:25:19.714Z</time>
			</trkpt>
			<trkpt lat="45.04521" lon="2.92216">
				<ele>1088.17</ele>
				<time>2026-05-28T16:25:27.081Z</time>
			</trkpt>
			<trkpt lat="45.04504" lon="2.92446">
				<ele>1085.16</ele>
				<time>2026-05-28T16:25:45.944Z</time>
			</trkpt>
			<trkpt lat="45.04496" lon="2.92491">
				<ele>1081.39</ele>
				<time>2026-05-28T16:25:49.893Z</time>
			</trkpt>
			<trkpt lat="45.04459" lon="2.92616">
				<ele>1079.06</ele>
				<time>2026-05-28T16:26:01.581Z</time>
			</trkpt>
			<trkpt lat="45.04408" lon="2.9274">
				<ele>1071.55</ele>
				<time>2026-05-28T16:26:13.921Z</time>
			</trkpt>
			<trkpt lat="45.04398" lon="2.92761">
				<ele>1070.95</ele>
				<time>2026-05-28T16:26:16.067Z</time>
			</trkpt>
			<trkpt lat="45.04399" lon="2.92771">
				<ele>1070.09</ele>
				<time>2026-05-28T16:26:16.919Z</time>
			</trkpt>
			<trkpt lat="45.0436" lon="2.92804">
				<ele>1073.08</ele>
				<time>2026-05-28T16:26:22.275Z</time>
			</trkpt>
			<trkpt lat="45.04352" lon="2.92814">
				<ele>1073.07</ele>
				<time>2026-05-28T16:26:23.515Z</time>
			</trkpt>
			<trkpt lat="45.04327" lon="2.92856">
				<ele>1072.93</ele>
				<time>2026-05-28T16:26:27.949Z</time>
			</trkpt>
			<trkpt lat="45.04314" lon="2.92872">
				<ele>1073.6</ele>
				<time>2026-05-28T16:26:29.877Z</time>
			</trkpt>
			<trkpt lat="45.043" lon="2.92882">
				<ele>1074.56</ele>
				<time>2026-05-28T16:26:31.609Z</time>
			</trkpt>
			<trkpt lat="45.04284" lon="2.92885">
				<ele>1075.54</ele>
				<time>2026-05-28T16:26:33.366Z</time>
			</trkpt>
			<trkpt lat="45.04257" lon="2.92879">
				<ele>1076</ele>
				<time>2026-05-28T16:26:36.278Z</time>
			</trkpt>
			<trkpt lat="45.04178" lon="2.9284">
				<ele>1076.26</ele>
				<time>2026-05-28T16:26:44.630Z</time>
			</trkpt>
			<trkpt lat="45.04093" lon="2.92803">
				<ele>1072.46</ele>
				<time>2026-05-28T16:26:52.841Z</time>
			</trkpt>
			<trkpt lat="45.04024" lon="2.9277">
				<ele>1072.02</ele>
				<time>2026-05-28T16:26:59.479Z</time>
			</trkpt>
			<trkpt lat="45.03896" lon="2.92714">
				<ele>1069.96</ele>
				<time>2026-05-28T16:27:11.496Z</time>
			</trkpt>
			<trkpt lat="45.03875" lon="2.92702">
				<ele>1070.3</ele>
				<time>2026-05-28T16:27:13.504Z</time>
			</trkpt>
			<trkpt lat="45.03857" lon="2.92688">
				<ele>1070.16</ele>
				<time>2026-05-28T16:27:15.318Z</time>
			</trkpt>
			<trkpt lat="45.03844" lon="2.92672">
				<ele>1070.35</ele>
				<time>2026-05-28T16:27:16.836Z</time>
			</trkpt>
			<trkpt lat="45.0382" lon="2.92628">
				<ele>1070.65</ele>
				<time>2026-05-28T16:27:20.281Z</time>
			</trkpt>
			<trkpt lat="45.03804" lon="2.92579">
				<ele>1069.73</ele>
				<time>2026-05-28T16:27:23.608Z</time>
			</trkpt>
			<trkpt lat="45.03792" lon="2.92515">
				<ele>1067.39</ele>
				<time>2026-05-28T16:27:27.662Z</time>
			</trkpt>
			<trkpt lat="45.03784" lon="2.92493">
				<ele>1066.52</ele>
				<time>2026-05-28T16:27:29.170Z</time>
			</trkpt>
			<trkpt lat="45.03777" lon="2.92481">
				<ele>1065.99</ele>
				<time>2026-05-28T16:27:30.116Z</time>
			</trkpt>
			<trkpt lat="45.03753" lon="2.9246">
				<ele>1066.48</ele>
				<time>2026-05-28T16:27:32.537Z</time>
			</trkpt>
			<trkpt lat="45.03738" lon="2.92455">
				<ele>1066.98</ele>
				<time>2026-05-28T16:27:33.855Z</time>
			</trkpt>
			<trkpt lat="45.03723" lon="2.92455">
				<ele>1067.54</ele>
				<time>2026-05-28T16:27:35.135Z</time>
			</trkpt>
			<trkpt lat="45.0369" lon="2.92464">
				<ele>1068.4</ele>
				<time>2026-05-28T16:27:37.993Z</time>
			</trkpt>
			<trkpt lat="45.03639" lon="2.92488">
				<ele>1068.81</ele>
				<time>2026-05-28T16:27:42.534Z</time>
			</trkpt>
			<trkpt lat="45.03625" lon="2.9249">
				<ele>1069.48</ele>
				<time>2026-05-28T16:27:43.717Z</time>
			</trkpt>
			<trkpt lat="45.03607" lon="2.92486">
				<ele>1070.47</ele>
				<time>2026-05-28T16:27:45.245Z</time>
			</trkpt>
			<trkpt lat="45.03594" lon="2.92478">
				<ele>1070.76</ele>
				<time>2026-05-28T16:27:46.431Z</time>
			</trkpt>
			<trkpt lat="45.03582" lon="2.92466">
				<ele>1071.18</ele>
				<time>2026-05-28T16:27:47.658Z</time>
			</trkpt>
			<trkpt lat="45.03571" lon="2.92449">
				<ele>1071.38</ele>
				<time>2026-05-28T16:27:49.015Z</time>
			</trkpt>
			<trkpt lat="45.03562" lon="2.92427">
				<ele>1071.87</ele>
				<time>2026-05-28T16:27:50.508Z</time>
			</trkpt>
			<trkpt lat="45.03523" lon="2.92286">
				<ele>1075.14</ele>
				<time>2026-05-28T16:27:59.320Z</time>
			</trkpt>
			<trkpt lat="45.03441" lon="2.91944">
				<ele>1073.81</ele>
				<time>2026-05-28T16:28:19.806Z</time>
			</trkpt>
			<trkpt lat="45.0343" lon="2.91914">
				<ele>1073.59</ele>
				<time>2026-05-28T16:28:21.686Z</time>
			</trkpt>
			<trkpt lat="45.03415" lon="2.919">
				<ele>1073.15</ele>
				<time>2026-05-28T16:28:23.096Z</time>
			</trkpt>
			<trkpt lat="45.03401" lon="2.91897">
				<ele>1073.91</ele>
				<time>2026-05-28T16:28:24.205Z</time>
			</trkpt>
			<trkpt lat="45.0338" lon="2.919">
				<ele>1075.75</ele>
				<time>2026-05-28T16:28:25.855Z</time>
			</trkpt>
			<trkpt lat="45.03356" lon="2.91917">
				<ele>1077.79</ele>
				<time>2026-05-28T16:28:27.945Z</time>
			</trkpt>
			<trkpt lat="45.03337" lon="2.91933">
				<ele>1078.31</ele>
				<time>2026-05-28T16:28:29.661Z</time>
			</trkpt>
			<trkpt lat="45.03282" lon="2.91999">
				<ele>1077.33</ele>
				<time>2026-05-28T16:28:35.224Z</time>
			</trkpt>
			<trkpt lat="45.03265" lon="2.92012">
				<ele>1077.3</ele>
				<time>2026-05-28T16:28:36.705Z</time>
			</trkpt>
			<trkpt lat="45.0325" lon="2.92012">
				<ele>1078.46</ele>
				<time>2026-05-28T16:28:37.852Z</time>
			</trkpt>
			<trkpt lat="45.03237" lon="2.92006">
				<ele>1079.11</ele>
				<time>2026-05-28T16:28:38.896Z</time>
			</trkpt>
			<trkpt lat="45.03153" lon="2.91942">
				<ele>1087.68</ele>
				<time>2026-05-28T16:28:46.128Z</time>
			</trkpt>
			<trkpt lat="45.03116" lon="2.91916">
				<ele>1088.19</ele>
				<time>2026-05-28T16:28:49.232Z</time>
			</trkpt>
			<trkpt lat="45.03099" lon="2.91908">
				<ele>1088.91</ele>
				<time>2026-05-28T16:28:50.573Z</time>
			</trkpt>
			<trkpt lat="45.03079" lon="2.91906">
				<ele>1089.69</ele>
				<time>2026-05-28T16:28:52.070Z</time>
			</trkpt>
			<trkpt lat="45.03047" lon="2.91911">
				<ele>1092.51</ele>
				<time>2026-05-28T16:28:54.466Z</time>
			</trkpt>
			<trkpt lat="45.03025" lon="2.91908">
				<ele>1093.71</ele>
				<time>2026-05-28T16:28:56.105Z</time>
			</trkpt>
			<trkpt lat="45.02955" lon="2.91883">
				<ele>1096.17</ele>
				<time>2026-05-28T16:29:01.428Z</time>
			</trkpt>
			<trkpt lat="45.02922" lon="2.91867">
				<ele>1099.02</ele>
				<time>2026-05-28T16:29:03.982Z</time>
			</trkpt>
			<trkpt lat="45.02892" lon="2.91847">
				<ele>1100.42</ele>
				<time>2026-05-28T16:29:06.401Z</time>
			</trkpt>
			<trkpt lat="45.02802" lon="2.9177">
				<ele>1101.04</ele>
				<time>2026-05-28T16:29:14.008Z</time>
			</trkpt>
			<trkpt lat="45.02783" lon="2.91745">
				<ele>1101.48</ele>
				<time>2026-05-28T16:29:15.870Z</time>
			</trkpt>
			<trkpt lat="45.02773" lon="2.91727">
				<ele>1102.5</ele>
				<time>2026-05-28T16:29:17.028Z</time>
			</trkpt>
			<trkpt lat="45.02703" lon="2.91543">
				<ele>1099.09</ele>
				<time>2026-05-28T16:29:27.500Z</time>
			</trkpt>
			<trkpt lat="45.02688" lon="2.91497">
				<ele>1098.09</ele>
				<time>2026-05-28T16:29:30.012Z</time>
			</trkpt>
			<trkpt lat="45.02668" lon="2.91379">
				<ele>1095.28</ele>
				<time>2026-05-28T16:29:35.990Z</time>
			</trkpt>
			<trkpt lat="45.0266" lon="2.91352">
				<ele>1093.55</ele>
				<time>2026-05-28T16:29:37.424Z</time>
			</trkpt>
			<trkpt lat="45.02648" lon="2.9133">
				<ele>1091.35</ele>
				<time>2026-05-28T16:29:38.782Z</time>
			</trkpt>
			<trkpt lat="45.02635" lon="2.91314">
				<ele>1089.85</ele>
				<time>2026-05-28T16:29:39.971Z</time>
			</trkpt>
			<trkpt lat="45.02623" lon="2.91303">
				<ele>1089.71</ele>
				<time>2026-05-28T16:29:40.956Z</time>
			</trkpt>
			<trkpt lat="45.02612" lon="2.91296">
				<ele>1090.3</ele>
				<time>2026-05-28T16:29:41.786Z</time>
			</trkpt>
			<trkpt lat="45.02594" lon="2.91293">
				<ele>1092.3</ele>
				<time>2026-05-28T16:29:43.031Z</time>
			</trkpt>
			<trkpt lat="45.0258" lon="2.91293">
				<ele>1093.28</ele>
				<time>2026-05-28T16:29:43.991Z</time>
			</trkpt>
			<trkpt lat="45.02459" lon="2.91326">
				<ele>1089.76</ele>
				<time>2026-05-28T16:29:52.381Z</time>
			</trkpt>
			<trkpt lat="45.02384" lon="2.91342">
				<ele>1089.57</ele>
				<time>2026-05-28T16:29:57.494Z</time>
			</trkpt>
			<trkpt lat="45.02359" lon="2.91339">
				<ele>1087.72</ele>
				<time>2026-05-28T16:29:59.177Z</time>
			</trkpt>
			<trkpt lat="45.02343" lon="2.91332">
				<ele>1085.91</ele>
				<time>2026-05-28T16:30:00.298Z</time>
			</trkpt>
			<trkpt lat="45.0233" lon="2.91323">
				<ele>1085.55</ele>
				<time>2026-05-28T16:30:01.266Z</time>
			</trkpt>
			<trkpt lat="45.02318" lon="2.91311">
				<ele>1086.51</ele>
				<time>2026-05-28T16:30:02.247Z</time>
			</trkpt>
			<trkpt lat="45.02267" lon="2.91235">
				<ele>1086.65</ele>
				<time>2026-05-28T16:30:07.171Z</time>
			</trkpt>
			<trkpt lat="45.02259" lon="2.91224">
				<ele>1086.54</ele>
				<time>2026-05-28T16:30:07.910Z</time>
			</trkpt>
			<trkpt lat="45.02249" lon="2.91218">
				<ele>1086.45</ele>
				<time>2026-05-28T16:30:08.628Z</time>
			</trkpt>
			<trkpt lat="45.02238" lon="2.91215">
				<ele>1086.69</ele>
				<time>2026-05-28T16:30:09.369Z</time>
			</trkpt>
			<trkpt lat="45.02226" lon="2.91216">
				<ele>1086.59</ele>
				<time>2026-05-28T16:30:10.162Z</time>
			</trkpt>
			<trkpt lat="45.02161" lon="2.91237">
				<ele>1085.34</ele>
				<time>2026-05-28T16:30:14.548Z</time>
			</trkpt>
			<trkpt lat="45.02139" lon="2.9124">
				<ele>1085.41</ele>
				<time>2026-05-28T16:30:15.997Z</time>
			</trkpt>
			<trkpt lat="45.02119" lon="2.91238">
				<ele>1085.38</ele>
				<time>2026-05-28T16:30:17.308Z</time>
			</trkpt>
			<trkpt lat="45.02013" lon="2.9121">
				<ele>1079.35</ele>
				<time>2026-05-28T16:30:24.325Z</time>
			</trkpt>
			<trkpt lat="45.02002" lon="2.91203">
				<ele>1078.53</ele>
				<time>2026-05-28T16:30:25.106Z</time>
			</trkpt>
			<trkpt lat="45.01995" lon="2.91192">
				<ele>1078.44</ele>
				<time>2026-05-28T16:30:25.783Z</time>
			</trkpt>
			<trkpt lat="45.01987" lon="2.9117">
				<ele>1078.53</ele>
				<time>2026-05-28T16:30:26.913Z</time>
			</trkpt>
			<trkpt lat="45.01982" lon="2.91136">
				<ele>1080.04</ele>
				<time>2026-05-28T16:30:28.496Z</time>
			</trkpt>
			<trkpt lat="45.0197" lon="2.91004">
				<ele>1084.76</ele>
				<time>2026-05-28T16:30:34.538Z</time>
			</trkpt>
			<trkpt lat="45.01966" lon="2.90997">
				<ele>1084.77</ele>
				<time>2026-05-28T16:30:34.945Z</time>
			</trkpt>
			<trkpt lat="45.01961" lon="2.90993">
				<ele>1084.61</ele>
				<time>2026-05-28T16:30:35.313Z</time>
			</trkpt>
			<trkpt lat="45.01954" lon="2.90991">
				<ele>1084.36</ele>
				<time>2026-05-28T16:30:35.769Z</time>
			</trkpt>
			<trkpt lat="45.01946" lon="2.90994">
				<ele>1084.06</ele>
				<time>2026-05-28T16:30:36.298Z</time>
			</trkpt>
			<trkpt lat="45.01939" lon="2.91003">
				<ele>1084.59</ele>
				<time>2026-05-28T16:30:36.902Z</time>
			</trkpt>
			<trkpt lat="45.01896" lon="2.91102">
				<ele>1085.57</ele>
				<time>2026-05-28T16:30:42.129Z</time>
			</trkpt>
			<trkpt lat="45.01882" lon="2.91154">
				<ele>1087.82</ele>
				<time>2026-05-28T16:30:44.622Z</time>
			</trkpt>
			<trkpt lat="45.01872" lon="2.91203">
				<ele>1086.76</ele>
				<time>2026-05-28T16:30:46.901Z</time>
			</trkpt>
			<trkpt lat="45.01863" lon="2.91223">
				<ele>1088.19</ele>
				<time>2026-05-28T16:30:47.959Z</time>
			</trkpt>
			<trkpt lat="45.01831" lon="2.91277">
				<ele>1090.26</ele>
				<time>2026-05-28T16:30:51.096Z</time>
			</trkpt>
			<trkpt lat="45.01785" lon="2.9135">
				<ele>1096.13</ele>
				<time>2026-05-28T16:30:55.435Z</time>
			</trkpt>
			<trkpt lat="45.01762" lon="2.91372">
				<ele>1096.91</ele>
				<time>2026-05-28T16:30:57.172Z</time>
			</trkpt>
			<trkpt lat="45.01713" lon="2.914">
				<ele>1096.78</ele>
				<time>2026-05-28T16:31:00.472Z</time>
			</trkpt>
			<trkpt lat="45.0162" lon="2.91456">
				<ele>1098.47</ele>
				<time>2026-05-28T16:31:06.757Z</time>
			</trkpt>
			<trkpt lat="45.01607" lon="2.91461">
				<ele>1099.09</ele>
				<time>2026-05-28T16:31:07.592Z</time>
			</trkpt>
			<trkpt lat="45.01583" lon="2.91462">
				<ele>1101.34</ele>
				<time>2026-05-28T16:31:09.079Z</time>
			</trkpt>
			<trkpt lat="45.0157" lon="2.91458">
				<ele>1102.15</ele>
				<time>2026-05-28T16:31:09.903Z</time>
			</trkpt>
			<trkpt lat="45.01547" lon="2.91447">
				<ele>1102.72</ele>
				<time>2026-05-28T16:31:11.404Z</time>
			</trkpt>
			<trkpt lat="45.01525" lon="2.91427">
				<ele>1102.58</ele>
				<time>2026-05-28T16:31:13.020Z</time>
			</trkpt>
			<trkpt lat="45.01514" lon="2.91409">
				<ele>1103.53</ele>
				<time>2026-05-28T16:31:14.058Z</time>
			</trkpt>
			<trkpt lat="45.01479" lon="2.91334">
				<ele>1105.97</ele>
				<time>2026-05-28T16:31:17.971Z</time>
			</trkpt>
			<trkpt lat="45.01466" lon="2.91295">
				<ele>1106.79</ele>
				<time>2026-05-28T16:31:19.846Z</time>
			</trkpt>
			<trkpt lat="45.01426" lon="2.91149">
				<ele>1104.56</ele>
				<time>2026-05-28T16:31:26.634Z</time>
			</trkpt>
			<trkpt lat="45.01422" lon="2.91115">
				<ele>1105.28</ele>
				<time>2026-05-28T16:31:28.125Z</time>
			</trkpt>
			<trkpt lat="45.01423" lon="2.91091">
				<ele>1106.2</ele>
				<time>2026-05-28T16:31:29.165Z</time>
			</trkpt>
			<trkpt lat="45.01429" lon="2.91042">
				<ele>1106.11</ele>
				<time>2026-05-28T16:31:31.313Z</time>
			</trkpt>
			<trkpt lat="45.01429" lon="2.91024">
				<ele>1105.82</ele>
				<time>2026-05-28T16:31:32.090Z</time>
			</trkpt>
			<trkpt lat="45.01427" lon="2.90994">
				<ele>1105.49</ele>
				<time>2026-05-28T16:31:33.390Z</time>
			</trkpt>
			<trkpt lat="45.01423" lon="2.90975">
				<ele>1105</ele>
				<time>2026-05-28T16:31:34.245Z</time>
			</trkpt>
			<trkpt lat="45.01414" lon="2.90945">
				<ele>1102.67</ele>
				<time>2026-05-28T16:31:35.649Z</time>
			</trkpt>
			<trkpt lat="45.01392" lon="2.90881">
				<ele>1099.06</ele>
				<time>2026-05-28T16:31:38.714Z</time>
			</trkpt>
			<trkpt lat="45.01364" lon="2.90807">
				<ele>1098.12</ele>
				<time>2026-05-28T16:31:42.324Z</time>
			</trkpt>
			<trkpt lat="45.01357" lon="2.90793">
				<ele>1098.65</ele>
				<time>2026-05-28T16:31:43.061Z</time>
			</trkpt>
			<trkpt lat="45.01348" lon="2.90783">
				<ele>1099.58</ele>
				<time>2026-05-28T16:31:43.757Z</time>
			</trkpt>
			<trkpt lat="45.01333" lon="2.90776">
				<ele>1101.08</ele>
				<time>2026-05-28T16:31:44.717Z</time>
			</trkpt>
			<trkpt lat="45.01317" lon="2.90781">
				<ele>1103.01</ele>
				<time>2026-05-28T16:31:45.713Z</time>
			</trkpt>
			<trkpt lat="45.01309" lon="2.90787">
				<ele>1103.7</ele>
				<time>2026-05-28T16:31:46.263Z</time>
			</trkpt>
			<trkpt lat="45.01299" lon="2.90798">
				<ele>1104</ele>
				<time>2026-05-28T16:31:47.032Z</time>
			</trkpt>
			<trkpt lat="45.0127" lon="2.90842">
				<ele>1103.97</ele>
				<time>2026-05-28T16:31:49.614Z</time>
			</trkpt>
			<trkpt lat="45.01246" lon="2.90859">
				<ele>1105.4</ele>
				<time>2026-05-28T16:31:51.243Z</time>
			</trkpt>
			<trkpt lat="45.01222" lon="2.90865">
				<ele>1107.81</ele>
				<time>2026-05-28T16:31:52.721Z</time>
			</trkpt>
			<trkpt lat="45.01131" lon="2.90874">
				<ele>1113.52</ele>
				<time>2026-05-28T16:31:58.252Z</time>
			</trkpt>
			<trkpt lat="45.01098" lon="2.90873">
				<ele>1113.3</ele>
				<time>2026-05-28T16:32:00.253Z</time>
			</trkpt>
			<trkpt lat="45.01072" lon="2.90861">
				<ele>1112.98</ele>
				<time>2026-05-28T16:32:01.910Z</time>
			</trkpt>
			<trkpt lat="45.01049" lon="2.90847">
				<ele>1113.48</ele>
				<time>2026-05-28T16:32:03.428Z</time>
			</trkpt>
			<trkpt lat="45.01031" lon="2.90829">
				<ele>1114.11</ele>
				<time>2026-05-28T16:32:04.763Z</time>
			</trkpt>
			<trkpt lat="45.01001" lon="2.9079">
				<ele>1114.09</ele>
				<time>2026-05-28T16:32:07.233Z</time>
			</trkpt>
			<trkpt lat="45.00987" lon="2.90759">
				<ele>1111.57</ele>
				<time>2026-05-28T16:32:08.809Z</time>
			</trkpt>
			<trkpt lat="45.00982" lon="2.90739">
				<ele>1110.48</ele>
				<time>2026-05-28T16:32:09.718Z</time>
			</trkpt>
			<trkpt lat="45.00948" lon="2.90561">
				<ele>1110.26</ele>
				<time>2026-05-28T16:32:17.623Z</time>
			</trkpt>
			<trkpt lat="45.00943" lon="2.90544">
				<ele>1109.92</ele>
				<time>2026-05-28T16:32:18.413Z</time>
			</trkpt>
			<trkpt lat="45.00929" lon="2.90521">
				<ele>1109.8</ele>
				<time>2026-05-28T16:32:19.715Z</time>
			</trkpt>
			<trkpt lat="45.00918" lon="2.90513">
				<ele>1110.04</ele>
				<time>2026-05-28T16:32:20.466Z</time>
			</trkpt>
			<trkpt lat="45.00906" lon="2.90508">
				<ele>1110.62</ele>
				<time>2026-05-28T16:32:21.226Z</time>
			</trkpt>
			<trkpt lat="45.00893" lon="2.90506">
				<ele>1111.18</ele>
				<time>2026-05-28T16:32:22.020Z</time>
			</trkpt>
			<trkpt lat="45.00725" lon="2.90526">
				<ele>1114.11</ele>
				<time>2026-05-28T16:32:32.276Z</time>
			</trkpt>
			<trkpt lat="45.007" lon="2.90524">
				<ele>1114.98</ele>
				<time>2026-05-28T16:32:33.803Z</time>
			</trkpt>
			<trkpt lat="45.0068" lon="2.90517">
				<ele>1115.9</ele>
				<time>2026-05-28T16:32:35.059Z</time>
			</trkpt>
			<trkpt lat="45.00667" lon="2.9051">
				<ele>1116.85</ele>
				<time>2026-05-28T16:32:35.908Z</time>
			</trkpt>
			<trkpt lat="45.00648" lon="2.90497">
				<ele>1118.1</ele>
				<time>2026-05-28T16:32:37.197Z</time>
			</trkpt>
			<trkpt lat="45.0063" lon="2.90495">
				<ele>1117.28</ele>
				<time>2026-05-28T16:32:38.300Z</time>
			</trkpt>
			<trkpt lat="45.00619" lon="2.90496">
				<ele>1115.96</ele>
				<time>2026-05-28T16:32:38.974Z</time>
			</trkpt>
			<trkpt lat="45.00571" lon="2.90509">
				<ele>1110.92</ele>
				<time>2026-05-28T16:32:41.963Z</time>
			</trkpt>
			<trkpt lat="45.00513" lon="2.90518">
				<ele>1106.96</ele>
				<time>2026-05-28T16:32:45.539Z</time>
			</trkpt>
			<trkpt lat="45.00489" lon="2.90524">
				<ele>1104.91</ele>
				<time>2026-05-28T16:32:47.035Z</time>
			</trkpt>
			<trkpt lat="45.00472" lon="2.90531">
				<ele>1103.73</ele>
				<time>2026-05-28T16:32:48.122Z</time>
			</trkpt>
			<trkpt lat="45.0045" lon="2.90536">
				<ele>1103.92</ele>
				<time>2026-05-28T16:32:49.492Z</time>
			</trkpt>
			<trkpt lat="45.00426" lon="2.90534">
				<ele>1103.07</ele>
				<time>2026-05-28T16:32:50.971Z</time>
			</trkpt>
			<trkpt lat="45.00368" lon="2.90502">
				<ele>1101.21</ele>
				<time>2026-05-28T16:32:54.808Z</time>
			</trkpt>
			<trkpt lat="45.00287" lon="2.90446">
				<ele>1100.96</ele>
				<time>2026-05-28T16:33:00.383Z</time>
			</trkpt>
			<trkpt lat="45.00234" lon="2.90413">
				<ele>1098.44</ele>
				<time>2026-05-28T16:33:03.976Z</time>
			</trkpt>
			<trkpt lat="45.00184" lon="2.90407">
				<ele>1096.98</ele>
				<time>2026-05-28T16:33:07.085Z</time>
			</trkpt>
			<trkpt lat="45.00021" lon="2.90424">
				<ele>1095.95</ele>
				<time>2026-05-28T16:33:16.971Z</time>
			</trkpt>
			<trkpt lat="44.99993" lon="2.9042">
				<ele>1094.3</ele>
				<time>2026-05-28T16:33:18.639Z</time>
			</trkpt>
			<trkpt lat="44.99974" lon="2.90414">
				<ele>1093.15</ele>
				<time>2026-05-28T16:33:19.788Z</time>
			</trkpt>
			<trkpt lat="44.9985" lon="2.90319">
				<ele>1088</ele>
				<time>2026-05-28T16:33:27.984Z</time>
			</trkpt>
			<trkpt lat="44.99791" lon="2.90284">
				<ele>1088.64</ele>
				<time>2026-05-28T16:33:31.638Z</time>
			</trkpt>
			<trkpt lat="44.99642" lon="2.90242">
				<ele>1086.12</ele>
				<time>2026-05-28T16:33:40.182Z</time>
			</trkpt>
			<trkpt lat="44.99613" lon="2.90242">
				<ele>1086.29</ele>
				<time>2026-05-28T16:33:41.794Z</time>
			</trkpt>
			<trkpt lat="44.99565" lon="2.90265">
				<ele>1084.8</ele>
				<time>2026-05-28T16:33:44.600Z</time>
			</trkpt>
			<trkpt lat="44.99489" lon="2.90307">
				<ele>1079.78</ele>
				<time>2026-05-28T16:33:49.089Z</time>
			</trkpt>
			<trkpt lat="44.99467" lon="2.90314">
				<ele>1078.94</ele>
				<time>2026-05-28T16:33:50.324Z</time>
			</trkpt>
			<trkpt lat="44.99443" lon="2.90314">
				<ele>1078.67</ele>
				<time>2026-05-28T16:33:51.637Z</time>
			</trkpt>
			<trkpt lat="44.99392" lon="2.90299">
				<ele>1079.22</ele>
				<time>2026-05-28T16:33:54.479Z</time>
			</trkpt>
			<trkpt lat="44.99367" lon="2.90301">
				<ele>1078.36</ele>
				<time>2026-05-28T16:33:55.842Z</time>
			</trkpt>
			<trkpt lat="44.99261" lon="2.90325">
				<ele>1071.81</ele>
				<time>2026-05-28T16:34:01.672Z</time>
			</trkpt>
			<trkpt lat="44.99216" lon="2.90338">
				<ele>1069.98</ele>
				<time>2026-05-28T16:34:04.162Z</time>
			</trkpt>
			<trkpt lat="44.99082" lon="2.90367">
				<ele>1067.97</ele>
				<time>2026-05-28T16:34:11.512Z</time>
			</trkpt>
			<trkpt lat="44.98943" lon="2.90412">
				<ele>1060.8</ele>
				<time>2026-05-28T16:34:19.275Z</time>
			</trkpt>
			<trkpt lat="44.98894" lon="2.90449">
				<ele>1060.17</ele>
				<time>2026-05-28T16:34:22.316Z</time>
			</trkpt>
			<trkpt lat="44.9876" lon="2.9058">
				<ele>1051.75</ele>
				<time>2026-05-28T16:34:31.321Z</time>
			</trkpt>
			<trkpt lat="44.98703" lon="2.9064">
				<ele>1050.05</ele>
				<time>2026-05-28T16:34:35.300Z</time>
			</trkpt>
			<trkpt lat="44.98675" lon="2.90662">
				<ele>1050.27</ele>
				<time>2026-05-28T16:34:37.106Z</time>
			</trkpt>
			<trkpt lat="44.98632" lon="2.90679">
				<ele>1049.63</ele>
				<time>2026-05-28T16:34:39.637Z</time>
			</trkpt>
			<trkpt lat="44.98464" lon="2.90737">
				<ele>1044.27</ele>
				<time>2026-05-28T16:34:49.614Z</time>
			</trkpt>
			<trkpt lat="44.98414" lon="2.90764">
				<ele>1044.27</ele>
				<time>2026-05-28T16:34:52.765Z</time>
			</trkpt>
			<trkpt lat="44.98385" lon="2.90803">
				<ele>1042.51</ele>
				<time>2026-05-28T16:34:55.143Z</time>
			</trkpt>
			<trkpt lat="44.98343" lon="2.90864">
				<ele>1041.9</ele>
				<time>2026-05-28T16:34:58.759Z</time>
			</trkpt>
			<trkpt lat="44.98318" lon="2.90907">
				<ele>1039.71</ele>
				<time>2026-05-28T16:35:01.149Z</time>
			</trkpt>
			<trkpt lat="44.983" lon="2.90912">
				<ele>1037.1</ele>
				<time>2026-05-28T16:35:02.270Z</time>
			</trkpt>
			<trkpt lat="44.98277" lon="2.9091">
				<ele>1033.97</ele>
				<time>2026-05-28T16:35:03.685Z</time>
			</trkpt>
			<trkpt lat="44.98308" lon="2.90785">
				<ele>1028.17</ele>
				<time>2026-05-28T16:35:09.516Z</time>
			</trkpt>
			<trkpt lat="44.98325" lon="2.90734">
				<ele>1024.79</ele>
				<time>2026-05-28T16:35:12.039Z</time>
			</trkpt>
			<trkpt lat="44.98346" lon="2.90697">
				<ele>1023.9</ele>
				<time>2026-05-28T16:35:14.182Z</time>
			</trkpt>
			<trkpt lat="44.98381" lon="2.90665">
				<ele>1025.95</ele>
				<time>2026-05-28T16:35:16.870Z</time>
			</trkpt>
			<trkpt lat="44.98428" lon="2.90629">
				<ele>1023.02</ele>
				<time>2026-05-28T16:35:20.361Z</time>
			</trkpt>
			<trkpt lat="44.98466" lon="2.90593">
				<ele>1020.79</ele>
				<time>2026-05-28T16:35:23.387Z</time>
			</trkpt>
			<trkpt lat="44.98502" lon="2.90549">
				<ele>1017.44</ele>
				<time>2026-05-28T16:35:26.570Z</time>
			</trkpt>
			<trkpt lat="44.98526" lon="2.90509">
				<ele>1017.41</ele>
				<time>2026-05-28T16:35:29.075Z</time>
			</trkpt>
			<trkpt lat="44.9856" lon="2.90432">
				<ele>1015.72</ele>
				<time>2026-05-28T16:35:33.458Z</time>
			</trkpt>
			<trkpt lat="44.98584" lon="2.90358">
				<ele>1011.82</ele>
				<time>2026-05-28T16:35:37.440Z</time>
			</trkpt>
			<trkpt lat="44.98593" lon="2.90295">
				<ele>1005.66</ele>
				<time>2026-05-28T16:35:40.616Z</time>
			</trkpt>
			<trkpt lat="44.98607" lon="2.9023">
				<ele>1004.67</ele>
				<time>2026-05-28T16:35:44.006Z</time>
			</trkpt>
			<trkpt lat="44.98613" lon="2.90183">
				<ele>1003.65</ele>
				<time>2026-05-28T16:35:46.407Z</time>
			</trkpt>
			<trkpt lat="44.98614" lon="2.9013">
				<ele>1000.7</ele>
				<time>2026-05-28T16:35:49.090Z</time>
			</trkpt>
			<trkpt lat="44.98604" lon="2.90111">
				<ele>997.59</ele>
				<time>2026-05-28T16:35:50.295Z</time>
			</trkpt>
			<trkpt lat="44.98593" lon="2.90094">
				<ele>997.11</ele>
				<time>2026-05-28T16:35:51.470Z</time>
			</trkpt>
			<trkpt lat="44.98577" lon="2.90089">
				<ele>997.01</ele>
				<time>2026-05-28T16:35:52.655Z</time>
			</trkpt>
			<trkpt lat="44.98554" lon="2.90092">
				<ele>997.86</ele>
				<time>2026-05-28T16:35:54.332Z</time>
			</trkpt>
			<trkpt lat="44.98532" lon="2.90111">
				<ele>1003.51</ele>
				<time>2026-05-28T16:35:56.211Z</time>
			</trkpt>
			<trkpt lat="44.98476" lon="2.90193">
				<ele>1002.74</ele>
				<time>2026-05-28T16:36:02.141Z</time>
			</trkpt>
			<trkpt lat="44.9846" lon="2.902">
				<ele>1002.65</ele>
				<time>2026-05-28T16:36:03.383Z</time>
			</trkpt>
			<trkpt lat="44.98406" lon="2.9019">
				<ele>1004.94</ele>
				<time>2026-05-28T16:36:07.444Z</time>
			</trkpt>
			<trkpt lat="44.98382" lon="2.90201">
				<ele>1007.45</ele>
				<time>2026-05-28T16:36:09.337Z</time>
			</trkpt>
			<trkpt lat="44.98376" lon="2.90224">
				<ele>1009.71</ele>
				<time>2026-05-28T16:36:10.642Z</time>
			</trkpt>
			<trkpt lat="44.98371" lon="2.90293">
				<ele>1010.59</ele>
				<time>2026-05-28T16:36:14.352Z</time>
			</trkpt>
			<trkpt lat="44.98366" lon="2.90327">
				<ele>1009.28</ele>
				<time>2026-05-28T16:36:16.220Z</time>
			</trkpt>
			<trkpt lat="44.98353" lon="2.90351">
				<ele>1008.97</ele>
				<time>2026-05-28T16:36:17.851Z</time>
			</trkpt>
			<trkpt lat="44.98328" lon="2.90369">
				<ele>1009.99</ele>
				<time>2026-05-28T16:36:19.999Z</time>
			</trkpt>
			<trkpt lat="44.983" lon="2.90378">
				<ele>1012.12</ele>
				<time>2026-05-28T16:36:22.206Z</time>
			</trkpt>
			<trkpt lat="44.98251" lon="2.90386">
				<ele>1015.29</ele>
				<time>2026-05-28T16:36:26.016Z</time>
			</trkpt>
			<trkpt lat="44.98208" lon="2.90397">
				<ele>1021.49</ele>
				<time>2026-05-28T16:36:29.412Z</time>
			</trkpt>
			<trkpt lat="44.98179" lon="2.90413">
				<ele>1026.68</ele>
				<time>2026-05-28T16:36:31.843Z</time>
			</trkpt>
			<trkpt lat="44.98145" lon="2.90441">
				<ele>1025.35</ele>
				<time>2026-05-28T16:36:34.928Z</time>
			</trkpt>
			<trkpt lat="44.98122" lon="2.90471">
				<ele>1021.98</ele>
				<time>2026-05-28T16:36:37.392Z</time>
			</trkpt>
			<trkpt lat="44.98107" lon="2.90492">
				<ele>1022.54</ele>
				<time>2026-05-28T16:36:39.059Z</time>
			</trkpt>
			<trkpt lat="44.9806" lon="2.90588">
				<ele>1027.35</ele>
				<time>2026-05-28T16:36:45.619Z</time>
			</trkpt>
			<trkpt lat="44.98024" lon="2.90648">
				<ele>1024.03</ele>
				<time>2026-05-28T16:36:50.073Z</time>
			</trkpt>
			<trkpt lat="44.97983" lon="2.90689">
				<ele>1023.65</ele>
				<time>2026-05-28T16:36:54.113Z</time>
			</trkpt>
			<trkpt lat="44.97939" lon="2.90704">
				<ele>1027.07</ele>
				<time>2026-05-28T16:36:57.771Z</time>
			</trkpt>
			<trkpt lat="44.97896" lon="2.9071">
				<ele>1028.73</ele>
				<time>2026-05-28T16:37:01.278Z</time>
			</trkpt>
			<trkpt lat="44.97858" lon="2.90711">
				<ele>1030.71</ele>
				<time>2026-05-28T16:37:04.373Z</time>
			</trkpt>
			<trkpt lat="44.9783" lon="2.90706">
				<ele>1033.4</ele>
				<time>2026-05-28T16:37:06.678Z</time>
			</trkpt>
			<trkpt lat="44.97765" lon="2.90685">
				<ele>1036.12</ele>
				<time>2026-05-28T16:37:12.145Z</time>
			</trkpt>
			<trkpt lat="44.97739" lon="2.90668">
				<ele>1035.14</ele>
				<time>2026-05-28T16:37:14.503Z</time>
			</trkpt>
			<trkpt lat="44.97726" lon="2.9064">
				<ele>1035.59</ele>
				<time>2026-05-28T16:37:16.457Z</time>
			</trkpt>
			<trkpt lat="44.97713" lon="2.90605">
				<ele>1038.58</ele>
				<time>2026-05-28T16:37:18.767Z</time>
			</trkpt>
			<trkpt lat="44.97691" lon="2.90533">
				<ele>1042.51</ele>
				<time>2026-05-28T16:37:23.364Z</time>
			</trkpt>
			<trkpt lat="44.97679" lon="2.90469">
				<ele>1044.49</ele>
				<time>2026-05-28T16:37:27.259Z</time>
			</trkpt>
			<trkpt lat="44.97656" lon="2.90418">
				<ele>1047.23</ele>
				<time>2026-05-28T16:37:30.826Z</time>
			</trkpt>
			<trkpt lat="44.97627" lon="2.90366">
				<ele>1050</ele>
				<time>2026-05-28T16:37:34.742Z</time>
			</trkpt>
			<trkpt lat="44.97561" lon="2.90278">
				<ele>1050.18</ele>
				<time>2026-05-28T16:37:42.356Z</time>
			</trkpt>
			<trkpt lat="44.97541" lon="2.90229">
				<ele>1051.24</ele>
				<time>2026-05-28T16:37:45.725Z</time>
			</trkpt>
			<trkpt lat="44.97523" lon="2.90158">
				<ele>1050.68</ele>
				<time>2026-05-28T16:37:50.226Z</time>
			</trkpt>
			<trkpt lat="44.97493" lon="2.90056">
				<ele>1050.52</ele>
				<time>2026-05-28T16:37:56.837Z</time>
			</trkpt>
			<trkpt lat="44.97461" lon="2.89938">
				<ele>1053.03</ele>
				<time>2026-05-28T16:38:04.423Z</time>
			</trkpt>
			<trkpt lat="44.97455" lon="2.89891">
				<ele>1053.56</ele>
				<time>2026-05-28T16:38:07.295Z</time>
			</trkpt>
			<trkpt lat="44.97434" lon="2.89856">
				<ele>1051.82</ele>
				<time>2026-05-28T16:38:10.057Z</time>
			</trkpt>
			<trkpt lat="44.97407" lon="2.89826">
				<ele>1053.28</ele>
				<time>2026-05-28T16:38:12.981Z</time>
			</trkpt>
			<trkpt lat="44.97335" lon="2.89783">
				<ele>1052.52</ele>
				<time>2026-05-28T16:38:19.644Z</time>
			</trkpt>
			<trkpt lat="44.97213" lon="2.89717">
				<ele>1054.23</ele>
				<time>2026-05-28T16:38:30.797Z</time>
			</trkpt>
			<trkpt lat="44.97168" lon="2.89687">
				<ele>1056.52</ele>
				<time>2026-05-28T16:38:35.048Z</time>
			</trkpt>
			<trkpt lat="44.97146" lon="2.89665">
				<ele>1055.82</ele>
				<time>2026-05-28T16:38:37.350Z</time>
			</trkpt>
			<trkpt lat="44.9712" lon="2.89625">
				<ele>1053.83</ele>
				<time>2026-05-28T16:38:40.634Z</time>
			</trkpt>
			<trkpt lat="44.97076" lon="2.89564">
				<ele>1054.32</ele>
				<time>2026-05-28T16:38:45.900Z</time>
			</trkpt>
			<trkpt lat="44.97023" lon="2.89485">
				<ele>1056.35</ele>
				<time>2026-05-28T16:38:52.477Z</time>
			</trkpt>
			<trkpt lat="44.96992" lon="2.89446">
				<ele>1056.16</ele>
				<time>2026-05-28T16:38:56.018Z</time>
			</trkpt>
			<trkpt lat="44.96964" lon="2.89421">
				<ele>1055.43</ele>
				<time>2026-05-28T16:38:58.843Z</time>
			</trkpt>
			<trkpt lat="44.96903" lon="2.89399">
				<ele>1057.73</ele>
				<time>2026-05-28T16:39:04.207Z</time>
			</trkpt>
			<trkpt lat="44.96866" lon="2.89391">
				<ele>1056.31</ele>
				<time>2026-05-28T16:39:07.393Z</time>
			</trkpt>
			<trkpt lat="44.96845" lon="2.89373">
				<ele>1055.42</ele>
				<time>2026-05-28T16:39:09.481Z</time>
			</trkpt>
			<trkpt lat="44.96824" lon="2.89341">
				<ele>1054.57</ele>
				<time>2026-05-28T16:39:12.106Z</time>
			</trkpt>
			<trkpt lat="44.96801" lon="2.89285">
				<ele>1052.85</ele>
				<time>2026-05-28T16:39:15.994Z</time>
			</trkpt>
			<trkpt lat="44.96763" lon="2.89112">
				<ele>1049.92</ele>
				<time>2026-05-28T16:39:26.840Z</time>
			</trkpt>
			<trkpt lat="44.96734" lon="2.88989">
				<ele>1048.83</ele>
				<time>2026-05-28T16:39:34.567Z</time>
			</trkpt>
			<trkpt lat="44.96712" lon="2.88923">
				<ele>1047.01</ele>
				<time>2026-05-28T16:39:38.900Z</time>
			</trkpt>
			<trkpt lat="44.9668" lon="2.88839">
				<ele>1045.34</ele>
				<time>2026-05-28T16:39:44.548Z</time>
			</trkpt>
			<trkpt lat="44.96658" lon="2.88794">
				<ele>1043.16</ele>
				<time>2026-05-28T16:39:47.776Z</time>
			</trkpt>
			<trkpt lat="44.96599" lon="2.88703">
				<ele>1040.04</ele>
				<time>2026-05-28T16:39:55.032Z</time>
			</trkpt>
			<trkpt lat="44.96485" lon="2.88541">
				<ele>1036.48</ele>
				<time>2026-05-28T16:40:08.345Z</time>
			</trkpt>
			<trkpt lat="44.96426" lon="2.88459">
				<ele>1032.72</ele>
				<time>2026-05-28T16:40:15.092Z</time>
			</trkpt>
			<trkpt lat="44.96396" lon="2.88421">
				<ele>1028.72</ele>
				<time>2026-05-28T16:40:18.360Z</time>
			</trkpt>
			<trkpt lat="44.96378" lon="2.88382">
				<ele>1025.81</ele>
				<time>2026-05-28T16:40:21.023Z</time>
			</trkpt>
			<trkpt lat="44.96356" lon="2.88281">
				<ele>1020.77</ele>
				<time>2026-05-28T16:40:27.036Z</time>
			</trkpt>
			<trkpt lat="44.96355" lon="2.88177">
				<ele>1016.13</ele>
				<time>2026-05-28T16:40:32.909Z</time>
			</trkpt>
			<trkpt lat="44.96358" lon="2.88125">
				<ele>1016.45</ele>
				<time>2026-05-28T16:40:35.838Z</time>
			</trkpt>
			<trkpt lat="44.96365" lon="2.88086">
				<ele>1018.06</ele>
				<time>2026-05-28T16:40:38.088Z</time>
			</trkpt>
			<trkpt lat="44.96381" lon="2.88025">
				<ele>1020.51</ele>
				<time>2026-05-28T16:40:41.711Z</time>
			</trkpt>
			<trkpt lat="44.96384" lon="2.8798">
				<ele>1018.02</ele>
				<time>2026-05-28T16:40:44.216Z</time>
			</trkpt>
			<trkpt lat="44.96379" lon="2.87952">
				<ele>1015.17</ele>
				<time>2026-05-28T16:40:45.812Z</time>
			</trkpt>
			<trkpt lat="44.96358" lon="2.87931">
				<ele>1012.99</ele>
				<time>2026-05-28T16:40:47.815Z</time>
			</trkpt>
			<trkpt lat="44.96335" lon="2.87931">
				<ele>1013.85</ele>
				<time>2026-05-28T16:40:49.601Z</time>
			</trkpt>
			<trkpt lat="44.96325" lon="2.8794">
				<ele>1014.75</ele>
				<time>2026-05-28T16:40:50.519Z</time>
			</trkpt>
			<trkpt lat="44.96331" lon="2.87911">
				<ele>1015.76</ele>
				<time>2026-05-28T16:40:52.171Z</time>
			</trkpt>
			<trkpt lat="44.96334" lon="2.87868">
				<ele>1017.65</ele>
				<time>2026-05-28T16:40:54.526Z</time>
			</trkpt>
			<trkpt lat="44.96364" lon="2.87718">
				<ele>1023.62</ele>
				<time>2026-05-28T16:41:02.940Z</time>
			</trkpt>
			<trkpt lat="44.96381" lon="2.87652">
				<ele>1023.38</ele>
				<time>2026-05-28T16:41:06.687Z</time>
			</trkpt>
			<trkpt lat="44.96387" lon="2.87639">
				<ele>1023.12</ele>
				<time>2026-05-28T16:41:07.511Z</time>
			</trkpt>
			<trkpt lat="44.96412" lon="2.87608">
				<ele>1024.83</ele>
				<time>2026-05-28T16:41:10.000Z</time>
			</trkpt>
			<trkpt lat="44.96501" lon="2.87509">
				<ele>1028.84</ele>
				<time>2026-05-28T16:41:18.386Z</time>
			</trkpt>
			<trkpt lat="44.96532" lon="2.87482">
				<ele>1028.88</ele>
				<time>2026-05-28T16:41:21.057Z</time>
			</trkpt>
			<trkpt lat="44.96557" lon="2.87464">
				<ele>1032.02</ele>
				<time>2026-05-28T16:41:23.107Z</time>
			</trkpt>
			<trkpt lat="44.9663" lon="2.87427">
				<ele>1038.32</ele>
				<time>2026-05-28T16:41:28.740Z</time>
			</trkpt>
			<trkpt lat="44.96673" lon="2.87393">
				<ele>1040.67</ele>
				<time>2026-05-28T16:41:32.294Z</time>
			</trkpt>
			<trkpt lat="44.96696" lon="2.87353">
				<ele>1043.5</ele>
				<time>2026-05-28T16:41:34.913Z</time>
			</trkpt>
			<trkpt lat="44.96714" lon="2.87308">
				<ele>1045.72</ele>
				<time>2026-05-28T16:41:37.529Z</time>
			</trkpt>
			<trkpt lat="44.96759" lon="2.87178">
				<ele>1049.54</ele>
				<time>2026-05-28T16:41:44.805Z</time>
			</trkpt>
			<trkpt lat="44.96764" lon="2.87141">
				<ele>1050.75</ele>
				<time>2026-05-28T16:41:46.688Z</time>
			</trkpt>
			<trkpt lat="44.96763" lon="2.87118">
				<ele>1050.67</ele>
				<time>2026-05-28T16:41:47.838Z</time>
			</trkpt>
			<trkpt lat="44.96754" lon="2.87075">
				<ele>1050.95</ele>
				<time>2026-05-28T16:41:50.070Z</time>
			</trkpt>
			<trkpt lat="44.96696" lon="2.86959">
				<ele>1055.82</ele>
				<time>2026-05-28T16:41:57.106Z</time>
			</trkpt>
			<trkpt lat="44.96686" lon="2.86927">
				<ele>1056.29</ele>
				<time>2026-05-28T16:41:58.830Z</time>
			</trkpt>
			<trkpt lat="44.96683" lon="2.86878">
				<ele>1058.15</ele>
				<time>2026-05-28T16:42:01.250Z</time>
			</trkpt>
			<trkpt lat="44.96693" lon="2.86781">
				<ele>1063.99</ele>
				<time>2026-05-28T16:42:06.057Z</time>
			</trkpt>
			<trkpt lat="44.96704" lon="2.866">
				<ele>1068.71</ele>
				<time>2026-05-28T16:42:14.916Z</time>
			</trkpt>
			<trkpt lat="44.96722" lon="2.86364">
				<ele>1080.74</ele>
				<time>2026-05-28T16:42:26.416Z</time>
			</trkpt>
			<trkpt lat="44.9672" lon="2.86334">
				<ele>1083.02</ele>
				<time>2026-05-28T16:42:27.872Z</time>
			</trkpt>
			<trkpt lat="44.96714" lon="2.86314">
				<ele>1084.21</ele>
				<time>2026-05-28T16:42:28.921Z</time>
			</trkpt>
			<trkpt lat="44.96684" lon="2.86236">
				<ele>1087.3</ele>
				<time>2026-05-28T16:42:33.203Z</time>
			</trkpt>
			<trkpt lat="44.9662" lon="2.85902">
				<ele>1099.17</ele>
				<time>2026-05-28T16:42:49.871Z</time>
			</trkpt>
			<trkpt lat="44.96593" lon="2.85745">
				<ele>1107.52</ele>
				<time>2026-05-28T16:42:57.661Z</time>
			</trkpt>
			<trkpt lat="44.96578" lon="2.85675">
				<ele>1108.81</ele>
				<time>2026-05-28T16:43:01.193Z</time>
			</trkpt>
			<trkpt lat="44.96546" lon="2.85578">
				<ele>1109.18</ele>
				<time>2026-05-28T16:43:06.371Z</time>
			</trkpt>
			<trkpt lat="44.96485" lon="2.8541">
				<ele>1112.97</ele>
				<time>2026-05-28T16:43:15.543Z</time>
			</trkpt>
			<trkpt lat="44.96434" lon="2.85294">
				<ele>1115.4</ele>
				<time>2026-05-28T16:43:22.214Z</time>
			</trkpt>
			<trkpt lat="44.96413" lon="2.85257">
				<ele>1116.35</ele>
				<time>2026-05-28T16:43:24.540Z</time>
			</trkpt>
			<trkpt lat="44.96394" lon="2.85215">
				<ele>1115.63</ele>
				<time>2026-05-28T16:43:26.990Z</time>
			</trkpt>
			<trkpt lat="44.96378" lon="2.85168">
				<ele>1115.16</ele>
				<time>2026-05-28T16:43:29.559Z</time>
			</trkpt>
			<trkpt lat="44.96332" lon="2.84994">
				<ele>1119.19</ele>
				<time>2026-05-28T16:43:38.766Z</time>
			</trkpt>
			<trkpt lat="44.963" lon="2.84837">
				<ele>1114.98</ele>
				<time>2026-05-28T16:43:46.948Z</time>
			</trkpt>
			<trkpt lat="44.96274" lon="2.84693">
				<ele>1110.98</ele>
				<time>2026-05-28T16:43:54.468Z</time>
			</trkpt>
			<trkpt lat="44.96109" lon="2.84713">
				<ele>1111.49</ele>
				<time>2026-05-28T16:44:06.483Z</time>
			</trkpt>
			<trkpt lat="44.96052" lon="2.8472">
				<ele>1112</ele>
				<time>2026-05-28T16:44:10.688Z</time>
			</trkpt>
			<trkpt lat="44.96015" lon="2.84718">
				<ele>1111.14</ele>
				<time>2026-05-28T16:44:13.426Z</time>
			</trkpt>
			<trkpt lat="44.95768" lon="2.84661">
				<ele>1108.51</ele>
				<time>2026-05-28T16:44:32.595Z</time>
			</trkpt>
			<trkpt lat="44.95738" lon="2.84647">
				<ele>1109.68</ele>
				<time>2026-05-28T16:44:35.016Z</time>
			</trkpt>
			<trkpt lat="44.95524" lon="2.84469">
				<ele>1112.93</ele>
				<time>2026-05-28T16:44:53.875Z</time>
			</trkpt>
			<trkpt lat="44.9527" lon="2.84256">
				<ele>1102.22</ele>
				<time>2026-05-28T16:45:15.966Z</time>
			</trkpt>
			<trkpt lat="44.95231" lon="2.84237">
				<ele>1101.38</ele>
				<time>2026-05-28T16:45:19.027Z</time>
			</trkpt>
			<trkpt lat="44.95225" lon="2.84227">
				<ele>1101.1</ele>
				<time>2026-05-28T16:45:19.715Z</time>
			</trkpt>
			<trkpt lat="44.9522" lon="2.84214">
				<ele>1100.02</ele>
				<time>2026-05-28T16:45:20.491Z</time>
			</trkpt>
			<trkpt lat="44.95201" lon="2.8413">
				<ele>1093.48</ele>
				<time>2026-05-28T16:45:25.109Z</time>
			</trkpt>
			<trkpt lat="44.95189" lon="2.84097">
				<ele>1090.98</ele>
				<time>2026-05-28T16:45:27.048Z</time>
			</trkpt>
			<trkpt lat="44.95178" lon="2.8408">
				<ele>1089.82</ele>
				<time>2026-05-28T16:45:28.251Z</time>
			</trkpt>
			<trkpt lat="44.95129" lon="2.84034">
				<ele>1086.33</ele>
				<time>2026-05-28T16:45:32.588Z</time>
			</trkpt>
			<trkpt lat="44.95111" lon="2.84027">
				<ele>1086</ele>
				<time>2026-05-28T16:45:33.962Z</time>
			</trkpt>
			<trkpt lat="44.95097" lon="2.84028">
				<ele>1084.97</ele>
				<time>2026-05-28T16:45:34.993Z</time>
			</trkpt>
			<trkpt lat="44.95083" lon="2.84034">
				<ele>1083.78</ele>
				<time>2026-05-28T16:45:36.069Z</time>
			</trkpt>
			<trkpt lat="44.9504" lon="2.84114">
				<ele>1077.9</ele>
				<time>2026-05-28T16:45:41.292Z</time>
			</trkpt>
			<trkpt lat="44.95019" lon="2.84149">
				<ele>1075.79</ele>
				<time>2026-05-28T16:45:43.674Z</time>
			</trkpt>
			<trkpt lat="44.94965" lon="2.84216">
				<ele>1069.43</ele>
				<time>2026-05-28T16:45:48.939Z</time>
			</trkpt>
			<trkpt lat="44.94932" lon="2.84243">
				<ele>1067.59</ele>
				<time>2026-05-28T16:45:51.730Z</time>
			</trkpt>
			<trkpt lat="44.94922" lon="2.84246">
				<ele>1066.56</ele>
				<time>2026-05-28T16:45:52.477Z</time>
			</trkpt>
			<trkpt lat="44.9491" lon="2.8424">
				<ele>1065.36</ele>
				<time>2026-05-28T16:45:53.408Z</time>
			</trkpt>
			<trkpt lat="44.94904" lon="2.84233">
				<ele>1064.64</ele>
				<time>2026-05-28T16:45:53.977Z</time>
			</trkpt>
			<trkpt lat="44.94887" lon="2.84195">
				<ele>1061.91</ele>
				<time>2026-05-28T16:45:56.302Z</time>
			</trkpt>
			<trkpt lat="44.94881" lon="2.84171">
				<ele>1061.27</ele>
				<time>2026-05-28T16:45:57.619Z</time>
			</trkpt>
			<trkpt lat="44.94879" lon="2.8415">
				<ele>1060</ele>
				<time>2026-05-28T16:45:58.714Z</time>
			</trkpt>
			<trkpt lat="44.94874" lon="2.84136">
				<ele>1058.83</ele>
				<time>2026-05-28T16:45:59.524Z</time>
			</trkpt>
			<trkpt lat="44.94867" lon="2.84128">
				<ele>1057.81</ele>
				<time>2026-05-28T16:46:00.182Z</time>
			</trkpt>
			<trkpt lat="44.94855" lon="2.84128">
				<ele>1057</ele>
				<time>2026-05-28T16:46:01.058Z</time>
			</trkpt>
			<trkpt lat="44.94832" lon="2.84135">
				<ele>1055.99</ele>
				<time>2026-05-28T16:46:02.775Z</time>
			</trkpt>
			<trkpt lat="44.94688" lon="2.84238">
				<ele>1048.09</ele>
				<time>2026-05-28T16:46:14.546Z</time>
			</trkpt>
			<trkpt lat="44.94659" lon="2.84258">
				<ele>1046.09</ele>
				<time>2026-05-28T16:46:16.898Z</time>
			</trkpt>
			<trkpt lat="44.94627" lon="2.84286">
				<ele>1044.04</ele>
				<time>2026-05-28T16:46:19.641Z</time>
			</trkpt>
			<trkpt lat="44.94607" lon="2.84309">
				<ele>1043.88</ele>
				<time>2026-05-28T16:46:21.521Z</time>
			</trkpt>
			<trkpt lat="44.94588" lon="2.84321">
				<ele>1043.38</ele>
				<time>2026-05-28T16:46:23.038Z</time>
			</trkpt>
			<trkpt lat="44.9458" lon="2.8432">
				<ele>1043.15</ele>
				<time>2026-05-28T16:46:23.623Z</time>
			</trkpt>
			<trkpt lat="44.94572" lon="2.84314">
				<ele>1043.01</ele>
				<time>2026-05-28T16:46:24.284Z</time>
			</trkpt>
			<trkpt lat="44.94563" lon="2.84303">
				<ele>1042.54</ele>
				<time>2026-05-28T16:46:25.151Z</time>
			</trkpt>
			<trkpt lat="44.94555" lon="2.84289">
				<ele>1041.31</ele>
				<time>2026-05-28T16:46:26.080Z</time>
			</trkpt>
			<trkpt lat="44.94516" lon="2.84207">
				<ele>1035.07</ele>
				<time>2026-05-28T16:46:31.178Z</time>
			</trkpt>
			<trkpt lat="44.94506" lon="2.84192">
				<ele>1034.63</ele>
				<time>2026-05-28T16:46:32.242Z</time>
			</trkpt>
			<trkpt lat="44.94494" lon="2.8418">
				<ele>1034.08</ele>
				<time>2026-05-28T16:46:33.315Z</time>
			</trkpt>
			<trkpt lat="44.9448" lon="2.84174">
				<ele>1033.73</ele>
				<time>2026-05-28T16:46:34.382Z</time>
			</trkpt>
			<trkpt lat="44.94453" lon="2.84168">
				<ele>1032.48</ele>
				<time>2026-05-28T16:46:36.377Z</time>
			</trkpt>
			<trkpt lat="44.94424" lon="2.84166">
				<ele>1030.48</ele>
				<time>2026-05-28T16:46:38.496Z</time>
			</trkpt>
			<trkpt lat="44.94389" lon="2.8417">
				<ele>1030.38</ele>
				<time>2026-05-28T16:46:41.061Z</time>
			</trkpt>
			<trkpt lat="44.94325" lon="2.84197">
				<ele>1030.88</ele>
				<time>2026-05-28T16:46:45.943Z</time>
			</trkpt>
			<trkpt lat="44.94282" lon="2.84205">
				<ele>1031.61</ele>
				<time>2026-05-28T16:46:49.116Z</time>
			</trkpt>
			<trkpt lat="44.94245" lon="2.84208">
				<ele>1032.08</ele>
				<time>2026-05-28T16:46:51.830Z</time>
			</trkpt>
			<trkpt lat="44.94106" lon="2.84183">
				<ele>1020.21</ele>
				<time>2026-05-28T16:47:02.113Z</time>
			</trkpt>
			<trkpt lat="44.94071" lon="2.8417">
				<ele>1017.91</ele>
				<time>2026-05-28T16:47:04.775Z</time>
			</trkpt>
			<trkpt lat="44.94034" lon="2.84133">
				<ele>1013.35</ele>
				<time>2026-05-28T16:47:08.114Z</time>
			</trkpt>
			<trkpt lat="44.94" lon="2.84113">
				<ele>1011.58</ele>
				<time>2026-05-28T16:47:10.831Z</time>
			</trkpt>
			<trkpt lat="44.93918" lon="2.84075">
				<ele>1002.91</ele>
				<time>2026-05-28T16:47:17.211Z</time>
			</trkpt>
			<trkpt lat="44.93897" lon="2.84068">
				<ele>999.93</ele>
				<time>2026-05-28T16:47:18.809Z</time>
			</trkpt>
			<trkpt lat="44.93858" lon="2.84066">
				<ele>994.82</ele>
				<time>2026-05-28T16:47:21.704Z</time>
			</trkpt>
			<trkpt lat="44.93818" lon="2.84069">
				<ele>992.18</ele>
				<time>2026-05-28T16:47:24.680Z</time>
			</trkpt>
			<trkpt lat="44.93803" lon="2.84074">
				<ele>991.38</ele>
				<time>2026-05-28T16:47:25.826Z</time>
			</trkpt>
			<trkpt lat="44.93782" lon="2.84085">
				<ele>989.27</ele>
				<time>2026-05-28T16:47:27.494Z</time>
			</trkpt>
			<trkpt lat="44.93731" lon="2.84121">
				<ele>988.4</ele>
				<time>2026-05-28T16:47:31.747Z</time>
			</trkpt>
			<trkpt lat="44.9371" lon="2.84131">
				<ele>987.55</ele>
				<time>2026-05-28T16:47:33.403Z</time>
			</trkpt>
			<trkpt lat="44.93649" lon="2.84138">
				<ele>982.17</ele>
				<time>2026-05-28T16:47:37.986Z</time>
			</trkpt>
			<trkpt lat="44.9361" lon="2.84146">
				<ele>979.19</ele>
				<time>2026-05-28T16:47:40.946Z</time>
			</trkpt>
			<trkpt lat="44.9359" lon="2.84154">
				<ele>977.13</ele>
				<time>2026-05-28T16:47:42.509Z</time>
			</trkpt>
			<trkpt lat="44.93572" lon="2.84165">
				<ele>976.27</ele>
				<time>2026-05-28T16:47:43.986Z</time>
			</trkpt>
			<trkpt lat="44.93561" lon="2.84175">
				<ele>975.93</ele>
				<time>2026-05-28T16:47:44.972Z</time>
			</trkpt>
			<trkpt lat="44.93551" lon="2.8419">
				<ele>975.66</ele>
				<time>2026-05-28T16:47:46.072Z</time>
			</trkpt>
			<trkpt lat="44.93534" lon="2.8424">
				<ele>974.08</ele>
				<time>2026-05-28T16:47:49.039Z</time>
			</trkpt>
			<trkpt lat="44.93517" lon="2.8427">
				<ele>972.55</ele>
				<time>2026-05-28T16:47:51.098Z</time>
			</trkpt>
			<trkpt lat="44.93509" lon="2.84281">
				<ele>972.13</ele>
				<time>2026-05-28T16:47:51.944Z</time>
			</trkpt>
			<trkpt lat="44.93499" lon="2.84289">
				<ele>971.35</ele>
				<time>2026-05-28T16:47:52.816Z</time>
			</trkpt>
			<trkpt lat="44.93469" lon="2.84309">
				<ele>968.07</ele>
				<time>2026-05-28T16:47:55.335Z</time>
			</trkpt>
			<trkpt lat="44.93434" lon="2.84323">
				<ele>966.74</ele>
				<time>2026-05-28T16:47:58.104Z</time>
			</trkpt>
			<trkpt lat="44.934" lon="2.84325">
				<ele>964.98</ele>
				<time>2026-05-28T16:48:00.700Z</time>
			</trkpt>
			<trkpt lat="44.93361" lon="2.84321">
				<ele>962.59</ele>
				<time>2026-05-28T16:48:03.690Z</time>
			</trkpt>
			<trkpt lat="44.93255" lon="2.84303">
				<ele>961.56</ele>
				<time>2026-05-28T16:48:11.896Z</time>
			</trkpt>
			<trkpt lat="44.93242" lon="2.84305">
				<ele>963.25</ele>
				<time>2026-05-28T16:48:12.906Z</time>
			</trkpt>
			<trkpt lat="44.93231" lon="2.84314">
				<ele>964.62</ele>
				<time>2026-05-28T16:48:13.888Z</time>
			</trkpt>
			<trkpt lat="44.93192" lon="2.84374">
				<ele>960.97</ele>
				<time>2026-05-28T16:48:18.355Z</time>
			</trkpt>
			<trkpt lat="44.93182" lon="2.84381">
				<ele>960.07</ele>
				<time>2026-05-28T16:48:19.222Z</time>
			</trkpt>
			<trkpt lat="44.9317" lon="2.84383">
				<ele>959.5</ele>
				<time>2026-05-28T16:48:20.161Z</time>
			</trkpt>
			<trkpt lat="44.93132" lon="2.84377">
				<ele>957.8</ele>
				<time>2026-05-28T16:48:23.140Z</time>
			</trkpt>
			<trkpt lat="44.93106" lon="2.84367">
				<ele>956.25</ele>
				<time>2026-05-28T16:48:25.244Z</time>
			</trkpt>
			<trkpt lat="44.93092" lon="2.84355">
				<ele>954.65</ele>
				<time>2026-05-28T16:48:26.525Z</time>
			</trkpt>
			<trkpt lat="44.93037" lon="2.84279">
				<ele>955.63</ele>
				<time>2026-05-28T16:48:32.568Z</time>
			</trkpt>
			<trkpt lat="44.93029" lon="2.84257">
				<ele>955.1</ele>
				<time>2026-05-28T16:48:33.948Z</time>
			</trkpt>
			<trkpt lat="44.93011" lon="2.84164">
				<ele>955</ele>
				<time>2026-05-28T16:48:39.349Z</time>
			</trkpt>
			<trkpt lat="44.93002" lon="2.8414">
				<ele>953.59</ele>
				<time>2026-05-28T16:48:40.876Z</time>
			</trkpt>
			<trkpt lat="44.92989" lon="2.84118">
				<ele>953.11</ele>
				<time>2026-05-28T16:48:42.491Z</time>
			</trkpt>
			<trkpt lat="44.92967" lon="2.84097">
				<ele>952.52</ele>
				<time>2026-05-28T16:48:44.608Z</time>
			</trkpt>
			<trkpt lat="44.92889" lon="2.84048">
				<ele>950.77</ele>
				<time>2026-05-28T16:48:51.449Z</time>
			</trkpt>
			<trkpt lat="44.92871" lon="2.84029">
				<ele>947.2</ele>
				<time>2026-05-28T16:48:53.259Z</time>
			</trkpt>
			<trkpt lat="44.92856" lon="2.84009">
				<ele>943.55</ele>
				<time>2026-05-28T16:48:54.923Z</time>
			</trkpt>
			<trkpt lat="44.92842" lon="2.83999">
				<ele>942.28</ele>
				<time>2026-05-28T16:48:56.192Z</time>
			</trkpt>
			<trkpt lat="44.92827" lon="2.83997">
				<ele>942.36</ele>
				<time>2026-05-28T16:48:57.412Z</time>
			</trkpt>
			<trkpt lat="44.92766" lon="2.84016">
				<ele>944.46</ele>
				<time>2026-05-28T16:49:02.488Z</time>
			</trkpt>
			<trkpt lat="44.92692" lon="2.84029">
				<ele>943.29</ele>
				<time>2026-05-28T16:49:08.589Z</time>
			</trkpt>
			<trkpt lat="44.92675" lon="2.84026">
				<ele>942.8</ele>
				<time>2026-05-28T16:49:09.997Z</time>
			</trkpt>
			<trkpt lat="44.92656" lon="2.84015">
				<ele>941.32</ele>
				<time>2026-05-28T16:49:11.688Z</time>
			</trkpt>
			<trkpt lat="44.926" lon="2.83965">
				<ele>942.4</ele>
				<time>2026-05-28T16:49:17.168Z</time>
			</trkpt>
			<trkpt lat="44.92581" lon="2.83938">
				<ele>942.9</ele>
				<time>2026-05-28T16:49:19.408Z</time>
			</trkpt>
			<trkpt lat="44.92533" lon="2.83848">
				<ele>939.38</ele>
				<time>2026-05-28T16:49:26.076Z</time>
			</trkpt>
			<trkpt lat="44.92492" lon="2.83803">
				<ele>941.51</ele>
				<time>2026-05-28T16:49:30.447Z</time>
			</trkpt>
			<trkpt lat="44.92452" lon="2.83763">
				<ele>936.87</ele>
				<time>2026-05-28T16:49:34.596Z</time>
			</trkpt>
			<trkpt lat="44.92421" lon="2.83743">
				<ele>937.09</ele>
				<time>2026-05-28T16:49:37.494Z</time>
			</trkpt>
			<trkpt lat="44.92329" lon="2.83708">
				<ele>934.87</ele>
				<time>2026-05-28T16:49:45.657Z</time>
			</trkpt>
			<trkpt lat="44.92311" lon="2.83706">
				<ele>932.89</ele>
				<time>2026-05-28T16:49:47.213Z</time>
			</trkpt>
			<trkpt lat="44.92278" lon="2.83713">
				<ele>933.02</ele>
				<time>2026-05-28T16:49:50.099Z</time>
			</trkpt>
			<trkpt lat="44.92227" lon="2.83732">
				<ele>935.14</ele>
				<time>2026-05-28T16:49:54.683Z</time>
			</trkpt>
			<trkpt lat="44.92211" lon="2.83745">
				<ele>936.16</ele>
				<time>2026-05-28T16:49:56.294Z</time>
			</trkpt>
			<trkpt lat="44.92205" lon="2.83757">
				<ele>936.77</ele>
				<time>2026-05-28T16:49:57.204Z</time>
			</trkpt>
			<trkpt lat="44.92201" lon="2.83775">
				<ele>937.75</ele>
				<time>2026-05-28T16:49:58.373Z</time>
			</trkpt>
			<trkpt lat="44.92191" lon="2.83928">
				<ele>945.78</ele>
				<time>2026-05-28T16:50:07.969Z</time>
			</trkpt>
			<trkpt lat="44.92184" lon="2.8398">
				<ele>946.76</ele>
				<time>2026-05-28T16:50:11.304Z</time>
			</trkpt>
			<trkpt lat="44.92185" lon="2.83983">
				<ele>947.08</ele>
				<time>2026-05-28T16:50:11.514Z</time>
			</trkpt>
			<trkpt lat="44.92177" lon="2.84003">
				<ele>947.16</ele>
				<time>2026-05-28T16:50:12.966Z</time>
			</trkpt>
			<trkpt lat="44.92185" lon="2.84015">
				<ele>948.71</ele>
				<time>2026-05-28T16:50:14.010Z</time>
			</trkpt>
			<trkpt lat="44.92193" lon="2.8404">
				<ele>951.34</ele>
				<time>2026-05-28T16:50:15.752Z</time>
			</trkpt>
			<trkpt lat="44.92203" lon="2.84081">
				<ele>957.79</ele>
				<time>2026-05-28T16:50:18.513Z</time>
			</trkpt>
			<trkpt lat="44.92222" lon="2.84136">
				<ele>963.89</ele>
				<time>2026-05-28T16:50:22.427Z</time>
			</trkpt>
			<trkpt lat="44.92224" lon="2.8416">
				<ele>965.68</ele>
				<time>2026-05-28T16:50:23.979Z</time>
			</trkpt>
			<trkpt lat="44.9222" lon="2.8418">
				<ele>966.49</ele>
				<time>2026-05-28T16:50:25.316Z</time>
			</trkpt>
			<trkpt lat="44.92205" lon="2.84222">
				<ele>969.61</ele>
				<time>2026-05-28T16:50:28.352Z</time>
			</trkpt>
			<trkpt lat="44.92199" lon="2.84246">
				<ele>972.47</ele>
				<time>2026-05-28T16:50:30.000Z</time>
			</trkpt>
			<trkpt lat="44.92199" lon="2.84261">
				<ele>973.78</ele>
				<time>2026-05-28T16:50:30.973Z</time>
			</trkpt>
			<trkpt lat="44.92202" lon="2.84277">
				<ele>975.28</ele>
				<time>2026-05-28T16:50:32.048Z</time>
			</trkpt>
			<trkpt lat="44.92244" lon="2.84415">
				<ele>985.79</ele>
				<time>2026-05-28T16:50:43.951Z</time>
			</trkpt>
			<trkpt lat="44.92252" lon="2.84459">
				<ele>987</ele>
				<time>2026-05-28T16:50:50.138Z</time>
			</trkpt>
			<trkpt lat="44.92244" lon="2.84415">
				<ele>985.79</ele>
				<time>2026-05-28T16:50:57.363Z</time>
			</trkpt>
			<trkpt lat="44.92202" lon="2.84277">
				<ele>975.28</ele>
				<time>2026-05-28T16:51:25.061Z</time>
			</trkpt>
			<trkpt lat="44.92199" lon="2.84261">
				<ele>973.78</ele>
				<time>2026-05-28T16:51:28.175Z</time>
			</trkpt>
			<trkpt lat="44.92199" lon="2.84246">
				<ele>972.47</ele>
				<time>2026-05-28T16:51:30.965Z</time>
			</trkpt>
			<trkpt lat="44.92205" lon="2.84222">
				<ele>969.61</ele>
				<time>2026-05-28T16:51:35.598Z</time>
			</trkpt>
			<trkpt lat="44.9222" lon="2.8418">
				<ele>966.49</ele>
				<time>2026-05-28T16:51:43.675Z</time>
			</trkpt>
			<trkpt lat="44.92224" lon="2.8416">
				<ele>965.68</ele>
				<time>2026-05-28T16:51:46.977Z</time>
			</trkpt>
			<trkpt lat="44.92222" lon="2.84136">
				<ele>963.89</ele>
				<time>2026-05-28T16:51:50.561Z</time>
			</trkpt>
			<trkpt lat="44.92203" lon="2.84081">
				<ele>957.79</ele>
				<time>2026-05-28T16:51:58.126Z</time>
			</trkpt>
			<trkpt lat="44.92193" lon="2.8404">
				<ele>951.34</ele>
				<time>2026-05-28T16:52:02.281Z</time>
			</trkpt>
			<trkpt lat="44.92185" lon="2.84015">
				<ele>948.71</ele>
				<time>2026-05-28T16:52:04.596Z</time>
			</trkpt>
			<trkpt lat="44.92177" lon="2.84003">
				<ele>947.16</ele>
				<time>2026-05-28T16:52:05.899Z</time>
			</trkpt>
			<trkpt lat="44.92185" lon="2.83983">
				<ele>947.08</ele>
				<time>2026-05-28T16:52:07.629Z</time>
			</trkpt>
			<trkpt lat="44.92184" lon="2.8398">
				<ele>946.76</ele>
				<time>2026-05-28T16:52:07.872Z</time>
			</trkpt>
			<trkpt lat="44.92191" lon="2.83928">
				<ele>945.78</ele>
				<time>2026-05-28T16:52:11.635Z</time>
			</trkpt>
			<trkpt lat="44.92201" lon="2.83775">
				<ele>937.75</ele>
				<time>2026-05-28T16:52:24.190Z</time>
			</trkpt>
			<trkpt lat="44.92205" lon="2.83757">
				<ele>936.77</ele>
				<time>2026-05-28T16:52:26.351Z</time>
			</trkpt>
			<trkpt lat="44.92199" lon="2.83752">
				<ele>935.78</ele>
				<time>2026-05-28T16:52:27.603Z</time>
			</trkpt>
			<trkpt lat="44.92198" lon="2.83748">
				<ele>935.32</ele>
				<time>2026-05-28T16:52:28.164Z</time>
			</trkpt>
			<trkpt lat="44.92201" lon="2.83734">
				<ele>933.82</ele>
				<time>2026-05-28T16:52:30.183Z</time>
			</trkpt>
			<trkpt lat="44.92212" lon="2.83719">
				<ele>931.93</ele>
				<time>2026-05-28T16:52:33.322Z</time>
			</trkpt>
			<trkpt lat="44.92264" lon="2.83686">
				<ele>923.45</ele>
				<time>2026-05-28T16:52:44.431Z</time>
			</trkpt>
			<trkpt lat="44.92314" lon="2.8366">
				<ele>915.89</ele>
				<time>2026-05-28T16:52:51.271Z</time>
			</trkpt>
			<trkpt lat="44.92318" lon="2.83653">
				<ele>914.91</ele>
				<time>2026-05-28T16:52:52.265Z</time>
			</trkpt>
			<trkpt lat="44.92319" lon="2.83642">
				<ele>913.13</ele>
				<time>2026-05-28T16:52:53.556Z</time>
			</trkpt>
			<trkpt lat="44.92323" lon="2.83639">
				<ele>912.8</ele>
				<time>2026-05-28T16:52:54.331Z</time>
			</trkpt>
			<trkpt lat="44.9233" lon="2.83629">
				<ele>912.21</ele>
				<time>2026-05-28T16:52:56.109Z</time>
			</trkpt>
			<trkpt lat="44.92318" lon="2.83619">
				<ele>911.43</ele>
				<time>2026-05-28T16:52:58.747Z</time>
			</trkpt>
			<trkpt lat="44.92085" lon="2.83572">
				<ele>905.9</ele>
				<time>2026-05-28T16:53:55.654Z</time>
			</trkpt>
			<trkpt lat="44.92069" lon="2.83572">
				<ele>905.11</ele>
				<time>2026-05-28T16:53:58.489Z</time>
			</trkpt>
			<trkpt lat="44.92057" lon="2.83577">
				<ele>904.74</ele>
				<time>2026-05-28T16:54:00.156Z</time>
			</trkpt>
			<trkpt lat="44.92035" lon="2.83599">
				<ele>903.29</ele>
				<time>2026-05-28T16:54:02.698Z</time>
			</trkpt>
			<trkpt lat="44.92029" lon="2.83618">
				<ele>902.88</ele>
				<time>2026-05-28T16:54:04.072Z</time>
			</trkpt>
			<trkpt lat="44.92024" lon="2.83638">
				<ele>903.57</ele>
				<time>2026-05-28T16:54:05.470Z</time>
			</trkpt>
			<trkpt lat="44.91999" lon="2.83839">
				<ele>895.38</ele>
				<time>2026-05-28T16:54:18.780Z</time>
			</trkpt>
			<trkpt lat="44.91994" lon="2.8386">
				<ele>896.4</ele>
				<time>2026-05-28T16:54:20.209Z</time>
			</trkpt>
			<trkpt lat="44.91987" lon="2.83878">
				<ele>896.64</ele>
				<time>2026-05-28T16:54:21.531Z</time>
			</trkpt>
			<trkpt lat="44.91981" lon="2.8389">
				<ele>896.42</ele>
				<time>2026-05-28T16:54:22.476Z</time>
			</trkpt>
			<trkpt lat="44.91973" lon="2.839">
				<ele>896.04</ele>
				<time>2026-05-28T16:54:23.444Z</time>
			</trkpt>
			<trkpt lat="44.91926" lon="2.83945">
				<ele>891.84</ele>
				<time>2026-05-28T16:54:28.569Z</time>
			</trkpt>
			<trkpt lat="44.91849" lon="2.8401">
				<ele>888.33</ele>
				<time>2026-05-28T16:54:36.587Z</time>
			</trkpt>
			<trkpt lat="44.91828" lon="2.84024">
				<ele>888.8</ele>
				<time>2026-05-28T16:54:38.647Z</time>
			</trkpt>
			<trkpt lat="44.91804" lon="2.84035">
				<ele>890.29</ele>
				<time>2026-05-28T16:54:40.878Z</time>
			</trkpt>
			<trkpt lat="44.91722" lon="2.8406">
				<ele>887.77</ele>
				<time>2026-05-28T16:54:48.246Z</time>
			</trkpt>
			<trkpt lat="44.91694" lon="2.84063">
				<ele>886.09</ele>
				<time>2026-05-28T16:54:50.694Z</time>
			</trkpt>
			<trkpt lat="44.91618" lon="2.84057">
				<ele>885.69</ele>
				<time>2026-05-28T16:54:57.288Z</time>
			</trkpt>
			<trkpt lat="44.9159" lon="2.84048">
				<ele>887.76</ele>
				<time>2026-05-28T16:54:59.759Z</time>
			</trkpt>
			<trkpt lat="44.91569" lon="2.84027">
				<ele>885.5</ele>
				<time>2026-05-28T16:55:01.966Z</time>
			</trkpt>
			<trkpt lat="44.9155" lon="2.84018">
				<ele>885.6</ele>
				<time>2026-05-28T16:55:03.679Z</time>
			</trkpt>
			<trkpt lat="44.9145" lon="2.84006">
				<ele>884.21</ele>
				<time>2026-05-28T16:55:12.198Z</time>
			</trkpt>
			<trkpt lat="44.91364" lon="2.84015">
				<ele>876.85</ele>
				<time>2026-05-28T16:55:19.436Z</time>
			</trkpt>
			<trkpt lat="44.91218" lon="2.84038">
				<ele>878.42</ele>
				<time>2026-05-28T16:55:31.595Z</time>
			</trkpt>
			<trkpt lat="44.91176" lon="2.84031">
				<ele>876.61</ele>
				<time>2026-05-28T16:55:35.057Z</time>
			</trkpt>
			<trkpt lat="44.91124" lon="2.84019">
				<ele>877.32</ele>
				<time>2026-05-28T16:55:39.347Z</time>
			</trkpt>
			<trkpt lat="44.90988" lon="2.83995">
				<ele>872.36</ele>
				<time>2026-05-28T16:55:50.387Z</time>
			</trkpt>
			<trkpt lat="44.90955" lon="2.83985">
				<ele>870.21</ele>
				<time>2026-05-28T16:55:53.080Z</time>
			</trkpt>
			<trkpt lat="44.90817" lon="2.84027">
				<ele>860.31</ele>
				<time>2026-05-28T16:56:04.238Z</time>
			</trkpt>
			<trkpt lat="44.90789" lon="2.84044">
				<ele>860.24</ele>
				<time>2026-05-28T16:56:06.626Z</time>
			</trkpt>
			<trkpt lat="44.9077" lon="2.84076">
				<ele>861.93</ele>
				<time>2026-05-28T16:56:08.935Z</time>
			</trkpt>
			<trkpt lat="44.90736" lon="2.84144">
				<ele>857.88</ele>
				<time>2026-05-28T16:56:13.518Z</time>
			</trkpt>
			<trkpt lat="44.90628" lon="2.84344">
				<ele>847.04</ele>
				<time>2026-05-28T16:56:27.202Z</time>
			</trkpt>
			<trkpt lat="44.90614" lon="2.84365">
				<ele>847.25</ele>
				<time>2026-05-28T16:56:28.757Z</time>
			</trkpt>
			<trkpt lat="44.90589" lon="2.84393">
				<ele>848.03</ele>
				<time>2026-05-28T16:56:31.179Z</time>
			</trkpt>
			<trkpt lat="44.90516" lon="2.84452">
				<ele>843.11</ele>
				<time>2026-05-28T16:56:37.529Z</time>
			</trkpt>
			<trkpt lat="44.90503" lon="2.84461">
				<ele>842.99</ele>
				<time>2026-05-28T16:56:38.617Z</time>
			</trkpt>
			<trkpt lat="44.90489" lon="2.84466">
				<ele>844.13</ele>
				<time>2026-05-28T16:56:39.701Z</time>
			</trkpt>
			<trkpt lat="44.90473" lon="2.84468">
				<ele>845.51</ele>
				<time>2026-05-28T16:56:40.905Z</time>
			</trkpt>
			<trkpt lat="44.90456" lon="2.84466">
				<ele>846.33</ele>
				<time>2026-05-28T16:56:42.181Z</time>
			</trkpt>
			<trkpt lat="44.90425" lon="2.84468">
				<ele>844.83</ele>
				<time>2026-05-28T16:56:44.499Z</time>
			</trkpt>
			<trkpt lat="44.90401" lon="2.8448">
				<ele>844.08</ele>
				<time>2026-05-28T16:56:46.396Z</time>
			</trkpt>
			<trkpt lat="44.90353" lon="2.84497">
				<ele>842.38</ele>
				<time>2026-05-28T16:56:50.071Z</time>
			</trkpt>
			<trkpt lat="44.90317" lon="2.84498">
				<ele>843.29</ele>
				<time>2026-05-28T16:56:52.735Z</time>
			</trkpt>
			<trkpt lat="44.90275" lon="2.84487">
				<ele>841.5</ele>
				<time>2026-05-28T16:56:55.886Z</time>
			</trkpt>
			<trkpt lat="44.90255" lon="2.84484">
				<ele>839.23</ele>
				<time>2026-05-28T16:56:57.365Z</time>
			</trkpt>
			<trkpt lat="44.90247" lon="2.84485">
				<ele>838.66</ele>
				<time>2026-05-28T16:56:57.955Z</time>
			</trkpt>
			<trkpt lat="44.90239" lon="2.8449">
				<ele>838.61</ele>
				<time>2026-05-28T16:56:58.598Z</time>
			</trkpt>
			<trkpt lat="44.90228" lon="2.8451">
				<ele>839.87</ele>
				<time>2026-05-28T16:56:59.913Z</time>
			</trkpt>
			<trkpt lat="44.90196" lon="2.84633">
				<ele>844.26</ele>
				<time>2026-05-28T16:57:06.691Z</time>
			</trkpt>
			<trkpt lat="44.9019" lon="2.84648">
				<ele>844.12</ele>
				<time>2026-05-28T16:57:07.579Z</time>
			</trkpt>
			<trkpt lat="44.90183" lon="2.84654">
				<ele>843.93</ele>
				<time>2026-05-28T16:57:08.174Z</time>
			</trkpt>
			<trkpt lat="44.90175" lon="2.84656">
				<ele>843.51</ele>
				<time>2026-05-28T16:57:08.764Z</time>
			</trkpt>
			<trkpt lat="44.90162" lon="2.84654">
				<ele>844.12</ele>
				<time>2026-05-28T16:57:09.713Z</time>
			</trkpt>
			<trkpt lat="44.90156" lon="2.84649">
				<ele>845.16</ele>
				<time>2026-05-28T16:57:10.219Z</time>
			</trkpt>
			<trkpt lat="44.90106" lon="2.84531">
				<ele>850.49</ele>
				<time>2026-05-28T16:57:17.255Z</time>
			</trkpt>
			<trkpt lat="44.90096" lon="2.84511">
				<ele>852.75</ele>
				<time>2026-05-28T16:57:18.503Z</time>
			</trkpt>
			<trkpt lat="44.90084" lon="2.84493">
				<ele>853.9</ele>
				<time>2026-05-28T16:57:19.761Z</time>
			</trkpt>
			<trkpt lat="44.90071" lon="2.84479">
				<ele>853.87</ele>
				<time>2026-05-28T16:57:20.935Z</time>
			</trkpt>
			<trkpt lat="44.89998" lon="2.84416">
				<ele>855.06</ele>
				<time>2026-05-28T16:57:27.055Z</time>
			</trkpt>
			<trkpt lat="44.89978" lon="2.84405">
				<ele>854.13</ele>
				<time>2026-05-28T16:57:28.585Z</time>
			</trkpt>
			<trkpt lat="44.89944" lon="2.84395">
				<ele>855.17</ele>
				<time>2026-05-28T16:57:31.057Z</time>
			</trkpt>
			<trkpt lat="44.89914" lon="2.84381">
				<ele>857.45</ele>
				<time>2026-05-28T16:57:33.300Z</time>
			</trkpt>
			<trkpt lat="44.89894" lon="2.84369">
				<ele>859.98</ele>
				<time>2026-05-28T16:57:34.841Z</time>
			</trkpt>
			<trkpt lat="44.89875" lon="2.84352">
				<ele>861.48</ele>
				<time>2026-05-28T16:57:36.433Z</time>
			</trkpt>
			<trkpt lat="44.89826" lon="2.84287">
				<ele>862.02</ele>
				<time>2026-05-28T16:57:41.181Z</time>
			</trkpt>
			<trkpt lat="44.89815" lon="2.84274">
				<ele>861.68</ele>
				<time>2026-05-28T16:57:42.192Z</time>
			</trkpt>
			<trkpt lat="44.898" lon="2.84264">
				<ele>862.48</ele>
				<time>2026-05-28T16:57:43.359Z</time>
			</trkpt>
			<trkpt lat="44.89787" lon="2.84257">
				<ele>863.35</ele>
				<time>2026-05-28T16:57:44.338Z</time>
			</trkpt>
			<trkpt lat="44.89763" lon="2.84254">
				<ele>865.21</ele>
				<time>2026-05-28T16:57:46.030Z</time>
			</trkpt>
			<trkpt lat="44.89738" lon="2.84257">
				<ele>866.25</ele>
				<time>2026-05-28T16:57:47.791Z</time>
			</trkpt>
			<trkpt lat="44.89727" lon="2.84261">
				<ele>866.4</ele>
				<time>2026-05-28T16:57:48.587Z</time>
			</trkpt>
			<trkpt lat="44.89706" lon="2.84274">
				<ele>865.7</ele>
				<time>2026-05-28T16:57:50.193Z</time>
			</trkpt>
			<trkpt lat="44.89696" lon="2.84283">
				<ele>865.75</ele>
				<time>2026-05-28T16:57:51.023Z</time>
			</trkpt>
			<trkpt lat="44.8967" lon="2.84313">
				<ele>867.13</ele>
				<time>2026-05-28T16:57:53.369Z</time>
			</trkpt>
			<trkpt lat="44.89651" lon="2.8433">
				<ele>868.62</ele>
				<time>2026-05-28T16:57:54.939Z</time>
			</trkpt>
			<trkpt lat="44.89612" lon="2.84345">
				<ele>869.33</ele>
				<time>2026-05-28T16:57:57.756Z</time>
			</trkpt>
			<trkpt lat="44.89596" lon="2.84354">
				<ele>869.76</ele>
				<time>2026-05-28T16:57:58.955Z</time>
			</trkpt>
			<trkpt lat="44.89588" lon="2.84364">
				<ele>870.48</ele>
				<time>2026-05-28T16:57:59.698Z</time>
			</trkpt>
			<trkpt lat="44.89586" lon="2.84372">
				<ele>870.97</ele>
				<time>2026-05-28T16:58:00.116Z</time>
			</trkpt>
			<trkpt lat="44.89582" lon="2.84411">
				<ele>871.89</ele>
				<time>2026-05-28T16:58:02.055Z</time>
			</trkpt>
			<trkpt lat="44.89578" lon="2.84425">
				<ele>872.19</ele>
				<time>2026-05-28T16:58:02.798Z</time>
			</trkpt>
			<trkpt lat="44.89567" lon="2.84445">
				<ele>871.79</ele>
				<time>2026-05-28T16:58:04.042Z</time>
			</trkpt>
			<trkpt lat="44.89557" lon="2.84453">
				<ele>870.88</ele>
				<time>2026-05-28T16:58:04.839Z</time>
			</trkpt>
			<trkpt lat="44.89547" lon="2.84455">
				<ele>870.51</ele>
				<time>2026-05-28T16:58:05.538Z</time>
			</trkpt>
			<trkpt lat="44.89538" lon="2.84454">
				<ele>870.13</ele>
				<time>2026-05-28T16:58:06.164Z</time>
			</trkpt>
			<trkpt lat="44.89529" lon="2.84449">
				<ele>869.42</ele>
				<time>2026-05-28T16:58:06.834Z</time>
			</trkpt>
			<trkpt lat="44.89522" lon="2.8444">
				<ele>869.72</ele>
				<time>2026-05-28T16:58:07.489Z</time>
			</trkpt>
			<trkpt lat="44.89458" lon="2.84281">
				<ele>863.24</ele>
				<time>2026-05-28T16:58:16.432Z</time>
			</trkpt>
			<trkpt lat="44.89446" lon="2.84266">
				<ele>863.98</ele>
				<time>2026-05-28T16:58:17.535Z</time>
			</trkpt>
			<trkpt lat="44.89437" lon="2.84261">
				<ele>863.69</ele>
				<time>2026-05-28T16:58:18.201Z</time>
			</trkpt>
			<trkpt lat="44.89427" lon="2.84262">
				<ele>863.54</ele>
				<time>2026-05-28T16:58:18.890Z</time>
			</trkpt>
			<trkpt lat="44.89409" lon="2.84268">
				<ele>862.96</ele>
				<time>2026-05-28T16:58:20.162Z</time>
			</trkpt>
			<trkpt lat="44.89401" lon="2.84274">
				<ele>862.41</ele>
				<time>2026-05-28T16:58:20.785Z</time>
			</trkpt>
			<trkpt lat="44.89386" lon="2.8429">
				<ele>862.47</ele>
				<time>2026-05-28T16:58:22.077Z</time>
			</trkpt>
			<trkpt lat="44.89322" lon="2.84405">
				<ele>860.14</ele>
				<time>2026-05-28T16:58:29.182Z</time>
			</trkpt>
			<trkpt lat="44.89313" lon="2.84418">
				<ele>860.33</ele>
				<time>2026-05-28T16:58:30.064Z</time>
			</trkpt>
			<trkpt lat="44.89298" lon="2.84431">
				<ele>861.09</ele>
				<time>2026-05-28T16:58:31.268Z</time>
			</trkpt>
			<trkpt lat="44.89269" lon="2.84443">
				<ele>861.48</ele>
				<time>2026-05-28T16:58:33.336Z</time>
			</trkpt>
			<trkpt lat="44.89234" lon="2.8447">
				<ele>865.64</ele>
				<time>2026-05-28T16:58:36.062Z</time>
			</trkpt>
			<trkpt lat="44.8922" lon="2.84472">
				<ele>866.19</ele>
				<time>2026-05-28T16:58:37.024Z</time>
			</trkpt>
			<trkpt lat="44.89205" lon="2.84465">
				<ele>866.94</ele>
				<time>2026-05-28T16:58:38.102Z</time>
			</trkpt>
			<trkpt lat="44.89198" lon="2.84458">
				<ele>866.92</ele>
				<time>2026-05-28T16:58:38.688Z</time>
			</trkpt>
			<trkpt lat="44.89189" lon="2.84438">
				<ele>866.12</ele>
				<time>2026-05-28T16:58:39.834Z</time>
			</trkpt>
			<trkpt lat="44.89156" lon="2.8433">
				<ele>862.17</ele>
				<time>2026-05-28T16:58:45.517Z</time>
			</trkpt>
			<trkpt lat="44.8915" lon="2.84317">
				<ele>861.67</ele>
				<time>2026-05-28T16:58:46.266Z</time>
			</trkpt>
			<trkpt lat="44.89139" lon="2.84304">
				<ele>861.75</ele>
				<time>2026-05-28T16:58:47.244Z</time>
			</trkpt>
			<trkpt lat="44.89121" lon="2.84289">
				<ele>863.31</ele>
				<time>2026-05-28T16:58:48.668Z</time>
			</trkpt>
			<trkpt lat="44.89107" lon="2.84269">
				<ele>864.01</ele>
				<time>2026-05-28T16:58:50.024Z</time>
			</trkpt>
			<trkpt lat="44.89102" lon="2.84249">
				<ele>864.52</ele>
				<time>2026-05-28T16:58:51.047Z</time>
			</trkpt>
			<trkpt lat="44.89069" lon="2.84044">
				<ele>865.79</ele>
				<time>2026-05-28T16:59:01.181Z</time>
			</trkpt>
			<trkpt lat="44.89064" lon="2.84028">
				<ele>865.34</ele>
				<time>2026-05-28T16:59:02.024Z</time>
			</trkpt>
			<trkpt lat="44.89055" lon="2.84015">
				<ele>864.57</ele>
				<time>2026-05-28T16:59:02.900Z</time>
			</trkpt>
			<trkpt lat="44.89037" lon="2.84005">
				<ele>862.42</ele>
				<time>2026-05-28T16:59:04.215Z</time>
			</trkpt>
			<trkpt lat="44.8902" lon="2.84003">
				<ele>860.16</ele>
				<time>2026-05-28T16:59:05.376Z</time>
			</trkpt>
			<trkpt lat="44.89003" lon="2.84006">
				<ele>858.37</ele>
				<time>2026-05-28T16:59:06.541Z</time>
			</trkpt>
			<trkpt lat="44.88978" lon="2.84023">
				<ele>858.71</ele>
				<time>2026-05-28T16:59:08.428Z</time>
			</trkpt>
			<trkpt lat="44.88917" lon="2.84084">
				<ele>860.35</ele>
				<time>2026-05-28T16:59:13.512Z</time>
			</trkpt>
			<trkpt lat="44.88871" lon="2.84123">
				<ele>860.07</ele>
				<time>2026-05-28T16:59:17.163Z</time>
			</trkpt>
			<trkpt lat="44.88744" lon="2.84178">
				<ele>854.01</ele>
				<time>2026-05-28T16:59:26.208Z</time>
			</trkpt>
			<trkpt lat="44.8873" lon="2.8419">
				<ele>855.1</ele>
				<time>2026-05-28T16:59:27.324Z</time>
			</trkpt>
			<trkpt lat="44.88703" lon="2.84227">
				<ele>859.02</ele>
				<time>2026-05-28T16:59:29.889Z</time>
			</trkpt>
			<trkpt lat="44.88693" lon="2.84237">
				<ele>859.75</ele>
				<time>2026-05-28T16:59:30.725Z</time>
			</trkpt>
			<trkpt lat="44.88674" lon="2.84249">
				<ele>860.48</ele>
				<time>2026-05-28T16:59:32.145Z</time>
			</trkpt>
			<trkpt lat="44.88659" lon="2.84248">
				<ele>859.58</ele>
				<time>2026-05-28T16:59:33.170Z</time>
			</trkpt>
			<trkpt lat="44.88651" lon="2.84245">
				<ele>858.94</ele>
				<time>2026-05-28T16:59:33.735Z</time>
			</trkpt>
			<trkpt lat="44.88607" lon="2.84214">
				<ele>857.39</ele>
				<time>2026-05-28T16:59:37.094Z</time>
			</trkpt>
			<trkpt lat="44.88558" lon="2.84171">
				<ele>853.82</ele>
				<time>2026-05-28T16:59:41.039Z</time>
			</trkpt>
			<trkpt lat="44.88543" lon="2.84167">
				<ele>852.65</ele>
				<time>2026-05-28T16:59:42.083Z</time>
			</trkpt>
			<trkpt lat="44.88534" lon="2.84168">
				<ele>852.54</ele>
				<time>2026-05-28T16:59:42.701Z</time>
			</trkpt>
			<trkpt lat="44.88494" lon="2.84186">
				<ele>853.32</ele>
				<time>2026-05-28T16:59:45.577Z</time>
			</trkpt>
			<trkpt lat="44.88477" lon="2.84186">
				<ele>851.25</ele>
				<time>2026-05-28T16:59:46.742Z</time>
			</trkpt>
			<trkpt lat="44.88462" lon="2.84178">
				<ele>849.32</ele>
				<time>2026-05-28T16:59:47.842Z</time>
			</trkpt>
			<trkpt lat="44.88418" lon="2.84135">
				<ele>844.08</ele>
				<time>2026-05-28T16:59:51.516Z</time>
			</trkpt>
			<trkpt lat="44.88399" lon="2.8412">
				<ele>841.2</ele>
				<time>2026-05-28T16:59:53.012Z</time>
			</trkpt>
			<trkpt lat="44.88335" lon="2.84111">
				<ele>846.88</ele>
				<time>2026-05-28T16:59:57.439Z</time>
			</trkpt>
			<trkpt lat="44.88302" lon="2.84103">
				<ele>846.85</ele>
				<time>2026-05-28T16:59:59.747Z</time>
			</trkpt>
			<trkpt lat="44.88286" lon="2.84094">
				<ele>845.33</ele>
				<time>2026-05-28T17:00:00.936Z</time>
			</trkpt>
			<trkpt lat="44.88265" lon="2.84074">
				<ele>839.76</ele>
				<time>2026-05-28T17:00:02.685Z</time>
			</trkpt>
			<trkpt lat="44.8825" lon="2.8407">
				<ele>838.46</ele>
				<time>2026-05-28T17:00:03.740Z</time>
			</trkpt>
			<trkpt lat="44.88168" lon="2.84067">
				<ele>834.15</ele>
				<time>2026-05-28T17:00:09.420Z</time>
			</trkpt>
			<trkpt lat="44.88133" lon="2.84074">
				<ele>838.66</ele>
				<time>2026-05-28T17:00:11.874Z</time>
			</trkpt>
			<trkpt lat="44.8812" lon="2.84074">
				<ele>840.44</ele>
				<time>2026-05-28T17:00:12.777Z</time>
			</trkpt>
			<trkpt lat="44.88105" lon="2.84068">
				<ele>839.85</ele>
				<time>2026-05-28T17:00:13.861Z</time>
			</trkpt>
			<trkpt lat="44.88087" lon="2.84049">
				<ele>835.64</ele>
				<time>2026-05-28T17:00:15.426Z</time>
			</trkpt>
			<trkpt lat="44.88068" lon="2.84022">
				<ele>828.58</ele>
				<time>2026-05-28T17:00:17.304Z</time>
			</trkpt>
			<trkpt lat="44.88051" lon="2.84002">
				<ele>824.04</ele>
				<time>2026-05-28T17:00:18.848Z</time>
			</trkpt>
			<trkpt lat="44.88041" lon="2.83994">
				<ele>821.38</ele>
				<time>2026-05-28T17:00:19.651Z</time>
			</trkpt>
			<trkpt lat="44.88028" lon="2.83993">
				<ele>821.29</ele>
				<time>2026-05-28T17:00:20.560Z</time>
			</trkpt>
			<trkpt lat="44.88005" lon="2.83999">
				<ele>821.31</ele>
				<time>2026-05-28T17:00:22.196Z</time>
			</trkpt>
			<trkpt lat="44.87927" lon="2.8403">
				<ele>818.02</ele>
				<time>2026-05-28T17:00:27.877Z</time>
			</trkpt>
			<trkpt lat="44.87866" lon="2.84041">
				<ele>813.2</ele>
				<time>2026-05-28T17:00:32.205Z</time>
			</trkpt>
			<trkpt lat="44.87838" lon="2.84041">
				<ele>809.15</ele>
				<time>2026-05-28T17:00:34.180Z</time>
			</trkpt>
			<trkpt lat="44.87822" lon="2.84043">
				<ele>807.5</ele>
				<time>2026-05-28T17:00:35.315Z</time>
			</trkpt>
			<trkpt lat="44.87807" lon="2.84051">
				<ele>807.15</ele>
				<time>2026-05-28T17:00:36.449Z</time>
			</trkpt>
			<trkpt lat="44.87786" lon="2.84072">
				<ele>807.96</ele>
				<time>2026-05-28T17:00:38.271Z</time>
			</trkpt>
			<trkpt lat="44.87745" lon="2.8412">
				<ele>807.53</ele>
				<time>2026-05-28T17:00:42.052Z</time>
			</trkpt>
			<trkpt lat="44.87728" lon="2.84125">
				<ele>805.01</ele>
				<time>2026-05-28T17:00:43.287Z</time>
			</trkpt>
			<trkpt lat="44.87661" lon="2.8412">
				<ele>791.34</ele>
				<time>2026-05-28T17:00:48.072Z</time>
			</trkpt>
			<trkpt lat="44.87653" lon="2.84122">
				<ele>791.35</ele>
				<time>2026-05-28T17:00:48.653Z</time>
			</trkpt>
			<trkpt lat="44.87645" lon="2.84127">
				<ele>791.33</ele>
				<time>2026-05-28T17:00:49.278Z</time>
			</trkpt>
			<trkpt lat="44.87639" lon="2.84141">
				<ele>791.02</ele>
				<time>2026-05-28T17:00:50.108Z</time>
			</trkpt>
			<trkpt lat="44.87637" lon="2.84156">
				<ele>790.67</ele>
				<time>2026-05-28T17:00:50.883Z</time>
			</trkpt>
			<trkpt lat="44.87638" lon="2.8425">
				<ele>792.69</ele>
				<time>2026-05-28T17:00:55.668Z</time>
			</trkpt>
			<trkpt lat="44.87623" lon="2.84293">
				<ele>787.71</ele>
				<time>2026-05-28T17:00:58.116Z</time>
			</trkpt>
			<trkpt lat="44.87607" lon="2.84348">
				<ele>786.42</ele>
				<time>2026-05-28T17:01:01.161Z</time>
			</trkpt>
			<trkpt lat="44.87609" lon="2.84374">
				<ele>787.63</ele>
				<time>2026-05-28T17:01:02.504Z</time>
			</trkpt>
			<trkpt lat="44.87621" lon="2.84428">
				<ele>787.33</ele>
				<time>2026-05-28T17:01:05.415Z</time>
			</trkpt>
			<trkpt lat="44.8762" lon="2.84452">
				<ele>785.5</ele>
				<time>2026-05-28T17:01:06.654Z</time>
			</trkpt>
			<trkpt lat="44.87613" lon="2.84469">
				<ele>781.94</ele>
				<time>2026-05-28T17:01:07.669Z</time>
			</trkpt>
			<trkpt lat="44.876" lon="2.8448">
				<ele>775.87</ele>
				<time>2026-05-28T17:01:08.774Z</time>
			</trkpt>
			<trkpt lat="44.87591" lon="2.845">
				<ele>772.7</ele>
				<time>2026-05-28T17:01:10.000Z</time>
			</trkpt>
			<trkpt lat="44.87573" lon="2.84581">
				<ele>772.89</ele>
				<time>2026-05-28T17:01:14.405Z</time>
			</trkpt>
			<trkpt lat="44.87568" lon="2.84613">
				<ele>771.44</ele>
				<time>2026-05-28T17:01:16.111Z</time>
			</trkpt>
			<trkpt lat="44.87568" lon="2.84626">
				<ele>770.84</ele>
				<time>2026-05-28T17:01:16.789Z</time>
			</trkpt>
			<trkpt lat="44.87584" lon="2.84789">
				<ele>764.81</ele>
				<time>2026-05-28T17:01:25.413Z</time>
			</trkpt>
			<trkpt lat="44.87588" lon="2.84811">
				<ele>763.03</ele>
				<time>2026-05-28T17:01:26.610Z</time>
			</trkpt>
			<trkpt lat="44.87598" lon="2.84841">
				<ele>760.45</ele>
				<time>2026-05-28T17:01:28.360Z</time>
			</trkpt>
			<trkpt lat="44.87619" lon="2.84875">
				<ele>759.43</ele>
				<time>2026-05-28T17:01:30.747Z</time>
			</trkpt>
			<trkpt lat="44.87625" lon="2.84888">
				<ele>758.89</ele>
				<time>2026-05-28T17:01:31.570Z</time>
			</trkpt>
			<trkpt lat="44.8763" lon="2.84902">
				<ele>758.31</ele>
				<time>2026-05-28T17:01:32.402Z</time>
			</trkpt>
			<trkpt lat="44.87632" lon="2.84918">
				<ele>756.36</ele>
				<time>2026-05-28T17:01:33.265Z</time>
			</trkpt>
			<trkpt lat="44.87632" lon="2.84959">
				<ele>751.43</ele>
				<time>2026-05-28T17:01:35.447Z</time>
			</trkpt>
			<trkpt lat="44.87654" lon="2.85011">
				<ele>749.23</ele>
				<time>2026-05-28T17:01:38.681Z</time>
			</trkpt>
			<trkpt lat="44.87682" lon="2.8505">
				<ele>747.42</ele>
				<time>2026-05-28T17:01:41.656Z</time>
			</trkpt>
			<trkpt lat="44.87708" lon="2.85077">
				<ele>748.51</ele>
				<time>2026-05-28T17:01:44.106Z</time>
			</trkpt>
			<trkpt lat="44.87736" lon="2.85124">
				<ele>744.31</ele>
				<time>2026-05-28T17:01:47.420Z</time>
			</trkpt>
			<trkpt lat="44.87743" lon="2.85141">
				<ele>741.98</ele>
				<time>2026-05-28T17:01:48.484Z</time>
			</trkpt>
			<trkpt lat="44.87749" lon="2.85163">
				<ele>736.19</ele>
				<time>2026-05-28T17:01:49.761Z</time>
			</trkpt>
			<trkpt lat="44.87762" lon="2.85172">
				<ele>735.85</ele>
				<time>2026-05-28T17:01:50.871Z</time>
			</trkpt>
			<trkpt lat="44.87804" lon="2.85169">
				<ele>742.88</ele>
				<time>2026-05-28T17:01:54.101Z</time>
			</trkpt>
			<trkpt lat="44.87816" lon="2.85157">
				<ele>742.9</ele>
				<time>2026-05-28T17:01:55.233Z</time>
			</trkpt>
			<trkpt lat="44.87823" lon="2.85135">
				<ele>744.1</ele>
				<time>2026-05-28T17:01:56.552Z</time>
			</trkpt>
			<trkpt lat="44.87831" lon="2.85124">
				<ele>743.11</ele>
				<time>2026-05-28T17:01:57.415Z</time>
			</trkpt>
			<trkpt lat="44.87836" lon="2.85124">
				<ele>742.15</ele>
				<time>2026-05-28T17:01:57.801Z</time>
			</trkpt>
			<trkpt lat="44.87842" lon="2.85129">
				<ele>740.86</ele>
				<time>2026-05-28T17:01:58.340Z</time>
			</trkpt>
			<trkpt lat="44.87841" lon="2.85139">
				<ele>739.65</ele>
				<time>2026-05-28T17:01:58.894Z</time>
			</trkpt>
			<trkpt lat="44.87836" lon="2.85153">
				<ele>738.44</ele>
				<time>2026-05-28T17:01:59.755Z</time>
			</trkpt>
			<trkpt lat="44.87826" lon="2.85172">
				<ele>737.09</ele>
				<time>2026-05-28T17:02:01.057Z</time>
			</trkpt>
			<trkpt lat="44.87815" lon="2.85182">
				<ele>736.29</ele>
				<time>2026-05-28T17:02:02.074Z</time>
			</trkpt>
			<trkpt lat="44.87793" lon="2.85189">
				<ele>734.13</ele>
				<time>2026-05-28T17:02:03.829Z</time>
			</trkpt>
			<trkpt lat="44.87752" lon="2.85206">
				<ele>723.88</ele>
				<time>2026-05-28T17:02:07.168Z</time>
			</trkpt>
			<trkpt lat="44.87736" lon="2.85204">
				<ele>720.75</ele>
				<time>2026-05-28T17:02:08.426Z</time>
			</trkpt>
			<trkpt lat="44.87722" lon="2.85195">
				<ele>719.84</ele>
				<time>2026-05-28T17:02:09.634Z</time>
			</trkpt>
			<trkpt lat="44.87708" lon="2.85172">
				<ele>720.77</ele>
				<time>2026-05-28T17:02:11.323Z</time>
			</trkpt>
			<trkpt lat="44.87696" lon="2.85142">
				<ele>723.74</ele>
				<time>2026-05-28T17:02:13.248Z</time>
			</trkpt>
			<trkpt lat="44.87662" lon="2.85094">
				<ele>725.94</ele>
				<time>2026-05-28T17:02:17.054Z</time>
			</trkpt>
			<trkpt lat="44.87627" lon="2.85065">
				<ele>722.68</ele>
				<time>2026-05-28T17:02:20.281Z</time>
			</trkpt>
			<trkpt lat="44.87586" lon="2.85042">
				<ele>720.95</ele>
				<time>2026-05-28T17:02:23.805Z</time>
			</trkpt>
			<trkpt lat="44.87555" lon="2.85039">
				<ele>717.9</ele>
				<time>2026-05-28T17:02:26.297Z</time>
			</trkpt>
			<trkpt lat="44.87521" lon="2.85047">
				<ele>711.48</ele>
				<time>2026-05-28T17:02:29.072Z</time>
			</trkpt>
			<trkpt lat="44.87482" lon="2.85049">
				<ele>705.12</ele>
				<time>2026-05-28T17:02:32.227Z</time>
			</trkpt>
			<trkpt lat="44.87475" lon="2.85053">
				<ele>703.66</ele>
				<time>2026-05-28T17:02:32.839Z</time>
			</trkpt>
			<trkpt lat="44.87472" lon="2.85065">
				<ele>701.54</ele>
				<time>2026-05-28T17:02:33.570Z</time>
			</trkpt>
			<trkpt lat="44.87474" lon="2.85071">
				<ele>701.08</ele>
				<time>2026-05-28T17:02:33.952Z</time>
			</trkpt>
			<trkpt lat="44.87486" lon="2.85073">
				<ele>702.23</ele>
				<time>2026-05-28T17:02:34.934Z</time>
			</trkpt>
			<trkpt lat="44.875" lon="2.85065">
				<ele>705.82</ele>
				<time>2026-05-28T17:02:36.163Z</time>
			</trkpt>
			<trkpt lat="44.87513" lon="2.85061">
				<ele>707.56</ele>
				<time>2026-05-28T17:02:37.248Z</time>
			</trkpt>
			<trkpt lat="44.87552" lon="2.85064">
				<ele>708.66</ele>
				<time>2026-05-28T17:02:40.441Z</time>
			</trkpt>
			<trkpt lat="44.87589" lon="2.85077">
				<ele>707.14</ele>
				<time>2026-05-28T17:02:43.573Z</time>
			</trkpt>
			<trkpt lat="44.87612" lon="2.85096">
				<ele>705.02</ele>
				<time>2026-05-28T17:02:45.770Z</time>
			</trkpt>
			<trkpt lat="44.87628" lon="2.85118">
				<ele>703.33</ele>
				<time>2026-05-28T17:02:47.617Z</time>
			</trkpt>
			<trkpt lat="44.87639" lon="2.8514">
				<ele>701.08</ele>
				<time>2026-05-28T17:02:49.199Z</time>
			</trkpt>
			<trkpt lat="44.87648" lon="2.8517">
				<ele>697.35</ele>
				<time>2026-05-28T17:02:51.117Z</time>
			</trkpt>
			<trkpt lat="44.87654" lon="2.85199">
				<ele>694.67</ele>
				<time>2026-05-28T17:02:52.900Z</time>
			</trkpt>
			<trkpt lat="44.87654" lon="2.85237">
				<ele>685.91</ele>
				<time>2026-05-28T17:02:55.150Z</time>
			</trkpt>
			<trkpt lat="44.8766" lon="2.85263">
				<ele>682.23</ele>
				<time>2026-05-28T17:02:56.773Z</time>
			</trkpt>
			<trkpt lat="44.87669" lon="2.85276">
				<ele>682.78</ele>
				<time>2026-05-28T17:02:57.854Z</time>
			</trkpt>
			<trkpt lat="44.87684" lon="2.85283">
				<ele>683.91</ele>
				<time>2026-05-28T17:02:59.183Z</time>
			</trkpt>
			<trkpt lat="44.87734" lon="2.85323">
				<ele>678.83</ele>
				<time>2026-05-28T17:03:04.038Z</time>
			</trkpt>
			<trkpt lat="44.87746" lon="2.85326">
				<ele>678.85</ele>
				<time>2026-05-28T17:03:05.071Z</time>
			</trkpt>
			<trkpt lat="44.87773" lon="2.85313">
				<ele>685.36</ele>
				<time>2026-05-28T17:03:07.497Z</time>
			</trkpt>
			<trkpt lat="44.87779" lon="2.85314">
				<ele>685.9</ele>
				<time>2026-05-28T17:03:08.012Z</time>
			</trkpt>
			<trkpt lat="44.87785" lon="2.85318">
				<ele>686.44</ele>
				<time>2026-05-28T17:03:08.578Z</time>
			</trkpt>
			<trkpt lat="44.8779" lon="2.85337">
				<ele>682.96</ele>
				<time>2026-05-28T17:03:09.805Z</time>
			</trkpt>
			<trkpt lat="44.87794" lon="2.8538">
				<ele>674.71</ele>
				<time>2026-05-28T17:03:12.436Z</time>
			</trkpt>
			<trkpt lat="44.87801" lon="2.85398">
				<ele>674.71</ele>
				<time>2026-05-28T17:03:13.686Z</time>
			</trkpt>
			<trkpt lat="44.87842" lon="2.85468">
				<ele>675.44</ele>
				<time>2026-05-28T17:03:19.240Z</time>
			</trkpt>
			<trkpt lat="44.87845" lon="2.85476">
				<ele>674.23</ele>
				<time>2026-05-28T17:03:19.796Z</time>
			</trkpt>
			<trkpt lat="44.87845" lon="2.85487">
				<ele>672.26</ele>
				<time>2026-05-28T17:03:20.472Z</time>
			</trkpt>
			<trkpt lat="44.8784" lon="2.85498">
				<ele>669.66</ele>
				<time>2026-05-28T17:03:21.276Z</time>
			</trkpt>
			<trkpt lat="44.87835" lon="2.85503">
				<ele>669.53</ele>
				<time>2026-05-28T17:03:21.809Z</time>
			</trkpt>
			<trkpt lat="44.87823" lon="2.85506">
				<ele>671.68</ele>
				<time>2026-05-28T17:03:22.870Z</time>
			</trkpt>
			<trkpt lat="44.87808" lon="2.85499">
				<ele>673.43</ele>
				<time>2026-05-28T17:03:24.248Z</time>
			</trkpt>
			<trkpt lat="44.87765" lon="2.8547">
				<ele>673.97</ele>
				<time>2026-05-28T17:03:28.420Z</time>
			</trkpt>
			<trkpt lat="44.87683" lon="2.85428">
				<ele>664.75</ele>
				<time>2026-05-28T17:03:36.125Z</time>
			</trkpt>
			<trkpt lat="44.87665" lon="2.85422">
				<ele>661.44</ele>
				<time>2026-05-28T17:03:37.770Z</time>
			</trkpt>
			<trkpt lat="44.87654" lon="2.85424">
				<ele>660.01</ele>
				<time>2026-05-28T17:03:38.758Z</time>
			</trkpt>
			<trkpt lat="44.87643" lon="2.85438">
				<ele>662.11</ele>
				<time>2026-05-28T17:03:40.080Z</time>
			</trkpt>
			<trkpt lat="44.87636" lon="2.85453">
				<ele>665.12</ele>
				<time>2026-05-28T17:03:41.218Z</time>
			</trkpt>
			<trkpt lat="44.87636" lon="2.85473">
				<ele>670.48</ele>
				<time>2026-05-28T17:03:42.487Z</time>
			</trkpt>
			<trkpt lat="44.87648" lon="2.85507">
				<ele>674.67</ele>
				<time>2026-05-28T17:03:44.905Z</time>
			</trkpt>
			<trkpt lat="44.87659" lon="2.85572">
				<ele>670.1</ele>
				<time>2026-05-28T17:03:49.179Z</time>
			</trkpt>
			<trkpt lat="44.87664" lon="2.85625">
				<ele>670.5</ele>
				<time>2026-05-28T17:03:52.618Z</time>
			</trkpt>
			<trkpt lat="44.87664" lon="2.85658">
				<ele>670.06</ele>
				<time>2026-05-28T17:03:54.749Z</time>
			</trkpt>
			<trkpt lat="44.87658" lon="2.85737">
				<ele>659.71</ele>
				<time>2026-05-28T17:03:59.908Z</time>
			</trkpt>
			<trkpt lat="44.87645" lon="2.8583">
				<ele>662.46</ele>
				<time>2026-05-28T17:04:06.115Z</time>
			</trkpt>
			<trkpt lat="44.87635" lon="2.8587">
				<ele>661.66</ele>
				<time>2026-05-28T17:04:08.910Z</time>
			</trkpt>
			<trkpt lat="44.87629" lon="2.85891">
				<ele>660.32</ele>
				<time>2026-05-28T17:04:10.407Z</time>
			</trkpt>
			<trkpt lat="44.87613" lon="2.85918">
				<ele>657.14</ele>
				<time>2026-05-28T17:04:12.741Z</time>
			</trkpt>
			<trkpt lat="44.87591" lon="2.85943">
				<ele>655.51</ele>
				<time>2026-05-28T17:04:15.394Z</time>
			</trkpt>
			<trkpt lat="44.87585" lon="2.8597">
				<ele>653.49</ele>
				<time>2026-05-28T17:04:17.283Z</time>
			</trkpt>
			<trkpt lat="44.87588" lon="2.85987">
				<ele>655.21</ele>
				<time>2026-05-28T17:04:18.455Z</time>
			</trkpt>
			<trkpt lat="44.87602" lon="2.86003">
				<ele>658.99</ele>
				<time>2026-05-28T17:04:20.160Z</time>
			</trkpt>
			<trkpt lat="44.87623" lon="2.86014">
				<ele>663.25</ele>
				<time>2026-05-28T17:04:22.286Z</time>
			</trkpt>
			<trkpt lat="44.87641" lon="2.86021">
				<ele>667.32</ele>
				<time>2026-05-28T17:04:24.062Z</time>
			</trkpt>
			<trkpt lat="44.87651" lon="2.86037">
				<ele>670.01</ele>
				<time>2026-05-28T17:04:25.504Z</time>
			</trkpt>
			<trkpt lat="44.87653" lon="2.86054">
				<ele>669.32</ele>
				<time>2026-05-28T17:04:26.672Z</time>
			</trkpt>
			<trkpt lat="44.87644" lon="2.86085">
				<ele>666.25</ele>
				<time>2026-05-28T17:04:28.946Z</time>
			</trkpt>
			<trkpt lat="44.87626" lon="2.86125">
				<ele>661.77</ele>
				<time>2026-05-28T17:04:32.176Z</time>
			</trkpt>
			<trkpt lat="44.87616" lon="2.86156">
				<ele>660.06</ele>
				<time>2026-05-28T17:04:34.507Z</time>
			</trkpt>
			<trkpt lat="44.87608" lon="2.86194">
				<ele>659.24</ele>
				<time>2026-05-28T17:04:37.230Z</time>
			</trkpt>
			<trkpt lat="44.87602" lon="2.86247">
				<ele>663.65</ele>
				<time>2026-05-28T17:04:40.935Z</time>
			</trkpt>
			<trkpt lat="44.87597" lon="2.86327">
				<ele>665.29</ele>
				<time>2026-05-28T17:04:46.515Z</time>
			</trkpt>
			<trkpt lat="44.87594" lon="2.86356">
				<ele>666.48</ele>
				<time>2026-05-28T17:04:48.562Z</time>
			</trkpt>
			<trkpt lat="44.87585" lon="2.86388">
				<ele>667.75</ele>
				<time>2026-05-28T17:04:50.975Z</time>
			</trkpt>
			<trkpt lat="44.87533" lon="2.86478">
				<ele>656</ele>
				<time>2026-05-28T17:04:59.177Z</time>
			</trkpt>
			<trkpt lat="44.87529" lon="2.865">
				<ele>655.53</ele>
				<time>2026-05-28T17:05:00.792Z</time>
			</trkpt>
			<trkpt lat="44.87532" lon="2.86514">
				<ele>656.73</ele>
				<time>2026-05-28T17:05:01.835Z</time>
			</trkpt>
			<trkpt lat="44.87541" lon="2.86527">
				<ele>659.33</ele>
				<time>2026-05-28T17:05:03.132Z</time>
			</trkpt>
			<trkpt lat="44.87584" lon="2.86562">
				<ele>665.71</ele>
				<time>2026-05-28T17:05:08.155Z</time>
			</trkpt>
			<trkpt lat="44.87609" lon="2.86596">
				<ele>666.63</ele>
				<time>2026-05-28T17:05:11.690Z</time>
			</trkpt>
			<trkpt lat="44.87613" lon="2.86613">
				<ele>665.56</ele>
				<time>2026-05-28T17:05:12.986Z</time>
			</trkpt>
			<trkpt lat="44.87612" lon="2.8663">
				<ele>665.9</ele>
				<time>2026-05-28T17:05:14.223Z</time>
			</trkpt>
			<trkpt lat="44.87604" lon="2.86644">
				<ele>666.56</ele>
				<time>2026-05-28T17:05:15.530Z</time>
			</trkpt>
			<trkpt lat="44.8759" lon="2.86652">
				<ele>667.02</ele>
				<time>2026-05-28T17:05:17.082Z</time>
			</trkpt>
			<trkpt lat="44.87577" lon="2.86651">
				<ele>665.35</ele>
				<time>2026-05-28T17:05:18.422Z</time>
			</trkpt>
			<trkpt lat="44.87531" lon="2.86641">
				<ele>657.9</ele>
				<time>2026-05-28T17:05:23.234Z</time>
			</trkpt>
			<trkpt lat="44.8751" lon="2.86644">
				<ele>657.26</ele>
				<time>2026-05-28T17:05:25.427Z</time>
			</trkpt>
			<trkpt lat="44.87492" lon="2.86641">
				<ele>655.47</ele>
				<time>2026-05-28T17:05:27.316Z</time>
			</trkpt>
			<trkpt lat="44.87462" lon="2.86633">
				<ele>654.82</ele>
				<time>2026-05-28T17:05:30.509Z</time>
			</trkpt>
			<trkpt lat="44.87443" lon="2.86634">
				<ele>653.61</ele>
				<time>2026-05-28T17:05:32.504Z</time>
			</trkpt>
			<trkpt lat="44.87426" lon="2.8664">
				<ele>650.78</ele>
				<time>2026-05-28T17:05:34.348Z</time>
			</trkpt>
			<trkpt lat="44.87409" lon="2.8665">
				<ele>651.05</ele>
				<time>2026-05-28T17:05:36.292Z</time>
			</trkpt>
			<trkpt lat="44.87398" lon="2.86664">
				<ele>652.64</ele>
				<time>2026-05-28T17:05:37.858Z</time>
			</trkpt>
			<trkpt lat="44.87377" lon="2.86685">
				<ele>652.12</ele>
				<time>2026-05-28T17:05:40.589Z</time>
			</trkpt>
			<trkpt lat="44.8737" lon="2.86697">
				<ele>651.21</ele>
				<time>2026-05-28T17:05:41.761Z</time>
			</trkpt>
			<trkpt lat="44.87352" lon="2.86749">
				<ele>645.13</ele>
				<time>2026-05-28T17:05:46.140Z</time>
			</trkpt>
			<trkpt lat="44.87347" lon="2.86754">
				<ele>644.42</ele>
				<time>2026-05-28T17:05:46.797Z</time>
			</trkpt>
			<trkpt lat="44.87339" lon="2.86754">
				<ele>642.59</ele>
				<time>2026-05-28T17:05:47.655Z</time>
			</trkpt>
			<trkpt lat="44.87198" lon="2.86696">
				<ele>678.16</ele>
				<time>2026-05-28T17:06:03.593Z</time>
			</trkpt>
			<trkpt lat="44.87186" lon="2.86691">
				<ele>675.75</ele>
				<time>2026-05-28T17:06:04.967Z</time>
			</trkpt>
			<trkpt lat="44.87181" lon="2.86707">
				<ele>675.14</ele>
				<time>2026-05-28T17:06:06.330Z</time>
			</trkpt>
			<trkpt lat="44.8716" lon="2.86795">
				<ele>665.72</ele>
				<time>2026-05-28T17:06:13.612Z</time>
			</trkpt>
			<trkpt lat="44.87154" lon="2.86839">
				<ele>666.49</ele>
				<time>2026-05-28T17:06:17.152Z</time>
			</trkpt>
			<trkpt lat="44.8715" lon="2.86905">
				<ele>668.27</ele>
				<time>2026-05-28T17:06:22.436Z</time>
			</trkpt>
			<trkpt lat="44.87141" lon="2.8697">
				<ele>670.22</ele>
				<time>2026-05-28T17:06:28.995Z</time>
			</trkpt>
			<trkpt lat="44.8714" lon="2.86995">
				<ele>666.47</ele>
				<time>2026-05-28T17:06:31.792Z</time>
			</trkpt>
			<trkpt lat="44.87133" lon="2.87039">
				<ele>665.8</ele>
				<time>2026-05-28T17:06:36.884Z</time>
			</trkpt>
			<trkpt lat="44.87126" lon="2.87056">
				<ele>666.7</ele>
				<time>2026-05-28T17:06:39.025Z</time>
			</trkpt>
			<trkpt lat="44.87118" lon="2.87068">
				<ele>667.91</ele>
				<time>2026-05-28T17:06:40.738Z</time>
			</trkpt>
			<trkpt lat="44.87107" lon="2.87076">
				<ele>670.35</ele>
				<time>2026-05-28T17:06:42.447Z</time>
			</trkpt>
			<trkpt lat="44.87069" lon="2.87077">
				<ele>685.07</ele>
				<time>2026-05-28T17:06:46.741Z</time>
			</trkpt>
			<trkpt lat="44.87058" lon="2.87085">
				<ele>687.33</ele>
				<time>2026-05-28T17:06:47.955Z</time>
			</trkpt>
			<trkpt lat="44.87049" lon="2.87103">
				<ele>689.11</ele>
				<time>2026-05-28T17:06:49.482Z</time>
			</trkpt>
			<trkpt lat="44.87047" lon="2.87116">
				<ele>688.82</ele>
				<time>2026-05-28T17:06:50.402Z</time>
			</trkpt>
			<trkpt lat="44.87049" lon="2.87127">
				<ele>686.57</ele>
				<time>2026-05-28T17:06:51.186Z</time>
			</trkpt>
			<trkpt lat="44.87065" lon="2.87152">
				<ele>679.4</ele>
				<time>2026-05-28T17:06:53.506Z</time>
			</trkpt>
			<trkpt lat="44.87071" lon="2.87166">
				<ele>677.93</ele>
				<time>2026-05-28T17:06:54.629Z</time>
			</trkpt>
			<trkpt lat="44.87071" lon="2.87181">
				<ele>677.76</ele>
				<time>2026-05-28T17:06:55.656Z</time>
			</trkpt>
			<trkpt lat="44.8706" lon="2.87224">
				<ele>681.49</ele>
				<time>2026-05-28T17:06:58.776Z</time>
			</trkpt>
			<trkpt lat="44.87052" lon="2.87309">
				<ele>678.63</ele>
				<time>2026-05-28T17:07:04.580Z</time>
			</trkpt>
			<trkpt lat="44.87047" lon="2.87331">
				<ele>675.33</ele>
				<time>2026-05-28T17:07:06.133Z</time>
			</trkpt>
			<trkpt lat="44.87038" lon="2.87347">
				<ele>675.51</ele>
				<time>2026-05-28T17:07:07.502Z</time>
			</trkpt>
			<trkpt lat="44.87013" lon="2.87367">
				<ele>684.47</ele>
				<time>2026-05-28T17:07:10.209Z</time>
			</trkpt>
			<trkpt lat="44.87007" lon="2.8738">
				<ele>683.97</ele>
				<time>2026-05-28T17:07:11.242Z</time>
			</trkpt>
			<trkpt lat="44.87003" lon="2.87407">
				<ele>679.31</ele>
				<time>2026-05-28T17:07:13.072Z</time>
			</trkpt>
			<trkpt lat="44.86999" lon="2.87417">
				<ele>678.79</ele>
				<time>2026-05-28T17:07:13.832Z</time>
			</trkpt>
			<trkpt lat="44.86991" lon="2.87427">
				<ele>678.88</ele>
				<time>2026-05-28T17:07:14.829Z</time>
			</trkpt>
			<trkpt lat="44.86976" lon="2.87434">
				<ele>682.36</ele>
				<time>2026-05-28T17:07:16.298Z</time>
			</trkpt>
			<trkpt lat="44.86966" lon="2.87442">
				<ele>684.92</ele>
				<time>2026-05-28T17:07:17.365Z</time>
			</trkpt>
			<trkpt lat="44.86956" lon="2.87457">
				<ele>683.73</ele>
				<time>2026-05-28T17:07:18.716Z</time>
			</trkpt>
			<trkpt lat="44.86946" lon="2.8749">
				<ele>673.61</ele>
				<time>2026-05-28T17:07:21.062Z</time>
			</trkpt>
			<trkpt lat="44.8694" lon="2.87505">
				<ele>673.54</ele>
				<time>2026-05-28T17:07:22.184Z</time>
			</trkpt>
			<trkpt lat="44.86934" lon="2.87514">
				<ele>677.04</ele>
				<time>2026-05-28T17:07:22.988Z</time>
			</trkpt>
			<trkpt lat="44.86926" lon="2.87555">
				<ele>677.19</ele>
				<time>2026-05-28T17:07:25.743Z</time>
			</trkpt>
			<trkpt lat="44.8692" lon="2.87564">
				<ele>680.88</ele>
				<time>2026-05-28T17:07:26.541Z</time>
			</trkpt>
			<trkpt lat="44.86908" lon="2.87579">
				<ele>685.66</ele>
				<time>2026-05-28T17:07:27.999Z</time>
			</trkpt>
			<trkpt lat="44.8689" lon="2.87628">
				<ele>682.32</ele>
				<time>2026-05-28T17:07:31.537Z</time>
			</trkpt>
			<trkpt lat="44.86877" lon="2.87673">
				<ele>683.34</ele>
				<time>2026-05-28T17:07:34.633Z</time>
			</trkpt>
			<trkpt lat="44.86875" lon="2.87698">
				<ele>680.8</ele>
				<time>2026-05-28T17:07:36.228Z</time>
			</trkpt>
			<trkpt lat="44.86882" lon="2.87739">
				<ele>669.76</ele>
				<time>2026-05-28T17:07:38.890Z</time>
			</trkpt>
			<trkpt lat="44.86882" lon="2.87752">
				<ele>669.79</ele>
				<time>2026-05-28T17:07:39.707Z</time>
			</trkpt>
			<trkpt lat="44.86843" lon="2.87863">
				<ele>672.26</ele>
				<time>2026-05-28T17:07:47.432Z</time>
			</trkpt>
			<trkpt lat="44.86835" lon="2.87875">
				<ele>672.71</ele>
				<time>2026-05-28T17:07:48.450Z</time>
			</trkpt>
			<trkpt lat="44.8682" lon="2.87888">
				<ele>676.09</ele>
				<time>2026-05-28T17:07:49.981Z</time>
			</trkpt>
			<trkpt lat="44.86801" lon="2.87902">
				<ele>681.13</ele>
				<time>2026-05-28T17:07:51.839Z</time>
			</trkpt>
			<trkpt lat="44.86788" lon="2.87917">
				<ele>682.32</ele>
				<time>2026-05-28T17:07:53.289Z</time>
			</trkpt>
			<trkpt lat="44.86785" lon="2.8793">
				<ele>680.88</ele>
				<time>2026-05-28T17:07:54.124Z</time>
			</trkpt>
			<trkpt lat="44.86787" lon="2.87944">
				<ele>677.55</ele>
				<time>2026-05-28T17:07:54.994Z</time>
			</trkpt>
			<trkpt lat="44.86795" lon="2.8796">
				<ele>672.69</ele>
				<time>2026-05-28T17:07:56.185Z</time>
			</trkpt>
			<trkpt lat="44.86798" lon="2.87975">
				<ele>669.81</ele>
				<time>2026-05-28T17:07:57.131Z</time>
			</trkpt>
			<trkpt lat="44.86798" lon="2.87988">
				<ele>668.04</ele>
				<time>2026-05-28T17:07:57.918Z</time>
			</trkpt>
			<trkpt lat="44.86792" lon="2.88001">
				<ele>667.12</ele>
				<time>2026-05-28T17:07:58.856Z</time>
			</trkpt>
			<trkpt lat="44.86785" lon="2.88007">
				<ele>667.61</ele>
				<time>2026-05-28T17:07:59.554Z</time>
			</trkpt>
			<trkpt lat="44.86776" lon="2.88009">
				<ele>669.35</ele>
				<time>2026-05-28T17:08:00.329Z</time>
			</trkpt>
			<trkpt lat="44.86761" lon="2.88002">
				<ele>678.27</ele>
				<time>2026-05-28T17:08:01.669Z</time>
			</trkpt>
			<trkpt lat="44.86753" lon="2.88002">
				<ele>681.9</ele>
				<time>2026-05-28T17:08:02.346Z</time>
			</trkpt>
			<trkpt lat="44.86743" lon="2.88008">
				<ele>686.01</ele>
				<time>2026-05-28T17:08:03.264Z</time>
			</trkpt>
			<trkpt lat="44.86738" lon="2.88018">
				<ele>685.85</ele>
				<time>2026-05-28T17:08:03.996Z</time>
			</trkpt>
			<trkpt lat="44.86732" lon="2.88053">
				<ele>677.42</ele>
				<time>2026-05-28T17:08:06.142Z</time>
			</trkpt>
			<trkpt lat="44.86728" lon="2.88065">
				<ele>675.74</ele>
				<time>2026-05-28T17:08:06.930Z</time>
			</trkpt>
			<trkpt lat="44.86724" lon="2.88073">
				<ele>675.43</ele>
				<time>2026-05-28T17:08:07.511Z</time>
			</trkpt>
			<trkpt lat="44.86696" lon="2.88108">
				<ele>676.05</ele>
				<time>2026-05-28T17:08:10.630Z</time>
			</trkpt>
			<trkpt lat="44.86687" lon="2.88111">
				<ele>677.21</ele>
				<time>2026-05-28T17:08:11.398Z</time>
			</trkpt>
			<trkpt lat="44.86677" lon="2.88109">
				<ele>680.15</ele>
				<time>2026-05-28T17:08:12.235Z</time>
			</trkpt>
			<trkpt lat="44.86654" lon="2.88098">
				<ele>690.75</ele>
				<time>2026-05-28T17:08:14.242Z</time>
			</trkpt>
			<trkpt lat="44.86623" lon="2.88093">
				<ele>698.91</ele>
				<time>2026-05-28T17:08:16.807Z</time>
			</trkpt>
			<trkpt lat="44.86614" lon="2.88094">
				<ele>699.88</ele>
				<time>2026-05-28T17:08:17.546Z</time>
			</trkpt>
			<trkpt lat="44.86607" lon="2.88096">
				<ele>700.7</ele>
				<time>2026-05-28T17:08:18.130Z</time>
			</trkpt>
			<trkpt lat="44.86601" lon="2.88104">
				<ele>700.81</ele>
				<time>2026-05-28T17:08:18.805Z</time>
			</trkpt>
			<trkpt lat="44.86598" lon="2.88116">
				<ele>700.19</ele>
				<time>2026-05-28T17:08:19.540Z</time>
			</trkpt>
			<trkpt lat="44.86601" lon="2.88129">
				<ele>698.2</ele>
				<time>2026-05-28T17:08:20.329Z</time>
			</trkpt>
			<trkpt lat="44.86617" lon="2.88149">
				<ele>689.95</ele>
				<time>2026-05-28T17:08:22.064Z</time>
			</trkpt>
			<trkpt lat="44.86622" lon="2.88163">
				<ele>686.6</ele>
				<time>2026-05-28T17:08:22.964Z</time>
			</trkpt>
			<trkpt lat="44.86623" lon="2.88177">
				<ele>685.15</ele>
				<time>2026-05-28T17:08:23.770Z</time>
			</trkpt>
			<trkpt lat="44.86606" lon="2.88309">
				<ele>691.89</ele>
				<time>2026-05-28T17:08:31.379Z</time>
			</trkpt>
			<trkpt lat="44.86602" lon="2.88329">
				<ele>691.25</ele>
				<time>2026-05-28T17:08:32.546Z</time>
			</trkpt>
			<trkpt lat="44.86596" lon="2.88346">
				<ele>691.54</ele>
				<time>2026-05-28T17:08:33.610Z</time>
			</trkpt>
			<trkpt lat="44.86589" lon="2.88356">
				<ele>692.68</ele>
				<time>2026-05-28T17:08:34.396Z</time>
			</trkpt>
			<trkpt lat="44.86571" lon="2.88364">
				<ele>698.04</ele>
				<time>2026-05-28T17:08:35.880Z</time>
			</trkpt>
			<trkpt lat="44.86565" lon="2.8837">
				<ele>699.26</ele>
				<time>2026-05-28T17:08:36.458Z</time>
			</trkpt>
			<trkpt lat="44.86559" lon="2.88388">
				<ele>697.85</ele>
				<time>2026-05-28T17:08:37.562Z</time>
			</trkpt>
			<trkpt lat="44.86557" lon="2.88411">
				<ele>694.35</ele>
				<time>2026-05-28T17:08:38.845Z</time>
			</trkpt>
			<trkpt lat="44.86552" lon="2.88424">
				<ele>693.39</ele>
				<time>2026-05-28T17:08:39.661Z</time>
			</trkpt>
			<trkpt lat="44.86542" lon="2.88432">
				<ele>694.33</ele>
				<time>2026-05-28T17:08:40.555Z</time>
			</trkpt>
			<trkpt lat="44.86505" lon="2.88451">
				<ele>702.56</ele>
				<time>2026-05-28T17:08:43.603Z</time>
			</trkpt>
			<trkpt lat="44.86497" lon="2.88459">
				<ele>704.84</ele>
				<time>2026-05-28T17:08:44.359Z</time>
			</trkpt>
			<trkpt lat="44.86492" lon="2.8847">
				<ele>705.66</ele>
				<time>2026-05-28T17:08:45.071Z</time>
			</trkpt>
			<trkpt lat="44.86492" lon="2.88484">
				<ele>706.69</ele>
				<time>2026-05-28T17:08:45.833Z</time>
			</trkpt>
			<trkpt lat="44.86497" lon="2.88496">
				<ele>705.07</ele>
				<time>2026-05-28T17:08:46.590Z</time>
			</trkpt>
			<trkpt lat="44.86511" lon="2.88511">
				<ele>701.17</ele>
				<time>2026-05-28T17:08:47.934Z</time>
			</trkpt>
			<trkpt lat="44.86538" lon="2.88534">
				<ele>696.28</ele>
				<time>2026-05-28T17:08:50.335Z</time>
			</trkpt>
			<trkpt lat="44.86601" lon="2.8858">
				<ele>693.18</ele>
				<time>2026-05-28T17:08:55.686Z</time>
			</trkpt>
			<trkpt lat="44.8661" lon="2.8859">
				<ele>693.39</ele>
				<time>2026-05-28T17:08:56.544Z</time>
			</trkpt>
			<trkpt lat="44.86639" lon="2.88635">
				<ele>693.69</ele>
				<time>2026-05-28T17:08:59.755Z</time>
			</trkpt>
			<trkpt lat="44.86653" lon="2.88676">
				<ele>692.58</ele>
				<time>2026-05-28T17:09:02.142Z</time>
			</trkpt>
			<trkpt lat="44.86658" lon="2.88685">
				<ele>691.46</ele>
				<time>2026-05-28T17:09:02.740Z</time>
			</trkpt>
			<trkpt lat="44.86668" lon="2.88696">
				<ele>690.02</ele>
				<time>2026-05-28T17:09:03.673Z</time>
			</trkpt>
			<trkpt lat="44.86706" lon="2.88724">
				<ele>687.47</ele>
				<time>2026-05-28T17:09:06.812Z</time>
			</trkpt>
			<trkpt lat="44.86715" lon="2.88734">
				<ele>686.3</ele>
				<time>2026-05-28T17:09:07.647Z</time>
			</trkpt>
			<trkpt lat="44.86765" lon="2.88806">
				<ele>679.45</ele>
				<time>2026-05-28T17:09:12.814Z</time>
			</trkpt>
			<trkpt lat="44.86768" lon="2.88816">
				<ele>679.33</ele>
				<time>2026-05-28T17:09:13.367Z</time>
			</trkpt>
			<trkpt lat="44.86768" lon="2.88829">
				<ele>679.32</ele>
				<time>2026-05-28T17:09:14.028Z</time>
			</trkpt>
			<trkpt lat="44.86762" lon="2.88847">
				<ele>678.81</ele>
				<time>2026-05-28T17:09:15.037Z</time>
			</trkpt>
			<trkpt lat="44.86755" lon="2.88853">
				<ele>678.9</ele>
				<time>2026-05-28T17:09:15.622Z</time>
			</trkpt>
			<trkpt lat="44.86698" lon="2.88892">
				<ele>678.9</ele>
				<time>2026-05-28T17:09:20.117Z</time>
			</trkpt>
			<trkpt lat="44.86668" lon="2.88908">
				<ele>676.75</ele>
				<time>2026-05-28T17:09:22.373Z</time>
			</trkpt>
			<trkpt lat="44.86625" lon="2.88919">
				<ele>673.61</ele>
				<time>2026-05-28T17:09:25.427Z</time>
			</trkpt>
			<trkpt lat="44.86583" lon="2.88901">
				<ele>675.36</ele>
				<time>2026-05-28T17:09:28.470Z</time>
			</trkpt>
			<trkpt lat="44.86571" lon="2.889">
				<ele>673.64</ele>
				<time>2026-05-28T17:09:29.299Z</time>
			</trkpt>
			<trkpt lat="44.86562" lon="2.88902">
				<ele>671.87</ele>
				<time>2026-05-28T17:09:29.927Z</time>
			</trkpt>
			<trkpt lat="44.86548" lon="2.88913">
				<ele>668.87</ele>
				<time>2026-05-28T17:09:31.028Z</time>
			</trkpt>
			<trkpt lat="44.86539" lon="2.88934">
				<ele>667.59</ele>
				<time>2026-05-28T17:09:32.219Z</time>
			</trkpt>
			<trkpt lat="44.86537" lon="2.88989">
				<ele>663.09</ele>
				<time>2026-05-28T17:09:34.880Z</time>
			</trkpt>
			<trkpt lat="44.86535" lon="2.89008">
				<ele>661.46</ele>
				<time>2026-05-28T17:09:35.803Z</time>
			</trkpt>
			<trkpt lat="44.86528" lon="2.89029">
				<ele>660.73</ele>
				<time>2026-05-28T17:09:36.916Z</time>
			</trkpt>
			<trkpt lat="44.86484" lon="2.89104">
				<ele>660.46</ele>
				<time>2026-05-28T17:09:41.549Z</time>
			</trkpt>
			<trkpt lat="44.86428" lon="2.8922">
				<ele>658.82</ele>
				<time>2026-05-28T17:09:48.130Z</time>
			</trkpt>
			<trkpt lat="44.86402" lon="2.89264">
				<ele>655.62</ele>
				<time>2026-05-28T17:09:50.783Z</time>
			</trkpt>
			<trkpt lat="44.86382" lon="2.89314">
				<ele>654.19</ele>
				<time>2026-05-28T17:09:53.423Z</time>
			</trkpt>
			<trkpt lat="44.86376" lon="2.89346">
				<ele>654.28</ele>
				<time>2026-05-28T17:09:54.937Z</time>
			</trkpt>
			<trkpt lat="44.86374" lon="2.89367">
				<ele>654.95</ele>
				<time>2026-05-28T17:09:55.902Z</time>
			</trkpt>
			<trkpt lat="44.86373" lon="2.89389">
				<ele>655.78</ele>
				<time>2026-05-28T17:09:56.904Z</time>
			</trkpt>
			<trkpt lat="44.86369" lon="2.89429">
				<ele>657.81</ele>
				<time>2026-05-28T17:09:58.733Z</time>
			</trkpt>
			<trkpt lat="44.86332" lon="2.89509">
				<ele>655.16</ele>
				<time>2026-05-28T17:10:03.022Z</time>
			</trkpt>
			<trkpt lat="44.86319" lon="2.89527">
				<ele>654.54</ele>
				<time>2026-05-28T17:10:04.167Z</time>
			</trkpt>
			<trkpt lat="44.86307" lon="2.89534">
				<ele>655.59</ele>
				<time>2026-05-28T17:10:04.981Z</time>
			</trkpt>
			<trkpt lat="44.86299" lon="2.89533">
				<ele>655.37</ele>
				<time>2026-05-28T17:10:05.483Z</time>
			</trkpt>
			<trkpt lat="44.8629" lon="2.89529">
				<ele>654.81</ele>
				<time>2026-05-28T17:10:06.073Z</time>
			</trkpt>
			<trkpt lat="44.86275" lon="2.89517">
				<ele>655.09</ele>
				<time>2026-05-28T17:10:07.148Z</time>
			</trkpt>
			<trkpt lat="44.86264" lon="2.89501">
				<ele>655.89</ele>
				<time>2026-05-28T17:10:08.130Z</time>
			</trkpt>
			<trkpt lat="44.86241" lon="2.89456">
				<ele>661.66</ele>
				<time>2026-05-28T17:10:10.563Z</time>
			</trkpt>
			<trkpt lat="44.86234" lon="2.89447">
				<ele>663.47</ele>
				<time>2026-05-28T17:10:11.147Z</time>
			</trkpt>
			<trkpt lat="44.86224" lon="2.89441">
				<ele>665.54</ele>
				<time>2026-05-28T17:10:11.815Z</time>
			</trkpt>
			<trkpt lat="44.86211" lon="2.89436">
				<ele>667.63</ele>
				<time>2026-05-28T17:10:12.642Z</time>
			</trkpt>
			<trkpt lat="44.86169" lon="2.89433">
				<ele>669.04</ele>
				<time>2026-05-28T17:10:15.211Z</time>
			</trkpt>
			<trkpt lat="44.86155" lon="2.89439">
				<ele>665.52</ele>
				<time>2026-05-28T17:10:16.100Z</time>
			</trkpt>
			<trkpt lat="44.86129" lon="2.89457">
				<ele>656.37</ele>
				<time>2026-05-28T17:10:17.854Z</time>
			</trkpt>
			<trkpt lat="44.86112" lon="2.89464">
				<ele>653.78</ele>
				<time>2026-05-28T17:10:18.922Z</time>
			</trkpt>
			<trkpt lat="44.86101" lon="2.89466">
				<ele>654.11</ele>
				<time>2026-05-28T17:10:19.590Z</time>
			</trkpt>
			<trkpt lat="44.86094" lon="2.89471">
				<ele>653.67</ele>
				<time>2026-05-28T17:10:20.061Z</time>
			</trkpt>
			<trkpt lat="44.86089" lon="2.8948">
				<ele>653.21</ele>
				<time>2026-05-28T17:10:20.547Z</time>
			</trkpt>
			<trkpt lat="44.86081" lon="2.89507">
				<ele>651.53</ele>
				<time>2026-05-28T17:10:21.789Z</time>
			</trkpt>
			<trkpt lat="44.86075" lon="2.89516">
				<ele>651.27</ele>
				<time>2026-05-28T17:10:22.312Z</time>
			</trkpt>
			<trkpt lat="44.86067" lon="2.89523">
				<ele>651.73</ele>
				<time>2026-05-28T17:10:22.873Z</time>
			</trkpt>
			<trkpt lat="44.86052" lon="2.8953">
				<ele>653.6</ele>
				<time>2026-05-28T17:10:23.812Z</time>
			</trkpt>
			<trkpt lat="44.86045" lon="2.89535">
				<ele>655.01</ele>
				<time>2026-05-28T17:10:24.278Z</time>
			</trkpt>
			<trkpt lat="44.86037" lon="2.89545">
				<ele>656.72</ele>
				<time>2026-05-28T17:10:24.912Z</time>
			</trkpt>
			<trkpt lat="44.86034" lon="2.89566">
				<ele>657.34</ele>
				<time>2026-05-28T17:10:25.810Z</time>
			</trkpt>
			<trkpt lat="44.86035" lon="2.89584">
				<ele>655.91</ele>
				<time>2026-05-28T17:10:26.565Z</time>
			</trkpt>
			<trkpt lat="44.86035" lon="2.89603">
				<ele>655.29</ele>
				<time>2026-05-28T17:10:27.357Z</time>
			</trkpt>
			<trkpt lat="44.8603" lon="2.89616">
				<ele>656.08</ele>
				<time>2026-05-28T17:10:27.973Z</time>
			</trkpt>
			<trkpt lat="44.86014" lon="2.89634">
				<ele>659.5</ele>
				<time>2026-05-28T17:10:29.173Z</time>
			</trkpt>
			<trkpt lat="44.85997" lon="2.89647">
				<ele>661.72</ele>
				<time>2026-05-28T17:10:30.302Z</time>
			</trkpt>
			<trkpt lat="44.85975" lon="2.89661">
				<ele>661.01</ele>
				<time>2026-05-28T17:10:31.706Z</time>
			</trkpt>
			<trkpt lat="44.85921" lon="2.89704">
				<ele>659.27</ele>
				<time>2026-05-28T17:10:35.289Z</time>
			</trkpt>
			<trkpt lat="44.85868" lon="2.89739">
				<ele>669.05</ele>
				<time>2026-05-28T17:10:38.636Z</time>
			</trkpt>
			<trkpt lat="44.85844" lon="2.89759">
				<ele>669.33</ele>
				<time>2026-05-28T17:10:40.219Z</time>
			</trkpt>
			<trkpt lat="44.85827" lon="2.89769">
				<ele>670.69</ele>
				<time>2026-05-28T17:10:41.261Z</time>
			</trkpt>
			<trkpt lat="44.85785" lon="2.89784">
				<ele>676.63</ele>
				<time>2026-05-28T17:10:43.700Z</time>
			</trkpt>
			<trkpt lat="44.85774" lon="2.89792">
				<ele>677.54</ele>
				<time>2026-05-28T17:10:44.393Z</time>
			</trkpt>
			<trkpt lat="44.85767" lon="2.89802">
				<ele>676.31</ele>
				<time>2026-05-28T17:10:44.950Z</time>
			</trkpt>
			<trkpt lat="44.85763" lon="2.89824">
				<ele>673.34</ele>
				<time>2026-05-28T17:10:45.849Z</time>
			</trkpt>
			<trkpt lat="44.85765" lon="2.89841">
				<ele>672.54</ele>
				<time>2026-05-28T17:10:46.529Z</time>
			</trkpt>
			<trkpt lat="44.85774" lon="2.89857">
				<ele>672.92</ele>
				<time>2026-05-28T17:10:47.334Z</time>
			</trkpt>
			<trkpt lat="44.85789" lon="2.89863">
				<ele>673.92</ele>
				<time>2026-05-28T17:10:48.198Z</time>
			</trkpt>
			<trkpt lat="44.85841" lon="2.89873">
				<ele>677.39</ele>
				<time>2026-05-28T17:10:51.091Z</time>
			</trkpt>
			<trkpt lat="44.85862" lon="2.89873">
				<ele>676.8</ele>
				<time>2026-05-28T17:10:52.242Z</time>
			</trkpt>
			<trkpt lat="44.8589" lon="2.89867">
				<ele>672.12</ele>
				<time>2026-05-28T17:10:53.788Z</time>
			</trkpt>
			<trkpt lat="44.85905" lon="2.89869">
				<ele>672.69</ele>
				<time>2026-05-28T17:10:54.608Z</time>
			</trkpt>
			<trkpt lat="44.85914" lon="2.89873">
				<ele>673.63</ele>
				<time>2026-05-28T17:10:55.120Z</time>
			</trkpt>
			<trkpt lat="44.85925" lon="2.89886">
				<ele>676.17</ele>
				<time>2026-05-28T17:10:55.898Z</time>
			</trkpt>
			<trkpt lat="44.8593" lon="2.89898">
				<ele>676.49</ele>
				<time>2026-05-28T17:10:56.431Z</time>
			</trkpt>
			<trkpt lat="44.85932" lon="2.89916">
				<ele>676.26</ele>
				<time>2026-05-28T17:10:57.129Z</time>
			</trkpt>
			<trkpt lat="44.85928" lon="2.89931">
				<ele>675.03</ele>
				<time>2026-05-28T17:10:57.741Z</time>
			</trkpt>
			<trkpt lat="44.85917" lon="2.89953">
				<ele>674.59</ele>
				<time>2026-05-28T17:10:58.767Z</time>
			</trkpt>
			<trkpt lat="44.85898" lon="2.89984">
				<ele>677.58</ele>
				<time>2026-05-28T17:11:00.323Z</time>
			</trkpt>
			<trkpt lat="44.85887" lon="2.90008">
				<ele>679.55</ele>
				<time>2026-05-28T17:11:01.404Z</time>
			</trkpt>
			<trkpt lat="44.85883" lon="2.90026">
				<ele>679.92</ele>
				<time>2026-05-28T17:11:02.115Z</time>
			</trkpt>
			<trkpt lat="44.85881" lon="2.90081">
				<ele>677.94</ele>
				<time>2026-05-28T17:11:04.184Z</time>
			</trkpt>
			<trkpt lat="44.85877" lon="2.90106">
				<ele>678.15</ele>
				<time>2026-05-28T17:11:05.143Z</time>
			</trkpt>
			<trkpt lat="44.85853" lon="2.90217">
				<ele>676.09</ele>
				<time>2026-05-28T17:11:09.450Z</time>
			</trkpt>
			<trkpt lat="44.85846" lon="2.90255">
				<ele>675.47</ele>
				<time>2026-05-28T17:11:10.895Z</time>
			</trkpt>
			<trkpt lat="44.85844" lon="2.90298">
				<ele>672.42</ele>
				<time>2026-05-28T17:11:12.474Z</time>
			</trkpt>
			<trkpt lat="44.85839" lon="2.9035">
				<ele>670.98</ele>
				<time>2026-05-28T17:11:14.387Z</time>
			</trkpt>
			<trkpt lat="44.85826" lon="2.90378">
				<ele>669.41</ele>
				<time>2026-05-28T17:11:15.602Z</time>
			</trkpt>
			<trkpt lat="44.8582" lon="2.90396">
				<ele>668.27</ele>
				<time>2026-05-28T17:11:16.322Z</time>
			</trkpt>
			<trkpt lat="44.85816" lon="2.90416">
				<ele>665.9</ele>
				<time>2026-05-28T17:11:17.072Z</time>
			</trkpt>
			<trkpt lat="44.85816" lon="2.90476">
				<ele>662.39</ele>
				<time>2026-05-28T17:11:19.230Z</time>
			</trkpt>
			<trkpt lat="44.85813" lon="2.90516">
				<ele>666.19</ele>
				<time>2026-05-28T17:11:20.669Z</time>
			</trkpt>
			<trkpt lat="44.85814" lon="2.90536">
				<ele>667.3</ele>
				<time>2026-05-28T17:11:21.384Z</time>
			</trkpt>
			<trkpt lat="44.85819" lon="2.9056">
				<ele>666.63</ele>
				<time>2026-05-28T17:11:22.274Z</time>
			</trkpt>
			<trkpt lat="44.85828" lon="2.90585">
				<ele>664.55</ele>
				<time>2026-05-28T17:11:23.269Z</time>
			</trkpt>
			<trkpt lat="44.85833" lon="2.90604">
				<ele>663.7</ele>
				<time>2026-05-28T17:11:23.987Z</time>
			</trkpt>
			<trkpt lat="44.85832" lon="2.90657">
				<ele>667.95</ele>
				<time>2026-05-28T17:11:25.856Z</time>
			</trkpt>
			<trkpt lat="44.85842" lon="2.9071">
				<ele>662.16</ele>
				<time>2026-05-28T17:11:27.780Z</time>
			</trkpt>
			<trkpt lat="44.85843" lon="2.90734">
				<ele>659.61</ele>
				<time>2026-05-28T17:11:28.620Z</time>
			</trkpt>
			<trkpt lat="44.8584" lon="2.9077">
				<ele>659.8</ele>
				<time>2026-05-28T17:11:29.883Z</time>
			</trkpt>
			<trkpt lat="44.85835" lon="2.90809">
				<ele>659.67</ele>
				<time>2026-05-28T17:11:31.259Z</time>
			</trkpt>
			<trkpt lat="44.85828" lon="2.90839">
				<ele>658.55</ele>
				<time>2026-05-28T17:11:32.351Z</time>
			</trkpt>
			<trkpt lat="44.85816" lon="2.90857">
				<ele>658.94</ele>
				<time>2026-05-28T17:11:33.203Z</time>
			</trkpt>
			<trkpt lat="44.85801" lon="2.90871">
				<ele>661.55</ele>
				<time>2026-05-28T17:11:34.076Z</time>
			</trkpt>
			<trkpt lat="44.85788" lon="2.90876">
				<ele>665.14</ele>
				<time>2026-05-28T17:11:34.729Z</time>
			</trkpt>
			<trkpt lat="44.85779" lon="2.90886">
				<ele>664.38</ele>
				<time>2026-05-28T17:11:35.283Z</time>
			</trkpt>
			<trkpt lat="44.85775" lon="2.90899">
				<ele>661.77</ele>
				<time>2026-05-28T17:11:35.768Z</time>
			</trkpt>
			<trkpt lat="44.85777" lon="2.90911">
				<ele>658.27</ele>
				<time>2026-05-28T17:11:36.189Z</time>
			</trkpt>
			<trkpt lat="44.85783" lon="2.90924">
				<ele>655.76</ele>
				<time>2026-05-28T17:11:36.719Z</time>
			</trkpt>
			<trkpt lat="44.85799" lon="2.90959">
				<ele>656</ele>
				<time>2026-05-28T17:11:38.136Z</time>
			</trkpt>
			<trkpt lat="44.85803" lon="2.90971">
				<ele>659.5</ele>
				<time>2026-05-28T17:11:38.587Z</time>
			</trkpt>
			<trkpt lat="44.85807" lon="2.90975">
				<ele>661.68</ele>
				<time>2026-05-28T17:11:38.821Z</time>
			</trkpt>
			<trkpt lat="44.85812" lon="2.90977">
				<ele>663.55</ele>
				<time>2026-05-28T17:11:39.070Z</time>
			</trkpt>
			<trkpt lat="44.85823" lon="2.90975">
				<ele>664.22</ele>
				<time>2026-05-28T17:11:39.600Z</time>
			</trkpt>
			<trkpt lat="44.8584" lon="2.90955">
				<ele>658.83</ele>
				<time>2026-05-28T17:11:40.655Z</time>
			</trkpt>
			<trkpt lat="44.85855" lon="2.90942">
				<ele>657.14</ele>
				<time>2026-05-28T17:11:41.492Z</time>
			</trkpt>
			<trkpt lat="44.85877" lon="2.90924">
				<ele>657.56</ele>
				<time>2026-05-28T17:11:42.698Z</time>
			</trkpt>
			<trkpt lat="44.85887" lon="2.90913">
				<ele>656.96</ele>
				<time>2026-05-28T17:11:43.297Z</time>
			</trkpt>
			<trkpt lat="44.85895" lon="2.90895">
				<ele>656</ele>
				<time>2026-05-28T17:11:44.008Z</time>
			</trkpt>
			<trkpt lat="44.85959" lon="2.90739">
				<ele>658.48</ele>
				<time>2026-05-28T17:11:49.986Z</time>
			</trkpt>
			<trkpt lat="44.85962" lon="2.9072">
				<ele>659.15</ele>
				<time>2026-05-28T17:11:50.626Z</time>
			</trkpt>
			<trkpt lat="44.85963" lon="2.90696">
				<ele>658.64</ele>
				<time>2026-05-28T17:11:51.415Z</time>
			</trkpt>
			<trkpt lat="44.85968" lon="2.90682">
				<ele>659.13</ele>
				<time>2026-05-28T17:11:51.928Z</time>
			</trkpt>
			<trkpt lat="44.85992" lon="2.90639">
				<ele>665.15</ele>
				<time>2026-05-28T17:11:53.715Z</time>
			</trkpt>
			<trkpt lat="44.86" lon="2.90619">
				<ele>666.88</ele>
				<time>2026-05-28T17:11:54.463Z</time>
			</trkpt>
			<trkpt lat="44.86016" lon="2.90565">
				<ele>664.72</ele>
				<time>2026-05-28T17:11:56.361Z</time>
			</trkpt>
			<trkpt lat="44.86027" lon="2.90517">
				<ele>660.74</ele>
				<time>2026-05-28T17:11:57.990Z</time>
			</trkpt>
			<trkpt lat="44.86033" lon="2.90505">
				<ele>661.77</ele>
				<time>2026-05-28T17:11:58.463Z</time>
			</trkpt>
			<trkpt lat="44.86041" lon="2.905">
				<ele>664.54</ele>
				<time>2026-05-28T17:11:58.860Z</time>
			</trkpt>
			<trkpt lat="44.86051" lon="2.90501">
				<ele>668.35</ele>
				<time>2026-05-28T17:11:59.314Z</time>
			</trkpt>
			<trkpt lat="44.86058" lon="2.90508">
				<ele>671.52</ele>
				<time>2026-05-28T17:11:59.703Z</time>
			</trkpt>
			<trkpt lat="44.86061" lon="2.90519">
				<ele>673.74</ele>
				<time>2026-05-28T17:12:00.081Z</time>
			</trkpt>
			<trkpt lat="44.86061" lon="2.90533">
				<ele>675.1</ele>
				<time>2026-05-28T17:12:00.529Z</time>
			</trkpt>
			<trkpt lat="44.86056" lon="2.90544">
				<ele>674.18</ele>
				<time>2026-05-28T17:12:00.947Z</time>
			</trkpt>
			<trkpt lat="44.86034" lon="2.90566">
				<ele>669.78</ele>
				<time>2026-05-28T17:12:02.162Z</time>
			</trkpt>
			<trkpt lat="44.86027" lon="2.90583">
				<ele>670.98</ele>
				<time>2026-05-28T17:12:02.789Z</time>
			</trkpt>
			<trkpt lat="44.86005" lon="2.90665">
				<ele>672.73</ele>
				<time>2026-05-28T17:12:05.570Z</time>
			</trkpt>
			<trkpt lat="44.86" lon="2.90695">
				<ele>671.01</ele>
				<time>2026-05-28T17:12:06.544Z</time>
			</trkpt>
			<trkpt lat="44.86" lon="2.90704">
				<ele>671</ele>
				<time>2026-05-28T17:12:06.828Z</time>
			</trkpt>
			<trkpt lat="44.86003" lon="2.90715">
				<ele>671.93</ele>
				<time>2026-05-28T17:12:07.199Z</time>
			</trkpt>
			<trkpt lat="44.8601" lon="2.90723">
				<ele>674.59</ele>
				<time>2026-05-28T17:12:07.599Z</time>
			</trkpt>
			<trkpt lat="44.86029" lon="2.90732">
				<ele>683.23</ele>
				<time>2026-05-28T17:12:08.488Z</time>
			</trkpt>
			<trkpt lat="44.86034" lon="2.90741">
				<ele>685.5</ele>
				<time>2026-05-28T17:12:08.847Z</time>
			</trkpt>
			<trkpt lat="44.86036" lon="2.90751">
				<ele>686.7</ele>
				<time>2026-05-28T17:12:09.173Z</time>
			</trkpt>
			<trkpt lat="44.86035" lon="2.90761">
				<ele>687.75</ele>
				<time>2026-05-28T17:12:09.489Z</time>
			</trkpt>
			<trkpt lat="44.86032" lon="2.90768">
				<ele>687.88</ele>
				<time>2026-05-28T17:12:09.745Z</time>
			</trkpt>
			<trkpt lat="44.86025" lon="2.90774">
				<ele>686.83</ele>
				<time>2026-05-28T17:12:10.107Z</time>
			</trkpt>
			<trkpt lat="44.85997" lon="2.90794">
				<ele>679.6</ele>
				<time>2026-05-28T17:12:11.490Z</time>
			</trkpt>
			<trkpt lat="44.85992" lon="2.90799">
				<ele>678.61</ele>
				<time>2026-05-28T17:12:11.759Z</time>
			</trkpt>
			<trkpt lat="44.85988" lon="2.90812">
				<ele>679.42</ele>
				<time>2026-05-28T17:12:12.201Z</time>
			</trkpt>
			<trkpt lat="44.85988" lon="2.9085">
				<ele>685.99</ele>
				<time>2026-05-28T17:12:13.382Z</time>
			</trkpt>
			<trkpt lat="44.85985" lon="2.90881">
				<ele>688.27</ele>
				<time>2026-05-28T17:12:14.352Z</time>
			</trkpt>
			<trkpt lat="44.85982" lon="2.90887">
				<ele>687.86</ele>
				<time>2026-05-28T17:12:14.580Z</time>
			</trkpt>
			<trkpt lat="44.85972" lon="2.90894">
				<ele>683.55</ele>
				<time>2026-05-28T17:12:15.067Z</time>
			</trkpt>
			<trkpt lat="44.85964" lon="2.90902">
				<ele>681.18</ele>
				<time>2026-05-28T17:12:15.495Z</time>
			</trkpt>
			<trkpt lat="44.85961" lon="2.90909">
				<ele>680.63</ele>
				<time>2026-05-28T17:12:15.748Z</time>
			</trkpt>
			<trkpt lat="44.8596" lon="2.90917">
				<ele>681.12</ele>
				<time>2026-05-28T17:12:15.998Z</time>
			</trkpt>
			<trkpt lat="44.85962" lon="2.90933">
				<ele>683.5</ele>
				<time>2026-05-28T17:12:16.500Z</time>
			</trkpt>
			<trkpt lat="44.85977" lon="2.90986">
				<ele>694.43</ele>
				<time>2026-05-28T17:12:18.256Z</time>
			</trkpt>
			<trkpt lat="44.8598" lon="2.91031">
				<ele>699.66</ele>
				<time>2026-05-28T17:12:19.642Z</time>
			</trkpt>
			<trkpt lat="44.85983" lon="2.9105">
				<ele>703.33</ele>
				<time>2026-05-28T17:12:20.238Z</time>
			</trkpt>
			<trkpt lat="44.86003" lon="2.91134">
				<ele>710.84</ele>
				<time>2026-05-28T17:12:22.940Z</time>
			</trkpt>
			<trkpt lat="44.86022" lon="2.91198">
				<ele>718.75</ele>
				<time>2026-05-28T17:12:25.046Z</time>
			</trkpt>
			<trkpt lat="44.86022" lon="2.91212">
				<ele>719.13</ele>
				<time>2026-05-28T17:12:25.470Z</time>
			</trkpt>
			<trkpt lat="44.8602" lon="2.91217">
				<ele>719.27</ele>
				<time>2026-05-28T17:12:25.643Z</time>
			</trkpt>
			<trkpt lat="44.86013" lon="2.91225">
				<ele>720.9</ele>
				<time>2026-05-28T17:12:26.028Z</time>
			</trkpt>
			<trkpt lat="44.86003" lon="2.91227">
				<ele>722.2</ele>
				<time>2026-05-28T17:12:26.458Z</time>
			</trkpt>
			<trkpt lat="44.8599" lon="2.91216">
				<ele>722.66</ele>
				<time>2026-05-28T17:12:27.104Z</time>
			</trkpt>
			<trkpt lat="44.85968" lon="2.91185">
				<ele>720.43</ele>
				<time>2026-05-28T17:12:28.425Z</time>
			</trkpt>
			<trkpt lat="44.85886" lon="2.91083">
				<ele>714.9</ele>
				<time>2026-05-28T17:12:33.045Z</time>
			</trkpt>
			<trkpt lat="44.8588" lon="2.91079">
				<ele>713.15</ele>
				<time>2026-05-28T17:12:33.324Z</time>
			</trkpt>
			<trkpt lat="44.85874" lon="2.91078">
				<ele>712.44</ele>
				<time>2026-05-28T17:12:33.578Z</time>
			</trkpt>
			<trkpt lat="44.85867" lon="2.91079">
				<ele>712.8</ele>
				<time>2026-05-28T17:12:33.874Z</time>
			</trkpt>
			<trkpt lat="44.85835" lon="2.91096">
				<ele>719.07</ele>
				<time>2026-05-28T17:12:35.309Z</time>
			</trkpt>
			<trkpt lat="44.85727" lon="2.91174">
				<ele>725.66</ele>
				<time>2026-05-28T17:12:40.374Z</time>
			</trkpt>
			<trkpt lat="44.8571" lon="2.91189">
				<ele>726.84</ele>
				<time>2026-05-28T17:12:41.207Z</time>
			</trkpt>
			<trkpt lat="44.85702" lon="2.91201">
				<ele>728.43</ele>
				<time>2026-05-28T17:12:41.692Z</time>
			</trkpt>
			<trkpt lat="44.85695" lon="2.91218">
				<ele>732.13</ele>
				<time>2026-05-28T17:12:42.270Z</time>
			</trkpt>
			<trkpt lat="44.85689" lon="2.91241">
				<ele>735.33</ele>
				<time>2026-05-28T17:12:42.989Z</time>
			</trkpt>
			<trkpt lat="44.85686" lon="2.91269">
				<ele>739.31</ele>
				<time>2026-05-28T17:12:43.820Z</time>
			</trkpt>
			<trkpt lat="44.85677" lon="2.91308">
				<ele>742.08</ele>
				<time>2026-05-28T17:12:45.022Z</time>
			</trkpt>
			<trkpt lat="44.85657" lon="2.91388">
				<ele>748.22</ele>
				<time>2026-05-28T17:12:47.500Z</time>
			</trkpt>
			<trkpt lat="44.85651" lon="2.91407">
				<ele>749.54</ele>
				<time>2026-05-28T17:12:48.107Z</time>
			</trkpt>
			<trkpt lat="44.85643" lon="2.91416">
				<ele>749.14</ele>
				<time>2026-05-28T17:12:48.527Z</time>
			</trkpt>
			<trkpt lat="44.85638" lon="2.91416">
				<ele>748.94</ele>
				<time>2026-05-28T17:12:48.733Z</time>
			</trkpt>
			<trkpt lat="44.85633" lon="2.91415">
				<ele>747.73</ele>
				<time>2026-05-28T17:12:48.940Z</time>
			</trkpt>
			<trkpt lat="44.85613" lon="2.914">
				<ele>741.61</ele>
				<time>2026-05-28T17:12:49.870Z</time>
			</trkpt>
			<trkpt lat="44.85608" lon="2.91399">
				<ele>739.93</ele>
				<time>2026-05-28T17:12:50.077Z</time>
			</trkpt>
			<trkpt lat="44.85599" lon="2.91404">
				<ele>736.33</ele>
				<time>2026-05-28T17:12:50.474Z</time>
			</trkpt>
			<trkpt lat="44.85597" lon="2.91409">
				<ele>735.99</ele>
				<time>2026-05-28T17:12:50.641Z</time>
			</trkpt>
			<trkpt lat="44.85595" lon="2.91422">
				<ele>737.42</ele>
				<time>2026-05-28T17:12:51.027Z</time>
			</trkpt>
			<trkpt lat="44.85593" lon="2.91461">
				<ele>744.41</ele>
				<time>2026-05-28T17:12:52.162Z</time>
			</trkpt>
			<trkpt lat="44.85584" lon="2.91505">
				<ele>750.39</ele>
				<time>2026-05-28T17:12:53.489Z</time>
			</trkpt>
			<trkpt lat="44.85587" lon="2.91555">
				<ele>758.19</ele>
				<time>2026-05-28T17:12:54.941Z</time>
			</trkpt>
			<trkpt lat="44.85586" lon="2.91573">
				<ele>759.28</ele>
				<time>2026-05-28T17:12:55.463Z</time>
			</trkpt>
			<trkpt lat="44.85575" lon="2.91631">
				<ele>756.05</ele>
				<time>2026-05-28T17:12:57.197Z</time>
			</trkpt>
			<trkpt lat="44.85574" lon="2.91648">
				<ele>757.02</ele>
				<time>2026-05-28T17:12:57.689Z</time>
			</trkpt>
			<trkpt lat="44.85576" lon="2.91674">
				<ele>761.07</ele>
				<time>2026-05-28T17:12:58.443Z</time>
			</trkpt>
			<trkpt lat="44.85578" lon="2.917">
				<ele>764.09</ele>
				<time>2026-05-28T17:12:59.196Z</time>
			</trkpt>
			<trkpt lat="44.85582" lon="2.91725">
				<ele>765.7</ele>
				<time>2026-05-28T17:12:59.934Z</time>
			</trkpt>
			<trkpt lat="44.85596" lon="2.91794">
				<ele>773.62</ele>
				<time>2026-05-28T17:13:01.998Z</time>
			</trkpt>
			<trkpt lat="44.85596" lon="2.91827">
				<ele>775.95</ele>
				<time>2026-05-28T17:13:02.945Z</time>
			</trkpt>
			<trkpt lat="44.85591" lon="2.91859">
				<ele>773.48</ele>
				<time>2026-05-28T17:13:03.886Z</time>
			</trkpt>
			<trkpt lat="44.85591" lon="2.91886">
				<ele>774.58</ele>
				<time>2026-05-28T17:13:04.660Z</time>
			</trkpt>
			<trkpt lat="44.85594" lon="2.91904">
				<ele>776.94</ele>
				<time>2026-05-28T17:13:05.190Z</time>
			</trkpt>
			<trkpt lat="44.85598" lon="2.91917">
				<ele>779.66</ele>
				<time>2026-05-28T17:13:05.596Z</time>
			</trkpt>
			<trkpt lat="44.85611" lon="2.91949">
				<ele>788.49</ele>
				<time>2026-05-28T17:13:06.653Z</time>
			</trkpt>
			<trkpt lat="44.85613" lon="2.91964">
				<ele>789.77</ele>
				<time>2026-05-28T17:13:07.090Z</time>
			</trkpt>
			<trkpt lat="44.85614" lon="2.92008">
				<ele>791.52</ele>
				<time>2026-05-28T17:13:08.350Z</time>
			</trkpt>
			<trkpt lat="44.85618" lon="2.92023">
				<ele>794.15</ele>
				<time>2026-05-28T17:13:08.808Z</time>
			</trkpt>
			<trkpt lat="44.8562" lon="2.92044">
				<ele>795.86</ele>
				<time>2026-05-28T17:13:09.414Z</time>
			</trkpt>
			<trkpt lat="44.8562" lon="2.92064">
				<ele>796.66</ele>
				<time>2026-05-28T17:13:09.986Z</time>
			</trkpt>
			<trkpt lat="44.85612" lon="2.92117">
				<ele>793.76</ele>
				<time>2026-05-28T17:13:11.534Z</time>
			</trkpt>
			<trkpt lat="44.85606" lon="2.92141">
				<ele>793.73</ele>
				<time>2026-05-28T17:13:12.261Z</time>
			</trkpt>
			<trkpt lat="44.85598" lon="2.92167">
				<ele>795.61</ele>
				<time>2026-05-28T17:13:13.070Z</time>
			</trkpt>
			<trkpt lat="44.85571" lon="2.9224">
				<ele>795.79</ele>
				<time>2026-05-28T17:13:15.420Z</time>
			</trkpt>
			<trkpt lat="44.85567" lon="2.92253">
				<ele>794.26</ele>
				<time>2026-05-28T17:13:15.824Z</time>
			</trkpt>
			<trkpt lat="44.85565" lon="2.92265">
				<ele>793.35</ele>
				<time>2026-05-28T17:13:16.176Z</time>
			</trkpt>
			<trkpt lat="44.8557" lon="2.92279">
				<ele>794.55</ele>
				<time>2026-05-28T17:13:16.623Z</time>
			</trkpt>
			<trkpt lat="44.85575" lon="2.92285">
				<ele>795.73</ele>
				<time>2026-05-28T17:13:16.887Z</time>
			</trkpt>
			<trkpt lat="44.85594" lon="2.92296">
				<ele>802.93</ele>
				<time>2026-05-28T17:13:17.713Z</time>
			</trkpt>
			<trkpt lat="44.85601" lon="2.92306">
				<ele>804.47</ele>
				<time>2026-05-28T17:13:18.114Z</time>
			</trkpt>
			<trkpt lat="44.85618" lon="2.92341">
				<ele>800.21</ele>
				<time>2026-05-28T17:13:19.323Z</time>
			</trkpt>
			<trkpt lat="44.85624" lon="2.9235">
				<ele>800.45</ele>
				<time>2026-05-28T17:13:19.675Z</time>
			</trkpt>
			<trkpt lat="44.85633" lon="2.92355">
				<ele>803.82</ele>
				<time>2026-05-28T17:13:20.064Z</time>
			</trkpt>
			<trkpt lat="44.85646" lon="2.92358">
				<ele>808.59</ele>
				<time>2026-05-28T17:13:20.594Z</time>
			</trkpt>
			<trkpt lat="44.85701" lon="2.92363">
				<ele>825.26</ele>
				<time>2026-05-28T17:13:22.810Z</time>
			</trkpt>
			<trkpt lat="44.85706" lon="2.92366">
				<ele>826.17</ele>
				<time>2026-05-28T17:13:23.029Z</time>
			</trkpt>
			<trkpt lat="44.8571" lon="2.92372">
				<ele>826.18</ele>
				<time>2026-05-28T17:13:23.263Z</time>
			</trkpt>
			<trkpt lat="44.85713" lon="2.92381">
				<ele>825.29</ele>
				<time>2026-05-28T17:13:23.547Z</time>
			</trkpt>
			<trkpt lat="44.85712" lon="2.9239">
				<ele>823.22</ele>
				<time>2026-05-28T17:13:23.807Z</time>
			</trkpt>
			<trkpt lat="44.85698" lon="2.92434">
				<ele>817.54</ele>
				<time>2026-05-28T17:13:25.181Z</time>
			</trkpt>
			<trkpt lat="44.85696" lon="2.92451">
				<ele>816.91</ele>
				<time>2026-05-28T17:13:25.673Z</time>
			</trkpt>
			<trkpt lat="44.85696" lon="2.9247">
				<ele>816.48</ele>
				<time>2026-05-28T17:13:26.215Z</time>
			</trkpt>
			<trkpt lat="44.85699" lon="2.92485">
				<ele>817.81</ele>
				<time>2026-05-28T17:13:26.659Z</time>
			</trkpt>
			<trkpt lat="44.85727" lon="2.92568">
				<ele>823.15</ele>
				<time>2026-05-28T17:13:29.281Z</time>
			</trkpt>
			<trkpt lat="44.85734" lon="2.92606">
				<ele>819.46</ele>
				<time>2026-05-28T17:13:30.402Z</time>
			</trkpt>
			<trkpt lat="44.85754" lon="2.92657">
				<ele>826.44</ele>
				<time>2026-05-28T17:13:32.066Z</time>
			</trkpt>
			<trkpt lat="44.85761" lon="2.92665">
				<ele>828.77</ele>
				<time>2026-05-28T17:13:32.429Z</time>
			</trkpt>
			<trkpt lat="44.85769" lon="2.92671">
				<ele>831.82</ele>
				<time>2026-05-28T17:13:32.794Z</time>
			</trkpt>
			<trkpt lat="44.8578" lon="2.92674">
				<ele>835.84</ele>
				<time>2026-05-28T17:13:33.246Z</time>
			</trkpt>
			<trkpt lat="44.85813" lon="2.92674">
				<ele>844.27</ele>
				<time>2026-05-28T17:13:34.577Z</time>
			</trkpt>
			<trkpt lat="44.85824" lon="2.92677">
				<ele>846.82</ele>
				<time>2026-05-28T17:13:35.029Z</time>
			</trkpt>
			<trkpt lat="44.85834" lon="2.92681">
				<ele>847.85</ele>
				<time>2026-05-28T17:13:35.448Z</time>
			</trkpt>
			<trkpt lat="44.8584" lon="2.92692">
				<ele>846.82</ele>
				<time>2026-05-28T17:13:35.845Z</time>
			</trkpt>
			<trkpt lat="44.85842" lon="2.92706">
				<ele>847.78</ele>
				<time>2026-05-28T17:13:36.254Z</time>
			</trkpt>
			<trkpt lat="44.85839" lon="2.92717">
				<ele>847.44</ele>
				<time>2026-05-28T17:13:36.591Z</time>
			</trkpt>
			<trkpt lat="44.85799" lon="2.92748">
				<ele>837.42</ele>
				<time>2026-05-28T17:13:38.436Z</time>
			</trkpt>
			<trkpt lat="44.8579" lon="2.92757">
				<ele>834.61</ele>
				<time>2026-05-28T17:13:38.882Z</time>
			</trkpt>
			<trkpt lat="44.85786" lon="2.92771">
				<ele>834.19</ele>
				<time>2026-05-28T17:13:39.315Z</time>
			</trkpt>
			<trkpt lat="44.85785" lon="2.92784">
				<ele>835.62</ele>
				<time>2026-05-28T17:13:39.690Z</time>
			</trkpt>
			<trkpt lat="44.85793" lon="2.9282">
				<ele>845.13</ele>
				<time>2026-05-28T17:13:40.772Z</time>
			</trkpt>
			<trkpt lat="44.85789" lon="2.92921">
				<ele>862.68</ele>
				<time>2026-05-28T17:13:43.680Z</time>
			</trkpt>
			<trkpt lat="44.85788" lon="2.92927">
				<ele>863.54</ele>
				<time>2026-05-28T17:13:43.857Z</time>
			</trkpt>
			<trkpt lat="44.85785" lon="2.9293">
				<ele>864.14</ele>
				<time>2026-05-28T17:13:44.007Z</time>
			</trkpt>
			<trkpt lat="44.85775" lon="2.92934">
				<ele>865.67</ele>
				<time>2026-05-28T17:13:44.429Z</time>
			</trkpt>
			<trkpt lat="44.85758" lon="2.92911">
				<ele>863.18</ele>
				<time>2026-05-28T17:13:45.386Z</time>
			</trkpt>
			<trkpt lat="44.85716" lon="2.92859">
				<ele>848.94</ele>
				<time>2026-05-28T17:13:47.661Z</time>
			</trkpt>
			<trkpt lat="44.85686" lon="2.9284">
				<ele>850.98</ele>
				<time>2026-05-28T17:13:49.002Z</time>
			</trkpt>
			<trkpt lat="44.8567" lon="2.92836">
				<ele>853.3</ele>
				<time>2026-05-28T17:13:49.665Z</time>
			</trkpt>
			<trkpt lat="44.85634" lon="2.92836">
				<ele>860.39</ele>
				<time>2026-05-28T17:13:51.136Z</time>
			</trkpt>
			<trkpt lat="44.85628" lon="2.92832">
				<ele>860.71</ele>
				<time>2026-05-28T17:13:51.408Z</time>
			</trkpt>
			<trkpt lat="44.85588" lon="2.92787">
				<ele>865.27</ele>
				<time>2026-05-28T17:13:53.504Z</time>
			</trkpt>
			<trkpt lat="44.8556" lon="2.92764">
				<ele>863.61</ele>
				<time>2026-05-28T17:13:54.834Z</time>
			</trkpt>
			<trkpt lat="44.85547" lon="2.92761">
				<ele>862.93</ele>
				<time>2026-05-28T17:13:55.375Z</time>
			</trkpt>
			<trkpt lat="44.85536" lon="2.92761">
				<ele>863.28</ele>
				<time>2026-05-28T17:13:55.828Z</time>
			</trkpt>
			<trkpt lat="44.85482" lon="2.92776">
				<ele>866.2</ele>
				<time>2026-05-28T17:13:58.095Z</time>
			</trkpt>
			<trkpt lat="44.85469" lon="2.92782">
				<ele>865.63</ele>
				<time>2026-05-28T17:13:58.660Z</time>
			</trkpt>
			<trkpt lat="44.85453" lon="2.92796">
				<ele>864.96</ele>
				<time>2026-05-28T17:13:59.438Z</time>
			</trkpt>
			<trkpt lat="44.85434" lon="2.92816">
				<ele>864.82</ele>
				<time>2026-05-28T17:14:00.418Z</time>
			</trkpt>
			<trkpt lat="44.85427" lon="2.92827">
				<ele>865.72</ele>
				<time>2026-05-28T17:14:00.852Z</time>
			</trkpt>
			<trkpt lat="44.85416" lon="2.92855">
				<ele>870.31</ele>
				<time>2026-05-28T17:14:01.793Z</time>
			</trkpt>
			<trkpt lat="44.85401" lon="2.92899">
				<ele>873.88</ele>
				<time>2026-05-28T17:14:03.231Z</time>
			</trkpt>
			<trkpt lat="44.85395" lon="2.92951">
				<ele>877.1</ele>
				<time>2026-05-28T17:14:04.785Z</time>
			</trkpt>
			<trkpt lat="44.85396" lon="2.93002">
				<ele>879.62</ele>
				<time>2026-05-28T17:14:06.295Z</time>
			</trkpt>
			<trkpt lat="44.85409" lon="2.9314">
				<ele>881.47</ele>
				<time>2026-05-28T17:14:10.432Z</time>
			</trkpt>
			<trkpt lat="44.85413" lon="2.93154">
				<ele>880.89</ele>
				<time>2026-05-28T17:14:10.883Z</time>
			</trkpt>
			<trkpt lat="44.85418" lon="2.93161">
				<ele>881.96</ele>
				<time>2026-05-28T17:14:11.179Z</time>
			</trkpt>
			<trkpt lat="44.85441" lon="2.93175">
				<ele>890.74</ele>
				<time>2026-05-28T17:14:12.236Z</time>
			</trkpt>
			<trkpt lat="44.85458" lon="2.93196">
				<ele>896.33</ele>
				<time>2026-05-28T17:14:13.191Z</time>
			</trkpt>
			<trkpt lat="44.85461" lon="2.93205">
				<ele>896.09</ele>
				<time>2026-05-28T17:14:13.489Z</time>
			</trkpt>
			<trkpt lat="44.85464" lon="2.93227">
				<ele>893.12</ele>
				<time>2026-05-28T17:14:14.161Z</time>
			</trkpt>
			<trkpt lat="44.85468" lon="2.93234">
				<ele>893.61</ele>
				<time>2026-05-28T17:14:14.431Z</time>
			</trkpt>
			<trkpt lat="44.85473" lon="2.93238">
				<ele>894.92</ele>
				<time>2026-05-28T17:14:14.675Z</time>
			</trkpt>
			<trkpt lat="44.85503" lon="2.93249">
				<ele>902.49</ele>
				<time>2026-05-28T17:14:15.991Z</time>
			</trkpt>
			<trkpt lat="44.85513" lon="2.93255">
				<ele>904.38</ele>
				<time>2026-05-28T17:14:16.453Z</time>
			</trkpt>
			<trkpt lat="44.8554" lon="2.93285">
				<ele>905.66</ele>
				<time>2026-05-28T17:14:17.918Z</time>
			</trkpt>
			<trkpt lat="44.8558" lon="2.9334">
				<ele>907.67</ele>
				<time>2026-05-28T17:14:20.307Z</time>
			</trkpt>
			<trkpt lat="44.85586" lon="2.93346">
				<ele>908.53</ele>
				<time>2026-05-28T17:14:20.623Z</time>
			</trkpt>
			<trkpt lat="44.8561" lon="2.93357">
				<ele>914.64</ele>
				<time>2026-05-28T17:14:21.707Z</time>
			</trkpt>
			<trkpt lat="44.85616" lon="2.93362">
				<ele>915.76</ele>
				<time>2026-05-28T17:14:22.006Z</time>
			</trkpt>
			<trkpt lat="44.85621" lon="2.93371">
				<ele>917.04</ele>
				<time>2026-05-28T17:14:22.355Z</time>
			</trkpt>
			<trkpt lat="44.85623" lon="2.93383">
				<ele>916.6</ele>
				<time>2026-05-28T17:14:22.732Z</time>
			</trkpt>
			<trkpt lat="44.85622" lon="2.93396">
				<ele>915.89</ele>
				<time>2026-05-28T17:14:23.131Z</time>
			</trkpt>
			<trkpt lat="44.85618" lon="2.93406">
				<ele>915.02</ele>
				<time>2026-05-28T17:14:23.482Z</time>
			</trkpt>
			<trkpt lat="44.85598" lon="2.93442">
				<ele>909.67</ele>
				<time>2026-05-28T17:14:24.884Z</time>
			</trkpt>
			<trkpt lat="44.85596" lon="2.93451">
				<ele>909.7</ele>
				<time>2026-05-28T17:14:25.174Z</time>
			</trkpt>
			<trkpt lat="44.85597" lon="2.93462">
				<ele>911.49</ele>
				<time>2026-05-28T17:14:25.514Z</time>
			</trkpt>
			<trkpt lat="44.85613" lon="2.93501">
				<ele>920.02</ele>
				<time>2026-05-28T17:14:26.901Z</time>
			</trkpt>
			<trkpt lat="44.85639" lon="2.93582">
				<ele>924.11</ele>
				<time>2026-05-28T17:14:29.650Z</time>
			</trkpt>
			<trkpt lat="44.85647" lon="2.93601">
				<ele>923.06</ele>
				<time>2026-05-28T17:14:30.336Z</time>
			</trkpt>
			<trkpt lat="44.85655" lon="2.93611">
				<ele>924.61</ele>
				<time>2026-05-28T17:14:30.804Z</time>
			</trkpt>
			<trkpt lat="44.85688" lon="2.9364">
				<ele>931.17</ele>
				<time>2026-05-28T17:14:32.513Z</time>
			</trkpt>
			<trkpt lat="44.85732" lon="2.93697">
				<ele>937.66</ele>
				<time>2026-05-28T17:14:35.152Z</time>
			</trkpt>
			<trkpt lat="44.85737" lon="2.93707">
				<ele>938.04</ele>
				<time>2026-05-28T17:14:35.536Z</time>
			</trkpt>
			<trkpt lat="44.85738" lon="2.93712">
				<ele>937.94</ele>
				<time>2026-05-28T17:14:35.700Z</time>
			</trkpt>
			<trkpt lat="44.85737" lon="2.93723">
				<ele>937.24</ele>
				<time>2026-05-28T17:14:36.049Z</time>
			</trkpt>
			<trkpt lat="44.85726" lon="2.93752">
				<ele>936.66</ele>
				<time>2026-05-28T17:14:37.085Z</time>
			</trkpt>
			<trkpt lat="44.85724" lon="2.93763">
				<ele>937.23</ele>
				<time>2026-05-28T17:14:37.444Z</time>
			</trkpt>
			<trkpt lat="44.85725" lon="2.93778">
				<ele>938.47</ele>
				<time>2026-05-28T17:14:37.920Z</time>
			</trkpt>
			<trkpt lat="44.85735" lon="2.93807">
				<ele>941.89</ele>
				<time>2026-05-28T17:14:38.941Z</time>
			</trkpt>
			<trkpt lat="44.85744" lon="2.93845">
				<ele>943.26</ele>
				<time>2026-05-28T17:14:40.212Z</time>
			</trkpt>
			<trkpt lat="44.85754" lon="2.93881">
				<ele>944.4</ele>
				<time>2026-05-28T17:14:41.444Z</time>
			</trkpt>
			<trkpt lat="44.85776" lon="2.93936">
				<ele>946.98</ele>
				<time>2026-05-28T17:14:43.463Z</time>
			</trkpt>
			<trkpt lat="44.85797" lon="2.93974">
				<ele>946.75</ele>
				<time>2026-05-28T17:14:45.010Z</time>
			</trkpt>
			<trkpt lat="44.8584" lon="2.94029">
				<ele>944.55</ele>
				<time>2026-05-28T17:14:47.654Z</time>
			</trkpt>
			<trkpt lat="44.85854" lon="2.94052">
				<ele>943.42</ele>
				<time>2026-05-28T17:14:48.637Z</time>
			</trkpt>
			<trkpt lat="44.85891" lon="2.94127">
				<ele>943.82</ele>
				<time>2026-05-28T17:14:51.616Z</time>
			</trkpt>
			<trkpt lat="44.85904" lon="2.94158">
				<ele>944.79</ele>
				<time>2026-05-28T17:14:52.797Z</time>
			</trkpt>
			<trkpt lat="44.85912" lon="2.9418">
				<ele>945.1</ele>
				<time>2026-05-28T17:14:53.609Z</time>
			</trkpt>
			<trkpt lat="44.85915" lon="2.94201">
				<ele>944.5</ele>
				<time>2026-05-28T17:14:54.315Z</time>
			</trkpt>
			<trkpt lat="44.85914" lon="2.94245">
				<ele>943.8</ele>
				<time>2026-05-28T17:14:55.769Z</time>
			</trkpt>
			<trkpt lat="44.85915" lon="2.94274">
				<ele>944.84</ele>
				<time>2026-05-28T17:14:56.731Z</time>
			</trkpt>
			<trkpt lat="44.8593" lon="2.94338">
				<ele>945.44</ele>
				<time>2026-05-28T17:14:58.974Z</time>
			</trkpt>
			<trkpt lat="44.85932" lon="2.94362">
				<ele>945.71</ele>
				<time>2026-05-28T17:14:59.782Z</time>
			</trkpt>
			<trkpt lat="44.85931" lon="2.94384">
				<ele>946</ele>
				<time>2026-05-28T17:15:00.520Z</time>
			</trkpt>
			<trkpt lat="44.85927" lon="2.94411">
				<ele>946.54</ele>
				<time>2026-05-28T17:15:01.446Z</time>
			</trkpt>
			<trkpt lat="44.85918" lon="2.94445">
				<ele>947.14</ele>
				<time>2026-05-28T17:15:02.667Z</time>
			</trkpt>
			<trkpt lat="44.85909" lon="2.94468">
				<ele>947.25</ele>
				<time>2026-05-28T17:15:03.554Z</time>
			</trkpt>
			<trkpt lat="44.85873" lon="2.94543">
				<ele>946.91</ele>
				<time>2026-05-28T17:15:06.629Z</time>
			</trkpt>
			<trkpt lat="44.85856" lon="2.94584">
				<ele>947.26</ele>
				<time>2026-05-28T17:15:08.252Z</time>
			</trkpt>
			<trkpt lat="44.85831" lon="2.94666">
				<ele>945.77</ele>
				<time>2026-05-28T17:15:11.322Z</time>
			</trkpt>
			<trkpt lat="44.85817" lon="2.94695">
				<ele>944.82</ele>
				<time>2026-05-28T17:15:12.536Z</time>
			</trkpt>
			<trkpt lat="44.85802" lon="2.94718">
				<ele>942.62</ele>
				<time>2026-05-28T17:15:13.621Z</time>
			</trkpt>
			<trkpt lat="44.85758" lon="2.94768">
				<ele>937.24</ele>
				<time>2026-05-28T17:15:16.403Z</time>
			</trkpt>
			<trkpt lat="44.85725" lon="2.94821">
				<ele>938.33</ele>
				<time>2026-05-28T17:15:18.884Z</time>
			</trkpt>
			<trkpt lat="44.85683" lon="2.94877">
				<ele>933.8</ele>
				<time>2026-05-28T17:15:21.773Z</time>
			</trkpt>
			<trkpt lat="44.85672" lon="2.94899">
				<ele>931.64</ele>
				<time>2026-05-28T17:15:22.733Z</time>
			</trkpt>
			<trkpt lat="44.85652" lon="2.9499">
				<ele>930.65</ele>
				<time>2026-05-28T17:15:26.149Z</time>
			</trkpt>
			<trkpt lat="44.85643" lon="2.95013">
				<ele>930.67</ele>
				<time>2026-05-28T17:15:27.097Z</time>
			</trkpt>
			<trkpt lat="44.85625" lon="2.95045">
				<ele>930.26</ele>
				<time>2026-05-28T17:15:28.577Z</time>
			</trkpt>
			<trkpt lat="44.85602" lon="2.95078">
				<ele>930.5</ele>
				<time>2026-05-28T17:15:30.261Z</time>
			</trkpt>
			<trkpt lat="44.85576" lon="2.95104">
				<ele>929.67</ele>
				<time>2026-05-28T17:15:31.904Z</time>
			</trkpt>
			<trkpt lat="44.85489" lon="2.95178">
				<ele>932.1</ele>
				<time>2026-05-28T17:15:37.197Z</time>
			</trkpt>
			<trkpt lat="44.85475" lon="2.95196">
				<ele>933.18</ele>
				<time>2026-05-28T17:15:38.193Z</time>
			</trkpt>
			<trkpt lat="44.85463" lon="2.9522">
				<ele>932.73</ele>
				<time>2026-05-28T17:15:39.291Z</time>
			</trkpt>
			<trkpt lat="44.8545" lon="2.95294">
				<ele>932.6</ele>
				<time>2026-05-28T17:15:42.158Z</time>
			</trkpt>
			<trkpt lat="44.85443" lon="2.95312">
				<ele>933.19</ele>
				<time>2026-05-28T17:15:42.934Z</time>
			</trkpt>
			<trkpt lat="44.85432" lon="2.95331">
				<ele>934.54</ele>
				<time>2026-05-28T17:15:43.864Z</time>
			</trkpt>
			<trkpt lat="44.85415" lon="2.95355">
				<ele>934.83</ele>
				<time>2026-05-28T17:15:45.154Z</time>
			</trkpt>
			<trkpt lat="44.85387" lon="2.95388">
				<ele>934.62</ele>
				<time>2026-05-28T17:15:47.120Z</time>
			</trkpt>
			<trkpt lat="44.85318" lon="2.95456">
				<ele>935.33</ele>
				<time>2026-05-28T17:15:51.700Z</time>
			</trkpt>
			<trkpt lat="44.85295" lon="2.95468">
				<ele>935.74</ele>
				<time>2026-05-28T17:15:53.046Z</time>
			</trkpt>
			<trkpt lat="44.85249" lon="2.95485">
				<ele>936</ele>
				<time>2026-05-28T17:15:55.670Z</time>
			</trkpt>
			<trkpt lat="44.85212" lon="2.95502">
				<ele>935.87</ele>
				<time>2026-05-28T17:15:57.833Z</time>
			</trkpt>
			<trkpt lat="44.85182" lon="2.9552">
				<ele>936.1</ele>
				<time>2026-05-28T17:15:59.656Z</time>
			</trkpt>
			<trkpt lat="44.85158" lon="2.9554">
				<ele>936.66</ele>
				<time>2026-05-28T17:16:01.222Z</time>
			</trkpt>
			<trkpt lat="44.85134" lon="2.95566">
				<ele>936.1</ele>
				<time>2026-05-28T17:16:02.931Z</time>
			</trkpt>
			<trkpt lat="44.85058" lon="2.95661">
				<ele>943.38</ele>
				<time>2026-05-28T17:16:08.726Z</time>
			</trkpt>
			<trkpt lat="44.85039" lon="2.95687">
				<ele>940.71</ele>
				<time>2026-05-28T17:16:10.253Z</time>
			</trkpt>
			<trkpt lat="44.85023" lon="2.95715">
				<ele>938.92</ele>
				<time>2026-05-28T17:16:11.730Z</time>
			</trkpt>
			<trkpt lat="44.84996" lon="2.95775">
				<ele>942.19</ele>
				<time>2026-05-28T17:16:14.667Z</time>
			</trkpt>
			<trkpt lat="44.84982" lon="2.95812">
				<ele>944.23</ele>
				<time>2026-05-28T17:16:16.412Z</time>
			</trkpt>
			<trkpt lat="44.84974" lon="2.95849">
				<ele>944.32</ele>
				<time>2026-05-28T17:16:18.029Z</time>
			</trkpt>
			<trkpt lat="44.84968" lon="2.95899">
				<ele>942.64</ele>
				<time>2026-05-28T17:16:20.161Z</time>
			</trkpt>
			<trkpt lat="44.84939" lon="2.96165">
				<ele>940.16</ele>
				<time>2026-05-28T17:16:31.693Z</time>
			</trkpt>
			<trkpt lat="44.84936" lon="2.9623">
				<ele>939.44</ele>
				<time>2026-05-28T17:16:34.542Z</time>
			</trkpt>
			<trkpt lat="44.8494" lon="2.96437">
				<ele>938.52</ele>
				<time>2026-05-28T17:16:43.750Z</time>
			</trkpt>
			<trkpt lat="44.84944" lon="2.9646">
				<ele>940.36</ele>
				<time>2026-05-28T17:16:44.818Z</time>
			</trkpt>
			<trkpt lat="44.84947" lon="2.96471">
				<ele>941.13</ele>
				<time>2026-05-28T17:16:45.351Z</time>
			</trkpt>
			<trkpt lat="44.84958" lon="2.96496">
				<ele>940.66</ele>
				<time>2026-05-28T17:16:46.684Z</time>
			</trkpt>
			<trkpt lat="44.84999" lon="2.96563">
				<ele>942.3</ele>
				<time>2026-05-28T17:16:50.725Z</time>
			</trkpt>
			<trkpt lat="44.85009" lon="2.96575">
				<ele>941.9</ele>
				<time>2026-05-28T17:16:51.576Z</time>
			</trkpt>
			<trkpt lat="44.85061" lon="2.96624">
				<ele>942.13</ele>
				<time>2026-05-28T17:16:55.656Z</time>
			</trkpt>
			<trkpt lat="44.85073" lon="2.96641">
				<ele>942.47</ele>
				<time>2026-05-28T17:16:56.774Z</time>
			</trkpt>
			<trkpt lat="44.85083" lon="2.96661">
				<ele>942.52</ele>
				<time>2026-05-28T17:16:57.918Z</time>
			</trkpt>
			<trkpt lat="44.85091" lon="2.96694">
				<ele>943.24</ele>
				<time>2026-05-28T17:16:59.553Z</time>
			</trkpt>
			<trkpt lat="44.85096" lon="2.96732">
				<ele>941.57</ele>
				<time>2026-05-28T17:17:01.374Z</time>
			</trkpt>
			<trkpt lat="44.85097" lon="2.9676">
				<ele>940.38</ele>
				<time>2026-05-28T17:17:02.701Z</time>
			</trkpt>
			<trkpt lat="44.85094" lon="2.96786">
				<ele>941.23</ele>
				<time>2026-05-28T17:17:03.952Z</time>
			</trkpt>
			<trkpt lat="44.85089" lon="2.96806">
				<ele>942.94</ele>
				<time>2026-05-28T17:17:04.961Z</time>
			</trkpt>
			<trkpt lat="44.8508" lon="2.96836">
				<ele>944.62</ele>
				<time>2026-05-28T17:17:06.518Z</time>
			</trkpt>
			<trkpt lat="44.85035" lon="2.9695">
				<ele>943.68</ele>
				<time>2026-05-28T17:17:12.817Z</time>
			</trkpt>
			<trkpt lat="44.85028" lon="2.96972">
				<ele>943.73</ele>
				<time>2026-05-28T17:17:13.992Z</time>
			</trkpt>
			<trkpt lat="44.85014" lon="2.97054">
				<ele>943.33</ele>
				<time>2026-05-28T17:17:18.132Z</time>
			</trkpt>
			<trkpt lat="44.85" lon="2.972">
				<ele>944.97</ele>
				<time>2026-05-28T17:17:25.471Z</time>
			</trkpt>
			<trkpt lat="44.84994" lon="2.97243">
				<ele>945.18</ele>
				<time>2026-05-28T17:17:27.680Z</time>
			</trkpt>
			<trkpt lat="44.8499" lon="2.97264">
				<ele>943.96</ele>
				<time>2026-05-28T17:17:28.781Z</time>
			</trkpt>
			<trkpt lat="44.84982" lon="2.97282">
				<ele>942.95</ele>
				<time>2026-05-28T17:17:29.860Z</time>
			</trkpt>
			<trkpt lat="44.8497" lon="2.97298">
				<ele>942.54</ele>
				<time>2026-05-28T17:17:31.046Z</time>
			</trkpt>
			<trkpt lat="44.84946" lon="2.97324">
				<ele>942.19</ele>
				<time>2026-05-28T17:17:33.228Z</time>
			</trkpt>
			<trkpt lat="44.84926" lon="2.97341">
				<ele>942.37</ele>
				<time>2026-05-28T17:17:34.920Z</time>
			</trkpt>
			<trkpt lat="44.84869" lon="2.97376">
				<ele>947.18</ele>
				<time>2026-05-28T17:17:39.460Z</time>
			</trkpt>
			<trkpt lat="44.84859" lon="2.97389">
				<ele>947.17</ele>
				<time>2026-05-28T17:17:40.460Z</time>
			</trkpt>
			<trkpt lat="44.84848" lon="2.97413">
				<ele>945.02</ele>
				<time>2026-05-28T17:17:41.954Z</time>
			</trkpt>
			<trkpt lat="44.8484" lon="2.97441">
				<ele>943</ele>
				<time>2026-05-28T17:17:43.538Z</time>
			</trkpt>
			<trkpt lat="44.84837" lon="2.97465">
				<ele>942.4</ele>
				<time>2026-05-28T17:17:44.822Z</time>
			</trkpt>
			<trkpt lat="44.84836" lon="2.97479">
				<ele>941.7</ele>
				<time>2026-05-28T17:17:45.564Z</time>
			</trkpt>
			<trkpt lat="44.84836" lon="2.97495">
				<ele>940.64</ele>
				<time>2026-05-28T17:17:46.411Z</time>
			</trkpt>
			<trkpt lat="44.8484" lon="2.97518">
				<ele>939.83</ele>
				<time>2026-05-28T17:17:47.667Z</time>
			</trkpt>
			<trkpt lat="44.84849" lon="2.97553">
				<ele>939.97</ele>
				<time>2026-05-28T17:17:49.649Z</time>
			</trkpt>
			<trkpt lat="44.8485" lon="2.97575">
				<ele>941.53</ele>
				<time>2026-05-28T17:17:50.827Z</time>
			</trkpt>
			<trkpt lat="44.84822" lon="2.97718">
				<ele>947.84</ele>
				<time>2026-05-28T17:17:58.842Z</time>
			</trkpt>
			<trkpt lat="44.84824" lon="2.97734">
				<ele>947</ele>
				<time>2026-05-28T17:17:59.729Z</time>
			</trkpt>
			<trkpt lat="44.84828" lon="2.97742">
				<ele>946.04</ele>
				<time>2026-05-28T17:18:00.264Z</time>
			</trkpt>
			<trkpt lat="44.84914" lon="2.97888">
				<ele>944.35</ele>
				<time>2026-05-28T17:18:10.779Z</time>
			</trkpt>
			<trkpt lat="44.84997" lon="2.98045">
				<ele>942.72</ele>
				<time>2026-05-28T17:18:21.899Z</time>
			</trkpt>
			<trkpt lat="44.85005" lon="2.98067">
				<ele>942.2</ele>
				<time>2026-05-28T17:18:23.323Z</time>
			</trkpt>
			<trkpt lat="44.85012" lon="2.981">
				<ele>940.81</ele>
				<time>2026-05-28T17:18:25.314Z</time>
			</trkpt>
			<trkpt lat="44.85018" lon="2.9818">
				<ele>939</ele>
				<time>2026-05-28T17:18:29.999Z</time>
			</trkpt>
			<trkpt lat="44.85022" lon="2.98197">
				<ele>937.96</ele>
				<time>2026-05-28T17:18:31.049Z</time>
			</trkpt>
			<trkpt lat="44.85043" lon="2.98256">
				<ele>935.87</ele>
				<time>2026-05-28T17:18:34.938Z</time>
			</trkpt>
			<trkpt lat="44.85058" lon="2.98291">
				<ele>934.43</ele>
				<time>2026-05-28T17:18:37.364Z</time>
			</trkpt>
			<trkpt lat="44.85099" lon="2.98363">
				<ele>932.81</ele>
				<time>2026-05-28T17:18:42.890Z</time>
			</trkpt>
			<trkpt lat="44.85248" lon="2.98654">
				<ele>929.46</ele>
				<time>2026-05-28T17:19:04.998Z</time>
			</trkpt>
			<trkpt lat="44.85258" lon="2.9868">
				<ele>929.39</ele>
				<time>2026-05-28T17:19:06.865Z</time>
			</trkpt>
			<trkpt lat="44.85305" lon="2.98845">
				<ele>929.96</ele>
				<time>2026-05-28T17:19:18.241Z</time>
			</trkpt>
			<trkpt lat="44.85308" lon="2.9887">
				<ele>930.78</ele>
				<time>2026-05-28T17:19:19.884Z</time>
			</trkpt>
			<trkpt lat="44.85307" lon="2.98893">
				<ele>932.18</ele>
				<time>2026-05-28T17:19:21.382Z</time>
			</trkpt>
			<trkpt lat="44.85309" lon="2.98934">
				<ele>932.57</ele>
				<time>2026-05-28T17:19:24.064Z</time>
			</trkpt>
			<trkpt lat="44.85312" lon="2.9895">
				<ele>932.09</ele>
				<time>2026-05-28T17:19:25.148Z</time>
			</trkpt>
			<trkpt lat="44.85321" lon="2.98969">
				<ele>931.28</ele>
				<time>2026-05-28T17:19:26.649Z</time>
			</trkpt>
			<trkpt lat="44.85334" lon="2.98988">
				<ele>931.67</ele>
				<time>2026-05-28T17:19:28.389Z</time>
			</trkpt>
			<trkpt lat="44.85356" lon="2.99005">
				<ele>930.84</ele>
				<time>2026-05-28T17:19:30.729Z</time>
			</trkpt>
			<trkpt lat="44.85368" lon="2.99009">
				<ele>930.22</ele>
				<time>2026-05-28T17:19:31.883Z</time>
			</trkpt>
			<trkpt lat="44.85383" lon="2.9901">
				<ele>929.54</ele>
				<time>2026-05-28T17:19:33.292Z</time>
			</trkpt>
			<trkpt lat="44.85423" lon="2.99">
				<ele>925.85</ele>
				<time>2026-05-28T17:19:37.124Z</time>
			</trkpt>
			<trkpt lat="44.85437" lon="2.99003">
				<ele>925.87</ele>
				<time>2026-05-28T17:19:38.466Z</time>
			</trkpt>
			<trkpt lat="44.8545" lon="2.99012">
				<ele>926.57</ele>
				<time>2026-05-28T17:19:39.841Z</time>
			</trkpt>
			<trkpt lat="44.85462" lon="2.99028">
				<ele>927.55</ele>
				<time>2026-05-28T17:19:41.415Z</time>
			</trkpt>
			<trkpt lat="44.85474" lon="2.99056">
				<ele>927.63</ele>
				<time>2026-05-28T17:19:43.632Z</time>
			</trkpt>
			<trkpt lat="44.85479" lon="2.99076">
				<ele>928.17</ele>
				<time>2026-05-28T17:19:45.075Z</time>
			</trkpt>
			<trkpt lat="44.85494" lon="2.9916">
				<ele>928.2</ele>
				<time>2026-05-28T17:19:51.007Z</time>
			</trkpt>
			<trkpt lat="44.85504" lon="2.99196">
				<ele>926.73</ele>
				<time>2026-05-28T17:19:53.675Z</time>
			</trkpt>
			<trkpt lat="44.85581" lon="2.99386">
				<ele>923.3</ele>
				<time>2026-05-28T17:20:09.029Z</time>
			</trkpt>
			<trkpt lat="44.85587" lon="2.99399">
				<ele>923.03</ele>
				<time>2026-05-28T17:20:10.133Z</time>
			</trkpt>
			<trkpt lat="44.85604" lon="2.9942">
				<ele>921.99</ele>
				<time>2026-05-28T17:20:12.409Z</time>
			</trkpt>
			<trkpt lat="44.85608" lon="2.99418">
				<ele>921.96</ele>
				<time>2026-05-28T17:20:12.838Z</time>
			</trkpt>
			<trkpt lat="44.85676" lon="2.99428">
				<ele>918.41</ele>
				<time>2026-05-28T17:20:19.786Z</time>
			</trkpt>
			<trkpt lat="44.85769" lon="2.99423">
				<ele>918</ele>
				<time>2026-05-28T17:20:29.379Z</time>
			</trkpt>
			<trkpt lat="44.85807" lon="2.99418">
				<ele>918.95</ele>
				<time>2026-05-28T17:20:33.359Z</time>
			</trkpt>
			<trkpt lat="44.85837" lon="2.99408">
				<ele>920.18</ele>
				<time>2026-05-28T17:20:36.593Z</time>
			</trkpt>
			<trkpt lat="44.85807" lon="2.99418">
				<ele>918.95</ele>
				<time>2026-05-28T17:20:39.845Z</time>
			</trkpt>
			<trkpt lat="44.85769" lon="2.99423">
				<ele>918</ele>
				<time>2026-05-28T17:20:43.895Z</time>
			</trkpt>
			<trkpt lat="44.85676" lon="2.99428">
				<ele>918.41</ele>
				<time>2026-05-28T17:20:53.886Z</time>
			</trkpt>
			<trkpt lat="44.85608" lon="2.99418">
				<ele>921.96</ele>
				<time>2026-05-28T17:21:03.488Z</time>
			</trkpt>
			<trkpt lat="44.85604" lon="2.9942">
				<ele>921.99</ele>
				<time>2026-05-28T17:21:04.247Z</time>
			</trkpt>
			<trkpt lat="44.85663" lon="2.99489">
				<ele>916.04</ele>
				<time>2026-05-28T17:21:19.517Z</time>
			</trkpt>
			<trkpt lat="44.85689" lon="2.99508">
				<ele>914.86</ele>
				<time>2026-05-28T17:21:25.457Z</time>
			</trkpt>
			<trkpt lat="44.85699" lon="2.9952">
				<ele>913.76</ele>
				<time>2026-05-28T17:21:28.009Z</time>
			</trkpt>
			<trkpt lat="44.85723" lon="2.99557">
				<ele>910.81</ele>
				<time>2026-05-28T17:21:34.307Z</time>
			</trkpt>
			<trkpt lat="44.85734" lon="2.99571">
				<ele>910.28</ele>
				<time>2026-05-28T17:21:36.573Z</time>
			</trkpt>
			<trkpt lat="44.85763" lon="2.99592">
				<ele>909.13</ele>
				<time>2026-05-28T17:21:41.054Z</time>
			</trkpt>
			<trkpt lat="44.85767" lon="2.99599">
				<ele>908</ele>
				<time>2026-05-28T17:21:41.902Z</time>
			</trkpt>
			<trkpt lat="44.85766" lon="2.99609">
				<ele>906.56</ele>
				<time>2026-05-28T17:21:42.845Z</time>
			</trkpt>
			<trkpt lat="44.85762" lon="2.99617">
				<ele>905.87</ele>
				<time>2026-05-28T17:21:43.748Z</time>
			</trkpt>
			<trkpt lat="44.85756" lon="2.9962">
				<ele>905.73</ele>
				<time>2026-05-28T17:21:44.567Z</time>
			</trkpt>
			<trkpt lat="44.85746" lon="2.99618">
				<ele>906.06</ele>
				<time>2026-05-28T17:21:45.849Z</time>
			</trkpt>
			<trkpt lat="44.85712" lon="2.99593">
				<ele>906.32</ele>
				<time>2026-05-28T17:21:50.518Z</time>
			</trkpt>
			<trkpt lat="44.85697" lon="2.99585">
				<ele>905.83</ele>
				<time>2026-05-28T17:21:52.379Z</time>
			</trkpt>
			<trkpt lat="44.85686" lon="2.99585">
				<ele>905.72</ele>
				<time>2026-05-28T17:21:53.624Z</time>
			</trkpt>
			<trkpt lat="44.85679" lon="2.99589">
				<ele>905.01</ele>
				<time>2026-05-28T17:21:54.464Z</time>
			</trkpt>
			<trkpt lat="44.85673" lon="2.99603">
				<ele>902.59</ele>
				<time>2026-05-28T17:21:55.732Z</time>
			</trkpt>
			<trkpt lat="44.85669" lon="2.99623">
				<ele>897.61</ele>
				<time>2026-05-28T17:21:57.301Z</time>
			</trkpt>
			<trkpt lat="44.85662" lon="2.9964">
				<ele>893.41</ele>
				<time>2026-05-28T17:21:58.745Z</time>
			</trkpt>
			<trkpt lat="44.85636" lon="2.99664">
				<ele>893.29</ele>
				<time>2026-05-28T17:22:01.819Z</time>
			</trkpt>
			<trkpt lat="44.85629" lon="2.99674">
				<ele>893.31</ele>
				<time>2026-05-28T17:22:02.764Z</time>
			</trkpt>
			<trkpt lat="44.85624" lon="2.99688">
				<ele>892.19</ele>
				<time>2026-05-28T17:22:03.793Z</time>
			</trkpt>
			<trkpt lat="44.85621" lon="2.99712">
				<ele>889.36</ele>
				<time>2026-05-28T17:22:05.350Z</time>
			</trkpt>
			<trkpt lat="44.85616" lon="2.99761">
				<ele>886.58</ele>
				<time>2026-05-28T17:22:08.398Z</time>
			</trkpt>
			<trkpt lat="44.85615" lon="2.99877">
				<ele>879.29</ele>
				<time>2026-05-28T17:22:14.996Z</time>
			</trkpt>
			<trkpt lat="44.85612" lon="2.99892">
				<ele>877.07</ele>
				<time>2026-05-28T17:22:15.830Z</time>
			</trkpt>
			<trkpt lat="44.85605" lon="2.99908">
				<ele>875.43</ele>
				<time>2026-05-28T17:22:16.820Z</time>
			</trkpt>
			<trkpt lat="44.85595" lon="2.99919">
				<ele>874.53</ele>
				<time>2026-05-28T17:22:17.747Z</time>
			</trkpt>
			<trkpt lat="44.85578" lon="2.99927">
				<ele>874</ele>
				<time>2026-05-28T17:22:19.033Z</time>
			</trkpt>
			<trkpt lat="44.85535" lon="2.99933">
				<ele>871.95</ele>
				<time>2026-05-28T17:22:22.025Z</time>
			</trkpt>
			<trkpt lat="44.855" lon="2.9993">
				<ele>869.11</ele>
				<time>2026-05-28T17:22:24.351Z</time>
			</trkpt>
			<trkpt lat="44.85439" lon="2.99918">
				<ele>869.1</ele>
				<time>2026-05-28T17:22:28.249Z</time>
			</trkpt>
			<trkpt lat="44.85424" lon="2.9992">
				<ele>868.07</ele>
				<time>2026-05-28T17:22:29.172Z</time>
			</trkpt>
			<trkpt lat="44.8541" lon="2.9993">
				<ele>865.84</ele>
				<time>2026-05-28T17:22:30.121Z</time>
			</trkpt>
			<trkpt lat="44.85392" lon="2.99951">
				<ele>862.64</ele>
				<time>2026-05-28T17:22:31.514Z</time>
			</trkpt>
			<trkpt lat="44.85373" lon="2.99976">
				<ele>861.13</ele>
				<time>2026-05-28T17:22:33.040Z</time>
			</trkpt>
			<trkpt lat="44.85351" lon="3.00016">
				<ele>853.59</ele>
				<time>2026-05-28T17:22:35.114Z</time>
			</trkpt>
			<trkpt lat="44.85337" lon="3.00027">
				<ele>852.47</ele>
				<time>2026-05-28T17:22:36.030Z</time>
			</trkpt>
			<trkpt lat="44.85266" lon="3.00058">
				<ele>845.5</ele>
				<time>2026-05-28T17:22:40.229Z</time>
			</trkpt>
			<trkpt lat="44.85192" lon="3.00068">
				<ele>840.92</ele>
				<time>2026-05-28T17:22:44.422Z</time>
			</trkpt>
			<trkpt lat="44.85174" lon="3.00066">
				<ele>838.77</ele>
				<time>2026-05-28T17:22:45.450Z</time>
			</trkpt>
			<trkpt lat="44.85152" lon="3.0006">
				<ele>835.57</ele>
				<time>2026-05-28T17:22:46.736Z</time>
			</trkpt>
			<trkpt lat="44.85114" lon="3.00045">
				<ele>831.04</ele>
				<time>2026-05-28T17:22:49.034Z</time>
			</trkpt>
			<trkpt lat="44.85113" lon="3.00051">
				<ele>829.97</ele>
				<time>2026-05-28T17:22:49.292Z</time>
			</trkpt>
			<trkpt lat="44.85117" lon="3.00061">
				<ele>829.11</ele>
				<time>2026-05-28T17:22:49.774Z</time>
			</trkpt>
			<trkpt lat="44.85126" lon="3.00073">
				<ele>828.16</ele>
				<time>2026-05-28T17:22:50.512Z</time>
			</trkpt>
			<trkpt lat="44.8514" lon="3.00085">
				<ele>826.62</ele>
				<time>2026-05-28T17:22:51.498Z</time>
			</trkpt>
			<trkpt lat="44.85173" lon="3.00125">
				<ele>818.03</ele>
				<time>2026-05-28T17:22:54.178Z</time>
			</trkpt>
			<trkpt lat="44.85189" lon="3.00138">
				<ele>814.54</ele>
				<time>2026-05-28T17:22:55.347Z</time>
			</trkpt>
			<trkpt lat="44.85196" lon="3.00147">
				<ele>811.62</ele>
				<time>2026-05-28T17:22:55.954Z</time>
			</trkpt>
			<trkpt lat="44.8524" lon="3.00172">
				<ele>801.57</ele>
				<time>2026-05-28T17:22:59.083Z</time>
			</trkpt>
			<trkpt lat="44.8526" lon="3.00179">
				<ele>798.33</ele>
				<time>2026-05-28T17:23:00.493Z</time>
			</trkpt>
			<trkpt lat="44.85276" lon="3.0018">
				<ele>797.16</ele>
				<time>2026-05-28T17:23:01.612Z</time>
			</trkpt>
			<trkpt lat="44.85294" lon="3.00177">
				<ele>797.17</ele>
				<time>2026-05-28T17:23:02.904Z</time>
			</trkpt>
			<trkpt lat="44.85319" lon="3.00177">
				<ele>793.79</ele>
				<time>2026-05-28T17:23:04.732Z</time>
			</trkpt>
			<trkpt lat="44.85355" lon="3.00189">
				<ele>782.47</ele>
				<time>2026-05-28T17:23:07.546Z</time>
			</trkpt>
			<trkpt lat="44.85365" lon="3.002">
				<ele>778.65</ele>
				<time>2026-05-28T17:23:08.541Z</time>
			</trkpt>
			<trkpt lat="44.85374" lon="3.00213">
				<ele>776.06</ele>
				<time>2026-05-28T17:23:09.570Z</time>
			</trkpt>
			<trkpt lat="44.8539" lon="3.0023">
				<ele>773.75</ele>
				<time>2026-05-28T17:23:11.206Z</time>
			</trkpt>
			<trkpt lat="44.85406" lon="3.00237">
				<ele>773.66</ele>
				<time>2026-05-28T17:23:12.609Z</time>
			</trkpt>
			<trkpt lat="44.85411" lon="3.00244">
				<ele>772.84</ele>
				<time>2026-05-28T17:23:13.208Z</time>
			</trkpt>
			<trkpt lat="44.85431" lon="3.00312">
				<ele>764.09</ele>
				<time>2026-05-28T17:23:17.838Z</time>
			</trkpt>
			<trkpt lat="44.85434" lon="3.00327">
				<ele>760.95</ele>
				<time>2026-05-28T17:23:18.862Z</time>
			</trkpt>
			<trkpt lat="44.85433" lon="3.00336">
				<ele>759.42</ele>
				<time>2026-05-28T17:23:19.470Z</time>
			</trkpt>
			<trkpt lat="44.85424" lon="3.00381">
				<ele>757.26</ele>
				<time>2026-05-28T17:23:22.867Z</time>
			</trkpt>
			<trkpt lat="44.854" lon="3.00424">
				<ele>754.88</ele>
				<time>2026-05-28T17:23:27.387Z</time>
			</trkpt>
			<trkpt lat="44.85429" lon="3.00455">
				<ele>753.34</ele>
				<time>2026-05-28T17:23:32.070Z</time>
			</trkpt>
			<trkpt lat="44.85513" lon="3.00586">
				<ele>747.41</ele>
				<time>2026-05-28T17:23:50.216Z</time>
			</trkpt>
			<trkpt lat="44.8554" lon="3.00624">
				<ele>746.21</ele>
				<time>2026-05-28T17:23:55.985Z</time>
			</trkpt>
			<trkpt lat="44.85549" lon="3.00631">
				<ele>745.15</ele>
				<time>2026-05-28T17:23:57.532Z</time>
			</trkpt>
			<trkpt lat="44.85555" lon="3.00633">
				<ele>744.01</ele>
				<time>2026-05-28T17:23:58.458Z</time>
			</trkpt>
			<trkpt lat="44.85567" lon="3.00632">
				<ele>744.97</ele>
				<time>2026-05-28T17:24:00.253Z</time>
			</trkpt>
			<trkpt lat="44.85604" lon="3.00628">
				<ele>749.79</ele>
				<time>2026-05-28T17:24:05.690Z</time>
			</trkpt>
			<trkpt lat="44.85617" lon="3.00634">
				<ele>751.78</ele>
				<time>2026-05-28T17:24:07.641Z</time>
			</trkpt>
			<trkpt lat="44.85623" lon="3.0064">
				<ele>752.65</ele>
				<time>2026-05-28T17:24:08.675Z</time>
			</trkpt>
			<trkpt lat="44.85633" lon="3.00655">
				<ele>754.35</ele>
				<time>2026-05-28T17:24:10.695Z</time>
			</trkpt>
			<trkpt lat="44.85664" lon="3.00716">
				<ele>761.57</ele>
				<time>2026-05-28T17:24:17.593Z</time>
			</trkpt>
			<trkpt lat="44.85682" lon="3.00762">
				<ele>763.55</ele>
				<time>2026-05-28T17:24:21.882Z</time>
			</trkpt>
			<trkpt lat="44.85685" lon="3.00777">
				<ele>762.18</ele>
				<time>2026-05-28T17:24:23.051Z</time>
			</trkpt>
			<trkpt lat="44.85672" lon="3.00863">
				<ele>754.77</ele>
				<time>2026-05-28T17:24:29.084Z</time>
			</trkpt>
			<trkpt lat="44.85673" lon="3.00878">
				<ele>754.86</ele>
				<time>2026-05-28T17:24:30.097Z</time>
			</trkpt>
			<trkpt lat="44.85682" lon="3.00894">
				<ele>755.64</ele>
				<time>2026-05-28T17:24:31.465Z</time>
			</trkpt>
			<trkpt lat="44.85688" lon="3.00899">
				<ele>756.02</ele>
				<time>2026-05-28T17:24:32.122Z</time>
			</trkpt>
			<trkpt lat="44.85696" lon="3.00904">
				<ele>756.55</ele>
				<time>2026-05-28T17:24:32.944Z</time>
			</trkpt>
			<trkpt lat="44.85714" lon="3.00909">
				<ele>758.26</ele>
				<time>2026-05-28T17:24:34.662Z</time>
			</trkpt>
			<trkpt lat="44.85724" lon="3.00911">
				<ele>759.41</ele>
				<time>2026-05-28T17:24:35.603Z</time>
			</trkpt>
			<trkpt lat="44.85749" lon="3.00909">
				<ele>766.15</ele>
				<time>2026-05-28T17:24:37.926Z</time>
			</trkpt>
			<trkpt lat="44.85808" lon="3.00897">
				<ele>761.45</ele>
				<time>2026-05-28T17:24:43.388Z</time>
			</trkpt>
			<trkpt lat="44.85835" lon="3.00899">
				<ele>761.4</ele>
				<time>2026-05-28T17:24:45.835Z</time>
			</trkpt>
			<trkpt lat="44.8588" lon="3.0091">
				<ele>767.12</ele>
				<time>2026-05-28T17:24:49.924Z</time>
			</trkpt>
			<trkpt lat="44.85907" lon="3.00932">
				<ele>765.9</ele>
				<time>2026-05-28T17:24:52.685Z</time>
			</trkpt>
			<trkpt lat="44.85935" lon="3.00973">
				<ele>761.09</ele>
				<time>2026-05-28T17:24:56.222Z</time>
			</trkpt>
			<trkpt lat="44.85943" lon="3.00992">
				<ele>759.55</ele>
				<time>2026-05-28T17:24:57.584Z</time>
			</trkpt>
			<trkpt lat="44.85949" lon="3.01017">
				<ele>757.62</ele>
				<time>2026-05-28T17:24:59.202Z</time>
			</trkpt>
			<trkpt lat="44.85954" lon="3.01054">
				<ele>754.04</ele>
				<time>2026-05-28T17:25:01.496Z</time>
			</trkpt>
			<trkpt lat="44.85965" lon="3.01091">
				<ele>749.9</ele>
				<time>2026-05-28T17:25:03.921Z</time>
			</trkpt>
			<trkpt lat="44.85979" lon="3.01117">
				<ele>748.88</ele>
				<time>2026-05-28T17:25:05.879Z</time>
			</trkpt>
			<trkpt lat="44.85995" lon="3.01128">
				<ele>752.83</ele>
				<time>2026-05-28T17:25:07.376Z</time>
			</trkpt>
			<trkpt lat="44.86011" lon="3.01135">
				<ele>754.41</ele>
				<time>2026-05-28T17:25:08.778Z</time>
			</trkpt>
			<trkpt lat="44.86103" lon="3.01159">
				<ele>762.78</ele>
				<time>2026-05-28T17:25:16.486Z</time>
			</trkpt>
			<trkpt lat="44.86168" lon="3.01186">
				<ele>755.45</ele>
				<time>2026-05-28T17:25:21.939Z</time>
			</trkpt>
			<trkpt lat="44.86186" lon="3.0119">
				<ele>755.14</ele>
				<time>2026-05-28T17:25:23.388Z</time>
			</trkpt>
			<trkpt lat="44.86206" lon="3.0119">
				<ele>756.6</ele>
				<time>2026-05-28T17:25:24.969Z</time>
			</trkpt>
			<trkpt lat="44.86238" lon="3.01185">
				<ele>756.67</ele>
				<time>2026-05-28T17:25:27.495Z</time>
			</trkpt>
			<trkpt lat="44.86367" lon="3.01127">
				<ele>748.88</ele>
				<time>2026-05-28T17:25:37.869Z</time>
			</trkpt>
			<trkpt lat="44.86387" lon="3.01115">
				<ele>746.65</ele>
				<time>2026-05-28T17:25:39.497Z</time>
			</trkpt>
			<trkpt lat="44.86403" lon="3.01094">
				<ele>745.94</ele>
				<time>2026-05-28T17:25:41.124Z</time>
			</trkpt>
			<trkpt lat="44.86407" lon="3.01082">
				<ele>746.74</ele>
				<time>2026-05-28T17:25:41.820Z</time>
			</trkpt>
			<trkpt lat="44.86409" lon="3.0107">
				<ele>748.18</ele>
				<time>2026-05-28T17:25:42.466Z</time>
			</trkpt>
			<trkpt lat="44.86409" lon="3.0102">
				<ele>748.38</ele>
				<time>2026-05-28T17:25:45.070Z</time>
			</trkpt>
			<trkpt lat="44.86412" lon="3.01">
				<ele>743.68</ele>
				<time>2026-05-28T17:25:46.127Z</time>
			</trkpt>
			<trkpt lat="44.86417" lon="3.00986">
				<ele>742.73</ele>
				<time>2026-05-28T17:25:46.935Z</time>
			</trkpt>
			<trkpt lat="44.86432" lon="3.00962">
				<ele>740.37</ele>
				<time>2026-05-28T17:25:48.576Z</time>
			</trkpt>
			<trkpt lat="44.86458" lon="3.00937">
				<ele>741.44</ele>
				<time>2026-05-28T17:25:50.835Z</time>
			</trkpt>
			<trkpt lat="44.86488" lon="3.00922">
				<ele>746.59</ele>
				<time>2026-05-28T17:25:53.100Z</time>
			</trkpt>
			<trkpt lat="44.86522" lon="3.00917">
				<ele>751.96</ele>
				<time>2026-05-28T17:25:55.510Z</time>
			</trkpt>
			<trkpt lat="44.86556" lon="3.00922">
				<ele>752.25</ele>
				<time>2026-05-28T17:25:57.898Z</time>
			</trkpt>
			<trkpt lat="44.86585" lon="3.00933">
				<ele>749</ele>
				<time>2026-05-28T17:25:59.976Z</time>
			</trkpt>
			<trkpt lat="44.86604" lon="3.00944">
				<ele>747.97</ele>
				<time>2026-05-28T17:26:01.388Z</time>
			</trkpt>
			<trkpt lat="44.86626" lon="3.00962">
				<ele>745.98</ele>
				<time>2026-05-28T17:26:03.125Z</time>
			</trkpt>
			<trkpt lat="44.86646" lon="3.00984">
				<ele>742.58</ele>
				<time>2026-05-28T17:26:04.845Z</time>
			</trkpt>
			<trkpt lat="44.8668" lon="3.01043">
				<ele>729.07</ele>
				<time>2026-05-28T17:26:08.461Z</time>
			</trkpt>
			<trkpt lat="44.86692" lon="3.01052">
				<ele>728.64</ele>
				<time>2026-05-28T17:26:09.365Z</time>
			</trkpt>
			<trkpt lat="44.86702" lon="3.01055">
				<ele>727.96</ele>
				<time>2026-05-28T17:26:10.042Z</time>
			</trkpt>
			<trkpt lat="44.86718" lon="3.01054">
				<ele>728.63</ele>
				<time>2026-05-28T17:26:11.100Z</time>
			</trkpt>
			<trkpt lat="44.86731" lon="3.01044">
				<ele>730.21</ele>
				<time>2026-05-28T17:26:12.073Z</time>
			</trkpt>
			<trkpt lat="44.8674" lon="3.01028">
				<ele>733.08</ele>
				<time>2026-05-28T17:26:13.022Z</time>
			</trkpt>
			<trkpt lat="44.86782" lon="3.00936">
				<ele>728.43</ele>
				<time>2026-05-28T17:26:18.039Z</time>
			</trkpt>
			<trkpt lat="44.86821" lon="3.00862">
				<ele>726.23</ele>
				<time>2026-05-28T17:26:22.187Z</time>
			</trkpt>
			<trkpt lat="44.86832" lon="3.00838">
				<ele>727.04</ele>
				<time>2026-05-28T17:26:23.459Z</time>
			</trkpt>
			<trkpt lat="44.86842" lon="3.00813">
				<ele>726.82</ele>
				<time>2026-05-28T17:26:24.729Z</time>
			</trkpt>
			<trkpt lat="44.86863" lon="3.00737">
				<ele>727.04</ele>
				<time>2026-05-28T17:26:28.301Z</time>
			</trkpt>
			<trkpt lat="44.86877" lon="3.00701">
				<ele>727.29</ele>
				<time>2026-05-28T17:26:30.080Z</time>
			</trkpt>
			<trkpt lat="44.86893" lon="3.00672">
				<ele>724.91</ele>
				<time>2026-05-28T17:26:31.660Z</time>
			</trkpt>
			<trkpt lat="44.86908" lon="3.00649">
				<ele>723.95</ele>
				<time>2026-05-28T17:26:32.996Z</time>
			</trkpt>
			<trkpt lat="44.86938" lon="3.00615">
				<ele>720.5</ele>
				<time>2026-05-28T17:26:35.298Z</time>
			</trkpt>
			<trkpt lat="44.86961" lon="3.00582">
				<ele>715.51</ele>
				<time>2026-05-28T17:26:37.244Z</time>
			</trkpt>
			<trkpt lat="44.86979" lon="3.00549">
				<ele>707.71</ele>
				<time>2026-05-28T17:26:38.980Z</time>
			</trkpt>
			<trkpt lat="44.86995" lon="3.00525">
				<ele>704.55</ele>
				<time>2026-05-28T17:26:40.346Z</time>
			</trkpt>
			<trkpt lat="44.87014" lon="3.00508">
				<ele>704.41</ele>
				<time>2026-05-28T17:26:41.654Z</time>
			</trkpt>
			<trkpt lat="44.87031" lon="3.00495">
				<ele>706.8</ele>
				<time>2026-05-28T17:26:42.772Z</time>
			</trkpt>
			<trkpt lat="44.871" lon="3.00467">
				<ele>703.47</ele>
				<time>2026-05-28T17:26:46.880Z</time>
			</trkpt>
			<trkpt lat="44.87121" lon="3.00454">
				<ele>702.51</ele>
				<time>2026-05-28T17:26:48.177Z</time>
			</trkpt>
			<trkpt lat="44.87144" lon="3.00433">
				<ele>704.73</ele>
				<time>2026-05-28T17:26:49.717Z</time>
			</trkpt>
			<trkpt lat="44.87187" lon="3.0039">
				<ele>704.78</ele>
				<time>2026-05-28T17:26:52.653Z</time>
			</trkpt>
			<trkpt lat="44.8726" lon="3.00338">
				<ele>699.66</ele>
				<time>2026-05-28T17:26:57.140Z</time>
			</trkpt>
			<trkpt lat="44.8728" lon="3.00316">
				<ele>697.04</ele>
				<time>2026-05-28T17:26:58.514Z</time>
			</trkpt>
			<trkpt lat="44.87298" lon="3.00293">
				<ele>694.16</ele>
				<time>2026-05-28T17:26:59.824Z</time>
			</trkpt>
			<trkpt lat="44.87318" lon="3.00256">
				<ele>695.7</ele>
				<time>2026-05-28T17:27:01.590Z</time>
			</trkpt>
			<trkpt lat="44.87346" lon="3.00188">
				<ele>700.6</ele>
				<time>2026-05-28T17:27:04.548Z</time>
			</trkpt>
			<trkpt lat="44.87366" lon="3.00157">
				<ele>696.81</ele>
				<time>2026-05-28T17:27:06.111Z</time>
			</trkpt>
			<trkpt lat="44.87392" lon="3.0013">
				<ele>688.34</ele>
				<time>2026-05-28T17:27:07.798Z</time>
			</trkpt>
			<trkpt lat="44.87575" lon="3.00002">
				<ele>677.84</ele>
				<time>2026-05-28T17:27:18.227Z</time>
			</trkpt>
			<trkpt lat="44.87593" lon="2.99991">
				<ele>674.71</ele>
				<time>2026-05-28T17:27:19.208Z</time>
			</trkpt>
			<trkpt lat="44.87611" lon="2.99986">
				<ele>669.38</ele>
				<time>2026-05-28T17:27:20.122Z</time>
			</trkpt>
			<trkpt lat="44.87633" lon="2.99984">
				<ele>665.72</ele>
				<time>2026-05-28T17:27:21.217Z</time>
			</trkpt>
			<trkpt lat="44.87719" lon="2.99988">
				<ele>669.79</ele>
				<time>2026-05-28T17:27:25.450Z</time>
			</trkpt>
			<trkpt lat="44.87744" lon="2.9998">
				<ele>670.8</ele>
				<time>2026-05-28T17:27:26.699Z</time>
			</trkpt>
			<trkpt lat="44.8777" lon="2.9996">
				<ele>671.47</ele>
				<time>2026-05-28T17:27:28.136Z</time>
			</trkpt>
			<trkpt lat="44.87854" lon="2.99884">
				<ele>676.32</ele>
				<time>2026-05-28T17:27:32.930Z</time>
			</trkpt>
			<trkpt lat="44.87918" lon="2.99802">
				<ele>669.91</ele>
				<time>2026-05-28T17:27:37.029Z</time>
			</trkpt>
			<trkpt lat="44.87937" lon="2.99782">
				<ele>669.89</ele>
				<time>2026-05-28T17:27:38.145Z</time>
			</trkpt>
			<trkpt lat="44.87963" lon="2.9976">
				<ele>670.66</ele>
				<time>2026-05-28T17:27:39.567Z</time>
			</trkpt>
			<trkpt lat="44.87992" lon="2.99747">
				<ele>671.41</ele>
				<time>2026-05-28T17:27:40.988Z</time>
			</trkpt>
			<trkpt lat="44.88018" lon="2.99739">
				<ele>671.78</ele>
				<time>2026-05-28T17:27:42.228Z</time>
			</trkpt>
			<trkpt lat="44.88048" lon="2.99738">
				<ele>670.17</ele>
				<time>2026-05-28T17:27:43.621Z</time>
			</trkpt>
			<trkpt lat="44.88073" lon="2.99742">
				<ele>669.54</ele>
				<time>2026-05-28T17:27:44.785Z</time>
			</trkpt>
			<trkpt lat="44.88152" lon="2.99784">
				<ele>672.99</ele>
				<time>2026-05-28T17:27:48.670Z</time>
			</trkpt>
			<trkpt lat="44.88181" lon="2.99793">
				<ele>671.8</ele>
				<time>2026-05-28T17:27:50.029Z</time>
			</trkpt>
			<trkpt lat="44.88207" lon="2.99796">
				<ele>672.07</ele>
				<time>2026-05-28T17:27:51.220Z</time>
			</trkpt>
			<trkpt lat="44.88233" lon="2.99794">
				<ele>671.57</ele>
				<time>2026-05-28T17:27:52.406Z</time>
			</trkpt>
			<trkpt lat="44.88258" lon="2.99787">
				<ele>671.78</ele>
				<time>2026-05-28T17:27:53.565Z</time>
			</trkpt>
			<trkpt lat="44.88281" lon="2.99777">
				<ele>673.59</ele>
				<time>2026-05-28T17:27:54.657Z</time>
			</trkpt>
			<trkpt lat="44.88322" lon="2.99741">
				<ele>668.35</ele>
				<time>2026-05-28T17:27:56.842Z</time>
			</trkpt>
			<trkpt lat="44.88418" lon="2.99606">
				<ele>664.6</ele>
				<time>2026-05-28T17:28:02.941Z</time>
			</trkpt>
			<trkpt lat="44.88429" lon="2.99593">
				<ele>664.47</ele>
				<time>2026-05-28T17:28:03.584Z</time>
			</trkpt>
			<trkpt lat="44.88442" lon="2.99584">
				<ele>664.32</ele>
				<time>2026-05-28T17:28:04.233Z</time>
			</trkpt>
			<trkpt lat="44.8846" lon="2.99579">
				<ele>663.46</ele>
				<time>2026-05-28T17:28:05.055Z</time>
			</trkpt>
			<trkpt lat="44.88473" lon="2.99581">
				<ele>663.98</ele>
				<time>2026-05-28T17:28:05.640Z</time>
			</trkpt>
			<trkpt lat="44.88562" lon="2.99646">
				<ele>673.5</ele>
				<time>2026-05-28T17:28:10.118Z</time>
			</trkpt>
			<trkpt lat="44.88578" lon="2.99655">
				<ele>672.95</ele>
				<time>2026-05-28T17:28:10.887Z</time>
			</trkpt>
			<trkpt lat="44.88595" lon="2.9966">
				<ele>671.07</ele>
				<time>2026-05-28T17:28:11.662Z</time>
			</trkpt>
			<trkpt lat="44.88612" lon="2.99662">
				<ele>667.57</ele>
				<time>2026-05-28T17:28:12.423Z</time>
			</trkpt>
			<trkpt lat="44.88728" lon="2.99651">
				<ele>662.49</ele>
				<time>2026-05-28T17:28:17.610Z</time>
			</trkpt>
			<trkpt lat="44.88748" lon="2.99647">
				<ele>660.95</ele>
				<time>2026-05-28T17:28:18.511Z</time>
			</trkpt>
			<trkpt lat="44.88865" lon="2.99602">
				<ele>657.18</ele>
				<time>2026-05-28T17:28:23.931Z</time>
			</trkpt>
			<trkpt lat="44.88888" lon="2.99596">
				<ele>656.84</ele>
				<time>2026-05-28T17:28:24.979Z</time>
			</trkpt>
			<trkpt lat="44.88939" lon="2.99595">
				<ele>652.95</ele>
				<time>2026-05-28T17:28:27.267Z</time>
			</trkpt>
			<trkpt lat="44.88953" lon="2.99588">
				<ele>649.88</ele>
				<time>2026-05-28T17:28:27.934Z</time>
			</trkpt>
			<trkpt lat="44.89023" lon="2.99544">
				<ele>649.49</ele>
				<time>2026-05-28T17:28:31.385Z</time>
			</trkpt>
			<trkpt lat="44.8904" lon="2.99537">
				<ele>652.65</ele>
				<time>2026-05-28T17:28:32.185Z</time>
			</trkpt>
			<trkpt lat="44.89054" lon="2.99539">
				<ele>655.79</ele>
				<time>2026-05-28T17:28:32.821Z</time>
			</trkpt>
			<trkpt lat="44.89069" lon="2.99547">
				<ele>659.67</ele>
				<time>2026-05-28T17:28:33.547Z</time>
			</trkpt>
			<trkpt lat="44.89081" lon="2.99563">
				<ele>661.7</ele>
				<time>2026-05-28T17:28:34.295Z</time>
			</trkpt>
			<trkpt lat="44.89106" lon="2.99641">
				<ele>660.82</ele>
				<time>2026-05-28T17:28:37.051Z</time>
			</trkpt>
			<trkpt lat="44.89127" lon="2.99679">
				<ele>662.65</ele>
				<time>2026-05-28T17:28:38.609Z</time>
			</trkpt>
			<trkpt lat="44.89179" lon="2.99747">
				<ele>664.98</ele>
				<time>2026-05-28T17:28:41.858Z</time>
			</trkpt>
			<trkpt lat="44.89249" lon="2.9985">
				<ele>674.35</ele>
				<time>2026-05-28T17:28:46.533Z</time>
			</trkpt>
			<trkpt lat="44.89286" lon="2.99908">
				<ele>674.31</ele>
				<time>2026-05-28T17:28:49.111Z</time>
			</trkpt>
			<trkpt lat="44.89306" lon="2.99954">
				<ele>677.48</ele>
				<time>2026-05-28T17:28:50.905Z</time>
			</trkpt>
			<trkpt lat="44.89321" lon="3.00004">
				<ele>680.61</ele>
				<time>2026-05-28T17:28:52.718Z</time>
			</trkpt>
			<trkpt lat="44.89325" lon="3.00027">
				<ele>683.34</ele>
				<time>2026-05-28T17:28:53.511Z</time>
			</trkpt>
			<trkpt lat="44.89329" lon="3.00058">
				<ele>685.93</ele>
				<time>2026-05-28T17:28:54.570Z</time>
			</trkpt>
			<trkpt lat="44.89335" lon="3.00193">
				<ele>695.09</ele>
				<time>2026-05-28T17:28:59.154Z</time>
			</trkpt>
			<trkpt lat="44.89338" lon="3.0024">
				<ele>696.49</ele>
				<time>2026-05-28T17:29:00.768Z</time>
			</trkpt>
			<trkpt lat="44.89342" lon="3.00269">
				<ele>696.89</ele>
				<time>2026-05-28T17:29:01.783Z</time>
			</trkpt>
			<trkpt lat="44.89349" lon="3.00294">
				<ele>697.26</ele>
				<time>2026-05-28T17:29:02.710Z</time>
			</trkpt>
			<trkpt lat="44.89363" lon="3.00323">
				<ele>696.22</ele>
				<time>2026-05-28T17:29:03.924Z</time>
			</trkpt>
			<trkpt lat="44.89379" lon="3.0035">
				<ele>697.14</ele>
				<time>2026-05-28T17:29:05.146Z</time>
			</trkpt>
			<trkpt lat="44.89392" lon="3.00365">
				<ele>699.03</ele>
				<time>2026-05-28T17:29:05.972Z</time>
			</trkpt>
			<trkpt lat="44.89407" lon="3.00379">
				<ele>702.62</ele>
				<time>2026-05-28T17:29:06.859Z</time>
			</trkpt>
			<trkpt lat="44.89426" lon="3.0039">
				<ele>705.92</ele>
				<time>2026-05-28T17:29:07.876Z</time>
			</trkpt>
			<trkpt lat="44.89524" lon="3.00425">
				<ele>720.65</ele>
				<time>2026-05-28T17:29:12.935Z</time>
			</trkpt>
			<trkpt lat="44.89581" lon="3.00434">
				<ele>724.22</ele>
				<time>2026-05-28T17:29:15.847Z</time>
			</trkpt>
			<trkpt lat="44.89683" lon="3.00472">
				<ele>735.57</ele>
				<time>2026-05-28T17:29:21.289Z</time>
			</trkpt>
			<trkpt lat="44.89756" lon="3.00482">
				<ele>738.28</ele>
				<time>2026-05-28T17:29:25.142Z</time>
			</trkpt>
			<trkpt lat="44.89846" lon="3.00504">
				<ele>755.07</ele>
				<time>2026-05-28T17:29:30.024Z</time>
			</trkpt>
			<trkpt lat="44.89871" lon="3.00516">
				<ele>757.97</ele>
				<time>2026-05-28T17:29:31.454Z</time>
			</trkpt>
			<trkpt lat="44.89953" lon="3.00585">
				<ele>764.89</ele>
				<time>2026-05-28T17:29:36.693Z</time>
			</trkpt>
			<trkpt lat="44.89968" lon="3.00604">
				<ele>764.14</ele>
				<time>2026-05-28T17:29:37.814Z</time>
			</trkpt>
			<trkpt lat="44.89994" lon="3.00658">
				<ele>755.25</ele>
				<time>2026-05-28T17:29:40.405Z</time>
			</trkpt>
			<trkpt lat="44.90006" lon="3.00671">
				<ele>755.78</ele>
				<time>2026-05-28T17:29:41.259Z</time>
			</trkpt>
			<trkpt lat="44.90022" lon="3.00678">
				<ele>759.13</ele>
				<time>2026-05-28T17:29:42.208Z</time>
			</trkpt>
			<trkpt lat="44.90052" lon="3.00682">
				<ele>771.24</ele>
				<time>2026-05-28T17:29:43.925Z</time>
			</trkpt>
			<trkpt lat="44.90065" lon="3.0069">
				<ele>773.54</ele>
				<time>2026-05-28T17:29:44.737Z</time>
			</trkpt>
			<trkpt lat="44.90074" lon="3.00702">
				<ele>771.6</ele>
				<time>2026-05-28T17:29:45.449Z</time>
			</trkpt>
			<trkpt lat="44.90081" lon="3.00721">
				<ele>764.44</ele>
				<time>2026-05-28T17:29:46.323Z</time>
			</trkpt>
			<trkpt lat="44.90093" lon="3.00766">
				<ele>758.58</ele>
				<time>2026-05-28T17:29:48.299Z</time>
			</trkpt>
			<trkpt lat="44.90101" lon="3.00777">
				<ele>759.34</ele>
				<time>2026-05-28T17:29:48.950Z</time>
			</trkpt>
			<trkpt lat="44.90113" lon="3.00783">
				<ele>760.35</ele>
				<time>2026-05-28T17:29:49.695Z</time>
			</trkpt>
			<trkpt lat="44.90158" lon="3.00782">
				<ele>776.1</ele>
				<time>2026-05-28T17:29:52.346Z</time>
			</trkpt>
			<trkpt lat="44.90168" lon="3.00785">
				<ele>779.86</ele>
				<time>2026-05-28T17:29:52.953Z</time>
			</trkpt>
			<trkpt lat="44.90178" lon="3.00791">
				<ele>781.53</ele>
				<time>2026-05-28T17:29:53.599Z</time>
			</trkpt>
			<trkpt lat="44.90186" lon="3.00802">
				<ele>780.74</ele>
				<time>2026-05-28T17:29:54.265Z</time>
			</trkpt>
			<trkpt lat="44.90206" lon="3.00849">
				<ele>771.37</ele>
				<time>2026-05-28T17:29:56.596Z</time>
			</trkpt>
			<trkpt lat="44.90223" lon="3.00875">
				<ele>771.13</ele>
				<time>2026-05-28T17:29:58.112Z</time>
			</trkpt>
			<trkpt lat="44.90247" lon="3.00896">
				<ele>770.89</ele>
				<time>2026-05-28T17:29:59.832Z</time>
			</trkpt>
			<trkpt lat="44.90265" lon="3.00903">
				<ele>772.66</ele>
				<time>2026-05-28T17:30:00.977Z</time>
			</trkpt>
			<trkpt lat="44.90284" lon="3.00902">
				<ele>777.16</ele>
				<time>2026-05-28T17:30:02.148Z</time>
			</trkpt>
			<trkpt lat="44.90305" lon="3.00891">
				<ele>784.86</ele>
				<time>2026-05-28T17:30:03.535Z</time>
			</trkpt>
			<trkpt lat="44.90319" lon="3.00881">
				<ele>786.7</ele>
				<time>2026-05-28T17:30:04.511Z</time>
			</trkpt>
			<trkpt lat="44.90334" lon="3.00865">
				<ele>791.51</ele>
				<time>2026-05-28T17:30:05.686Z</time>
			</trkpt>
			<trkpt lat="44.90377" lon="3.00807">
				<ele>808.45</ele>
				<time>2026-05-28T17:30:09.442Z</time>
			</trkpt>
			<trkpt lat="44.90395" lon="3.00796">
				<ele>807.74</ele>
				<time>2026-05-28T17:30:10.694Z</time>
			</trkpt>
			<trkpt lat="44.90407" lon="3.00796">
				<ele>806.88</ele>
				<time>2026-05-28T17:30:11.463Z</time>
			</trkpt>
			<trkpt lat="44.9042" lon="3.00799">
				<ele>804.99</ele>
				<time>2026-05-28T17:30:12.310Z</time>
			</trkpt>
			<trkpt lat="44.9047" lon="3.0082">
				<ele>793.99</ele>
				<time>2026-05-28T17:30:15.694Z</time>
			</trkpt>
			<trkpt lat="44.90485" lon="3.00823">
				<ele>792.61</ele>
				<time>2026-05-28T17:30:16.685Z</time>
			</trkpt>
			<trkpt lat="44.90499" lon="3.0082">
				<ele>794.2</ele>
				<time>2026-05-28T17:30:17.616Z</time>
			</trkpt>
			<trkpt lat="44.90549" lon="3.00794">
				<ele>815.34</ele>
				<time>2026-05-28T17:30:21.150Z</time>
			</trkpt>
			<trkpt lat="44.90583" lon="3.00789">
				<ele>826.28</ele>
				<time>2026-05-28T17:30:23.444Z</time>
			</trkpt>
			<trkpt lat="44.90652" lon="3.00802">
				<ele>811.54</ele>
				<time>2026-05-28T17:30:28.183Z</time>
			</trkpt>
			<trkpt lat="44.9069" lon="3.00797">
				<ele>813</ele>
				<time>2026-05-28T17:30:30.821Z</time>
			</trkpt>
			<trkpt lat="44.90722" lon="3.00787">
				<ele>821.21</ele>
				<time>2026-05-28T17:30:33.108Z</time>
			</trkpt>
			<trkpt lat="44.90789" lon="3.00759">
				<ele>821.59</ele>
				<time>2026-05-28T17:30:38.054Z</time>
			</trkpt>
			<trkpt lat="44.90818" lon="3.00737">
				<ele>822.88</ele>
				<time>2026-05-28T17:30:40.418Z</time>
			</trkpt>
			<trkpt lat="44.90838" lon="3.00712">
				<ele>833.04</ele>
				<time>2026-05-28T17:30:42.353Z</time>
			</trkpt>
			<trkpt lat="44.90871" lon="3.00687">
				<ele>837.49</ele>
				<time>2026-05-28T17:30:45.090Z</time>
			</trkpt>
			<trkpt lat="44.90917" lon="3.00675">
				<ele>832.43</ele>
				<time>2026-05-28T17:30:48.549Z</time>
			</trkpt>
			<trkpt lat="44.90944" lon="3.00657">
				<ele>836.41</ele>
				<time>2026-05-28T17:30:50.782Z</time>
			</trkpt>
			<trkpt lat="44.90988" lon="3.00614">
				<ele>833.66</ele>
				<time>2026-05-28T17:30:54.830Z</time>
			</trkpt>
			<trkpt lat="44.91013" lon="3.006">
				<ele>833.01</ele>
				<time>2026-05-28T17:30:56.888Z</time>
			</trkpt>
			<trkpt lat="44.91033" lon="3.00596">
				<ele>834.66</ele>
				<time>2026-05-28T17:30:58.444Z</time>
			</trkpt>
			<trkpt lat="44.91055" lon="3.00598">
				<ele>838.01</ele>
				<time>2026-05-28T17:31:00.153Z</time>
			</trkpt>
			<trkpt lat="44.91116" lon="3.00615">
				<ele>843.76</ele>
				<time>2026-05-28T17:31:05.031Z</time>
			</trkpt>
			<trkpt lat="44.91143" lon="3.00619">
				<ele>843.35</ele>
				<time>2026-05-28T17:31:07.189Z</time>
			</trkpt>
			<trkpt lat="44.91158" lon="3.00617">
				<ele>843.94</ele>
				<time>2026-05-28T17:31:08.393Z</time>
			</trkpt>
			<trkpt lat="44.91262" lon="3.00588">
				<ele>857.6</ele>
				<time>2026-05-28T17:31:17.018Z</time>
			</trkpt>
			<trkpt lat="44.91288" lon="3.00584">
				<ele>859.34</ele>
				<time>2026-05-28T17:31:19.186Z</time>
			</trkpt>
			<trkpt lat="44.91333" lon="3.00585">
				<ele>862.16</ele>
				<time>2026-05-28T17:31:22.957Z</time>
			</trkpt>
			<trkpt lat="44.91353" lon="3.00591">
				<ele>860.15</ele>
				<time>2026-05-28T17:31:24.686Z</time>
			</trkpt>
			<trkpt lat="44.91401" lon="3.00608">
				<ele>861.13</ele>
				<time>2026-05-28T17:31:28.914Z</time>
			</trkpt>
			<trkpt lat="44.91455" lon="3.00645">
				<ele>857.43</ele>
				<time>2026-05-28T17:31:34.123Z</time>
			</trkpt>
			<trkpt lat="44.91548" lon="3.00722">
				<ele>859.68</ele>
				<time>2026-05-28T17:31:43.711Z</time>
			</trkpt>
			<trkpt lat="44.91587" lon="3.00745">
				<ele>862.45</ele>
				<time>2026-05-28T17:31:47.552Z</time>
			</trkpt>
			<trkpt lat="44.9162" lon="3.00757">
				<ele>865.84</ele>
				<time>2026-05-28T17:31:50.684Z</time>
			</trkpt>
			<trkpt lat="44.91657" lon="3.00761">
				<ele>867.45</ele>
				<time>2026-05-28T17:31:54.129Z</time>
			</trkpt>
			<trkpt lat="44.91685" lon="3.00758">
				<ele>869.47</ele>
				<time>2026-05-28T17:31:56.761Z</time>
			</trkpt>
			<trkpt lat="44.91705" lon="3.00753">
				<ele>870.59</ele>
				<time>2026-05-28T17:31:58.678Z</time>
			</trkpt>
			<trkpt lat="44.91725" lon="3.00746">
				<ele>871.34</ele>
				<time>2026-05-28T17:32:00.634Z</time>
			</trkpt>
			<trkpt lat="44.91727" lon="3.00751">
				<ele>870.14</ele>
				<time>2026-05-28T17:32:01.022Z</time>
			</trkpt>
			<trkpt lat="44.91733" lon="3.00755">
				<ele>868.33</ele>
				<time>2026-05-28T17:32:01.655Z</time>
			</trkpt>
			<trkpt lat="44.91746" lon="3.00752">
				<ele>867.74</ele>
				<time>2026-05-28T17:32:02.915Z</time>
			</trkpt>
			<trkpt lat="44.91773" lon="3.00738">
				<ele>864.69</ele>
				<time>2026-05-28T17:32:05.685Z</time>
			</trkpt>
			<trkpt lat="44.9178" lon="3.00737">
				<ele>863.44</ele>
				<time>2026-05-28T17:32:06.366Z</time>
			</trkpt>
			<trkpt lat="44.91788" lon="3.00741">
				<ele>862.14</ele>
				<time>2026-05-28T17:32:07.189Z</time>
			</trkpt>
			<trkpt lat="44.91795" lon="3.00753">
				<ele>860.49</ele>
				<time>2026-05-28T17:32:08.260Z</time>
			</trkpt>
			<trkpt lat="44.91809" lon="3.00796">
				<ele>859.26</ele>
				<time>2026-05-28T17:32:11.541Z</time>
			</trkpt>
			<trkpt lat="44.91808" lon="3.00812">
				<ele>859.94</ele>
				<time>2026-05-28T17:32:12.661Z</time>
			</trkpt>
			<trkpt lat="44.91799" lon="3.00828">
				<ele>861.22</ele>
				<time>2026-05-28T17:32:14.093Z</time>
			</trkpt>
			<trkpt lat="44.91714" lon="3.00856">
				<ele>867.99</ele>
				<time>2026-05-28T17:32:22.853Z</time>
			</trkpt>
			<trkpt lat="44.91701" lon="3.00856">
				<ele>868.89</ele>
				<time>2026-05-28T17:32:24.176Z</time>
			</trkpt>
			<trkpt lat="44.91691" lon="3.00865">
				<ele>870.37</ele>
				<time>2026-05-28T17:32:25.388Z</time>
			</trkpt>
			<trkpt lat="44.91696" lon="3.00879">
				<ele>872.5</ele>
				<time>2026-05-28T17:32:26.526Z</time>
			</trkpt>
			<trkpt lat="44.91746" lon="3.00902">
				<ele>874.81</ele>
				<time>2026-05-28T17:32:31.967Z</time>
			</trkpt>
			<trkpt lat="44.91768" lon="3.00915">
				<ele>876.75</ele>
				<time>2026-05-28T17:32:34.461Z</time>
			</trkpt>
			<trkpt lat="44.91778" lon="3.00928">
				<ele>878.33</ele>
				<time>2026-05-28T17:32:35.891Z</time>
			</trkpt>
			<trkpt lat="44.91788" lon="3.00961">
				<ele>881.88</ele>
				<time>2026-05-28T17:32:38.579Z</time>
			</trkpt>
			<trkpt lat="44.91794" lon="3.00991">
				<ele>883.98</ele>
				<time>2026-05-28T17:32:40.929Z</time>
			</trkpt>
			<trkpt lat="44.91796" lon="3.01043">
				<ele>886.5</ele>
				<time>2026-05-28T17:32:44.889Z</time>
			</trkpt>
			<trkpt lat="44.91796" lon="3.01072">
				<ele>886.76</ele>
				<time>2026-05-28T17:32:47.112Z</time>
			</trkpt>
			<trkpt lat="44.91785" lon="3.01107">
				<ele>888.83</ele>
				<time>2026-05-28T17:32:50.141Z</time>
			</trkpt>
			<trkpt lat="44.91785" lon="3.01128">
				<ele>889.66</ele>
				<time>2026-05-28T17:32:51.944Z</time>
			</trkpt>
			<trkpt lat="44.91789" lon="3.01146">
				<ele>889.79</ele>
				<time>2026-05-28T17:32:53.652Z</time>
			</trkpt>
			<trkpt lat="44.91838" lon="3.01204">
				<ele>895.56</ele>
				<time>2026-05-28T17:33:02.875Z</time>
			</trkpt>
			<trkpt lat="44.91861" lon="3.01225">
				<ele>898.13</ele>
				<time>2026-05-28T17:33:07.295Z</time>
			</trkpt>
			<trkpt lat="44.9183" lon="3.01295">
				<ele>895.35</ele>
				<time>2026-05-28T17:33:17.496Z</time>
			</trkpt>
			<trkpt lat="44.91832" lon="3.01315">
				<ele>894.28</ele>
				<time>2026-05-28T17:33:20.126Z</time>
			</trkpt>
			<trkpt lat="44.91838" lon="3.01325">
				<ele>893.9</ele>
				<time>2026-05-28T17:33:21.856Z</time>
			</trkpt>
			<trkpt lat="44.91847" lon="3.01331">
				<ele>894.16</ele>
				<time>2026-05-28T17:33:23.732Z</time>
			</trkpt>
			<trkpt lat="44.9187" lon="3.0135">
				<ele>895.75</ele>
				<time>2026-05-28T17:33:28.842Z</time>
			</trkpt>
			<trkpt lat="44.91888" lon="3.01369">
				<ele>897.67</ele>
				<time>2026-05-28T17:33:33.238Z</time>
			</trkpt>
			<trkpt lat="44.91891" lon="3.01376">
				<ele>897.82</ele>
				<time>2026-05-28T17:33:34.381Z</time>
			</trkpt>
			<trkpt lat="44.91899" lon="3.01436">
				<ele>897.14</ele>
				<time>2026-05-28T17:33:43.019Z</time>
			</trkpt>
			<trkpt lat="44.91921" lon="3.01487">
				<ele>898.27</ele>
				<time>2026-05-28T17:33:51.563Z</time>
			</trkpt>
			<trkpt lat="44.91923" lon="3.01504">
				<ele>897.72</ele>
				<time>2026-05-28T17:33:54.031Z</time>
			</trkpt>
			<trkpt lat="44.91926" lon="3.01513">
				<ele>897.65</ele>
				<time>2026-05-28T17:33:55.455Z</time>
			</trkpt>
			<trkpt lat="44.91934" lon="3.01519">
				<ele>897.9</ele>
				<time>2026-05-28T17:33:57.283Z</time>
			</trkpt>
			<trkpt lat="44.91942" lon="3.01522">
				<ele>898.43</ele>
				<time>2026-05-28T17:33:58.950Z</time>
			</trkpt>
			<trkpt lat="44.9196" lon="3.01546">
				<ele>898.74</ele>
				<time>2026-05-28T17:34:03.908Z</time>
			</trkpt>
			<trkpt lat="44.91992" lon="3.01615">
				<ele>899.59</ele>
				<time>2026-05-28T17:34:15.345Z</time>
			</trkpt>
			<trkpt lat="44.91999" lon="3.01635">
				<ele>899.13</ele>
				<time>2026-05-28T17:34:18.348Z</time>
			</trkpt>
			<trkpt lat="44.91996" lon="3.0168">
				<ele>894.7</ele>
				<time>2026-05-28T17:34:24.276Z</time>
			</trkpt>
			<trkpt lat="44.91999" lon="3.01709">
				<ele>894.86</ele>
				<time>2026-05-28T17:34:27.990Z</time>
			</trkpt>
			<trkpt lat="44.92005" lon="3.01726">
				<ele>895.46</ele>
				<time>2026-05-28T17:34:30.336Z</time>
			</trkpt>
			<trkpt lat="44.92016" lon="3.01746">
				<ele>895.6</ele>
				<time>2026-05-28T17:34:33.382Z</time>
			</trkpt>
			<trkpt lat="44.92022" lon="3.01751">
				<ele>893.75</ele>
				<time>2026-05-28T17:34:34.538Z</time>
			</trkpt>
			<trkpt lat="44.92016" lon="3.01746">
				<ele>895.6</ele>
				<time>2026-05-28T17:34:35.679Z</time>
			</trkpt>
			<trkpt lat="44.92005" lon="3.01726">
				<ele>895.46</ele>
				<time>2026-05-28T17:34:38.524Z</time>
			</trkpt>
			<trkpt lat="44.91999" lon="3.01709">
				<ele>894.86</ele>
				<time>2026-05-28T17:34:40.581Z</time>
			</trkpt>
			<trkpt lat="44.91996" lon="3.0168">
				<ele>894.7</ele>
				<time>2026-05-28T17:34:43.714Z</time>
			</trkpt>
			<trkpt lat="44.91999" lon="3.01635">
				<ele>899.13</ele>
				<time>2026-05-28T17:34:48.613Z</time>
			</trkpt>
			<trkpt lat="44.91992" lon="3.01615">
				<ele>899.59</ele>
				<time>2026-05-28T17:34:50.958Z</time>
			</trkpt>
			<trkpt lat="44.9196" lon="3.01546">
				<ele>898.74</ele>
				<time>2026-05-28T17:34:58.647Z</time>
			</trkpt>
			<trkpt lat="44.91968" lon="3.01547">
				<ele>899.73</ele>
				<time>2026-05-28T17:34:59.664Z</time>
			</trkpt>
			<trkpt lat="44.91986" lon="3.01534">
				<ele>902.68</ele>
				<time>2026-05-28T17:35:02.268Z</time>
			</trkpt>
			<trkpt lat="44.91991" lon="3.01523">
				<ele>904.15</ele>
				<time>2026-05-28T17:35:03.502Z</time>
			</trkpt>
			<trkpt lat="44.92012" lon="3.0146">
				<ele>911.83</ele>
				<time>2026-05-28T17:35:10.917Z</time>
			</trkpt>
			<trkpt lat="44.92028" lon="3.01416">
				<ele>915.04</ele>
				<time>2026-05-28T17:35:17.554Z</time>
			</trkpt>
			<trkpt lat="44.92086" lon="3.01281">
				<ele>919.27</ele>
				<time>2026-05-28T17:36:01.249Z</time>
			</trkpt>
			<trkpt lat="44.92102" lon="3.01222">
				<ele>914.97</ele>
				<time>2026-05-28T17:36:24.964Z</time>
			</trkpt>
			<trkpt lat="44.92102" lon="3.0121">
				<ele>914.67</ele>
				<time>2026-05-28T17:36:29.274Z</time>
			</trkpt>
			<trkpt lat="44.92097" lon="3.01192">
				<ele>914.35</ele>
				<time>2026-05-28T17:36:35.920Z</time>
			</trkpt>
			<trkpt lat="44.92083" lon="3.01154">
				<ele>910.63</ele>
				<time>2026-05-28T17:36:50.667Z</time>
			</trkpt>
			<trkpt lat="44.92067" lon="3.01099">
				<ele>903.5</ele>
				<time>2026-05-28T17:37:12.815Z</time>
			</trkpt>
			<trkpt lat="44.92057" lon="3.01087">
				<ele>903.15</ele>
				<time>2026-05-28T17:37:19.651Z</time>
			</trkpt>
			<trkpt lat="44.92013" lon="3.01047">
				<ele>898.07</ele>
				<time>2026-05-28T17:37:43.771Z</time>
			</trkpt>
			<trkpt lat="44.92008" lon="3.01039">
				<ele>897.53</ele>
				<time>2026-05-28T17:37:46.585Z</time>
			</trkpt>
			<trkpt lat="44.92019" lon="3.00994">
				<ele>898.55</ele>
				<time>2026-05-28T17:37:56.303Z</time>
			</trkpt>
			<trkpt lat="44.92027" lon="3.00975">
				<ele>898.89</ele>
				<time>2026-05-28T17:37:59.998Z</time>
			</trkpt>
			<trkpt lat="44.92043" lon="3.0096">
				<ele>898.6</ele>
				<time>2026-05-28T17:38:04.295Z</time>
			</trkpt>
			<trkpt lat="44.92079" lon="3.00941">
				<ele>897.02</ele>
				<time>2026-05-28T17:38:12.170Z</time>
			</trkpt>
			<trkpt lat="44.92143" lon="3.00915">
				<ele>894.64</ele>
				<time>2026-05-28T17:38:23.863Z</time>
			</trkpt>
			<trkpt lat="44.9224" lon="3.00866">
				<ele>892.51</ele>
				<time>2026-05-28T17:38:38.465Z</time>
			</trkpt>
			<trkpt lat="44.92277" lon="3.00856">
				<ele>895.59</ele>
				<time>2026-05-28T17:38:43.167Z</time>
			</trkpt>
			<trkpt lat="44.92299" lon="3.00858">
				<ele>896.67</ele>
				<time>2026-05-28T17:38:45.842Z</time>
			</trkpt>
			<trkpt lat="44.92351" lon="3.00877">
				<ele>899.8</ele>
				<time>2026-05-28T17:38:52.302Z</time>
			</trkpt>
			<trkpt lat="44.92373" lon="3.00879">
				<ele>901.51</ele>
				<time>2026-05-28T17:38:54.991Z</time>
			</trkpt>
			<trkpt lat="44.92386" lon="3.00876">
				<ele>902.72</ele>
				<time>2026-05-28T17:38:56.625Z</time>
			</trkpt>
			<trkpt lat="44.924" lon="3.00866">
				<ele>903.29</ele>
				<time>2026-05-28T17:38:58.605Z</time>
			</trkpt>
			<trkpt lat="44.92486" lon="3.00755">
				<ele>902.3</ele>
				<time>2026-05-28T17:39:14.104Z</time>
			</trkpt>
			<trkpt lat="44.92514" lon="3.00728">
				<ele>900.45</ele>
				<time>2026-05-28T17:39:18.594Z</time>
			</trkpt>
			<trkpt lat="44.9257" lon="3.00704">
				<ele>902.19</ele>
				<time>2026-05-28T17:39:26.266Z</time>
			</trkpt>
			<trkpt lat="44.92623" lon="3.00709">
				<ele>901.54</ele>
				<time>2026-05-28T17:39:33.131Z</time>
			</trkpt>
			<trkpt lat="44.92715" lon="3.00732">
				<ele>909.14</ele>
				<time>2026-05-28T17:39:44.934Z</time>
			</trkpt>
			<trkpt lat="44.9274" lon="3.00735">
				<ele>910.99</ele>
				<time>2026-05-28T17:39:48.036Z</time>
			</trkpt>
			<trkpt lat="44.92755" lon="3.00752">
				<ele>911</ele>
				<time>2026-05-28T17:39:50.393Z</time>
			</trkpt>
			<trkpt lat="44.92841" lon="3.00838">
				<ele>914.7</ele>
				<time>2026-05-28T17:40:02.955Z</time>
			</trkpt>
			<trkpt lat="44.92863" lon="3.00864">
				<ele>915.08</ele>
				<time>2026-05-28T17:40:06.262Z</time>
			</trkpt>
			<trkpt lat="44.92916" lon="3.00948">
				<ele>920.37</ele>
				<time>2026-05-28T17:40:15.165Z</time>
			</trkpt>
			<trkpt lat="44.92943" lon="3.00986">
				<ele>920.34</ele>
				<time>2026-05-28T17:40:19.268Z</time>
			</trkpt>
			<trkpt lat="44.92949" lon="3.00997">
				<ele>920.08</ele>
				<time>2026-05-28T17:40:20.309Z</time>
			</trkpt>
			<trkpt lat="44.92959" lon="3.01024">
				<ele>918.94</ele>
				<time>2026-05-28T17:40:22.568Z</time>
			</trkpt>
			<trkpt lat="44.9297" lon="3.01044">
				<ele>918.56</ele>
				<time>2026-05-28T17:40:24.418Z</time>
			</trkpt>
			<trkpt lat="44.92975" lon="3.01047">
				<ele>919.23</ele>
				<time>2026-05-28T17:40:24.973Z</time>
			</trkpt>
			<trkpt lat="44.92995" lon="3.0105">
				<ele>923.47</ele>
				<time>2026-05-28T17:40:27.010Z</time>
			</trkpt>
			<trkpt lat="44.93006" lon="3.01058">
				<ele>925.7</ele>
				<time>2026-05-28T17:40:28.246Z</time>
			</trkpt>
			<trkpt lat="44.93008" lon="3.01064">
				<ele>926.24</ele>
				<time>2026-05-28T17:40:28.711Z</time>
			</trkpt>
			<trkpt lat="44.93009" lon="3.0108">
				<ele>925.85</ele>
				<time>2026-05-28T17:40:29.832Z</time>
			</trkpt>
			<trkpt lat="44.9298" lon="3.01261">
				<ele>930.6</ele>
				<time>2026-05-28T17:40:41.985Z</time>
			</trkpt>
			<trkpt lat="44.9298" lon="3.01295">
				<ele>931.12</ele>
				<time>2026-05-28T17:40:44.093Z</time>
			</trkpt>
			<trkpt lat="44.92983" lon="3.01329">
				<ele>931.41</ele>
				<time>2026-05-28T17:40:46.194Z</time>
			</trkpt>
			<trkpt lat="44.92994" lon="3.01379">
				<ele>931.87</ele>
				<time>2026-05-28T17:40:49.361Z</time>
			</trkpt>
			<trkpt lat="44.93005" lon="3.01414">
				<ele>933.39</ele>
				<time>2026-05-28T17:40:51.645Z</time>
			</trkpt>
			<trkpt lat="44.93017" lon="3.01436">
				<ele>933.88</ele>
				<time>2026-05-28T17:40:53.284Z</time>
			</trkpt>
			<trkpt lat="44.93038" lon="3.01461">
				<ele>934.51</ele>
				<time>2026-05-28T17:40:55.550Z</time>
			</trkpt>
			<trkpt lat="44.9305" lon="3.01484">
				<ele>934.54</ele>
				<time>2026-05-28T17:40:57.202Z</time>
			</trkpt>
			<trkpt lat="44.93058" lon="3.01506">
				<ele>934.54</ele>
				<time>2026-05-28T17:40:58.620Z</time>
			</trkpt>
			<trkpt lat="44.9306" lon="3.01524">
				<ele>934.68</ele>
				<time>2026-05-28T17:40:59.658Z</time>
			</trkpt>
			<trkpt lat="44.93059" lon="3.01531">
				<ele>934.77</ele>
				<time>2026-05-28T17:41:00.064Z</time>
			</trkpt>
			<trkpt lat="44.93053" lon="3.01547">
				<ele>935.33</ele>
				<time>2026-05-28T17:41:01.087Z</time>
			</trkpt>
			<trkpt lat="44.93044" lon="3.01563">
				<ele>936.42</ele>
				<time>2026-05-28T17:41:02.236Z</time>
			</trkpt>
			<trkpt lat="44.93003" lon="3.01623">
				<ele>942.33</ele>
				<time>2026-05-28T17:41:06.850Z</time>
			</trkpt>
			<trkpt lat="44.92965" lon="3.01674">
				<ele>941.43</ele>
				<time>2026-05-28T17:41:10.852Z</time>
			</trkpt>
			<trkpt lat="44.92958" lon="3.01685">
				<ele>941.05</ele>
				<time>2026-05-28T17:41:11.641Z</time>
			</trkpt>
			<trkpt lat="44.9295" lon="3.01708">
				<ele>940.44</ele>
				<time>2026-05-28T17:41:13.000Z</time>
			</trkpt>
			<trkpt lat="44.92944" lon="3.01749">
				<ele>941.9</ele>
				<time>2026-05-28T17:41:15.199Z</time>
			</trkpt>
			<trkpt lat="44.92943" lon="3.01793">
				<ele>941.4</ele>
				<time>2026-05-28T17:41:17.483Z</time>
			</trkpt>
			<trkpt lat="44.92948" lon="3.01848">
				<ele>938.35</ele>
				<time>2026-05-28T17:41:20.320Z</time>
			</trkpt>
			<trkpt lat="44.9295" lon="3.01866">
				<ele>937.46</ele>
				<time>2026-05-28T17:41:21.243Z</time>
			</trkpt>
			<trkpt lat="44.92955" lon="3.01882">
				<ele>937.4</ele>
				<time>2026-05-28T17:41:22.124Z</time>
			</trkpt>
			<trkpt lat="44.93004" lon="3.01977">
				<ele>938.98</ele>
				<time>2026-05-28T17:41:27.939Z</time>
			</trkpt>
			<trkpt lat="44.93014" lon="3.01994">
				<ele>939.14</ele>
				<time>2026-05-28T17:41:29.012Z</time>
			</trkpt>
			<trkpt lat="44.93029" lon="3.02011">
				<ele>938.79</ele>
				<time>2026-05-28T17:41:30.322Z</time>
			</trkpt>
			<trkpt lat="44.93036" lon="3.02014">
				<ele>938.42</ele>
				<time>2026-05-28T17:41:30.819Z</time>
			</trkpt>
			<trkpt lat="44.93045" lon="3.02018">
				<ele>938.23</ele>
				<time>2026-05-28T17:41:31.456Z</time>
			</trkpt>
			<trkpt lat="44.93069" lon="3.0202">
				<ele>937.75</ele>
				<time>2026-05-28T17:41:33.072Z</time>
			</trkpt>
			<trkpt lat="44.93077" lon="3.02023">
				<ele>937.37</ele>
				<time>2026-05-28T17:41:33.625Z</time>
			</trkpt>
			<trkpt lat="44.93083" lon="3.02028">
				<ele>936.97</ele>
				<time>2026-05-28T17:41:34.089Z</time>
			</trkpt>
			<trkpt lat="44.93099" lon="3.02059">
				<ele>936.48</ele>
				<time>2026-05-28T17:41:35.888Z</time>
			</trkpt>
			<trkpt lat="44.9313" lon="3.02125">
				<ele>937.21</ele>
				<time>2026-05-28T17:41:39.549Z</time>
			</trkpt>
			<trkpt lat="44.93139" lon="3.02152">
				<ele>938.55</ele>
				<time>2026-05-28T17:41:40.911Z</time>
			</trkpt>
			<trkpt lat="44.93159" lon="3.02227">
				<ele>940.58</ele>
				<time>2026-05-28T17:41:44.522Z</time>
			</trkpt>
			<trkpt lat="44.93179" lon="3.02274">
				<ele>941.86</ele>
				<time>2026-05-28T17:41:46.955Z</time>
			</trkpt>
			<trkpt lat="44.93184" lon="3.0229">
				<ele>942.19</ele>
				<time>2026-05-28T17:41:47.726Z</time>
			</trkpt>
			<trkpt lat="44.93201" lon="3.02373">
				<ele>940.6</ele>
				<time>2026-05-28T17:41:51.490Z</time>
			</trkpt>
			<trkpt lat="44.93209" lon="3.02397">
				<ele>941.51</ele>
				<time>2026-05-28T17:41:52.632Z</time>
			</trkpt>
			<trkpt lat="44.93217" lon="3.02414">
				<ele>942.34</ele>
				<time>2026-05-28T17:41:53.507Z</time>
			</trkpt>
			<trkpt lat="44.9323" lon="3.0243">
				<ele>943.9</ele>
				<time>2026-05-28T17:41:54.547Z</time>
			</trkpt>
			<trkpt lat="44.93288" lon="3.02463">
				<ele>942.57</ele>
				<time>2026-05-28T17:41:58.279Z</time>
			</trkpt>
			<trkpt lat="44.93301" lon="3.02473">
				<ele>940.83</ele>
				<time>2026-05-28T17:41:59.154Z</time>
			</trkpt>
			<trkpt lat="44.93358" lon="3.02532">
				<ele>939.77</ele>
				<time>2026-05-28T17:42:03.289Z</time>
			</trkpt>
			<trkpt lat="44.93539" lon="3.02706">
				<ele>933.43</ele>
				<time>2026-05-28T17:42:15.743Z</time>
			</trkpt>
			<trkpt lat="44.93545" lon="3.0271">
				<ele>933.66</ele>
				<time>2026-05-28T17:42:16.114Z</time>
			</trkpt>
			<trkpt lat="44.9355" lon="3.0271">
				<ele>934.34</ele>
				<time>2026-05-28T17:42:16.393Z</time>
			</trkpt>
			<trkpt lat="44.93557" lon="3.02707">
				<ele>935.43</ele>
				<time>2026-05-28T17:42:16.801Z</time>
			</trkpt>
			<trkpt lat="44.93561" lon="3.02702">
				<ele>935.64</ele>
				<time>2026-05-28T17:42:17.099Z</time>
			</trkpt>
			<trkpt lat="44.93564" lon="3.02693">
				<ele>936.4</ele>
				<time>2026-05-28T17:42:17.491Z</time>
			</trkpt>
			<trkpt lat="44.93578" lon="3.02638">
				<ele>935.16</ele>
				<time>2026-05-28T17:42:19.789Z</time>
			</trkpt>
			<trkpt lat="44.93584" lon="3.02621">
				<ele>933.69</ele>
				<time>2026-05-28T17:42:20.534Z</time>
			</trkpt>
			<trkpt lat="44.93592" lon="3.02606">
				<ele>932.13</ele>
				<time>2026-05-28T17:42:21.269Z</time>
			</trkpt>
			<trkpt lat="44.93597" lon="3.02602">
				<ele>931.17</ele>
				<time>2026-05-28T17:42:21.587Z</time>
			</trkpt>
			<trkpt lat="44.93609" lon="3.02599">
				<ele>928.77</ele>
				<time>2026-05-28T17:42:22.260Z</time>
			</trkpt>
			<trkpt lat="44.9362" lon="3.02609">
				<ele>928.04</ele>
				<time>2026-05-28T17:42:22.981Z</time>
			</trkpt>
			<trkpt lat="44.93627" lon="3.02622">
				<ele>927.82</ele>
				<time>2026-05-28T17:42:23.618Z</time>
			</trkpt>
			<trkpt lat="44.93632" lon="3.02636">
				<ele>927.78</ele>
				<time>2026-05-28T17:42:24.230Z</time>
			</trkpt>
			<trkpt lat="44.93653" lon="3.02713">
				<ele>933.16</ele>
				<time>2026-05-28T17:42:27.439Z</time>
			</trkpt>
			<trkpt lat="44.93668" lon="3.02772">
				<ele>929.86</ele>
				<time>2026-05-28T17:42:29.872Z</time>
			</trkpt>
			<trkpt lat="44.93674" lon="3.0279">
				<ele>928.87</ele>
				<time>2026-05-28T17:42:30.643Z</time>
			</trkpt>
			<trkpt lat="44.93693" lon="3.02834">
				<ele>928.71</ele>
				<time>2026-05-28T17:42:32.641Z</time>
			</trkpt>
			<trkpt lat="44.93705" lon="3.02851">
				<ele>932.04</ele>
				<time>2026-05-28T17:42:33.571Z</time>
			</trkpt>
			<trkpt lat="44.93713" lon="3.02855">
				<ele>934.44</ele>
				<time>2026-05-28T17:42:34.036Z</time>
			</trkpt>
			<trkpt lat="44.93733" lon="3.02861">
				<ele>938.64</ele>
				<time>2026-05-28T17:42:35.155Z</time>
			</trkpt>
			<trkpt lat="44.93753" lon="3.02863">
				<ele>941.34</ele>
				<time>2026-05-28T17:42:36.253Z</time>
			</trkpt>
			<trkpt lat="44.9376" lon="3.02866">
				<ele>942.32</ele>
				<time>2026-05-28T17:42:36.654Z</time>
			</trkpt>
			<trkpt lat="44.93773" lon="3.02879">
				<ele>943.24</ele>
				<time>2026-05-28T17:42:37.527Z</time>
			</trkpt>
			<trkpt lat="44.93779" lon="3.02887">
				<ele>943.48</ele>
				<time>2026-05-28T17:42:37.979Z</time>
			</trkpt>
			<trkpt lat="44.93785" lon="3.029">
				<ele>943.26</ele>
				<time>2026-05-28T17:42:38.581Z</time>
			</trkpt>
			<trkpt lat="44.93795" lon="3.02935">
				<ele>942.21</ele>
				<time>2026-05-28T17:42:40.048Z</time>
			</trkpt>
			<trkpt lat="44.93801" lon="3.02989">
				<ele>941.03</ele>
				<time>2026-05-28T17:42:42.176Z</time>
			</trkpt>
			<trkpt lat="44.9381" lon="3.03024">
				<ele>942.84</ele>
				<time>2026-05-28T17:42:43.629Z</time>
			</trkpt>
			<trkpt lat="44.93811" lon="3.03036">
				<ele>942.48</ele>
				<time>2026-05-28T17:42:44.101Z</time>
			</trkpt>
			<trkpt lat="44.93811" lon="3.03065">
				<ele>941.03</ele>
				<time>2026-05-28T17:42:45.235Z</time>
			</trkpt>
			<trkpt lat="44.93808" lon="3.03095">
				<ele>940.51</ele>
				<time>2026-05-28T17:42:46.423Z</time>
			</trkpt>
			<trkpt lat="44.93772" lon="3.03251">
				<ele>942.2</ele>
				<time>2026-05-28T17:42:52.905Z</time>
			</trkpt>
			<trkpt lat="44.93741" lon="3.03322">
				<ele>937.96</ele>
				<time>2026-05-28T17:42:56.242Z</time>
			</trkpt>
			<trkpt lat="44.93735" lon="3.03342">
				<ele>937.17</ele>
				<time>2026-05-28T17:42:57.117Z</time>
			</trkpt>
			<trkpt lat="44.93732" lon="3.03358">
				<ele>936.79</ele>
				<time>2026-05-28T17:42:57.784Z</time>
			</trkpt>
			<trkpt lat="44.93719" lon="3.03499">
				<ele>937.8</ele>
				<time>2026-05-28T17:43:03.584Z</time>
			</trkpt>
			<trkpt lat="44.93723" lon="3.03538">
				<ele>937.84</ele>
				<time>2026-05-28T17:43:05.214Z</time>
			</trkpt>
			<trkpt lat="44.93749" lon="3.03646">
				<ele>940.41</ele>
				<time>2026-05-28T17:43:09.991Z</time>
			</trkpt>
			<trkpt lat="44.93753" lon="3.03671">
				<ele>940.48</ele>
				<time>2026-05-28T17:43:11.077Z</time>
			</trkpt>
			<trkpt lat="44.93759" lon="3.03779">
				<ele>941.05</ele>
				<time>2026-05-28T17:43:15.729Z</time>
			</trkpt>
			<trkpt lat="44.9376" lon="3.03835">
				<ele>941.04</ele>
				<time>2026-05-28T17:43:18.174Z</time>
			</trkpt>
			<trkpt lat="44.93759" lon="3.03849">
				<ele>941.38</ele>
				<time>2026-05-28T17:43:18.793Z</time>
			</trkpt>
			<trkpt lat="44.93753" lon="3.03881">
				<ele>943.51</ele>
				<time>2026-05-28T17:43:20.256Z</time>
			</trkpt>
			<trkpt lat="44.93722" lon="3.03961">
				<ele>947.61</ele>
				<time>2026-05-28T17:43:24.342Z</time>
			</trkpt>
			<trkpt lat="44.93711" lon="3.04002">
				<ele>949.83</ele>
				<time>2026-05-28T17:43:26.337Z</time>
			</trkpt>
			<trkpt lat="44.93702" lon="3.04057">
				<ele>954.75</ele>
				<time>2026-05-28T17:43:28.935Z</time>
			</trkpt>
			<trkpt lat="44.93694" lon="3.04071">
				<ele>955.13</ele>
				<time>2026-05-28T17:43:29.771Z</time>
			</trkpt>
			<trkpt lat="44.93688" lon="3.04076">
				<ele>955.54</ele>
				<time>2026-05-28T17:43:30.230Z</time>
			</trkpt>
			<trkpt lat="44.93637" lon="3.04093">
				<ele>957.05</ele>
				<time>2026-05-28T17:43:33.716Z</time>
			</trkpt>
			<trkpt lat="44.93627" lon="3.041">
				<ele>957.63</ele>
				<time>2026-05-28T17:43:34.467Z</time>
			</trkpt>
			<trkpt lat="44.93618" lon="3.04109">
				<ele>958.45</ele>
				<time>2026-05-28T17:43:35.212Z</time>
			</trkpt>
			<trkpt lat="44.93609" lon="3.0412">
				<ele>959.89</ele>
				<time>2026-05-28T17:43:36.019Z</time>
			</trkpt>
			<trkpt lat="44.93579" lon="3.04167">
				<ele>965.21</ele>
				<time>2026-05-28T17:43:39.090Z</time>
			</trkpt>
			<trkpt lat="44.93569" lon="3.04182">
				<ele>966.35</ele>
				<time>2026-05-28T17:43:40.101Z</time>
			</trkpt>
			<trkpt lat="44.93565" lon="3.04193">
				<ele>966.93</ele>
				<time>2026-05-28T17:43:40.711Z</time>
			</trkpt>
			<trkpt lat="44.93562" lon="3.04206">
				<ele>967.44</ele>
				<time>2026-05-28T17:43:41.387Z</time>
			</trkpt>
			<trkpt lat="44.9356" lon="3.04234">
				<ele>968.54</ele>
				<time>2026-05-28T17:43:42.787Z</time>
			</trkpt>
			<trkpt lat="44.93579" lon="3.0425">
				<ele>969.86</ele>
				<time>2026-05-28T17:43:44.354Z</time>
			</trkpt>
			<trkpt lat="44.93579" lon="3.04259">
				<ele>970.13</ele>
				<time>2026-05-28T17:43:44.807Z</time>
			</trkpt>
			<trkpt lat="44.93581" lon="3.0427">
				<ele>970.63</ele>
				<time>2026-05-28T17:43:45.382Z</time>
			</trkpt>
			<trkpt lat="44.93587" lon="3.04293">
				<ele>971</ele>
				<time>2026-05-28T17:43:46.627Z</time>
			</trkpt>
			<trkpt lat="44.93595" lon="3.04315">
				<ele>971.33</ele>
				<time>2026-05-28T17:43:47.893Z</time>
			</trkpt>
			<trkpt lat="44.93598" lon="3.04339">
				<ele>972.42</ele>
				<time>2026-05-28T17:43:49.148Z</time>
			</trkpt>
			<trkpt lat="44.93593" lon="3.04379">
				<ele>974.41</ele>
				<time>2026-05-28T17:43:51.260Z</time>
			</trkpt>
			<trkpt lat="44.93544" lon="3.04631">
				<ele>992.66</ele>
				<time>2026-05-28T17:44:05.465Z</time>
			</trkpt>
			<trkpt lat="44.93535" lon="3.04685">
				<ele>995.93</ele>
				<time>2026-05-28T17:44:08.627Z</time>
			</trkpt>
			<trkpt lat="44.93534" lon="3.04715">
				<ele>996.18</ele>
				<time>2026-05-28T17:44:10.361Z</time>
			</trkpt>
			<trkpt lat="44.93535" lon="3.04742">
				<ele>995.39</ele>
				<time>2026-05-28T17:44:11.935Z</time>
			</trkpt>
			<trkpt lat="44.93539" lon="3.04757">
				<ele>995.28</ele>
				<time>2026-05-28T17:44:12.875Z</time>
			</trkpt>
			<trkpt lat="44.93547" lon="3.04769">
				<ele>995.61</ele>
				<time>2026-05-28T17:44:13.847Z</time>
			</trkpt>
			<trkpt lat="44.93558" lon="3.04778">
				<ele>995.81</ele>
				<time>2026-05-28T17:44:14.910Z</time>
			</trkpt>
			<trkpt lat="44.93573" lon="3.04779">
				<ele>995.19</ele>
				<time>2026-05-28T17:44:16.175Z</time>
			</trkpt>
			<trkpt lat="44.93595" lon="3.04773">
				<ele>994.03</ele>
				<time>2026-05-28T17:44:18.077Z</time>
			</trkpt>
			<trkpt lat="44.93632" lon="3.04747">
				<ele>992.21</ele>
				<time>2026-05-28T17:44:21.936Z</time>
			</trkpt>
			<trkpt lat="44.93674" lon="3.04712">
				<ele>990.99</ele>
				<time>2026-05-28T17:44:26.488Z</time>
			</trkpt>
			<trkpt lat="44.93719" lon="3.04682">
				<ele>988.75</ele>
				<time>2026-05-28T17:44:31.079Z</time>
			</trkpt>
			<trkpt lat="44.93775" lon="3.04658">
				<ele>988.95</ele>
				<time>2026-05-28T17:44:36.431Z</time>
			</trkpt>
			<trkpt lat="44.93808" lon="3.04654">
				<ele>987</ele>
				<time>2026-05-28T17:44:39.437Z</time>
			</trkpt>
			<trkpt lat="44.93839" lon="3.04656">
				<ele>985.05</ele>
				<time>2026-05-28T17:44:42.240Z</time>
			</trkpt>
			<trkpt lat="44.93862" lon="3.04665">
				<ele>980.42</ele>
				<time>2026-05-28T17:44:44.386Z</time>
			</trkpt>
			<trkpt lat="44.939" lon="3.04689">
				<ele>975.14</ele>
				<time>2026-05-28T17:44:48.110Z</time>
			</trkpt>
			<trkpt lat="44.93956" lon="3.04735">
				<ele>970.63</ele>
				<time>2026-05-28T17:44:53.857Z</time>
			</trkpt>
			<trkpt lat="44.94022" lon="3.04767">
				<ele>968.23</ele>
				<time>2026-05-28T17:44:59.985Z</time>
			</trkpt>
			<trkpt lat="44.94038" lon="3.04771">
				<ele>967.42</ele>
				<time>2026-05-28T17:45:01.403Z</time>
			</trkpt>
			<trkpt lat="44.94053" lon="3.04772">
				<ele>966.34</ele>
				<time>2026-05-28T17:45:02.710Z</time>
			</trkpt>
			<trkpt lat="44.94101" lon="3.04772">
				<ele>964.47</ele>
				<time>2026-05-28T17:45:06.868Z</time>
			</trkpt>
			<trkpt lat="44.94169" lon="3.04766">
				<ele>959.02</ele>
				<time>2026-05-28T17:45:12.721Z</time>
			</trkpt>
			<trkpt lat="44.94199" lon="3.04752">
				<ele>958.34</ele>
				<time>2026-05-28T17:45:15.416Z</time>
			</trkpt>
			<trkpt lat="44.94228" lon="3.04735">
				<ele>959.05</ele>
				<time>2026-05-28T17:45:18.082Z</time>
			</trkpt>
			<trkpt lat="44.94255" lon="3.04713">
				<ele>959.52</ele>
				<time>2026-05-28T17:45:20.717Z</time>
			</trkpt>
			<trkpt lat="44.94286" lon="3.04659">
				<ele>962.76</ele>
				<time>2026-05-28T17:45:24.854Z</time>
			</trkpt>
			<trkpt lat="44.94325" lon="3.04584">
				<ele>966.51</ele>
				<time>2026-05-28T17:45:30.349Z</time>
			</trkpt>
			<trkpt lat="44.94345" lon="3.04551">
				<ele>967.34</ele>
				<time>2026-05-28T17:45:32.897Z</time>
			</trkpt>
			<trkpt lat="44.9436" lon="3.04533">
				<ele>965.86</ele>
				<time>2026-05-28T17:45:34.523Z</time>
			</trkpt>
			<trkpt lat="44.94377" lon="3.04519">
				<ele>965.59</ele>
				<time>2026-05-28T17:45:36.144Z</time>
			</trkpt>
			<trkpt lat="44.94397" lon="3.0451">
				<ele>966.26</ele>
				<time>2026-05-28T17:45:37.869Z</time>
			</trkpt>
			<trkpt lat="44.94442" lon="3.04495">
				<ele>969.14</ele>
				<time>2026-05-28T17:45:41.653Z</time>
			</trkpt>
			<trkpt lat="44.94466" lon="3.0449">
				<ele>968.94</ele>
				<time>2026-05-28T17:45:43.629Z</time>
			</trkpt>
			<trkpt lat="44.94488" lon="3.0449">
				<ele>966.92</ele>
				<time>2026-05-28T17:45:45.416Z</time>
			</trkpt>
			<trkpt lat="44.94508" lon="3.04488">
				<ele>965.3</ele>
				<time>2026-05-28T17:45:47.041Z</time>
			</trkpt>
			<trkpt lat="44.94523" lon="3.04483">
				<ele>964.26</ele>
				<time>2026-05-28T17:45:48.287Z</time>
			</trkpt>
			<trkpt lat="44.94542" lon="3.04472">
				<ele>963.36</ele>
				<time>2026-05-28T17:45:49.943Z</time>
			</trkpt>
			<trkpt lat="44.94603" lon="3.0442">
				<ele>954.1</ele>
				<time>2026-05-28T17:45:55.659Z</time>
			</trkpt>
			<trkpt lat="44.94635" lon="3.0438">
				<ele>953.34</ele>
				<time>2026-05-28T17:45:59.065Z</time>
			</trkpt>
			<trkpt lat="44.94649" lon="3.04366">
				<ele>954.79</ele>
				<time>2026-05-28T17:46:00.427Z</time>
			</trkpt>
			<trkpt lat="44.94658" lon="3.04361">
				<ele>955.23</ele>
				<time>2026-05-28T17:46:01.195Z</time>
			</trkpt>
			<trkpt lat="44.94671" lon="3.04357">
				<ele>954.72</ele>
				<time>2026-05-28T17:46:02.249Z</time>
			</trkpt>
			<trkpt lat="44.94751" lon="3.04352">
				<ele>944.33</ele>
				<time>2026-05-28T17:46:08.560Z</time>
			</trkpt>
			<trkpt lat="44.94777" lon="3.04353">
				<ele>941.62</ele>
				<time>2026-05-28T17:46:10.599Z</time>
			</trkpt>
			<trkpt lat="44.94835" lon="3.04368">
				<ele>937.62</ele>
				<time>2026-05-28T17:46:15.200Z</time>
			</trkpt>
			<trkpt lat="44.94883" lon="3.04363">
				<ele>936.74</ele>
				<time>2026-05-28T17:46:18.936Z</time>
			</trkpt>
			<trkpt lat="44.94919" lon="3.04366">
				<ele>935.68</ele>
				<time>2026-05-28T17:46:21.723Z</time>
			</trkpt>
			<trkpt lat="44.94953" lon="3.04377">
				<ele>932.37</ele>
				<time>2026-05-28T17:46:24.411Z</time>
			</trkpt>
			<trkpt lat="44.95004" lon="3.04407">
				<ele>923.85</ele>
				<time>2026-05-28T17:46:28.649Z</time>
			</trkpt>
			<trkpt lat="44.95051" lon="3.04431">
				<ele>916.5</ele>
				<time>2026-05-28T17:46:32.466Z</time>
			</trkpt>
			<trkpt lat="44.95059" lon="3.04431">
				<ele>915.52</ele>
				<time>2026-05-28T17:46:33.076Z</time>
			</trkpt>
			<trkpt lat="44.95069" lon="3.04426">
				<ele>915.05</ele>
				<time>2026-05-28T17:46:33.883Z</time>
			</trkpt>
			<trkpt lat="44.95118" lon="3.04381">
				<ele>917.03</ele>
				<time>2026-05-28T17:46:38.319Z</time>
			</trkpt>
			<trkpt lat="44.95131" lon="3.04375">
				<ele>916.99</ele>
				<time>2026-05-28T17:46:39.354Z</time>
			</trkpt>
			<trkpt lat="44.95221" lon="3.04373">
				<ele>905.04</ele>
				<time>2026-05-28T17:46:46.141Z</time>
			</trkpt>
			<trkpt lat="44.95235" lon="3.04359">
				<ele>905.47</ele>
				<time>2026-05-28T17:46:47.429Z</time>
			</trkpt>
			<trkpt lat="44.9525" lon="3.04327">
				<ele>905.6</ele>
				<time>2026-05-28T17:46:49.465Z</time>
			</trkpt>
			<trkpt lat="44.9526" lon="3.0429">
				<ele>906.43</ele>
				<time>2026-05-28T17:46:51.563Z</time>
			</trkpt>
			<trkpt lat="44.95264" lon="3.04248">
				<ele>906.41</ele>
				<time>2026-05-28T17:46:53.803Z</time>
			</trkpt>
			<trkpt lat="44.9527" lon="3.04236">
				<ele>904.68</ele>
				<time>2026-05-28T17:46:54.579Z</time>
			</trkpt>
			<trkpt lat="44.95282" lon="3.04225">
				<ele>903.82</ele>
				<time>2026-05-28T17:46:55.645Z</time>
			</trkpt>
			<trkpt lat="44.95298" lon="3.04225">
				<ele>903.94</ele>
				<time>2026-05-28T17:46:56.837Z</time>
			</trkpt>
			<trkpt lat="44.95305" lon="3.04232">
				<ele>903.98</ele>
				<time>2026-05-28T17:46:57.475Z</time>
			</trkpt>
			<trkpt lat="44.95308" lon="3.04246">
				<ele>905.08</ele>
				<time>2026-05-28T17:46:58.245Z</time>
			</trkpt>
			<trkpt lat="44.95309" lon="3.04274">
				<ele>905.6</ele>
				<time>2026-05-28T17:46:59.719Z</time>
			</trkpt>
			<trkpt lat="44.95308" lon="3.04411">
				<ele>908.27</ele>
				<time>2026-05-28T17:47:06.900Z</time>
			</trkpt>
			<trkpt lat="44.95305" lon="3.04437">
				<ele>909.14</ele>
				<time>2026-05-28T17:47:08.276Z</time>
			</trkpt>
			<trkpt lat="44.95298" lon="3.04468">
				<ele>912.92</ele>
				<time>2026-05-28T17:47:09.975Z</time>
			</trkpt>
			<trkpt lat="44.95289" lon="3.04489">
				<ele>914.59</ele>
				<time>2026-05-28T17:47:11.255Z</time>
			</trkpt>
			<trkpt lat="44.95277" lon="3.04507">
				<ele>914.36</ele>
				<time>2026-05-28T17:47:12.544Z</time>
			</trkpt>
			<trkpt lat="44.95261" lon="3.04524">
				<ele>913.95</ele>
				<time>2026-05-28T17:47:14.016Z</time>
			</trkpt>
			<trkpt lat="44.95242" lon="3.04532">
				<ele>912.11</ele>
				<time>2026-05-28T17:47:15.474Z</time>
			</trkpt>
			<trkpt lat="44.95226" lon="3.04535">
				<ele>910.25</ele>
				<time>2026-05-28T17:47:16.659Z</time>
			</trkpt>
			<trkpt lat="44.95214" lon="3.0455">
				<ele>911.61</ele>
				<time>2026-05-28T17:47:17.835Z</time>
			</trkpt>
			<trkpt lat="44.95207" lon="3.04569">
				<ele>914.55</ele>
				<time>2026-05-28T17:47:18.947Z</time>
			</trkpt>
			<trkpt lat="44.95206" lon="3.04621">
				<ele>921.67</ele>
				<time>2026-05-28T17:47:21.645Z</time>
			</trkpt>
			<trkpt lat="44.95209" lon="3.04658">
				<ele>923.53</ele>
				<time>2026-05-28T17:47:23.575Z</time>
			</trkpt>
			<trkpt lat="44.95214" lon="3.04691">
				<ele>924.96</ele>
				<time>2026-05-28T17:47:25.321Z</time>
			</trkpt>
			<trkpt lat="44.95223" lon="3.04724">
				<ele>926.06</ele>
				<time>2026-05-28T17:47:27.151Z</time>
			</trkpt>
			<trkpt lat="44.95237" lon="3.04755">
				<ele>927.12</ele>
				<time>2026-05-28T17:47:29.051Z</time>
			</trkpt>
			<trkpt lat="44.9525" lon="3.04773">
				<ele>928.04</ele>
				<time>2026-05-28T17:47:30.380Z</time>
			</trkpt>
			<trkpt lat="44.95263" lon="3.0478">
				<ele>929.32</ele>
				<time>2026-05-28T17:47:31.395Z</time>
			</trkpt>
			<trkpt lat="44.9528" lon="3.04783">
				<ele>932.13</ele>
				<time>2026-05-28T17:47:32.644Z</time>
			</trkpt>
			<trkpt lat="44.95296" lon="3.04779">
				<ele>933.26</ele>
				<time>2026-05-28T17:47:33.829Z</time>
			</trkpt>
			<trkpt lat="44.95311" lon="3.0477">
				<ele>934.6</ele>
				<time>2026-05-28T17:47:35.017Z</time>
			</trkpt>
			<trkpt lat="44.95321" lon="3.04757">
				<ele>935.59</ele>
				<time>2026-05-28T17:47:36.006Z</time>
			</trkpt>
			<trkpt lat="44.95328" lon="3.04738">
				<ele>937.25</ele>
				<time>2026-05-28T17:47:37.111Z</time>
			</trkpt>
			<trkpt lat="44.95356" lon="3.04688">
				<ele>939.52</ele>
				<time>2026-05-28T17:47:40.395Z</time>
			</trkpt>
			<trkpt lat="44.95369" lon="3.04672">
				<ele>938.91</ele>
				<time>2026-05-28T17:47:41.650Z</time>
			</trkpt>
			<trkpt lat="44.95476" lon="3.04566">
				<ele>946.01</ele>
				<time>2026-05-28T17:47:51.151Z</time>
			</trkpt>
			<trkpt lat="44.95522" lon="3.04525">
				<ele>948.98</ele>
				<time>2026-05-28T17:47:55.103Z</time>
			</trkpt>
			<trkpt lat="44.95624" lon="3.04417">
				<ele>960.84</ele>
				<time>2026-05-28T17:48:04.369Z</time>
			</trkpt>
			<trkpt lat="44.95653" lon="3.04378">
				<ele>966.67</ele>
				<time>2026-05-28T17:48:07.281Z</time>
			</trkpt>
			<trkpt lat="44.95716" lon="3.04248">
				<ele>971.67</ele>
				<time>2026-05-28T17:48:15.404Z</time>
			</trkpt>
			<trkpt lat="44.95732" lon="3.04223">
				<ele>974.1</ele>
				<time>2026-05-28T17:48:17.144Z</time>
			</trkpt>
			<trkpt lat="44.9575" lon="3.04204">
				<ele>976.01</ele>
				<time>2026-05-28T17:48:18.784Z</time>
			</trkpt>
			<trkpt lat="44.95767" lon="3.04192">
				<ele>976.52</ele>
				<time>2026-05-28T17:48:20.172Z</time>
			</trkpt>
			<trkpt lat="44.95832" lon="3.04145">
				<ele>978.11</ele>
				<time>2026-05-28T17:48:25.513Z</time>
			</trkpt>
			<trkpt lat="44.95851" lon="3.04135">
				<ele>980.25</ele>
				<time>2026-05-28T17:48:26.999Z</time>
			</trkpt>
			<trkpt lat="44.95861" lon="3.04133">
				<ele>981.3</ele>
				<time>2026-05-28T17:48:27.739Z</time>
			</trkpt>
			<trkpt lat="44.95949" lon="3.04156">
				<ele>986.08</ele>
				<time>2026-05-28T17:48:34.312Z</time>
			</trkpt>
			<trkpt lat="44.96009" lon="3.04168">
				<ele>989.15</ele>
				<time>2026-05-28T17:48:38.777Z</time>
			</trkpt>
			<trkpt lat="44.96047" lon="3.04173">
				<ele>989.09</ele>
				<time>2026-05-28T17:48:41.596Z</time>
			</trkpt>
			<trkpt lat="44.96122" lon="3.04177">
				<ele>994.36</ele>
				<time>2026-05-28T17:48:47.156Z</time>
			</trkpt>
			<trkpt lat="44.96177" lon="3.04176">
				<ele>997.34</ele>
				<time>2026-05-28T17:48:51.246Z</time>
			</trkpt>
			<trkpt lat="44.96206" lon="3.04181">
				<ele>998.17</ele>
				<time>2026-05-28T17:48:53.424Z</time>
			</trkpt>
			<trkpt lat="44.96304" lon="3.04208">
				<ele>1000.03</ele>
				<time>2026-05-28T17:49:00.900Z</time>
			</trkpt>
			<trkpt lat="44.96327" lon="3.0421">
				<ele>1000.77</ele>
				<time>2026-05-28T17:49:02.632Z</time>
			</trkpt>
			<trkpt lat="44.96389" lon="3.0421">
				<ele>1004.62</ele>
				<time>2026-05-28T17:49:07.309Z</time>
			</trkpt>
			<trkpt lat="44.96557" lon="3.04203">
				<ele>1010.03</ele>
				<time>2026-05-28T17:49:20.104Z</time>
			</trkpt>
			<trkpt lat="44.96589" lon="3.04195">
				<ele>1010.74</ele>
				<time>2026-05-28T17:49:22.599Z</time>
			</trkpt>
			<trkpt lat="44.96626" lon="3.04173">
				<ele>1010</ele>
				<time>2026-05-28T17:49:25.691Z</time>
			</trkpt>
			<trkpt lat="44.967" lon="3.04123">
				<ele>1010.77</ele>
				<time>2026-05-28T17:49:32.047Z</time>
			</trkpt>
			<trkpt lat="44.97001" lon="3.03922">
				<ele>1011.95</ele>
				<time>2026-05-28T17:49:58.413Z</time>
			</trkpt>
			<trkpt lat="44.97038" lon="3.03907">
				<ele>1011.13</ele>
				<time>2026-05-28T17:50:01.527Z</time>
			</trkpt>
			<trkpt lat="44.9709" lon="3.03904">
				<ele>1014.73</ele>
				<time>2026-05-28T17:50:05.761Z</time>
			</trkpt>
			<trkpt lat="44.97105" lon="3.03902">
				<ele>1015.28</ele>
				<time>2026-05-28T17:50:06.992Z</time>
			</trkpt>
			<trkpt lat="44.97117" lon="3.03898">
				<ele>1015.04</ele>
				<time>2026-05-28T17:50:08.000Z</time>
			</trkpt>
			<trkpt lat="44.97134" lon="3.03885">
				<ele>1014.26</ele>
				<time>2026-05-28T17:50:09.585Z</time>
			</trkpt>
			<trkpt lat="44.97252" lon="3.03756">
				<ele>1012.67</ele>
				<time>2026-05-28T17:50:21.952Z</time>
			</trkpt>
			<trkpt lat="44.97272" lon="3.03738">
				<ele>1012.17</ele>
				<time>2026-05-28T17:50:23.940Z</time>
			</trkpt>
			<trkpt lat="44.97308" lon="3.03716">
				<ele>1010.05</ele>
				<time>2026-05-28T17:50:27.243Z</time>
			</trkpt>
			<trkpt lat="44.9734" lon="3.03697">
				<ele>1008.73</ele>
				<time>2026-05-28T17:50:30.182Z</time>
			</trkpt>
			<trkpt lat="44.97378" lon="3.0368">
				<ele>1007.27</ele>
				<time>2026-05-28T17:50:33.574Z</time>
			</trkpt>
			<trkpt lat="44.97458" lon="3.03627">
				<ele>1004.91</ele>
				<time>2026-05-28T17:50:41.163Z</time>
			</trkpt>
			<trkpt lat="44.97473" lon="3.03642">
				<ele>1004</ele>
				<time>2026-05-28T17:50:42.753Z</time>
			</trkpt>
			<trkpt lat="44.97545" lon="3.0359">
				<ele>1004</ele>
				<time>2026-05-28T17:50:49.804Z</time>
			</trkpt>
			<trkpt lat="44.97591" lon="3.03564">
				<ele>1004.84</ele>
				<time>2026-05-28T17:50:54.167Z</time>
			</trkpt>
			<trkpt lat="44.97639" lon="3.03533">
				<ele>1006</ele>
				<time>2026-05-28T17:50:58.851Z</time>
			</trkpt>
			<trkpt lat="44.97655" lon="3.03524">
				<ele>1006.13</ele>
				<time>2026-05-28T17:51:00.388Z</time>
			</trkpt>
			<trkpt lat="44.97727" lon="3.035">
				<ele>1005.2</ele>
				<time>2026-05-28T17:51:07.037Z</time>
			</trkpt>
			<trkpt lat="44.9774" lon="3.03489">
				<ele>1005.27</ele>
				<time>2026-05-28T17:51:08.409Z</time>
			</trkpt>
			<trkpt lat="44.97774" lon="3.03427">
				<ele>1006</ele>
				<time>2026-05-28T17:51:13.461Z</time>
			</trkpt>
			<trkpt lat="44.97783" lon="3.03406">
				<ele>1005.26</ele>
				<time>2026-05-28T17:51:15.052Z</time>
			</trkpt>
			<trkpt lat="44.97789" lon="3.03372">
				<ele>1004.56</ele>
				<time>2026-05-28T17:51:17.329Z</time>
			</trkpt>
			<trkpt lat="44.97792" lon="3.03327">
				<ele>1003.79</ele>
				<time>2026-05-28T17:51:20.281Z</time>
			</trkpt>
			<trkpt lat="44.97796" lon="3.03303">
				<ele>1003.05</ele>
				<time>2026-05-28T17:51:21.898Z</time>
			</trkpt>
			<trkpt lat="44.97825" lon="3.03248">
				<ele>1006</ele>
				<time>2026-05-28T17:51:26.576Z</time>
			</trkpt>
			<trkpt lat="44.97867" lon="3.03176">
				<ele>1007.07</ele>
				<time>2026-05-28T17:51:32.249Z</time>
			</trkpt>
			<trkpt lat="44.97878" lon="3.03161">
				<ele>1007</ele>
				<time>2026-05-28T17:51:33.464Z</time>
			</trkpt>
			<trkpt lat="44.97918" lon="3.03117">
				<ele>1005.98</ele>
				<time>2026-05-28T17:51:37.252Z</time>
			</trkpt>
			<trkpt lat="44.97938" lon="3.0309">
				<ele>1006.73</ele>
				<time>2026-05-28T17:51:39.172Z</time>
			</trkpt>
			<trkpt lat="44.9795" lon="3.03068">
				<ele>1007.54</ele>
				<time>2026-05-28T17:51:40.475Z</time>
			</trkpt>
			<trkpt lat="44.97997" lon="3.02922">
				<ele>1008</ele>
				<time>2026-05-28T17:51:47.117Z</time>
			</trkpt>
			<trkpt lat="44.98022" lon="3.02823">
				<ele>1006.29</ele>
				<time>2026-05-28T17:51:50.760Z</time>
			</trkpt>
			<trkpt lat="44.98051" lon="3.02637">
				<ele>1007.27</ele>
				<time>2026-05-28T17:51:56.268Z</time>
			</trkpt>
			<trkpt lat="44.98057" lon="3.02616">
				<ele>1007</ele>
				<time>2026-05-28T17:51:56.850Z</time>
			</trkpt>
			<trkpt lat="44.98064" lon="3.026">
				<ele>1007.38</ele>
				<time>2026-05-28T17:51:57.324Z</time>
			</trkpt>
			<trkpt lat="44.98107" lon="3.02514">
				<ele>1008.92</ele>
				<time>2026-05-28T17:51:59.844Z</time>
			</trkpt>
			<trkpt lat="44.98116" lon="3.02477">
				<ele>1008.17</ele>
				<time>2026-05-28T17:52:00.736Z</time>
			</trkpt>
			<trkpt lat="44.98119" lon="3.02436">
				<ele>1006.91</ele>
				<time>2026-05-28T17:52:01.657Z</time>
			</trkpt>
			<trkpt lat="44.9811" lon="3.02145">
				<ele>1007.77</ele>
				<time>2026-05-28T17:52:08.112Z</time>
			</trkpt>
			<trkpt lat="44.9811" lon="3.02113">
				<ele>1008.89</ele>
				<time>2026-05-28T17:52:08.866Z</time>
			</trkpt>
			<trkpt lat="44.98113" lon="3.02079">
				<ele>1008.07</ele>
				<time>2026-05-28T17:52:09.693Z</time>
			</trkpt>
			<trkpt lat="44.98123" lon="3.02021">
				<ele>1009</ele>
				<time>2026-05-28T17:52:11.195Z</time>
			</trkpt>
			<trkpt lat="44.98155" lon="3.0187">
				<ele>1009.59</ele>
				<time>2026-05-28T17:52:15.642Z</time>
			</trkpt>
			<trkpt lat="44.98169" lon="3.01775">
				<ele>1010.94</ele>
				<time>2026-05-28T17:52:18.831Z</time>
			</trkpt>
			<trkpt lat="44.98175" lon="3.01711">
				<ele>1010.58</ele>
				<time>2026-05-28T17:52:21.187Z</time>
			</trkpt>
			<trkpt lat="44.98242" lon="3.01314">
				<ele>1013.91</ele>
				<time>2026-05-28T17:52:41.879Z</time>
			</trkpt>
			<trkpt lat="44.98249" lon="3.01322">
				<ele>1013.99</ele>
				<time>2026-05-28T17:52:42.719Z</time>
			</trkpt>
			<trkpt lat="44.98256" lon="3.01338">
				<ele>1014.79</ele>
				<time>2026-05-28T17:52:43.987Z</time>
			</trkpt>
			<trkpt lat="44.98249" lon="3.01322">
				<ele>1013.99</ele>
				<time>2026-05-28T17:52:45.286Z</time>
			</trkpt>
			<trkpt lat="44.98242" lon="3.01314">
				<ele>1013.91</ele>
				<time>2026-05-28T17:52:46.181Z</time>
			</trkpt>
			<trkpt lat="44.98251" lon="3.01261">
				<ele>1014.97</ele>
				<time>2026-05-28T17:52:50.182Z</time>
			</trkpt>
			<trkpt lat="44.98256" lon="3.0121">
				<ele>1013.89</ele>
				<time>2026-05-28T17:52:54.215Z</time>
			</trkpt>
			<trkpt lat="44.98255" lon="3.01165">
				<ele>1014.85</ele>
				<time>2026-05-28T17:52:57.952Z</time>
			</trkpt>
			<trkpt lat="44.98251" lon="3.01119">
				<ele>1015.94</ele>
				<time>2026-05-28T17:53:02.011Z</time>
			</trkpt>
			<trkpt lat="44.98242" lon="3.01075">
				<ele>1015.54</ele>
				<time>2026-05-28T17:53:06.243Z</time>
			</trkpt>
			<trkpt lat="44.98227" lon="3.01026">
				<ele>1015.6</ele>
				<time>2026-05-28T17:53:11.462Z</time>
			</trkpt>
			<trkpt lat="44.98136" lon="3.00836">
				<ele>1016.02</ele>
				<time>2026-05-28T17:53:37.686Z</time>
			</trkpt>
			<trkpt lat="44.98105" lon="3.00768">
				<ele>1015.39</ele>
				<time>2026-05-28T17:53:48.520Z</time>
			</trkpt>
			<trkpt lat="44.98068" lon="3.00674">
				<ele>1017.84</ele>
				<time>2026-05-28T17:54:37.474Z</time>
			</trkpt>
			<trkpt lat="44.98045" lon="3.00604">
				<ele>1018.74</ele>
				<time>2026-05-28T17:54:44.455Z</time>
			</trkpt>
			<trkpt lat="44.98017" lon="3.00511">
				<ele>1017.71</ele>
				<time>2026-05-28T17:54:53.389Z</time>
			</trkpt>
			<trkpt lat="44.98001" lon="3.00444">
				<ele>1018.93</ele>
				<time>2026-05-28T17:54:59.503Z</time>
			</trkpt>
			<trkpt lat="44.97974" lon="3.0032">
				<ele>1015.06</ele>
				<time>2026-05-28T17:55:10.431Z</time>
			</trkpt>
			<trkpt lat="44.9792" lon="3.00063">
				<ele>1016.15</ele>
				<time>2026-05-28T17:55:31.864Z</time>
			</trkpt>
			<trkpt lat="44.9791" lon="3.00027">
				<ele>1016</ele>
				<time>2026-05-28T17:55:34.832Z</time>
			</trkpt>
			<trkpt lat="44.97898" lon="2.99998">
				<ele>1016</ele>
				<time>2026-05-28T17:55:37.385Z</time>
			</trkpt>
			<trkpt lat="44.97872" lon="2.99946">
				<ele>1015.09</ele>
				<time>2026-05-28T17:55:42.162Z</time>
			</trkpt>
			<trkpt lat="44.97848" lon="2.99908">
				<ele>1013.52</ele>
				<time>2026-05-28T17:55:45.925Z</time>
			</trkpt>
			<trkpt lat="44.97824" lon="2.99877">
				<ele>1013.32</ele>
				<time>2026-05-28T17:55:49.275Z</time>
			</trkpt>
			<trkpt lat="44.9761" lon="2.99663">
				<ele>1012.13</ele>
				<time>2026-05-28T17:56:14.811Z</time>
			</trkpt>
			<trkpt lat="44.97577" lon="2.99626">
				<ele>1013.63</ele>
				<time>2026-05-28T17:56:18.677Z</time>
			</trkpt>
			<trkpt lat="44.97292" lon="2.99219">
				<ele>1014.58</ele>
				<time>2026-05-28T17:56:52.762Z</time>
			</trkpt>
			<trkpt lat="44.97255" lon="2.99164">
				<ele>1014.1</ele>
				<time>2026-05-28T17:56:56.883Z</time>
			</trkpt>
			<trkpt lat="44.97228" lon="2.99115">
				<ele>1013.96</ele>
				<time>2026-05-28T17:57:00.190Z</time>
			</trkpt>
			<trkpt lat="44.97214" lon="2.99084">
				<ele>1014.28</ele>
				<time>2026-05-28T17:57:02.121Z</time>
			</trkpt>
			<trkpt lat="44.97201" lon="2.99049">
				<ele>1014.63</ele>
				<time>2026-05-28T17:57:04.175Z</time>
			</trkpt>
			<trkpt lat="44.97187" lon="2.99">
				<ele>1013.73</ele>
				<time>2026-05-28T17:57:06.885Z</time>
			</trkpt>
			<trkpt lat="44.97149" lon="2.98859">
				<ele>1013.16</ele>
				<time>2026-05-28T17:57:14.404Z</time>
			</trkpt>
			<trkpt lat="44.97133" lon="2.98812">
				<ele>1013.17</ele>
				<time>2026-05-28T17:57:16.930Z</time>
			</trkpt>
			<trkpt lat="44.97037" lon="2.98603">
				<ele>1020.26</ele>
				<time>2026-05-28T17:57:28.503Z</time>
			</trkpt>
			<trkpt lat="44.96998" lon="2.98523">
				<ele>1019.8</ele>
				<time>2026-05-28T17:57:32.803Z</time>
			</trkpt>
			<trkpt lat="44.96973" lon="2.98468">
				<ele>1019.17</ele>
				<time>2026-05-28T17:57:35.632Z</time>
			</trkpt>
			<trkpt lat="44.96952" lon="2.98417">
				<ele>1021.69</ele>
				<time>2026-05-28T17:57:38.142Z</time>
			</trkpt>
			<trkpt lat="44.96928" lon="2.98346">
				<ele>1023.04</ele>
				<time>2026-05-28T17:57:41.428Z</time>
			</trkpt>
			<trkpt lat="44.96911" lon="2.98281">
				<ele>1020.57</ele>
				<time>2026-05-28T17:57:44.264Z</time>
			</trkpt>
			<trkpt lat="44.96898" lon="2.98206">
				<ele>1019.63</ele>
				<time>2026-05-28T17:57:47.363Z</time>
			</trkpt>
			<trkpt lat="44.96893" lon="2.98156">
				<ele>1021.15</ele>
				<time>2026-05-28T17:57:49.355Z</time>
			</trkpt>
			<trkpt lat="44.96876" lon="2.97901">
				<ele>1022.22</ele>
				<time>2026-05-28T17:57:59.066Z</time>
			</trkpt>
			<trkpt lat="44.96861" lon="2.97835">
				<ele>1024.06</ele>
				<time>2026-05-28T17:58:01.587Z</time>
			</trkpt>
			<trkpt lat="44.96809" lon="2.97673">
				<ele>1022.64</ele>
				<time>2026-05-28T17:58:07.861Z</time>
			</trkpt>
			<trkpt lat="44.96752" lon="2.97529">
				<ele>1022.89</ele>
				<time>2026-05-28T17:58:13.447Z</time>
			</trkpt>
			<trkpt lat="44.967" lon="2.97451">
				<ele>1021.18</ele>
				<time>2026-05-28T17:58:16.965Z</time>
			</trkpt>
			<trkpt lat="44.96659" lon="2.97397">
				<ele>1020</ele>
				<time>2026-05-28T17:58:19.511Z</time>
			</trkpt>
			<trkpt lat="44.96545" lon="2.97247">
				<ele>1019.91</ele>
				<time>2026-05-28T17:58:26.373Z</time>
			</trkpt>
			<trkpt lat="44.96281" lon="2.96895">
				<ele>1016.97</ele>
				<time>2026-05-28T17:58:41.341Z</time>
			</trkpt>
			<trkpt lat="44.96246" lon="2.9685">
				<ele>1016.81</ele>
				<time>2026-05-28T17:58:43.209Z</time>
			</trkpt>
			<trkpt lat="44.96215" lon="2.96817">
				<ele>1015.36</ele>
				<time>2026-05-28T17:58:44.729Z</time>
			</trkpt>
			<trkpt lat="44.96178" lon="2.96792">
				<ele>1014.84</ele>
				<time>2026-05-28T17:58:46.325Z</time>
			</trkpt>
			<trkpt lat="44.96031" lon="2.96718">
				<ele>1012.27</ele>
				<time>2026-05-28T17:58:52.315Z</time>
			</trkpt>
			<trkpt lat="44.95999" lon="2.96707">
				<ele>1012.51</ele>
				<time>2026-05-28T17:58:53.566Z</time>
			</trkpt>
			<trkpt lat="44.95968" lon="2.96706">
				<ele>1011.36</ele>
				<time>2026-05-28T17:58:54.739Z</time>
			</trkpt>
			<trkpt lat="44.9594" lon="2.96714">
				<ele>1009.58</ele>
				<time>2026-05-28T17:58:55.817Z</time>
			</trkpt>
			<trkpt lat="44.9576" lon="2.96795">
				<ele>1007.37</ele>
				<time>2026-05-28T17:59:02.900Z</time>
			</trkpt>
			<trkpt lat="44.95719" lon="2.96806">
				<ele>1007.16</ele>
				<time>2026-05-28T17:59:04.459Z</time>
			</trkpt>
			<trkpt lat="44.95687" lon="2.96806">
				<ele>1008.96</ele>
				<time>2026-05-28T17:59:05.654Z</time>
			</trkpt>
			<trkpt lat="44.95654" lon="2.968">
				<ele>1008.75</ele>
				<time>2026-05-28T17:59:06.896Z</time>
			</trkpt>
			<trkpt lat="44.9562" lon="2.96785">
				<ele>1007.89</ele>
				<time>2026-05-28T17:59:08.227Z</time>
			</trkpt>
			<trkpt lat="44.95427" lon="2.96658">
				<ele>1002.24</ele>
				<time>2026-05-28T17:59:16.226Z</time>
			</trkpt>
			<trkpt lat="44.95395" lon="2.96631">
				<ele>1001.03</ele>
				<time>2026-05-28T17:59:17.640Z</time>
			</trkpt>
			<trkpt lat="44.95375" lon="2.96606">
				<ele>999.67</ele>
				<time>2026-05-28T17:59:18.655Z</time>
			</trkpt>
			<trkpt lat="44.95354" lon="2.96564">
				<ele>999.25</ele>
				<time>2026-05-28T17:59:20.045Z</time>
			</trkpt>
			<trkpt lat="44.95341" lon="2.96525">
				<ele>998.3</ele>
				<time>2026-05-28T17:59:21.215Z</time>
			</trkpt>
			<trkpt lat="44.95335" lon="2.96482">
				<ele>998.09</ele>
				<time>2026-05-28T17:59:22.409Z</time>
			</trkpt>
			<trkpt lat="44.95327" lon="2.96206">
				<ele>996.98</ele>
				<time>2026-05-28T17:59:30.068Z</time>
			</trkpt>
			<trkpt lat="44.95321" lon="2.96151">
				<ele>994.62</ele>
				<time>2026-05-28T17:59:31.644Z</time>
			</trkpt>
			<trkpt lat="44.95312" lon="2.96112">
				<ele>994.5</ele>
				<time>2026-05-28T17:59:32.814Z</time>
			</trkpt>
			<trkpt lat="44.95292" lon="2.96059">
				<ele>994.52</ele>
				<time>2026-05-28T17:59:34.540Z</time>
			</trkpt>
			<trkpt lat="44.95267" lon="2.96015">
				<ele>994</ele>
				<time>2026-05-28T17:59:36.176Z</time>
			</trkpt>
			<trkpt lat="44.95247" lon="2.95991">
				<ele>993.19</ele>
				<time>2026-05-28T17:59:37.259Z</time>
			</trkpt>
			<trkpt lat="44.95224" lon="2.95968">
				<ele>992.41</ele>
				<time>2026-05-28T17:59:38.430Z</time>
			</trkpt>
			<trkpt lat="44.95178" lon="2.95929">
				<ele>991.17</ele>
				<time>2026-05-28T17:59:40.682Z</time>
			</trkpt>
			<trkpt lat="44.9506" lon="2.95831">
				<ele>985.82</ele>
				<time>2026-05-28T17:59:46.572Z</time>
			</trkpt>
			<trkpt lat="44.95025" lon="2.95806">
				<ele>983.91</ele>
				<time>2026-05-28T17:59:48.301Z</time>
			</trkpt>
			<trkpt lat="44.94999" lon="2.95793">
				<ele>985.67</ele>
				<time>2026-05-28T17:59:49.529Z</time>
			</trkpt>
			<trkpt lat="44.94948" lon="2.95779">
				<ele>984.18</ele>
				<time>2026-05-28T17:59:51.869Z</time>
			</trkpt>
			<trkpt lat="44.9492" lon="2.95777">
				<ele>983.99</ele>
				<time>2026-05-28T17:59:53.148Z</time>
			</trkpt>
			<trkpt lat="44.94888" lon="2.95781">
				<ele>983.74</ele>
				<time>2026-05-28T17:59:54.626Z</time>
			</trkpt>
			<trkpt lat="44.94854" lon="2.9579">
				<ele>980.29</ele>
				<time>2026-05-28T17:59:56.235Z</time>
			</trkpt>
			<trkpt lat="44.94753" lon="2.95841">
				<ele>977.25</ele>
				<time>2026-05-28T18:00:01.339Z</time>
			</trkpt>
			<trkpt lat="44.94724" lon="2.95847">
				<ele>976.04</ele>
				<time>2026-05-28T18:00:02.765Z</time>
			</trkpt>
			<trkpt lat="44.94722" lon="2.95878">
				<ele>975.02</ele>
				<time>2026-05-28T18:00:03.847Z</time>
			</trkpt>
			<trkpt lat="44.94722" lon="2.9589">
				<ele>975.05</ele>
				<time>2026-05-28T18:00:04.266Z</time>
			</trkpt>
			<trkpt lat="44.9472" lon="2.959">
				<ele>975.36</ele>
				<time>2026-05-28T18:00:04.630Z</time>
			</trkpt>
			<trkpt lat="44.94711" lon="2.95913">
				<ele>975.86</ele>
				<time>2026-05-28T18:00:05.269Z</time>
			</trkpt>
			<trkpt lat="44.94705" lon="2.95918">
				<ele>976.19</ele>
				<time>2026-05-28T18:00:05.616Z</time>
			</trkpt>
			<trkpt lat="44.94679" lon="2.95925">
				<ele>977.59</ele>
				<time>2026-05-28T18:00:06.943Z</time>
			</trkpt>
			<trkpt lat="44.94675" lon="2.95919">
				<ele>977.08</ele>
				<time>2026-05-28T18:00:07.237Z</time>
			</trkpt>
			<trkpt lat="44.94663" lon="2.95914">
				<ele>976.75</ele>
				<time>2026-05-28T18:00:07.869Z</time>
			</trkpt>
			<trkpt lat="44.94628" lon="2.95909">
				<ele>975.1</ele>
				<time>2026-05-28T18:00:09.663Z</time>
			</trkpt>
			<trkpt lat="44.94607" lon="2.95914">
				<ele>974.11</ele>
				<time>2026-05-28T18:00:10.760Z</time>
			</trkpt>
			<trkpt lat="44.94492" lon="2.95956">
				<ele>967.97</ele>
				<time>2026-05-28T18:00:17.033Z</time>
			</trkpt>
			<trkpt lat="44.94404" lon="2.96004">
				<ele>968.5</ele>
				<time>2026-05-28T18:00:22.214Z</time>
			</trkpt>
			<trkpt lat="44.94367" lon="2.96015">
				<ele>965.96</ele>
				<time>2026-05-28T18:00:24.342Z</time>
			</trkpt>
			<trkpt lat="44.94314" lon="2.96024">
				<ele>964.12</ele>
				<time>2026-05-28T18:00:27.399Z</time>
			</trkpt>
			<trkpt lat="44.94259" lon="2.96029">
				<ele>960.03</ele>
				<time>2026-05-28T18:00:30.513Z</time>
			</trkpt>
			<trkpt lat="44.94233" lon="2.96028">
				<ele>958.76</ele>
				<time>2026-05-28T18:00:31.913Z</time>
			</trkpt>
			<trkpt lat="44.94084" lon="2.95993">
				<ele>957.46</ele>
				<time>2026-05-28T18:00:44.046Z</time>
			</trkpt>
			<trkpt lat="44.94019" lon="2.95969">
				<ele>955.5</ele>
				<time>2026-05-28T18:00:50.959Z</time>
			</trkpt>
			<trkpt lat="44.93926" lon="2.95903">
				<ele>948.08</ele>
				<time>2026-05-28T18:01:03.099Z</time>
			</trkpt>
			<trkpt lat="44.93913" lon="2.95888">
				<ele>947.32</ele>
				<time>2026-05-28T18:01:05.198Z</time>
			</trkpt>
			<trkpt lat="44.93905" lon="2.95871">
				<ele>945.51</ele>
				<time>2026-05-28T18:01:07.034Z</time>
			</trkpt>
			<trkpt lat="44.93883" lon="2.95787">
				<ele>939.57</ele>
				<time>2026-05-28T18:01:15.365Z</time>
			</trkpt>
			<trkpt lat="44.93874" lon="2.95768">
				<ele>938.59</ele>
				<time>2026-05-28T18:01:17.557Z</time>
			</trkpt>
			<trkpt lat="44.93861" lon="2.9575">
				<ele>938.01</ele>
				<time>2026-05-28T18:01:20.052Z</time>
			</trkpt>
			<trkpt lat="44.93818" lon="2.95719">
				<ele>937.65</ele>
				<time>2026-05-28T18:01:26.800Z</time>
			</trkpt>
			<trkpt lat="44.9375" lon="2.95675">
				<ele>934.98</ele>
				<time>2026-05-28T18:01:37.557Z</time>
			</trkpt>
			<trkpt lat="44.93718" lon="2.95652">
				<ele>934.36</ele>
				<time>2026-05-28T18:01:42.816Z</time>
			</trkpt>
			<trkpt lat="44.93738" lon="2.95587">
				<ele>930.92</ele>
				<time>2026-05-28T18:01:50.229Z</time>
			</trkpt>
			<trkpt lat="44.93762" lon="2.95529">
				<ele>929.06</ele>
				<time>2026-05-28T18:01:57.288Z</time>
			</trkpt>
			<trkpt lat="44.93769" lon="2.95504">
				<ele>927.76</ele>
				<time>2026-05-28T18:02:00.114Z</time>
			</trkpt>
			<trkpt lat="44.93765" lon="2.95469">
				<ele>926.8</ele>
				<time>2026-05-28T18:02:03.835Z</time>
			</trkpt>
			<trkpt lat="44.93735" lon="2.95348">
				<ele>916.44</ele>
				<time>2026-05-28T18:02:17.161Z</time>
			</trkpt>
			<trkpt lat="44.9372" lon="2.95274">
				<ele>904.74</ele>
				<time>2026-05-28T18:02:24.988Z</time>
			</trkpt>
			<trkpt lat="44.93705" lon="2.95234">
				<ele>899.83</ele>
				<time>2026-05-28T18:02:29.501Z</time>
			</trkpt>
			<trkpt lat="44.93676" lon="2.95192">
				<ele>890.22</ele>
				<time>2026-05-28T18:02:35.231Z</time>
			</trkpt>
			<trkpt lat="44.93657" lon="2.95182">
				<ele>887.87</ele>
				<time>2026-05-28T18:02:37.972Z</time>
			</trkpt>
			<trkpt lat="44.9364" lon="2.95175">
				<ele>887.37</ele>
				<time>2026-05-28T18:02:40.333Z</time>
			</trkpt>
			<trkpt lat="44.93604" lon="2.9515">
				<ele>884.31</ele>
				<time>2026-05-28T18:02:45.556Z</time>
			</trkpt>
			<trkpt lat="44.93584" lon="2.9514">
				<ele>886.06</ele>
				<time>2026-05-28T18:02:48.243Z</time>
			</trkpt>
			<trkpt lat="44.93585" lon="2.95135">
				<ele>883.78</ele>
				<time>2026-05-28T18:02:48.703Z</time>
			</trkpt>
			<trkpt lat="44.93607" lon="2.95139">
				<ele>879.34</ele>
				<time>2026-05-28T18:02:51.441Z</time>
			</trkpt>
			<trkpt lat="44.93652" lon="2.95134">
				<ele>866.64</ele>
				<time>2026-05-28T18:02:56.717Z</time>
			</trkpt>
			<trkpt lat="44.93673" lon="2.9513">
				<ele>862.27</ele>
				<time>2026-05-28T18:02:59.029Z</time>
			</trkpt>
			<trkpt lat="44.93727" lon="2.95103">
				<ele>852.78</ele>
				<time>2026-05-28T18:03:04.855Z</time>
			</trkpt>
			<trkpt lat="44.93774" lon="2.95068">
				<ele>844.73</ele>
				<time>2026-05-28T18:03:09.842Z</time>
			</trkpt>
			<trkpt lat="44.93794" lon="2.95059">
				<ele>842.51</ele>
				<time>2026-05-28T18:03:11.740Z</time>
			</trkpt>
			<trkpt lat="44.93792" lon="2.95053">
				<ele>841.31</ele>
				<time>2026-05-28T18:03:12.160Z</time>
			</trkpt>
			<trkpt lat="44.93776" lon="2.9505">
				<ele>840.59</ele>
				<time>2026-05-28T18:03:13.597Z</time>
			</trkpt>
			<trkpt lat="44.93772" lon="2.95045">
				<ele>840.19</ele>
				<time>2026-05-28T18:03:14.070Z</time>
			</trkpt>
			<trkpt lat="44.93774" lon="2.95017">
				<ele>840.91</ele>
				<time>2026-05-28T18:03:15.829Z</time>
			</trkpt>
			<trkpt lat="44.93774" lon="2.94983">
				<ele>849.82</ele>
				<time>2026-05-28T18:03:17.950Z</time>
			</trkpt>
			<trkpt lat="44.93762" lon="2.94968">
				<ele>854.56</ele>
				<time>2026-05-28T18:03:19.366Z</time>
			</trkpt>
			<trkpt lat="44.93723" lon="2.94961">
				<ele>856.54</ele>
				<time>2026-05-28T18:03:22.889Z</time>
			</trkpt>
			<trkpt lat="44.93704" lon="2.94961">
				<ele>857.04</ele>
				<time>2026-05-28T18:03:24.631Z</time>
			</trkpt>
			<trkpt lat="44.93689" lon="2.94954">
				<ele>858.26</ele>
				<time>2026-05-28T18:03:26.106Z</time>
			</trkpt>
			<trkpt lat="44.93653" lon="2.94924">
				<ele>856.63</ele>
				<time>2026-05-28T18:03:30.159Z</time>
			</trkpt>
			<trkpt lat="44.93643" lon="2.94909">
				<ele>856.59</ele>
				<time>2026-05-28T18:03:31.636Z</time>
			</trkpt>
			<trkpt lat="44.93618" lon="2.94837">
				<ele>866.21</ele>
				<time>2026-05-28T18:03:37.774Z</time>
			</trkpt>
			<trkpt lat="44.93599" lon="2.9479">
				<ele>874.53</ele>
				<time>2026-05-28T18:03:42.341Z</time>
			</trkpt>
			<trkpt lat="44.93566" lon="2.94751">
				<ele>877.29</ele>
				<time>2026-05-28T18:03:47.965Z</time>
			</trkpt>
			<trkpt lat="44.93562" lon="2.94743">
				<ele>877.48</ele>
				<time>2026-05-28T18:03:48.926Z</time>
			</trkpt>
			<trkpt lat="44.93561" lon="2.94737">
				<ele>877.78</ele>
				<time>2026-05-28T18:03:49.539Z</time>
			</trkpt>
			<trkpt lat="44.93564" lon="2.94729">
				<ele>878.94</ele>
				<time>2026-05-28T18:03:50.451Z</time>
			</trkpt>
			<trkpt lat="44.93556" lon="2.94721">
				<ele>878.3</ele>
				<time>2026-05-28T18:03:51.874Z</time>
			</trkpt>
			<trkpt lat="44.93548" lon="2.94704">
				<ele>876.96</ele>
				<time>2026-05-28T18:03:54.035Z</time>
			</trkpt>
			<trkpt lat="44.9354" lon="2.94677">
				<ele>877.66</ele>
				<time>2026-05-28T18:03:57.270Z</time>
			</trkpt>
			<trkpt lat="44.93539" lon="2.94664">
				<ele>879.12</ele>
				<time>2026-05-28T18:03:58.770Z</time>
			</trkpt>
			<trkpt lat="44.93542" lon="2.94633">
				<ele>882.82</ele>
				<time>2026-05-28T18:04:02.502Z</time>
			</trkpt>
			<trkpt lat="44.93558" lon="2.94582">
				<ele>883.28</ele>
				<time>2026-05-28T18:04:09.688Z</time>
			</trkpt>
			<trkpt lat="44.93562" lon="2.94568">
				<ele>882.67</ele>
				<time>2026-05-28T18:04:11.760Z</time>
			</trkpt>
			<trkpt lat="44.93564" lon="2.94552">
				<ele>882.07</ele>
				<time>2026-05-28T18:04:14.358Z</time>
			</trkpt>
			<trkpt lat="44.93561" lon="2.94529">
				<ele>882.9</ele>
				<time>2026-05-28T18:04:19.062Z</time>
			</trkpt>
			<trkpt lat="44.93558" lon="2.9452">
				<ele>884.49</ele>
				<time>2026-05-28T18:04:21.384Z</time>
			</trkpt>
			<trkpt lat="44.93552" lon="2.94512">
				<ele>886.92</ele>
				<time>2026-05-28T18:04:24.331Z</time>
			</trkpt>
			<trkpt lat="44.93545" lon="2.94508">
				<ele>889.46</ele>
				<time>2026-05-28T18:04:27.232Z</time>
			</trkpt>
			<trkpt lat="44.93538" lon="2.94507">
				<ele>891.46</ele>
				<time>2026-05-28T18:04:30.100Z</time>
			</trkpt>
			<trkpt lat="44.93531" lon="2.94509">
				<ele>892.37</ele>
				<time>2026-05-28T18:04:33.165Z</time>
			</trkpt>
			<trkpt lat="44.93524" lon="2.94515">
				<ele>892.39</ele>
				<time>2026-05-28T18:04:36.859Z</time>
			</trkpt>
			<trkpt lat="44.93507" lon="2.94543">
				<ele>891.33</ele>
				<time>2026-05-28T18:04:49.767Z</time>
			</trkpt>
			<trkpt lat="44.93486" lon="2.94586">
				<ele>888.8</ele>
				<time>2026-05-28T18:05:10.301Z</time>
			</trkpt>
			<trkpt lat="44.93479" lon="2.94595">
				<ele>888.38</ele>
				<time>2026-05-28T18:05:15.850Z</time>
			</trkpt>
			<trkpt lat="44.93471" lon="2.946">
				<ele>888.11</ele>
				<time>2026-05-28T18:05:21.049Z</time>
			</trkpt>
			<trkpt lat="44.93461" lon="2.94603">
				<ele>886.42</ele>
				<time>2026-05-28T18:05:27.187Z</time>
			</trkpt>
			<trkpt lat="44.93455" lon="2.94603">
				<ele>885.85</ele>
				<time>2026-05-28T18:05:30.811Z</time>
			</trkpt>
			<trkpt lat="44.93437" lon="2.94593">
				<ele>884.82</ele>
				<time>2026-05-28T18:05:42.529Z</time>
			</trkpt>
			<trkpt lat="44.93428" lon="2.94583">
				<ele>884.35</ele>
				<time>2026-05-28T18:05:49.439Z</time>
			</trkpt>
			<trkpt lat="44.9342" lon="2.9457">
				<ele>884.2</ele>
				<time>2026-05-28T18:05:56.725Z</time>
			</trkpt>
			<trkpt lat="44.93399" lon="2.94525">
				<ele>890.39</ele>
				<time>2026-05-28T18:06:18.545Z</time>
			</trkpt>
			<trkpt lat="44.93391" lon="2.94513">
				<ele>893.46</ele>
				<time>2026-05-28T18:06:24.774Z</time>
			</trkpt>
			<trkpt lat="44.93383" lon="2.94504">
				<ele>895.98</ele>
				<time>2026-05-28T18:06:30.007Z</time>
			</trkpt>
			<trkpt lat="44.93374" lon="2.94499">
				<ele>897.74</ele>
				<time>2026-05-28T18:06:34.736Z</time>
			</trkpt>
			<trkpt lat="44.93362" lon="2.94496">
				<ele>898.62</ele>
				<time>2026-05-28T18:06:40.356Z</time>
			</trkpt>
			<trkpt lat="44.93345" lon="2.945">
				<ele>897.84</ele>
				<time>2026-05-28T18:06:47.577Z</time>
			</trkpt>
			<trkpt lat="44.93338" lon="2.94505">
				<ele>896.23</ele>
				<time>2026-05-28T18:06:50.552Z</time>
			</trkpt>
			<trkpt lat="44.93314" lon="2.94537">
				<ele>889.27</ele>
				<time>2026-05-28T18:07:00.606Z</time>
			</trkpt>
			<trkpt lat="44.93306" lon="2.94542">
				<ele>889.01</ele>
				<time>2026-05-28T18:07:02.529Z</time>
			</trkpt>
			<trkpt lat="44.93295" lon="2.94544">
				<ele>890.19</ele>
				<time>2026-05-28T18:07:04.473Z</time>
			</trkpt>
			<trkpt lat="44.93261" lon="2.94536">
				<ele>896.27</ele>
				<time>2026-05-28T18:07:09.350Z</time>
			</trkpt>
			<trkpt lat="44.93247" lon="2.94541">
				<ele>895.91</ele>
				<time>2026-05-28T18:07:11.356Z</time>
			</trkpt>
			<trkpt lat="44.93239" lon="2.94547">
				<ele>895.34</ele>
				<time>2026-05-28T18:07:12.603Z</time>
			</trkpt>
			<trkpt lat="44.93232" lon="2.94556">
				<ele>894.16</ele>
				<time>2026-05-28T18:07:13.899Z</time>
			</trkpt>
			<trkpt lat="44.93227" lon="2.94568">
				<ele>892.17</ele>
				<time>2026-05-28T18:07:15.238Z</time>
			</trkpt>
			<trkpt lat="44.93223" lon="2.94601">
				<ele>886.52</ele>
				<time>2026-05-28T18:07:18.420Z</time>
			</trkpt>
			<trkpt lat="44.93219" lon="2.94615">
				<ele>885.64</ele>
				<time>2026-05-28T18:07:19.837Z</time>
			</trkpt>
			<trkpt lat="44.9321" lon="2.94629">
				<ele>886.59</ele>
				<time>2026-05-28T18:07:21.596Z</time>
			</trkpt>
			<trkpt lat="44.93196" lon="2.94645">
				<ele>887.9</ele>
				<time>2026-05-28T18:07:23.936Z</time>
			</trkpt>
			<trkpt lat="44.93183" lon="2.94657">
				<ele>889.12</ele>
				<time>2026-05-28T18:07:25.928Z</time>
			</trkpt>
			<trkpt lat="44.93172" lon="2.94664">
				<ele>890.14</ele>
				<time>2026-05-28T18:07:27.461Z</time>
			</trkpt>
			<trkpt lat="44.93141" lon="2.94677">
				<ele>892.61</ele>
				<time>2026-05-28T18:07:31.503Z</time>
			</trkpt>
			<trkpt lat="44.93132" lon="2.94683">
				<ele>893.28</ele>
				<time>2026-05-28T18:07:32.727Z</time>
			</trkpt>
			<trkpt lat="44.93124" lon="2.94694">
				<ele>893.11</ele>
				<time>2026-05-28T18:07:34.090Z</time>
			</trkpt>
			<trkpt lat="44.93118" lon="2.94708">
				<ele>893.97</ele>
				<time>2026-05-28T18:07:35.492Z</time>
			</trkpt>
			<trkpt lat="44.93106" lon="2.94765">
				<ele>894.42</ele>
				<time>2026-05-28T18:07:40.487Z</time>
			</trkpt>
			<trkpt lat="44.93098" lon="2.94842">
				<ele>894.69</ele>
				<time>2026-05-28T18:07:46.790Z</time>
			</trkpt>
			<trkpt lat="44.93094" lon="2.94855">
				<ele>894.94</ele>
				<time>2026-05-28T18:07:47.910Z</time>
			</trkpt>
			<trkpt lat="44.93089" lon="2.94864">
				<ele>894.84</ele>
				<time>2026-05-28T18:07:48.807Z</time>
			</trkpt>
			<trkpt lat="44.93082" lon="2.94869">
				<ele>894.8</ele>
				<time>2026-05-28T18:07:49.671Z</time>
			</trkpt>
			<trkpt lat="44.93061" lon="2.94878">
				<ele>893.6</ele>
				<time>2026-05-28T18:07:52.062Z</time>
			</trkpt>
			<trkpt lat="44.93015" lon="2.94894">
				<ele>889.72</ele>
				<time>2026-05-28T18:07:57.087Z</time>
			</trkpt>
			<trkpt lat="44.93003" lon="2.94896">
				<ele>888.21</ele>
				<time>2026-05-28T18:07:58.339Z</time>
			</trkpt>
			<trkpt lat="44.92993" lon="2.94895">
				<ele>887.47</ele>
				<time>2026-05-28T18:07:59.370Z</time>
			</trkpt>
			<trkpt lat="44.92986" lon="2.94891">
				<ele>887.47</ele>
				<time>2026-05-28T18:08:00.140Z</time>
			</trkpt>
			<trkpt lat="44.92981" lon="2.94884">
				<ele>888.18</ele>
				<time>2026-05-28T18:08:00.855Z</time>
			</trkpt>
			<trkpt lat="44.92976" lon="2.94861">
				<ele>893.19</ele>
				<time>2026-05-28T18:08:02.568Z</time>
			</trkpt>
			<trkpt lat="44.92969" lon="2.94844">
				<ele>899.17</ele>
				<time>2026-05-28T18:08:03.952Z</time>
			</trkpt>
			<trkpt lat="44.92954" lon="2.94837">
				<ele>902.22</ele>
				<time>2026-05-28T18:08:05.504Z</time>
			</trkpt>
			<trkpt lat="44.92946" lon="2.94836">
				<ele>902.71</ele>
				<time>2026-05-28T18:08:06.285Z</time>
			</trkpt>
			<trkpt lat="44.92937" lon="2.94839">
				<ele>903.03</ele>
				<time>2026-05-28T18:08:07.179Z</time>
			</trkpt>
			<trkpt lat="44.92905" lon="2.94866">
				<ele>897.03</ele>
				<time>2026-05-28T18:08:10.718Z</time>
			</trkpt>
			<trkpt lat="44.92892" lon="2.94869">
				<ele>896.72</ele>
				<time>2026-05-28T18:08:11.944Z</time>
			</trkpt>
			<trkpt lat="44.92876" lon="2.94863">
				<ele>898.52</ele>
				<time>2026-05-28T18:08:13.467Z</time>
			</trkpt>
			<trkpt lat="44.92848" lon="2.9484">
				<ele>902.37</ele>
				<time>2026-05-28T18:08:16.390Z</time>
			</trkpt>
			<trkpt lat="44.92786" lon="2.94825">
				<ele>894</ele>
				<time>2026-05-28T18:08:21.858Z</time>
			</trkpt>
			<trkpt lat="44.92775" lon="2.9482">
				<ele>893.59</ele>
				<time>2026-05-28T18:08:22.833Z</time>
			</trkpt>
			<trkpt lat="44.92764" lon="2.94811">
				<ele>893.92</ele>
				<time>2026-05-28T18:08:23.896Z</time>
			</trkpt>
			<trkpt lat="44.9271" lon="2.94734">
				<ele>901.28</ele>
				<time>2026-05-28T18:08:30.088Z</time>
			</trkpt>
			<trkpt lat="44.92701" lon="2.94725">
				<ele>901.95</ele>
				<time>2026-05-28T18:08:30.947Z</time>
			</trkpt>
			<trkpt lat="44.92675" lon="2.94711">
				<ele>902.93</ele>
				<time>2026-05-28T18:08:33.083Z</time>
			</trkpt>
			<trkpt lat="44.92639" lon="2.94702">
				<ele>899</ele>
				<time>2026-05-28T18:08:35.818Z</time>
			</trkpt>
			<trkpt lat="44.92632" lon="2.94698">
				<ele>898.17</ele>
				<time>2026-05-28T18:08:36.373Z</time>
			</trkpt>
			<trkpt lat="44.92617" lon="2.94683">
				<ele>898.19</ele>
				<time>2026-05-28T18:08:37.711Z</time>
			</trkpt>
			<trkpt lat="44.92585" lon="2.94628">
				<ele>895.67</ele>
				<time>2026-05-28T18:08:41.281Z</time>
			</trkpt>
			<trkpt lat="44.92581" lon="2.94614">
				<ele>895.41</ele>
				<time>2026-05-28T18:08:42.020Z</time>
			</trkpt>
			<trkpt lat="44.92576" lon="2.94571">
				<ele>900.41</ele>
				<time>2026-05-28T18:08:44.120Z</time>
			</trkpt>
			<trkpt lat="44.92573" lon="2.94561">
				<ele>900.71</ele>
				<time>2026-05-28T18:08:44.635Z</time>
			</trkpt>
			<trkpt lat="44.92547" lon="2.94517">
				<ele>899.72</ele>
				<time>2026-05-28T18:08:47.305Z</time>
			</trkpt>
			<trkpt lat="44.92519" lon="2.9444">
				<ele>903.53</ele>
				<time>2026-05-28T18:08:51.183Z</time>
			</trkpt>
			<trkpt lat="44.92514" lon="2.94409">
				<ele>903.44</ele>
				<time>2026-05-28T18:08:52.563Z</time>
			</trkpt>
			<trkpt lat="44.92514" lon="2.94398">
				<ele>903.79</ele>
				<time>2026-05-28T18:08:53.035Z</time>
			</trkpt>
			<trkpt lat="44.92516" lon="2.94384">
				<ele>904.49</ele>
				<time>2026-05-28T18:08:53.643Z</time>
			</trkpt>
			<trkpt lat="44.9252" lon="2.94371">
				<ele>905.04</ele>
				<time>2026-05-28T18:08:54.243Z</time>
			</trkpt>
			<trkpt lat="44.92533" lon="2.94349">
				<ele>905.16</ele>
				<time>2026-05-28T18:08:55.441Z</time>
			</trkpt>
			<trkpt lat="44.92549" lon="2.94337">
				<ele>903.78</ele>
				<time>2026-05-28T18:08:56.496Z</time>
			</trkpt>
			<trkpt lat="44.92578" lon="2.94324">
				<ele>903.9</ele>
				<time>2026-05-28T18:08:58.237Z</time>
			</trkpt>
			<trkpt lat="44.92585" lon="2.94319">
				<ele>903.78</ele>
				<time>2026-05-28T18:08:58.680Z</time>
			</trkpt>
			<trkpt lat="44.9259" lon="2.94311">
				<ele>903.47</ele>
				<time>2026-05-28T18:08:59.104Z</time>
			</trkpt>
			<trkpt lat="44.92593" lon="2.94303">
				<ele>903.52</ele>
				<time>2026-05-28T18:08:59.462Z</time>
			</trkpt>
			<trkpt lat="44.92595" lon="2.94292">
				<ele>903.9</ele>
				<time>2026-05-28T18:08:59.908Z</time>
			</trkpt>
			<trkpt lat="44.92595" lon="2.94281">
				<ele>903.94</ele>
				<time>2026-05-28T18:09:00.339Z</time>
			</trkpt>
			<trkpt lat="44.92593" lon="2.9427">
				<ele>903.62</ele>
				<time>2026-05-28T18:09:00.780Z</time>
			</trkpt>
			<trkpt lat="44.9259" lon="2.94256">
				<ele>902.95</ele>
				<time>2026-05-28T18:09:01.346Z</time>
			</trkpt>
			<trkpt lat="44.92574" lon="2.9423">
				<ele>901.7</ele>
				<time>2026-05-28T18:09:02.661Z</time>
			</trkpt>
			<trkpt lat="44.92559" lon="2.94214">
				<ele>902.15</ele>
				<time>2026-05-28T18:09:03.660Z</time>
			</trkpt>
			<trkpt lat="44.92512" lon="2.94175">
				<ele>898.98</ele>
				<time>2026-05-28T18:09:06.485Z</time>
			</trkpt>
			<trkpt lat="44.92505" lon="2.94166">
				<ele>897.72</ele>
				<time>2026-05-28T18:09:06.966Z</time>
			</trkpt>
			<trkpt lat="44.92497" lon="2.94149">
				<ele>897.18</ele>
				<time>2026-05-28T18:09:07.694Z</time>
			</trkpt>
			<trkpt lat="44.92496" lon="2.94133">
				<ele>897.55</ele>
				<time>2026-05-28T18:09:08.262Z</time>
			</trkpt>
			<trkpt lat="44.92498" lon="2.94116">
				<ele>896.35</ele>
				<time>2026-05-28T18:09:08.867Z</time>
			</trkpt>
			<trkpt lat="44.92501" lon="2.94105">
				<ele>895.72</ele>
				<time>2026-05-28T18:09:09.278Z</time>
			</trkpt>
			<trkpt lat="44.92534" lon="2.94022">
				<ele>896.01</ele>
				<time>2026-05-28T18:09:12.525Z</time>
			</trkpt>
			<trkpt lat="44.92555" lon="2.93955">
				<ele>897.36</ele>
				<time>2026-05-28T18:09:14.939Z</time>
			</trkpt>
			<trkpt lat="44.92576" lon="2.93856">
				<ele>893.53</ele>
				<time>2026-05-28T18:09:18.236Z</time>
			</trkpt>
			<trkpt lat="44.92603" lon="2.9377">
				<ele>894.51</ele>
				<time>2026-05-28T18:09:21.140Z</time>
			</trkpt>
			<trkpt lat="44.92616" lon="2.93735">
				<ele>893.65</ele>
				<time>2026-05-28T18:09:22.337Z</time>
			</trkpt>
			<trkpt lat="44.92687" lon="2.93602">
				<ele>894.74</ele>
				<time>2026-05-28T18:09:27.256Z</time>
			</trkpt>
			<trkpt lat="44.92689" lon="2.93588">
				<ele>894.1</ele>
				<time>2026-05-28T18:09:27.670Z</time>
			</trkpt>
			<trkpt lat="44.92685" lon="2.93567">
				<ele>893.86</ele>
				<time>2026-05-28T18:09:28.299Z</time>
			</trkpt>
			<trkpt lat="44.92682" lon="2.93562">
				<ele>893.89</ele>
				<time>2026-05-28T18:09:28.488Z</time>
			</trkpt>
			<trkpt lat="44.92673" lon="2.93553">
				<ele>894.3</ele>
				<time>2026-05-28T18:09:28.937Z</time>
			</trkpt>
			<trkpt lat="44.9265" lon="2.93549">
				<ele>896.22</ele>
				<time>2026-05-28T18:09:29.877Z</time>
			</trkpt>
			<trkpt lat="44.92566" lon="2.93547">
				<ele>898.25</ele>
				<time>2026-05-28T18:09:33.258Z</time>
			</trkpt>
			<trkpt lat="44.92454" lon="2.9354">
				<ele>901.18</ele>
				<time>2026-05-28T18:09:37.749Z</time>
			</trkpt>
			<trkpt lat="44.92298" lon="2.93526">
				<ele>911.64</ele>
				<time>2026-05-28T18:09:44.091Z</time>
			</trkpt>
			<trkpt lat="44.92282" lon="2.93517">
				<ele>911.41</ele>
				<time>2026-05-28T18:09:44.803Z</time>
			</trkpt>
			<trkpt lat="44.92201" lon="2.93459">
				<ele>918.82</ele>
				<time>2026-05-28T18:09:48.620Z</time>
			</trkpt>
			<trkpt lat="44.92176" lon="2.93449">
				<ele>920.85</ele>
				<time>2026-05-28T18:09:49.735Z</time>
			</trkpt>
			<trkpt lat="44.92155" lon="2.93448">
				<ele>921.31</ele>
				<time>2026-05-28T18:09:50.646Z</time>
			</trkpt>
			<trkpt lat="44.92105" lon="2.93449">
				<ele>921.45</ele>
				<time>2026-05-28T18:09:52.848Z</time>
			</trkpt>
			<trkpt lat="44.9206" lon="2.93453">
				<ele>920.63</ele>
				<time>2026-05-28T18:09:54.878Z</time>
			</trkpt>
			<trkpt lat="44.92042" lon="2.93456">
				<ele>921.59</ele>
				<time>2026-05-28T18:09:55.707Z</time>
			</trkpt>
			<trkpt lat="44.92032" lon="2.93454">
				<ele>922.78</ele>
				<time>2026-05-28T18:09:56.173Z</time>
			</trkpt>
			<trkpt lat="44.92023" lon="2.93448">
				<ele>923.85</ele>
				<time>2026-05-28T18:09:56.634Z</time>
			</trkpt>
			<trkpt lat="44.91993" lon="2.93482">
				<ele>921.93</ele>
				<time>2026-05-28T18:09:58.442Z</time>
			</trkpt>
			<trkpt lat="44.9198" lon="2.93487">
				<ele>921.72</ele>
				<time>2026-05-28T18:09:59.084Z</time>
			</trkpt>
			<trkpt lat="44.91955" lon="2.93488">
				<ele>921.57</ele>
				<time>2026-05-28T18:10:00.290Z</time>
			</trkpt>
			<trkpt lat="44.91942" lon="2.93479">
				<ele>921.79</ele>
				<time>2026-05-28T18:10:00.997Z</time>
			</trkpt>
			<trkpt lat="44.91927" lon="2.9346">
				<ele>922.94</ele>
				<time>2026-05-28T18:10:01.991Z</time>
			</trkpt>
			<trkpt lat="44.9192" lon="2.93445">
				<ele>923.14</ele>
				<time>2026-05-28T18:10:02.625Z</time>
			</trkpt>
			<trkpt lat="44.91912" lon="2.9343">
				<ele>921.61</ele>
				<time>2026-05-28T18:10:03.293Z</time>
			</trkpt>
			<trkpt lat="44.91855" lon="2.9337">
				<ele>915</ele>
				<time>2026-05-28T18:10:06.965Z</time>
			</trkpt>
			<trkpt lat="44.91763" lon="2.93275">
				<ele>909.39</ele>
				<time>2026-05-28T18:10:13.238Z</time>
			</trkpt>
			<trkpt lat="44.91726" lon="2.93241">
				<ele>906.34</ele>
				<time>2026-05-28T18:10:15.809Z</time>
			</trkpt>
			<trkpt lat="44.91645" lon="2.93186">
				<ele>904.81</ele>
				<time>2026-05-28T18:10:21.312Z</time>
			</trkpt>
			<trkpt lat="44.91572" lon="2.93139">
				<ele>906.16</ele>
				<time>2026-05-28T18:10:26.538Z</time>
			</trkpt>
			<trkpt lat="44.91519" lon="2.93101">
				<ele>907.37</ele>
				<time>2026-05-28T18:10:30.468Z</time>
			</trkpt>
			<trkpt lat="44.91473" lon="2.93059">
				<ele>907.38</ele>
				<time>2026-05-28T18:10:34.092Z</time>
			</trkpt>
			<trkpt lat="44.91452" lon="2.93037">
				<ele>908.19</ele>
				<time>2026-05-28T18:10:35.822Z</time>
			</trkpt>
			<trkpt lat="44.91398" lon="2.92982">
				<ele>911.15</ele>
				<time>2026-05-28T18:10:40.230Z</time>
			</trkpt>
			<trkpt lat="44.91386" lon="2.92968">
				<ele>911.2</ele>
				<time>2026-05-28T18:10:41.261Z</time>
			</trkpt>
			<trkpt lat="44.91368" lon="2.92934">
				<ele>912.11</ele>
				<time>2026-05-28T18:10:43.253Z</time>
			</trkpt>
			<trkpt lat="44.91359" lon="2.9291">
				<ele>911.92</ele>
				<time>2026-05-28T18:10:44.527Z</time>
			</trkpt>
			<trkpt lat="44.91337" lon="2.92818">
				<ele>912.22</ele>
				<time>2026-05-28T18:10:49.086Z</time>
			</trkpt>
			<trkpt lat="44.91334" lon="2.92798">
				<ele>912.34</ele>
				<time>2026-05-28T18:10:50.046Z</time>
			</trkpt>
			<trkpt lat="44.91333" lon="2.92778">
				<ele>912.99</ele>
				<time>2026-05-28T18:10:50.988Z</time>
			</trkpt>
			<trkpt lat="44.91336" lon="2.92747">
				<ele>914.39</ele>
				<time>2026-05-28T18:10:52.457Z</time>
			</trkpt>
			<trkpt lat="44.91343" lon="2.92716">
				<ele>915.32</ele>
				<time>2026-05-28T18:10:53.986Z</time>
			</trkpt>
			<trkpt lat="44.91412" lon="2.9257">
				<ele>920.1</ele>
				<time>2026-05-28T18:11:02.238Z</time>
			</trkpt>
			<trkpt lat="44.91431" lon="2.92525">
				<ele>920.57</ele>
				<time>2026-05-28T18:11:04.703Z</time>
			</trkpt>
			<trkpt lat="44.91432" lon="2.92515">
				<ele>920.8</ele>
				<time>2026-05-28T18:11:05.178Z</time>
			</trkpt>
			<trkpt lat="44.91431" lon="2.92493">
				<ele>920.6</ele>
				<time>2026-05-28T18:11:06.216Z</time>
			</trkpt>
			<trkpt lat="44.91422" lon="2.92464">
				<ele>919.7</ele>
				<time>2026-05-28T18:11:07.706Z</time>
			</trkpt>
			<trkpt lat="44.91326" lon="2.9227">
				<ele>914.44</ele>
				<time>2026-05-28T18:11:18.854Z</time>
			</trkpt>
			<trkpt lat="44.91317" lon="2.92255">
				<ele>914.9</ele>
				<time>2026-05-28T18:11:19.781Z</time>
			</trkpt>
			<trkpt lat="44.91295" lon="2.9223">
				<ele>916.06</ele>
				<time>2026-05-28T18:11:21.661Z</time>
			</trkpt>
			<trkpt lat="44.91138" lon="2.92081">
				<ele>909.93</ele>
				<time>2026-05-28T18:11:34.264Z</time>
			</trkpt>
			<trkpt lat="44.9112" lon="2.92069">
				<ele>908.52</ele>
				<time>2026-05-28T18:11:35.591Z</time>
			</trkpt>
			<trkpt lat="44.91068" lon="2.92042">
				<ele>905.78</ele>
				<time>2026-05-28T18:11:39.286Z</time>
			</trkpt>
			<trkpt lat="44.91055" lon="2.92031">
				<ele>904.46</ele>
				<time>2026-05-28T18:11:40.297Z</time>
			</trkpt>
			<trkpt lat="44.91047" lon="2.9202">
				<ele>903.93</ele>
				<time>2026-05-28T18:11:41.042Z</time>
			</trkpt>
			<trkpt lat="44.91042" lon="2.92008">
				<ele>903.45</ele>
				<time>2026-05-28T18:11:41.700Z</time>
			</trkpt>
			<trkpt lat="44.91038" lon="2.91982">
				<ele>901.33</ele>
				<time>2026-05-28T18:11:42.957Z</time>
			</trkpt>
			<trkpt lat="44.91043" lon="2.91932">
				<ele>897.49</ele>
				<time>2026-05-28T18:11:45.344Z</time>
			</trkpt>
			<trkpt lat="44.91041" lon="2.91903">
				<ele>896.17</ele>
				<time>2026-05-28T18:11:46.721Z</time>
			</trkpt>
			<trkpt lat="44.91034" lon="2.91876">
				<ele>896.45</ele>
				<time>2026-05-28T18:11:48.081Z</time>
			</trkpt>
			<trkpt lat="44.91022" lon="2.91833">
				<ele>897.08</ele>
				<time>2026-05-28T18:11:50.266Z</time>
			</trkpt>
			<trkpt lat="44.91014" lon="2.91811">
				<ele>897.21</ele>
				<time>2026-05-28T18:11:51.436Z</time>
			</trkpt>
			<trkpt lat="44.91007" lon="2.91797">
				<ele>897.19</ele>
				<time>2026-05-28T18:11:52.247Z</time>
			</trkpt>
			<trkpt lat="44.90976" lon="2.91756">
				<ele>899.25</ele>
				<time>2026-05-28T18:11:55.084Z</time>
			</trkpt>
			<trkpt lat="44.90925" lon="2.9171">
				<ele>895.05</ele>
				<time>2026-05-28T18:11:59.128Z</time>
			</trkpt>
			<trkpt lat="44.90909" lon="2.91692">
				<ele>892.89</ele>
				<time>2026-05-28T18:12:00.495Z</time>
			</trkpt>
			<trkpt lat="44.9089" lon="2.91665">
				<ele>890.55</ele>
				<time>2026-05-28T18:12:02.297Z</time>
			</trkpt>
			<trkpt lat="44.90867" lon="2.91616">
				<ele>892.44</ele>
				<time>2026-05-28T18:12:05.081Z</time>
			</trkpt>
			<trkpt lat="44.90859" lon="2.91603">
				<ele>892.86</ele>
				<time>2026-05-28T18:12:05.896Z</time>
			</trkpt>
			<trkpt lat="44.90846" lon="2.9159">
				<ele>893.42</ele>
				<time>2026-05-28T18:12:06.962Z</time>
			</trkpt>
			<trkpt lat="44.90808" lon="2.91565">
				<ele>892.05</ele>
				<time>2026-05-28T18:12:09.766Z</time>
			</trkpt>
			<trkpt lat="44.90783" lon="2.91557">
				<ele>891.74</ele>
				<time>2026-05-28T18:12:11.481Z</time>
			</trkpt>
			<trkpt lat="44.90726" lon="2.91561">
				<ele>890.16</ele>
				<time>2026-05-28T18:12:15.300Z</time>
			</trkpt>
			<trkpt lat="44.90705" lon="2.91569">
				<ele>888.44</ele>
				<time>2026-05-28T18:12:16.756Z</time>
			</trkpt>
			<trkpt lat="44.90682" lon="2.91582">
				<ele>887.07</ele>
				<time>2026-05-28T18:12:18.414Z</time>
			</trkpt>
			<trkpt lat="44.90673" lon="2.91585">
				<ele>886.92</ele>
				<time>2026-05-28T18:12:19.033Z</time>
			</trkpt>
			<trkpt lat="44.90666" lon="2.91587">
				<ele>886.88</ele>
				<time>2026-05-28T18:12:19.511Z</time>
			</trkpt>
			<trkpt lat="44.90632" lon="2.91587">
				<ele>887.49</ele>
				<time>2026-05-28T18:12:21.788Z</time>
			</trkpt>
			<trkpt lat="44.90615" lon="2.91594">
				<ele>886.4</ele>
				<time>2026-05-28T18:12:22.974Z</time>
			</trkpt>
			<trkpt lat="44.90602" lon="2.91609">
				<ele>884.83</ele>
				<time>2026-05-28T18:12:24.098Z</time>
			</trkpt>
			<trkpt lat="44.90598" lon="2.91618">
				<ele>884.49</ele>
				<time>2026-05-28T18:12:24.602Z</time>
			</trkpt>
			<trkpt lat="44.90594" lon="2.9164">
				<ele>883.84</ele>
				<time>2026-05-28T18:12:25.680Z</time>
			</trkpt>
			<trkpt lat="44.90595" lon="2.91693">
				<ele>883.61</ele>
				<time>2026-05-28T18:12:28.195Z</time>
			</trkpt>
			<trkpt lat="44.90594" lon="2.91707">
				<ele>883.58</ele>
				<time>2026-05-28T18:12:28.863Z</time>
			</trkpt>
			<trkpt lat="44.90591" lon="2.91717">
				<ele>883.98</ele>
				<time>2026-05-28T18:12:29.378Z</time>
			</trkpt>
			<trkpt lat="44.90581" lon="2.91738">
				<ele>884.64</ele>
				<time>2026-05-28T18:12:30.579Z</time>
			</trkpt>
			<trkpt lat="44.90567" lon="2.91755">
				<ele>886.28</ele>
				<time>2026-05-28T18:12:31.817Z</time>
			</trkpt>
			<trkpt lat="44.90551" lon="2.91764">
				<ele>888.75</ele>
				<time>2026-05-28T18:12:32.971Z</time>
			</trkpt>
			<trkpt lat="44.90538" lon="2.91763">
				<ele>889.79</ele>
				<time>2026-05-28T18:12:33.844Z</time>
			</trkpt>
			<trkpt lat="44.90511" lon="2.91752">
				<ele>890.55</ele>
				<time>2026-05-28T18:12:35.727Z</time>
			</trkpt>
			<trkpt lat="44.90494" lon="2.91753">
				<ele>889.25</ele>
				<time>2026-05-28T18:12:36.868Z</time>
			</trkpt>
			<trkpt lat="44.9048" lon="2.91765">
				<ele>886.94</ele>
				<time>2026-05-28T18:12:37.966Z</time>
			</trkpt>
			<trkpt lat="44.90456" lon="2.91774">
				<ele>881.36</ele>
				<time>2026-05-28T18:12:39.631Z</time>
			</trkpt>
			<trkpt lat="44.90431" lon="2.91782">
				<ele>873.65</ele>
				<time>2026-05-28T18:12:41.349Z</time>
			</trkpt>
			<trkpt lat="44.90417" lon="2.91781">
				<ele>870.65</ele>
				<time>2026-05-28T18:12:42.289Z</time>
			</trkpt>
			<trkpt lat="44.90398" lon="2.9177">
				<ele>868.46</ele>
				<time>2026-05-28T18:12:43.667Z</time>
			</trkpt>
			<trkpt lat="44.90391" lon="2.91762">
				<ele>867.59</ele>
				<time>2026-05-28T18:12:44.271Z</time>
			</trkpt>
			<trkpt lat="44.90373" lon="2.91735">
				<ele>868.35</ele>
				<time>2026-05-28T18:12:46.032Z</time>
			</trkpt>
			<trkpt lat="44.90339" lon="2.91703">
				<ele>872.9</ele>
				<time>2026-05-28T18:12:48.773Z</time>
			</trkpt>
			<trkpt lat="44.90315" lon="2.9169">
				<ele>874.33</ele>
				<time>2026-05-28T18:12:50.498Z</time>
			</trkpt>
			<trkpt lat="44.90285" lon="2.91685">
				<ele>872.59</ele>
				<time>2026-05-28T18:12:52.525Z</time>
			</trkpt>
			<trkpt lat="44.90267" lon="2.9169">
				<ele>871.4</ele>
				<time>2026-05-28T18:12:53.756Z</time>
			</trkpt>
			<trkpt lat="44.90254" lon="2.91701">
				<ele>870.15</ele>
				<time>2026-05-28T18:12:54.773Z</time>
			</trkpt>
			<trkpt lat="44.90226" lon="2.91741">
				<ele>867.48</ele>
				<time>2026-05-28T18:12:57.447Z</time>
			</trkpt>
			<trkpt lat="44.90204" lon="2.91784">
				<ele>864.73</ele>
				<time>2026-05-28T18:12:59.969Z</time>
			</trkpt>
			<trkpt lat="44.90197" lon="2.9179">
				<ele>864.32</ele>
				<time>2026-05-28T18:13:00.519Z</time>
			</trkpt>
			<trkpt lat="44.90077" lon="2.91836">
				<ele>862.26</ele>
				<time>2026-05-28T18:13:08.869Z</time>
			</trkpt>
			<trkpt lat="44.90058" lon="2.91847">
				<ele>864.15</ele>
				<time>2026-05-28T18:13:10.248Z</time>
			</trkpt>
			<trkpt lat="44.90019" lon="2.91877">
				<ele>861.77</ele>
				<time>2026-05-28T18:13:13.232Z</time>
			</trkpt>
			<trkpt lat="44.90012" lon="2.91878">
				<ele>861</ele>
				<time>2026-05-28T18:13:13.705Z</time>
			</trkpt>
			<trkpt lat="44.90004" lon="2.91876">
				<ele>860.62</ele>
				<time>2026-05-28T18:13:14.250Z</time>
			</trkpt>
			<trkpt lat="44.89989" lon="2.91867">
				<ele>860.79</ele>
				<time>2026-05-28T18:13:15.345Z</time>
			</trkpt>
			<trkpt lat="44.89918" lon="2.91806">
				<ele>856.29</ele>
				<time>2026-05-28T18:13:20.930Z</time>
			</trkpt>
			<trkpt lat="44.89908" lon="2.91793">
				<ele>853.85</ele>
				<time>2026-05-28T18:13:21.844Z</time>
			</trkpt>
			<trkpt lat="44.89899" lon="2.91773">
				<ele>851.59</ele>
				<time>2026-05-28T18:13:22.972Z</time>
			</trkpt>
			<trkpt lat="44.89898" lon="2.91752">
				<ele>851.51</ele>
				<time>2026-05-28T18:13:23.974Z</time>
			</trkpt>
			<trkpt lat="44.89916" lon="2.91696">
				<ele>852.14</ele>
				<time>2026-05-28T18:13:26.902Z</time>
			</trkpt>
			<trkpt lat="44.89955" lon="2.91612">
				<ele>847.81</ele>
				<time>2026-05-28T18:13:31.685Z</time>
			</trkpt>
			<trkpt lat="44.89984" lon="2.91572">
				<ele>846.27</ele>
				<time>2026-05-28T18:13:34.411Z</time>
			</trkpt>
			<trkpt lat="44.90059" lon="2.91479">
				<ele>841.72</ele>
				<time>2026-05-28T18:13:41.124Z</time>
			</trkpt>
			<trkpt lat="44.90082" lon="2.91447">
				<ele>842.15</ele>
				<time>2026-05-28T18:13:43.296Z</time>
			</trkpt>
			<trkpt lat="44.90088" lon="2.91428">
				<ele>842.54</ele>
				<time>2026-05-28T18:13:44.287Z</time>
			</trkpt>
			<trkpt lat="44.90089" lon="2.91416">
				<ele>842.1</ele>
				<time>2026-05-28T18:13:44.863Z</time>
			</trkpt>
			<trkpt lat="44.90087" lon="2.91404">
				<ele>840.55</ele>
				<time>2026-05-28T18:13:45.450Z</time>
			</trkpt>
			<trkpt lat="44.90074" lon="2.9137">
				<ele>832.7</ele>
				<time>2026-05-28T18:13:47.291Z</time>
			</trkpt>
			<trkpt lat="44.9007" lon="2.91339">
				<ele>826.88</ele>
				<time>2026-05-28T18:13:48.793Z</time>
			</trkpt>
			<trkpt lat="44.90072" lon="2.91318">
				<ele>826.27</ele>
				<time>2026-05-28T18:13:49.802Z</time>
			</trkpt>
			<trkpt lat="44.90078" lon="2.91285">
				<ele>825.33</ele>
				<time>2026-05-28T18:13:51.426Z</time>
			</trkpt>
			<trkpt lat="44.90088" lon="2.91263">
				<ele>824.29</ele>
				<time>2026-05-28T18:13:52.672Z</time>
			</trkpt>
			<trkpt lat="44.90104" lon="2.91237">
				<ele>820.9</ele>
				<time>2026-05-28T18:13:54.313Z</time>
			</trkpt>
			<trkpt lat="44.90113" lon="2.91227">
				<ele>819.82</ele>
				<time>2026-05-28T18:13:55.084Z</time>
			</trkpt>
			<trkpt lat="44.90133" lon="2.91211">
				<ele>820.96</ele>
				<time>2026-05-28T18:13:56.630Z</time>
			</trkpt>
			<trkpt lat="44.9017" lon="2.91192">
				<ele>821.11</ele>
				<time>2026-05-28T18:13:59.279Z</time>
			</trkpt>
			<trkpt lat="44.90211" lon="2.91165">
				<ele>813.39</ele>
				<time>2026-05-28T18:14:02.324Z</time>
			</trkpt>
			<trkpt lat="44.9022" lon="2.91162">
				<ele>813.75</ele>
				<time>2026-05-28T18:14:02.946Z</time>
			</trkpt>
			<trkpt lat="44.90242" lon="2.91161">
				<ele>817.84</ele>
				<time>2026-05-28T18:14:04.427Z</time>
			</trkpt>
			<trkpt lat="44.90249" lon="2.91159">
				<ele>818.6</ele>
				<time>2026-05-28T18:14:04.908Z</time>
			</trkpt>
			<trkpt lat="44.90259" lon="2.91153">
				<ele>819.71</ele>
				<time>2026-05-28T18:14:05.639Z</time>
			</trkpt>
			<trkpt lat="44.90263" lon="2.91146">
				<ele>818.84</ele>
				<time>2026-05-28T18:14:06.068Z</time>
			</trkpt>
			<trkpt lat="44.90265" lon="2.91131">
				<ele>815.85</ele>
				<time>2026-05-28T18:14:06.796Z</time>
			</trkpt>
			<trkpt lat="44.90266" lon="2.91079">
				<ele>809.74</ele>
				<time>2026-05-28T18:14:09.275Z</time>
			</trkpt>
			<trkpt lat="44.90268" lon="2.91057">
				<ele>808.87</ele>
				<time>2026-05-28T18:14:10.333Z</time>
			</trkpt>
			<trkpt lat="44.90276" lon="2.91015">
				<ele>806.97</ele>
				<time>2026-05-28T18:14:12.406Z</time>
			</trkpt>
			<trkpt lat="44.90302" lon="2.90915">
				<ele>801.42</ele>
				<time>2026-05-28T18:14:17.485Z</time>
			</trkpt>
			<trkpt lat="44.90329" lon="2.9083">
				<ele>789.97</ele>
				<time>2026-05-28T18:14:21.926Z</time>
			</trkpt>
			<trkpt lat="44.90338" lon="2.90818">
				<ele>790.77</ele>
				<time>2026-05-28T18:14:22.760Z</time>
			</trkpt>
			<trkpt lat="44.90397" lon="2.9077">
				<ele>795.7</ele>
				<time>2026-05-28T18:14:27.343Z</time>
			</trkpt>
			<trkpt lat="44.90423" lon="2.90757">
				<ele>797.67</ele>
				<time>2026-05-28T18:14:29.200Z</time>
			</trkpt>
			<trkpt lat="44.90449" lon="2.90741">
				<ele>797.06</ele>
				<time>2026-05-28T18:14:31.109Z</time>
			</trkpt>
			<trkpt lat="44.90459" lon="2.90729">
				<ele>796.31</ele>
				<time>2026-05-28T18:14:31.993Z</time>
			</trkpt>
			<trkpt lat="44.90474" lon="2.90698">
				<ele>792.3</ele>
				<time>2026-05-28T18:14:33.783Z</time>
			</trkpt>
			<trkpt lat="44.90487" lon="2.90681">
				<ele>791.9</ele>
				<time>2026-05-28T18:14:34.976Z</time>
			</trkpt>
			<trkpt lat="44.90488" lon="2.90673">
				<ele>791.1</ele>
				<time>2026-05-28T18:14:35.363Z</time>
			</trkpt>
			<trkpt lat="44.90487" lon="2.90665">
				<ele>790.44</ele>
				<time>2026-05-28T18:14:35.751Z</time>
			</trkpt>
			<trkpt lat="44.90482" lon="2.90657">
				<ele>790.58</ele>
				<time>2026-05-28T18:14:36.259Z</time>
			</trkpt>
			<trkpt lat="44.90475" lon="2.90652">
				<ele>791.23</ele>
				<time>2026-05-28T18:14:36.787Z</time>
			</trkpt>
			<trkpt lat="44.90466" lon="2.90653">
				<ele>792.74</ele>
				<time>2026-05-28T18:14:37.395Z</time>
			</trkpt>
			<trkpt lat="44.9046" lon="2.90658">
				<ele>793.77</ele>
				<time>2026-05-28T18:14:37.864Z</time>
			</trkpt>
			<trkpt lat="44.90445" lon="2.90674">
				<ele>793.76</ele>
				<time>2026-05-28T18:14:39.130Z</time>
			</trkpt>
			<trkpt lat="44.90427" lon="2.90687">
				<ele>792.11</ele>
				<time>2026-05-28T18:14:40.491Z</time>
			</trkpt>
			<trkpt lat="44.90409" lon="2.90688">
				<ele>792.54</ele>
				<time>2026-05-28T18:14:41.704Z</time>
			</trkpt>
			<trkpt lat="44.90393" lon="2.90684">
				<ele>795.11</ele>
				<time>2026-05-28T18:14:42.797Z</time>
			</trkpt>
			<trkpt lat="44.90373" lon="2.90682">
				<ele>796.16</ele>
				<time>2026-05-28T18:14:44.147Z</time>
			</trkpt>
			<trkpt lat="44.90339" lon="2.90697">
				<ele>791.18</ele>
				<time>2026-05-28T18:14:46.545Z</time>
			</trkpt>
			<trkpt lat="44.90333" lon="2.90696">
				<ele>791.4</ele>
				<time>2026-05-28T18:14:46.952Z</time>
			</trkpt>
			<trkpt lat="44.90315" lon="2.90684">
				<ele>796.22</ele>
				<time>2026-05-28T18:14:48.292Z</time>
			</trkpt>
			<trkpt lat="44.90298" lon="2.90678">
				<ele>799.43</ele>
				<time>2026-05-28T18:14:49.472Z</time>
			</trkpt>
			<trkpt lat="44.90287" lon="2.90671">
				<ele>803.44</ele>
				<time>2026-05-28T18:14:50.284Z</time>
			</trkpt>
			<trkpt lat="44.90263" lon="2.90649">
				<ele>812.8</ele>
				<time>2026-05-28T18:14:52.210Z</time>
			</trkpt>
			<trkpt lat="44.90254" lon="2.90651">
				<ele>811.86</ele>
				<time>2026-05-28T18:14:52.823Z</time>
			</trkpt>
			<trkpt lat="44.90248" lon="2.90659">
				<ele>810</ele>
				<time>2026-05-28T18:14:53.379Z</time>
			</trkpt>
			<trkpt lat="44.90207" lon="2.90741">
				<ele>807.33</ele>
				<time>2026-05-28T18:14:58.165Z</time>
			</trkpt>
			<trkpt lat="44.90153" lon="2.90839">
				<ele>802.86</ele>
				<time>2026-05-28T18:15:04.084Z</time>
			</trkpt>
			<trkpt lat="44.9014" lon="2.90856">
				<ele>802.21</ele>
				<time>2026-05-28T18:15:05.277Z</time>
			</trkpt>
			<trkpt lat="44.90121" lon="2.90872">
				<ele>804.67</ele>
				<time>2026-05-28T18:15:06.766Z</time>
			</trkpt>
			<trkpt lat="44.90074" lon="2.90902">
				<ele>802.17</ele>
				<time>2026-05-28T18:15:10.237Z</time>
			</trkpt>
			<trkpt lat="44.90065" lon="2.90903">
				<ele>802.41</ele>
				<time>2026-05-28T18:15:10.845Z</time>
			</trkpt>
			<trkpt lat="44.90055" lon="2.909">
				<ele>805.17</ele>
				<time>2026-05-28T18:15:11.533Z</time>
			</trkpt>
			<trkpt lat="44.90043" lon="2.90892">
				<ele>807.21</ele>
				<time>2026-05-28T18:15:12.426Z</time>
			</trkpt>
			<trkpt lat="44.90009" lon="2.9086">
				<ele>817.14</ele>
				<time>2026-05-28T18:15:15.176Z</time>
			</trkpt>
			<trkpt lat="44.90001" lon="2.90856">
				<ele>819.11</ele>
				<time>2026-05-28T18:15:15.747Z</time>
			</trkpt>
			<trkpt lat="44.89993" lon="2.90855">
				<ele>820.71</ele>
				<time>2026-05-28T18:15:16.288Z</time>
			</trkpt>
			<trkpt lat="44.89977" lon="2.90862">
				<ele>820.6</ele>
				<time>2026-05-28T18:15:17.415Z</time>
			</trkpt>
			<trkpt lat="44.89954" lon="2.90889">
				<ele>813.94</ele>
				<time>2026-05-28T18:15:19.428Z</time>
			</trkpt>
			<trkpt lat="44.89933" lon="2.90911">
				<ele>811.08</ele>
				<time>2026-05-28T18:15:21.187Z</time>
			</trkpt>
			<trkpt lat="44.89905" lon="2.90933">
				<ele>810.7</ele>
				<time>2026-05-28T18:15:23.343Z</time>
			</trkpt>
			<trkpt lat="44.89877" lon="2.90952">
				<ele>814.89</ele>
				<time>2026-05-28T18:15:25.434Z</time>
			</trkpt>
			<trkpt lat="44.8986" lon="2.90965">
				<ele>817.33</ele>
				<time>2026-05-28T18:15:26.734Z</time>
			</trkpt>
			<trkpt lat="44.89846" lon="2.90971">
				<ele>819.32</ele>
				<time>2026-05-28T18:15:27.719Z</time>
			</trkpt>
			<trkpt lat="44.89816" lon="2.90963">
				<ele>825.59</ele>
				<time>2026-05-28T18:15:29.772Z</time>
			</trkpt>
			<trkpt lat="44.89799" lon="2.90967">
				<ele>827.69</ele>
				<time>2026-05-28T18:15:30.932Z</time>
			</trkpt>
			<trkpt lat="44.89775" lon="2.90983">
				<ele>828.62</ele>
				<time>2026-05-28T18:15:32.717Z</time>
			</trkpt>
			<trkpt lat="44.89702" lon="2.91028">
				<ele>827.63</ele>
				<time>2026-05-28T18:15:38.075Z</time>
			</trkpt>
			<trkpt lat="44.89686" lon="2.91032">
				<ele>827.55</ele>
				<time>2026-05-28T18:15:39.167Z</time>
			</trkpt>
			<trkpt lat="44.89663" lon="2.91031">
				<ele>828.33</ele>
				<time>2026-05-28T18:15:40.715Z</time>
			</trkpt>
			<trkpt lat="44.89592" lon="2.91037">
				<ele>824.16</ele>
				<time>2026-05-28T18:15:45.498Z</time>
			</trkpt>
			<trkpt lat="44.89582" lon="2.91029">
				<ele>824.44</ele>
				<time>2026-05-28T18:15:46.270Z</time>
			</trkpt>
			<trkpt lat="44.89575" lon="2.90996">
				<ele>827.08</ele>
				<time>2026-05-28T18:15:47.911Z</time>
			</trkpt>
			<trkpt lat="44.89559" lon="2.90879">
				<ele>827.11</ele>
				<time>2026-05-28T18:15:53.585Z</time>
			</trkpt>
			<trkpt lat="44.89559" lon="2.90862">
				<ele>827.32</ele>
				<time>2026-05-28T18:15:54.395Z</time>
			</trkpt>
			<trkpt lat="44.89562" lon="2.90837">
				<ele>829.12</ele>
				<time>2026-05-28T18:15:55.602Z</time>
			</trkpt>
			<trkpt lat="44.8957" lon="2.90812">
				<ele>831.38</ele>
				<time>2026-05-28T18:15:56.908Z</time>
			</trkpt>
			<trkpt lat="44.89584" lon="2.90782">
				<ele>833.74</ele>
				<time>2026-05-28T18:15:58.618Z</time>
			</trkpt>
			<trkpt lat="44.89625" lon="2.90708">
				<ele>836.8</ele>
				<time>2026-05-28T18:16:03.090Z</time>
			</trkpt>
			<trkpt lat="44.8965" lon="2.90666">
				<ele>840.7</ele>
				<time>2026-05-28T18:16:05.700Z</time>
			</trkpt>
			<trkpt lat="44.89662" lon="2.90639">
				<ele>842.76</ele>
				<time>2026-05-28T18:16:07.217Z</time>
			</trkpt>
			<trkpt lat="44.89676" lon="2.9058">
				<ele>843.44</ele>
				<time>2026-05-28T18:16:10.178Z</time>
			</trkpt>
			<trkpt lat="44.89681" lon="2.9055">
				<ele>845.32</ele>
				<time>2026-05-28T18:16:11.644Z</time>
			</trkpt>
			<trkpt lat="44.89683" lon="2.90512">
				<ele>846.5</ele>
				<time>2026-05-28T18:16:13.456Z</time>
			</trkpt>
			<trkpt lat="44.89678" lon="2.9048">
				<ele>846.61</ele>
				<time>2026-05-28T18:16:15.015Z</time>
			</trkpt>
			<trkpt lat="44.89673" lon="2.90469">
				<ele>846.03</ele>
				<time>2026-05-28T18:16:15.637Z</time>
			</trkpt>
			<trkpt lat="44.89655" lon="2.90451">
				<ele>846.14</ele>
				<time>2026-05-28T18:16:17.118Z</time>
			</trkpt>
			<trkpt lat="44.89647" lon="2.90446">
				<ele>845.98</ele>
				<time>2026-05-28T18:16:17.705Z</time>
			</trkpt>
			<trkpt lat="44.89638" lon="2.90443">
				<ele>845.14</ele>
				<time>2026-05-28T18:16:18.326Z</time>
			</trkpt>
			<trkpt lat="44.8963" lon="2.90443">
				<ele>844.83</ele>
				<time>2026-05-28T18:16:18.863Z</time>
			</trkpt>
			<trkpt lat="44.89614" lon="2.9045">
				<ele>843.26</ele>
				<time>2026-05-28T18:16:19.987Z</time>
			</trkpt>
			<trkpt lat="44.89562" lon="2.90501">
				<ele>847.25</ele>
				<time>2026-05-28T18:16:24.237Z</time>
			</trkpt>
			<trkpt lat="44.89535" lon="2.90543">
				<ele>848.74</ele>
				<time>2026-05-28T18:16:26.933Z</time>
			</trkpt>
			<trkpt lat="44.89513" lon="2.90565">
				<ele>849.44</ele>
				<time>2026-05-28T18:16:28.742Z</time>
			</trkpt>
			<trkpt lat="44.89488" lon="2.90581">
				<ele>851.36</ele>
				<time>2026-05-28T18:16:30.583Z</time>
			</trkpt>
			<trkpt lat="44.89454" lon="2.90597">
				<ele>853.49</ele>
				<time>2026-05-28T18:16:32.987Z</time>
			</trkpt>
			<trkpt lat="44.89426" lon="2.90601">
				<ele>855.6</ele>
				<time>2026-05-28T18:16:34.875Z</time>
			</trkpt>
			<trkpt lat="44.89367" lon="2.90604">
				<ele>854.76</ele>
				<time>2026-05-28T18:16:38.834Z</time>
			</trkpt>
			<trkpt lat="44.89348" lon="2.90595">
				<ele>855.76</ele>
				<time>2026-05-28T18:16:40.177Z</time>
			</trkpt>
			<trkpt lat="44.89303" lon="2.90541">
				<ele>859.53</ele>
				<time>2026-05-28T18:16:44.136Z</time>
			</trkpt>
			<trkpt lat="44.8929" lon="2.90528">
				<ele>861.34</ele>
				<time>2026-05-28T18:16:45.204Z</time>
			</trkpt>
			<trkpt lat="44.89283" lon="2.90525">
				<ele>861.98</ele>
				<time>2026-05-28T18:16:45.694Z</time>
			</trkpt>
			<trkpt lat="44.89272" lon="2.90525">
				<ele>862.88</ele>
				<time>2026-05-28T18:16:46.431Z</time>
			</trkpt>
			<trkpt lat="44.89263" lon="2.90527">
				<ele>864.11</ele>
				<time>2026-05-28T18:16:47.042Z</time>
			</trkpt>
			<trkpt lat="44.89256" lon="2.90532">
				<ele>864.74</ele>
				<time>2026-05-28T18:16:47.567Z</time>
			</trkpt>
			<trkpt lat="44.89249" lon="2.90539">
				<ele>865.74</ele>
				<time>2026-05-28T18:16:48.142Z</time>
			</trkpt>
			<trkpt lat="44.89242" lon="2.90554">
				<ele>867.24</ele>
				<time>2026-05-28T18:16:48.995Z</time>
			</trkpt>
			<trkpt lat="44.89214" lon="2.90668">
				<ele>870.99</ele>
				<time>2026-05-28T18:16:54.720Z</time>
			</trkpt>
			<trkpt lat="44.89209" lon="2.907">
				<ele>872.33</ele>
				<time>2026-05-28T18:16:56.275Z</time>
			</trkpt>
			<trkpt lat="44.89209" lon="2.90755">
				<ele>867.2</ele>
				<time>2026-05-28T18:16:58.884Z</time>
			</trkpt>
			<trkpt lat="44.89209" lon="2.90765">
				<ele>866.27</ele>
				<time>2026-05-28T18:16:59.358Z</time>
			</trkpt>
			<trkpt lat="44.89205" lon="2.90778">
				<ele>865.97</ele>
				<time>2026-05-28T18:17:00.030Z</time>
			</trkpt>
			<trkpt lat="44.8919" lon="2.90809">
				<ele>868.8</ele>
				<time>2026-05-28T18:17:01.810Z</time>
			</trkpt>
			<trkpt lat="44.89177" lon="2.90823">
				<ele>872.75</ele>
				<time>2026-05-28T18:17:02.905Z</time>
			</trkpt>
			<trkpt lat="44.89155" lon="2.9083">
				<ele>880.28</ele>
				<time>2026-05-28T18:17:04.414Z</time>
			</trkpt>
			<trkpt lat="44.89109" lon="2.90875">
				<ele>879.55</ele>
				<time>2026-05-28T18:17:08.158Z</time>
			</trkpt>
			<trkpt lat="44.89098" lon="2.9088">
				<ele>879.29</ele>
				<time>2026-05-28T18:17:08.931Z</time>
			</trkpt>
			<trkpt lat="44.89074" lon="2.9088">
				<ele>879.77</ele>
				<time>2026-05-28T18:17:10.537Z</time>
			</trkpt>
			<trkpt lat="44.89036" lon="2.90865">
				<ele>879.02</ele>
				<time>2026-05-28T18:17:13.175Z</time>
			</trkpt>
			<trkpt lat="44.89014" lon="2.90852">
				<ele>879.1</ele>
				<time>2026-05-28T18:17:14.770Z</time>
			</trkpt>
			<trkpt lat="44.88993" lon="2.90822">
				<ele>880.59</ele>
				<time>2026-05-28T18:17:16.767Z</time>
			</trkpt>
			<trkpt lat="44.88983" lon="2.90803">
				<ele>881.07</ele>
				<time>2026-05-28T18:17:17.888Z</time>
			</trkpt>
			<trkpt lat="44.8897" lon="2.90788">
				<ele>880.02</ele>
				<time>2026-05-28T18:17:19.010Z</time>
			</trkpt>
			<trkpt lat="44.88959" lon="2.90767">
				<ele>880.22</ele>
				<time>2026-05-28T18:17:20.247Z</time>
			</trkpt>
			<trkpt lat="44.88956" lon="2.90754">
				<ele>880.45</ele>
				<time>2026-05-28T18:17:20.894Z</time>
			</trkpt>
			<trkpt lat="44.88949" lon="2.90694">
				<ele>882.89</ele>
				<time>2026-05-28T18:17:23.772Z</time>
			</trkpt>
			<trkpt lat="44.88945" lon="2.90676">
				<ele>883.44</ele>
				<time>2026-05-28T18:17:24.665Z</time>
			</trkpt>
			<trkpt lat="44.88903" lon="2.90549">
				<ele>883.4</ele>
				<time>2026-05-28T18:17:31.295Z</time>
			</trkpt>
			<trkpt lat="44.8889" lon="2.90529">
				<ele>884.9</ele>
				<time>2026-05-28T18:17:32.579Z</time>
			</trkpt>
			<trkpt lat="44.88866" lon="2.90506">
				<ele>885.42</ele>
				<time>2026-05-28T18:17:34.515Z</time>
			</trkpt>
			<trkpt lat="44.88848" lon="2.90482">
				<ele>884.91</ele>
				<time>2026-05-28T18:17:36.167Z</time>
			</trkpt>
			<trkpt lat="44.88842" lon="2.90469">
				<ele>885.14</ele>
				<time>2026-05-28T18:17:36.900Z</time>
			</trkpt>
			<trkpt lat="44.88823" lon="2.90406">
				<ele>886.64</ele>
				<time>2026-05-28T18:17:40.136Z</time>
			</trkpt>
			<trkpt lat="44.88809" lon="2.90378">
				<ele>887.64</ele>
				<time>2026-05-28T18:17:41.755Z</time>
			</trkpt>
			<trkpt lat="44.88774" lon="2.90335">
				<ele>890.45</ele>
				<time>2026-05-28T18:17:44.849Z</time>
			</trkpt>
			<trkpt lat="44.88676" lon="2.90177">
				<ele>887.11</ele>
				<time>2026-05-28T18:17:54.761Z</time>
			</trkpt>
			<trkpt lat="44.88666" lon="2.90165">
				<ele>886.22</ele>
				<time>2026-05-28T18:17:55.635Z</time>
			</trkpt>
			<trkpt lat="44.88652" lon="2.90154">
				<ele>885.97</ele>
				<time>2026-05-28T18:17:56.702Z</time>
			</trkpt>
			<trkpt lat="44.88604" lon="2.90127">
				<ele>884.99</ele>
				<time>2026-05-28T18:18:00.141Z</time>
			</trkpt>
			<trkpt lat="44.88495" lon="2.90068">
				<ele>877.62</ele>
				<time>2026-05-28T18:18:07.906Z</time>
			</trkpt>
			<trkpt lat="44.88484" lon="2.90053">
				<ele>877.27</ele>
				<time>2026-05-28T18:18:08.923Z</time>
			</trkpt>
			<trkpt lat="44.88479" lon="2.90044">
				<ele>876.83</ele>
				<time>2026-05-28T18:18:09.461Z</time>
			</trkpt>
			<trkpt lat="44.88478" lon="2.9003">
				<ele>876.69</ele>
				<time>2026-05-28T18:18:10.124Z</time>
			</trkpt>
			<trkpt lat="44.88479" lon="2.90001">
				<ele>876.81</ele>
				<time>2026-05-28T18:18:11.491Z</time>
			</trkpt>
			<trkpt lat="44.88484" lon="2.89974">
				<ele>875.48</ele>
				<time>2026-05-28T18:18:12.805Z</time>
			</trkpt>
			<trkpt lat="44.88488" lon="2.8996">
				<ele>875.2</ele>
				<time>2026-05-28T18:18:13.516Z</time>
			</trkpt>
			<trkpt lat="44.88495" lon="2.89946">
				<ele>875.45</ele>
				<time>2026-05-28T18:18:14.322Z</time>
			</trkpt>
			<trkpt lat="44.88504" lon="2.89933">
				<ele>875.4</ele>
				<time>2026-05-28T18:18:15.178Z</time>
			</trkpt>
			<trkpt lat="44.88525" lon="2.89914">
				<ele>876.44</ele>
				<time>2026-05-28T18:18:16.834Z</time>
			</trkpt>
			<trkpt lat="44.88538" lon="2.89907">
				<ele>876.67</ele>
				<time>2026-05-28T18:18:17.758Z</time>
			</trkpt>
			<trkpt lat="44.8858" lon="2.89896">
				<ele>878.8</ele>
				<time>2026-05-28T18:18:20.594Z</time>
			</trkpt>
			<trkpt lat="44.88586" lon="2.89892">
				<ele>879.09</ele>
				<time>2026-05-28T18:18:21.035Z</time>
			</trkpt>
			<trkpt lat="44.88596" lon="2.89876">
				<ele>879.07</ele>
				<time>2026-05-28T18:18:22.038Z</time>
			</trkpt>
			<trkpt lat="44.88599" lon="2.89864">
				<ele>878.36</ele>
				<time>2026-05-28T18:18:22.636Z</time>
			</trkpt>
			<trkpt lat="44.886" lon="2.89844">
				<ele>877.46</ele>
				<time>2026-05-28T18:18:23.579Z</time>
			</trkpt>
			<trkpt lat="44.8859" lon="2.89783">
				<ele>874.84</ele>
				<time>2026-05-28T18:18:26.522Z</time>
			</trkpt>
			<trkpt lat="44.88583" lon="2.89719">
				<ele>867.79</ele>
				<time>2026-05-28T18:18:29.564Z</time>
			</trkpt>
			<trkpt lat="44.88586" lon="2.89695">
				<ele>866.69</ele>
				<time>2026-05-28T18:18:30.709Z</time>
			</trkpt>
			<trkpt lat="44.88599" lon="2.8966">
				<ele>867.81</ele>
				<time>2026-05-28T18:18:32.565Z</time>
			</trkpt>
			<trkpt lat="44.88603" lon="2.89647">
				<ele>866.97</ele>
				<time>2026-05-28T18:18:33.230Z</time>
			</trkpt>
			<trkpt lat="44.88604" lon="2.89633">
				<ele>865.72</ele>
				<time>2026-05-28T18:18:33.891Z</time>
			</trkpt>
			<trkpt lat="44.886" lon="2.89562">
				<ele>861.41</ele>
				<time>2026-05-28T18:18:37.234Z</time>
			</trkpt>
			<trkpt lat="44.88605" lon="2.8952">
				<ele>863.13</ele>
				<time>2026-05-28T18:18:39.232Z</time>
			</trkpt>
			<trkpt lat="44.88605" lon="2.89511">
				<ele>863.2</ele>
				<time>2026-05-28T18:18:39.654Z</time>
			</trkpt>
			<trkpt lat="44.88603" lon="2.89502">
				<ele>863.07</ele>
				<time>2026-05-28T18:18:40.097Z</time>
			</trkpt>
			<trkpt lat="44.88593" lon="2.89485">
				<ele>862.7</ele>
				<time>2026-05-28T18:18:41.133Z</time>
			</trkpt>
			<trkpt lat="44.88586" lon="2.89479">
				<ele>861.67</ele>
				<time>2026-05-28T18:18:41.675Z</time>
			</trkpt>
			<trkpt lat="44.88573" lon="2.89475">
				<ele>860.53</ele>
				<time>2026-05-28T18:18:42.556Z</time>
			</trkpt>
			<trkpt lat="44.88545" lon="2.89481">
				<ele>859.84</ele>
				<time>2026-05-28T18:18:44.430Z</time>
			</trkpt>
			<trkpt lat="44.88537" lon="2.89479">
				<ele>860.4</ele>
				<time>2026-05-28T18:18:44.967Z</time>
			</trkpt>
			<trkpt lat="44.88525" lon="2.89474">
				<ele>861.99</ele>
				<time>2026-05-28T18:18:45.795Z</time>
			</trkpt>
			<trkpt lat="44.88509" lon="2.8947">
				<ele>865.05</ele>
				<time>2026-05-28T18:18:46.870Z</time>
			</trkpt>
			<trkpt lat="44.88463" lon="2.89483">
				<ele>865.41</ele>
				<time>2026-05-28T18:18:49.972Z</time>
			</trkpt>
			<trkpt lat="44.8845" lon="2.89489">
				<ele>865.13</ele>
				<time>2026-05-28T18:18:50.876Z</time>
			</trkpt>
			<trkpt lat="44.88441" lon="2.89497">
				<ele>865.01</ele>
				<time>2026-05-28T18:18:51.579Z</time>
			</trkpt>
			<trkpt lat="44.88424" lon="2.89532">
				<ele>862.24</ele>
				<time>2026-05-28T18:18:53.566Z</time>
			</trkpt>
			<trkpt lat="44.88417" lon="2.89542">
				<ele>861.62</ele>
				<time>2026-05-28T18:18:54.224Z</time>
			</trkpt>
			<trkpt lat="44.88378" lon="2.89582">
				<ele>860.54</ele>
				<time>2026-05-28T18:18:57.408Z</time>
			</trkpt>
			<trkpt lat="44.88356" lon="2.896">
				<ele>860.82</ele>
				<time>2026-05-28T18:18:59.087Z</time>
			</trkpt>
			<trkpt lat="44.8833" lon="2.89615">
				<ele>860.36</ele>
				<time>2026-05-28T18:19:00.941Z</time>
			</trkpt>
			<trkpt lat="44.88316" lon="2.89626">
				<ele>859.32</ele>
				<time>2026-05-28T18:19:01.999Z</time>
			</trkpt>
			<trkpt lat="44.88265" lon="2.8968">
				<ele>858.63</ele>
				<time>2026-05-28T18:19:06.205Z</time>
			</trkpt>
			<trkpt lat="44.88255" lon="2.89691">
				<ele>858.73</ele>
				<time>2026-05-28T18:19:07.041Z</time>
			</trkpt>
			<trkpt lat="44.88242" lon="2.89715">
				<ele>859.08</ele>
				<time>2026-05-28T18:19:08.452Z</time>
			</trkpt>
			<trkpt lat="44.88226" lon="2.89762">
				<ele>857.76</ele>
				<time>2026-05-28T18:19:10.887Z</time>
			</trkpt>
			<trkpt lat="44.88221" lon="2.89771">
				<ele>857.73</ele>
				<time>2026-05-28T18:19:11.421Z</time>
			</trkpt>
			<trkpt lat="44.88211" lon="2.89781">
				<ele>858.63</ele>
				<time>2026-05-28T18:19:12.228Z</time>
			</trkpt>
			<trkpt lat="44.88191" lon="2.89786">
				<ele>861.55</ele>
				<time>2026-05-28T18:19:13.566Z</time>
			</trkpt>
			<trkpt lat="44.88133" lon="2.89791">
				<ele>861.18</ele>
				<time>2026-05-28T18:19:17.393Z</time>
			</trkpt>
			<trkpt lat="44.88113" lon="2.8979">
				<ele>859.86</ele>
				<time>2026-05-28T18:19:18.710Z</time>
			</trkpt>
			<trkpt lat="44.88105" lon="2.89788">
				<ele>859.38</ele>
				<time>2026-05-28T18:19:19.245Z</time>
			</trkpt>
			<trkpt lat="44.88092" lon="2.89778">
				<ele>858.58</ele>
				<time>2026-05-28T18:19:20.219Z</time>
			</trkpt>
			<trkpt lat="44.88085" lon="2.89768">
				<ele>858.66</ele>
				<time>2026-05-28T18:19:20.874Z</time>
			</trkpt>
			<trkpt lat="44.88033" lon="2.89665">
				<ele>854.55</ele>
				<time>2026-05-28T18:19:26.767Z</time>
			</trkpt>
			<trkpt lat="44.88025" lon="2.89653">
				<ele>854.39</ele>
				<time>2026-05-28T18:19:27.534Z</time>
			</trkpt>
			<trkpt lat="44.87923" lon="2.89525">
				<ele>857.45</ele>
				<time>2026-05-28T18:19:36.496Z</time>
			</trkpt>
			<trkpt lat="44.879" lon="2.89503">
				<ele>858.15</ele>
				<time>2026-05-28T18:19:38.319Z</time>
			</trkpt>
			<trkpt lat="44.87892" lon="2.89498">
				<ele>857.36</ele>
				<time>2026-05-28T18:19:38.893Z</time>
			</trkpt>
			<trkpt lat="44.87883" lon="2.89496">
				<ele>856.43</ele>
				<time>2026-05-28T18:19:39.490Z</time>
			</trkpt>
			<trkpt lat="44.8787" lon="2.89497">
				<ele>855.13</ele>
				<time>2026-05-28T18:19:40.344Z</time>
			</trkpt>
			<trkpt lat="44.87841" lon="2.89521">
				<ele>852.03</ele>
				<time>2026-05-28T18:19:42.548Z</time>
			</trkpt>
			<trkpt lat="44.87831" lon="2.89526">
				<ele>851.96</ele>
				<time>2026-05-28T18:19:43.243Z</time>
			</trkpt>
			<trkpt lat="44.8782" lon="2.89527">
				<ele>851.1</ele>
				<time>2026-05-28T18:19:43.965Z</time>
			</trkpt>
			<trkpt lat="44.87811" lon="2.89526">
				<ele>850.5</ele>
				<time>2026-05-28T18:19:44.557Z</time>
			</trkpt>
			<trkpt lat="44.87782" lon="2.89508">
				<ele>846.67</ele>
				<time>2026-05-28T18:19:46.632Z</time>
			</trkpt>
			<trkpt lat="44.87757" lon="2.89484">
				<ele>843.59</ele>
				<time>2026-05-28T18:19:48.612Z</time>
			</trkpt>
			<trkpt lat="44.87745" lon="2.8947">
				<ele>842.68</ele>
				<time>2026-05-28T18:19:49.631Z</time>
			</trkpt>
			<trkpt lat="44.8772" lon="2.89431">
				<ele>844.5</ele>
				<time>2026-05-28T18:19:52.070Z</time>
			</trkpt>
			<trkpt lat="44.87695" lon="2.8938">
				<ele>844.89</ele>
				<time>2026-05-28T18:19:54.944Z</time>
			</trkpt>
			<trkpt lat="44.87681" lon="2.89343">
				<ele>843.86</ele>
				<time>2026-05-28T18:19:56.887Z</time>
			</trkpt>
			<trkpt lat="44.87652" lon="2.89221">
				<ele>845.17</ele>
				<time>2026-05-28T18:20:02.844Z</time>
			</trkpt>
			<trkpt lat="44.87648" lon="2.89207">
				<ele>845.29</ele>
				<time>2026-05-28T18:20:03.542Z</time>
			</trkpt>
			<trkpt lat="44.87641" lon="2.89194">
				<ele>844.24</ele>
				<time>2026-05-28T18:20:04.297Z</time>
			</trkpt>
			<trkpt lat="44.87629" lon="2.89182">
				<ele>843.51</ele>
				<time>2026-05-28T18:20:05.257Z</time>
			</trkpt>
			<trkpt lat="44.87569" lon="2.89144">
				<ele>838.54</ele>
				<time>2026-05-28T18:20:09.547Z</time>
			</trkpt>
			<trkpt lat="44.87561" lon="2.89136">
				<ele>837.72</ele>
				<time>2026-05-28T18:20:10.186Z</time>
			</trkpt>
			<trkpt lat="44.87549" lon="2.89114">
				<ele>836.38</ele>
				<time>2026-05-28T18:20:11.469Z</time>
			</trkpt>
			<trkpt lat="44.87546" lon="2.89101">
				<ele>836.36</ele>
				<time>2026-05-28T18:20:12.100Z</time>
			</trkpt>
			<trkpt lat="44.87545" lon="2.89076">
				<ele>836.99</ele>
				<time>2026-05-28T18:20:13.256Z</time>
			</trkpt>
			<trkpt lat="44.87549" lon="2.89056">
				<ele>837.82</ele>
				<time>2026-05-28T18:20:14.216Z</time>
			</trkpt>
			<trkpt lat="44.87553" lon="2.89044">
				<ele>837.85</ele>
				<time>2026-05-28T18:20:14.828Z</time>
			</trkpt>
			<trkpt lat="44.87609" lon="2.88939">
				<ele>836.67</ele>
				<time>2026-05-28T18:20:20.889Z</time>
			</trkpt>
			<trkpt lat="44.87632" lon="2.889">
				<ele>835.81</ele>
				<time>2026-05-28T18:20:23.228Z</time>
			</trkpt>
			<trkpt lat="44.87662" lon="2.88856">
				<ele>837.65</ele>
				<time>2026-05-28T18:20:26.040Z</time>
			</trkpt>
			<trkpt lat="44.87685" lon="2.88817">
				<ele>838.89</ele>
				<time>2026-05-28T18:20:28.376Z</time>
			</trkpt>
			<trkpt lat="44.87742" lon="2.88751">
				<ele>842.31</ele>
				<time>2026-05-28T18:20:33.162Z</time>
			</trkpt>
			<trkpt lat="44.87775" lon="2.88691">
				<ele>841.96</ele>
				<time>2026-05-28T18:20:36.653Z</time>
			</trkpt>
			<trkpt lat="44.87775" lon="2.88685">
				<ele>841.77</ele>
				<time>2026-05-28T18:20:36.928Z</time>
			</trkpt>
			<trkpt lat="44.87772" lon="2.88682">
				<ele>841.82</ele>
				<time>2026-05-28T18:20:37.167Z</time>
			</trkpt>
			<trkpt lat="44.87765" lon="2.88664">
				<ele>841.68</ele>
				<time>2026-05-28T18:20:38.110Z</time>
			</trkpt>
			<trkpt lat="44.8771" lon="2.88495">
				<ele>834.49</ele>
				<time>2026-05-28T18:20:46.642Z</time>
			</trkpt>
			<trkpt lat="44.87706" lon="2.88476">
				<ele>833.98</ele>
				<time>2026-05-28T18:20:47.551Z</time>
			</trkpt>
			<trkpt lat="44.87704" lon="2.88469">
				<ele>833.64</ele>
				<time>2026-05-28T18:20:47.897Z</time>
			</trkpt>
			<trkpt lat="44.87692" lon="2.88454">
				<ele>832.1</ele>
				<time>2026-05-28T18:20:48.933Z</time>
			</trkpt>
			<trkpt lat="44.87674" lon="2.88444">
				<ele>829.15</ele>
				<time>2026-05-28T18:20:50.184Z</time>
			</trkpt>
			<trkpt lat="44.87665" lon="2.88441">
				<ele>827.73</ele>
				<time>2026-05-28T18:20:50.781Z</time>
			</trkpt>
			<trkpt lat="44.87642" lon="2.88439">
				<ele>826.67</ele>
				<time>2026-05-28T18:20:52.270Z</time>
			</trkpt>
			<trkpt lat="44.87624" lon="2.88434">
				<ele>827.65</ele>
				<time>2026-05-28T18:20:53.455Z</time>
			</trkpt>
			<trkpt lat="44.87617" lon="2.88429">
				<ele>828.15</ele>
				<time>2026-05-28T18:20:53.962Z</time>
			</trkpt>
			<trkpt lat="44.87608" lon="2.88419">
				<ele>829</ele>
				<time>2026-05-28T18:20:54.702Z</time>
			</trkpt>
			<trkpt lat="44.87602" lon="2.88405">
				<ele>828.96</ele>
				<time>2026-05-28T18:20:55.450Z</time>
			</trkpt>
			<trkpt lat="44.87601" lon="2.88376">
				<ele>825.82</ele>
				<time>2026-05-28T18:20:56.778Z</time>
			</trkpt>
			<trkpt lat="44.87603" lon="2.88342">
				<ele>823.07</ele>
				<time>2026-05-28T18:20:58.338Z</time>
			</trkpt>
			<trkpt lat="44.87604" lon="2.883">
				<ele>821.88</ele>
				<time>2026-05-28T18:21:00.259Z</time>
			</trkpt>
			<trkpt lat="44.87601" lon="2.8826">
				<ele>818.39</ele>
				<time>2026-05-28T18:21:02.096Z</time>
			</trkpt>
			<trkpt lat="44.87593" lon="2.88188">
				<ele>813.56</ele>
				<time>2026-05-28T18:21:05.424Z</time>
			</trkpt>
			<trkpt lat="44.87595" lon="2.88168">
				<ele>813.22</ele>
				<time>2026-05-28T18:21:06.345Z</time>
			</trkpt>
			<trkpt lat="44.87599" lon="2.88159">
				<ele>813.38</ele>
				<time>2026-05-28T18:21:06.830Z</time>
			</trkpt>
			<trkpt lat="44.87625" lon="2.88119">
				<ele>808.26</ele>
				<time>2026-05-28T18:21:09.306Z</time>
			</trkpt>
			<trkpt lat="44.8763" lon="2.88109">
				<ele>806.78</ele>
				<time>2026-05-28T18:21:09.864Z</time>
			</trkpt>
			<trkpt lat="44.87633" lon="2.88078">
				<ele>806.46</ele>
				<time>2026-05-28T18:21:11.290Z</time>
			</trkpt>
			<trkpt lat="44.87627" lon="2.87961">
				<ele>801.88</ele>
				<time>2026-05-28T18:21:16.562Z</time>
			</trkpt>
			<trkpt lat="44.87629" lon="2.87813">
				<ele>788.95</ele>
				<time>2026-05-28T18:21:23.003Z</time>
			</trkpt>
			<trkpt lat="44.87624" lon="2.87797">
				<ele>786.42</ele>
				<time>2026-05-28T18:21:23.749Z</time>
			</trkpt>
			<trkpt lat="44.87612" lon="2.8778">
				<ele>784.38</ele>
				<time>2026-05-28T18:21:24.768Z</time>
			</trkpt>
			<trkpt lat="44.87593" lon="2.87765">
				<ele>782.36</ele>
				<time>2026-05-28T18:21:26.065Z</time>
			</trkpt>
			<trkpt lat="44.87531" lon="2.87726">
				<ele>778.56</ele>
				<time>2026-05-28T18:21:30.053Z</time>
			</trkpt>
			<trkpt lat="44.87518" lon="2.87715">
				<ele>776.46</ele>
				<time>2026-05-28T18:21:30.932Z</time>
			</trkpt>
			<trkpt lat="44.87493" lon="2.87691">
				<ele>770.33</ele>
				<time>2026-05-28T18:21:32.675Z</time>
			</trkpt>
			<trkpt lat="44.8747" lon="2.87681">
				<ele>768.08</ele>
				<time>2026-05-28T18:21:34.051Z</time>
			</trkpt>
			<trkpt lat="44.87392" lon="2.87658">
				<ele>760.12</ele>
				<time>2026-05-28T18:21:38.545Z</time>
			</trkpt>
			<trkpt lat="44.87377" lon="2.87658">
				<ele>757.96</ele>
				<time>2026-05-28T18:21:39.381Z</time>
			</trkpt>
			<trkpt lat="44.87364" lon="2.87661">
				<ele>756.46</ele>
				<time>2026-05-28T18:21:40.112Z</time>
			</trkpt>
			<trkpt lat="44.87343" lon="2.87675">
				<ele>755.14</ele>
				<time>2026-05-28T18:21:41.396Z</time>
			</trkpt>
			<trkpt lat="44.87295" lon="2.87716">
				<ele>754.17</ele>
				<time>2026-05-28T18:21:44.468Z</time>
			</trkpt>
			<trkpt lat="44.87276" lon="2.87725">
				<ele>752.44</ele>
				<time>2026-05-28T18:21:45.556Z</time>
			</trkpt>
			<trkpt lat="44.87267" lon="2.87725">
				<ele>751.53</ele>
				<time>2026-05-28T18:21:46.043Z</time>
			</trkpt>
			<trkpt lat="44.87255" lon="2.87723">
				<ele>749.81</ele>
				<time>2026-05-28T18:21:46.696Z</time>
			</trkpt>
			<trkpt lat="44.87216" lon="2.87705">
				<ele>744.47</ele>
				<time>2026-05-28T18:21:48.900Z</time>
			</trkpt>
			<trkpt lat="44.87212" lon="2.87699">
				<ele>743.03</ele>
				<time>2026-05-28T18:21:49.212Z</time>
			</trkpt>
			<trkpt lat="44.87211" lon="2.87691">
				<ele>742.18</ele>
				<time>2026-05-28T18:21:49.519Z</time>
			</trkpt>
			<trkpt lat="44.87212" lon="2.87685">
				<ele>741.93</ele>
				<time>2026-05-28T18:21:49.752Z</time>
			</trkpt>
			<trkpt lat="44.87222" lon="2.87675">
				<ele>744.62</ele>
				<time>2026-05-28T18:21:50.405Z</time>
			</trkpt>
			<trkpt lat="44.87227" lon="2.87674">
				<ele>743.9</ele>
				<time>2026-05-28T18:21:50.674Z</time>
			</trkpt>
			<trkpt lat="44.87234" lon="2.87676">
				<ele>743.33</ele>
				<time>2026-05-28T18:21:51.053Z</time>
			</trkpt>
			<trkpt lat="44.87256" lon="2.87691">
				<ele>743.7</ele>
				<time>2026-05-28T18:21:52.348Z</time>
			</trkpt>
			<trkpt lat="44.87263" lon="2.87692">
				<ele>744.02</ele>
				<time>2026-05-28T18:21:52.719Z</time>
			</trkpt>
			<trkpt lat="44.87276" lon="2.87686">
				<ele>743.09</ele>
				<time>2026-05-28T18:21:53.441Z</time>
			</trkpt>
			<trkpt lat="44.87283" lon="2.87679">
				<ele>742.27</ele>
				<time>2026-05-28T18:21:53.892Z</time>
			</trkpt>
			<trkpt lat="44.87335" lon="2.87599">
				<ele>734.66</ele>
				<time>2026-05-28T18:21:57.916Z</time>
			</trkpt>
			<trkpt lat="44.87362" lon="2.87524">
				<ele>727.91</ele>
				<time>2026-05-28T18:22:01.006Z</time>
			</trkpt>
			<trkpt lat="44.87371" lon="2.87513">
				<ele>728.55</ele>
				<time>2026-05-28T18:22:01.621Z</time>
			</trkpt>
			<trkpt lat="44.87376" lon="2.87512">
				<ele>729.74</ele>
				<time>2026-05-28T18:22:01.882Z</time>
			</trkpt>
			<trkpt lat="44.87381" lon="2.87513">
				<ele>731.18</ele>
				<time>2026-05-28T18:22:02.142Z</time>
			</trkpt>
			<trkpt lat="44.87387" lon="2.87518">
				<ele>733.08</ele>
				<time>2026-05-28T18:22:02.501Z</time>
			</trkpt>
			<trkpt lat="44.874" lon="2.87538">
				<ele>734.01</ele>
				<time>2026-05-28T18:22:03.490Z</time>
			</trkpt>
			<trkpt lat="44.87412" lon="2.87547">
				<ele>734.22</ele>
				<time>2026-05-28T18:22:04.189Z</time>
			</trkpt>
			<trkpt lat="44.87453" lon="2.87554">
				<ele>728.98</ele>
				<time>2026-05-28T18:22:06.305Z</time>
			</trkpt>
			<trkpt lat="44.87466" lon="2.87558">
				<ele>727.32</ele>
				<time>2026-05-28T18:22:06.986Z</time>
			</trkpt>
			<trkpt lat="44.87476" lon="2.87564">
				<ele>727.56</ele>
				<time>2026-05-28T18:22:07.542Z</time>
			</trkpt>
			<trkpt lat="44.87505" lon="2.87588">
				<ele>731.1</ele>
				<time>2026-05-28T18:22:09.258Z</time>
			</trkpt>
			<trkpt lat="44.87524" lon="2.87595">
				<ele>729.16</ele>
				<time>2026-05-28T18:22:10.259Z</time>
			</trkpt>
			<trkpt lat="44.87543" lon="2.87605">
				<ele>728.22</ele>
				<time>2026-05-28T18:22:11.292Z</time>
			</trkpt>
			<trkpt lat="44.87588" lon="2.87612">
				<ele>722.11</ele>
				<time>2026-05-28T18:22:13.597Z</time>
			</trkpt>
			<trkpt lat="44.87619" lon="2.87622">
				<ele>720.77</ele>
				<time>2026-05-28T18:22:15.214Z</time>
			</trkpt>
			<trkpt lat="44.87634" lon="2.87623">
				<ele>721.5</ele>
				<time>2026-05-28T18:22:15.978Z</time>
			</trkpt>
			<trkpt lat="44.87647" lon="2.87618">
				<ele>720.72</ele>
				<time>2026-05-28T18:22:16.664Z</time>
			</trkpt>
			<trkpt lat="44.87675" lon="2.87598">
				<ele>715.92</ele>
				<time>2026-05-28T18:22:18.261Z</time>
			</trkpt>
			<trkpt lat="44.87702" lon="2.87576">
				<ele>709.04</ele>
				<time>2026-05-28T18:22:19.849Z</time>
			</trkpt>
			<trkpt lat="44.87716" lon="2.87569">
				<ele>707.04</ele>
				<time>2026-05-28T18:22:20.606Z</time>
			</trkpt>
			<trkpt lat="44.87722" lon="2.87571">
				<ele>707.47</ele>
				<time>2026-05-28T18:22:20.920Z</time>
			</trkpt>
			<trkpt lat="44.87726" lon="2.87575">
				<ele>707.4</ele>
				<time>2026-05-28T18:22:21.170Z</time>
			</trkpt>
			<trkpt lat="44.87729" lon="2.87582">
				<ele>708.22</ele>
				<time>2026-05-28T18:22:21.466Z</time>
			</trkpt>
			<trkpt lat="44.87771" lon="2.87691">
				<ele>713.41</ele>
				<time>2026-05-28T18:22:25.963Z</time>
			</trkpt>
			<trkpt lat="44.87782" lon="2.87707">
				<ele>708.23</ele>
				<time>2026-05-28T18:22:26.774Z</time>
			</trkpt>
			<trkpt lat="44.87797" lon="2.87712">
				<ele>701.11</ele>
				<time>2026-05-28T18:22:27.567Z</time>
			</trkpt>
			<trkpt lat="44.87805" lon="2.87717">
				<ele>697.87</ele>
				<time>2026-05-28T18:22:28.017Z</time>
			</trkpt>
			<trkpt lat="44.87812" lon="2.87726">
				<ele>696.5</ele>
				<time>2026-05-28T18:22:28.505Z</time>
			</trkpt>
			<trkpt lat="44.87819" lon="2.87745">
				<ele>695.96</ele>
				<time>2026-05-28T18:22:29.288Z</time>
			</trkpt>
			<trkpt lat="44.87819" lon="2.87774">
				<ele>697.5</ele>
				<time>2026-05-28T18:22:30.350Z</time>
			</trkpt>
			<trkpt lat="44.87806" lon="2.87823">
				<ele>704.72</ele>
				<time>2026-05-28T18:22:32.273Z</time>
			</trkpt>
			<trkpt lat="44.87792" lon="2.87895">
				<ele>709.95</ele>
				<time>2026-05-28T18:22:35.034Z</time>
			</trkpt>
			<trkpt lat="44.87795" lon="2.87917">
				<ele>708.61</ele>
				<time>2026-05-28T18:22:35.866Z</time>
			</trkpt>
			<trkpt lat="44.878" lon="2.87928">
				<ele>704.72</ele>
				<time>2026-05-28T18:22:36.353Z</time>
			</trkpt>
			<trkpt lat="44.87813" lon="2.87938">
				<ele>699.01</ele>
				<time>2026-05-28T18:22:37.132Z</time>
			</trkpt>
			<trkpt lat="44.8783" lon="2.87935">
				<ele>695.23</ele>
				<time>2026-05-28T18:22:38.036Z</time>
			</trkpt>
			<trkpt lat="44.87835" lon="2.87928">
				<ele>693.25</ele>
				<time>2026-05-28T18:22:38.409Z</time>
			</trkpt>
			<trkpt lat="44.87861" lon="2.87861">
				<ele>685.11</ele>
				<time>2026-05-28T18:22:41.287Z</time>
			</trkpt>
			<trkpt lat="44.87889" lon="2.87795">
				<ele>684.61</ele>
				<time>2026-05-28T18:22:44.215Z</time>
			</trkpt>
			<trkpt lat="44.87898" lon="2.8774">
				<ele>686.18</ele>
				<time>2026-05-28T18:22:46.385Z</time>
			</trkpt>
			<trkpt lat="44.87899" lon="2.87723">
				<ele>686.05</ele>
				<time>2026-05-28T18:22:47.045Z</time>
			</trkpt>
			<trkpt lat="44.87896" lon="2.877">
				<ele>684.01</ele>
				<time>2026-05-28T18:22:47.952Z</time>
			</trkpt>
			<trkpt lat="44.87892" lon="2.87678">
				<ele>682.76</ele>
				<time>2026-05-28T18:22:48.836Z</time>
			</trkpt>
			<trkpt lat="44.87886" lon="2.8766">
				<ele>682.27</ele>
				<time>2026-05-28T18:22:49.614Z</time>
			</trkpt>
			<trkpt lat="44.87879" lon="2.87652">
				<ele>682.01</ele>
				<time>2026-05-28T18:22:50.112Z</time>
			</trkpt>
			<trkpt lat="44.8787" lon="2.87645">
				<ele>680.71</ele>
				<time>2026-05-28T18:22:50.681Z</time>
			</trkpt>
			<trkpt lat="44.87844" lon="2.8763">
				<ele>675.51</ele>
				<time>2026-05-28T18:22:52.246Z</time>
			</trkpt>
			<trkpt lat="44.87834" lon="2.87618">
				<ele>672.77</ele>
				<time>2026-05-28T18:22:52.981Z</time>
			</trkpt>
			<trkpt lat="44.87829" lon="2.87603">
				<ele>671.87</ele>
				<time>2026-05-28T18:22:53.640Z</time>
			</trkpt>
			<trkpt lat="44.87827" lon="2.87593">
				<ele>671.61</ele>
				<time>2026-05-28T18:22:54.055Z</time>
			</trkpt>
			<trkpt lat="44.87829" lon="2.87518">
				<ele>673.01</ele>
				<time>2026-05-28T18:22:57.074Z</time>
			</trkpt>
			<trkpt lat="44.87827" lon="2.87509">
				<ele>673.61</ele>
				<time>2026-05-28T18:22:57.457Z</time>
			</trkpt>
			<trkpt lat="44.87818" lon="2.87486">
				<ele>673.35</ele>
				<time>2026-05-28T18:22:58.526Z</time>
			</trkpt>
			<trkpt lat="44.87804" lon="2.8746">
				<ele>670.85</ele>
				<time>2026-05-28T18:22:59.863Z</time>
			</trkpt>
			<trkpt lat="44.87791" lon="2.87439">
				<ele>669.1</ele>
				<time>2026-05-28T18:23:01.012Z</time>
			</trkpt>
			<trkpt lat="44.87754" lon="2.87389">
				<ele>664.12</ele>
				<time>2026-05-28T18:23:04.023Z</time>
			</trkpt>
			<trkpt lat="44.87748" lon="2.87373">
				<ele>665.4</ele>
				<time>2026-05-28T18:23:04.785Z</time>
			</trkpt>
			<trkpt lat="44.87741" lon="2.87364">
				<ele>665.52</ele>
				<time>2026-05-28T18:23:05.349Z</time>
			</trkpt>
			<trkpt lat="44.87727" lon="2.87356">
				<ele>663.4</ele>
				<time>2026-05-28T18:23:06.252Z</time>
			</trkpt>
			<trkpt lat="44.87708" lon="2.87354">
				<ele>661.01</ele>
				<time>2026-05-28T18:23:07.398Z</time>
			</trkpt>
			<trkpt lat="44.8767" lon="2.87356">
				<ele>657.47</ele>
				<time>2026-05-28T18:23:09.705Z</time>
			</trkpt>
			<trkpt lat="44.87639" lon="2.87362">
				<ele>652.96</ele>
				<time>2026-05-28T18:23:11.626Z</time>
			</trkpt>
			<trkpt lat="44.87629" lon="2.87361">
				<ele>650.86</ele>
				<time>2026-05-28T18:23:12.246Z</time>
			</trkpt>
			<trkpt lat="44.87622" lon="2.87357">
				<ele>649.86</ele>
				<time>2026-05-28T18:23:12.714Z</time>
			</trkpt>
			<trkpt lat="44.87618" lon="2.8735">
				<ele>649.66</ele>
				<time>2026-05-28T18:23:13.110Z</time>
			</trkpt>
			<trkpt lat="44.87616" lon="2.8734">
				<ele>650.05</ele>
				<time>2026-05-28T18:23:13.569Z</time>
			</trkpt>
			<trkpt lat="44.87616" lon="2.87312">
				<ele>653.41</ele>
				<time>2026-05-28T18:23:14.811Z</time>
			</trkpt>
			<trkpt lat="44.87614" lon="2.87272">
				<ele>657.07</ele>
				<time>2026-05-28T18:23:16.605Z</time>
			</trkpt>
			<trkpt lat="44.8759" lon="2.87148">
				<ele>658.84</ele>
				<time>2026-05-28T18:23:22.480Z</time>
			</trkpt>
			<trkpt lat="44.87586" lon="2.87087">
				<ele>660.71</ele>
				<time>2026-05-28T18:23:25.351Z</time>
			</trkpt>
			<trkpt lat="44.87573" lon="2.87041">
				<ele>662.62</ele>
				<time>2026-05-28T18:23:27.706Z</time>
			</trkpt>
			<trkpt lat="44.87568" lon="2.87028">
				<ele>662.85</ele>
				<time>2026-05-28T18:23:28.416Z</time>
			</trkpt>
			<trkpt lat="44.87556" lon="2.87011">
				<ele>663.86</ele>
				<time>2026-05-28T18:23:29.573Z</time>
			</trkpt>
			<trkpt lat="44.87504" lon="2.86964">
				<ele>662.18</ele>
				<time>2026-05-28T18:23:33.841Z</time>
			</trkpt>
			<trkpt lat="44.87467" lon="2.86922">
				<ele>658.86</ele>
				<time>2026-05-28T18:23:37.195Z</time>
			</trkpt>
			<trkpt lat="44.87434" lon="2.86892">
				<ele>660.53</ele>
				<time>2026-05-28T18:23:40.017Z</time>
			</trkpt>
			<trkpt lat="44.874" lon="2.86868">
				<ele>656.78</ele>
				<time>2026-05-28T18:23:42.793Z</time>
			</trkpt>
			<trkpt lat="44.87373" lon="2.86864">
				<ele>650.55</ele>
				<time>2026-05-28T18:23:44.802Z</time>
			</trkpt>
			<trkpt lat="44.87362" lon="2.86858">
				<ele>648.57</ele>
				<time>2026-05-28T18:23:45.682Z</time>
			</trkpt>
			<trkpt lat="44.87358" lon="2.86853">
				<ele>648.08</ele>
				<time>2026-05-28T18:23:46.082Z</time>
			</trkpt>
			<trkpt lat="44.87354" lon="2.86846">
				<ele>647.78</ele>
				<time>2026-05-28T18:23:46.560Z</time>
			</trkpt>
			<trkpt lat="44.87351" lon="2.86837">
				<ele>647.78</ele>
				<time>2026-05-28T18:23:47.091Z</time>
			</trkpt>
			<trkpt lat="44.8735" lon="2.86827">
				<ele>648.02</ele>
				<time>2026-05-28T18:23:47.631Z</time>
			</trkpt>
			<trkpt lat="44.87351" lon="2.868">
				<ele>649</ele>
				<time>2026-05-28T18:23:49.086Z</time>
			</trkpt>
			<trkpt lat="44.87347" lon="2.86754">
				<ele>644.42</ele>
				<time>2026-05-28T18:23:51.606Z</time>
			</trkpt>
			<trkpt lat="44.87339" lon="2.86754">
				<ele>642.59</ele>
				<time>2026-05-28T18:23:52.225Z</time>
			</trkpt>
			<trkpt lat="44.87198" lon="2.86696">
				<ele>678.16</ele>
				<time>2026-05-28T18:24:03.979Z</time>
			</trkpt>
			<trkpt lat="44.87186" lon="2.86691">
				<ele>675.75</ele>
				<time>2026-05-28T18:24:05.015Z</time>
			</trkpt>
			<trkpt lat="44.87189" lon="2.86656">
				<ele>661.95</ele>
				<time>2026-05-28T18:24:07.101Z</time>
			</trkpt>
			<trkpt lat="44.87196" lon="2.86612">
				<ele>674.03</ele>
				<time>2026-05-28T18:24:09.802Z</time>
			</trkpt>
			<trkpt lat="44.87198" lon="2.86587">
				<ele>674.11</ele>
				<time>2026-05-28T18:24:11.326Z</time>
			</trkpt>
			<trkpt lat="44.87199" lon="2.86554">
				<ele>672.91</ele>
				<time>2026-05-28T18:24:13.344Z</time>
			</trkpt>
			<trkpt lat="44.87196" lon="2.86469">
				<ele>665.9</ele>
				<time>2026-05-28T18:24:18.642Z</time>
			</trkpt>
			<trkpt lat="44.87197" lon="2.86446">
				<ele>664.97</ele>
				<time>2026-05-28T18:24:20.101Z</time>
			</trkpt>
			<trkpt lat="44.87202" lon="2.8642">
				<ele>668.09</ele>
				<time>2026-05-28T18:24:21.820Z</time>
			</trkpt>
			<trkpt lat="44.87207" lon="2.86404">
				<ele>668.57</ele>
				<time>2026-05-28T18:24:22.943Z</time>
			</trkpt>
			<trkpt lat="44.87209" lon="2.86382">
				<ele>670.91</ele>
				<time>2026-05-28T18:24:24.377Z</time>
			</trkpt>
			<trkpt lat="44.87208" lon="2.86365">
				<ele>672.59</ele>
				<time>2026-05-28T18:24:25.487Z</time>
			</trkpt>
			<trkpt lat="44.87211" lon="2.86326">
				<ele>667.16</ele>
				<time>2026-05-28T18:24:28.062Z</time>
			</trkpt>
			<trkpt lat="44.87207" lon="2.86279">
				<ele>669.78</ele>
				<time>2026-05-28T18:24:31.211Z</time>
			</trkpt>
			<trkpt lat="44.87206" lon="2.86219">
				<ele>662.43</ele>
				<time>2026-05-28T18:24:35.273Z</time>
			</trkpt>
			<trkpt lat="44.872" lon="2.86193">
				<ele>661.52</ele>
				<time>2026-05-28T18:24:37.149Z</time>
			</trkpt>
			<trkpt lat="44.87188" lon="2.86166">
				<ele>663.23</ele>
				<time>2026-05-28T18:24:39.356Z</time>
			</trkpt>
			<trkpt lat="44.87179" lon="2.86149">
				<ele>662.59</ele>
				<time>2026-05-28T18:24:40.888Z</time>
			</trkpt>
			<trkpt lat="44.87161" lon="2.86131">
				<ele>663.38</ele>
				<time>2026-05-28T18:24:43.587Z</time>
			</trkpt>
			<trkpt lat="44.87131" lon="2.86107">
				<ele>662.46</ele>
				<time>2026-05-28T18:24:48.624Z</time>
			</trkpt>
			<trkpt lat="44.87118" lon="2.861">
				<ele>659.59</ele>
				<time>2026-05-28T18:24:50.819Z</time>
			</trkpt>
			<trkpt lat="44.87104" lon="2.86096">
				<ele>657.05</ele>
				<time>2026-05-28T18:24:53.107Z</time>
			</trkpt>
			<trkpt lat="44.87089" lon="2.86094">
				<ele>654.91</ele>
				<time>2026-05-28T18:24:55.508Z</time>
			</trkpt>
			<trkpt lat="44.87068" lon="2.86096">
				<ele>653.35</ele>
				<time>2026-05-28T18:24:58.748Z</time>
			</trkpt>
			<trkpt lat="44.87039" lon="2.86103">
				<ele>652.07</ele>
				<time>2026-05-28T18:25:02.808Z</time>
			</trkpt>
			<trkpt lat="44.86979" lon="2.86131">
				<ele>661.12</ele>
				<time>2026-05-28T18:25:09.920Z</time>
			</trkpt>
			<trkpt lat="44.86962" lon="2.86141">
				<ele>660.75</ele>
				<time>2026-05-28T18:25:11.953Z</time>
			</trkpt>
			<trkpt lat="44.86946" lon="2.86153">
				<ele>658.65</ele>
				<time>2026-05-28T18:25:13.944Z</time>
			</trkpt>
			<trkpt lat="44.8691" lon="2.86188">
				<ele>653.71</ele>
				<time>2026-05-28T18:25:18.717Z</time>
			</trkpt>
			<trkpt lat="44.86894" lon="2.86211">
				<ele>658.25</ele>
				<time>2026-05-28T18:25:21.193Z</time>
			</trkpt>
			<trkpt lat="44.86885" lon="2.86218">
				<ele>658.89</ele>
				<time>2026-05-28T18:25:22.304Z</time>
			</trkpt>
			<trkpt lat="44.86867" lon="2.86226">
				<ele>662.99</ele>
				<time>2026-05-28T18:25:24.336Z</time>
			</trkpt>
			<trkpt lat="44.86827" lon="2.86259">
				<ele>668.84</ele>
				<time>2026-05-28T18:25:29.291Z</time>
			</trkpt>
			<trkpt lat="44.86811" lon="2.86268">
				<ele>664.82</ele>
				<time>2026-05-28T18:25:31.121Z</time>
			</trkpt>
			<trkpt lat="44.86795" lon="2.86281">
				<ele>662.36</ele>
				<time>2026-05-28T18:25:33.075Z</time>
			</trkpt>
			<trkpt lat="44.86776" lon="2.86291">
				<ele>658.82</ele>
				<time>2026-05-28T18:25:35.212Z</time>
			</trkpt>
			<trkpt lat="44.86766" lon="2.86301">
				<ele>659.64</ele>
				<time>2026-05-28T18:25:36.500Z</time>
			</trkpt>
			<trkpt lat="44.86742" lon="2.86343">
				<ele>662.93</ele>
				<time>2026-05-28T18:25:40.495Z</time>
			</trkpt>
			<trkpt lat="44.86728" lon="2.8637">
				<ele>664.45</ele>
				<time>2026-05-28T18:25:42.956Z</time>
			</trkpt>
			<trkpt lat="44.86713" lon="2.86418">
				<ele>667.82</ele>
				<time>2026-05-28T18:25:46.791Z</time>
			</trkpt>
			<trkpt lat="44.86691" lon="2.86468">
				<ele>664.09</ele>
				<time>2026-05-28T18:25:51.059Z</time>
			</trkpt>
			<trkpt lat="44.86678" lon="2.86514">
				<ele>669.88</ele>
				<time>2026-05-28T18:25:54.621Z</time>
			</trkpt>
			<trkpt lat="44.8667" lon="2.8653">
				<ele>671.03</ele>
				<time>2026-05-28T18:25:56.022Z</time>
			</trkpt>
			<trkpt lat="44.86661" lon="2.86539">
				<ele>671.96</ele>
				<time>2026-05-28T18:25:57.133Z</time>
			</trkpt>
			<trkpt lat="44.86648" lon="2.86542">
				<ele>671.01</ele>
				<time>2026-05-28T18:25:58.457Z</time>
			</trkpt>
			<trkpt lat="44.86638" lon="2.86538">
				<ele>668.85</ele>
				<time>2026-05-28T18:25:59.499Z</time>
			</trkpt>
			<trkpt lat="44.86629" lon="2.8652">
				<ele>667</ele>
				<time>2026-05-28T18:26:01.059Z</time>
			</trkpt>
			<trkpt lat="44.86626" lon="2.86498">
				<ele>666.97</ele>
				<time>2026-05-28T18:26:02.642Z</time>
			</trkpt>
			<trkpt lat="44.86628" lon="2.86466">
				<ele>669.54</ele>
				<time>2026-05-28T18:26:04.901Z</time>
			</trkpt>
			<trkpt lat="44.86633" lon="2.86412">
				<ele>671.63</ele>
				<time>2026-05-28T18:26:08.708Z</time>
			</trkpt>
			<trkpt lat="44.86651" lon="2.8633">
				<ele>664.84</ele>
				<time>2026-05-28T18:26:14.649Z</time>
			</trkpt>
			<trkpt lat="44.86653" lon="2.8631">
				<ele>662.61</ele>
				<time>2026-05-28T18:26:16.036Z</time>
			</trkpt>
			<trkpt lat="44.86653" lon="2.86293">
				<ele>660.44</ele>
				<time>2026-05-28T18:26:17.200Z</time>
			</trkpt>
			<trkpt lat="44.86644" lon="2.86274">
				<ele>657.94</ele>
				<time>2026-05-28T18:26:18.761Z</time>
			</trkpt>
			<trkpt lat="44.86637" lon="2.86266">
				<ele>657.2</ele>
				<time>2026-05-28T18:26:19.627Z</time>
			</trkpt>
			<trkpt lat="44.86611" lon="2.86268">
				<ele>660.29</ele>
				<time>2026-05-28T18:26:22.122Z</time>
			</trkpt>
			<trkpt lat="44.86599" lon="2.86266">
				<ele>661.48</ele>
				<time>2026-05-28T18:26:23.275Z</time>
			</trkpt>
			<trkpt lat="44.8659" lon="2.86258">
				<ele>662.05</ele>
				<time>2026-05-28T18:26:24.288Z</time>
			</trkpt>
			<trkpt lat="44.86584" lon="2.86246">
				<ele>662.32</ele>
				<time>2026-05-28T18:26:25.277Z</time>
			</trkpt>
			<trkpt lat="44.86581" lon="2.86227">
				<ele>661.05</ele>
				<time>2026-05-28T18:26:26.585Z</time>
			</trkpt>
			<trkpt lat="44.86582" lon="2.86205">
				<ele>659.69</ele>
				<time>2026-05-28T18:26:28.062Z</time>
			</trkpt>
			<trkpt lat="44.8658" lon="2.86182">
				<ele>660.21</ele>
				<time>2026-05-28T18:26:29.609Z</time>
			</trkpt>
			<trkpt lat="44.86572" lon="2.86161">
				<ele>662.71</ele>
				<time>2026-05-28T18:26:31.196Z</time>
			</trkpt>
			<trkpt lat="44.86564" lon="2.86151">
				<ele>664.41</ele>
				<time>2026-05-28T18:26:32.197Z</time>
			</trkpt>
			<trkpt lat="44.86551" lon="2.86128">
				<ele>668.76</ele>
				<time>2026-05-28T18:26:34.144Z</time>
			</trkpt>
			<trkpt lat="44.86542" lon="2.86105">
				<ele>674.11</ele>
				<time>2026-05-28T18:26:35.876Z</time>
			</trkpt>
			<trkpt lat="44.86541" lon="2.8607">
				<ele>675.78</ele>
				<time>2026-05-28T18:26:38.176Z</time>
			</trkpt>
			<trkpt lat="44.86548" lon="2.8597">
				<ele>671.81</ele>
				<time>2026-05-28T18:26:44.712Z</time>
			</trkpt>
			<trkpt lat="44.86545" lon="2.85935">
				<ele>672.92</ele>
				<time>2026-05-28T18:26:46.984Z</time>
			</trkpt>
			<trkpt lat="44.86522" lon="2.85823">
				<ele>675.06</ele>
				<time>2026-05-28T18:26:54.424Z</time>
			</trkpt>
			<trkpt lat="44.86522" lon="2.85777">
				<ele>668.9</ele>
				<time>2026-05-28T18:26:57.327Z</time>
			</trkpt>
			<trkpt lat="44.86525" lon="2.8575">
				<ele>663.38</ele>
				<time>2026-05-28T18:26:59.044Z</time>
			</trkpt>
			<trkpt lat="44.86508" lon="2.85698">
				<ele>660.39</ele>
				<time>2026-05-28T18:27:02.621Z</time>
			</trkpt>
			<trkpt lat="44.8651" lon="2.85681">
				<ele>655.67</ele>
				<time>2026-05-28T18:27:03.693Z</time>
			</trkpt>
			<trkpt lat="44.86518" lon="2.85668">
				<ele>649.32</ele>
				<time>2026-05-28T18:27:04.761Z</time>
			</trkpt>
			<trkpt lat="44.8656" lon="2.85599">
				<ele>646.73</ele>
				<time>2026-05-28T18:27:10.364Z</time>
			</trkpt>
			<trkpt lat="44.86582" lon="2.85542">
				<ele>661.32</ele>
				<time>2026-05-28T18:27:14.323Z</time>
			</trkpt>
			<trkpt lat="44.86585" lon="2.85501">
				<ele>668.3</ele>
				<time>2026-05-28T18:27:16.821Z</time>
			</trkpt>
			<trkpt lat="44.86585" lon="2.85463">
				<ele>670.56</ele>
				<time>2026-05-28T18:27:19.112Z</time>
			</trkpt>
			<trkpt lat="44.86582" lon="2.85413">
				<ele>672.71</ele>
				<time>2026-05-28T18:27:22.121Z</time>
			</trkpt>
			<trkpt lat="44.86596" lon="2.85389">
				<ele>673.47</ele>
				<time>2026-05-28T18:27:23.976Z</time>
			</trkpt>
			<trkpt lat="44.86622" lon="2.85392">
				<ele>676.1</ele>
				<time>2026-05-28T18:27:26.164Z</time>
			</trkpt>
			<trkpt lat="44.86634" lon="2.85417">
				<ele>673.95</ele>
				<time>2026-05-28T18:27:27.951Z</time>
			</trkpt>
			<trkpt lat="44.86644" lon="2.85441">
				<ele>675.24</ele>
				<time>2026-05-28T18:27:29.594Z</time>
			</trkpt>
			<trkpt lat="44.86648" lon="2.85464">
				<ele>675.51</ele>
				<time>2026-05-28T18:27:30.986Z</time>
			</trkpt>
			<trkpt lat="44.86655" lon="2.85527">
				<ele>673.88</ele>
				<time>2026-05-28T18:27:34.718Z</time>
			</trkpt>
			<trkpt lat="44.86655" lon="2.85609">
				<ele>670.5</ele>
				<time>2026-05-28T18:27:39.475Z</time>
			</trkpt>
			<trkpt lat="44.8667" lon="2.85677">
				<ele>672.44</ele>
				<time>2026-05-28T18:27:43.571Z</time>
			</trkpt>
			<trkpt lat="44.86702" lon="2.85731">
				<ele>678.04</ele>
				<time>2026-05-28T18:27:47.588Z</time>
			</trkpt>
			<trkpt lat="44.86745" lon="2.85785">
				<ele>681.14</ele>
				<time>2026-05-28T18:27:52.185Z</time>
			</trkpt>
			<trkpt lat="44.86781" lon="2.858">
				<ele>685.88</ele>
				<time>2026-05-28T18:27:55.160Z</time>
			</trkpt>
			<trkpt lat="44.86813" lon="2.85785">
				<ele>688.95</ele>
				<time>2026-05-28T18:27:57.819Z</time>
			</trkpt>
			<trkpt lat="44.86839" lon="2.85752">
				<ele>691.75</ele>
				<time>2026-05-28T18:28:00.563Z</time>
			</trkpt>
			<trkpt lat="44.86871" lon="2.85733">
				<ele>695.31</ele>
				<time>2026-05-28T18:28:03.274Z</time>
			</trkpt>
			<trkpt lat="44.86908" lon="2.85727">
				<ele>698.57</ele>
				<time>2026-05-28T18:28:06.167Z</time>
			</trkpt>
			<trkpt lat="44.86955" lon="2.85711">
				<ele>706.33</ele>
				<time>2026-05-28T18:28:09.900Z</time>
			</trkpt>
			<trkpt lat="44.86988" lon="2.85688">
				<ele>711.57</ele>
				<time>2026-05-28T18:28:12.725Z</time>
			</trkpt>
			<trkpt lat="44.87009" lon="2.8565">
				<ele>717.82</ele>
				<time>2026-05-28T18:28:15.335Z</time>
			</trkpt>
			<trkpt lat="44.87035" lon="2.85611">
				<ele>724.21</ele>
				<time>2026-05-28T18:28:18.220Z</time>
			</trkpt>
			<trkpt lat="44.87055" lon="2.85595">
				<ele>721.79</ele>
				<time>2026-05-28T18:28:19.962Z</time>
			</trkpt>
			<trkpt lat="44.8706" lon="2.85579">
				<ele>722.14</ele>
				<time>2026-05-28T18:28:20.898Z</time>
			</trkpt>
			<trkpt lat="44.8706" lon="2.85566">
				<ele>721.54</ele>
				<time>2026-05-28T18:28:21.594Z</time>
			</trkpt>
			<trkpt lat="44.87048" lon="2.85536">
				<ele>722.33</ele>
				<time>2026-05-28T18:28:23.432Z</time>
			</trkpt>
			<trkpt lat="44.87022" lon="2.85506">
				<ele>726.41</ele>
				<time>2026-05-28T18:28:25.953Z</time>
			</trkpt>
			<trkpt lat="44.86978" lon="2.85446">
				<ele>737.09</ele>
				<time>2026-05-28T18:28:30.519Z</time>
			</trkpt>
			<trkpt lat="44.86946" lon="2.85368">
				<ele>739.78</ele>
				<time>2026-05-28T18:28:35.251Z</time>
			</trkpt>
			<trkpt lat="44.86921" lon="2.85304">
				<ele>748.91</ele>
				<time>2026-05-28T18:28:39.064Z</time>
			</trkpt>
			<trkpt lat="44.86903" lon="2.85231">
				<ele>751.76</ele>
				<time>2026-05-28T18:28:43.073Z</time>
			</trkpt>
			<trkpt lat="44.86873" lon="2.85158">
				<ele>758.61</ele>
				<time>2026-05-28T18:28:47.425Z</time>
			</trkpt>
			<trkpt lat="44.86861" lon="2.85119">
				<ele>759.29</ele>
				<time>2026-05-28T18:28:49.608Z</time>
			</trkpt>
			<trkpt lat="44.86819" lon="2.85083">
				<ele>763.42</ele>
				<time>2026-05-28T18:28:53.154Z</time>
			</trkpt>
			<trkpt lat="44.86762" lon="2.85068">
				<ele>769.86</ele>
				<time>2026-05-28T18:28:57.319Z</time>
			</trkpt>
			<trkpt lat="44.86719" lon="2.85053">
				<ele>775.54</ele>
				<time>2026-05-28T18:29:00.486Z</time>
			</trkpt>
			<trkpt lat="44.86683" lon="2.84997">
				<ele>775.01</ele>
				<time>2026-05-28T18:29:04.303Z</time>
			</trkpt>
			<trkpt lat="44.86632" lon="2.8486">
				<ele>788.29</ele>
				<time>2026-05-28T18:29:12.067Z</time>
			</trkpt>
			<trkpt lat="44.86616" lon="2.84791">
				<ele>793.09</ele>
				<time>2026-05-28T18:29:15.689Z</time>
			</trkpt>
			<trkpt lat="44.86605" lon="2.84733">
				<ele>798.99</ele>
				<time>2026-05-28T18:29:18.676Z</time>
			</trkpt>
			<trkpt lat="44.86591" lon="2.84675">
				<ele>804.79</ele>
				<time>2026-05-28T18:29:21.716Z</time>
			</trkpt>
			<trkpt lat="44.8659" lon="2.84628">
				<ele>808.97</ele>
				<time>2026-05-28T18:29:24.044Z</time>
			</trkpt>
			<trkpt lat="44.86597" lon="2.84602">
				<ele>812.69</ele>
				<time>2026-05-28T18:29:25.420Z</time>
			</trkpt>
			<trkpt lat="44.86611" lon="2.84585">
				<ele>814.15</ele>
				<time>2026-05-28T18:29:26.707Z</time>
			</trkpt>
			<trkpt lat="44.86634" lon="2.84568">
				<ele>813.26</ele>
				<time>2026-05-28T18:29:28.515Z</time>
			</trkpt>
			<trkpt lat="44.86651" lon="2.84546">
				<ele>812.43</ele>
				<time>2026-05-28T18:29:30.119Z</time>
			</trkpt>
			<trkpt lat="44.86655" lon="2.84508">
				<ele>813.91</ele>
				<time>2026-05-28T18:29:32.011Z</time>
			</trkpt>
			<trkpt lat="44.86652" lon="2.84469">
				<ele>815.49</ele>
				<time>2026-05-28T18:29:33.941Z</time>
			</trkpt>
			<trkpt lat="44.86642" lon="2.84428">
				<ele>820.75</ele>
				<time>2026-05-28T18:29:36.071Z</time>
			</trkpt>
			<trkpt lat="44.86628" lon="2.84315">
				<ele>831.58</ele>
				<time>2026-05-28T18:29:41.697Z</time>
			</trkpt>
			<trkpt lat="44.86626" lon="2.84231">
				<ele>839.67</ele>
				<time>2026-05-28T18:29:45.811Z</time>
			</trkpt>
			<trkpt lat="44.86638" lon="2.84201">
				<ele>840.42</ele>
				<time>2026-05-28T18:29:47.495Z</time>
			</trkpt>
			<trkpt lat="44.86642" lon="2.84173">
				<ele>844.91</ele>
				<time>2026-05-28T18:29:48.891Z</time>
			</trkpt>
			<trkpt lat="44.8666" lon="2.8413">
				<ele>844.59</ele>
				<time>2026-05-28T18:29:51.331Z</time>
			</trkpt>
			<trkpt lat="44.86675" lon="2.84089">
				<ele>843.03</ele>
				<time>2026-05-28T18:29:53.584Z</time>
			</trkpt>
			<trkpt lat="44.86684" lon="2.84042">
				<ele>844.09</ele>
				<time>2026-05-28T18:29:55.961Z</time>
			</trkpt>
			<trkpt lat="44.8667" lon="2.84042">
				<ele>850.01</ele>
				<time>2026-05-28T18:29:56.925Z</time>
			</trkpt>
			<trkpt lat="44.86664" lon="2.84074">
				<ele>849.07</ele>
				<time>2026-05-28T18:29:58.540Z</time>
			</trkpt>
			<trkpt lat="44.86652" lon="2.84102">
				<ele>853.75</ele>
				<time>2026-05-28T18:30:00.137Z</time>
			</trkpt>
			<trkpt lat="44.86632" lon="2.84128">
				<ele>858.78</ele>
				<time>2026-05-28T18:30:02.010Z</time>
			</trkpt>
			<trkpt lat="44.8661" lon="2.84154">
				<ele>863.52</ele>
				<time>2026-05-28T18:30:03.986Z</time>
			</trkpt>
			<trkpt lat="44.86559" lon="2.8422">
				<ele>871.53</ele>
				<time>2026-05-28T18:30:08.752Z</time>
			</trkpt>
			<trkpt lat="44.86538" lon="2.84257">
				<ele>873.62</ele>
				<time>2026-05-28T18:30:11.067Z</time>
			</trkpt>
			<trkpt lat="44.86523" lon="2.84287">
				<ele>871.8</ele>
				<time>2026-05-28T18:30:12.861Z</time>
			</trkpt>
			<trkpt lat="44.86494" lon="2.84313">
				<ele>871.39</ele>
				<time>2026-05-28T18:30:15.231Z</time>
			</trkpt>
			<trkpt lat="44.86464" lon="2.84285">
				<ele>874.57</ele>
				<time>2026-05-28T18:30:17.714Z</time>
			</trkpt>
			<trkpt lat="44.86436" lon="2.84248">
				<ele>879.25</ele>
				<time>2026-05-28T18:30:20.364Z</time>
			</trkpt>
			<trkpt lat="44.86406" lon="2.8422">
				<ele>882.53</ele>
				<time>2026-05-28T18:30:22.852Z</time>
			</trkpt>
			<trkpt lat="44.86374" lon="2.84175">
				<ele>887.22</ele>
				<time>2026-05-28T18:30:25.981Z</time>
			</trkpt>
			<trkpt lat="44.86316" lon="2.84074">
				<ele>896.52</ele>
				<time>2026-05-28T18:30:32.377Z</time>
			</trkpt>
			<trkpt lat="44.86278" lon="2.84027">
				<ele>898.18</ele>
				<time>2026-05-28T18:30:35.896Z</time>
			</trkpt>
			<trkpt lat="44.86255" lon="2.83978">
				<ele>904.11</ele>
				<time>2026-05-28T18:30:38.804Z</time>
			</trkpt>
			<trkpt lat="44.86237" lon="2.83933">
				<ele>907.11</ele>
				<time>2026-05-28T18:30:41.365Z</time>
			</trkpt>
			<trkpt lat="44.86208" lon="2.83883">
				<ele>913.25</ele>
				<time>2026-05-28T18:30:44.576Z</time>
			</trkpt>
			<trkpt lat="44.86138" lon="2.83843">
				<ele>918.86</ele>
				<time>2026-05-28T18:30:49.890Z</time>
			</trkpt>
			<trkpt lat="44.86081" lon="2.83829">
				<ele>919.44</ele>
				<time>2026-05-28T18:30:53.980Z</time>
			</trkpt>
			<trkpt lat="44.86061" lon="2.83807">
				<ele>921.76</ele>
				<time>2026-05-28T18:30:55.778Z</time>
			</trkpt>
			<trkpt lat="44.86032" lon="2.83795">
				<ele>925.56</ele>
				<time>2026-05-28T18:30:57.925Z</time>
			</trkpt>
			<trkpt lat="44.85971" lon="2.8382">
				<ele>927.4</ele>
				<time>2026-05-28T18:31:02.454Z</time>
			</trkpt>
			<trkpt lat="44.85925" lon="2.83806">
				<ele>929.98</ele>
				<time>2026-05-28T18:31:05.825Z</time>
			</trkpt>
			<trkpt lat="44.8589" lon="2.83744">
				<ele>933.94</ele>
				<time>2026-05-28T18:31:09.868Z</time>
			</trkpt>
			<trkpt lat="44.85856" lon="2.83696">
				<ele>934.83</ele>
				<time>2026-05-28T18:31:13.346Z</time>
			</trkpt>
			<trkpt lat="44.85781" lon="2.83706">
				<ele>934.93</ele>
				<time>2026-05-28T18:31:18.826Z</time>
			</trkpt>
			<trkpt lat="44.85699" lon="2.83726">
				<ele>939.14</ele>
				<time>2026-05-28T18:31:24.929Z</time>
			</trkpt>
			<trkpt lat="44.85609" lon="2.83766">
				<ele>944.12</ele>
				<time>2026-05-28T18:31:31.917Z</time>
			</trkpt>
			<trkpt lat="44.85463" lon="2.83827">
				<ele>953.19</ele>
				<time>2026-05-28T18:31:43.360Z</time>
			</trkpt>
			<trkpt lat="44.85453" lon="2.83828">
				<ele>953.15</ele>
				<time>2026-05-28T18:31:44.121Z</time>
			</trkpt>
			<trkpt lat="44.85379" lon="2.83801">
				<ele>956.05</ele>
				<time>2026-05-28T18:31:49.956Z</time>
			</trkpt>
			<trkpt lat="44.85365" lon="2.83793">
				<ele>957.18</ele>
				<time>2026-05-28T18:31:51.116Z</time>
			</trkpt>
			<trkpt lat="44.85346" lon="2.83772">
				<ele>956.28</ele>
				<time>2026-05-28T18:31:52.975Z</time>
			</trkpt>
			<trkpt lat="44.85345" lon="2.8376">
				<ele>955.83</ele>
				<time>2026-05-28T18:31:53.636Z</time>
			</trkpt>
			<trkpt lat="44.85297" lon="2.83518">
				<ele>957.43</ele>
				<time>2026-05-28T18:32:07.104Z</time>
			</trkpt>
			<trkpt lat="44.85282" lon="2.83453">
				<ele>958.32</ele>
				<time>2026-05-28T18:32:10.622Z</time>
			</trkpt>
			<trkpt lat="44.85251" lon="2.83331">
				<ele>959.14</ele>
				<time>2026-05-28T18:32:17.295Z</time>
			</trkpt>
			<trkpt lat="44.85229" lon="2.83284">
				<ele>960.82</ele>
				<time>2026-05-28T18:32:20.245Z</time>
			</trkpt>
			<trkpt lat="44.85189" lon="2.83189">
				<ele>961.35</ele>
				<time>2026-05-28T18:32:26.215Z</time>
			</trkpt>
			<trkpt lat="44.85122" lon="2.83081">
				<ele>969.16</ele>
				<time>2026-05-28T18:32:34.532Z</time>
			</trkpt>
			<trkpt lat="44.85085" lon="2.83049">
				<ele>970.93</ele>
				<time>2026-05-28T18:32:38.344Z</time>
			</trkpt>
			<trkpt lat="44.85043" lon="2.83034">
				<ele>973.42</ele>
				<time>2026-05-28T18:32:42.298Z</time>
			</trkpt>
			<trkpt lat="44.84983" lon="2.83005">
				<ele>976.32</ele>
				<time>2026-05-28T18:32:48.295Z</time>
			</trkpt>
			<trkpt lat="44.84938" lon="2.82988">
				<ele>976.95</ele>
				<time>2026-05-28T18:32:52.853Z</time>
			</trkpt>
			<trkpt lat="44.84891" lon="2.82979">
				<ele>976.58</ele>
				<time>2026-05-28T18:32:57.621Z</time>
			</trkpt>
			<trkpt lat="44.8486" lon="2.82964">
				<ele>975.26</ele>
				<time>2026-05-28T18:33:00.987Z</time>
			</trkpt>
			<trkpt lat="44.84774" lon="2.82854">
				<ele>975.75</ele>
				<time>2026-05-28T18:33:13.361Z</time>
			</trkpt>
			<trkpt lat="44.84677" lon="2.82744">
				<ele>975.2</ele>
				<time>2026-05-28T18:33:27.338Z</time>
			</trkpt>
			<trkpt lat="44.84595" lon="2.82591">
				<ele>973.44</ele>
				<time>2026-05-28T18:33:43.345Z</time>
			</trkpt>
			<trkpt lat="44.8453" lon="2.82484">
				<ele>967.76</ele>
				<time>2026-05-28T18:33:55.526Z</time>
			</trkpt>
			<trkpt lat="44.84482" lon="2.8242">
				<ele>966.28</ele>
				<time>2026-05-28T18:34:03.751Z</time>
			</trkpt>
			<trkpt lat="44.84446" lon="2.82382">
				<ele>965.7</ele>
				<time>2026-05-28T18:34:09.418Z</time>
			</trkpt>
			<trkpt lat="44.84401" lon="2.82301">
				<ele>962.36</ele>
				<time>2026-05-28T18:34:18.721Z</time>
			</trkpt>
			<trkpt lat="44.84327" lon="2.82188">
				<ele>956.21</ele>
				<time>2026-05-28T18:34:32.837Z</time>
			</trkpt>
			<trkpt lat="44.84286" lon="2.8215">
				<ele>958.13</ele>
				<time>2026-05-28T18:34:39.254Z</time>
			</trkpt>
			<trkpt lat="44.84241" lon="2.82105">
				<ele>959.29</ele>
				<time>2026-05-28T18:34:46.511Z</time>
			</trkpt>
			<trkpt lat="44.8421" lon="2.82054">
				<ele>961.45</ele>
				<time>2026-05-28T18:34:52.804Z</time>
			</trkpt>
			<trkpt lat="44.84202" lon="2.82017">
				<ele>962.27</ele>
				<time>2026-05-28T18:34:56.438Z</time>
			</trkpt>
			<trkpt lat="44.84191" lon="2.8198">
				<ele>962.19</ele>
				<time>2026-05-28T18:35:00.214Z</time>
			</trkpt>
			<trkpt lat="44.84128" lon="2.81866">
				<ele>958.47</ele>
				<time>2026-05-28T18:35:13.852Z</time>
			</trkpt>
			<trkpt lat="44.84049" lon="2.81711">
				<ele>957.46</ele>
				<time>2026-05-28T18:35:31.882Z</time>
			</trkpt>
			<trkpt lat="44.84034" lon="2.8169">
				<ele>956.67</ele>
				<time>2026-05-28T18:35:34.693Z</time>
			</trkpt>
			<trkpt lat="44.83939" lon="2.81614">
				<ele>958.95</ele>
				<time>2026-05-28T18:35:49.167Z</time>
			</trkpt>
			<trkpt lat="44.83834" lon="2.81502">
				<ele>949.28</ele>
				<time>2026-05-28T18:36:06.433Z</time>
			</trkpt>
			<trkpt lat="44.83798" lon="2.81459">
				<ele>948.19</ele>
				<time>2026-05-28T18:36:12.553Z</time>
			</trkpt>
			<trkpt lat="44.8379" lon="2.81448">
				<ele>948.33</ele>
				<time>2026-05-28T18:36:13.997Z</time>
			</trkpt>
			<trkpt lat="44.83783" lon="2.81428">
				<ele>948.8</ele>
				<time>2026-05-28T18:36:16.035Z</time>
			</trkpt>
			<trkpt lat="44.83778" lon="2.81423">
				<ele>948.79</ele>
				<time>2026-05-28T18:36:16.824Z</time>
			</trkpt>
			<trkpt lat="44.83779" lon="2.81344">
				<ele>951.8</ele>
				<time>2026-05-28T18:36:23.996Z</time>
			</trkpt>
			<trkpt lat="44.83775" lon="2.81322">
				<ele>951.34</ele>
				<time>2026-05-28T18:36:26.044Z</time>
			</trkpt>
			<trkpt lat="44.83766" lon="2.81298">
				<ele>949.9</ele>
				<time>2026-05-28T18:36:28.484Z</time>
			</trkpt>
			<trkpt lat="44.83742" lon="2.81259">
				<ele>945.96</ele>
				<time>2026-05-28T18:36:33.098Z</time>
			</trkpt>
			<trkpt lat="44.83714" lon="2.81231">
				<ele>946.25</ele>
				<time>2026-05-28T18:36:37.390Z</time>
			</trkpt>
			<trkpt lat="44.83708" lon="2.8122">
				<ele>945.72</ele>
				<time>2026-05-28T18:36:38.615Z</time>
			</trkpt>
			<trkpt lat="44.83697" lon="2.81184">
				<ele>941.99</ele>
				<time>2026-05-28T18:36:42.058Z</time>
			</trkpt>
			<trkpt lat="44.83692" lon="2.81174">
				<ele>940.62</ele>
				<time>2026-05-28T18:36:43.128Z</time>
			</trkpt>
			<trkpt lat="44.83684" lon="2.81168">
				<ele>939.97</ele>
				<time>2026-05-28T18:36:44.242Z</time>
			</trkpt>
			<trkpt lat="44.83637" lon="2.81149">
				<ele>940.84</ele>
				<time>2026-05-28T18:36:50.213Z</time>
			</trkpt>
			<trkpt lat="44.83602" lon="2.81128">
				<ele>936.67</ele>
				<time>2026-05-28T18:36:54.802Z</time>
			</trkpt>
			<trkpt lat="44.83579" lon="2.81123">
				<ele>935.06</ele>
				<time>2026-05-28T18:36:57.584Z</time>
			</trkpt>
			<trkpt lat="44.83541" lon="2.81125">
				<ele>931.76</ele>
				<time>2026-05-28T18:37:02.087Z</time>
			</trkpt>
			<trkpt lat="44.83526" lon="2.81118">
				<ele>930.26</ele>
				<time>2026-05-28T18:37:03.942Z</time>
			</trkpt>
			<trkpt lat="44.83521" lon="2.81112">
				<ele>930.05</ele>
				<time>2026-05-28T18:37:04.710Z</time>
			</trkpt>
			<trkpt lat="44.83515" lon="2.81094">
				<ele>929.05</ele>
				<time>2026-05-28T18:37:06.354Z</time>
			</trkpt>
			<trkpt lat="44.83519" lon="2.81074">
				<ele>927.96</ele>
				<time>2026-05-28T18:37:08.063Z</time>
			</trkpt>
			<trkpt lat="44.83534" lon="2.81047">
				<ele>926.77</ele>
				<time>2026-05-28T18:37:10.864Z</time>
			</trkpt>
			<trkpt lat="44.83557" lon="2.8102">
				<ele>926.18</ele>
				<time>2026-05-28T18:37:14.276Z</time>
			</trkpt>
			<trkpt lat="44.8359" lon="2.80998">
				<ele>925.26</ele>
				<time>2026-05-28T18:37:18.386Z</time>
			</trkpt>
			<trkpt lat="44.83613" lon="2.8097">
				<ele>923.79</ele>
				<time>2026-05-28T18:37:21.760Z</time>
			</trkpt>
			<trkpt lat="44.83648" lon="2.80885">
				<ele>920.88</ele>
				<time>2026-05-28T18:37:29.342Z</time>
			</trkpt>
			<trkpt lat="44.83663" lon="2.80826">
				<ele>915.7</ele>
				<time>2026-05-28T18:37:34.115Z</time>
			</trkpt>
			<trkpt lat="44.83683" lon="2.80717">
				<ele>905.77</ele>
				<time>2026-05-28T18:37:42.576Z</time>
			</trkpt>
			<trkpt lat="44.83707" lon="2.80635">
				<ele>903.41</ele>
				<time>2026-05-28T18:37:49.087Z</time>
			</trkpt>
			<trkpt lat="44.83717" lon="2.80548">
				<ele>903.06</ele>
				<time>2026-05-28T18:37:55.367Z</time>
			</trkpt>
			<trkpt lat="44.83729" lon="2.80499">
				<ele>904</ele>
				<time>2026-05-28T18:37:58.953Z</time>
			</trkpt>
			<trkpt lat="44.83788" lon="2.80365">
				<ele>903.8</ele>
				<time>2026-05-28T18:38:09.264Z</time>
			</trkpt>
			<trkpt lat="44.83817" lon="2.80295">
				<ele>900.43</ele>
				<time>2026-05-28T18:38:14.168Z</time>
			</trkpt>
			<trkpt lat="44.83853" lon="2.80198">
				<ele>892.9</ele>
				<time>2026-05-28T18:38:20.414Z</time>
			</trkpt>
			<trkpt lat="44.8391" lon="2.80082">
				<ele>893.49</ele>
				<time>2026-05-28T18:38:27.969Z</time>
			</trkpt>
			<trkpt lat="44.83924" lon="2.80037">
				<ele>892.14</ele>
				<time>2026-05-28T18:38:30.502Z</time>
			</trkpt>
			<trkpt lat="44.83928" lon="2.80001">
				<ele>890.89</ele>
				<time>2026-05-28T18:38:32.356Z</time>
			</trkpt>
			<trkpt lat="44.83949" lon="2.79998">
				<ele>892.15</ele>
				<time>2026-05-28T18:38:33.859Z</time>
			</trkpt>
			<trkpt lat="44.842" lon="2.79777">
				<ele>898</ele>
				<time>2026-05-28T18:38:54.814Z</time>
			</trkpt>
			<trkpt lat="44.8427" lon="2.79719">
				<ele>896.16</ele>
				<time>2026-05-28T18:39:00.940Z</time>
			</trkpt>
			<trkpt lat="44.84287" lon="2.79699">
				<ele>894.22</ele>
				<time>2026-05-28T18:39:02.669Z</time>
			</trkpt>
			<trkpt lat="44.84296" lon="2.7968">
				<ele>892.78</ele>
				<time>2026-05-28T18:39:03.953Z</time>
			</trkpt>
			<trkpt lat="44.84306" lon="2.79647">
				<ele>890.52</ele>
				<time>2026-05-28T18:39:06.003Z</time>
			</trkpt>
			<trkpt lat="44.84316" lon="2.79529">
				<ele>884.05</ele>
				<time>2026-05-28T18:39:13.127Z</time>
			</trkpt>
			<trkpt lat="44.84333" lon="2.79433">
				<ele>882.24</ele>
				<time>2026-05-28T18:39:19.507Z</time>
			</trkpt>
			<trkpt lat="44.84331" lon="2.79412">
				<ele>880.73</ele>
				<time>2026-05-28T18:39:20.923Z</time>
			</trkpt>
			<trkpt lat="44.84284" lon="2.79294">
				<ele>881.45</ele>
				<time>2026-05-28T18:39:30.318Z</time>
			</trkpt>
			<trkpt lat="44.84284" lon="2.79258">
				<ele>878.96</ele>
				<time>2026-05-28T18:39:32.916Z</time>
			</trkpt>
			<trkpt lat="44.84298" lon="2.7919">
				<ele>877.33</ele>
				<time>2026-05-28T18:39:38.140Z</time>
			</trkpt>
			<trkpt lat="44.84326" lon="2.7909">
				<ele>872.35</ele>
				<time>2026-05-28T18:39:46.349Z</time>
			</trkpt>
			<trkpt lat="44.84339" lon="2.79057">
				<ele>867.73</ele>
				<time>2026-05-28T18:39:49.306Z</time>
			</trkpt>
			<trkpt lat="44.84384" lon="2.78992">
				<ele>858.09</ele>
				<time>2026-05-28T18:39:56.572Z</time>
			</trkpt>
			<trkpt lat="44.84429" lon="2.78865">
				<ele>850.38</ele>
				<time>2026-05-28T18:40:08.317Z</time>
			</trkpt>
			<trkpt lat="44.84454" lon="2.78808">
				<ele>848.21</ele>
				<time>2026-05-28T18:40:14.013Z</time>
			</trkpt>
			<trkpt lat="44.84482" lon="2.78762">
				<ele>851.8</ele>
				<time>2026-05-28T18:40:19.241Z</time>
			</trkpt>
			<trkpt lat="44.84534" lon="2.78733">
				<ele>848.54</ele>
				<time>2026-05-28T18:40:26.142Z</time>
			</trkpt>
			<trkpt lat="44.84634" lon="2.78671">
				<ele>838.95</ele>
				<time>2026-05-28T18:40:39.912Z</time>
			</trkpt>
			<trkpt lat="44.84644" lon="2.78648">
				<ele>835.66</ele>
				<time>2026-05-28T18:40:42.358Z</time>
			</trkpt>
			<trkpt lat="44.84642" lon="2.78603">
				<ele>835.44</ele>
				<time>2026-05-28T18:40:46.467Z</time>
			</trkpt>
			<trkpt lat="44.84635" lon="2.78552">
				<ele>833.12</ele>
				<time>2026-05-28T18:40:51.230Z</time>
			</trkpt>
			<trkpt lat="44.84607" lon="2.78485">
				<ele>839.04</ele>
				<time>2026-05-28T18:40:58.415Z</time>
			</trkpt>
			<trkpt lat="44.84599" lon="2.78449">
				<ele>840.09</ele>
				<time>2026-05-28T18:41:01.920Z</time>
			</trkpt>
			<trkpt lat="44.84596" lon="2.78394">
				<ele>836.06</ele>
				<time>2026-05-28T18:41:07.067Z</time>
			</trkpt>
			<trkpt lat="44.84609" lon="2.78342">
				<ele>822.17</ele>
				<time>2026-05-28T18:41:12.233Z</time>
			</trkpt>
			<trkpt lat="44.84611" lon="2.78308">
				<ele>816.25</ele>
				<time>2026-05-28T18:41:15.438Z</time>
			</trkpt>
			<trkpt lat="44.84595" lon="2.78275">
				<ele>816.04</ele>
				<time>2026-05-28T18:41:19.202Z</time>
			</trkpt>
			<trkpt lat="44.84574" lon="2.78253">
				<ele>816.57</ele>
				<time>2026-05-28T18:41:22.682Z</time>
			</trkpt>
			<trkpt lat="44.84529" lon="2.78228">
				<ele>818.01</ele>
				<time>2026-05-28T18:41:29.128Z</time>
			</trkpt>
			<trkpt lat="44.84485" lon="2.78173">
				<ele>817.8</ele>
				<time>2026-05-28T18:41:36.977Z</time>
			</trkpt>
			<trkpt lat="44.84468" lon="2.78052">
				<ele>804.97</ele>
				<time>2026-05-28T18:41:48.653Z</time>
			</trkpt>
			<trkpt lat="44.84474" lon="2.78003">
				<ele>799.06</ele>
				<time>2026-05-28T18:41:53.353Z</time>
			</trkpt>
			<trkpt lat="44.84478" lon="2.78">
				<ele>797.83</ele>
				<time>2026-05-28T18:41:53.956Z</time>
			</trkpt>
			<trkpt lat="44.8448" lon="2.7796">
				<ele>795.3</ele>
				<time>2026-05-28T18:41:57.739Z</time>
			</trkpt>
			<trkpt lat="44.8448" lon="2.77919">
				<ele>794.92</ele>
				<time>2026-05-28T18:42:01.599Z</time>
			</trkpt>
			<trkpt lat="44.84476" lon="2.77888">
				<ele>797.11</ele>
				<time>2026-05-28T18:42:04.560Z</time>
			</trkpt>
			<trkpt lat="44.84457" lon="2.77826">
				<ele>794.56</ele>
				<time>2026-05-28T18:42:10.887Z</time>
			</trkpt>
			<trkpt lat="44.84453" lon="2.77805">
				<ele>794.66</ele>
				<time>2026-05-28T18:42:12.918Z</time>
			</trkpt>
			<trkpt lat="44.84453" lon="2.77782">
				<ele>795.36</ele>
				<time>2026-05-28T18:42:15.061Z</time>
			</trkpt>
			<trkpt lat="44.84461" lon="2.77754">
				<ele>792.91</ele>
				<time>2026-05-28T18:42:17.868Z</time>
			</trkpt>
			<trkpt lat="44.84475" lon="2.77728">
				<ele>790.99</ele>
				<time>2026-05-28T18:42:20.894Z</time>
			</trkpt>
			<trkpt lat="44.84507" lon="2.77688">
				<ele>784.34</ele>
				<time>2026-05-28T18:42:26.456Z</time>
			</trkpt>
			<trkpt lat="44.84518" lon="2.77666">
				<ele>783.23</ele>
				<time>2026-05-28T18:42:28.927Z</time>
			</trkpt>
			<trkpt lat="44.84534" lon="2.77642">
				<ele>779.69</ele>
				<time>2026-05-28T18:42:31.939Z</time>
			</trkpt>
			<trkpt lat="44.84541" lon="2.77623">
				<ele>776.67</ele>
				<time>2026-05-28T18:42:33.889Z</time>
			</trkpt>
			<trkpt lat="44.84545" lon="2.77598">
				<ele>774.17</ele>
				<time>2026-05-28T18:42:36.217Z</time>
			</trkpt>
			<trkpt lat="44.84543" lon="2.77581">
				<ele>773.99</ele>
				<time>2026-05-28T18:42:37.777Z</time>
			</trkpt>
			<trkpt lat="44.84534" lon="2.77559">
				<ele>773.45</ele>
				<time>2026-05-28T18:42:40.069Z</time>
			</trkpt>
			<trkpt lat="44.84491" lon="2.77482">
				<ele>769.86</ele>
				<time>2026-05-28T18:42:48.825Z</time>
			</trkpt>
			<trkpt lat="44.84472" lon="2.77457">
				<ele>769.17</ele>
				<time>2026-05-28T18:42:52.061Z</time>
			</trkpt>
			<trkpt lat="44.84461" lon="2.77438">
				<ele>767.85</ele>
				<time>2026-05-28T18:42:54.214Z</time>
			</trkpt>
			<trkpt lat="44.84441" lon="2.77402">
				<ele>767.18</ele>
				<time>2026-05-28T18:42:58.200Z</time>
			</trkpt>
			<trkpt lat="44.84424" lon="2.77364">
				<ele>772.8</ele>
				<time>2026-05-28T18:43:02.079Z</time>
			</trkpt>
			<trkpt lat="44.84421" lon="2.77348">
				<ele>773.85</ele>
				<time>2026-05-28T18:43:03.498Z</time>
			</trkpt>
			<trkpt lat="44.84422" lon="2.77331">
				<ele>773.34</ele>
				<time>2026-05-28T18:43:04.954Z</time>
			</trkpt>
			<trkpt lat="44.84449" lon="2.77278">
				<ele>762.14</ele>
				<time>2026-05-28T18:43:10.472Z</time>
			</trkpt>
			<trkpt lat="44.84467" lon="2.77246">
				<ele>759.52</ele>
				<time>2026-05-28T18:43:13.847Z</time>
			</trkpt>
			<trkpt lat="44.84477" lon="2.77222">
				<ele>758.43</ele>
				<time>2026-05-28T18:43:16.101Z</time>
			</trkpt>
			<trkpt lat="44.84494" lon="2.7714">
				<ele>755.31</ele>
				<time>2026-05-28T18:43:22.812Z</time>
			</trkpt>
			<trkpt lat="44.84507" lon="2.77126">
				<ele>749.47</ele>
				<time>2026-05-28T18:43:24.576Z</time>
			</trkpt>
			<trkpt lat="44.84527" lon="2.77111">
				<ele>740.14</ele>
				<time>2026-05-28T18:43:26.990Z</time>
			</trkpt>
			<trkpt lat="44.84542" lon="2.7709">
				<ele>733.05</ele>
				<time>2026-05-28T18:43:29.213Z</time>
			</trkpt>
			<trkpt lat="44.84546" lon="2.77066">
				<ele>731.41</ele>
				<time>2026-05-28T18:43:31.033Z</time>
			</trkpt>
			<trkpt lat="44.84536" lon="2.77017">
				<ele>735.4</ele>
				<time>2026-05-28T18:43:34.750Z</time>
			</trkpt>
			<trkpt lat="44.84529" lon="2.76992">
				<ele>740.53</ele>
				<time>2026-05-28T18:43:36.687Z</time>
			</trkpt>
			<trkpt lat="44.84527" lon="2.76963">
				<ele>744.93</ele>
				<time>2026-05-28T18:43:38.772Z</time>
			</trkpt>
			<trkpt lat="44.84531" lon="2.76942">
				<ele>745.46</ele>
				<time>2026-05-28T18:43:40.320Z</time>
			</trkpt>
			<trkpt lat="44.84545" lon="2.76926">
				<ele>739.04</ele>
				<time>2026-05-28T18:43:42.121Z</time>
			</trkpt>
			<trkpt lat="44.84573" lon="2.76921">
				<ele>730.8</ele>
				<time>2026-05-28T18:43:44.929Z</time>
			</trkpt>
			<trkpt lat="44.84614" lon="2.76924">
				<ele>723.29</ele>
				<time>2026-05-28T18:43:48.997Z</time>
			</trkpt>
			<trkpt lat="44.84642" lon="2.76911">
				<ele>720.14</ele>
				<time>2026-05-28T18:43:51.915Z</time>
			</trkpt>
			<trkpt lat="44.8465" lon="2.76894">
				<ele>720.82</ele>
				<time>2026-05-28T18:43:53.348Z</time>
			</trkpt>
			<trkpt lat="44.84652" lon="2.76872">
				<ele>722.26</ele>
				<time>2026-05-28T18:43:54.909Z</time>
			</trkpt>
			<trkpt lat="44.84651" lon="2.76841">
				<ele>721.57</ele>
				<time>2026-05-28T18:43:57.099Z</time>
			</trkpt>
			<trkpt lat="44.84643" lon="2.76836">
				<ele>724.35</ele>
				<time>2026-05-28T18:43:57.972Z</time>
			</trkpt>
			<trkpt lat="44.8462" lon="2.76797">
				<ele>728.78</ele>
				<time>2026-05-28T18:44:01.583Z</time>
			</trkpt>
			<trkpt lat="44.84613" lon="2.76768">
				<ele>730.21</ele>
				<time>2026-05-28T18:44:03.783Z</time>
			</trkpt>
			<trkpt lat="44.84613" lon="2.76735">
				<ele>732.17</ele>
				<time>2026-05-28T18:44:06.173Z</time>
			</trkpt>
			<trkpt lat="44.84627" lon="2.76659">
				<ele>737.37</ele>
				<time>2026-05-28T18:44:11.967Z</time>
			</trkpt>
			<trkpt lat="44.84647" lon="2.76495">
				<ele>742.96</ele>
				<time>2026-05-28T18:44:24.922Z</time>
			</trkpt>
			<trkpt lat="44.84649" lon="2.76434">
				<ele>744.73</ele>
				<time>2026-05-28T18:44:29.976Z</time>
			</trkpt>
			<trkpt lat="44.84648" lon="2.7642">
				<ele>744.58</ele>
				<time>2026-05-28T18:44:31.168Z</time>
			</trkpt>
			<trkpt lat="44.84649" lon="2.76434">
				<ele>744.73</ele>
				<time>2026-05-28T18:44:32.370Z</time>
			</trkpt>
			<trkpt lat="44.84647" lon="2.76495">
				<ele>742.96</ele>
				<time>2026-05-28T18:44:37.717Z</time>
			</trkpt>
			<trkpt lat="44.84627" lon="2.76659">
				<ele>737.37</ele>
				<time>2026-05-28T18:44:53.514Z</time>
			</trkpt>
			<trkpt lat="44.84613" lon="2.76735">
				<ele>732.17</ele>
				<time>2026-05-28T18:45:01.686Z</time>
			</trkpt>
			<trkpt lat="44.84613" lon="2.76768">
				<ele>730.21</ele>
				<time>2026-05-28T18:45:05.274Z</time>
			</trkpt>
			<trkpt lat="44.8462" lon="2.76797">
				<ele>728.78</ele>
				<time>2026-05-28T18:45:08.691Z</time>
			</trkpt>
			<trkpt lat="44.84643" lon="2.76836">
				<ele>724.35</ele>
				<time>2026-05-28T18:45:14.608Z</time>
			</trkpt>
			<trkpt lat="44.84651" lon="2.76841">
				<ele>721.57</ele>
				<time>2026-05-28T18:45:16.169Z</time>
			</trkpt>
			<trkpt lat="44.84652" lon="2.76872">
				<ele>722.26</ele>
				<time>2026-05-28T18:45:20.343Z</time>
			</trkpt>
			<trkpt lat="44.8465" lon="2.76894">
				<ele>720.82</ele>
				<time>2026-05-28T18:45:23.526Z</time>
			</trkpt>
			<trkpt lat="44.84642" lon="2.76911">
				<ele>720.14</ele>
				<time>2026-05-28T18:45:26.584Z</time>
			</trkpt>
			<trkpt lat="44.84614" lon="2.76924">
				<ele>723.29</ele>
				<time>2026-05-28T18:45:33.154Z</time>
			</trkpt>
			<trkpt lat="44.84573" lon="2.76921">
				<ele>730.8</ele>
				<time>2026-05-28T18:45:42.898Z</time>
			</trkpt>
			<trkpt lat="44.84545" lon="2.76926">
				<ele>739.04</ele>
				<time>2026-05-28T18:45:49.869Z</time>
			</trkpt>
			<trkpt lat="44.84531" lon="2.76942">
				<ele>745.46</ele>
				<time>2026-05-28T18:45:54.388Z</time>
			</trkpt>
			<trkpt lat="44.84527" lon="2.76963">
				<ele>744.93</ele>
				<time>2026-05-28T18:45:58.275Z</time>
			</trkpt>
			<trkpt lat="44.84529" lon="2.76992">
				<ele>740.53</ele>
				<time>2026-05-28T18:46:03.489Z</time>
			</trkpt>
			<trkpt lat="44.84536" lon="2.77017">
				<ele>735.4</ele>
				<time>2026-05-28T18:46:08.274Z</time>
			</trkpt>
			<trkpt lat="44.84546" lon="2.77066">
				<ele>731.41</ele>
				<time>2026-05-28T18:46:17.190Z</time>
			</trkpt>
			<trkpt lat="44.84542" lon="2.7709">
				<ele>733.05</ele>
				<time>2026-05-28T18:46:21.380Z</time>
			</trkpt>
			<trkpt lat="44.84527" lon="2.77111">
				<ele>740.14</ele>
				<time>2026-05-28T18:46:26.307Z</time>
			</trkpt>
			<trkpt lat="44.84507" lon="2.77126">
				<ele>749.47</ele>
				<time>2026-05-28T18:46:31.654Z</time>
			</trkpt>
			<trkpt lat="44.84494" lon="2.7714">
				<ele>755.31</ele>
				<time>2026-05-28T18:46:35.618Z</time>
			</trkpt>
			<trkpt lat="44.84477" lon="2.77222">
				<ele>758.43</ele>
				<time>2026-05-28T18:46:50.746Z</time>
			</trkpt>
			<trkpt lat="44.84467" lon="2.77246">
				<ele>759.52</ele>
				<time>2026-05-28T18:46:55.726Z</time>
			</trkpt>
			<trkpt lat="44.84449" lon="2.77278">
				<ele>762.14</ele>
				<time>2026-05-28T18:47:02.977Z</time>
			</trkpt>
			<trkpt lat="44.84422" lon="2.77331">
				<ele>773.34</ele>
				<time>2026-05-28T18:47:14.203Z</time>
			</trkpt>
			<trkpt lat="44.84421" lon="2.77348">
				<ele>773.85</ele>
				<time>2026-05-28T18:47:17.024Z</time>
			</trkpt>
			<trkpt lat="44.84424" lon="2.77364">
				<ele>772.8</ele>
				<time>2026-05-28T18:47:19.704Z</time>
			</trkpt>
			<trkpt lat="44.84441" lon="2.77402">
				<ele>767.18</ele>
				<time>2026-05-28T18:47:26.639Z</time>
			</trkpt>
			<trkpt lat="44.84461" lon="2.77438">
				<ele>767.85</ele>
				<time>2026-05-28T18:47:33.086Z</time>
			</trkpt>
			<trkpt lat="44.84472" lon="2.77457">
				<ele>769.17</ele>
				<time>2026-05-28T18:47:36.242Z</time>
			</trkpt>
			<trkpt lat="44.84491" lon="2.77482">
				<ele>769.86</ele>
				<time>2026-05-28T18:47:40.555Z</time>
			</trkpt>
			<trkpt lat="44.84534" lon="2.77559">
				<ele>773.45</ele>
				<time>2026-05-28T18:47:51.336Z</time>
			</trkpt>
			<trkpt lat="44.84543" lon="2.77581">
				<ele>773.99</ele>
				<time>2026-05-28T18:47:54.000Z</time>
			</trkpt>
			<trkpt lat="44.84545" lon="2.77598">
				<ele>774.17</ele>
				<time>2026-05-28T18:47:55.779Z</time>
			</trkpt>
			<trkpt lat="44.84541" lon="2.77623">
				<ele>776.67</ele>
				<time>2026-05-28T18:47:58.382Z</time>
			</trkpt>
			<trkpt lat="44.84534" lon="2.77642">
				<ele>779.69</ele>
				<time>2026-05-28T18:48:00.520Z</time>
			</trkpt>
			<trkpt lat="44.84518" lon="2.77666">
				<ele>783.23</ele>
				<time>2026-05-28T18:48:03.743Z</time>
			</trkpt>
			<trkpt lat="44.84507" lon="2.77688">
				<ele>784.34</ele>
				<time>2026-05-28T18:48:06.322Z</time>
			</trkpt>
			<trkpt lat="44.84475" lon="2.77728">
				<ele>790.99</ele>
				<time>2026-05-28T18:48:11.924Z</time>
			</trkpt>
			<trkpt lat="44.84461" lon="2.77754">
				<ele>792.91</ele>
				<time>2026-05-28T18:48:14.863Z</time>
			</trkpt>
			<trkpt lat="44.84453" lon="2.77782">
				<ele>795.36</ele>
				<time>2026-05-28T18:48:17.524Z</time>
			</trkpt>
			<trkpt lat="44.84453" lon="2.77805">
				<ele>794.66</ele>
				<time>2026-05-28T18:48:19.517Z</time>
			</trkpt>
			<trkpt lat="44.84457" lon="2.77826">
				<ele>794.56</ele>
				<time>2026-05-28T18:48:21.376Z</time>
			</trkpt>
			<trkpt lat="44.84476" lon="2.77888">
				<ele>797.11</ele>
				<time>2026-05-28T18:48:26.997Z</time>
			</trkpt>
			<trkpt lat="44.8448" lon="2.77919">
				<ele>794.92</ele>
				<time>2026-05-28T18:48:29.546Z</time>
			</trkpt>
			<trkpt lat="44.8448" lon="2.7796">
				<ele>795.3</ele>
				<time>2026-05-28T18:48:32.801Z</time>
			</trkpt>
			<trkpt lat="44.84478" lon="2.78">
				<ele>797.83</ele>
				<time>2026-05-28T18:48:35.920Z</time>
			</trkpt>
			<trkpt lat="44.84474" lon="2.78003">
				<ele>799.06</ele>
				<time>2026-05-28T18:48:36.412Z</time>
			</trkpt>
			<trkpt lat="44.84471" lon="2.77983">
				<ele>799.54</ele>
				<time>2026-05-28T18:48:37.975Z</time>
			</trkpt>
			<trkpt lat="44.84471" lon="2.7797">
				<ele>799.12</ele>
				<time>2026-05-28T18:48:38.963Z</time>
			</trkpt>
			<trkpt lat="44.84469" lon="2.77951">
				<ele>799.71</ele>
				<time>2026-05-28T18:48:40.411Z</time>
			</trkpt>
			<trkpt lat="44.84464" lon="2.77929">
				<ele>803.3</ele>
				<time>2026-05-28T18:48:42.139Z</time>
			</trkpt>
			<trkpt lat="44.84456" lon="2.77903">
				<ele>807.89</ele>
				<time>2026-05-28T18:48:44.239Z</time>
			</trkpt>
			<trkpt lat="44.84444" lon="2.7788">
				<ele>811.28</ele>
				<time>2026-05-28T18:48:46.334Z</time>
			</trkpt>
			<trkpt lat="44.84433" lon="2.77848">
				<ele>809.69</ele>
				<time>2026-05-28T18:48:48.918Z</time>
			</trkpt>
			<trkpt lat="44.84418" lon="2.77797">
				<ele>814.89</ele>
				<time>2026-05-28T18:48:52.882Z</time>
			</trkpt>
			<trkpt lat="44.84417" lon="2.77773">
				<ele>818.33</ele>
				<time>2026-05-28T18:48:54.594Z</time>
			</trkpt>
			<trkpt lat="44.84417" lon="2.77754">
				<ele>816.09</ele>
				<time>2026-05-28T18:48:55.941Z</time>
			</trkpt>
			<trkpt lat="44.8442" lon="2.77733">
				<ele>815.41</ele>
				<time>2026-05-28T18:48:57.456Z</time>
			</trkpt>
			<trkpt lat="44.84431" lon="2.77685">
				<ele>814.63</ele>
				<time>2026-05-28T18:49:01.009Z</time>
			</trkpt>
			<trkpt lat="44.84452" lon="2.77624">
				<ele>809.57</ele>
				<time>2026-05-28T18:49:05.773Z</time>
			</trkpt>
			<trkpt lat="44.84452" lon="2.77608">
				<ele>809.32</ele>
				<time>2026-05-28T18:49:06.897Z</time>
			</trkpt>
			<trkpt lat="44.8445" lon="2.77598">
				<ele>808.85</ele>
				<time>2026-05-28T18:49:07.628Z</time>
			</trkpt>
			<trkpt lat="44.84397" lon="2.77569">
				<ele>818.58</ele>
				<time>2026-05-28T18:49:13.290Z</time>
			</trkpt>
			<trkpt lat="44.84348" lon="2.77521">
				<ele>823.84</ele>
				<time>2026-05-28T18:49:19.317Z</time>
			</trkpt>
			<trkpt lat="44.84326" lon="2.77488">
				<ele>824.44</ele>
				<time>2026-05-28T18:49:22.615Z</time>
			</trkpt>
			<trkpt lat="44.84315" lon="2.77479">
				<ele>826.14</ele>
				<time>2026-05-28T18:49:23.934Z</time>
			</trkpt>
			<trkpt lat="44.84294" lon="2.774">
				<ele>829.36</ele>
				<time>2026-05-28T18:49:30.257Z</time>
			</trkpt>
			<trkpt lat="44.84275" lon="2.7735">
				<ele>833.11</ele>
				<time>2026-05-28T18:49:34.637Z</time>
			</trkpt>
			<trkpt lat="44.84265" lon="2.77332">
				<ele>836.59</ele>
				<time>2026-05-28T18:49:36.437Z</time>
			</trkpt>
			<trkpt lat="44.84255" lon="2.77305">
				<ele>838.73</ele>
				<time>2026-05-28T18:49:38.867Z</time>
			</trkpt>
			<trkpt lat="44.84239" lon="2.77215">
				<ele>836.55</ele>
				<time>2026-05-28T18:49:46.467Z</time>
			</trkpt>
			<trkpt lat="44.84214" lon="2.77146">
				<ele>840.77</ele>
				<time>2026-05-28T18:49:52.941Z</time>
			</trkpt>
			<trkpt lat="44.84209" lon="2.77125">
				<ele>842.35</ele>
				<time>2026-05-28T18:49:54.809Z</time>
			</trkpt>
			<trkpt lat="44.84209" lon="2.77108">
				<ele>843.04</ele>
				<time>2026-05-28T18:49:56.248Z</time>
			</trkpt>
			<trkpt lat="44.84192" lon="2.77013">
				<ele>848.11</ele>
				<time>2026-05-28T18:50:04.605Z</time>
			</trkpt>
			<trkpt lat="44.84183" lon="2.76994">
				<ele>847.7</ele>
				<time>2026-05-28T18:50:06.568Z</time>
			</trkpt>
			<trkpt lat="44.84172" lon="2.76978">
				<ele>848.45</ele>
				<time>2026-05-28T18:50:08.487Z</time>
			</trkpt>
			<trkpt lat="44.84127" lon="2.76929">
				<ele>854.56</ele>
				<time>2026-05-28T18:50:15.416Z</time>
			</trkpt>
			<trkpt lat="44.84093" lon="2.76896">
				<ele>858.87</ele>
				<time>2026-05-28T18:50:20.463Z</time>
			</trkpt>
			<trkpt lat="44.84081" lon="2.76888">
				<ele>860</ele>
				<time>2026-05-28T18:50:22.087Z</time>
			</trkpt>
			<trkpt lat="44.84065" lon="2.76882">
				<ele>860</ele>
				<time>2026-05-28T18:50:24.113Z</time>
			</trkpt>
			<trkpt lat="44.84014" lon="2.76871">
				<ele>862.86</ele>
				<time>2026-05-28T18:50:30.424Z</time>
			</trkpt>
			<trkpt lat="44.84001" lon="2.7686">
				<ele>864.84</ele>
				<time>2026-05-28T18:50:32.276Z</time>
			</trkpt>
			<trkpt lat="44.84003" lon="2.76838">
				<ele>863.96</ele>
				<time>2026-05-28T18:50:34.195Z</time>
			</trkpt>
			<trkpt lat="44.84002" lon="2.76806">
				<ele>864.89</ele>
				<time>2026-05-28T18:50:36.961Z</time>
			</trkpt>
			<trkpt lat="44.83993" lon="2.76788">
				<ele>865.09</ele>
				<time>2026-05-28T18:50:38.859Z</time>
			</trkpt>
			<trkpt lat="44.83984" lon="2.76781">
				<ele>865.07</ele>
				<time>2026-05-28T18:50:40.106Z</time>
			</trkpt>
			<trkpt lat="44.83941" lon="2.76766">
				<ele>864.48</ele>
				<time>2026-05-28T18:50:45.460Z</time>
			</trkpt>
			<trkpt lat="44.83857" lon="2.76741">
				<ele>856.61</ele>
				<time>2026-05-28T18:50:55.707Z</time>
			</trkpt>
			<trkpt lat="44.83836" lon="2.76742">
				<ele>856.08</ele>
				<time>2026-05-28T18:50:58.183Z</time>
			</trkpt>
			<trkpt lat="44.83805" lon="2.76752">
				<ele>857.08</ele>
				<time>2026-05-28T18:51:01.900Z</time>
			</trkpt>
			<trkpt lat="44.83787" lon="2.76753">
				<ele>856.57</ele>
				<time>2026-05-28T18:51:03.989Z</time>
			</trkpt>
			<trkpt lat="44.83762" lon="2.76746">
				<ele>854.72</ele>
				<time>2026-05-28T18:51:06.922Z</time>
			</trkpt>
			<trkpt lat="44.83722" lon="2.76721">
				<ele>852.96</ele>
				<time>2026-05-28T18:51:11.890Z</time>
			</trkpt>
			<trkpt lat="44.83701" lon="2.76698">
				<ele>850.8</ele>
				<time>2026-05-28T18:51:14.866Z</time>
			</trkpt>
			<trkpt lat="44.83684" lon="2.76665">
				<ele>847.93</ele>
				<time>2026-05-28T18:51:18.061Z</time>
			</trkpt>
			<trkpt lat="44.8367" lon="2.76619">
				<ele>845.55</ele>
				<time>2026-05-28T18:51:21.919Z</time>
			</trkpt>
			<trkpt lat="44.83668" lon="2.76589">
				<ele>843.53</ele>
				<time>2026-05-28T18:51:24.206Z</time>
			</trkpt>
			<trkpt lat="44.8367" lon="2.76552">
				<ele>841.51</ele>
				<time>2026-05-28T18:51:26.983Z</time>
			</trkpt>
			<trkpt lat="44.83669" lon="2.76524">
				<ele>841.18</ele>
				<time>2026-05-28T18:51:29.052Z</time>
			</trkpt>
			<trkpt lat="44.8366" lon="2.76492">
				<ele>839.14</ele>
				<time>2026-05-28T18:51:31.557Z</time>
			</trkpt>
			<trkpt lat="44.83628" lon="2.76423">
				<ele>836.48</ele>
				<time>2026-05-28T18:51:37.382Z</time>
			</trkpt>
			<trkpt lat="44.83613" lon="2.76402">
				<ele>835.75</ele>
				<time>2026-05-28T18:51:39.424Z</time>
			</trkpt>
			<trkpt lat="44.83589" lon="2.76384">
				<ele>833.8</ele>
				<time>2026-05-28T18:51:41.999Z</time>
			</trkpt>
			<trkpt lat="44.83542" lon="2.76353">
				<ele>830.4</ele>
				<time>2026-05-28T18:51:46.800Z</time>
			</trkpt>
			<trkpt lat="44.83516" lon="2.76331">
				<ele>828.15</ele>
				<time>2026-05-28T18:51:49.566Z</time>
			</trkpt>
			<trkpt lat="44.83399" lon="2.76224">
				<ele>823.88</ele>
				<time>2026-05-28T18:52:01.937Z</time>
			</trkpt>
			<trkpt lat="44.83365" lon="2.76203">
				<ele>823</ele>
				<time>2026-05-28T18:52:05.137Z</time>
			</trkpt>
			<trkpt lat="44.83244" lon="2.76146">
				<ele>816.09</ele>
				<time>2026-05-28T18:52:15.861Z</time>
			</trkpt>
			<trkpt lat="44.83234" lon="2.76143">
				<ele>817.43</ele>
				<time>2026-05-28T18:52:16.703Z</time>
			</trkpt>
			<trkpt lat="44.83221" lon="2.76134">
				<ele>818.78</ele>
				<time>2026-05-28T18:52:17.891Z</time>
			</trkpt>
			<trkpt lat="44.83197" lon="2.76101">
				<ele>820.21</ele>
				<time>2026-05-28T18:52:20.622Z</time>
			</trkpt>
			<trkpt lat="44.83177" lon="2.76085">
				<ele>820.17</ele>
				<time>2026-05-28T18:52:22.480Z</time>
			</trkpt>
			<trkpt lat="44.83159" lon="2.76076">
				<ele>820.3</ele>
				<time>2026-05-28T18:52:24.014Z</time>
			</trkpt>
			<trkpt lat="44.83142" lon="2.76072">
				<ele>820.35</ele>
				<time>2026-05-28T18:52:25.392Z</time>
			</trkpt>
			<trkpt lat="44.83086" lon="2.76075">
				<ele>818.85</ele>
				<time>2026-05-28T18:52:29.827Z</time>
			</trkpt>
			<trkpt lat="44.83048" lon="2.7608">
				<ele>820.36</ele>
				<time>2026-05-28T18:52:32.809Z</time>
			</trkpt>
			<trkpt lat="44.83021" lon="2.76089">
				<ele>824.09</ele>
				<time>2026-05-28T18:52:34.959Z</time>
			</trkpt>
			<trkpt lat="44.82911" lon="2.76135">
				<ele>826.51</ele>
				<time>2026-05-28T18:52:43.695Z</time>
			</trkpt>
			<trkpt lat="44.82862" lon="2.76175">
				<ele>823.38</ele>
				<time>2026-05-28T18:52:47.920Z</time>
			</trkpt>
			<trkpt lat="44.82841" lon="2.76188">
				<ele>823.21</ele>
				<time>2026-05-28T18:52:49.617Z</time>
			</trkpt>
			<trkpt lat="44.8282" lon="2.76192">
				<ele>822.53</ele>
				<time>2026-05-28T18:52:51.177Z</time>
			</trkpt>
			<trkpt lat="44.82799" lon="2.76191">
				<ele>821.79</ele>
				<time>2026-05-28T18:52:52.718Z</time>
			</trkpt>
			<trkpt lat="44.82789" lon="2.76186">
				<ele>821.41</ele>
				<time>2026-05-28T18:52:53.493Z</time>
			</trkpt>
			<trkpt lat="44.82782" lon="2.76201">
				<ele>821.37</ele>
				<time>2026-05-28T18:52:54.422Z</time>
			</trkpt>
			<trkpt lat="44.82769" lon="2.76212">
				<ele>822.34</ele>
				<time>2026-05-28T18:52:55.524Z</time>
			</trkpt>
			<trkpt lat="44.82757" lon="2.76215">
				<ele>823.38</ele>
				<time>2026-05-28T18:52:56.408Z</time>
			</trkpt>
			<trkpt lat="44.82745" lon="2.76213">
				<ele>824.28</ele>
				<time>2026-05-28T18:52:57.282Z</time>
			</trkpt>
			<trkpt lat="44.82729" lon="2.76201">
				<ele>824.91</ele>
				<time>2026-05-28T18:52:58.589Z</time>
			</trkpt>
			<trkpt lat="44.82686" lon="2.76153">
				<ele>826.57</ele>
				<time>2026-05-28T18:53:02.520Z</time>
			</trkpt>
			<trkpt lat="44.82669" lon="2.76139">
				<ele>827.8</ele>
				<time>2026-05-28T18:53:03.922Z</time>
			</trkpt>
			<trkpt lat="44.82645" lon="2.76125">
				<ele>828.26</ele>
				<time>2026-05-28T18:53:05.765Z</time>
			</trkpt>
			<trkpt lat="44.82626" lon="2.76118">
				<ele>827.94</ele>
				<time>2026-05-28T18:53:07.153Z</time>
			</trkpt>
			<trkpt lat="44.82605" lon="2.76115">
				<ele>827.31</ele>
				<time>2026-05-28T18:53:08.640Z</time>
			</trkpt>
			<trkpt lat="44.82562" lon="2.76114">
				<ele>828.01</ele>
				<time>2026-05-28T18:53:11.657Z</time>
			</trkpt>
			<trkpt lat="44.82543" lon="2.76108">
				<ele>828.31</ele>
				<time>2026-05-28T18:53:13.017Z</time>
			</trkpt>
			<trkpt lat="44.82524" lon="2.761">
				<ele>828.8</ele>
				<time>2026-05-28T18:53:14.398Z</time>
			</trkpt>
			<trkpt lat="44.82445" lon="2.76038">
				<ele>828.73</ele>
				<time>2026-05-28T18:53:20.655Z</time>
			</trkpt>
			<trkpt lat="44.8241" lon="2.76022">
				<ele>829.43</ele>
				<time>2026-05-28T18:53:23.184Z</time>
			</trkpt>
			<trkpt lat="44.82374" lon="2.7601">
				<ele>830.9</ele>
				<time>2026-05-28T18:53:25.719Z</time>
			</trkpt>
			<trkpt lat="44.82344" lon="2.76002">
				<ele>831.75</ele>
				<time>2026-05-28T18:53:27.805Z</time>
			</trkpt>
			<trkpt lat="44.82326" lon="2.75988">
				<ele>831.92</ele>
				<time>2026-05-28T18:53:29.207Z</time>
			</trkpt>
			<trkpt lat="44.82308" lon="2.7596">
				<ele>831.96</ele>
				<time>2026-05-28T18:53:31.032Z</time>
			</trkpt>
			<trkpt lat="44.82263" lon="2.75871">
				<ele>830.81</ele>
				<time>2026-05-28T18:53:36.296Z</time>
			</trkpt>
			<trkpt lat="44.82246" lon="2.75842">
				<ele>831.07</ele>
				<time>2026-05-28T18:53:38.104Z</time>
			</trkpt>
			<trkpt lat="44.82227" lon="2.75823">
				<ele>831.81</ele>
				<time>2026-05-28T18:53:39.669Z</time>
			</trkpt>
			<trkpt lat="44.82192" lon="2.75804">
				<ele>830.91</ele>
				<time>2026-05-28T18:53:42.159Z</time>
			</trkpt>
			<trkpt lat="44.82175" lon="2.75792">
				<ele>830.64</ele>
				<time>2026-05-28T18:53:43.406Z</time>
			</trkpt>
			<trkpt lat="44.82152" lon="2.75762">
				<ele>832</ele>
				<time>2026-05-28T18:53:45.442Z</time>
			</trkpt>
			<trkpt lat="44.82124" lon="2.7572">
				<ele>831.85</ele>
				<time>2026-05-28T18:53:48.060Z</time>
			</trkpt>
			<trkpt lat="44.82081" lon="2.75672">
				<ele>828.67</ele>
				<time>2026-05-28T18:53:51.508Z</time>
			</trkpt>
			<trkpt lat="44.82057" lon="2.75648">
				<ele>831.1</ele>
				<time>2026-05-28T18:53:53.328Z</time>
			</trkpt>
			<trkpt lat="44.82031" lon="2.75632">
				<ele>831.62</ele>
				<time>2026-05-28T18:53:55.063Z</time>
			</trkpt>
			<trkpt lat="44.81856" lon="2.75576">
				<ele>824.05</ele>
				<time>2026-05-28T18:54:05.637Z</time>
			</trkpt>
			<trkpt lat="44.81845" lon="2.75575">
				<ele>823.72</ele>
				<time>2026-05-28T18:54:06.265Z</time>
			</trkpt>
			<trkpt lat="44.81835" lon="2.75582">
				<ele>823.13</ele>
				<time>2026-05-28T18:54:06.899Z</time>
			</trkpt>
			<trkpt lat="44.81832" lon="2.75587">
				<ele>822.82</ele>
				<time>2026-05-28T18:54:07.162Z</time>
			</trkpt>
			<trkpt lat="44.8183" lon="2.75599">
				<ele>822.26</ele>
				<time>2026-05-28T18:54:07.656Z</time>
			</trkpt>
			<trkpt lat="44.81825" lon="2.75639">
				<ele>820.74</ele>
				<time>2026-05-28T18:54:09.274Z</time>
			</trkpt>
			<trkpt lat="44.81809" lon="2.75682">
				<ele>821.71</ele>
				<time>2026-05-28T18:54:11.188Z</time>
			</trkpt>
			<trkpt lat="44.81791" lon="2.7571">
				<ele>821.35</ele>
				<time>2026-05-28T18:54:12.663Z</time>
			</trkpt>
			<trkpt lat="44.81771" lon="2.75734">
				<ele>820.64</ele>
				<time>2026-05-28T18:54:14.097Z</time>
			</trkpt>
			<trkpt lat="44.81746" lon="2.75752">
				<ele>820.1</ele>
				<time>2026-05-28T18:54:15.617Z</time>
			</trkpt>
			<trkpt lat="44.81723" lon="2.75758">
				<ele>820.62</ele>
				<time>2026-05-28T18:54:16.874Z</time>
			</trkpt>
			<trkpt lat="44.81686" lon="2.75773">
				<ele>818.76</ele>
				<time>2026-05-28T18:54:18.925Z</time>
			</trkpt>
			<trkpt lat="44.81655" lon="2.75788">
				<ele>817.08</ele>
				<time>2026-05-28T18:54:20.653Z</time>
			</trkpt>
			<trkpt lat="44.81641" lon="2.75799">
				<ele>815.87</ele>
				<time>2026-05-28T18:54:21.493Z</time>
			</trkpt>
			<trkpt lat="44.81624" lon="2.7583">
				<ele>812.73</ele>
				<time>2026-05-28T18:54:22.940Z</time>
			</trkpt>
			<trkpt lat="44.81619" lon="2.75837">
				<ele>811.39</ele>
				<time>2026-05-28T18:54:23.306Z</time>
			</trkpt>
			<trkpt lat="44.81612" lon="2.75838">
				<ele>809.54</ele>
				<time>2026-05-28T18:54:23.670Z</time>
			</trkpt>
			<trkpt lat="44.81607" lon="2.75834">
				<ele>808.04</ele>
				<time>2026-05-28T18:54:23.967Z</time>
			</trkpt>
			<trkpt lat="44.816" lon="2.75811">
				<ele>806.36</ele>
				<time>2026-05-28T18:54:24.882Z</time>
			</trkpt>
			<trkpt lat="44.81597" lon="2.75768">
				<ele>804.2</ele>
				<time>2026-05-28T18:54:26.452Z</time>
			</trkpt>
			<trkpt lat="44.816" lon="2.75738">
				<ele>804.55</ele>
				<time>2026-05-28T18:54:27.546Z</time>
			</trkpt>
			<trkpt lat="44.81608" lon="2.7571">
				<ele>805.93</ele>
				<time>2026-05-28T18:54:28.631Z</time>
			</trkpt>
			<trkpt lat="44.81629" lon="2.75655">
				<ele>803.91</ele>
				<time>2026-05-28T18:54:30.859Z</time>
			</trkpt>
			<trkpt lat="44.81653" lon="2.75608">
				<ele>801.38</ele>
				<time>2026-05-28T18:54:32.907Z</time>
			</trkpt>
			<trkpt lat="44.8166" lon="2.75589">
				<ele>800.46</ele>
				<time>2026-05-28T18:54:33.660Z</time>
			</trkpt>
			<trkpt lat="44.81664" lon="2.75568">
				<ele>798.95</ele>
				<time>2026-05-28T18:54:34.422Z</time>
			</trkpt>
			<trkpt lat="44.81662" lon="2.75542">
				<ele>796.19</ele>
				<time>2026-05-28T18:54:35.337Z</time>
			</trkpt>
			<trkpt lat="44.81655" lon="2.75517">
				<ele>793.72</ele>
				<time>2026-05-28T18:54:36.273Z</time>
			</trkpt>
			<trkpt lat="44.8163" lon="2.75467">
				<ele>788.47</ele>
				<time>2026-05-28T18:54:38.393Z</time>
			</trkpt>
			<trkpt lat="44.81624" lon="2.75446">
				<ele>787.44</ele>
				<time>2026-05-28T18:54:39.175Z</time>
			</trkpt>
			<trkpt lat="44.8162" lon="2.7541">
				<ele>787.79</ele>
				<time>2026-05-28T18:54:40.428Z</time>
			</trkpt>
			<trkpt lat="44.81613" lon="2.75302">
				<ele>780.3</ele>
				<time>2026-05-28T18:54:44.133Z</time>
			</trkpt>
			<trkpt lat="44.8161" lon="2.75282">
				<ele>779.12</ele>
				<time>2026-05-28T18:54:44.827Z</time>
			</trkpt>
			<trkpt lat="44.81607" lon="2.75274">
				<ele>778.37</ele>
				<time>2026-05-28T18:54:45.135Z</time>
			</trkpt>
			<trkpt lat="44.816" lon="2.75272">
				<ele>777.24</ele>
				<time>2026-05-28T18:54:45.476Z</time>
			</trkpt>
			<trkpt lat="44.81592" lon="2.75273">
				<ele>776.13</ele>
				<time>2026-05-28T18:54:45.860Z</time>
			</trkpt>
			<trkpt lat="44.81543" lon="2.75321">
				<ele>769.67</ele>
				<time>2026-05-28T18:54:48.702Z</time>
			</trkpt>
			<trkpt lat="44.81523" lon="2.75354">
				<ele>770.36</ele>
				<time>2026-05-28T18:54:50.164Z</time>
			</trkpt>
			<trkpt lat="44.81518" lon="2.75358">
				<ele>770.49</ele>
				<time>2026-05-28T18:54:50.437Z</time>
			</trkpt>
			<trkpt lat="44.81514" lon="2.75361">
				<ele>770.5</ele>
				<time>2026-05-28T18:54:50.651Z</time>
			</trkpt>
			<trkpt lat="44.81477" lon="2.75361">
				<ele>768.41</ele>
				<time>2026-05-28T18:54:52.404Z</time>
			</trkpt>
			<trkpt lat="44.81445" lon="2.75359">
				<ele>765.92</ele>
				<time>2026-05-28T18:54:53.918Z</time>
			</trkpt>
			<trkpt lat="44.81408" lon="2.75346">
				<ele>762.33</ele>
				<time>2026-05-28T18:54:55.719Z</time>
			</trkpt>
			<trkpt lat="44.81366" lon="2.75315">
				<ele>761.86</ele>
				<time>2026-05-28T18:54:57.958Z</time>
			</trkpt>
			<trkpt lat="44.81292" lon="2.7525">
				<ele>763.46</ele>
				<time>2026-05-28T18:55:02.077Z</time>
			</trkpt>
			<trkpt lat="44.81167" lon="2.75143">
				<ele>764.63</ele>
				<time>2026-05-28T18:55:09.025Z</time>
			</trkpt>
			<trkpt lat="44.81151" lon="2.75134">
				<ele>765.6</ele>
				<time>2026-05-28T18:55:09.849Z</time>
			</trkpt>
			<trkpt lat="44.81137" lon="2.75132">
				<ele>766.25</ele>
				<time>2026-05-28T18:55:10.523Z</time>
			</trkpt>
			<trkpt lat="44.81094" lon="2.75135">
				<ele>766.51</ele>
				<time>2026-05-28T18:55:12.592Z</time>
			</trkpt>
			<trkpt lat="44.8107" lon="2.75129">
				<ele>766.93</ele>
				<time>2026-05-28T18:55:13.769Z</time>
			</trkpt>
			<trkpt lat="44.8105" lon="2.75116">
				<ele>767.43</ele>
				<time>2026-05-28T18:55:14.835Z</time>
			</trkpt>
			<trkpt lat="44.81023" lon="2.75078">
				<ele>766</ele>
				<time>2026-05-28T18:55:16.690Z</time>
			</trkpt>
			<trkpt lat="44.80934" lon="2.74901">
				<ele>778.84</ele>
				<time>2026-05-28T18:55:24.297Z</time>
			</trkpt>
			<trkpt lat="44.80929" lon="2.74898">
				<ele>779.45</ele>
				<time>2026-05-28T18:55:24.570Z</time>
			</trkpt>
			<trkpt lat="44.80925" lon="2.74898">
				<ele>780.09</ele>
				<time>2026-05-28T18:55:24.771Z</time>
			</trkpt>
			<trkpt lat="44.80922" lon="2.74902">
				<ele>780.65</ele>
				<time>2026-05-28T18:55:24.978Z</time>
			</trkpt>
			<trkpt lat="44.8092" lon="2.74909">
				<ele>781.16</ele>
				<time>2026-05-28T18:55:25.248Z</time>
			</trkpt>
			<trkpt lat="44.80918" lon="2.75019">
				<ele>782.75</ele>
				<time>2026-05-28T18:55:29.214Z</time>
			</trkpt>
			<trkpt lat="44.80913" lon="2.7504">
				<ele>784.37</ele>
				<time>2026-05-28T18:55:30.022Z</time>
			</trkpt>
			<trkpt lat="44.80881" lon="2.75098">
				<ele>788.73</ele>
				<time>2026-05-28T18:55:32.722Z</time>
			</trkpt>
			<trkpt lat="44.80866" lon="2.75131">
				<ele>788.63</ele>
				<time>2026-05-28T18:55:34.178Z</time>
			</trkpt>
			<trkpt lat="44.80856" lon="2.75173">
				<ele>788.3</ele>
				<time>2026-05-28T18:55:35.837Z</time>
			</trkpt>
			<trkpt lat="44.80848" lon="2.75193">
				<ele>788.39</ele>
				<time>2026-05-28T18:55:36.702Z</time>
			</trkpt>
			<trkpt lat="44.80813" lon="2.7526">
				<ele>788.38</ele>
				<time>2026-05-28T18:55:39.872Z</time>
			</trkpt>
			<trkpt lat="44.80791" lon="2.7528">
				<ele>790.56</ele>
				<time>2026-05-28T18:55:41.296Z</time>
			</trkpt>
			<trkpt lat="44.80763" lon="2.75292">
				<ele>792.24</ele>
				<time>2026-05-28T18:55:42.901Z</time>
			</trkpt>
			<trkpt lat="44.80753" lon="2.753">
				<ele>792.16</ele>
				<time>2026-05-28T18:55:43.535Z</time>
			</trkpt>
			<trkpt lat="44.80718" lon="2.75352">
				<ele>792.28</ele>
				<time>2026-05-28T18:55:46.370Z</time>
			</trkpt>
			<trkpt lat="44.80672" lon="2.75433">
				<ele>797.88</ele>
				<time>2026-05-28T18:55:50.559Z</time>
			</trkpt>
			<trkpt lat="44.8065" lon="2.75454">
				<ele>796.88</ele>
				<time>2026-05-28T18:55:52.097Z</time>
			</trkpt>
			<trkpt lat="44.80634" lon="2.75461">
				<ele>796.72</ele>
				<time>2026-05-28T18:55:53.074Z</time>
			</trkpt>
			<trkpt lat="44.80587" lon="2.75471">
				<ele>796.97</ele>
				<time>2026-05-28T18:55:55.877Z</time>
			</trkpt>
			<trkpt lat="44.80483" lon="2.75504">
				<ele>800.04</ele>
				<time>2026-05-28T18:56:02.345Z</time>
			</trkpt>
			<trkpt lat="44.80466" lon="2.75506">
				<ele>800.67</ele>
				<time>2026-05-28T18:56:03.405Z</time>
			</trkpt>
			<trkpt lat="44.80404" lon="2.75487">
				<ele>802.2</ele>
				<time>2026-05-28T18:56:07.406Z</time>
			</trkpt>
			<trkpt lat="44.80393" lon="2.75487">
				<ele>802.07</ele>
				<time>2026-05-28T18:56:08.110Z</time>
			</trkpt>
			<trkpt lat="44.80382" lon="2.75489">
				<ele>802.71</ele>
				<time>2026-05-28T18:56:08.823Z</time>
			</trkpt>
			<trkpt lat="44.80373" lon="2.75499">
				<ele>803.71</ele>
				<time>2026-05-28T18:56:09.562Z</time>
			</trkpt>
			<trkpt lat="44.80351" lon="2.75548">
				<ele>805.13</ele>
				<time>2026-05-28T18:56:12.246Z</time>
			</trkpt>
			<trkpt lat="44.80326" lon="2.75587">
				<ele>805.43</ele>
				<time>2026-05-28T18:56:14.718Z</time>
			</trkpt>
			<trkpt lat="44.80315" lon="2.75597">
				<ele>805.56</ele>
				<time>2026-05-28T18:56:15.594Z</time>
			</trkpt>
			<trkpt lat="44.80304" lon="2.75604">
				<ele>805.7</ele>
				<time>2026-05-28T18:56:16.406Z</time>
			</trkpt>
			<trkpt lat="44.80272" lon="2.75611">
				<ele>806.34</ele>
				<time>2026-05-28T18:56:18.605Z</time>
			</trkpt>
			<trkpt lat="44.80249" lon="2.75617">
				<ele>808</ele>
				<time>2026-05-28T18:56:20.212Z</time>
			</trkpt>
			<trkpt lat="44.80247" lon="2.75638">
				<ele>808.09</ele>
				<time>2026-05-28T18:56:21.253Z</time>
			</trkpt>
			<trkpt lat="44.8025" lon="2.75654">
				<ele>808.5</ele>
				<time>2026-05-28T18:56:22.071Z</time>
			</trkpt>
			<trkpt lat="44.80265" lon="2.7569">
				<ele>807.84</ele>
				<time>2026-05-28T18:56:24.152Z</time>
			</trkpt>
			<trkpt lat="44.80302" lon="2.75761">
				<ele>806.48</ele>
				<time>2026-05-28T18:56:28.628Z</time>
			</trkpt>
			<trkpt lat="44.80308" lon="2.75778">
				<ele>807.03</ele>
				<time>2026-05-28T18:56:29.609Z</time>
			</trkpt>
			<trkpt lat="44.8031" lon="2.75817">
				<ele>807.58</ele>
				<time>2026-05-28T18:56:31.646Z</time>
			</trkpt>
			<trkpt lat="44.80298" lon="2.75885">
				<ele>806.22</ele>
				<time>2026-05-28T18:56:35.358Z</time>
			</trkpt>
			<trkpt lat="44.80294" lon="2.75952">
				<ele>802.54</ele>
				<time>2026-05-28T18:56:38.996Z</time>
			</trkpt>
			<trkpt lat="44.80284" lon="2.76042">
				<ele>794.96</ele>
				<time>2026-05-28T18:56:44.047Z</time>
			</trkpt>
			<trkpt lat="44.80275" lon="2.76101">
				<ele>793.56</ele>
				<time>2026-05-28T18:56:47.473Z</time>
			</trkpt>
			<trkpt lat="44.80273" lon="2.76117">
				<ele>793.94</ele>
				<time>2026-05-28T18:56:48.406Z</time>
			</trkpt>
			<trkpt lat="44.80267" lon="2.76159">
				<ele>795.46</ele>
				<time>2026-05-28T18:56:50.890Z</time>
			</trkpt>
			<trkpt lat="44.8026" lon="2.76182">
				<ele>795.85</ele>
				<time>2026-05-28T18:56:52.357Z</time>
			</trkpt>
			<trkpt lat="44.80209" lon="2.76304">
				<ele>792</ele>
				<time>2026-05-28T18:57:00.876Z</time>
			</trkpt>
			<trkpt lat="44.80206" lon="2.76308">
				<ele>792</ele>
				<time>2026-05-28T18:57:01.234Z</time>
			</trkpt>
			<trkpt lat="44.80201" lon="2.76307">
				<ele>792</ele>
				<time>2026-05-28T18:57:01.673Z</time>
			</trkpt>
			<trkpt lat="44.802" lon="2.76291">
				<ele>792.39</ele>
				<time>2026-05-28T18:57:02.668Z</time>
			</trkpt>
			<trkpt lat="44.80196" lon="2.76263">
				<ele>793</ele>
				<time>2026-05-28T18:57:04.449Z</time>
			</trkpt>
			<trkpt lat="44.8019" lon="2.7624">
				<ele>793</ele>
				<time>2026-05-28T18:57:05.990Z</time>
			</trkpt>
			<trkpt lat="44.80183" lon="2.76226">
				<ele>793</ele>
				<time>2026-05-28T18:57:07.075Z</time>
			</trkpt>
			<trkpt lat="44.80156" lon="2.76189">
				<ele>793.2</ele>
				<time>2026-05-28T18:57:10.472Z</time>
			</trkpt>
			<trkpt lat="44.80106" lon="2.7613">
				<ele>794.31</ele>
				<time>2026-05-28T18:57:17.147Z</time>
			</trkpt>
			<trkpt lat="44.80099" lon="2.76115">
				<ele>794.83</ele>
				<time>2026-05-28T18:57:18.629Z</time>
			</trkpt>
			<trkpt lat="44.80097" lon="2.76092">
				<ele>795.96</ele>
				<time>2026-05-28T18:57:20.618Z</time>
			</trkpt>
			<trkpt lat="44.80096" lon="2.76044">
				<ele>798.3</ele>
				<time>2026-05-28T18:57:24.985Z</time>
			</trkpt>
			<trkpt lat="44.80097" lon="2.76025">
				<ele>799.64</ele>
				<time>2026-05-28T18:57:26.800Z</time>
			</trkpt>
			<trkpt lat="44.80101" lon="2.76007">
				<ele>801.24</ele>
				<time>2026-05-28T18:57:28.638Z</time>
			</trkpt>
			<trkpt lat="44.801" lon="2.75987">
				<ele>802.72</ele>
				<time>2026-05-28T18:57:30.632Z</time>
			</trkpt>
			<trkpt lat="44.79932" lon="2.7602">
				<ele>798.24</ele>
				<time>2026-05-28T18:57:56.220Z</time>
			</trkpt>
			<trkpt lat="44.79918" lon="2.76021">
				<ele>798.21</ele>
				<time>2026-05-28T18:57:58.364Z</time>
			</trkpt>
			<trkpt lat="44.79848" lon="2.76035">
				<ele>800.33</ele>
				<time>2026-05-28T18:58:08.893Z</time>
			</trkpt>
			<trkpt lat="44.7982" lon="2.76054">
				<ele>800.04</ele>
				<time>2026-05-28T18:58:13.283Z</time>
			</trkpt>
			<trkpt lat="44.79802" lon="2.76062">
				<ele>799.61</ele>
				<time>2026-05-28T18:58:15.852Z</time>
			</trkpt>
			<trkpt lat="44.79785" lon="2.7606">
				<ele>798.93</ele>
				<time>2026-05-28T18:58:18.100Z</time>
			</trkpt>
			<trkpt lat="44.7972" lon="2.76035">
				<ele>800.03</ele>
				<time>2026-05-28T18:58:26.214Z</time>
			</trkpt>
			<trkpt lat="44.79686" lon="2.76017">
				<ele>801.35</ele>
				<time>2026-05-28T18:58:30.295Z</time>
			</trkpt>
			<trkpt lat="44.79617" lon="2.75947">
				<ele>803.22</ele>
				<time>2026-05-28T18:58:39.377Z</time>
			</trkpt>
			<trkpt lat="44.79575" lon="2.75933">
				<ele>801.51</ele>
				<time>2026-05-28T18:58:43.694Z</time>
			</trkpt>
			<trkpt lat="44.79501" lon="2.75936">
				<ele>804.49</ele>
				<time>2026-05-28T18:58:50.559Z</time>
			</trkpt>
			<trkpt lat="44.79481" lon="2.75935">
				<ele>805.11</ele>
				<time>2026-05-28T18:58:52.290Z</time>
			</trkpt>
			<trkpt lat="44.7942" lon="2.7594">
				<ele>801.39</ele>
				<time>2026-05-28T18:58:57.514Z</time>
			</trkpt>
			<trkpt lat="44.79391" lon="2.75949">
				<ele>800.45</ele>
				<time>2026-05-28T18:59:00.033Z</time>
			</trkpt>
			<trkpt lat="44.79283" lon="2.76001">
				<ele>805.87</ele>
				<time>2026-05-28T18:59:09.598Z</time>
			</trkpt>
			<trkpt lat="44.7912" lon="2.76075">
				<ele>807.59</ele>
				<time>2026-05-28T18:59:23.616Z</time>
			</trkpt>
			<trkpt lat="44.79095" lon="2.7609">
				<ele>807.92</ele>
				<time>2026-05-28T18:59:25.804Z</time>
			</trkpt>
			<trkpt lat="44.78988" lon="2.76181">
				<ele>820.15</ele>
				<time>2026-05-28T18:59:35.746Z</time>
			</trkpt>
			<trkpt lat="44.78971" lon="2.76198">
				<ele>818.23</ele>
				<time>2026-05-28T18:59:37.385Z</time>
			</trkpt>
			<trkpt lat="44.78946" lon="2.76231">
				<ele>813.82</ele>
				<time>2026-05-28T18:59:40.067Z</time>
			</trkpt>
			<trkpt lat="44.7892" lon="2.76277">
				<ele>813.61</ele>
				<time>2026-05-28T18:59:43.315Z</time>
			</trkpt>
			<trkpt lat="44.78907" lon="2.76296">
				<ele>813.34</ele>
				<time>2026-05-28T18:59:44.766Z</time>
			</trkpt>
			<trkpt lat="44.78884" lon="2.76319">
				<ele>813</ele>
				<time>2026-05-28T18:59:46.943Z</time>
			</trkpt>
			<trkpt lat="44.78855" lon="2.76333">
				<ele>813.35</ele>
				<time>2026-05-28T18:59:49.298Z</time>
			</trkpt>
			<trkpt lat="44.78754" lon="2.76359">
				<ele>812.38</ele>
				<time>2026-05-28T18:59:57.105Z</time>
			</trkpt>
			<trkpt lat="44.78729" lon="2.76371">
				<ele>811.35</ele>
				<time>2026-05-28T18:59:59.094Z</time>
			</trkpt>
			<trkpt lat="44.78703" lon="2.76395">
				<ele>809.77</ele>
				<time>2026-05-28T19:00:01.425Z</time>
			</trkpt>
			<trkpt lat="44.7869" lon="2.7641">
				<ele>809.71</ele>
				<time>2026-05-28T19:00:02.681Z</time>
			</trkpt>
			<trkpt lat="44.78605" lon="2.76532">
				<ele>816.49</ele>
				<time>2026-05-28T19:00:11.655Z</time>
			</trkpt>
			<trkpt lat="44.78592" lon="2.76547">
				<ele>817.32</ele>
				<time>2026-05-28T19:00:12.886Z</time>
			</trkpt>
			<trkpt lat="44.78577" lon="2.76561">
				<ele>818.58</ele>
				<time>2026-05-28T19:00:14.200Z</time>
			</trkpt>
			<trkpt lat="44.78549" lon="2.76578">
				<ele>819.97</ele>
				<time>2026-05-28T19:00:16.419Z</time>
			</trkpt>
			<trkpt lat="44.78522" lon="2.76584">
				<ele>818.54</ele>
				<time>2026-05-28T19:00:18.401Z</time>
			</trkpt>
			<trkpt lat="44.78496" lon="2.7658">
				<ele>817.22</ele>
				<time>2026-05-28T19:00:20.290Z</time>
			</trkpt>
			<trkpt lat="44.78477" lon="2.76571">
				<ele>817.89</ele>
				<time>2026-05-28T19:00:21.733Z</time>
			</trkpt>
			<trkpt lat="44.7846" lon="2.7656">
				<ele>819.25</ele>
				<time>2026-05-28T19:00:23.076Z</time>
			</trkpt>
			<trkpt lat="44.78379" lon="2.76484">
				<ele>822.33</ele>
				<time>2026-05-28T19:00:30.007Z</time>
			</trkpt>
			<trkpt lat="44.78363" lon="2.76472">
				<ele>821.16</ele>
				<time>2026-05-28T19:00:31.288Z</time>
			</trkpt>
			<trkpt lat="44.78334" lon="2.76461">
				<ele>820.79</ele>
				<time>2026-05-28T19:00:33.404Z</time>
			</trkpt>
			<trkpt lat="44.78319" lon="2.7646">
				<ele>822.36</ele>
				<time>2026-05-28T19:00:34.459Z</time>
			</trkpt>
			<trkpt lat="44.78302" lon="2.76462">
				<ele>824.35</ele>
				<time>2026-05-28T19:00:35.654Z</time>
			</trkpt>
			<trkpt lat="44.78285" lon="2.76467">
				<ele>827.51</ele>
				<time>2026-05-28T19:00:36.869Z</time>
			</trkpt>
			<trkpt lat="44.78233" lon="2.76487">
				<ele>830.04</ele>
				<time>2026-05-28T19:00:40.621Z</time>
			</trkpt>
			<trkpt lat="44.78215" lon="2.76497">
				<ele>828.47</ele>
				<time>2026-05-28T19:00:41.961Z</time>
			</trkpt>
			<trkpt lat="44.78199" lon="2.76508">
				<ele>826.78</ele>
				<time>2026-05-28T19:00:43.192Z</time>
			</trkpt>
			<trkpt lat="44.78175" lon="2.76532">
				<ele>825.64</ele>
				<time>2026-05-28T19:00:45.220Z</time>
			</trkpt>
			<trkpt lat="44.78142" lon="2.76578">
				<ele>828.74</ele>
				<time>2026-05-28T19:00:48.404Z</time>
			</trkpt>
			<trkpt lat="44.78117" lon="2.76608">
				<ele>831.72</ele>
				<time>2026-05-28T19:00:50.645Z</time>
			</trkpt>
			<trkpt lat="44.78094" lon="2.76625">
				<ele>832.1</ele>
				<time>2026-05-28T19:00:52.411Z</time>
			</trkpt>
			<trkpt lat="44.7808" lon="2.76631">
				<ele>832.06</ele>
				<time>2026-05-28T19:00:53.404Z</time>
			</trkpt>
			<trkpt lat="44.78066" lon="2.76633">
				<ele>831.51</ele>
				<time>2026-05-28T19:00:54.357Z</time>
			</trkpt>
			<trkpt lat="44.78041" lon="2.7663">
				<ele>831.71</ele>
				<time>2026-05-28T19:00:56.052Z</time>
			</trkpt>
			<trkpt lat="44.77974" lon="2.76618">
				<ele>836.41</ele>
				<time>2026-05-28T19:01:00.591Z</time>
			</trkpt>
			<trkpt lat="44.77931" lon="2.76606">
				<ele>837.73</ele>
				<time>2026-05-28T19:01:03.517Z</time>
			</trkpt>
			<trkpt lat="44.77913" lon="2.76597">
				<ele>836.83</ele>
				<time>2026-05-28T19:01:04.788Z</time>
			</trkpt>
			<trkpt lat="44.77892" lon="2.76582">
				<ele>837.46</ele>
				<time>2026-05-28T19:01:06.351Z</time>
			</trkpt>
			<trkpt lat="44.77876" lon="2.76561">
				<ele>839.61</ele>
				<time>2026-05-28T19:01:07.799Z</time>
			</trkpt>
			<trkpt lat="44.77862" lon="2.7654">
				<ele>841.16</ele>
				<time>2026-05-28T19:01:09.149Z</time>
			</trkpt>
			<trkpt lat="44.77853" lon="2.76519">
				<ele>842.11</ele>
				<time>2026-05-28T19:01:10.297Z</time>
			</trkpt>
			<trkpt lat="44.77846" lon="2.76499">
				<ele>842.94</ele>
				<time>2026-05-28T19:01:11.339Z</time>
			</trkpt>
			<trkpt lat="44.7784" lon="2.76472">
				<ele>844.04</ele>
				<time>2026-05-28T19:01:12.658Z</time>
			</trkpt>
			<trkpt lat="44.77828" lon="2.76372">
				<ele>844.73</ele>
				<time>2026-05-28T19:01:17.363Z</time>
			</trkpt>
			<trkpt lat="44.77824" lon="2.76352">
				<ele>845.05</ele>
				<time>2026-05-28T19:01:18.323Z</time>
			</trkpt>
			<trkpt lat="44.77817" lon="2.76328">
				<ele>844.33</ele>
				<time>2026-05-28T19:01:19.519Z</time>
			</trkpt>
			<trkpt lat="44.77807" lon="2.76306">
				<ele>843.25</ele>
				<time>2026-05-28T19:01:20.721Z</time>
			</trkpt>
			<trkpt lat="44.77796" lon="2.76289">
				<ele>842.53</ele>
				<time>2026-05-28T19:01:21.778Z</time>
			</trkpt>
			<trkpt lat="44.77776" lon="2.7627">
				<ele>842.65</ele>
				<time>2026-05-28T19:01:23.336Z</time>
			</trkpt>
			<trkpt lat="44.77764" lon="2.76263">
				<ele>844.64</ele>
				<time>2026-05-28T19:01:24.174Z</time>
			</trkpt>
			<trkpt lat="44.77744" lon="2.76256">
				<ele>848.25</ele>
				<time>2026-05-28T19:01:25.500Z</time>
			</trkpt>
			<trkpt lat="44.77727" lon="2.76256">
				<ele>851.28</ele>
				<time>2026-05-28T19:01:26.593Z</time>
			</trkpt>
			<trkpt lat="44.77703" lon="2.7626">
				<ele>854.26</ele>
				<time>2026-05-28T19:01:28.143Z</time>
			</trkpt>
			<trkpt lat="44.77681" lon="2.76266">
				<ele>856.22</ele>
				<time>2026-05-28T19:01:29.577Z</time>
			</trkpt>
			<trkpt lat="44.77656" lon="2.76278">
				<ele>858.03</ele>
				<time>2026-05-28T19:01:31.263Z</time>
			</trkpt>
			<trkpt lat="44.77645" lon="2.76286">
				<ele>858.33</ele>
				<time>2026-05-28T19:01:32.052Z</time>
			</trkpt>
			<trkpt lat="44.77623" lon="2.76308">
				<ele>856.72</ele>
				<time>2026-05-28T19:01:33.769Z</time>
			</trkpt>
			<trkpt lat="44.77608" lon="2.76328">
				<ele>854.84</ele>
				<time>2026-05-28T19:01:35.080Z</time>
			</trkpt>
			<trkpt lat="44.77563" lon="2.76414">
				<ele>863.76</ele>
				<time>2026-05-28T19:01:39.876Z</time>
			</trkpt>
			<trkpt lat="44.77526" lon="2.76497">
				<ele>870.38</ele>
				<time>2026-05-28T19:01:44.249Z</time>
			</trkpt>
			<trkpt lat="44.77515" lon="2.76532">
				<ele>872.1</ele>
				<time>2026-05-28T19:01:45.951Z</time>
			</trkpt>
			<trkpt lat="44.77463" lon="2.76734">
				<ele>865.2</ele>
				<time>2026-05-28T19:01:55.438Z</time>
			</trkpt>
			<trkpt lat="44.77454" lon="2.76759">
				<ele>864.48</ele>
				<time>2026-05-28T19:01:56.668Z</time>
			</trkpt>
			<trkpt lat="44.77434" lon="2.76801">
				<ele>865.74</ele>
				<time>2026-05-28T19:01:58.883Z</time>
			</trkpt>
			<trkpt lat="44.77424" lon="2.76817">
				<ele>865.99</ele>
				<time>2026-05-28T19:01:59.816Z</time>
			</trkpt>
			<trkpt lat="44.77405" lon="2.76838">
				<ele>866.63</ele>
				<time>2026-05-28T19:02:01.301Z</time>
			</trkpt>
			<trkpt lat="44.77391" lon="2.76849">
				<ele>866.78</ele>
				<time>2026-05-28T19:02:02.287Z</time>
			</trkpt>
			<trkpt lat="44.7737" lon="2.76859">
				<ele>866.8</ele>
				<time>2026-05-28T19:02:03.647Z</time>
			</trkpt>
			<trkpt lat="44.77292" lon="2.76882">
				<ele>872.68</ele>
				<time>2026-05-28T19:02:08.524Z</time>
			</trkpt>
			<trkpt lat="44.77207" lon="2.76922">
				<ele>879.07</ele>
				<time>2026-05-28T19:02:13.984Z</time>
			</trkpt>
			<trkpt lat="44.77152" lon="2.76955">
				<ele>883.37</ele>
				<time>2026-05-28T19:02:17.613Z</time>
			</trkpt>
			<trkpt lat="44.77077" lon="2.76992">
				<ele>881.21</ele>
				<time>2026-05-28T19:02:22.422Z</time>
			</trkpt>
			<trkpt lat="44.76989" lon="2.77024">
				<ele>886.1</ele>
				<time>2026-05-28T19:02:27.903Z</time>
			</trkpt>
			<trkpt lat="44.76878" lon="2.7707">
				<ele>888.03</ele>
				<time>2026-05-28T19:02:34.858Z</time>
			</trkpt>
			<trkpt lat="44.76848" lon="2.77077">
				<ele>888.5</ele>
				<time>2026-05-28T19:02:36.682Z</time>
			</trkpt>
			<trkpt lat="44.7672" lon="2.77072">
				<ele>890.28</ele>
				<time>2026-05-28T19:02:44.351Z</time>
			</trkpt>
			<trkpt lat="44.76698" lon="2.77069">
				<ele>889.23</ele>
				<time>2026-05-28T19:02:45.673Z</time>
			</trkpt>
			<trkpt lat="44.76673" lon="2.77064">
				<ele>890.24</ele>
				<time>2026-05-28T19:02:47.183Z</time>
			</trkpt>
			<trkpt lat="44.76634" lon="2.77049">
				<ele>890.09</ele>
				<time>2026-05-28T19:02:49.600Z</time>
			</trkpt>
			<trkpt lat="44.76622" lon="2.77041">
				<ele>889.79</ele>
				<time>2026-05-28T19:02:50.393Z</time>
			</trkpt>
			<trkpt lat="44.76608" lon="2.7703">
				<ele>890</ele>
				<time>2026-05-28T19:02:51.351Z</time>
			</trkpt>
			<trkpt lat="44.76572" lon="2.76992">
				<ele>894.46</ele>
				<time>2026-05-28T19:02:54.039Z</time>
			</trkpt>
			<trkpt lat="44.76555" lon="2.76976">
				<ele>894.84</ele>
				<time>2026-05-28T19:02:55.260Z</time>
			</trkpt>
			<trkpt lat="44.76538" lon="2.76965">
				<ele>893.9</ele>
				<time>2026-05-28T19:02:56.377Z</time>
			</trkpt>
			<trkpt lat="44.76524" lon="2.7696">
				<ele>893.56</ele>
				<time>2026-05-28T19:02:57.240Z</time>
			</trkpt>
			<trkpt lat="44.76508" lon="2.76957">
				<ele>894.2</ele>
				<time>2026-05-28T19:02:58.204Z</time>
			</trkpt>
			<trkpt lat="44.76488" lon="2.76959">
				<ele>895.05</ele>
				<time>2026-05-28T19:02:59.402Z</time>
			</trkpt>
			<trkpt lat="44.76469" lon="2.76965">
				<ele>895.8</ele>
				<time>2026-05-28T19:03:00.565Z</time>
			</trkpt>
			<trkpt lat="44.76446" lon="2.76976">
				<ele>897.29</ele>
				<time>2026-05-28T19:03:02.016Z</time>
			</trkpt>
			<trkpt lat="44.76416" lon="2.77002">
				<ele>901.73</ele>
				<time>2026-05-28T19:03:04.121Z</time>
			</trkpt>
			<trkpt lat="44.76353" lon="2.77079">
				<ele>902.85</ele>
				<time>2026-05-28T19:03:09.108Z</time>
			</trkpt>
			<trkpt lat="44.76332" lon="2.77097">
				<ele>901.98</ele>
				<time>2026-05-28T19:03:10.578Z</time>
			</trkpt>
			<trkpt lat="44.76238" lon="2.77174">
				<ele>903.73</ele>
				<time>2026-05-28T19:03:17.091Z</time>
			</trkpt>
			<trkpt lat="44.76188" lon="2.77224">
				<ele>903.59</ele>
				<time>2026-05-28T19:03:20.771Z</time>
			</trkpt>
			<trkpt lat="44.76164" lon="2.77244">
				<ele>902.82</ele>
				<time>2026-05-28T19:03:22.446Z</time>
			</trkpt>
			<trkpt lat="44.76135" lon="2.77259">
				<ele>905.73</ele>
				<time>2026-05-28T19:03:24.303Z</time>
			</trkpt>
			<trkpt lat="44.76094" lon="2.77269">
				<ele>908.55</ele>
				<time>2026-05-28T19:03:26.808Z</time>
			</trkpt>
			<trkpt lat="44.76049" lon="2.77269">
				<ele>904.65</ele>
				<time>2026-05-28T19:03:29.521Z</time>
			</trkpt>
			<trkpt lat="44.76039" lon="2.77266">
				<ele>904.78</ele>
				<time>2026-05-28T19:03:30.138Z</time>
			</trkpt>
			<trkpt lat="44.76034" lon="2.77268">
				<ele>905.08</ele>
				<time>2026-05-28T19:03:30.451Z</time>
			</trkpt>
			<trkpt lat="44.76011" lon="2.77264">
				<ele>907.14</ele>
				<time>2026-05-28T19:03:31.851Z</time>
			</trkpt>
			<trkpt lat="44.75991" lon="2.77256">
				<ele>907.34</ele>
				<time>2026-05-28T19:03:33.108Z</time>
			</trkpt>
			<trkpt lat="44.7596" lon="2.77255">
				<ele>906.54</ele>
				<time>2026-05-28T19:03:34.984Z</time>
			</trkpt>
			<trkpt lat="44.75928" lon="2.7726">
				<ele>907.52</ele>
				<time>2026-05-28T19:03:36.934Z</time>
			</trkpt>
			<trkpt lat="44.75894" lon="2.7728">
				<ele>907.68</ele>
				<time>2026-05-28T19:03:39.170Z</time>
			</trkpt>
			<trkpt lat="44.75874" lon="2.77301">
				<ele>907.11</ele>
				<time>2026-05-28T19:03:40.687Z</time>
			</trkpt>
			<trkpt lat="44.75864" lon="2.7732">
				<ele>907.31</ele>
				<time>2026-05-28T19:03:41.708Z</time>
			</trkpt>
			<trkpt lat="44.75855" lon="2.77351">
				<ele>908.19</ele>
				<time>2026-05-28T19:03:43.156Z</time>
			</trkpt>
			<trkpt lat="44.75853" lon="2.7739">
				<ele>907.89</ele>
				<time>2026-05-28T19:03:44.849Z</time>
			</trkpt>
			<trkpt lat="44.75858" lon="2.77447">
				<ele>909.55</ele>
				<time>2026-05-28T19:03:47.341Z</time>
			</trkpt>
			<trkpt lat="44.75854" lon="2.7747">
				<ele>909.1</ele>
				<time>2026-05-28T19:03:48.369Z</time>
			</trkpt>
			<trkpt lat="44.75847" lon="2.7749">
				<ele>908.64</ele>
				<time>2026-05-28T19:03:49.339Z</time>
			</trkpt>
			<trkpt lat="44.75821" lon="2.77544">
				<ele>909.23</ele>
				<time>2026-05-28T19:03:52.182Z</time>
			</trkpt>
			<trkpt lat="44.75783" lon="2.77604">
				<ele>908.34</ele>
				<time>2026-05-28T19:03:55.695Z</time>
			</trkpt>
			<trkpt lat="44.75762" lon="2.77631">
				<ele>908.71</ele>
				<time>2026-05-28T19:03:57.450Z</time>
			</trkpt>
			<trkpt lat="44.75733" lon="2.77657">
				<ele>910.64</ele>
				<time>2026-05-28T19:03:59.577Z</time>
			</trkpt>
			<trkpt lat="44.75671" lon="2.77706">
				<ele>912.18</ele>
				<time>2026-05-28T19:04:03.990Z</time>
			</trkpt>
			<trkpt lat="44.75602" lon="2.77769">
				<ele>911.15</ele>
				<time>2026-05-28T19:04:09.123Z</time>
			</trkpt>
			<trkpt lat="44.75577" lon="2.77799">
				<ele>910.15</ele>
				<time>2026-05-28T19:04:11.180Z</time>
			</trkpt>
			<trkpt lat="44.75564" lon="2.7782">
				<ele>910.66</ele>
				<time>2026-05-28T19:04:12.418Z</time>
			</trkpt>
			<trkpt lat="44.75558" lon="2.77841">
				<ele>910.5</ele>
				<time>2026-05-28T19:04:13.423Z</time>
			</trkpt>
			<trkpt lat="44.75548" lon="2.77908">
				<ele>912.5</ele>
				<time>2026-05-28T19:04:16.459Z</time>
			</trkpt>
			<trkpt lat="44.75537" lon="2.77945">
				<ele>912.1</ele>
				<time>2026-05-28T19:04:18.235Z</time>
			</trkpt>
			<trkpt lat="44.75521" lon="2.77979">
				<ele>910.56</ele>
				<time>2026-05-28T19:04:20.039Z</time>
			</trkpt>
			<trkpt lat="44.75488" lon="2.78023">
				<ele>911.73</ele>
				<time>2026-05-28T19:04:22.865Z</time>
			</trkpt>
			<trkpt lat="44.7547" lon="2.78035">
				<ele>911.91</ele>
				<time>2026-05-28T19:04:24.101Z</time>
			</trkpt>
			<trkpt lat="44.75423" lon="2.78046">
				<ele>910.44</ele>
				<time>2026-05-28T19:04:27.055Z</time>
			</trkpt>
			<trkpt lat="44.75394" lon="2.78046">
				<ele>910.34</ele>
				<time>2026-05-28T19:04:28.851Z</time>
			</trkpt>
			<trkpt lat="44.75371" lon="2.78042">
				<ele>908.69</ele>
				<time>2026-05-28T19:04:30.284Z</time>
			</trkpt>
			<trkpt lat="44.75358" lon="2.78047">
				<ele>908.21</ele>
				<time>2026-05-28T19:04:31.117Z</time>
			</trkpt>
			<trkpt lat="44.75347" lon="2.78061">
				<ele>907.56</ele>
				<time>2026-05-28T19:04:32.032Z</time>
			</trkpt>
			<trkpt lat="44.75339" lon="2.7808">
				<ele>907.9</ele>
				<time>2026-05-28T19:04:33.000Z</time>
			</trkpt>
			<trkpt lat="44.75326" lon="2.78132">
				<ele>911.78</ele>
				<time>2026-05-28T19:04:35.414Z</time>
			</trkpt>
			<trkpt lat="44.7532" lon="2.78151">
				<ele>912.92</ele>
				<time>2026-05-28T19:04:36.323Z</time>
			</trkpt>
			<trkpt lat="44.75307" lon="2.78173">
				<ele>913.66</ele>
				<time>2026-05-28T19:04:37.574Z</time>
			</trkpt>
			<trkpt lat="44.75287" lon="2.78202">
				<ele>912.3</ele>
				<time>2026-05-28T19:04:39.339Z</time>
			</trkpt>
			<trkpt lat="44.75267" lon="2.78239">
				<ele>912.19</ele>
				<time>2026-05-28T19:04:41.367Z</time>
			</trkpt>
			<trkpt lat="44.75254" lon="2.78248">
				<ele>912.23</ele>
				<time>2026-05-28T19:04:42.255Z</time>
			</trkpt>
			<trkpt lat="44.75229" lon="2.78259">
				<ele>912.59</ele>
				<time>2026-05-28T19:04:43.861Z</time>
			</trkpt>
			<trkpt lat="44.75183" lon="2.78289">
				<ele>911.19</ele>
				<time>2026-05-28T19:04:46.964Z</time>
			</trkpt>
			<trkpt lat="44.75135" lon="2.78341">
				<ele>912.33</ele>
				<time>2026-05-28T19:04:50.662Z</time>
			</trkpt>
			<trkpt lat="44.75119" lon="2.78355">
				<ele>911.3</ele>
				<time>2026-05-28T19:04:51.811Z</time>
			</trkpt>
			<trkpt lat="44.7507" lon="2.78379">
				<ele>906.71</ele>
				<time>2026-05-28T19:04:54.970Z</time>
			</trkpt>
			<trkpt lat="44.75054" lon="2.78389">
				<ele>905.78</ele>
				<time>2026-05-28T19:04:56.034Z</time>
			</trkpt>
			<trkpt lat="44.75038" lon="2.78409">
				<ele>903.94</ele>
				<time>2026-05-28T19:04:57.334Z</time>
			</trkpt>
			<trkpt lat="44.75008" lon="2.7847">
				<ele>903.17</ele>
				<time>2026-05-28T19:05:00.531Z</time>
			</trkpt>
			<trkpt lat="44.75001" lon="2.78492">
				<ele>903.58</ele>
				<time>2026-05-28T19:05:01.569Z</time>
			</trkpt>
			<trkpt lat="44.75" lon="2.78515">
				<ele>904.03</ele>
				<time>2026-05-28T19:05:02.560Z</time>
			</trkpt>
			<trkpt lat="44.75002" lon="2.78531">
				<ele>904.18</ele>
				<time>2026-05-28T19:05:03.258Z</time>
			</trkpt>
			<trkpt lat="44.75013" lon="2.78566">
				<ele>904.71</ele>
				<time>2026-05-28T19:05:04.902Z</time>
			</trkpt>
			<trkpt lat="44.75019" lon="2.78591">
				<ele>904.2</ele>
				<time>2026-05-28T19:05:06.035Z</time>
			</trkpt>
			<trkpt lat="44.75018" lon="2.78616">
				<ele>902.94</ele>
				<time>2026-05-28T19:05:07.108Z</time>
			</trkpt>
			<trkpt lat="44.75009" lon="2.78665">
				<ele>899.23</ele>
				<time>2026-05-28T19:05:09.277Z</time>
			</trkpt>
			<trkpt lat="44.75008" lon="2.78689">
				<ele>898.96</ele>
				<time>2026-05-28T19:05:10.306Z</time>
			</trkpt>
			<trkpt lat="44.7501" lon="2.78716">
				<ele>900.35</ele>
				<time>2026-05-28T19:05:11.467Z</time>
			</trkpt>
			<trkpt lat="44.75024" lon="2.78786">
				<ele>902.95</ele>
				<time>2026-05-28T19:05:14.573Z</time>
			</trkpt>
			<trkpt lat="44.7504" lon="2.7884">
				<ele>901.22</ele>
				<time>2026-05-28T19:05:17.068Z</time>
			</trkpt>
			<trkpt lat="44.7505" lon="2.78863">
				<ele>900.3</ele>
				<time>2026-05-28T19:05:18.217Z</time>
			</trkpt>
			<trkpt lat="44.75059" lon="2.78876">
				<ele>900.43</ele>
				<time>2026-05-28T19:05:18.990Z</time>
			</trkpt>
			<trkpt lat="44.75078" lon="2.78893">
				<ele>902.09</ele>
				<time>2026-05-28T19:05:20.338Z</time>
			</trkpt>
			<trkpt lat="44.75085" lon="2.78909">
				<ele>902.57</ele>
				<time>2026-05-28T19:05:21.137Z</time>
			</trkpt>
			<trkpt lat="44.75087" lon="2.7893">
				<ele>902.97</ele>
				<time>2026-05-28T19:05:22.037Z</time>
			</trkpt>
			<trkpt lat="44.75081" lon="2.78953">
				<ele>902.64</ele>
				<time>2026-05-28T19:05:23.078Z</time>
			</trkpt>
			<trkpt lat="44.75049" lon="2.79021">
				<ele>900.61</ele>
				<time>2026-05-28T19:05:26.538Z</time>
			</trkpt>
			<trkpt lat="44.75041" lon="2.79047">
				<ele>899.78</ele>
				<time>2026-05-28T19:05:27.738Z</time>
			</trkpt>
			<trkpt lat="44.75028" lon="2.791">
				<ele>900.28</ele>
				<time>2026-05-28T19:05:30.110Z</time>
			</trkpt>
			<trkpt lat="44.74997" lon="2.79165">
				<ele>898.76</ele>
				<time>2026-05-28T19:05:33.417Z</time>
			</trkpt>
			<trkpt lat="44.74966" lon="2.79201">
				<ele>897.81</ele>
				<time>2026-05-28T19:05:35.802Z</time>
			</trkpt>
			<trkpt lat="44.7496" lon="2.79214">
				<ele>897.89</ele>
				<time>2026-05-28T19:05:36.455Z</time>
			</trkpt>
			<trkpt lat="44.74959" lon="2.79233">
				<ele>898.44</ele>
				<time>2026-05-28T19:05:37.258Z</time>
			</trkpt>
			<trkpt lat="44.74962" lon="2.79248">
				<ele>899.2</ele>
				<time>2026-05-28T19:05:37.914Z</time>
			</trkpt>
			<trkpt lat="44.74974" lon="2.79283">
				<ele>900.15</ele>
				<time>2026-05-28T19:05:39.548Z</time>
			</trkpt>
			<trkpt lat="44.74976" lon="2.79298">
				<ele>900.37</ele>
				<time>2026-05-28T19:05:40.190Z</time>
			</trkpt>
			<trkpt lat="44.74973" lon="2.7932">
				<ele>900.17</ele>
				<time>2026-05-28T19:05:41.131Z</time>
			</trkpt>
			<trkpt lat="44.74958" lon="2.79345">
				<ele>898.48</ele>
				<time>2026-05-28T19:05:42.505Z</time>
			</trkpt>
			<trkpt lat="44.74917" lon="2.79395">
				<ele>898.48</ele>
				<time>2026-05-28T19:05:45.708Z</time>
			</trkpt>
			<trkpt lat="44.74911" lon="2.79399">
				<ele>898.83</ele>
				<time>2026-05-28T19:05:46.099Z</time>
			</trkpt>
			<trkpt lat="44.74901" lon="2.79403">
				<ele>899.38</ele>
				<time>2026-05-28T19:05:46.712Z</time>
			</trkpt>
			<trkpt lat="44.74885" lon="2.79396">
				<ele>899.11</ele>
				<time>2026-05-28T19:05:47.700Z</time>
			</trkpt>
			<trkpt lat="44.74859" lon="2.79368">
				<ele>896.5</ele>
				<time>2026-05-28T19:05:49.627Z</time>
			</trkpt>
			<trkpt lat="44.74814" lon="2.79345">
				<ele>895.06</ele>
				<time>2026-05-28T19:05:52.443Z</time>
			</trkpt>
			<trkpt lat="44.74762" lon="2.7931">
				<ele>900.53</ele>
				<time>2026-05-28T19:05:55.827Z</time>
			</trkpt>
			<trkpt lat="44.74751" lon="2.79306">
				<ele>901.01</ele>
				<time>2026-05-28T19:05:56.493Z</time>
			</trkpt>
			<trkpt lat="44.74679" lon="2.7934">
				<ele>903.06</ele>
				<time>2026-05-28T19:06:00.940Z</time>
			</trkpt>
			<trkpt lat="44.74659" lon="2.79343">
				<ele>903.51</ele>
				<time>2026-05-28T19:06:02.116Z</time>
			</trkpt>
			<trkpt lat="44.74622" lon="2.79332">
				<ele>903.95</ele>
				<time>2026-05-28T19:06:04.325Z</time>
			</trkpt>
			<trkpt lat="44.7461" lon="2.79335">
				<ele>904.1</ele>
				<time>2026-05-28T19:06:05.037Z</time>
			</trkpt>
			<trkpt lat="44.74559" lon="2.79384">
				<ele>905.97</ele>
				<time>2026-05-28T19:06:08.636Z</time>
			</trkpt>
			<trkpt lat="44.74545" lon="2.79386">
				<ele>906.3</ele>
				<time>2026-05-28T19:06:09.456Z</time>
			</trkpt>
			<trkpt lat="44.74531" lon="2.79382">
				<ele>906.46</ele>
				<time>2026-05-28T19:06:10.287Z</time>
			</trkpt>
			<trkpt lat="44.74521" lon="2.79372">
				<ele>906.66</ele>
				<time>2026-05-28T19:06:11.001Z</time>
			</trkpt>
			<trkpt lat="44.74486" lon="2.79309">
				<ele>908.1</ele>
				<time>2026-05-28T19:06:14.302Z</time>
			</trkpt>
			<trkpt lat="44.7446" lon="2.79253">
				<ele>907.68</ele>
				<time>2026-05-28T19:06:17.060Z</time>
			</trkpt>
			<trkpt lat="44.74436" lon="2.79233">
				<ele>907.83</ele>
				<time>2026-05-28T19:06:18.676Z</time>
			</trkpt>
			<trkpt lat="44.7431" lon="2.79195">
				<ele>909.14</ele>
				<time>2026-05-28T19:06:26.127Z</time>
			</trkpt>
			<trkpt lat="44.74288" lon="2.79197">
				<ele>909.33</ele>
				<time>2026-05-28T19:06:27.399Z</time>
			</trkpt>
			<trkpt lat="44.74263" lon="2.79211">
				<ele>909.97</ele>
				<time>2026-05-28T19:06:28.951Z</time>
			</trkpt>
			<trkpt lat="44.74221" lon="2.79252">
				<ele>911.39</ele>
				<time>2026-05-28T19:06:31.894Z</time>
			</trkpt>
			<trkpt lat="44.74205" lon="2.79291">
				<ele>917.4</ele>
				<time>2026-05-28T19:06:33.734Z</time>
			</trkpt>
			<trkpt lat="44.7419" lon="2.79307">
				<ele>920.5</ele>
				<time>2026-05-28T19:06:34.816Z</time>
			</trkpt>
			<trkpt lat="44.74083" lon="2.79343">
				<ele>923.23</ele>
				<time>2026-05-28T19:06:41.128Z</time>
			</trkpt>
			<trkpt lat="44.74022" lon="2.79353">
				<ele>923.13</ele>
				<time>2026-05-28T19:06:44.643Z</time>
			</trkpt>
			<trkpt lat="44.74" lon="2.79365">
				<ele>921</ele>
				<time>2026-05-28T19:06:45.992Z</time>
			</trkpt>
			<trkpt lat="44.73982" lon="2.79382">
				<ele>919.26</ele>
				<time>2026-05-28T19:06:47.230Z</time>
			</trkpt>
			<trkpt lat="44.73967" lon="2.79407">
				<ele>918.63</ele>
				<time>2026-05-28T19:06:48.558Z</time>
			</trkpt>
			<trkpt lat="44.73957" lon="2.79436">
				<ele>918.73</ele>
				<time>2026-05-28T19:06:49.864Z</time>
			</trkpt>
			<trkpt lat="44.73951" lon="2.79482">
				<ele>919.4</ele>
				<time>2026-05-28T19:06:51.759Z</time>
			</trkpt>
			<trkpt lat="44.73951" lon="2.7953">
				<ele>918.32</ele>
				<time>2026-05-28T19:06:53.702Z</time>
			</trkpt>
			<trkpt lat="44.73956" lon="2.79558">
				<ele>919.37</ele>
				<time>2026-05-28T19:06:54.869Z</time>
			</trkpt>
			<trkpt lat="44.73977" lon="2.79601">
				<ele>922.73</ele>
				<time>2026-05-28T19:06:56.978Z</time>
			</trkpt>
			<trkpt lat="44.74" lon="2.79642">
				<ele>926.89</ele>
				<time>2026-05-28T19:06:59.087Z</time>
			</trkpt>
			<trkpt lat="44.74013" lon="2.79681">
				<ele>926.47</ele>
				<time>2026-05-28T19:07:00.825Z</time>
			</trkpt>
			<trkpt lat="44.74015" lon="2.79705">
				<ele>926.41</ele>
				<time>2026-05-28T19:07:01.799Z</time>
			</trkpt>
			<trkpt lat="44.7401" lon="2.79726">
				<ele>926.19</ele>
				<time>2026-05-28T19:07:02.692Z</time>
			</trkpt>
			<trkpt lat="44.73966" lon="2.79811">
				<ele>924.75</ele>
				<time>2026-05-28T19:07:06.925Z</time>
			</trkpt>
			<trkpt lat="44.73953" lon="2.79821">
				<ele>924.14</ele>
				<time>2026-05-28T19:07:07.764Z</time>
			</trkpt>
			<trkpt lat="44.73904" lon="2.7984">
				<ele>923.6</ele>
				<time>2026-05-28T19:07:10.639Z</time>
			</trkpt>
			<trkpt lat="44.73887" lon="2.79854">
				<ele>923.98</ele>
				<time>2026-05-28T19:07:11.752Z</time>
			</trkpt>
			<trkpt lat="44.73855" lon="2.79898">
				<ele>923.92</ele>
				<time>2026-05-28T19:07:14.278Z</time>
			</trkpt>
			<trkpt lat="44.73836" lon="2.79963">
				<ele>928.47</ele>
				<time>2026-05-28T19:07:17.094Z</time>
			</trkpt>
			<trkpt lat="44.73811" lon="2.80075">
				<ele>925.72</ele>
				<time>2026-05-28T19:07:21.790Z</time>
			</trkpt>
			<trkpt lat="44.7381" lon="2.80099">
				<ele>926.97</ele>
				<time>2026-05-28T19:07:22.751Z</time>
			</trkpt>
			<trkpt lat="44.73818" lon="2.80181">
				<ele>929.7</ele>
				<time>2026-05-28T19:07:26.056Z</time>
			</trkpt>
			<trkpt lat="44.73815" lon="2.80217">
				<ele>929.37</ele>
				<time>2026-05-28T19:07:27.502Z</time>
			</trkpt>
			<trkpt lat="44.73803" lon="2.80308">
				<ele>927.94</ele>
				<time>2026-05-28T19:07:31.190Z</time>
			</trkpt>
			<trkpt lat="44.73806" lon="2.8036">
				<ele>929.98</ele>
				<time>2026-05-28T19:07:33.267Z</time>
			</trkpt>
			<trkpt lat="44.73804" lon="2.80384">
				<ele>929.18</ele>
				<time>2026-05-28T19:07:34.228Z</time>
			</trkpt>
			<trkpt lat="44.73796" lon="2.80408">
				<ele>928.38</ele>
				<time>2026-05-28T19:07:35.282Z</time>
			</trkpt>
			<trkpt lat="44.73782" lon="2.80428">
				<ele>928</ele>
				<time>2026-05-28T19:07:36.398Z</time>
			</trkpt>
			<trkpt lat="44.73768" lon="2.80435">
				<ele>928.67</ele>
				<time>2026-05-28T19:07:37.229Z</time>
			</trkpt>
			<trkpt lat="44.73729" lon="2.80443">
				<ele>929.97</ele>
				<time>2026-05-28T19:07:39.433Z</time>
			</trkpt>
			<trkpt lat="44.73714" lon="2.80452">
				<ele>929.21</ele>
				<time>2026-05-28T19:07:40.344Z</time>
			</trkpt>
			<trkpt lat="44.73677" lon="2.80514">
				<ele>928</ele>
				<time>2026-05-28T19:07:43.556Z</time>
			</trkpt>
			<trkpt lat="44.73663" lon="2.80532">
				<ele>928.33</ele>
				<time>2026-05-28T19:07:44.614Z</time>
			</trkpt>
			<trkpt lat="44.73636" lon="2.80554">
				<ele>929.72</ele>
				<time>2026-05-28T19:07:46.354Z</time>
			</trkpt>
			<trkpt lat="44.73601" lon="2.80565">
				<ele>929.1</ele>
				<time>2026-05-28T19:07:48.352Z</time>
			</trkpt>
			<trkpt lat="44.73542" lon="2.80571">
				<ele>929.18</ele>
				<time>2026-05-28T19:07:51.646Z</time>
			</trkpt>
			<trkpt lat="44.73534" lon="2.80576">
				<ele>928.97</ele>
				<time>2026-05-28T19:07:52.133Z</time>
			</trkpt>
			<trkpt lat="44.73527" lon="2.80584">
				<ele>928.9</ele>
				<time>2026-05-28T19:07:52.634Z</time>
			</trkpt>
			<trkpt lat="44.73519" lon="2.8061">
				<ele>927.69</ele>
				<time>2026-05-28T19:07:53.754Z</time>
			</trkpt>
			<trkpt lat="44.73513" lon="2.80639">
				<ele>926.98</ele>
				<time>2026-05-28T19:07:54.947Z</time>
			</trkpt>
			<trkpt lat="44.73477" lon="2.80747">
				<ele>925.44</ele>
				<time>2026-05-28T19:07:59.654Z</time>
			</trkpt>
			<trkpt lat="44.73433" lon="2.80834">
				<ele>924.7</ele>
				<time>2026-05-28T19:08:03.862Z</time>
			</trkpt>
			<trkpt lat="44.73429" lon="2.80851">
				<ele>923.08</ele>
				<time>2026-05-28T19:08:04.567Z</time>
			</trkpt>
			<trkpt lat="44.73431" lon="2.80866">
				<ele>922.24</ele>
				<time>2026-05-28T19:08:05.168Z</time>
			</trkpt>
			<trkpt lat="44.73435" lon="2.80876">
				<ele>921.99</ele>
				<time>2026-05-28T19:08:05.620Z</time>
			</trkpt>
			<trkpt lat="44.73449" lon="2.80884">
				<ele>922.51</ele>
				<time>2026-05-28T19:08:06.457Z</time>
			</trkpt>
			<trkpt lat="44.7351" lon="2.80896">
				<ele>925.97</ele>
				<time>2026-05-28T19:08:09.866Z</time>
			</trkpt>
			<trkpt lat="44.73523" lon="2.80903">
				<ele>926.41</ele>
				<time>2026-05-28T19:08:10.636Z</time>
			</trkpt>
			<trkpt lat="44.73535" lon="2.80915">
				<ele>925.75</ele>
				<time>2026-05-28T19:08:11.450Z</time>
			</trkpt>
			<trkpt lat="44.7358" lon="2.80987">
				<ele>921.69</ele>
				<time>2026-05-28T19:08:15.216Z</time>
			</trkpt>
			<trkpt lat="44.73629" lon="2.81026">
				<ele>926.88</ele>
				<time>2026-05-28T19:08:18.324Z</time>
			</trkpt>
			<trkpt lat="44.73695" lon="2.81075">
				<ele>924.28</ele>
				<time>2026-05-28T19:08:22.440Z</time>
			</trkpt>
			<trkpt lat="44.73707" lon="2.81087">
				<ele>923.98</ele>
				<time>2026-05-28T19:08:23.252Z</time>
			</trkpt>
			<trkpt lat="44.73711" lon="2.81101">
				<ele>923.16</ele>
				<time>2026-05-28T19:08:23.843Z</time>
			</trkpt>
			<trkpt lat="44.73712" lon="2.81114">
				<ele>922.37</ele>
				<time>2026-05-28T19:08:24.355Z</time>
			</trkpt>
			<trkpt lat="44.7371" lon="2.81127">
				<ele>922.49</ele>
				<time>2026-05-28T19:08:24.875Z</time>
			</trkpt>
			<trkpt lat="44.73702" lon="2.81142">
				<ele>922.16</ele>
				<time>2026-05-28T19:08:25.609Z</time>
			</trkpt>
			<trkpt lat="44.73675" lon="2.8117">
				<ele>922.13</ele>
				<time>2026-05-28T19:08:27.456Z</time>
			</trkpt>
			<trkpt lat="44.73559" lon="2.81278">
				<ele>927.6</ele>
				<time>2026-05-28T19:08:35.107Z</time>
			</trkpt>
			<trkpt lat="44.7355" lon="2.8128">
				<ele>927</ele>
				<time>2026-05-28T19:08:35.608Z</time>
			</trkpt>
			<trkpt lat="44.73516" lon="2.81271">
				<ele>923.95</ele>
				<time>2026-05-28T19:08:37.509Z</time>
			</trkpt>
			<trkpt lat="44.73499" lon="2.81276">
				<ele>922.92</ele>
				<time>2026-05-28T19:08:38.463Z</time>
			</trkpt>
			<trkpt lat="44.73483" lon="2.81288">
				<ele>922.05</ele>
				<time>2026-05-28T19:08:39.458Z</time>
			</trkpt>
			<trkpt lat="44.73472" lon="2.81308">
				<ele>922.49</ele>
				<time>2026-05-28T19:08:40.445Z</time>
			</trkpt>
			<trkpt lat="44.73456" lon="2.8136">
				<ele>929.12</ele>
				<time>2026-05-28T19:08:42.654Z</time>
			</trkpt>
			<trkpt lat="44.73442" lon="2.81377">
				<ele>931.38</ele>
				<time>2026-05-28T19:08:43.668Z</time>
			</trkpt>
			<trkpt lat="44.73429" lon="2.81387">
				<ele>931.52</ele>
				<time>2026-05-28T19:08:44.481Z</time>
			</trkpt>
			<trkpt lat="44.73413" lon="2.81394">
				<ele>930.49</ele>
				<time>2026-05-28T19:08:45.400Z</time>
			</trkpt>
			<trkpt lat="44.73389" lon="2.81396">
				<ele>927.94</ele>
				<time>2026-05-28T19:08:46.718Z</time>
			</trkpt>
			<trkpt lat="44.73364" lon="2.81402">
				<ele>925.82</ele>
				<time>2026-05-28T19:08:48.108Z</time>
			</trkpt>
			<trkpt lat="44.73341" lon="2.81421">
				<ele>926.8</ele>
				<time>2026-05-28T19:08:49.570Z</time>
			</trkpt>
			<trkpt lat="44.73309" lon="2.81442">
				<ele>928.01</ele>
				<time>2026-05-28T19:08:51.504Z</time>
			</trkpt>
			<trkpt lat="44.73298" lon="2.81442">
				<ele>928.38</ele>
				<time>2026-05-28T19:08:52.106Z</time>
			</trkpt>
			<trkpt lat="44.73289" lon="2.81437">
				<ele>928.84</ele>
				<time>2026-05-28T19:08:52.636Z</time>
			</trkpt>
			<trkpt lat="44.7328" lon="2.81425">
				<ele>929.07</ele>
				<time>2026-05-28T19:08:53.315Z</time>
			</trkpt>
			<trkpt lat="44.7327" lon="2.81399">
				<ele>928.46</ele>
				<time>2026-05-28T19:08:54.465Z</time>
			</trkpt>
			<trkpt lat="44.73254" lon="2.81375">
				<ele>929.38</ele>
				<time>2026-05-28T19:08:55.744Z</time>
			</trkpt>
			<trkpt lat="44.73239" lon="2.81367">
				<ele>929.7</ele>
				<time>2026-05-28T19:08:56.622Z</time>
			</trkpt>
			<trkpt lat="44.73212" lon="2.81362">
				<ele>929.34</ele>
				<time>2026-05-28T19:08:58.112Z</time>
			</trkpt>
			<trkpt lat="44.73196" lon="2.81363">
				<ele>929.44</ele>
				<time>2026-05-28T19:08:58.988Z</time>
			</trkpt>
			<trkpt lat="44.73184" lon="2.81366">
				<ele>929.53</ele>
				<time>2026-05-28T19:08:59.655Z</time>
			</trkpt>
			<trkpt lat="44.73142" lon="2.81388">
				<ele>930.3</ele>
				<time>2026-05-28T19:09:02.105Z</time>
			</trkpt>
			<trkpt lat="44.73086" lon="2.81385">
				<ele>926.46</ele>
				<time>2026-05-28T19:09:05.168Z</time>
			</trkpt>
			<trkpt lat="44.73062" lon="2.81388">
				<ele>926.12</ele>
				<time>2026-05-28T19:09:06.484Z</time>
			</trkpt>
			<trkpt lat="44.73042" lon="2.81404">
				<ele>927.29</ele>
				<time>2026-05-28T19:09:07.741Z</time>
			</trkpt>
			<trkpt lat="44.73029" lon="2.81427">
				<ele>928.91</ele>
				<time>2026-05-28T19:09:08.881Z</time>
			</trkpt>
			<trkpt lat="44.73016" lon="2.81457">
				<ele>928.96</ele>
				<time>2026-05-28T19:09:10.244Z</time>
			</trkpt>
			<trkpt lat="44.73" lon="2.81482">
				<ele>929.17</ele>
				<time>2026-05-28T19:09:11.549Z</time>
			</trkpt>
			<trkpt lat="44.72931" lon="2.81534">
				<ele>927.43</ele>
				<time>2026-05-28T19:09:15.820Z</time>
			</trkpt>
			<trkpt lat="44.72908" lon="2.8154">
				<ele>925.66</ele>
				<time>2026-05-28T19:09:17.096Z</time>
			</trkpt>
			<trkpt lat="44.7289" lon="2.81538">
				<ele>923.9</ele>
				<time>2026-05-28T19:09:18.081Z</time>
			</trkpt>
			<trkpt lat="44.72881" lon="2.81544">
				<ele>924.04</ele>
				<time>2026-05-28T19:09:18.624Z</time>
			</trkpt>
			<trkpt lat="44.72872" lon="2.81559">
				<ele>924.52</ele>
				<time>2026-05-28T19:09:19.385Z</time>
			</trkpt>
			<trkpt lat="44.72862" lon="2.81579">
				<ele>924.17</ele>
				<time>2026-05-28T19:09:20.332Z</time>
			</trkpt>
			<trkpt lat="44.72823" lon="2.81741">
				<ele>923.5</ele>
				<time>2026-05-28T19:09:26.956Z</time>
			</trkpt>
			<trkpt lat="44.7281" lon="2.81777">
				<ele>922.02</ele>
				<time>2026-05-28T19:09:28.519Z</time>
			</trkpt>
			<trkpt lat="44.72803" lon="2.81803">
				<ele>922.7</ele>
				<time>2026-05-28T19:09:29.595Z</time>
			</trkpt>
			<trkpt lat="44.72804" lon="2.8183">
				<ele>924.69</ele>
				<time>2026-05-28T19:09:30.641Z</time>
			</trkpt>
			<trkpt lat="44.72802" lon="2.81851">
				<ele>926.52</ele>
				<time>2026-05-28T19:09:31.461Z</time>
			</trkpt>
			<trkpt lat="44.72797" lon="2.81867">
				<ele>926.86</ele>
				<time>2026-05-28T19:09:32.138Z</time>
			</trkpt>
			<trkpt lat="44.7279" lon="2.81876">
				<ele>925.78</ele>
				<time>2026-05-28T19:09:32.654Z</time>
			</trkpt>
			<trkpt lat="44.72736" lon="2.81899">
				<ele>922.19</ele>
				<time>2026-05-28T19:09:35.726Z</time>
			</trkpt>
			<trkpt lat="44.72729" lon="2.81907">
				<ele>922.17</ele>
				<time>2026-05-28T19:09:36.217Z</time>
			</trkpt>
			<trkpt lat="44.72727" lon="2.81915">
				<ele>922.18</ele>
				<time>2026-05-28T19:09:36.545Z</time>
			</trkpt>
			<trkpt lat="44.7273" lon="2.81939">
				<ele>922.55</ele>
				<time>2026-05-28T19:09:37.487Z</time>
			</trkpt>
			<trkpt lat="44.7276" lon="2.82014">
				<ele>920.92</ele>
				<time>2026-05-28T19:09:40.816Z</time>
			</trkpt>
			<trkpt lat="44.72777" lon="2.82086">
				<ele>918</ele>
				<time>2026-05-28T19:09:43.749Z</time>
			</trkpt>
			<trkpt lat="44.7278" lon="2.82114">
				<ele>918</ele>
				<time>2026-05-28T19:09:44.844Z</time>
			</trkpt>
			<trkpt lat="44.72783" lon="2.82162">
				<ele>917.47</ele>
				<time>2026-05-28T19:09:46.706Z</time>
			</trkpt>
			<trkpt lat="44.72781" lon="2.82202">
				<ele>918.57</ele>
				<time>2026-05-28T19:09:48.256Z</time>
			</trkpt>
			<trkpt lat="44.72775" lon="2.82246">
				<ele>917.04</ele>
				<time>2026-05-28T19:09:49.988Z</time>
			</trkpt>
			<trkpt lat="44.72764" lon="2.82287">
				<ele>915</ele>
				<time>2026-05-28T19:09:51.682Z</time>
			</trkpt>
			<trkpt lat="44.72741" lon="2.82367">
				<ele>917.16</ele>
				<time>2026-05-28T19:09:55.017Z</time>
			</trkpt>
			<trkpt lat="44.72718" lon="2.82407">
				<ele>921.01</ele>
				<time>2026-05-28T19:09:57.005Z</time>
			</trkpt>
			<trkpt lat="44.72702" lon="2.82421">
				<ele>925.44</ele>
				<time>2026-05-28T19:09:58.030Z</time>
			</trkpt>
			<trkpt lat="44.72663" lon="2.82448">
				<ele>935.23</ele>
				<time>2026-05-28T19:10:00.393Z</time>
			</trkpt>
			<trkpt lat="44.72641" lon="2.82456">
				<ele>933.6</ele>
				<time>2026-05-28T19:10:01.629Z</time>
			</trkpt>
			<trkpt lat="44.72623" lon="2.82455">
				<ele>931.78</ele>
				<time>2026-05-28T19:10:02.609Z</time>
			</trkpt>
			<trkpt lat="44.72607" lon="2.82445">
				<ele>930.81</ele>
				<time>2026-05-28T19:10:03.561Z</time>
			</trkpt>
			<trkpt lat="44.72588" lon="2.82425">
				<ele>930.36</ele>
				<time>2026-05-28T19:10:04.851Z</time>
			</trkpt>
			<trkpt lat="44.72568" lon="2.82414">
				<ele>929.77</ele>
				<time>2026-05-28T19:10:06.019Z</time>
			</trkpt>
			<trkpt lat="44.72536" lon="2.82407">
				<ele>928.57</ele>
				<time>2026-05-28T19:10:07.780Z</time>
			</trkpt>
			<trkpt lat="44.72485" lon="2.82386">
				<ele>927.81</ele>
				<time>2026-05-28T19:10:10.670Z</time>
			</trkpt>
			<trkpt lat="44.72459" lon="2.82383">
				<ele>928.79</ele>
				<time>2026-05-28T19:10:12.089Z</time>
			</trkpt>
			<trkpt lat="44.72436" lon="2.82387">
				<ele>930.13</ele>
				<time>2026-05-28T19:10:13.349Z</time>
			</trkpt>
			<trkpt lat="44.72369" lon="2.82429">
				<ele>939.49</ele>
				<time>2026-05-28T19:10:17.338Z</time>
			</trkpt>
			<trkpt lat="44.72351" lon="2.82434">
				<ele>940.07</ele>
				<time>2026-05-28T19:10:18.336Z</time>
			</trkpt>
			<trkpt lat="44.7233" lon="2.82435">
				<ele>940.67</ele>
				<time>2026-05-28T19:10:19.479Z</time>
			</trkpt>
			<trkpt lat="44.72307" lon="2.82429">
				<ele>941.21</ele>
				<time>2026-05-28T19:10:20.752Z</time>
			</trkpt>
			<trkpt lat="44.72268" lon="2.82406">
				<ele>943.17</ele>
				<time>2026-05-28T19:10:23.052Z</time>
			</trkpt>
			<trkpt lat="44.72249" lon="2.82399">
				<ele>944.69</ele>
				<time>2026-05-28T19:10:24.121Z</time>
			</trkpt>
			<trkpt lat="44.72219" lon="2.82394">
				<ele>948.66</ele>
				<time>2026-05-28T19:10:25.765Z</time>
			</trkpt>
			<trkpt lat="44.72202" lon="2.82385">
				<ele>949.63</ele>
				<time>2026-05-28T19:10:26.753Z</time>
			</trkpt>
			<trkpt lat="44.7218" lon="2.82364">
				<ele>947.69</ele>
				<time>2026-05-28T19:10:28.200Z</time>
			</trkpt>
			<trkpt lat="44.72153" lon="2.82327">
				<ele>946.29</ele>
				<time>2026-05-28T19:10:30.251Z</time>
			</trkpt>
			<trkpt lat="44.72141" lon="2.82301">
				<ele>945.56</ele>
				<time>2026-05-28T19:10:31.450Z</time>
			</trkpt>
			<trkpt lat="44.72132" lon="2.82265">
				<ele>949.24</ele>
				<time>2026-05-28T19:10:32.926Z</time>
			</trkpt>
			<trkpt lat="44.72122" lon="2.82243">
				<ele>953.29</ele>
				<time>2026-05-28T19:10:33.936Z</time>
			</trkpt>
			<trkpt lat="44.72107" lon="2.82232">
				<ele>957.52</ele>
				<time>2026-05-28T19:10:34.857Z</time>
			</trkpt>
			<trkpt lat="44.72087" lon="2.82227">
				<ele>962.68</ele>
				<time>2026-05-28T19:10:35.963Z</time>
			</trkpt>
			<trkpt lat="44.72066" lon="2.8222">
				<ele>968.17</ele>
				<time>2026-05-28T19:10:37.138Z</time>
			</trkpt>
			<trkpt lat="44.72024" lon="2.82194">
				<ele>966.23</ele>
				<time>2026-05-28T19:10:39.637Z</time>
			</trkpt>
			<trkpt lat="44.71999" lon="2.82188">
				<ele>965.76</ele>
				<time>2026-05-28T19:10:41.019Z</time>
			</trkpt>
			<trkpt lat="44.71969" lon="2.82186">
				<ele>964.93</ele>
				<time>2026-05-28T19:10:42.655Z</time>
			</trkpt>
			<trkpt lat="44.71906" lon="2.82173">
				<ele>964.75</ele>
				<time>2026-05-28T19:10:46.125Z</time>
			</trkpt>
			<trkpt lat="44.71876" lon="2.82165">
				<ele>964.79</ele>
				<time>2026-05-28T19:10:47.790Z</time>
			</trkpt>
			<trkpt lat="44.71856" lon="2.82167">
				<ele>966.42</ele>
				<time>2026-05-28T19:10:48.883Z</time>
			</trkpt>
			<trkpt lat="44.71839" lon="2.82175">
				<ele>968.39</ele>
				<time>2026-05-28T19:10:49.860Z</time>
			</trkpt>
			<trkpt lat="44.71812" lon="2.8219">
				<ele>969.15</ele>
				<time>2026-05-28T19:10:51.443Z</time>
			</trkpt>
			<trkpt lat="44.71775" lon="2.82203">
				<ele>969.9</ele>
				<time>2026-05-28T19:10:53.523Z</time>
			</trkpt>
			<trkpt lat="44.71756" lon="2.82207">
				<ele>971.93</ele>
				<time>2026-05-28T19:10:54.572Z</time>
			</trkpt>
			<trkpt lat="44.71735" lon="2.82206">
				<ele>973.39</ele>
				<time>2026-05-28T19:10:55.718Z</time>
			</trkpt>
			<trkpt lat="44.71719" lon="2.822">
				<ele>974.06</ele>
				<time>2026-05-28T19:10:56.622Z</time>
			</trkpt>
			<trkpt lat="44.71703" lon="2.82188">
				<ele>975.97</ele>
				<time>2026-05-28T19:10:57.611Z</time>
			</trkpt>
			<trkpt lat="44.71681" lon="2.82156">
				<ele>978.29</ele>
				<time>2026-05-28T19:10:59.339Z</time>
			</trkpt>
			<trkpt lat="44.71666" lon="2.82113">
				<ele>982.04</ele>
				<time>2026-05-28T19:11:01.197Z</time>
			</trkpt>
			<trkpt lat="44.71658" lon="2.82081">
				<ele>987.16</ele>
				<time>2026-05-28T19:11:02.514Z</time>
			</trkpt>
			<trkpt lat="44.71654" lon="2.82032">
				<ele>989.16</ele>
				<time>2026-05-28T19:11:04.429Z</time>
			</trkpt>
			<trkpt lat="44.71647" lon="2.8199">
				<ele>989.39</ele>
				<time>2026-05-28T19:11:06.104Z</time>
			</trkpt>
			<trkpt lat="44.71636" lon="2.81956">
				<ele>988.64</ele>
				<time>2026-05-28T19:11:07.555Z</time>
			</trkpt>
			<trkpt lat="44.71617" lon="2.81936">
				<ele>988.43</ele>
				<time>2026-05-28T19:11:08.852Z</time>
			</trkpt>
			<trkpt lat="44.71599" lon="2.81925">
				<ele>988.39</ele>
				<time>2026-05-28T19:11:09.925Z</time>
			</trkpt>
			<trkpt lat="44.71585" lon="2.81921">
				<ele>988.42</ele>
				<time>2026-05-28T19:11:10.707Z</time>
			</trkpt>
			<trkpt lat="44.71572" lon="2.81921">
				<ele>988.44</ele>
				<time>2026-05-28T19:11:11.418Z</time>
			</trkpt>
			<trkpt lat="44.71541" lon="2.81931">
				<ele>988.56</ele>
				<time>2026-05-28T19:11:13.158Z</time>
			</trkpt>
			<trkpt lat="44.71501" lon="2.8195">
				<ele>990.16</ele>
				<time>2026-05-28T19:11:15.469Z</time>
			</trkpt>
			<trkpt lat="44.71458" lon="2.81971">
				<ele>987.52</ele>
				<time>2026-05-28T19:11:17.961Z</time>
			</trkpt>
			<trkpt lat="44.71432" lon="2.81974">
				<ele>985.05</ele>
				<time>2026-05-28T19:11:19.390Z</time>
			</trkpt>
			<trkpt lat="44.71406" lon="2.81969">
				<ele>983.79</ele>
				<time>2026-05-28T19:11:20.828Z</time>
			</trkpt>
			<trkpt lat="44.71381" lon="2.81952">
				<ele>983.63</ele>
				<time>2026-05-28T19:11:22.350Z</time>
			</trkpt>
			<trkpt lat="44.71279" lon="2.81849">
				<ele>978.54</ele>
				<time>2026-05-28T19:11:29.237Z</time>
			</trkpt>
			<trkpt lat="44.7126" lon="2.81834">
				<ele>977.06</ele>
				<time>2026-05-28T19:11:30.433Z</time>
			</trkpt>
			<trkpt lat="44.71238" lon="2.81824">
				<ele>975.9</ele>
				<time>2026-05-28T19:11:31.703Z</time>
			</trkpt>
			<trkpt lat="44.71214" lon="2.81826">
				<ele>975.05</ele>
				<time>2026-05-28T19:11:33.023Z</time>
			</trkpt>
			<trkpt lat="44.70879" lon="2.82032">
				<ele>966.4</ele>
				<time>2026-05-28T19:11:53.160Z</time>
			</trkpt>
			<trkpt lat="44.70774" lon="2.82085">
				<ele>967.86</ele>
				<time>2026-05-28T19:11:59.327Z</time>
			</trkpt>
			<trkpt lat="44.70719" lon="2.8211">
				<ele>963.89</ele>
				<time>2026-05-28T19:12:02.526Z</time>
			</trkpt>
			<trkpt lat="44.70706" lon="2.8213">
				<ele>963.42</ele>
				<time>2026-05-28T19:12:03.593Z</time>
			</trkpt>
			<trkpt lat="44.70695" lon="2.82164">
				<ele>962.16</ele>
				<time>2026-05-28T19:12:05.064Z</time>
			</trkpt>
			<trkpt lat="44.70695" lon="2.82188">
				<ele>960.53</ele>
				<time>2026-05-28T19:12:06.009Z</time>
			</trkpt>
			<trkpt lat="44.70698" lon="2.82207">
				<ele>958.93</ele>
				<time>2026-05-28T19:12:06.776Z</time>
			</trkpt>
			<trkpt lat="44.70706" lon="2.82245">
				<ele>957</ele>
				<time>2026-05-28T19:12:08.338Z</time>
			</trkpt>
			<trkpt lat="44.70713" lon="2.82316">
				<ele>956.11</ele>
				<time>2026-05-28T19:12:11.166Z</time>
			</trkpt>
			<trkpt lat="44.70708" lon="2.82364">
				<ele>953.68</ele>
				<time>2026-05-28T19:12:13.081Z</time>
			</trkpt>
			<trkpt lat="44.70711" lon="2.82449">
				<ele>955.5</ele>
				<time>2026-05-28T19:12:16.443Z</time>
			</trkpt>
			<trkpt lat="44.70713" lon="2.8248">
				<ele>954.69</ele>
				<time>2026-05-28T19:12:17.674Z</time>
			</trkpt>
			<trkpt lat="44.70722" lon="2.82505">
				<ele>953.42</ele>
				<time>2026-05-28T19:12:18.783Z</time>
			</trkpt>
			<trkpt lat="44.70737" lon="2.8253">
				<ele>952.37</ele>
				<time>2026-05-28T19:12:20.077Z</time>
			</trkpt>
			<trkpt lat="44.70823" lon="2.82712">
				<ele>945.66</ele>
				<time>2026-05-28T19:12:28.741Z</time>
			</trkpt>
			<trkpt lat="44.70851" lon="2.82763">
				<ele>942.8</ele>
				<time>2026-05-28T19:12:31.301Z</time>
			</trkpt>
			<trkpt lat="44.70874" lon="2.8279">
				<ele>942.98</ele>
				<time>2026-05-28T19:12:32.976Z</time>
			</trkpt>
			<trkpt lat="44.70878" lon="2.82803">
				<ele>942.97</ele>
				<time>2026-05-28T19:12:33.539Z</time>
			</trkpt>
			<trkpt lat="44.70878" lon="2.82818">
				<ele>943.19</ele>
				<time>2026-05-28T19:12:34.136Z</time>
			</trkpt>
			<trkpt lat="44.70872" lon="2.82844">
				<ele>944.43</ele>
				<time>2026-05-28T19:12:35.223Z</time>
			</trkpt>
			<trkpt lat="44.70861" lon="2.82856">
				<ele>945.47</ele>
				<time>2026-05-28T19:12:36.003Z</time>
			</trkpt>
			<trkpt lat="44.70813" lon="2.82846">
				<ele>945.52</ele>
				<time>2026-05-28T19:12:38.722Z</time>
			</trkpt>
			<trkpt lat="44.70717" lon="2.82831">
				<ele>942.4</ele>
				<time>2026-05-28T19:12:44.144Z</time>
			</trkpt>
			<trkpt lat="44.70686" lon="2.8283">
				<ele>942.07</ele>
				<time>2026-05-28T19:12:45.886Z</time>
			</trkpt>
			<trkpt lat="44.70646" lon="2.82848">
				<ele>946.23</ele>
				<time>2026-05-28T19:12:48.249Z</time>
			</trkpt>
			<trkpt lat="44.70624" lon="2.82863">
				<ele>946.01</ele>
				<time>2026-05-28T19:12:49.625Z</time>
			</trkpt>
			<trkpt lat="44.70611" lon="2.82885">
				<ele>944.93</ele>
				<time>2026-05-28T19:12:50.770Z</time>
			</trkpt>
			<trkpt lat="44.7059" lon="2.82955">
				<ele>943.61</ele>
				<time>2026-05-28T19:12:53.814Z</time>
			</trkpt>
			<trkpt lat="44.70558" lon="2.83017">
				<ele>944</ele>
				<time>2026-05-28T19:12:56.888Z</time>
			</trkpt>
			<trkpt lat="44.70548" lon="2.83052">
				<ele>943.23</ele>
				<time>2026-05-28T19:12:58.403Z</time>
			</trkpt>
			<trkpt lat="44.70532" lon="2.83197">
				<ele>947.38</ele>
				<time>2026-05-28T19:13:04.305Z</time>
			</trkpt>
			<trkpt lat="44.70523" lon="2.83219">
				<ele>948.67</ele>
				<time>2026-05-28T19:13:05.327Z</time>
			</trkpt>
			<trkpt lat="44.7051" lon="2.83231">
				<ele>949.26</ele>
				<time>2026-05-28T19:13:06.209Z</time>
			</trkpt>
			<trkpt lat="44.70481" lon="2.83239">
				<ele>948.76</ele>
				<time>2026-05-28T19:13:07.885Z</time>
			</trkpt>
			<trkpt lat="44.7037" lon="2.83246">
				<ele>951.04</ele>
				<time>2026-05-28T19:13:14.199Z</time>
			</trkpt>
			<trkpt lat="44.70325" lon="2.83258">
				<ele>950.87</ele>
				<time>2026-05-28T19:13:16.807Z</time>
			</trkpt>
			<trkpt lat="44.70254" lon="2.83293">
				<ele>953.52</ele>
				<time>2026-05-28T19:13:21.098Z</time>
			</trkpt>
			<trkpt lat="44.70165" lon="2.8333">
				<ele>958.46</ele>
				<time>2026-05-28T19:13:26.403Z</time>
			</trkpt>
			<trkpt lat="44.70097" lon="2.83367">
				<ele>962.46</ele>
				<time>2026-05-28T19:13:30.580Z</time>
			</trkpt>
			<trkpt lat="44.69993" lon="2.83449">
				<ele>964.36</ele>
				<time>2026-05-28T19:13:37.429Z</time>
			</trkpt>
			<trkpt lat="44.69987" lon="2.83465">
				<ele>963.98</ele>
				<time>2026-05-28T19:13:38.169Z</time>
			</trkpt>
			<trkpt lat="44.69989" lon="2.8348">
				<ele>964.49</ele>
				<time>2026-05-28T19:13:38.793Z</time>
			</trkpt>
			<trkpt lat="44.70018" lon="2.83542">
				<ele>967.96</ele>
				<time>2026-05-28T19:13:41.833Z</time>
			</trkpt>
			<trkpt lat="44.70026" lon="2.83577">
				<ele>967.99</ele>
				<time>2026-05-28T19:13:43.341Z</time>
			</trkpt>
			<trkpt lat="44.70032" lon="2.83644">
				<ele>970.26</ele>
				<time>2026-05-28T19:13:46.113Z</time>
			</trkpt>
			<trkpt lat="44.70041" lon="2.83674">
				<ele>969.61</ele>
				<time>2026-05-28T19:13:47.451Z</time>
			</trkpt>
			<trkpt lat="44.70203" lon="2.83921">
				<ele>970.87</ele>
				<time>2026-05-28T19:14:01.318Z</time>
			</trkpt>
			<trkpt lat="44.70212" lon="2.83946">
				<ele>970.66</ele>
				<time>2026-05-28T19:14:02.478Z</time>
			</trkpt>
			<trkpt lat="44.70215" lon="2.83967">
				<ele>970.76</ele>
				<time>2026-05-28T19:14:03.366Z</time>
			</trkpt>
			<trkpt lat="44.70213" lon="2.84077">
				<ele>973.18</ele>
				<time>2026-05-28T19:14:07.933Z</time>
			</trkpt>
			<trkpt lat="44.70207" lon="2.84256">
				<ele>976.86</ele>
				<time>2026-05-28T19:14:15.396Z</time>
			</trkpt>
			<trkpt lat="44.70201" lon="2.8428">
				<ele>978.11</ele>
				<time>2026-05-28T19:14:16.458Z</time>
			</trkpt>
			<trkpt lat="44.70188" lon="2.84303">
				<ele>979.11</ele>
				<time>2026-05-28T19:14:17.685Z</time>
			</trkpt>
			<trkpt lat="44.70173" lon="2.84312">
				<ele>980.05</ele>
				<time>2026-05-28T19:14:18.644Z</time>
			</trkpt>
			<trkpt lat="44.70158" lon="2.84314">
				<ele>980.51</ele>
				<time>2026-05-28T19:14:19.531Z</time>
			</trkpt>
			<trkpt lat="44.70142" lon="2.84308">
				<ele>980.87</ele>
				<time>2026-05-28T19:14:20.505Z</time>
			</trkpt>
			<trkpt lat="44.70128" lon="2.84295">
				<ele>981.62</ele>
				<time>2026-05-28T19:14:21.493Z</time>
			</trkpt>
			<trkpt lat="44.7012" lon="2.84275">
				<ele>981.67</ele>
				<time>2026-05-28T19:14:22.455Z</time>
			</trkpt>
			<trkpt lat="44.70112" lon="2.84226">
				<ele>984.48</ele>
				<time>2026-05-28T19:14:24.562Z</time>
			</trkpt>
			<trkpt lat="44.70102" lon="2.84206">
				<ele>984.34</ele>
				<time>2026-05-28T19:14:25.588Z</time>
			</trkpt>
			<trkpt lat="44.70082" lon="2.84191">
				<ele>984.78</ele>
				<time>2026-05-28T19:14:26.927Z</time>
			</trkpt>
			<trkpt lat="44.69986" lon="2.84183">
				<ele>991.31</ele>
				<time>2026-05-28T19:14:32.620Z</time>
			</trkpt>
			<trkpt lat="44.69956" lon="2.84171">
				<ele>992.45</ele>
				<time>2026-05-28T19:14:34.470Z</time>
			</trkpt>
			<trkpt lat="44.69889" lon="2.84118">
				<ele>995.43</ele>
				<time>2026-05-28T19:14:39.039Z</time>
			</trkpt>
			<trkpt lat="44.69868" lon="2.84115">
				<ele>996.77</ele>
				<time>2026-05-28T19:14:40.295Z</time>
			</trkpt>
			<trkpt lat="44.69833" lon="2.84119">
				<ele>999.91</ele>
				<time>2026-05-28T19:14:42.388Z</time>
			</trkpt>
			<trkpt lat="44.6982" lon="2.84118">
				<ele>1000.59</ele>
				<time>2026-05-28T19:14:43.165Z</time>
			</trkpt>
			<trkpt lat="44.69674" lon="2.84038">
				<ele>1004.66</ele>
				<time>2026-05-28T19:14:52.539Z</time>
			</trkpt>
			<trkpt lat="44.69655" lon="2.84032">
				<ele>1005.26</ele>
				<time>2026-05-28T19:14:53.708Z</time>
			</trkpt>
			<trkpt lat="44.69636" lon="2.84033">
				<ele>1005.48</ele>
				<time>2026-05-28T19:14:54.850Z</time>
			</trkpt>
			<trkpt lat="44.69621" lon="2.84036">
				<ele>1006.05</ele>
				<time>2026-05-28T19:14:55.761Z</time>
			</trkpt>
			<trkpt lat="44.6961" lon="2.84044">
				<ele>1006.61</ele>
				<time>2026-05-28T19:14:56.506Z</time>
			</trkpt>
			<trkpt lat="44.69413" lon="2.84337">
				<ele>1015.26</ele>
				<time>2026-05-28T19:15:13.842Z</time>
			</trkpt>
			<trkpt lat="44.69396" lon="2.84351">
				<ele>1016.9</ele>
				<time>2026-05-28T19:15:15.041Z</time>
			</trkpt>
			<trkpt lat="44.6938" lon="2.84356">
				<ele>1018.63</ele>
				<time>2026-05-28T19:15:16.038Z</time>
			</trkpt>
			<trkpt lat="44.69363" lon="2.84354">
				<ele>1020.23</ele>
				<time>2026-05-28T19:15:17.077Z</time>
			</trkpt>
			<trkpt lat="44.69349" lon="2.84349">
				<ele>1021.68</ele>
				<time>2026-05-28T19:15:17.958Z</time>
			</trkpt>
			<trkpt lat="44.6916" lon="2.84219">
				<ele>1028.06</ele>
				<time>2026-05-28T19:15:30.837Z</time>
			</trkpt>
			<trkpt lat="44.69141" lon="2.84215">
				<ele>1028.62</ele>
				<time>2026-05-28T19:15:32.018Z</time>
			</trkpt>
			<trkpt lat="44.69131" lon="2.84216">
				<ele>1028.85</ele>
				<time>2026-05-28T19:15:32.635Z</time>
			</trkpt>
			<trkpt lat="44.69121" lon="2.84222">
				<ele>1028.99</ele>
				<time>2026-05-28T19:15:33.304Z</time>
			</trkpt>
			<trkpt lat="44.69111" lon="2.84236">
				<ele>1028.48</ele>
				<time>2026-05-28T19:15:34.173Z</time>
			</trkpt>
			<trkpt lat="44.69105" lon="2.84256">
				<ele>1027.31</ele>
				<time>2026-05-28T19:15:35.124Z</time>
			</trkpt>
			<trkpt lat="44.69105" lon="2.84276">
				<ele>1027.04</ele>
				<time>2026-05-28T19:15:36.001Z</time>
			</trkpt>
			<trkpt lat="44.6911" lon="2.84296">
				<ele>1027.25</ele>
				<time>2026-05-28T19:15:36.931Z</time>
			</trkpt>
			<trkpt lat="44.69141" lon="2.8435">
				<ele>1025.6</ele>
				<time>2026-05-28T19:15:39.979Z</time>
			</trkpt>
			<trkpt lat="44.69147" lon="2.84371">
				<ele>1026.35</ele>
				<time>2026-05-28T19:15:40.975Z</time>
			</trkpt>
			<trkpt lat="44.69148" lon="2.84392">
				<ele>1027.33</ele>
				<time>2026-05-28T19:15:41.901Z</time>
			</trkpt>
			<trkpt lat="44.69144" lon="2.84414">
				<ele>1028.5</ele>
				<time>2026-05-28T19:15:42.901Z</time>
			</trkpt>
			<trkpt lat="44.69134" lon="2.84438">
				<ele>1028.79</ele>
				<time>2026-05-28T19:15:44.127Z</time>
			</trkpt>
			<trkpt lat="44.69088" lon="2.84502">
				<ele>1025.56</ele>
				<time>2026-05-28T19:15:48.145Z</time>
			</trkpt>
			<trkpt lat="44.69074" lon="2.84529">
				<ele>1024.4</ele>
				<time>2026-05-28T19:15:49.623Z</time>
			</trkpt>
			<trkpt lat="44.69057" lon="2.84583">
				<ele>1024.33</ele>
				<time>2026-05-28T19:15:52.238Z</time>
			</trkpt>
			<trkpt lat="44.69022" lon="2.84656">
				<ele>1017.13</ele>
				<time>2026-05-28T19:15:56.146Z</time>
			</trkpt>
			<trkpt lat="44.69015" lon="2.84677">
				<ele>1015.34</ele>
				<time>2026-05-28T19:15:57.177Z</time>
			</trkpt>
			<trkpt lat="44.69011" lon="2.84708">
				<ele>1014.1</ele>
				<time>2026-05-28T19:15:58.579Z</time>
			</trkpt>
			<trkpt lat="44.6901" lon="2.84735">
				<ele>1013.55</ele>
				<time>2026-05-28T19:15:59.783Z</time>
			</trkpt>
			<trkpt lat="44.69012" lon="2.84764">
				<ele>1013.19</ele>
				<time>2026-05-28T19:16:01.082Z</time>
			</trkpt>
			<trkpt lat="44.69024" lon="2.84796">
				<ele>1013.63</ele>
				<time>2026-05-28T19:16:02.696Z</time>
			</trkpt>
			<trkpt lat="44.69042" lon="2.84821">
				<ele>1014.4</ele>
				<time>2026-05-28T19:16:04.286Z</time>
			</trkpt>
			<trkpt lat="44.6912" lon="2.84887">
				<ele>1015.24</ele>
				<time>2026-05-28T19:16:10.019Z</time>
			</trkpt>
			<trkpt lat="44.69131" lon="2.84907">
				<ele>1016.1</ele>
				<time>2026-05-28T19:16:11.154Z</time>
			</trkpt>
			<trkpt lat="44.69136" lon="2.8493">
				<ele>1015.94</ele>
				<time>2026-05-28T19:16:12.234Z</time>
			</trkpt>
			<trkpt lat="44.69144" lon="2.85022">
				<ele>1016.53</ele>
				<time>2026-05-28T19:16:16.405Z</time>
			</trkpt>
			<trkpt lat="44.69151" lon="2.8513">
				<ele>1015.46</ele>
				<time>2026-05-28T19:16:21.300Z</time>
			</trkpt>
			<trkpt lat="44.6915" lon="2.85172">
				<ele>1012.69</ele>
				<time>2026-05-28T19:16:23.202Z</time>
			</trkpt>
			<trkpt lat="44.69143" lon="2.852">
				<ele>1010.04</ele>
				<time>2026-05-28T19:16:24.546Z</time>
			</trkpt>
			<trkpt lat="44.6913" lon="2.85227">
				<ele>1008.04</ele>
				<time>2026-05-28T19:16:26.025Z</time>
			</trkpt>
			<trkpt lat="44.69107" lon="2.85257">
				<ele>1007.15</ele>
				<time>2026-05-28T19:16:28.028Z</time>
			</trkpt>
			<trkpt lat="44.69088" lon="2.85274">
				<ele>1006.25</ele>
				<time>2026-05-28T19:16:29.467Z</time>
			</trkpt>
			<trkpt lat="44.69063" lon="2.85288">
				<ele>1005.95</ele>
				<time>2026-05-28T19:16:31.190Z</time>
			</trkpt>
			<trkpt lat="44.68968" lon="2.85314">
				<ele>1002.8</ele>
				<time>2026-05-28T19:16:37.402Z</time>
			</trkpt>
			<trkpt lat="44.68957" lon="2.85323">
				<ele>1001.25</ele>
				<time>2026-05-28T19:16:38.221Z</time>
			</trkpt>
			<trkpt lat="44.68947" lon="2.85341">
				<ele>999.61</ele>
				<time>2026-05-28T19:16:39.266Z</time>
			</trkpt>
			<trkpt lat="44.68942" lon="2.85368">
				<ele>998.8</ele>
				<time>2026-05-28T19:16:40.545Z</time>
			</trkpt>
			<trkpt lat="44.68943" lon="2.85398">
				<ele>999.15</ele>
				<time>2026-05-28T19:16:41.922Z</time>
			</trkpt>
			<trkpt lat="44.68954" lon="2.85457">
				<ele>1000.49</ele>
				<time>2026-05-28T19:16:44.723Z</time>
			</trkpt>
			<trkpt lat="44.68988" lon="2.85572">
				<ele>999.7</ele>
				<time>2026-05-28T19:16:50.460Z</time>
			</trkpt>
			<trkpt lat="44.68991" lon="2.85586">
				<ele>999.17</ele>
				<time>2026-05-28T19:16:51.135Z</time>
			</trkpt>
			<trkpt lat="44.68989" lon="2.85597">
				<ele>997.96</ele>
				<time>2026-05-28T19:16:51.659Z</time>
			</trkpt>
			<trkpt lat="44.68981" lon="2.85615">
				<ele>995.88</ele>
				<time>2026-05-28T19:16:52.640Z</time>
			</trkpt>
			<trkpt lat="44.68935" lon="2.8553">
				<ele>992.44</ele>
				<time>2026-05-28T19:16:57.588Z</time>
			</trkpt>
			<trkpt lat="44.68916" lon="2.85502">
				<ele>993.72</ele>
				<time>2026-05-28T19:16:59.385Z</time>
			</trkpt>
			<trkpt lat="44.68742" lon="2.85349">
				<ele>983.35</ele>
				<time>2026-05-28T19:17:12.858Z</time>
			</trkpt>
			<trkpt lat="44.6873" lon="2.85328">
				<ele>983.93</ele>
				<time>2026-05-28T19:17:14.123Z</time>
			</trkpt>
			<trkpt lat="44.68639" lon="2.85068">
				<ele>994.45</ele>
				<time>2026-05-28T19:17:27.797Z</time>
			</trkpt>
			<trkpt lat="44.68524" lon="2.84735">
				<ele>1007.13</ele>
				<time>2026-05-28T19:17:45.385Z</time>
			</trkpt>
			<trkpt lat="44.68504" lon="2.84702">
				<ele>1007.73</ele>
				<time>2026-05-28T19:17:47.440Z</time>
			</trkpt>
			<trkpt lat="44.68507" lon="2.84695">
				<ele>1007.44</ele>
				<time>2026-05-28T19:17:47.828Z</time>
			</trkpt>
			<trkpt lat="44.68513" lon="2.84671">
				<ele>1008.26</ele>
				<time>2026-05-28T19:17:49.037Z</time>
			</trkpt>
			<trkpt lat="44.68433" lon="2.84597">
				<ele>1010.02</ele>
				<time>2026-05-28T19:17:55.488Z</time>
			</trkpt>
			<trkpt lat="44.68413" lon="2.84584">
				<ele>1007.7</ele>
				<time>2026-05-28T19:17:56.991Z</time>
			</trkpt>
			<trkpt lat="44.68397" lon="2.84581">
				<ele>1005.87</ele>
				<time>2026-05-28T19:17:58.097Z</time>
			</trkpt>
			<trkpt lat="44.68396" lon="2.84561">
				<ele>1005.46</ele>
				<time>2026-05-28T19:17:59.078Z</time>
			</trkpt>
			<trkpt lat="44.68402" lon="2.84527">
				<ele>1004.85</ele>
				<time>2026-05-28T19:18:00.803Z</time>
			</trkpt>
			<trkpt lat="44.68382" lon="2.84506">
				<ele>997.83</ele>
				<time>2026-05-28T19:18:02.545Z</time>
			</trkpt>
			<trkpt lat="44.68374" lon="2.84491">
				<ele>995.35</ele>
				<time>2026-05-28T19:18:03.482Z</time>
			</trkpt>
			<trkpt lat="44.68371" lon="2.8448">
				<ele>993.64</ele>
				<time>2026-05-28T19:18:04.073Z</time>
			</trkpt>
			<trkpt lat="44.6837" lon="2.84464">
				<ele>991.19</ele>
				<time>2026-05-28T19:18:04.883Z</time>
			</trkpt>
			<trkpt lat="44.68368" lon="2.84448">
				<ele>988.06</ele>
				<time>2026-05-28T19:18:05.705Z</time>
			</trkpt>
			<trkpt lat="44.68365" lon="2.84442">
				<ele>986.6</ele>
				<time>2026-05-28T19:18:06.077Z</time>
			</trkpt>
			<trkpt lat="44.68349" lon="2.84441">
				<ele>982.6</ele>
				<time>2026-05-28T19:18:07.226Z</time>
			</trkpt>
			<trkpt lat="44.68331" lon="2.84435">
				<ele>977.81</ele>
				<time>2026-05-28T19:18:08.563Z</time>
			</trkpt>
			<trkpt lat="44.6833" lon="2.84438">
				<ele>978.01</ele>
				<time>2026-05-28T19:18:08.734Z</time>
			</trkpt>
			<trkpt lat="44.68314" lon="2.84442">
				<ele>976.14</ele>
				<time>2026-05-28T19:18:09.920Z</time>
			</trkpt>
			<trkpt lat="44.6831" lon="2.84442">
				<ele>975.55</ele>
				<time>2026-05-28T19:18:10.213Z</time>
			</trkpt>
			<trkpt lat="44.68307" lon="2.8444">
				<ele>974.79</ele>
				<time>2026-05-28T19:18:10.456Z</time>
			</trkpt>
			<trkpt lat="44.68302" lon="2.84452">
				<ele>975.01</ele>
				<time>2026-05-28T19:18:11.185Z</time>
			</trkpt>
			<trkpt lat="44.68287" lon="2.84472">
				<ele>973.05</ele>
				<time>2026-05-28T19:18:12.718Z</time>
			</trkpt>
			<trkpt lat="44.68269" lon="2.84478">
				<ele>969.98</ele>
				<time>2026-05-28T19:18:14.105Z</time>
			</trkpt>
			<trkpt lat="44.68264" lon="2.84488">
				<ele>969.73</ele>
				<time>2026-05-28T19:18:14.761Z</time>
			</trkpt>
			<trkpt lat="44.68253" lon="2.84569">
				<ele>971.78</ele>
				<time>2026-05-28T19:18:19.270Z</time>
			</trkpt>
			<trkpt lat="44.6824" lon="2.84597">
				<ele>971</ele>
				<time>2026-05-28T19:18:21.142Z</time>
			</trkpt>
			<trkpt lat="44.68221" lon="2.84621">
				<ele>970.02</ele>
				<time>2026-05-28T19:18:23.183Z</time>
			</trkpt>
			<trkpt lat="44.68208" lon="2.84657">
				<ele>973.01</ele>
				<time>2026-05-28T19:18:25.517Z</time>
			</trkpt>
			<trkpt lat="44.68202" lon="2.84664">
				<ele>973.4</ele>
				<time>2026-05-28T19:18:26.159Z</time>
			</trkpt>
			<trkpt lat="44.6819" lon="2.84672">
				<ele>973.68</ele>
				<time>2026-05-28T19:18:27.258Z</time>
			</trkpt>
		</trkseg>
	</trk>
</gpx>