<?xml version="1.0" encoding="UTF-8"?>
<gpx version="1.1" creator="Kurviger" xmlns="http://www.topografix.com/GPX/1/1" xmlns:xsi="http://www.w3.org/2001/XMLSchema-instance" xsi:schemaLocation="http://www.topografix.com/GPX/1/1 http://www.topografix.com/GPX/1/1/gpx.xsd http://www.garmin.com/xmlschemas/GpxExtensions/v3 http://www.garmin.com/xmlschemas/GpxExtensionsv3.xsd http://www.garmin.com/xmlschemas/TripExtensions/v1 http://www.garmin.com/xmlschemas/TripExtensionsv1.xsd" xmlns:gpxx="http://www.garmin.com/xmlschemas/GpxExtensions/v3" xmlns:trp="http://www.garmin.com/xmlschemas/TripExtensions/v1">
	<metadata>
		<name>Laguiole - Rodez</name>
		<copyright author="OpenStreetMap contributors"/>
		<link href="https://kurviger.com">
			<text>Kurviger.com GPX</text>
		</link>
		<time>2026-05-28T15:48:04.813Z</time>
	</metadata>
	<trk>
		<name>Laguiole - Rodez</name>
		<trkseg>
			<trkpt lat="44.68418" lon="2.84675">
				<ele>1007.83</ele>
				<time>2026-05-28T15:48:04.812Z</time>
			</trkpt>
			<trkpt lat="44.68425" lon="2.84708">
				<ele>1008</ele>
				<time>2026-05-28T15:48:07.315Z</time>
			</trkpt>
			<trkpt lat="44.68425" lon="2.84715">
				<ele>1008</ele>
				<time>2026-05-28T15:48:07.824Z</time>
			</trkpt>
			<trkpt lat="44.68431" lon="2.84728">
				<ele>1008.11</ele>
				<time>2026-05-28T15:48:08.951Z</time>
			</trkpt>
			<trkpt lat="44.68402" lon="2.84803">
				<ele>1010.97</ele>
				<time>2026-05-28T15:48:15.364Z</time>
			</trkpt>
			<trkpt lat="44.68316" lon="2.85067">
				<ele>1015.45</ele>
				<time>2026-05-28T15:48:36.592Z</time>
			</trkpt>
			<trkpt lat="44.68313" lon="2.85092">
				<ele>1015.2</ele>
				<time>2026-05-28T15:48:38.117Z</time>
			</trkpt>
			<trkpt lat="44.68309" lon="2.85092">
				<ele>1015.42</ele>
				<time>2026-05-28T15:48:38.446Z</time>
			</trkpt>
			<trkpt lat="44.68303" lon="2.85095">
				<ele>1015.56</ele>
				<time>2026-05-28T15:48:38.969Z</time>
			</trkpt>
			<trkpt lat="44.68299" lon="2.85103">
				<ele>1015.28</ele>
				<time>2026-05-28T15:48:39.539Z</time>
			</trkpt>
			<trkpt lat="44.68299" lon="2.85112">
				<ele>1014.96</ele>
				<time>2026-05-28T15:48:40.064Z</time>
			</trkpt>
			<trkpt lat="44.68303" lon="2.8512">
				<ele>1014.69</ele>
				<time>2026-05-28T15:48:40.635Z</time>
			</trkpt>
			<trkpt lat="44.6831" lon="2.85123">
				<ele>1014.46</ele>
				<time>2026-05-28T15:48:41.234Z</time>
			</trkpt>
			<trkpt lat="44.68315" lon="2.85134">
				<ele>1014.09</ele>
				<time>2026-05-28T15:48:41.995Z</time>
			</trkpt>
			<trkpt lat="44.68318" lon="2.8515">
				<ele>1014.82</ele>
				<time>2026-05-28T15:48:42.958Z</time>
			</trkpt>
			<trkpt lat="44.68329" lon="2.85179">
				<ele>1017.67</ele>
				<time>2026-05-28T15:48:44.869Z</time>
			</trkpt>
			<trkpt lat="44.68338" lon="2.85195">
				<ele>1018.8</ele>
				<time>2026-05-28T15:48:46.054Z</time>
			</trkpt>
			<trkpt lat="44.68354" lon="2.85217">
				<ele>1018.86</ele>
				<time>2026-05-28T15:48:47.879Z</time>
			</trkpt>
			<trkpt lat="44.6837" lon="2.85229">
				<ele>1018.06</ele>
				<time>2026-05-28T15:48:49.356Z</time>
			</trkpt>
			<trkpt lat="44.68402" lon="2.85249">
				<ele>1016.97</ele>
				<time>2026-05-28T15:48:52.203Z</time>
			</trkpt>
			<trkpt lat="44.68428" lon="2.8526">
				<ele>1019.55</ele>
				<time>2026-05-28T15:48:54.406Z</time>
			</trkpt>
			<trkpt lat="44.68471" lon="2.8527">
				<ele>1020.95</ele>
				<time>2026-05-28T15:48:57.934Z</time>
			</trkpt>
			<trkpt lat="44.68505" lon="2.85261">
				<ele>1019.24</ele>
				<time>2026-05-28T15:49:00.727Z</time>
			</trkpt>
			<trkpt lat="44.68519" lon="2.85264">
				<ele>1019.58</ele>
				<time>2026-05-28T15:49:01.869Z</time>
			</trkpt>
			<trkpt lat="44.6853" lon="2.85268">
				<ele>1019.92</ele>
				<time>2026-05-28T15:49:02.784Z</time>
			</trkpt>
			<trkpt lat="44.68548" lon="2.85288">
				<ele>1019.19</ele>
				<time>2026-05-28T15:49:04.629Z</time>
			</trkpt>
			<trkpt lat="44.68573" lon="2.85336">
				<ele>1019.82</ele>
				<time>2026-05-28T15:49:08.025Z</time>
			</trkpt>
			<trkpt lat="44.68591" lon="2.85395">
				<ele>1024.64</ele>
				<time>2026-05-28T15:49:11.678Z</time>
			</trkpt>
			<trkpt lat="44.68595" lon="2.85427">
				<ele>1026.22</ele>
				<time>2026-05-28T15:49:13.523Z</time>
			</trkpt>
			<trkpt lat="44.68594" lon="2.8546">
				<ele>1027.95</ele>
				<time>2026-05-28T15:49:15.395Z</time>
			</trkpt>
			<trkpt lat="44.68592" lon="2.85478">
				<ele>1028.69</ele>
				<time>2026-05-28T15:49:16.427Z</time>
			</trkpt>
			<trkpt lat="44.68576" lon="2.85531">
				<ele>1030.09</ele>
				<time>2026-05-28T15:49:19.681Z</time>
			</trkpt>
			<trkpt lat="44.68545" lon="2.85622">
				<ele>1034</ele>
				<time>2026-05-28T15:49:25.362Z</time>
			</trkpt>
			<trkpt lat="44.68528" lon="2.8566">
				<ele>1032.46</ele>
				<time>2026-05-28T15:49:27.882Z</time>
			</trkpt>
			<trkpt lat="44.68506" lon="2.85695">
				<ele>1032.25</ele>
				<time>2026-05-28T15:49:30.498Z</time>
			</trkpt>
			<trkpt lat="44.68405" lon="2.85823">
				<ele>1037.19</ele>
				<time>2026-05-28T15:49:41.145Z</time>
			</trkpt>
			<trkpt lat="44.68391" lon="2.85854">
				<ele>1037.85</ele>
				<time>2026-05-28T15:49:43.179Z</time>
			</trkpt>
			<trkpt lat="44.68386" lon="2.85873">
				<ele>1037.82</ele>
				<time>2026-05-28T15:49:44.300Z</time>
			</trkpt>
			<trkpt lat="44.68382" lon="2.85901">
				<ele>1037.54</ele>
				<time>2026-05-28T15:49:45.877Z</time>
			</trkpt>
			<trkpt lat="44.68384" lon="2.86048">
				<ele>1040.97</ele>
				<time>2026-05-28T15:49:53.967Z</time>
			</trkpt>
			<trkpt lat="44.68377" lon="2.86086">
				<ele>1043.16</ele>
				<time>2026-05-28T15:49:56.118Z</time>
			</trkpt>
			<trkpt lat="44.68367" lon="2.86105">
				<ele>1043.99</ele>
				<time>2026-05-28T15:49:57.411Z</time>
			</trkpt>
			<trkpt lat="44.68347" lon="2.86137">
				<ele>1044.01</ele>
				<time>2026-05-28T15:49:59.738Z</time>
			</trkpt>
			<trkpt lat="44.68275" lon="2.86223">
				<ele>1047</ele>
				<time>2026-05-28T15:50:06.966Z</time>
			</trkpt>
			<trkpt lat="44.68207" lon="2.86308">
				<ele>1044.52</ele>
				<time>2026-05-28T15:50:13.885Z</time>
			</trkpt>
			<trkpt lat="44.68189" lon="2.86325">
				<ele>1044.81</ele>
				<time>2026-05-28T15:50:15.528Z</time>
			</trkpt>
			<trkpt lat="44.68172" lon="2.86332">
				<ele>1045.76</ele>
				<time>2026-05-28T15:50:16.868Z</time>
			</trkpt>
			<trkpt lat="44.68159" lon="2.86333">
				<ele>1045.97</ele>
				<time>2026-05-28T15:50:17.853Z</time>
			</trkpt>
			<trkpt lat="44.68107" lon="2.86315">
				<ele>1047.83</ele>
				<time>2026-05-28T15:50:21.893Z</time>
			</trkpt>
			<trkpt lat="44.68078" lon="2.86316">
				<ele>1051.1</ele>
				<time>2026-05-28T15:50:24.075Z</time>
			</trkpt>
			<trkpt lat="44.68062" lon="2.8632">
				<ele>1052.55</ele>
				<time>2026-05-28T15:50:25.296Z</time>
			</trkpt>
			<trkpt lat="44.67801" lon="2.86445">
				<ele>1061.94</ele>
				<time>2026-05-28T15:50:45.818Z</time>
			</trkpt>
			<trkpt lat="44.67783" lon="2.86458">
				<ele>1062.23</ele>
				<time>2026-05-28T15:50:47.310Z</time>
			</trkpt>
			<trkpt lat="44.67698" lon="2.86541">
				<ele>1069.69</ele>
				<time>2026-05-28T15:50:54.910Z</time>
			</trkpt>
			<trkpt lat="44.67682" lon="2.86555">
				<ele>1070.57</ele>
				<time>2026-05-28T15:50:56.288Z</time>
			</trkpt>
			<trkpt lat="44.6766" lon="2.86571">
				<ele>1070.5</ele>
				<time>2026-05-28T15:50:58.098Z</time>
			</trkpt>
			<trkpt lat="44.6763" lon="2.86586">
				<ele>1071.27</ele>
				<time>2026-05-28T15:51:00.420Z</time>
			</trkpt>
			<trkpt lat="44.67605" lon="2.86594">
				<ele>1072.55</ele>
				<time>2026-05-28T15:51:02.286Z</time>
			</trkpt>
			<trkpt lat="44.67593" lon="2.86596">
				<ele>1073.34</ele>
				<time>2026-05-28T15:51:03.164Z</time>
			</trkpt>
			<trkpt lat="44.6758" lon="2.86594">
				<ele>1074.06</ele>
				<time>2026-05-28T15:51:04.114Z</time>
			</trkpt>
			<trkpt lat="44.67554" lon="2.86586">
				<ele>1075.27</ele>
				<time>2026-05-28T15:51:06.046Z</time>
			</trkpt>
			<trkpt lat="44.67522" lon="2.86566">
				<ele>1076.67</ele>
				<time>2026-05-28T15:51:08.581Z</time>
			</trkpt>
			<trkpt lat="44.67501" lon="2.86561">
				<ele>1077.36</ele>
				<time>2026-05-28T15:51:10.121Z</time>
			</trkpt>
			<trkpt lat="44.67491" lon="2.86562">
				<ele>1077.75</ele>
				<time>2026-05-28T15:51:10.845Z</time>
			</trkpt>
			<trkpt lat="44.67472" lon="2.8657">
				<ele>1078.52</ele>
				<time>2026-05-28T15:51:12.276Z</time>
			</trkpt>
			<trkpt lat="44.67463" lon="2.86576">
				<ele>1078.67</ele>
				<time>2026-05-28T15:51:12.994Z</time>
			</trkpt>
			<trkpt lat="44.67447" lon="2.86595">
				<ele>1079.84</ele>
				<time>2026-05-28T15:51:14.502Z</time>
			</trkpt>
			<trkpt lat="44.67441" lon="2.86606">
				<ele>1080.31</ele>
				<time>2026-05-28T15:51:15.211Z</time>
			</trkpt>
			<trkpt lat="44.67436" lon="2.86619">
				<ele>1079.99</ele>
				<time>2026-05-28T15:51:15.967Z</time>
			</trkpt>
			<trkpt lat="44.67432" lon="2.86647">
				<ele>1079.85</ele>
				<time>2026-05-28T15:51:17.426Z</time>
			</trkpt>
			<trkpt lat="44.67432" lon="2.86668">
				<ele>1080</ele>
				<time>2026-05-28T15:51:18.497Z</time>
			</trkpt>
			<trkpt lat="44.67434" lon="2.86686">
				<ele>1079.1</ele>
				<time>2026-05-28T15:51:19.426Z</time>
			</trkpt>
			<trkpt lat="44.67438" lon="2.86711">
				<ele>1078.59</ele>
				<time>2026-05-28T15:51:20.731Z</time>
			</trkpt>
			<trkpt lat="44.67448" lon="2.8675">
				<ele>1079.43</ele>
				<time>2026-05-28T15:51:22.839Z</time>
			</trkpt>
			<trkpt lat="44.67465" lon="2.86809">
				<ele>1081.68</ele>
				<time>2026-05-28T15:51:26.069Z</time>
			</trkpt>
			<trkpt lat="44.67558" lon="2.87084">
				<ele>1093.18</ele>
				<time>2026-05-28T15:51:41.394Z</time>
			</trkpt>
			<trkpt lat="44.67606" lon="2.87229">
				<ele>1099.21</ele>
				<time>2026-05-28T15:51:49.362Z</time>
			</trkpt>
			<trkpt lat="44.67618" lon="2.87273">
				<ele>1100.46</ele>
				<time>2026-05-28T15:51:51.699Z</time>
			</trkpt>
			<trkpt lat="44.67622" lon="2.87295">
				<ele>1101.06</ele>
				<time>2026-05-28T15:51:52.823Z</time>
			</trkpt>
			<trkpt lat="44.67628" lon="2.87345">
				<ele>1104.31</ele>
				<time>2026-05-28T15:51:55.330Z</time>
			</trkpt>
			<trkpt lat="44.67628" lon="2.87378">
				<ele>1106.6</ele>
				<time>2026-05-28T15:51:56.959Z</time>
			</trkpt>
			<trkpt lat="44.67621" lon="2.87443">
				<ele>1108.28</ele>
				<time>2026-05-28T15:52:00.196Z</time>
			</trkpt>
			<trkpt lat="44.6762" lon="2.8748">
				<ele>1109.21</ele>
				<time>2026-05-28T15:52:02.015Z</time>
			</trkpt>
			<trkpt lat="44.67621" lon="2.87505">
				<ele>1108.07</ele>
				<time>2026-05-28T15:52:03.244Z</time>
			</trkpt>
			<trkpt lat="44.6764" lon="2.87635">
				<ele>1109.27</ele>
				<time>2026-05-28T15:52:09.735Z</time>
			</trkpt>
			<trkpt lat="44.67656" lon="2.87741">
				<ele>1113.02</ele>
				<time>2026-05-28T15:52:15.007Z</time>
			</trkpt>
			<trkpt lat="44.67663" lon="2.87772">
				<ele>1113.54</ele>
				<time>2026-05-28T15:52:16.585Z</time>
			</trkpt>
			<trkpt lat="44.67672" lon="2.87798">
				<ele>1113.3</ele>
				<time>2026-05-28T15:52:17.986Z</time>
			</trkpt>
			<trkpt lat="44.67725" lon="2.8792">
				<ele>1119.35</ele>
				<time>2026-05-28T15:52:24.887Z</time>
			</trkpt>
			<trkpt lat="44.67765" lon="2.88016">
				<ele>1121.35</ele>
				<time>2026-05-28T15:52:30.230Z</time>
			</trkpt>
			<trkpt lat="44.67775" lon="2.88036">
				<ele>1122.2</ele>
				<time>2026-05-28T15:52:31.400Z</time>
			</trkpt>
			<trkpt lat="44.67795" lon="2.88067">
				<ele>1123.69</ele>
				<time>2026-05-28T15:52:33.402Z</time>
			</trkpt>
			<trkpt lat="44.67809" lon="2.88084">
				<ele>1124.34</ele>
				<time>2026-05-28T15:52:34.644Z</time>
			</trkpt>
			<trkpt lat="44.67917" lon="2.88202">
				<ele>1127.56</ele>
				<time>2026-05-28T15:52:43.785Z</time>
			</trkpt>
			<trkpt lat="44.67967" lon="2.88234">
				<ele>1132.87</ele>
				<time>2026-05-28T15:52:47.437Z</time>
			</trkpt>
			<trkpt lat="44.67977" lon="2.88246">
				<ele>1133.86</ele>
				<time>2026-05-28T15:52:48.309Z</time>
			</trkpt>
			<trkpt lat="44.67984" lon="2.88258">
				<ele>1134.61</ele>
				<time>2026-05-28T15:52:49.040Z</time>
			</trkpt>
			<trkpt lat="44.68" lon="2.88301">
				<ele>1136.03</ele>
				<time>2026-05-28T15:52:51.325Z</time>
			</trkpt>
			<trkpt lat="44.68008" lon="2.88332">
				<ele>1137.93</ele>
				<time>2026-05-28T15:52:52.875Z</time>
			</trkpt>
			<trkpt lat="44.68013" lon="2.88358">
				<ele>1139.88</ele>
				<time>2026-05-28T15:52:54.139Z</time>
			</trkpt>
			<trkpt lat="44.68016" lon="2.88385">
				<ele>1140.33</ele>
				<time>2026-05-28T15:52:55.421Z</time>
			</trkpt>
			<trkpt lat="44.68016" lon="2.88414">
				<ele>1141.29</ele>
				<time>2026-05-28T15:52:56.779Z</time>
			</trkpt>
			<trkpt lat="44.68011" lon="2.8845">
				<ele>1140.67</ele>
				<time>2026-05-28T15:52:58.494Z</time>
			</trkpt>
			<trkpt lat="44.68004" lon="2.88477">
				<ele>1139.88</ele>
				<time>2026-05-28T15:52:59.837Z</time>
			</trkpt>
			<trkpt lat="44.67994" lon="2.8851">
				<ele>1140.37</ele>
				<time>2026-05-28T15:53:01.510Z</time>
			</trkpt>
			<trkpt lat="44.6798" lon="2.88538">
				<ele>1141.76</ele>
				<time>2026-05-28T15:53:03.105Z</time>
			</trkpt>
			<trkpt lat="44.67963" lon="2.88559">
				<ele>1143.04</ele>
				<time>2026-05-28T15:53:04.585Z</time>
			</trkpt>
			<trkpt lat="44.67949" lon="2.88574">
				<ele>1144.11</ele>
				<time>2026-05-28T15:53:05.736Z</time>
			</trkpt>
			<trkpt lat="44.67909" lon="2.88606">
				<ele>1145.8</ele>
				<time>2026-05-28T15:53:08.738Z</time>
			</trkpt>
			<trkpt lat="44.67844" lon="2.88649">
				<ele>1149.16</ele>
				<time>2026-05-28T15:53:13.408Z</time>
			</trkpt>
			<trkpt lat="44.67833" lon="2.88659">
				<ele>1149.23</ele>
				<time>2026-05-28T15:53:14.258Z</time>
			</trkpt>
			<trkpt lat="44.67826" lon="2.88671">
				<ele>1149.01</ele>
				<time>2026-05-28T15:53:14.973Z</time>
			</trkpt>
			<trkpt lat="44.67818" lon="2.88692">
				<ele>1149.24</ele>
				<time>2026-05-28T15:53:16.071Z</time>
			</trkpt>
			<trkpt lat="44.67814" lon="2.8873">
				<ele>1150.13</ele>
				<time>2026-05-28T15:53:17.838Z</time>
			</trkpt>
			<trkpt lat="44.67808" lon="2.88769">
				<ele>1152.02</ele>
				<time>2026-05-28T15:53:19.670Z</time>
			</trkpt>
			<trkpt lat="44.67793" lon="2.88835">
				<ele>1151.24</ele>
				<time>2026-05-28T15:53:22.846Z</time>
			</trkpt>
			<trkpt lat="44.67792" lon="2.88859">
				<ele>1152.11</ele>
				<time>2026-05-28T15:53:23.946Z</time>
			</trkpt>
			<trkpt lat="44.67799" lon="2.88947">
				<ele>1155.71</ele>
				<time>2026-05-28T15:53:27.988Z</time>
			</trkpt>
			<trkpt lat="44.67805" lon="2.88993">
				<ele>1156.98</ele>
				<time>2026-05-28T15:53:30.117Z</time>
			</trkpt>
			<trkpt lat="44.67811" lon="2.89018">
				<ele>1157.97</ele>
				<time>2026-05-28T15:53:31.316Z</time>
			</trkpt>
			<trkpt lat="44.67819" lon="2.89042">
				<ele>1159.9</ele>
				<time>2026-05-28T15:53:32.520Z</time>
			</trkpt>
			<trkpt lat="44.67851" lon="2.89118">
				<ele>1163.01</ele>
				<time>2026-05-28T15:53:36.523Z</time>
			</trkpt>
			<trkpt lat="44.67865" lon="2.89156">
				<ele>1164.89</ele>
				<time>2026-05-28T15:53:38.457Z</time>
			</trkpt>
			<trkpt lat="44.67892" lon="2.89252">
				<ele>1165.9</ele>
				<time>2026-05-28T15:53:43.110Z</time>
			</trkpt>
			<trkpt lat="44.67898" lon="2.89297">
				<ele>1165.67</ele>
				<time>2026-05-28T15:53:45.168Z</time>
			</trkpt>
			<trkpt lat="44.67905" lon="2.89385">
				<ele>1166.13</ele>
				<time>2026-05-28T15:53:49.137Z</time>
			</trkpt>
			<trkpt lat="44.67928" lon="2.89521">
				<ele>1171.21</ele>
				<time>2026-05-28T15:53:55.377Z</time>
			</trkpt>
			<trkpt lat="44.67931" lon="2.89542">
				<ele>1172.23</ele>
				<time>2026-05-28T15:53:56.331Z</time>
			</trkpt>
			<trkpt lat="44.67931" lon="2.89581">
				<ele>1175.08</ele>
				<time>2026-05-28T15:53:58.064Z</time>
			</trkpt>
			<trkpt lat="44.67923" lon="2.8964">
				<ele>1177.28</ele>
				<time>2026-05-28T15:54:00.729Z</time>
			</trkpt>
			<trkpt lat="44.67911" lon="2.89677">
				<ele>1177.39</ele>
				<time>2026-05-28T15:54:02.530Z</time>
			</trkpt>
			<trkpt lat="44.67896" lon="2.8971">
				<ele>1176.52</ele>
				<time>2026-05-28T15:54:04.262Z</time>
			</trkpt>
			<trkpt lat="44.67886" lon="2.89735">
				<ele>1177.86</ele>
				<time>2026-05-28T15:54:05.529Z</time>
			</trkpt>
			<trkpt lat="44.67881" lon="2.89754">
				<ele>1179.75</ele>
				<time>2026-05-28T15:54:06.423Z</time>
			</trkpt>
			<trkpt lat="44.67855" lon="2.89888">
				<ele>1183.61</ele>
				<time>2026-05-28T15:54:12.534Z</time>
			</trkpt>
			<trkpt lat="44.67813" lon="2.90008">
				<ele>1184.33</ele>
				<time>2026-05-28T15:54:18.390Z</time>
			</trkpt>
			<trkpt lat="44.67791" lon="2.901">
				<ele>1188.71</ele>
				<time>2026-05-28T15:54:22.622Z</time>
			</trkpt>
			<trkpt lat="44.67783" lon="2.90126">
				<ele>1189.58</ele>
				<time>2026-05-28T15:54:23.854Z</time>
			</trkpt>
			<trkpt lat="44.67762" lon="2.90169">
				<ele>1190.5</ele>
				<time>2026-05-28T15:54:26.120Z</time>
			</trkpt>
			<trkpt lat="44.67717" lon="2.90237">
				<ele>1193.05</ele>
				<time>2026-05-28T15:54:30.145Z</time>
			</trkpt>
			<trkpt lat="44.677" lon="2.90268">
				<ele>1194.14</ele>
				<time>2026-05-28T15:54:31.837Z</time>
			</trkpt>
			<trkpt lat="44.67668" lon="2.90354">
				<ele>1197.52</ele>
				<time>2026-05-28T15:54:36.023Z</time>
			</trkpt>
			<trkpt lat="44.67648" lon="2.90398">
				<ele>1198.94</ele>
				<time>2026-05-28T15:54:38.269Z</time>
			</trkpt>
			<trkpt lat="44.67628" lon="2.90436">
				<ele>1199.85</ele>
				<time>2026-05-28T15:54:40.299Z</time>
			</trkpt>
			<trkpt lat="44.67596" lon="2.90488">
				<ele>1200.44</ele>
				<time>2026-05-28T15:54:43.246Z</time>
			</trkpt>
			<trkpt lat="44.6757" lon="2.90522">
				<ele>1202.08</ele>
				<time>2026-05-28T15:54:45.381Z</time>
			</trkpt>
			<trkpt lat="44.67537" lon="2.9056">
				<ele>1205.02</ele>
				<time>2026-05-28T15:54:47.942Z</time>
			</trkpt>
			<trkpt lat="44.67409" lon="2.90692">
				<ele>1206.36</ele>
				<time>2026-05-28T15:54:57.424Z</time>
			</trkpt>
			<trkpt lat="44.67379" lon="2.90732">
				<ele>1208.84</ele>
				<time>2026-05-28T15:54:59.883Z</time>
			</trkpt>
			<trkpt lat="44.67347" lon="2.90787">
				<ele>1209.97</ele>
				<time>2026-05-28T15:55:02.881Z</time>
			</trkpt>
			<trkpt lat="44.6734" lon="2.90801">
				<ele>1210.31</ele>
				<time>2026-05-28T15:55:03.602Z</time>
			</trkpt>
			<trkpt lat="44.67328" lon="2.90837">
				<ele>1212.34</ele>
				<time>2026-05-28T15:55:05.276Z</time>
			</trkpt>
			<trkpt lat="44.67325" lon="2.90866">
				<ele>1213.72</ele>
				<time>2026-05-28T15:55:06.508Z</time>
			</trkpt>
			<trkpt lat="44.67325" lon="2.90884">
				<ele>1214.02</ele>
				<time>2026-05-28T15:55:07.264Z</time>
			</trkpt>
			<trkpt lat="44.67329" lon="2.90908">
				<ele>1214.24</ele>
				<time>2026-05-28T15:55:08.299Z</time>
			</trkpt>
			<trkpt lat="44.67365" lon="2.91091">
				<ele>1217.93</ele>
				<time>2026-05-28T15:55:16.243Z</time>
			</trkpt>
			<trkpt lat="44.67373" lon="2.91122">
				<ele>1219.94</ele>
				<time>2026-05-28T15:55:17.618Z</time>
			</trkpt>
			<trkpt lat="44.67385" lon="2.9115">
				<ele>1222.34</ele>
				<time>2026-05-28T15:55:18.979Z</time>
			</trkpt>
			<trkpt lat="44.67414" lon="2.91198">
				<ele>1224.28</ele>
				<time>2026-05-28T15:55:21.598Z</time>
			</trkpt>
			<trkpt lat="44.6765" lon="2.9155">
				<ele>1234.07</ele>
				<time>2026-05-28T15:55:41.546Z</time>
			</trkpt>
			<trkpt lat="44.67667" lon="2.91569">
				<ele>1234.07</ele>
				<time>2026-05-28T15:55:42.795Z</time>
			</trkpt>
			<trkpt lat="44.67686" lon="2.9158">
				<ele>1235.22</ele>
				<time>2026-05-28T15:55:43.976Z</time>
			</trkpt>
			<trkpt lat="44.67694" lon="2.91583">
				<ele>1236.02</ele>
				<time>2026-05-28T15:55:44.452Z</time>
			</trkpt>
			<trkpt lat="44.67713" lon="2.91583">
				<ele>1237.35</ele>
				<time>2026-05-28T15:55:45.543Z</time>
			</trkpt>
			<trkpt lat="44.67834" lon="2.91572">
				<ele>1246.88</ele>
				<time>2026-05-28T15:55:52.485Z</time>
			</trkpt>
			<trkpt lat="44.67881" lon="2.91564">
				<ele>1249.09</ele>
				<time>2026-05-28T15:55:55.186Z</time>
			</trkpt>
			<trkpt lat="44.67928" lon="2.91551">
				<ele>1248.47</ele>
				<time>2026-05-28T15:55:57.914Z</time>
			</trkpt>
			<trkpt lat="44.68002" lon="2.91523">
				<ele>1253.19</ele>
				<time>2026-05-28T15:56:02.267Z</time>
			</trkpt>
			<trkpt lat="44.68027" lon="2.91524">
				<ele>1252.26</ele>
				<time>2026-05-28T15:56:03.685Z</time>
			</trkpt>
			<trkpt lat="44.68054" lon="2.91533">
				<ele>1250.59</ele>
				<time>2026-05-28T15:56:05.256Z</time>
			</trkpt>
			<trkpt lat="44.68076" lon="2.91548">
				<ele>1250.81</ele>
				<time>2026-05-28T15:56:06.639Z</time>
			</trkpt>
			<trkpt lat="44.68091" lon="2.91563">
				<ele>1252.34</ele>
				<time>2026-05-28T15:56:07.680Z</time>
			</trkpt>
			<trkpt lat="44.68105" lon="2.91582">
				<ele>1254.36</ele>
				<time>2026-05-28T15:56:08.779Z</time>
			</trkpt>
			<trkpt lat="44.68133" lon="2.91638">
				<ele>1257.36</ele>
				<time>2026-05-28T15:56:11.525Z</time>
			</trkpt>
			<trkpt lat="44.6824" lon="2.91871">
				<ele>1269.99</ele>
				<time>2026-05-28T15:56:22.599Z</time>
			</trkpt>
			<trkpt lat="44.68248" lon="2.91891">
				<ele>1270.57</ele>
				<time>2026-05-28T15:56:23.512Z</time>
			</trkpt>
			<trkpt lat="44.6826" lon="2.91927">
				<ele>1271.52</ele>
				<time>2026-05-28T15:56:25.092Z</time>
			</trkpt>
			<trkpt lat="44.68305" lon="2.9213">
				<ele>1273.2</ele>
				<time>2026-05-28T15:56:33.514Z</time>
			</trkpt>
			<trkpt lat="44.68314" lon="2.92182">
				<ele>1276.2</ele>
				<time>2026-05-28T15:56:35.627Z</time>
			</trkpt>
			<trkpt lat="44.68323" lon="2.9228">
				<ele>1279.32</ele>
				<time>2026-05-28T15:56:39.520Z</time>
			</trkpt>
			<trkpt lat="44.68324" lon="2.92333">
				<ele>1280.07</ele>
				<time>2026-05-28T15:56:41.605Z</time>
			</trkpt>
			<trkpt lat="44.68323" lon="2.92381">
				<ele>1280.68</ele>
				<time>2026-05-28T15:56:43.492Z</time>
			</trkpt>
			<trkpt lat="44.68317" lon="2.92445">
				<ele>1282.16</ele>
				<time>2026-05-28T15:56:46.024Z</time>
			</trkpt>
			<trkpt lat="44.68303" lon="2.9252">
				<ele>1284.14</ele>
				<time>2026-05-28T15:56:49.061Z</time>
			</trkpt>
			<trkpt lat="44.683" lon="2.92545">
				<ele>1284.83</ele>
				<time>2026-05-28T15:56:50.052Z</time>
			</trkpt>
			<trkpt lat="44.68297" lon="2.92638">
				<ele>1283.7</ele>
				<time>2026-05-28T15:56:53.689Z</time>
			</trkpt>
			<trkpt lat="44.6829" lon="2.92666">
				<ele>1284.96</ele>
				<time>2026-05-28T15:56:54.847Z</time>
			</trkpt>
			<trkpt lat="44.68221" lon="2.92812">
				<ele>1290.07</ele>
				<time>2026-05-28T15:57:01.669Z</time>
			</trkpt>
			<trkpt lat="44.68215" lon="2.92831">
				<ele>1291.25</ele>
				<time>2026-05-28T15:57:02.477Z</time>
			</trkpt>
			<trkpt lat="44.68202" lon="2.92886">
				<ele>1295.67</ele>
				<time>2026-05-28T15:57:04.725Z</time>
			</trkpt>
			<trkpt lat="44.6819" lon="2.92922">
				<ele>1298.6</ele>
				<time>2026-05-28T15:57:06.266Z</time>
			</trkpt>
			<trkpt lat="44.68173" lon="2.92964">
				<ele>1300.1</ele>
				<time>2026-05-28T15:57:08.138Z</time>
			</trkpt>
			<trkpt lat="44.68155" lon="2.92996">
				<ele>1300.86</ele>
				<time>2026-05-28T15:57:09.716Z</time>
			</trkpt>
			<trkpt lat="44.68141" lon="2.93015">
				<ele>1302.08</ele>
				<time>2026-05-28T15:57:10.774Z</time>
			</trkpt>
			<trkpt lat="44.68085" lon="2.9308">
				<ele>1302.9</ele>
				<time>2026-05-28T15:57:14.716Z</time>
			</trkpt>
			<trkpt lat="44.68066" lon="2.93098">
				<ele>1301.81</ele>
				<time>2026-05-28T15:57:15.958Z</time>
			</trkpt>
			<trkpt lat="44.68053" lon="2.93104">
				<ele>1300.81</ele>
				<time>2026-05-28T15:57:16.700Z</time>
			</trkpt>
			<trkpt lat="44.68018" lon="2.93108">
				<ele>1298.26</ele>
				<time>2026-05-28T15:57:18.601Z</time>
			</trkpt>
			<trkpt lat="44.67891" lon="2.9311">
				<ele>1299.96</ele>
				<time>2026-05-28T15:57:25.464Z</time>
			</trkpt>
			<trkpt lat="44.67874" lon="2.93112">
				<ele>1301.52</ele>
				<time>2026-05-28T15:57:26.384Z</time>
			</trkpt>
			<trkpt lat="44.67787" lon="2.93132">
				<ele>1305.15</ele>
				<time>2026-05-28T15:57:31.131Z</time>
			</trkpt>
			<trkpt lat="44.67699" lon="2.93148">
				<ele>1305.74</ele>
				<time>2026-05-28T15:57:35.897Z</time>
			</trkpt>
			<trkpt lat="44.67687" lon="2.93149">
				<ele>1306.05</ele>
				<time>2026-05-28T15:57:36.542Z</time>
			</trkpt>
			<trkpt lat="44.67675" lon="2.93147">
				<ele>1306.49</ele>
				<time>2026-05-28T15:57:37.190Z</time>
			</trkpt>
			<trkpt lat="44.67652" lon="2.93134">
				<ele>1307.15</ele>
				<time>2026-05-28T15:57:38.519Z</time>
			</trkpt>
			<trkpt lat="44.67576" lon="2.93064">
				<ele>1309.51</ele>
				<time>2026-05-28T15:57:43.383Z</time>
			</trkpt>
			<trkpt lat="44.67496" lon="2.9298">
				<ele>1301.8</ele>
				<time>2026-05-28T15:57:48.715Z</time>
			</trkpt>
			<trkpt lat="44.6737" lon="2.92884">
				<ele>1305.31</ele>
				<time>2026-05-28T15:57:56.347Z</time>
			</trkpt>
			<trkpt lat="44.67335" lon="2.9286">
				<ele>1302.19</ele>
				<time>2026-05-28T15:57:58.417Z</time>
			</trkpt>
			<trkpt lat="44.67246" lon="2.92807">
				<ele>1304</ele>
				<time>2026-05-28T15:58:03.546Z</time>
			</trkpt>
			<trkpt lat="44.67232" lon="2.92801">
				<ele>1303.93</ele>
				<time>2026-05-28T15:58:04.322Z</time>
			</trkpt>
			<trkpt lat="44.67208" lon="2.92798">
				<ele>1304</ele>
				<time>2026-05-28T15:58:05.599Z</time>
			</trkpt>
			<trkpt lat="44.67184" lon="2.92804">
				<ele>1304</ele>
				<time>2026-05-28T15:58:06.890Z</time>
			</trkpt>
			<trkpt lat="44.67111" lon="2.92834">
				<ele>1305.02</ele>
				<time>2026-05-28T15:58:10.913Z</time>
			</trkpt>
			<trkpt lat="44.67091" lon="2.92843">
				<ele>1306.25</ele>
				<time>2026-05-28T15:58:12.023Z</time>
			</trkpt>
			<trkpt lat="44.67063" lon="2.92866">
				<ele>1306.59</ele>
				<time>2026-05-28T15:58:13.736Z</time>
			</trkpt>
			<trkpt lat="44.67035" lon="2.929">
				<ele>1306.83</ele>
				<time>2026-05-28T15:58:15.690Z</time>
			</trkpt>
			<trkpt lat="44.67019" lon="2.92929">
				<ele>1309.14</ele>
				<time>2026-05-28T15:58:17.067Z</time>
			</trkpt>
			<trkpt lat="44.67007" lon="2.92958">
				<ele>1310.05</ele>
				<time>2026-05-28T15:58:18.325Z</time>
			</trkpt>
			<trkpt lat="44.66987" lon="2.93012">
				<ele>1310.92</ele>
				<time>2026-05-28T15:58:20.607Z</time>
			</trkpt>
			<trkpt lat="44.6698" lon="2.93036">
				<ele>1313.15</ele>
				<time>2026-05-28T15:58:21.579Z</time>
			</trkpt>
			<trkpt lat="44.66968" lon="2.93103">
				<ele>1315.49</ele>
				<time>2026-05-28T15:58:24.165Z</time>
			</trkpt>
			<trkpt lat="44.6696" lon="2.93131">
				<ele>1316.68</ele>
				<time>2026-05-28T15:58:25.294Z</time>
			</trkpt>
			<trkpt lat="44.66921" lon="2.93211">
				<ele>1321.84</ele>
				<time>2026-05-28T15:58:28.921Z</time>
			</trkpt>
			<trkpt lat="44.66875" lon="2.93337">
				<ele>1324.88</ele>
				<time>2026-05-28T15:58:34.208Z</time>
			</trkpt>
			<trkpt lat="44.66859" lon="2.93368">
				<ele>1328.34</ele>
				<time>2026-05-28T15:58:35.637Z</time>
			</trkpt>
			<trkpt lat="44.66849" lon="2.93382">
				<ele>1329.55</ele>
				<time>2026-05-28T15:58:36.377Z</time>
			</trkpt>
			<trkpt lat="44.66771" lon="2.9347">
				<ele>1330.67</ele>
				<time>2026-05-28T15:58:41.615Z</time>
			</trkpt>
			<trkpt lat="44.66737" lon="2.93502">
				<ele>1333.27</ele>
				<time>2026-05-28T15:58:43.756Z</time>
			</trkpt>
			<trkpt lat="44.66707" lon="2.93522">
				<ele>1335.98</ele>
				<time>2026-05-28T15:58:45.492Z</time>
			</trkpt>
			<trkpt lat="44.6654" lon="2.93599">
				<ele>1348.85</ele>
				<time>2026-05-28T15:58:54.672Z</time>
			</trkpt>
			<trkpt lat="44.66506" lon="2.93617">
				<ele>1349.57</ele>
				<time>2026-05-28T15:58:56.567Z</time>
			</trkpt>
			<trkpt lat="44.66416" lon="2.93686">
				<ele>1350.27</ele>
				<time>2026-05-28T15:59:01.909Z</time>
			</trkpt>
			<trkpt lat="44.66402" lon="2.93701">
				<ele>1349.01</ele>
				<time>2026-05-28T15:59:02.826Z</time>
			</trkpt>
			<trkpt lat="44.66387" lon="2.93723">
				<ele>1347.99</ele>
				<time>2026-05-28T15:59:03.955Z</time>
			</trkpt>
			<trkpt lat="44.66129" lon="2.94184">
				<ele>1355.64</ele>
				<time>2026-05-28T15:59:25.639Z</time>
			</trkpt>
			<trkpt lat="44.66112" lon="2.94218">
				<ele>1356</ele>
				<time>2026-05-28T15:59:27.172Z</time>
			</trkpt>
			<trkpt lat="44.66031" lon="2.94449">
				<ele>1356.97</ele>
				<time>2026-05-28T15:59:36.671Z</time>
			</trkpt>
			<trkpt lat="44.66023" lon="2.94479">
				<ele>1357.41</ele>
				<time>2026-05-28T15:59:37.852Z</time>
			</trkpt>
			<trkpt lat="44.66016" lon="2.94503">
				<ele>1358.36</ele>
				<time>2026-05-28T15:59:38.809Z</time>
			</trkpt>
			<trkpt lat="44.66012" lon="2.94532">
				<ele>1358.65</ele>
				<time>2026-05-28T15:59:39.897Z</time>
			</trkpt>
			<trkpt lat="44.66009" lon="2.94603">
				<ele>1358.38</ele>
				<time>2026-05-28T15:59:42.519Z</time>
			</trkpt>
			<trkpt lat="44.66005" lon="2.94638">
				<ele>1359.78</ele>
				<time>2026-05-28T15:59:43.825Z</time>
			</trkpt>
			<trkpt lat="44.65997" lon="2.94661">
				<ele>1360.72</ele>
				<time>2026-05-28T15:59:44.768Z</time>
			</trkpt>
			<trkpt lat="44.65989" lon="2.94675">
				<ele>1360.24</ele>
				<time>2026-05-28T15:59:45.430Z</time>
			</trkpt>
			<trkpt lat="44.65973" lon="2.9469">
				<ele>1359.95</ele>
				<time>2026-05-28T15:59:46.426Z</time>
			</trkpt>
			<trkpt lat="44.6596" lon="2.94696">
				<ele>1358.94</ele>
				<time>2026-05-28T15:59:47.135Z</time>
			</trkpt>
			<trkpt lat="44.65908" lon="2.94695">
				<ele>1355.6</ele>
				<time>2026-05-28T15:59:49.829Z</time>
			</trkpt>
			<trkpt lat="44.65891" lon="2.94699">
				<ele>1354.55</ele>
				<time>2026-05-28T15:59:50.721Z</time>
			</trkpt>
			<trkpt lat="44.65875" lon="2.94706">
				<ele>1352.68</ele>
				<time>2026-05-28T15:59:51.589Z</time>
			</trkpt>
			<trkpt lat="44.65862" lon="2.94717">
				<ele>1350.64</ele>
				<time>2026-05-28T15:59:52.375Z</time>
			</trkpt>
			<trkpt lat="44.65851" lon="2.94729">
				<ele>1349.73</ele>
				<time>2026-05-28T15:59:53.096Z</time>
			</trkpt>
			<trkpt lat="44.65842" lon="2.94744">
				<ele>1349.19</ele>
				<time>2026-05-28T15:59:53.819Z</time>
			</trkpt>
			<trkpt lat="44.6583" lon="2.94773">
				<ele>1347.33</ele>
				<time>2026-05-28T15:59:55.055Z</time>
			</trkpt>
			<trkpt lat="44.65826" lon="2.94792">
				<ele>1346.07</ele>
				<time>2026-05-28T15:59:55.785Z</time>
			</trkpt>
			<trkpt lat="44.65823" lon="2.9482">
				<ele>1344.27</ele>
				<time>2026-05-28T15:59:56.828Z</time>
			</trkpt>
			<trkpt lat="44.65824" lon="2.94837">
				<ele>1343.28</ele>
				<time>2026-05-28T15:59:57.456Z</time>
			</trkpt>
			<trkpt lat="44.65827" lon="2.94859">
				<ele>1343.01</ele>
				<time>2026-05-28T15:59:58.281Z</time>
			</trkpt>
			<trkpt lat="44.6584" lon="2.94915">
				<ele>1343.44</ele>
				<time>2026-05-28T16:00:00.451Z</time>
			</trkpt>
			<trkpt lat="44.65843" lon="2.94935">
				<ele>1343.52</ele>
				<time>2026-05-28T16:00:01.204Z</time>
			</trkpt>
			<trkpt lat="44.65843" lon="2.94953">
				<ele>1342.54</ele>
				<time>2026-05-28T16:00:01.867Z</time>
			</trkpt>
			<trkpt lat="44.65836" lon="2.94984">
				<ele>1339.43</ele>
				<time>2026-05-28T16:00:03.065Z</time>
			</trkpt>
			<trkpt lat="44.65816" lon="2.9503">
				<ele>1338.12</ele>
				<time>2026-05-28T16:00:05.051Z</time>
			</trkpt>
			<trkpt lat="44.65788" lon="2.95091">
				<ele>1336.97</ele>
				<time>2026-05-28T16:00:07.725Z</time>
			</trkpt>
			<trkpt lat="44.65776" lon="2.95107">
				<ele>1336.01</ele>
				<time>2026-05-28T16:00:08.582Z</time>
			</trkpt>
			<trkpt lat="44.65765" lon="2.95117">
				<ele>1334.95</ele>
				<time>2026-05-28T16:00:09.260Z</time>
			</trkpt>
			<trkpt lat="44.6575" lon="2.95126">
				<ele>1334.05</ele>
				<time>2026-05-28T16:00:10.105Z</time>
			</trkpt>
			<trkpt lat="44.65715" lon="2.95139">
				<ele>1329.72</ele>
				<time>2026-05-28T16:00:11.980Z</time>
			</trkpt>
			<trkpt lat="44.65705" lon="2.95146">
				<ele>1328.94</ele>
				<time>2026-05-28T16:00:12.558Z</time>
			</trkpt>
			<trkpt lat="44.65688" lon="2.95172">
				<ele>1326.19</ele>
				<time>2026-05-28T16:00:13.860Z</time>
			</trkpt>
			<trkpt lat="44.65682" lon="2.9519">
				<ele>1324.77</ele>
				<time>2026-05-28T16:00:14.592Z</time>
			</trkpt>
			<trkpt lat="44.65679" lon="2.95215">
				<ele>1324.11</ele>
				<time>2026-05-28T16:00:15.527Z</time>
			</trkpt>
			<trkpt lat="44.65685" lon="2.95362">
				<ele>1325.36</ele>
				<time>2026-05-28T16:00:20.954Z</time>
			</trkpt>
			<trkpt lat="44.65685" lon="2.95393">
				<ele>1325.89</ele>
				<time>2026-05-28T16:00:22.097Z</time>
			</trkpt>
			<trkpt lat="44.65653" lon="2.95674">
				<ele>1327.05</ele>
				<time>2026-05-28T16:00:32.594Z</time>
			</trkpt>
			<trkpt lat="44.65647" lon="2.95716">
				<ele>1330.47</ele>
				<time>2026-05-28T16:00:34.176Z</time>
			</trkpt>
			<trkpt lat="44.65643" lon="2.95733">
				<ele>1331.34</ele>
				<time>2026-05-28T16:00:34.837Z</time>
			</trkpt>
			<trkpt lat="44.65636" lon="2.95751">
				<ele>1331.77</ele>
				<time>2026-05-28T16:00:35.594Z</time>
			</trkpt>
			<trkpt lat="44.65617" lon="2.95781">
				<ele>1331.83</ele>
				<time>2026-05-28T16:00:37.077Z</time>
			</trkpt>
			<trkpt lat="44.65593" lon="2.95801">
				<ele>1333.53</ele>
				<time>2026-05-28T16:00:38.526Z</time>
			</trkpt>
			<trkpt lat="44.6554" lon="2.95822">
				<ele>1338.54</ele>
				<time>2026-05-28T16:00:41.386Z</time>
			</trkpt>
			<trkpt lat="44.65516" lon="2.95837">
				<ele>1341.93</ele>
				<time>2026-05-28T16:00:42.751Z</time>
			</trkpt>
			<trkpt lat="44.65506" lon="2.95848">
				<ele>1343.48</ele>
				<time>2026-05-28T16:00:43.410Z</time>
			</trkpt>
			<trkpt lat="44.65494" lon="2.95865">
				<ele>1344.74</ele>
				<time>2026-05-28T16:00:44.296Z</time>
			</trkpt>
			<trkpt lat="44.65487" lon="2.9588">
				<ele>1344.44</ele>
				<time>2026-05-28T16:00:44.959Z</time>
			</trkpt>
			<trkpt lat="44.65481" lon="2.95897">
				<ele>1343.98</ele>
				<time>2026-05-28T16:00:45.661Z</time>
			</trkpt>
			<trkpt lat="44.65474" lon="2.95934">
				<ele>1343.9</ele>
				<time>2026-05-28T16:00:47.077Z</time>
			</trkpt>
			<trkpt lat="44.65456" lon="2.96168">
				<ele>1350.25</ele>
				<time>2026-05-28T16:00:55.790Z</time>
			</trkpt>
			<trkpt lat="44.65446" lon="2.96311">
				<ele>1355.13</ele>
				<time>2026-05-28T16:01:01.116Z</time>
			</trkpt>
			<trkpt lat="44.65442" lon="2.96341">
				<ele>1355.21</ele>
				<time>2026-05-28T16:01:02.248Z</time>
			</trkpt>
			<trkpt lat="44.65438" lon="2.96358">
				<ele>1355.69</ele>
				<time>2026-05-28T16:01:02.913Z</time>
			</trkpt>
			<trkpt lat="44.65429" lon="2.96377">
				<ele>1356.36</ele>
				<time>2026-05-28T16:01:03.760Z</time>
			</trkpt>
			<trkpt lat="44.65415" lon="2.96397">
				<ele>1357.28</ele>
				<time>2026-05-28T16:01:04.801Z</time>
			</trkpt>
			<trkpt lat="44.65272" lon="2.96563">
				<ele>1365.07</ele>
				<time>2026-05-28T16:01:14.490Z</time>
			</trkpt>
			<trkpt lat="44.65251" lon="2.96588">
				<ele>1368.33</ele>
				<time>2026-05-28T16:01:15.930Z</time>
			</trkpt>
			<trkpt lat="44.6512" lon="2.96708">
				<ele>1369.34</ele>
				<time>2026-05-28T16:01:24.122Z</time>
			</trkpt>
			<trkpt lat="44.65065" lon="2.96762">
				<ele>1373.46</ele>
				<time>2026-05-28T16:01:27.643Z</time>
			</trkpt>
			<trkpt lat="44.64961" lon="2.96883">
				<ele>1375.06</ele>
				<time>2026-05-28T16:01:34.740Z</time>
			</trkpt>
			<trkpt lat="44.64882" lon="2.96952">
				<ele>1370.9</ele>
				<time>2026-05-28T16:01:39.639Z</time>
			</trkpt>
			<trkpt lat="44.64872" lon="2.96965">
				<ele>1370.24</ele>
				<time>2026-05-28T16:01:40.357Z</time>
			</trkpt>
			<trkpt lat="44.64865" lon="2.96981">
				<ele>1369.13</ele>
				<time>2026-05-28T16:01:41.061Z</time>
			</trkpt>
			<trkpt lat="44.64852" lon="2.97018">
				<ele>1367.28</ele>
				<time>2026-05-28T16:01:42.610Z</time>
			</trkpt>
			<trkpt lat="44.64838" lon="2.97046">
				<ele>1366.91</ele>
				<time>2026-05-28T16:01:43.895Z</time>
			</trkpt>
			<trkpt lat="44.64732" lon="2.97213">
				<ele>1366.81</ele>
				<time>2026-05-28T16:01:52.315Z</time>
			</trkpt>
			<trkpt lat="44.64718" lon="2.97227">
				<ele>1367.33</ele>
				<time>2026-05-28T16:01:53.225Z</time>
			</trkpt>
			<trkpt lat="44.64657" lon="2.97247">
				<ele>1364.81</ele>
				<time>2026-05-28T16:01:56.546Z</time>
			</trkpt>
			<trkpt lat="44.6464" lon="2.97253">
				<ele>1364.64</ele>
				<time>2026-05-28T16:01:57.476Z</time>
			</trkpt>
			<trkpt lat="44.64624" lon="2.97264">
				<ele>1364.23</ele>
				<time>2026-05-28T16:01:58.421Z</time>
			</trkpt>
			<trkpt lat="44.64583" lon="2.97306">
				<ele>1363.98</ele>
				<time>2026-05-28T16:02:01.116Z</time>
			</trkpt>
			<trkpt lat="44.64553" lon="2.9732">
				<ele>1361.16</ele>
				<time>2026-05-28T16:02:02.797Z</time>
			</trkpt>
			<trkpt lat="44.64527" lon="2.97329">
				<ele>1356.65</ele>
				<time>2026-05-28T16:02:04.221Z</time>
			</trkpt>
			<trkpt lat="44.645" lon="2.97342">
				<ele>1354.09</ele>
				<time>2026-05-28T16:02:05.741Z</time>
			</trkpt>
			<trkpt lat="44.64483" lon="2.97358">
				<ele>1355.1</ele>
				<time>2026-05-28T16:02:06.831Z</time>
			</trkpt>
			<trkpt lat="44.64463" lon="2.97385">
				<ele>1355.71</ele>
				<time>2026-05-28T16:02:08.309Z</time>
			</trkpt>
			<trkpt lat="44.64382" lon="2.975">
				<ele>1348.52</ele>
				<time>2026-05-28T16:02:14.455Z</time>
			</trkpt>
			<trkpt lat="44.64368" lon="2.97527">
				<ele>1347.55</ele>
				<time>2026-05-28T16:02:15.726Z</time>
			</trkpt>
			<trkpt lat="44.64337" lon="2.976">
				<ele>1340.16</ele>
				<time>2026-05-28T16:02:18.964Z</time>
			</trkpt>
			<trkpt lat="44.64324" lon="2.97626">
				<ele>1339.32</ele>
				<time>2026-05-28T16:02:20.176Z</time>
			</trkpt>
			<trkpt lat="44.64307" lon="2.97649">
				<ele>1340.66</ele>
				<time>2026-05-28T16:02:21.441Z</time>
			</trkpt>
			<trkpt lat="44.64291" lon="2.97667">
				<ele>1343.06</ele>
				<time>2026-05-28T16:02:22.540Z</time>
			</trkpt>
			<trkpt lat="44.64273" lon="2.9768">
				<ele>1344.83</ele>
				<time>2026-05-28T16:02:23.626Z</time>
			</trkpt>
			<trkpt lat="44.64251" lon="2.97692">
				<ele>1346.81</ele>
				<time>2026-05-28T16:02:24.894Z</time>
			</trkpt>
			<trkpt lat="44.64192" lon="2.97715">
				<ele>1348.49</ele>
				<time>2026-05-28T16:02:28.186Z</time>
			</trkpt>
			<trkpt lat="44.64168" lon="2.97727">
				<ele>1348.26</ele>
				<time>2026-05-28T16:02:29.557Z</time>
			</trkpt>
			<trkpt lat="44.64147" lon="2.97742">
				<ele>1346.27</ele>
				<time>2026-05-28T16:02:30.825Z</time>
			</trkpt>
			<trkpt lat="44.64086" lon="2.97807">
				<ele>1346.63</ele>
				<time>2026-05-28T16:02:34.954Z</time>
			</trkpt>
			<trkpt lat="44.64069" lon="2.97822">
				<ele>1347.32</ele>
				<time>2026-05-28T16:02:36.038Z</time>
			</trkpt>
			<trkpt lat="44.6405" lon="2.97837">
				<ele>1347.61</ele>
				<time>2026-05-28T16:02:37.216Z</time>
			</trkpt>
			<trkpt lat="44.64007" lon="2.97863">
				<ele>1346.91</ele>
				<time>2026-05-28T16:02:39.748Z</time>
			</trkpt>
			<trkpt lat="44.63978" lon="2.97878">
				<ele>1348.78</ele>
				<time>2026-05-28T16:02:41.421Z</time>
			</trkpt>
			<trkpt lat="44.63949" lon="2.97887">
				<ele>1349.87</ele>
				<time>2026-05-28T16:02:43.030Z</time>
			</trkpt>
			<trkpt lat="44.6382" lon="2.97885">
				<ele>1347.01</ele>
				<time>2026-05-28T16:02:50.038Z</time>
			</trkpt>
			<trkpt lat="44.63796" lon="2.97889">
				<ele>1347.34</ele>
				<time>2026-05-28T16:02:51.354Z</time>
			</trkpt>
			<trkpt lat="44.63736" lon="2.97907">
				<ele>1343.87</ele>
				<time>2026-05-28T16:02:54.699Z</time>
			</trkpt>
			<trkpt lat="44.6368" lon="2.97916">
				<ele>1342.46</ele>
				<time>2026-05-28T16:02:57.777Z</time>
			</trkpt>
			<trkpt lat="44.63659" lon="2.97921">
				<ele>1341.54</ele>
				<time>2026-05-28T16:02:58.941Z</time>
			</trkpt>
			<trkpt lat="44.63643" lon="2.97928">
				<ele>1341.98</ele>
				<time>2026-05-28T16:02:59.858Z</time>
			</trkpt>
			<trkpt lat="44.63629" lon="2.97941">
				<ele>1342.94</ele>
				<time>2026-05-28T16:03:00.777Z</time>
			</trkpt>
			<trkpt lat="44.63618" lon="2.97956">
				<ele>1343.38</ele>
				<time>2026-05-28T16:03:01.616Z</time>
			</trkpt>
			<trkpt lat="44.63598" lon="2.97991">
				<ele>1343.62</ele>
				<time>2026-05-28T16:03:03.367Z</time>
			</trkpt>
			<trkpt lat="44.63589" lon="2.98002">
				<ele>1343.65</ele>
				<time>2026-05-28T16:03:04.021Z</time>
			</trkpt>
			<trkpt lat="44.63577" lon="2.98012">
				<ele>1344.74</ele>
				<time>2026-05-28T16:03:04.786Z</time>
			</trkpt>
			<trkpt lat="44.63566" lon="2.98015">
				<ele>1345.89</ele>
				<time>2026-05-28T16:03:05.402Z</time>
			</trkpt>
			<trkpt lat="44.63552" lon="2.98015">
				<ele>1347.17</ele>
				<time>2026-05-28T16:03:06.170Z</time>
			</trkpt>
			<trkpt lat="44.63541" lon="2.9801">
				<ele>1348.47</ele>
				<time>2026-05-28T16:03:06.805Z</time>
			</trkpt>
			<trkpt lat="44.6353" lon="2.98001">
				<ele>1349.67</ele>
				<time>2026-05-28T16:03:07.505Z</time>
			</trkpt>
			<trkpt lat="44.63503" lon="2.97963">
				<ele>1349.51</ele>
				<time>2026-05-28T16:03:09.607Z</time>
			</trkpt>
			<trkpt lat="44.63463" lon="2.9785">
				<ele>1352.59</ele>
				<time>2026-05-28T16:03:14.557Z</time>
			</trkpt>
			<trkpt lat="44.63449" lon="2.97824">
				<ele>1355.35</ele>
				<time>2026-05-28T16:03:15.838Z</time>
			</trkpt>
			<trkpt lat="44.63432" lon="2.97809">
				<ele>1356.43</ele>
				<time>2026-05-28T16:03:16.948Z</time>
			</trkpt>
			<trkpt lat="44.63413" lon="2.978">
				<ele>1357.36</ele>
				<time>2026-05-28T16:03:18.057Z</time>
			</trkpt>
			<trkpt lat="44.63383" lon="2.97802">
				<ele>1355.37</ele>
				<time>2026-05-28T16:03:19.719Z</time>
			</trkpt>
			<trkpt lat="44.63328" lon="2.97817">
				<ele>1354.84</ele>
				<time>2026-05-28T16:03:22.825Z</time>
			</trkpt>
			<trkpt lat="44.63283" lon="2.97823">
				<ele>1353.16</ele>
				<time>2026-05-28T16:03:25.335Z</time>
			</trkpt>
			<trkpt lat="44.63234" lon="2.9784">
				<ele>1351.79</ele>
				<time>2026-05-28T16:03:28.142Z</time>
			</trkpt>
			<trkpt lat="44.63107" lon="2.97878">
				<ele>1357.28</ele>
				<time>2026-05-28T16:03:35.387Z</time>
			</trkpt>
			<trkpt lat="44.63012" lon="2.97896">
				<ele>1358</ele>
				<time>2026-05-28T16:03:40.759Z</time>
			</trkpt>
			<trkpt lat="44.6299" lon="2.97904">
				<ele>1357.49</ele>
				<time>2026-05-28T16:03:42.035Z</time>
			</trkpt>
			<trkpt lat="44.62921" lon="2.97954">
				<ele>1355.07</ele>
				<time>2026-05-28T16:03:46.402Z</time>
			</trkpt>
			<trkpt lat="44.62894" lon="2.97969">
				<ele>1355.72</ele>
				<time>2026-05-28T16:03:48.039Z</time>
			</trkpt>
			<trkpt lat="44.62698" lon="2.98051">
				<ele>1338.39</ele>
				<time>2026-05-28T16:03:59.620Z</time>
			</trkpt>
			<trkpt lat="44.62676" lon="2.98068">
				<ele>1337.19</ele>
				<time>2026-05-28T16:04:01.048Z</time>
			</trkpt>
			<trkpt lat="44.6257" lon="2.98215">
				<ele>1335.96</ele>
				<time>2026-05-28T16:04:09.550Z</time>
			</trkpt>
			<trkpt lat="44.62555" lon="2.98236">
				<ele>1334.93</ele>
				<time>2026-05-28T16:04:10.763Z</time>
			</trkpt>
			<trkpt lat="44.62542" lon="2.98261">
				<ele>1334.08</ele>
				<time>2026-05-28T16:04:12.026Z</time>
			</trkpt>
			<trkpt lat="44.62538" lon="2.98274">
				<ele>1333.74</ele>
				<time>2026-05-28T16:04:12.604Z</time>
			</trkpt>
			<trkpt lat="44.62534" lon="2.98307">
				<ele>1332.75</ele>
				<time>2026-05-28T16:04:13.972Z</time>
			</trkpt>
			<trkpt lat="44.62525" lon="2.98443">
				<ele>1333.22</ele>
				<time>2026-05-28T16:04:19.567Z</time>
			</trkpt>
			<trkpt lat="44.62525" lon="2.98473">
				<ele>1331.34</ele>
				<time>2026-05-28T16:04:20.799Z</time>
			</trkpt>
			<trkpt lat="44.62528" lon="2.98505">
				<ele>1329.68</ele>
				<time>2026-05-28T16:04:22.126Z</time>
			</trkpt>
			<trkpt lat="44.62533" lon="2.98532">
				<ele>1327.51</ele>
				<time>2026-05-28T16:04:23.273Z</time>
			</trkpt>
			<trkpt lat="44.62541" lon="2.98559">
				<ele>1324.73</ele>
				<time>2026-05-28T16:04:24.478Z</time>
			</trkpt>
			<trkpt lat="44.62568" lon="2.9863">
				<ele>1320.99</ele>
				<time>2026-05-28T16:04:27.798Z</time>
			</trkpt>
			<trkpt lat="44.62579" lon="2.98653">
				<ele>1320.7</ele>
				<time>2026-05-28T16:04:28.943Z</time>
			</trkpt>
			<trkpt lat="44.62584" lon="2.98673">
				<ele>1319.41</ele>
				<time>2026-05-28T16:04:29.819Z</time>
			</trkpt>
			<trkpt lat="44.62582" lon="2.98702">
				<ele>1315.91</ele>
				<time>2026-05-28T16:04:31.025Z</time>
			</trkpt>
			<trkpt lat="44.62597" lon="2.98731">
				<ele>1314.71</ele>
				<time>2026-05-28T16:04:32.509Z</time>
			</trkpt>
			<trkpt lat="44.62603" lon="2.98745">
				<ele>1314.25</ele>
				<time>2026-05-28T16:04:33.186Z</time>
			</trkpt>
			<trkpt lat="44.62609" lon="2.98771">
				<ele>1314.71</ele>
				<time>2026-05-28T16:04:34.317Z</time>
			</trkpt>
			<trkpt lat="44.62618" lon="2.98843">
				<ele>1314.65</ele>
				<time>2026-05-28T16:04:37.339Z</time>
			</trkpt>
			<trkpt lat="44.62617" lon="2.98858">
				<ele>1314.06</ele>
				<time>2026-05-28T16:04:37.962Z</time>
			</trkpt>
			<trkpt lat="44.62611" lon="2.98898">
				<ele>1315.05</ele>
				<time>2026-05-28T16:04:39.649Z</time>
			</trkpt>
			<trkpt lat="44.62593" lon="2.98954">
				<ele>1316.42</ele>
				<time>2026-05-28T16:04:42.184Z</time>
			</trkpt>
			<trkpt lat="44.62589" lon="2.98975">
				<ele>1315.95</ele>
				<time>2026-05-28T16:04:43.080Z</time>
			</trkpt>
			<trkpt lat="44.62591" lon="2.98998">
				<ele>1316.82</ele>
				<time>2026-05-28T16:04:44.035Z</time>
			</trkpt>
			<trkpt lat="44.62596" lon="2.99017">
				<ele>1317.4</ele>
				<time>2026-05-28T16:04:44.870Z</time>
			</trkpt>
			<trkpt lat="44.62609" lon="2.99054">
				<ele>1319.78</ele>
				<time>2026-05-28T16:04:46.568Z</time>
			</trkpt>
			<trkpt lat="44.62617" lon="2.99081">
				<ele>1321.6</ele>
				<time>2026-05-28T16:04:47.772Z</time>
			</trkpt>
			<trkpt lat="44.6262" lon="2.99105">
				<ele>1321.76</ele>
				<time>2026-05-28T16:04:48.774Z</time>
			</trkpt>
			<trkpt lat="44.6262" lon="2.99125">
				<ele>1321.29</ele>
				<time>2026-05-28T16:04:49.597Z</time>
			</trkpt>
			<trkpt lat="44.62614" lon="2.99147">
				<ele>1320.92</ele>
				<time>2026-05-28T16:04:50.565Z</time>
			</trkpt>
			<trkpt lat="44.62605" lon="2.99171">
				<ele>1321.78</ele>
				<time>2026-05-28T16:04:51.680Z</time>
			</trkpt>
			<trkpt lat="44.6259" lon="2.99193">
				<ele>1321.91</ele>
				<time>2026-05-28T16:04:52.931Z</time>
			</trkpt>
			<trkpt lat="44.62533" lon="2.99265">
				<ele>1322.56</ele>
				<time>2026-05-28T16:04:57.351Z</time>
			</trkpt>
			<trkpt lat="44.6251" lon="2.99288">
				<ele>1322.24</ele>
				<time>2026-05-28T16:04:58.977Z</time>
			</trkpt>
			<trkpt lat="44.62493" lon="2.99301">
				<ele>1322.04</ele>
				<time>2026-05-28T16:05:00.092Z</time>
			</trkpt>
			<trkpt lat="44.62454" lon="2.99326">
				<ele>1323.83</ele>
				<time>2026-05-28T16:05:02.559Z</time>
			</trkpt>
			<trkpt lat="44.62431" lon="2.99351">
				<ele>1324.59</ele>
				<time>2026-05-28T16:05:04.232Z</time>
			</trkpt>
			<trkpt lat="44.62415" lon="2.9938">
				<ele>1325.28</ele>
				<time>2026-05-28T16:05:05.734Z</time>
			</trkpt>
			<trkpt lat="44.62407" lon="2.99403">
				<ele>1325.18</ele>
				<time>2026-05-28T16:05:06.781Z</time>
			</trkpt>
			<trkpt lat="44.624" lon="2.99436">
				<ele>1325.35</ele>
				<time>2026-05-28T16:05:08.190Z</time>
			</trkpt>
			<trkpt lat="44.62396" lon="2.99466">
				<ele>1325.67</ele>
				<time>2026-05-28T16:05:09.438Z</time>
			</trkpt>
			<trkpt lat="44.62382" lon="2.996">
				<ele>1327.66</ele>
				<time>2026-05-28T16:05:14.973Z</time>
			</trkpt>
			<trkpt lat="44.62382" lon="2.99625">
				<ele>1327.74</ele>
				<time>2026-05-28T16:05:15.995Z</time>
			</trkpt>
			<trkpt lat="44.62387" lon="2.9966">
				<ele>1327.95</ele>
				<time>2026-05-28T16:05:17.453Z</time>
			</trkpt>
			<trkpt lat="44.62426" lon="2.99836">
				<ele>1329.85</ele>
				<time>2026-05-28T16:05:24.977Z</time>
			</trkpt>
			<trkpt lat="44.62429" lon="2.99875">
				<ele>1331.5</ele>
				<time>2026-05-28T16:05:26.578Z</time>
			</trkpt>
			<trkpt lat="44.62433" lon="2.99979">
				<ele>1334.25</ele>
				<time>2026-05-28T16:05:30.827Z</time>
			</trkpt>
			<trkpt lat="44.6243" lon="3.00015">
				<ele>1334.89</ele>
				<time>2026-05-28T16:05:32.306Z</time>
			</trkpt>
			<trkpt lat="44.62402" lon="3.00189">
				<ele>1336.91</ele>
				<time>2026-05-28T16:05:39.584Z</time>
			</trkpt>
			<trkpt lat="44.624" lon="3.00229">
				<ele>1338.38</ele>
				<time>2026-05-28T16:05:41.220Z</time>
			</trkpt>
			<trkpt lat="44.62402" lon="3.0026">
				<ele>1338.95</ele>
				<time>2026-05-28T16:05:42.490Z</time>
			</trkpt>
			<trkpt lat="44.62407" lon="3.003">
				<ele>1339.35</ele>
				<time>2026-05-28T16:05:44.148Z</time>
			</trkpt>
			<trkpt lat="44.62417" lon="3.00334">
				<ele>1339.06</ele>
				<time>2026-05-28T16:05:45.650Z</time>
			</trkpt>
			<trkpt lat="44.62428" lon="3.00363">
				<ele>1339.8</ele>
				<time>2026-05-28T16:05:46.991Z</time>
			</trkpt>
			<trkpt lat="44.62541" lon="3.00602">
				<ele>1338.16</ele>
				<time>2026-05-28T16:05:58.716Z</time>
			</trkpt>
			<trkpt lat="44.62552" lon="3.00618">
				<ele>1338.52</ele>
				<time>2026-05-28T16:05:59.626Z</time>
			</trkpt>
			<trkpt lat="44.62566" lon="3.00632">
				<ele>1338.7</ele>
				<time>2026-05-28T16:06:00.614Z</time>
			</trkpt>
			<trkpt lat="44.62585" lon="3.00643">
				<ele>1338.89</ele>
				<time>2026-05-28T16:06:01.795Z</time>
			</trkpt>
			<trkpt lat="44.62604" lon="3.00648">
				<ele>1339.39</ele>
				<time>2026-05-28T16:06:02.907Z</time>
			</trkpt>
			<trkpt lat="44.62601" lon="3.00665">
				<ele>1338.69</ele>
				<time>2026-05-28T16:06:03.624Z</time>
			</trkpt>
			<trkpt lat="44.62589" lon="3.00691">
				<ele>1338.02</ele>
				<time>2026-05-28T16:06:04.892Z</time>
			</trkpt>
			<trkpt lat="44.62565" lon="3.0073">
				<ele>1337</ele>
				<time>2026-05-28T16:06:06.994Z</time>
			</trkpt>
			<trkpt lat="44.62464" lon="3.0089">
				<ele>1330.64</ele>
				<time>2026-05-28T16:06:15.623Z</time>
			</trkpt>
			<trkpt lat="44.62425" lon="3.00944">
				<ele>1328.31</ele>
				<time>2026-05-28T16:06:18.693Z</time>
			</trkpt>
			<trkpt lat="44.624" lon="3.00975">
				<ele>1329.04</ele>
				<time>2026-05-28T16:06:20.554Z</time>
			</trkpt>
			<trkpt lat="44.62332" lon="3.01054">
				<ele>1328.95</ele>
				<time>2026-05-28T16:06:25.448Z</time>
			</trkpt>
			<trkpt lat="44.62295" lon="3.01103">
				<ele>1326.15</ele>
				<time>2026-05-28T16:06:28.250Z</time>
			</trkpt>
			<trkpt lat="44.62232" lon="3.01202">
				<ele>1322.32</ele>
				<time>2026-05-28T16:06:33.424Z</time>
			</trkpt>
			<trkpt lat="44.62199" lon="3.01244">
				<ele>1321.8</ele>
				<time>2026-05-28T16:06:35.846Z</time>
			</trkpt>
			<trkpt lat="44.62158" lon="3.01288">
				<ele>1320.32</ele>
				<time>2026-05-28T16:06:38.642Z</time>
			</trkpt>
			<trkpt lat="44.61979" lon="3.01465">
				<ele>1309.83</ele>
				<time>2026-05-28T16:06:50.379Z</time>
			</trkpt>
			<trkpt lat="44.61947" lon="3.01492">
				<ele>1310.54</ele>
				<time>2026-05-28T16:06:52.363Z</time>
			</trkpt>
			<trkpt lat="44.61921" lon="3.01508">
				<ele>1311.37</ele>
				<time>2026-05-28T16:06:53.868Z</time>
			</trkpt>
			<trkpt lat="44.61873" lon="3.01559">
				<ele>1315.78</ele>
				<time>2026-05-28T16:06:57.050Z</time>
			</trkpt>
			<trkpt lat="44.61863" lon="3.01565">
				<ele>1316.6</ele>
				<time>2026-05-28T16:06:57.624Z</time>
			</trkpt>
			<trkpt lat="44.61854" lon="3.01567">
				<ele>1317.14</ele>
				<time>2026-05-28T16:06:58.105Z</time>
			</trkpt>
			<trkpt lat="44.61842" lon="3.01566">
				<ele>1317.57</ele>
				<time>2026-05-28T16:06:58.738Z</time>
			</trkpt>
			<trkpt lat="44.61801" lon="3.01555">
				<ele>1321.31</ele>
				<time>2026-05-28T16:07:00.935Z</time>
			</trkpt>
			<trkpt lat="44.61784" lon="3.01553">
				<ele>1322.48</ele>
				<time>2026-05-28T16:07:01.831Z</time>
			</trkpt>
			<trkpt lat="44.61768" lon="3.01556">
				<ele>1323.01</ele>
				<time>2026-05-28T16:07:02.679Z</time>
			</trkpt>
			<trkpt lat="44.61713" lon="3.01577">
				<ele>1325.1</ele>
				<time>2026-05-28T16:07:05.665Z</time>
			</trkpt>
			<trkpt lat="44.61701" lon="3.0158">
				<ele>1325.64</ele>
				<time>2026-05-28T16:07:06.303Z</time>
			</trkpt>
			<trkpt lat="44.61687" lon="3.01582">
				<ele>1326.46</ele>
				<time>2026-05-28T16:07:07.039Z</time>
			</trkpt>
			<trkpt lat="44.61615" lon="3.01582">
				<ele>1331.82</ele>
				<time>2026-05-28T16:07:10.796Z</time>
			</trkpt>
			<trkpt lat="44.61599" lon="3.01583">
				<ele>1332.41</ele>
				<time>2026-05-28T16:07:11.630Z</time>
			</trkpt>
			<trkpt lat="44.61579" lon="3.01589">
				<ele>1333.34</ele>
				<time>2026-05-28T16:07:12.695Z</time>
			</trkpt>
			<trkpt lat="44.61571" lon="3.01595">
				<ele>1333.87</ele>
				<time>2026-05-28T16:07:13.167Z</time>
			</trkpt>
			<trkpt lat="44.61553" lon="3.0162">
				<ele>1335.07</ele>
				<time>2026-05-28T16:07:14.482Z</time>
			</trkpt>
			<trkpt lat="44.61541" lon="3.01629">
				<ele>1335.8</ele>
				<time>2026-05-28T16:07:15.189Z</time>
			</trkpt>
			<trkpt lat="44.61533" lon="3.0163">
				<ele>1336.35</ele>
				<time>2026-05-28T16:07:15.606Z</time>
			</trkpt>
			<trkpt lat="44.61518" lon="3.01626">
				<ele>1337.56</ele>
				<time>2026-05-28T16:07:16.399Z</time>
			</trkpt>
			<trkpt lat="44.6151" lon="3.01619">
				<ele>1338.18</ele>
				<time>2026-05-28T16:07:16.888Z</time>
			</trkpt>
			<trkpt lat="44.61495" lon="3.01597">
				<ele>1338.92</ele>
				<time>2026-05-28T16:07:18.013Z</time>
			</trkpt>
			<trkpt lat="44.61489" lon="3.01592">
				<ele>1339.21</ele>
				<time>2026-05-28T16:07:18.374Z</time>
			</trkpt>
			<trkpt lat="44.61483" lon="3.0159">
				<ele>1339.61</ele>
				<time>2026-05-28T16:07:18.694Z</time>
			</trkpt>
			<trkpt lat="44.61475" lon="3.01589">
				<ele>1340.21</ele>
				<time>2026-05-28T16:07:19.110Z</time>
			</trkpt>
			<trkpt lat="44.61449" lon="3.01601">
				<ele>1340.78</ele>
				<time>2026-05-28T16:07:20.528Z</time>
			</trkpt>
			<trkpt lat="44.61431" lon="3.01613">
				<ele>1340.55</ele>
				<time>2026-05-28T16:07:21.559Z</time>
			</trkpt>
			<trkpt lat="44.61349" lon="3.01684">
				<ele>1346.86</ele>
				<time>2026-05-28T16:07:26.538Z</time>
			</trkpt>
			<trkpt lat="44.61315" lon="3.01712">
				<ele>1346.73</ele>
				<time>2026-05-28T16:07:28.573Z</time>
			</trkpt>
			<trkpt lat="44.61218" lon="3.0178">
				<ele>1341.9</ele>
				<time>2026-05-28T16:07:34.163Z</time>
			</trkpt>
			<trkpt lat="44.61175" lon="3.01817">
				<ele>1341.42</ele>
				<time>2026-05-28T16:07:36.761Z</time>
			</trkpt>
			<trkpt lat="44.6114" lon="3.01839">
				<ele>1339.37</ele>
				<time>2026-05-28T16:07:38.737Z</time>
			</trkpt>
			<trkpt lat="44.61119" lon="3.0187">
				<ele>1335.61</ele>
				<time>2026-05-28T16:07:40.306Z</time>
			</trkpt>
			<trkpt lat="44.61105" lon="3.0188">
				<ele>1334.57</ele>
				<time>2026-05-28T16:07:41.115Z</time>
			</trkpt>
			<trkpt lat="44.61074" lon="3.019">
				<ele>1333.9</ele>
				<time>2026-05-28T16:07:42.872Z</time>
			</trkpt>
			<trkpt lat="44.61064" lon="3.01911">
				<ele>1333.86</ele>
				<time>2026-05-28T16:07:43.527Z</time>
			</trkpt>
			<trkpt lat="44.61054" lon="3.01932">
				<ele>1332.85</ele>
				<time>2026-05-28T16:07:44.454Z</time>
			</trkpt>
			<trkpt lat="44.61043" lon="3.01946">
				<ele>1331.88</ele>
				<time>2026-05-28T16:07:45.218Z</time>
			</trkpt>
			<trkpt lat="44.61033" lon="3.01951">
				<ele>1331.5</ele>
				<time>2026-05-28T16:07:45.765Z</time>
			</trkpt>
			<trkpt lat="44.61009" lon="3.01959">
				<ele>1330.93</ele>
				<time>2026-05-28T16:07:47.037Z</time>
			</trkpt>
			<trkpt lat="44.60996" lon="3.01967">
				<ele>1330.47</ele>
				<time>2026-05-28T16:07:47.769Z</time>
			</trkpt>
			<trkpt lat="44.6098" lon="3.01986">
				<ele>1330.2</ele>
				<time>2026-05-28T16:07:48.849Z</time>
			</trkpt>
			<trkpt lat="44.60955" lon="3.02041">
				<ele>1329.3</ele>
				<time>2026-05-28T16:07:51.245Z</time>
			</trkpt>
			<trkpt lat="44.60938" lon="3.02066">
				<ele>1329.44</ele>
				<time>2026-05-28T16:07:52.516Z</time>
			</trkpt>
			<trkpt lat="44.60908" lon="3.02104">
				<ele>1331.08</ele>
				<time>2026-05-28T16:07:54.602Z</time>
			</trkpt>
			<trkpt lat="44.60898" lon="3.0212">
				<ele>1332.15</ele>
				<time>2026-05-28T16:07:55.385Z</time>
			</trkpt>
			<trkpt lat="44.60883" lon="3.02181">
				<ele>1333.5</ele>
				<time>2026-05-28T16:07:57.761Z</time>
			</trkpt>
			<trkpt lat="44.60875" lon="3.02198">
				<ele>1334.39</ele>
				<time>2026-05-28T16:07:58.512Z</time>
			</trkpt>
			<trkpt lat="44.60815" lon="3.0229">
				<ele>1342.21</ele>
				<time>2026-05-28T16:08:03.115Z</time>
			</trkpt>
			<trkpt lat="44.60785" lon="3.02344">
				<ele>1347.98</ele>
				<time>2026-05-28T16:08:05.647Z</time>
			</trkpt>
			<trkpt lat="44.60746" lon="3.02434">
				<ele>1351.95</ele>
				<time>2026-05-28T16:08:09.551Z</time>
			</trkpt>
			<trkpt lat="44.60743" lon="3.02445">
				<ele>1351.98</ele>
				<time>2026-05-28T16:08:09.989Z</time>
			</trkpt>
			<trkpt lat="44.60741" lon="3.02459">
				<ele>1351.77</ele>
				<time>2026-05-28T16:08:10.519Z</time>
			</trkpt>
			<trkpt lat="44.60749" lon="3.02514">
				<ele>1349.49</ele>
				<time>2026-05-28T16:08:12.605Z</time>
			</trkpt>
			<trkpt lat="44.60754" lon="3.0256">
				<ele>1349.96</ele>
				<time>2026-05-28T16:08:14.338Z</time>
			</trkpt>
			<trkpt lat="44.60758" lon="3.02575">
				<ele>1350.8</ele>
				<time>2026-05-28T16:08:14.935Z</time>
			</trkpt>
			<trkpt lat="44.60772" lon="3.02608">
				<ele>1351.84</ele>
				<time>2026-05-28T16:08:16.368Z</time>
			</trkpt>
			<trkpt lat="44.60782" lon="3.02651">
				<ele>1347.39</ele>
				<time>2026-05-28T16:08:18.058Z</time>
			</trkpt>
			<trkpt lat="44.60782" lon="3.0267">
				<ele>1346.41</ele>
				<time>2026-05-28T16:08:18.769Z</time>
			</trkpt>
			<trkpt lat="44.60778" lon="3.02685">
				<ele>1348.12</ele>
				<time>2026-05-28T16:08:19.369Z</time>
			</trkpt>
			<trkpt lat="44.60773" lon="3.02695">
				<ele>1349.66</ele>
				<time>2026-05-28T16:08:19.826Z</time>
			</trkpt>
			<trkpt lat="44.60764" lon="3.02704">
				<ele>1350.91</ele>
				<time>2026-05-28T16:08:20.408Z</time>
			</trkpt>
			<trkpt lat="44.6075" lon="3.02713">
				<ele>1352.21</ele>
				<time>2026-05-28T16:08:21.219Z</time>
			</trkpt>
			<trkpt lat="44.60712" lon="3.02728">
				<ele>1349.84</ele>
				<time>2026-05-28T16:08:23.301Z</time>
			</trkpt>
			<trkpt lat="44.60665" lon="3.02755">
				<ele>1347.86</ele>
				<time>2026-05-28T16:08:25.987Z</time>
			</trkpt>
			<trkpt lat="44.60654" lon="3.02758">
				<ele>1345.73</ele>
				<time>2026-05-28T16:08:26.581Z</time>
			</trkpt>
			<trkpt lat="44.60641" lon="3.02758">
				<ele>1343.97</ele>
				<time>2026-05-28T16:08:27.271Z</time>
			</trkpt>
			<trkpt lat="44.60598" lon="3.02742">
				<ele>1342.59</ele>
				<time>2026-05-28T16:08:29.634Z</time>
			</trkpt>
			<trkpt lat="44.60583" lon="3.02739">
				<ele>1342.56</ele>
				<time>2026-05-28T16:08:30.441Z</time>
			</trkpt>
			<trkpt lat="44.60572" lon="3.02739">
				<ele>1342.9</ele>
				<time>2026-05-28T16:08:31.027Z</time>
			</trkpt>
			<trkpt lat="44.60431" lon="3.02794">
				<ele>1336.48</ele>
				<time>2026-05-28T16:08:38.870Z</time>
			</trkpt>
			<trkpt lat="44.60415" lon="3.02797">
				<ele>1336.67</ele>
				<time>2026-05-28T16:08:39.740Z</time>
			</trkpt>
			<trkpt lat="44.60394" lon="3.02792">
				<ele>1335.75</ele>
				<time>2026-05-28T16:08:40.891Z</time>
			</trkpt>
			<trkpt lat="44.60365" lon="3.02793">
				<ele>1334.72</ele>
				<time>2026-05-28T16:08:42.460Z</time>
			</trkpt>
			<trkpt lat="44.60342" lon="3.02789">
				<ele>1333.48</ele>
				<time>2026-05-28T16:08:43.717Z</time>
			</trkpt>
			<trkpt lat="44.60311" lon="3.02778">
				<ele>1330.63</ele>
				<time>2026-05-28T16:08:45.455Z</time>
			</trkpt>
			<trkpt lat="44.60296" lon="3.02768">
				<ele>1329.15</ele>
				<time>2026-05-28T16:08:46.359Z</time>
			</trkpt>
			<trkpt lat="44.60283" lon="3.02764">
				<ele>1328.01</ele>
				<time>2026-05-28T16:08:47.085Z</time>
			</trkpt>
			<trkpt lat="44.6024" lon="3.0276">
				<ele>1323.99</ele>
				<time>2026-05-28T16:08:49.441Z</time>
			</trkpt>
			<trkpt lat="44.60226" lon="3.02752">
				<ele>1322.57</ele>
				<time>2026-05-28T16:08:50.270Z</time>
			</trkpt>
			<trkpt lat="44.6019" lon="3.02713">
				<ele>1324.16</ele>
				<time>2026-05-28T16:08:52.769Z</time>
			</trkpt>
			<trkpt lat="44.60176" lon="3.02701">
				<ele>1325.34</ele>
				<time>2026-05-28T16:08:53.673Z</time>
			</trkpt>
			<trkpt lat="44.60151" lon="3.02684">
				<ele>1326.81</ele>
				<time>2026-05-28T16:08:55.207Z</time>
			</trkpt>
			<trkpt lat="44.60111" lon="3.02652">
				<ele>1328.54</ele>
				<time>2026-05-28T16:08:57.759Z</time>
			</trkpt>
			<trkpt lat="44.60101" lon="3.02649">
				<ele>1328.4</ele>
				<time>2026-05-28T16:08:58.328Z</time>
			</trkpt>
			<trkpt lat="44.60088" lon="3.02649">
				<ele>1327.32</ele>
				<time>2026-05-28T16:08:59.051Z</time>
			</trkpt>
			<trkpt lat="44.6006" lon="3.02658">
				<ele>1326.44</ele>
				<time>2026-05-28T16:09:00.653Z</time>
			</trkpt>
			<trkpt lat="44.60046" lon="3.0266">
				<ele>1326.91</ele>
				<time>2026-05-28T16:09:01.440Z</time>
			</trkpt>
			<trkpt lat="44.60032" lon="3.02657">
				<ele>1327.79</ele>
				<time>2026-05-28T16:09:02.233Z</time>
			</trkpt>
			<trkpt lat="44.59997" lon="3.02639">
				<ele>1327.77</ele>
				<time>2026-05-28T16:09:04.325Z</time>
			</trkpt>
			<trkpt lat="44.59965" lon="3.02622">
				<ele>1325.56</ele>
				<time>2026-05-28T16:09:06.252Z</time>
			</trkpt>
			<trkpt lat="44.59948" lon="3.0261">
				<ele>1325.84</ele>
				<time>2026-05-28T16:09:07.327Z</time>
			</trkpt>
			<trkpt lat="44.59906" lon="3.0257">
				<ele>1328.56</ele>
				<time>2026-05-28T16:09:10.206Z</time>
			</trkpt>
			<trkpt lat="44.59899" lon="3.02558">
				<ele>1328.66</ele>
				<time>2026-05-28T16:09:10.834Z</time>
			</trkpt>
			<trkpt lat="44.59896" lon="3.02545">
				<ele>1328.11</ele>
				<time>2026-05-28T16:09:11.389Z</time>
			</trkpt>
			<trkpt lat="44.5989" lon="3.02509">
				<ele>1324.93</ele>
				<time>2026-05-28T16:09:12.892Z</time>
			</trkpt>
			<trkpt lat="44.59889" lon="3.02484">
				<ele>1322.34</ele>
				<time>2026-05-28T16:09:13.912Z</time>
			</trkpt>
			<trkpt lat="44.5989" lon="3.02466">
				<ele>1320.48</ele>
				<time>2026-05-28T16:09:14.649Z</time>
			</trkpt>
			<trkpt lat="44.59894" lon="3.02446">
				<ele>1318.73</ele>
				<time>2026-05-28T16:09:15.499Z</time>
			</trkpt>
			<trkpt lat="44.59894" lon="3.02432">
				<ele>1318.51</ele>
				<time>2026-05-28T16:09:16.072Z</time>
			</trkpt>
			<trkpt lat="44.5989" lon="3.0242">
				<ele>1318.82</ele>
				<time>2026-05-28T16:09:16.615Z</time>
			</trkpt>
			<trkpt lat="44.59878" lon="3.02403">
				<ele>1319.26</ele>
				<time>2026-05-28T16:09:17.598Z</time>
			</trkpt>
			<trkpt lat="44.59869" lon="3.02379">
				<ele>1318.8</ele>
				<time>2026-05-28T16:09:18.714Z</time>
			</trkpt>
			<trkpt lat="44.59863" lon="3.02355">
				<ele>1317.53</ele>
				<time>2026-05-28T16:09:19.763Z</time>
			</trkpt>
			<trkpt lat="44.59862" lon="3.02338">
				<ele>1316.32</ele>
				<time>2026-05-28T16:09:20.468Z</time>
			</trkpt>
			<trkpt lat="44.59871" lon="3.02277">
				<ele>1314.24</ele>
				<time>2026-05-28T16:09:23.050Z</time>
			</trkpt>
			<trkpt lat="44.59869" lon="3.02262">
				<ele>1313.87</ele>
				<time>2026-05-28T16:09:23.685Z</time>
			</trkpt>
			<trkpt lat="44.59864" lon="3.02249">
				<ele>1313.75</ele>
				<time>2026-05-28T16:09:24.301Z</time>
			</trkpt>
			<trkpt lat="44.59828" lon="3.02198">
				<ele>1314.33</ele>
				<time>2026-05-28T16:09:27.303Z</time>
			</trkpt>
			<trkpt lat="44.59806" lon="3.02163">
				<ele>1313.41</ele>
				<time>2026-05-28T16:09:29.266Z</time>
			</trkpt>
			<trkpt lat="44.59778" lon="3.02097">
				<ele>1309.98</ele>
				<time>2026-05-28T16:09:32.513Z</time>
			</trkpt>
			<trkpt lat="44.59753" lon="3.02074">
				<ele>1312.79</ele>
				<time>2026-05-28T16:09:34.297Z</time>
			</trkpt>
			<trkpt lat="44.59722" lon="3.02065">
				<ele>1317.22</ele>
				<time>2026-05-28T16:09:36.195Z</time>
			</trkpt>
			<trkpt lat="44.59702" lon="3.02066">
				<ele>1319.34</ele>
				<time>2026-05-28T16:09:37.398Z</time>
			</trkpt>
			<trkpt lat="44.59676" lon="3.02076">
				<ele>1321.37</ele>
				<time>2026-05-28T16:09:39.025Z</time>
			</trkpt>
			<trkpt lat="44.59619" lon="3.02107">
				<ele>1324.3</ele>
				<time>2026-05-28T16:09:42.735Z</time>
			</trkpt>
			<trkpt lat="44.59557" lon="3.02144">
				<ele>1326.48</ele>
				<time>2026-05-28T16:09:46.860Z</time>
			</trkpt>
			<trkpt lat="44.59536" lon="3.02152">
				<ele>1325.92</ele>
				<time>2026-05-28T16:09:48.200Z</time>
			</trkpt>
			<trkpt lat="44.59524" lon="3.02153">
				<ele>1325.52</ele>
				<time>2026-05-28T16:09:48.943Z</time>
			</trkpt>
			<trkpt lat="44.59499" lon="3.02147">
				<ele>1324.95</ele>
				<time>2026-05-28T16:09:50.513Z</time>
			</trkpt>
			<trkpt lat="44.59337" lon="3.02082">
				<ele>1330.91</ele>
				<time>2026-05-28T16:10:01.095Z</time>
			</trkpt>
			<trkpt lat="44.59321" lon="3.02078">
				<ele>1331.11</ele>
				<time>2026-05-28T16:10:02.130Z</time>
			</trkpt>
			<trkpt lat="44.59287" lon="3.02079">
				<ele>1333.03</ele>
				<time>2026-05-28T16:10:04.303Z</time>
			</trkpt>
			<trkpt lat="44.59264" lon="3.02077">
				<ele>1334.05</ele>
				<time>2026-05-28T16:10:05.782Z</time>
			</trkpt>
			<trkpt lat="44.59245" lon="3.0207">
				<ele>1334.46</ele>
				<time>2026-05-28T16:10:07.047Z</time>
			</trkpt>
			<trkpt lat="44.59228" lon="3.02061">
				<ele>1335.59</ele>
				<time>2026-05-28T16:10:08.220Z</time>
			</trkpt>
			<trkpt lat="44.59174" lon="3.02014">
				<ele>1335.24</ele>
				<time>2026-05-28T16:10:12.348Z</time>
			</trkpt>
			<trkpt lat="44.59124" lon="3.01958">
				<ele>1333.07</ele>
				<time>2026-05-28T16:10:16.546Z</time>
			</trkpt>
			<trkpt lat="44.59106" lon="3.01929">
				<ele>1333.7</ele>
				<time>2026-05-28T16:10:18.357Z</time>
			</trkpt>
			<trkpt lat="44.59096" lon="3.01905">
				<ele>1334.71</ele>
				<time>2026-05-28T16:10:19.671Z</time>
			</trkpt>
			<trkpt lat="44.59089" lon="3.01877">
				<ele>1334.47</ele>
				<time>2026-05-28T16:10:21.077Z</time>
			</trkpt>
			<trkpt lat="44.59081" lon="3.01819">
				<ele>1333.64</ele>
				<time>2026-05-28T16:10:23.892Z</time>
			</trkpt>
			<trkpt lat="44.59074" lon="3.018">
				<ele>1334.73</ele>
				<time>2026-05-28T16:10:24.916Z</time>
			</trkpt>
			<trkpt lat="44.59063" lon="3.01786">
				<ele>1335.63</ele>
				<time>2026-05-28T16:10:25.916Z</time>
			</trkpt>
			<trkpt lat="44.5904" lon="3.01774">
				<ele>1337.11</ele>
				<time>2026-05-28T16:10:27.575Z</time>
			</trkpt>
			<trkpt lat="44.59025" lon="3.01774">
				<ele>1338</ele>
				<time>2026-05-28T16:10:28.592Z</time>
			</trkpt>
			<trkpt lat="44.58975" lon="3.01799">
				<ele>1338.66</ele>
				<time>2026-05-28T16:10:32.211Z</time>
			</trkpt>
			<trkpt lat="44.58908" lon="3.01835">
				<ele>1335.23</ele>
				<time>2026-05-28T16:10:37.153Z</time>
			</trkpt>
			<trkpt lat="44.58888" lon="3.01851">
				<ele>1332.85</ele>
				<time>2026-05-28T16:10:38.751Z</time>
			</trkpt>
			<trkpt lat="44.58878" lon="3.01864">
				<ele>1331.14</ele>
				<time>2026-05-28T16:10:39.700Z</time>
			</trkpt>
			<trkpt lat="44.58868" lon="3.01886">
				<ele>1328.81</ele>
				<time>2026-05-28T16:10:40.998Z</time>
			</trkpt>
			<trkpt lat="44.58863" lon="3.01911">
				<ele>1326.8</ele>
				<time>2026-05-28T16:10:42.294Z</time>
			</trkpt>
			<trkpt lat="44.58858" lon="3.01984">
				<ele>1326.93</ele>
				<time>2026-05-28T16:10:45.974Z</time>
			</trkpt>
			<trkpt lat="44.58852" lon="3.02006">
				<ele>1326.41</ele>
				<time>2026-05-28T16:10:47.163Z</time>
			</trkpt>
			<trkpt lat="44.58843" lon="3.02022">
				<ele>1325.03</ele>
				<time>2026-05-28T16:10:48.195Z</time>
			</trkpt>
			<trkpt lat="44.58793" lon="3.0208">
				<ele>1322.15</ele>
				<time>2026-05-28T16:10:52.836Z</time>
			</trkpt>
			<trkpt lat="44.58783" lon="3.02103">
				<ele>1321.65</ele>
				<time>2026-05-28T16:10:54.219Z</time>
			</trkpt>
			<trkpt lat="44.58778" lon="3.0214">
				<ele>1322.21</ele>
				<time>2026-05-28T16:10:56.160Z</time>
			</trkpt>
			<trkpt lat="44.58771" lon="3.02162">
				<ele>1321.64</ele>
				<time>2026-05-28T16:10:57.406Z</time>
			</trkpt>
			<trkpt lat="44.58751" lon="3.02186">
				<ele>1320.31</ele>
				<time>2026-05-28T16:10:59.325Z</time>
			</trkpt>
			<trkpt lat="44.58717" lon="3.02206">
				<ele>1317.92</ele>
				<time>2026-05-28T16:11:02.027Z</time>
			</trkpt>
			<trkpt lat="44.58687" lon="3.02217">
				<ele>1316.77</ele>
				<time>2026-05-28T16:11:04.314Z</time>
			</trkpt>
			<trkpt lat="44.58664" lon="3.02219">
				<ele>1314.57</ele>
				<time>2026-05-28T16:11:06.021Z</time>
			</trkpt>
			<trkpt lat="44.58606" lon="3.022">
				<ele>1309.47</ele>
				<time>2026-05-28T16:11:10.466Z</time>
			</trkpt>
			<trkpt lat="44.58583" lon="3.02198">
				<ele>1308.49</ele>
				<time>2026-05-28T16:11:12.198Z</time>
			</trkpt>
			<trkpt lat="44.58584" lon="3.02186">
				<ele>1307.46</ele>
				<time>2026-05-28T16:11:12.847Z</time>
			</trkpt>
			<trkpt lat="44.58587" lon="3.02177">
				<ele>1306.95</ele>
				<time>2026-05-28T16:11:13.381Z</time>
			</trkpt>
			<trkpt lat="44.58593" lon="3.02173">
				<ele>1306.87</ele>
				<time>2026-05-28T16:11:13.884Z</time>
			</trkpt>
			<trkpt lat="44.58611" lon="3.02171">
				<ele>1307.32</ele>
				<time>2026-05-28T16:11:15.265Z</time>
			</trkpt>
			<trkpt lat="44.5863" lon="3.02172">
				<ele>1308.65</ele>
				<time>2026-05-28T16:11:16.752Z</time>
			</trkpt>
			<trkpt lat="44.5864" lon="3.02168">
				<ele>1309.16</ele>
				<time>2026-05-28T16:11:17.579Z</time>
			</trkpt>
			<trkpt lat="44.58688" lon="3.02123">
				<ele>1306.34</ele>
				<time>2026-05-28T16:11:22.330Z</time>
			</trkpt>
			<trkpt lat="44.58697" lon="3.02103">
				<ele>1304.65</ele>
				<time>2026-05-28T16:11:23.766Z</time>
			</trkpt>
			<trkpt lat="44.58701" lon="3.02081">
				<ele>1303.08</ele>
				<time>2026-05-28T16:11:25.163Z</time>
			</trkpt>
			<trkpt lat="44.587" lon="3.02062">
				<ele>1301.62</ele>
				<time>2026-05-28T16:11:26.350Z</time>
			</trkpt>
			<trkpt lat="44.5869" lon="3.02024">
				<ele>1298.48</ele>
				<time>2026-05-28T16:11:28.915Z</time>
			</trkpt>
			<trkpt lat="44.58688" lon="3.01995">
				<ele>1297.94</ele>
				<time>2026-05-28T16:11:30.792Z</time>
			</trkpt>
			<trkpt lat="44.5869" lon="3.01979">
				<ele>1297.54</ele>
				<time>2026-05-28T16:11:31.850Z</time>
			</trkpt>
			<trkpt lat="44.58704" lon="3.0192">
				<ele>1295.2</ele>
				<time>2026-05-28T16:11:35.966Z</time>
			</trkpt>
			<trkpt lat="44.58708" lon="3.01889">
				<ele>1293.58</ele>
				<time>2026-05-28T16:11:38.090Z</time>
			</trkpt>
			<trkpt lat="44.58707" lon="3.01873">
				<ele>1291.96</ele>
				<time>2026-05-28T16:11:39.181Z</time>
			</trkpt>
			<trkpt lat="44.58686" lon="3.01796">
				<ele>1285.37</ele>
				<time>2026-05-28T16:11:44.868Z</time>
			</trkpt>
			<trkpt lat="44.58678" lon="3.01752">
				<ele>1283.63</ele>
				<time>2026-05-28T16:11:48.051Z</time>
			</trkpt>
			<trkpt lat="44.5867" lon="3.01673">
				<ele>1279.19</ele>
				<time>2026-05-28T16:11:53.710Z</time>
			</trkpt>
			<trkpt lat="44.58666" lon="3.01658">
				<ele>1277.84</ele>
				<time>2026-05-28T16:11:54.854Z</time>
			</trkpt>
			<trkpt lat="44.58649" lon="3.01623">
				<ele>1274.24</ele>
				<time>2026-05-28T16:11:57.889Z</time>
			</trkpt>
			<trkpt lat="44.5864" lon="3.01611">
				<ele>1272.35</ele>
				<time>2026-05-28T16:11:59.140Z</time>
			</trkpt>
			<trkpt lat="44.5863" lon="3.01603">
				<ele>1271.67</ele>
				<time>2026-05-28T16:12:00.302Z</time>
			</trkpt>
			<trkpt lat="44.58602" lon="3.01592">
				<ele>1269.58</ele>
				<time>2026-05-28T16:12:03.239Z</time>
			</trkpt>
			<trkpt lat="44.58585" lon="3.01584">
				<ele>1268.09</ele>
				<time>2026-05-28T16:12:05.051Z</time>
			</trkpt>
			<trkpt lat="44.58508" lon="3.01538">
				<ele>1259.18</ele>
				<time>2026-05-28T16:12:13.484Z</time>
			</trkpt>
			<trkpt lat="44.585" lon="3.01534">
				<ele>1257.81</ele>
				<time>2026-05-28T16:12:14.335Z</time>
			</trkpt>
			<trkpt lat="44.58494" lon="3.01534">
				<ele>1256.64</ele>
				<time>2026-05-28T16:12:14.935Z</time>
			</trkpt>
			<trkpt lat="44.58491" lon="3.01539">
				<ele>1255.92</ele>
				<time>2026-05-28T16:12:15.401Z</time>
			</trkpt>
			<trkpt lat="44.58449" lon="3.01674">
				<ele>1250.6</ele>
				<time>2026-05-28T16:12:25.743Z</time>
			</trkpt>
			<trkpt lat="44.58442" lon="3.01687">
				<ele>1249.32</ele>
				<time>2026-05-28T16:12:26.866Z</time>
			</trkpt>
			<trkpt lat="44.58431" lon="3.01697">
				<ele>1248.02</ele>
				<time>2026-05-28T16:12:28.126Z</time>
			</trkpt>
			<trkpt lat="44.58423" lon="3.01698">
				<ele>1247.47</ele>
				<time>2026-05-28T16:12:28.895Z</time>
			</trkpt>
			<trkpt lat="44.58413" lon="3.01691">
				<ele>1246.75</ele>
				<time>2026-05-28T16:12:29.960Z</time>
			</trkpt>
			<trkpt lat="44.58409" lon="3.01686">
				<ele>1246.42</ele>
				<time>2026-05-28T16:12:30.468Z</time>
			</trkpt>
			<trkpt lat="44.58402" lon="3.01657">
				<ele>1245.02</ele>
				<time>2026-05-28T16:12:32.524Z</time>
			</trkpt>
			<trkpt lat="44.58398" lon="3.01622">
				<ele>1241.01</ele>
				<time>2026-05-28T16:12:34.874Z</time>
			</trkpt>
			<trkpt lat="44.584" lon="3.01596">
				<ele>1238.16</ele>
				<time>2026-05-28T16:12:36.586Z</time>
			</trkpt>
			<trkpt lat="44.58428" lon="3.01515">
				<ele>1235.24</ele>
				<time>2026-05-28T16:12:42.318Z</time>
			</trkpt>
			<trkpt lat="44.584" lon="3.01596">
				<ele>1238.16</ele>
				<time>2026-05-28T16:12:47.818Z</time>
			</trkpt>
			<trkpt lat="44.58398" lon="3.01622">
				<ele>1241.01</ele>
				<time>2026-05-28T16:12:49.402Z</time>
			</trkpt>
			<trkpt lat="44.58402" lon="3.01657">
				<ele>1245.02</ele>
				<time>2026-05-28T16:12:51.545Z</time>
			</trkpt>
			<trkpt lat="44.58409" lon="3.01686">
				<ele>1246.42</ele>
				<time>2026-05-28T16:12:53.390Z</time>
			</trkpt>
			<trkpt lat="44.58413" lon="3.01691">
				<ele>1246.75</ele>
				<time>2026-05-28T16:12:53.843Z</time>
			</trkpt>
			<trkpt lat="44.58423" lon="3.01698">
				<ele>1247.47</ele>
				<time>2026-05-28T16:12:54.786Z</time>
			</trkpt>
			<trkpt lat="44.58431" lon="3.01697">
				<ele>1248.02</ele>
				<time>2026-05-28T16:12:55.463Z</time>
			</trkpt>
			<trkpt lat="44.58442" lon="3.01687">
				<ele>1249.32</ele>
				<time>2026-05-28T16:12:56.565Z</time>
			</trkpt>
			<trkpt lat="44.58449" lon="3.01674">
				<ele>1250.6</ele>
				<time>2026-05-28T16:12:57.541Z</time>
			</trkpt>
			<trkpt lat="44.58491" lon="3.01539">
				<ele>1255.92</ele>
				<time>2026-05-28T16:13:06.280Z</time>
			</trkpt>
			<trkpt lat="44.58494" lon="3.01534">
				<ele>1256.64</ele>
				<time>2026-05-28T16:13:06.665Z</time>
			</trkpt>
			<trkpt lat="44.585" lon="3.01534">
				<ele>1257.81</ele>
				<time>2026-05-28T16:13:07.160Z</time>
			</trkpt>
			<trkpt lat="44.58508" lon="3.01538">
				<ele>1259.18</ele>
				<time>2026-05-28T16:13:07.860Z</time>
			</trkpt>
			<trkpt lat="44.58585" lon="3.01584">
				<ele>1268.09</ele>
				<time>2026-05-28T16:13:14.700Z</time>
			</trkpt>
			<trkpt lat="44.58602" lon="3.01592">
				<ele>1269.58</ele>
				<time>2026-05-28T16:13:16.152Z</time>
			</trkpt>
			<trkpt lat="44.5863" lon="3.01603">
				<ele>1271.67</ele>
				<time>2026-05-28T16:13:18.496Z</time>
			</trkpt>
			<trkpt lat="44.5864" lon="3.01611">
				<ele>1272.35</ele>
				<time>2026-05-28T16:13:19.420Z</time>
			</trkpt>
			<trkpt lat="44.58649" lon="3.01623">
				<ele>1274.24</ele>
				<time>2026-05-28T16:13:20.414Z</time>
			</trkpt>
			<trkpt lat="44.58666" lon="3.01658">
				<ele>1277.84</ele>
				<time>2026-05-28T16:13:22.819Z</time>
			</trkpt>
			<trkpt lat="44.5867" lon="3.01673">
				<ele>1279.19</ele>
				<time>2026-05-28T16:13:23.724Z</time>
			</trkpt>
			<trkpt lat="44.58678" lon="3.01752">
				<ele>1283.63</ele>
				<time>2026-05-28T16:13:28.200Z</time>
			</trkpt>
			<trkpt lat="44.58686" lon="3.01796">
				<ele>1285.37</ele>
				<time>2026-05-28T16:13:30.721Z</time>
			</trkpt>
			<trkpt lat="44.58707" lon="3.01873">
				<ele>1291.96</ele>
				<time>2026-05-28T16:13:35.247Z</time>
			</trkpt>
			<trkpt lat="44.58708" lon="3.01889">
				<ele>1293.58</ele>
				<time>2026-05-28T16:13:36.121Z</time>
			</trkpt>
			<trkpt lat="44.58704" lon="3.0192">
				<ele>1295.2</ele>
				<time>2026-05-28T16:13:37.827Z</time>
			</trkpt>
			<trkpt lat="44.5869" lon="3.01979">
				<ele>1297.54</ele>
				<time>2026-05-28T16:13:41.163Z</time>
			</trkpt>
			<trkpt lat="44.58688" lon="3.01995">
				<ele>1297.94</ele>
				<time>2026-05-28T16:13:42.028Z</time>
			</trkpt>
			<trkpt lat="44.5869" lon="3.02024">
				<ele>1298.48</ele>
				<time>2026-05-28T16:13:43.572Z</time>
			</trkpt>
			<trkpt lat="44.587" lon="3.02062">
				<ele>1301.62</ele>
				<time>2026-05-28T16:13:45.702Z</time>
			</trkpt>
			<trkpt lat="44.58701" lon="3.02081">
				<ele>1303.08</ele>
				<time>2026-05-28T16:13:46.698Z</time>
			</trkpt>
			<trkpt lat="44.58697" lon="3.02103">
				<ele>1304.65</ele>
				<time>2026-05-28T16:13:47.878Z</time>
			</trkpt>
			<trkpt lat="44.58688" lon="3.02123">
				<ele>1306.34</ele>
				<time>2026-05-28T16:13:49.102Z</time>
			</trkpt>
			<trkpt lat="44.5864" lon="3.02168">
				<ele>1309.16</ele>
				<time>2026-05-28T16:13:53.244Z</time>
			</trkpt>
			<trkpt lat="44.5863" lon="3.02172">
				<ele>1308.65</ele>
				<time>2026-05-28T16:13:53.982Z</time>
			</trkpt>
			<trkpt lat="44.58611" lon="3.02171">
				<ele>1307.32</ele>
				<time>2026-05-28T16:13:55.324Z</time>
			</trkpt>
			<trkpt lat="44.58593" lon="3.02173">
				<ele>1306.87</ele>
				<time>2026-05-28T16:13:56.590Z</time>
			</trkpt>
			<trkpt lat="44.58587" lon="3.02177">
				<ele>1306.95</ele>
				<time>2026-05-28T16:13:57.053Z</time>
			</trkpt>
			<trkpt lat="44.58584" lon="3.02186">
				<ele>1307.46</ele>
				<time>2026-05-28T16:13:57.546Z</time>
			</trkpt>
			<trkpt lat="44.58583" lon="3.02198">
				<ele>1308.49</ele>
				<time>2026-05-28T16:13:58.143Z</time>
			</trkpt>
			<trkpt lat="44.58572" lon="3.02199">
				<ele>1307.78</ele>
				<time>2026-05-28T16:13:58.906Z</time>
			</trkpt>
			<trkpt lat="44.58507" lon="3.02249">
				<ele>1303.23</ele>
				<time>2026-05-28T16:14:03.967Z</time>
			</trkpt>
			<trkpt lat="44.58459" lon="3.02294">
				<ele>1303.46</ele>
				<time>2026-05-28T16:14:07.847Z</time>
			</trkpt>
			<trkpt lat="44.5845" lon="3.02297">
				<ele>1303.29</ele>
				<time>2026-05-28T16:14:08.465Z</time>
			</trkpt>
			<trkpt lat="44.58429" lon="3.02297">
				<ele>1301.25</ele>
				<time>2026-05-28T16:14:09.860Z</time>
			</trkpt>
			<trkpt lat="44.58403" lon="3.02291">
				<ele>1298.48</ele>
				<time>2026-05-28T16:14:11.602Z</time>
			</trkpt>
			<trkpt lat="44.58362" lon="3.02273">
				<ele>1297.26</ele>
				<time>2026-05-28T16:14:14.420Z</time>
			</trkpt>
			<trkpt lat="44.5832" lon="3.02239">
				<ele>1295.55</ele>
				<time>2026-05-28T16:14:17.568Z</time>
			</trkpt>
			<trkpt lat="44.58252" lon="3.02178">
				<ele>1297.71</ele>
				<time>2026-05-28T16:14:22.733Z</time>
			</trkpt>
			<trkpt lat="44.58227" lon="3.02149">
				<ele>1297.8</ele>
				<time>2026-05-28T16:14:24.783Z</time>
			</trkpt>
			<trkpt lat="44.58214" lon="3.02128">
				<ele>1298.01</ele>
				<time>2026-05-28T16:14:26.029Z</time>
			</trkpt>
			<trkpt lat="44.58199" lon="3.021">
				<ele>1297.66</ele>
				<time>2026-05-28T16:14:27.591Z</time>
			</trkpt>
			<trkpt lat="44.58188" lon="3.02073">
				<ele>1296.32</ele>
				<time>2026-05-28T16:14:28.971Z</time>
			</trkpt>
			<trkpt lat="44.58164" lon="3.01998">
				<ele>1290.4</ele>
				<time>2026-05-28T16:14:32.587Z</time>
			</trkpt>
			<trkpt lat="44.58124" lon="3.01868">
				<ele>1288.39</ele>
				<time>2026-05-28T16:14:38.717Z</time>
			</trkpt>
			<trkpt lat="44.58101" lon="3.01782">
				<ele>1288.04</ele>
				<time>2026-05-28T16:14:42.630Z</time>
			</trkpt>
			<trkpt lat="44.58062" lon="3.01678">
				<ele>1286.47</ele>
				<time>2026-05-28T16:14:47.567Z</time>
			</trkpt>
			<trkpt lat="44.58033" lon="3.01624">
				<ele>1287.12</ele>
				<time>2026-05-28T16:14:50.375Z</time>
			</trkpt>
			<trkpt lat="44.57985" lon="3.01562">
				<ele>1289.55</ele>
				<time>2026-05-28T16:14:54.139Z</time>
			</trkpt>
			<trkpt lat="44.57967" lon="3.01531">
				<ele>1289.34</ele>
				<time>2026-05-28T16:14:55.770Z</time>
			</trkpt>
			<trkpt lat="44.5794" lon="3.0141">
				<ele>1287.12</ele>
				<time>2026-05-28T16:15:00.892Z</time>
			</trkpt>
			<trkpt lat="44.57915" lon="3.01312">
				<ele>1288.24</ele>
				<time>2026-05-28T16:15:05.044Z</time>
			</trkpt>
			<trkpt lat="44.57872" lon="3.01187">
				<ele>1294.85</ele>
				<time>2026-05-28T16:15:10.512Z</time>
			</trkpt>
			<trkpt lat="44.57855" lon="3.01021">
				<ele>1295.39</ele>
				<time>2026-05-28T16:15:17.024Z</time>
			</trkpt>
			<trkpt lat="44.57854" lon="3.00997">
				<ele>1294.6</ele>
				<time>2026-05-28T16:15:17.950Z</time>
			</trkpt>
			<trkpt lat="44.57856" lon="3.00986">
				<ele>1294</ele>
				<time>2026-05-28T16:15:18.386Z</time>
			</trkpt>
			<trkpt lat="44.57877" lon="3.0093">
				<ele>1289.95</ele>
				<time>2026-05-28T16:15:20.813Z</time>
			</trkpt>
			<trkpt lat="44.57887" lon="3.00894">
				<ele>1289.14</ele>
				<time>2026-05-28T16:15:22.288Z</time>
			</trkpt>
			<trkpt lat="44.57893" lon="3.0086">
				<ele>1288.1</ele>
				<time>2026-05-28T16:15:23.622Z</time>
			</trkpt>
			<trkpt lat="44.57901" lon="3.00789">
				<ele>1286.9</ele>
				<time>2026-05-28T16:15:26.349Z</time>
			</trkpt>
			<trkpt lat="44.57908" lon="3.00665">
				<ele>1279.77</ele>
				<time>2026-05-28T16:15:31.038Z</time>
			</trkpt>
			<trkpt lat="44.57903" lon="3.00636">
				<ele>1277.23</ele>
				<time>2026-05-28T16:15:32.157Z</time>
			</trkpt>
			<trkpt lat="44.57889" lon="3.00611">
				<ele>1274.99</ele>
				<time>2026-05-28T16:15:33.348Z</time>
			</trkpt>
			<trkpt lat="44.5784" lon="3.00572">
				<ele>1277.47</ele>
				<time>2026-05-28T16:15:36.301Z</time>
			</trkpt>
			<trkpt lat="44.57739" lon="3.00465">
				<ele>1266.94</ele>
				<time>2026-05-28T16:15:42.897Z</time>
			</trkpt>
			<trkpt lat="44.57707" lon="3.00439">
				<ele>1265.83</ele>
				<time>2026-05-28T16:15:44.816Z</time>
			</trkpt>
			<trkpt lat="44.57658" lon="3.00418">
				<ele>1264.58</ele>
				<time>2026-05-28T16:15:47.470Z</time>
			</trkpt>
			<trkpt lat="44.57611" lon="3.00382">
				<ele>1264.79</ele>
				<time>2026-05-28T16:15:50.238Z</time>
			</trkpt>
			<trkpt lat="44.57566" lon="3.00334">
				<ele>1255.51</ele>
				<time>2026-05-28T16:15:53.156Z</time>
			</trkpt>
			<trkpt lat="44.5751" lon="3.00256">
				<ele>1248.21</ele>
				<time>2026-05-28T16:15:57.224Z</time>
			</trkpt>
			<trkpt lat="44.57474" lon="3.00214">
				<ele>1245.81</ele>
				<time>2026-05-28T16:15:59.636Z</time>
			</trkpt>
			<trkpt lat="44.57383" lon="3.00111">
				<ele>1239.54</ele>
				<time>2026-05-28T16:16:05.663Z</time>
			</trkpt>
			<trkpt lat="44.5732" lon="3.00009">
				<ele>1233.36</ele>
				<time>2026-05-28T16:16:10.630Z</time>
			</trkpt>
			<trkpt lat="44.5731" lon="2.99976">
				<ele>1231.59</ele>
				<time>2026-05-28T16:16:11.952Z</time>
			</trkpt>
			<trkpt lat="44.57306" lon="2.99948">
				<ele>1230.89</ele>
				<time>2026-05-28T16:16:13.005Z</time>
			</trkpt>
			<trkpt lat="44.57302" lon="2.99838">
				<ele>1221.15</ele>
				<time>2026-05-28T16:16:17.076Z</time>
			</trkpt>
			<trkpt lat="44.57299" lon="2.99807">
				<ele>1218.4</ele>
				<time>2026-05-28T16:16:18.236Z</time>
			</trkpt>
			<trkpt lat="44.57293" lon="2.99787">
				<ele>1216.47</ele>
				<time>2026-05-28T16:16:19.040Z</time>
			</trkpt>
			<trkpt lat="44.57285" lon="2.99769">
				<ele>1215.43</ele>
				<time>2026-05-28T16:16:19.828Z</time>
			</trkpt>
			<trkpt lat="44.57121" lon="2.99622">
				<ele>1202.42</ele>
				<time>2026-05-28T16:16:30.041Z</time>
			</trkpt>
			<trkpt lat="44.5711" lon="2.99615">
				<ele>1201.27</ele>
				<time>2026-05-28T16:16:30.680Z</time>
			</trkpt>
			<trkpt lat="44.57099" lon="2.99614">
				<ele>1200.76</ele>
				<time>2026-05-28T16:16:31.263Z</time>
			</trkpt>
			<trkpt lat="44.57088" lon="2.99617">
				<ele>1200.45</ele>
				<time>2026-05-28T16:16:31.858Z</time>
			</trkpt>
			<trkpt lat="44.57065" lon="2.99653">
				<ele>1199.48</ele>
				<time>2026-05-28T16:16:33.688Z</time>
			</trkpt>
			<trkpt lat="44.57055" lon="2.99664">
				<ele>1198.74</ele>
				<time>2026-05-28T16:16:34.364Z</time>
			</trkpt>
			<trkpt lat="44.57045" lon="2.99667">
				<ele>1197.66</ele>
				<time>2026-05-28T16:16:34.909Z</time>
			</trkpt>
			<trkpt lat="44.57034" lon="2.99666">
				<ele>1196.04</ele>
				<time>2026-05-28T16:16:35.498Z</time>
			</trkpt>
			<trkpt lat="44.56916" lon="2.99616">
				<ele>1184.72</ele>
				<time>2026-05-28T16:16:42.122Z</time>
			</trkpt>
			<trkpt lat="44.56871" lon="2.99605">
				<ele>1182.25</ele>
				<time>2026-05-28T16:16:44.601Z</time>
			</trkpt>
			<trkpt lat="44.56855" lon="2.99597">
				<ele>1180.71</ele>
				<time>2026-05-28T16:16:45.526Z</time>
			</trkpt>
			<trkpt lat="44.56837" lon="2.99582">
				<ele>1179.14</ele>
				<time>2026-05-28T16:16:46.669Z</time>
			</trkpt>
			<trkpt lat="44.5672" lon="2.99447">
				<ele>1175.47</ele>
				<time>2026-05-28T16:16:55.036Z</time>
			</trkpt>
			<trkpt lat="44.56698" lon="2.99429">
				<ele>1173.62</ele>
				<time>2026-05-28T16:16:56.460Z</time>
			</trkpt>
			<trkpt lat="44.56486" lon="2.99294">
				<ele>1166.75</ele>
				<time>2026-05-28T16:17:09.750Z</time>
			</trkpt>
			<trkpt lat="44.56465" lon="2.99276">
				<ele>1165.83</ele>
				<time>2026-05-28T16:17:11.186Z</time>
			</trkpt>
			<trkpt lat="44.56448" lon="2.99252">
				<ele>1163.73</ele>
				<time>2026-05-28T16:17:12.598Z</time>
			</trkpt>
			<trkpt lat="44.56387" lon="2.99096">
				<ele>1158.38</ele>
				<time>2026-05-28T16:17:20.130Z</time>
			</trkpt>
			<trkpt lat="44.56332" lon="2.98937">
				<ele>1154.84</ele>
				<time>2026-05-28T16:17:27.796Z</time>
			</trkpt>
			<trkpt lat="44.56316" lon="2.98908">
				<ele>1155.12</ele>
				<time>2026-05-28T16:17:29.411Z</time>
			</trkpt>
			<trkpt lat="44.56296" lon="2.98884">
				<ele>1153.82</ele>
				<time>2026-05-28T16:17:31.046Z</time>
			</trkpt>
			<trkpt lat="44.56274" lon="2.98867">
				<ele>1151.7</ele>
				<time>2026-05-28T16:17:32.615Z</time>
			</trkpt>
			<trkpt lat="44.56106" lon="2.98787">
				<ele>1136.1</ele>
				<time>2026-05-28T16:17:43.943Z</time>
			</trkpt>
			<trkpt lat="44.56094" lon="2.98775">
				<ele>1135.26</ele>
				<time>2026-05-28T16:17:44.904Z</time>
			</trkpt>
			<trkpt lat="44.56062" lon="2.98668">
				<ele>1132.5</ele>
				<time>2026-05-28T16:17:50.356Z</time>
			</trkpt>
			<trkpt lat="44.56061" lon="2.98647">
				<ele>1131.59</ele>
				<time>2026-05-28T16:17:51.356Z</time>
			</trkpt>
			<trkpt lat="44.56066" lon="2.98632">
				<ele>1130.61</ele>
				<time>2026-05-28T16:17:52.145Z</time>
			</trkpt>
			<trkpt lat="44.5608" lon="2.98617">
				<ele>1128.93</ele>
				<time>2026-05-28T16:17:53.327Z</time>
			</trkpt>
			<trkpt lat="44.56097" lon="2.98603">
				<ele>1127.5</ele>
				<time>2026-05-28T16:17:54.656Z</time>
			</trkpt>
			<trkpt lat="44.56139" lon="2.98587">
				<ele>1127.57</ele>
				<time>2026-05-28T16:17:57.611Z</time>
			</trkpt>
			<trkpt lat="44.56148" lon="2.98581">
				<ele>1127.49</ele>
				<time>2026-05-28T16:17:58.292Z</time>
			</trkpt>
			<trkpt lat="44.56151" lon="2.98572">
				<ele>1126.92</ele>
				<time>2026-05-28T16:17:58.777Z</time>
			</trkpt>
			<trkpt lat="44.56148" lon="2.98561">
				<ele>1125.53</ele>
				<time>2026-05-28T16:17:59.352Z</time>
			</trkpt>
			<trkpt lat="44.56085" lon="2.98512">
				<ele>1115.39</ele>
				<time>2026-05-28T16:18:04.342Z</time>
			</trkpt>
			<trkpt lat="44.56072" lon="2.98523">
				<ele>1117.16</ele>
				<time>2026-05-28T16:18:05.404Z</time>
			</trkpt>
			<trkpt lat="44.56062" lon="2.98526">
				<ele>1118.29</ele>
				<time>2026-05-28T16:18:06.122Z</time>
			</trkpt>
			<trkpt lat="44.56051" lon="2.98525">
				<ele>1118.6</ele>
				<time>2026-05-28T16:18:06.898Z</time>
			</trkpt>
			<trkpt lat="44.56012" lon="2.98511">
				<ele>1117.33</ele>
				<time>2026-05-28T16:18:09.756Z</time>
			</trkpt>
			<trkpt lat="44.55991" lon="2.98507">
				<ele>1116.94</ele>
				<time>2026-05-28T16:18:11.275Z</time>
			</trkpt>
			<trkpt lat="44.55937" lon="2.98508">
				<ele>1113.3</ele>
				<time>2026-05-28T16:18:15.191Z</time>
			</trkpt>
			<trkpt lat="44.55918" lon="2.98514">
				<ele>1112.59</ele>
				<time>2026-05-28T16:18:16.619Z</time>
			</trkpt>
			<trkpt lat="44.55904" lon="2.98524">
				<ele>1112.45</ele>
				<time>2026-05-28T16:18:17.777Z</time>
			</trkpt>
			<trkpt lat="44.55866" lon="2.98574">
				<ele>1110.45</ele>
				<time>2026-05-28T16:18:21.653Z</time>
			</trkpt>
			<trkpt lat="44.55853" lon="2.98587">
				<ele>1108.15</ele>
				<time>2026-05-28T16:18:22.852Z</time>
			</trkpt>
			<trkpt lat="44.55838" lon="2.98592">
				<ele>1106.47</ele>
				<time>2026-05-28T16:18:24.015Z</time>
			</trkpt>
			<trkpt lat="44.55815" lon="2.98596">
				<ele>1103.65</ele>
				<time>2026-05-28T16:18:25.773Z</time>
			</trkpt>
			<trkpt lat="44.55791" lon="2.98594">
				<ele>1102.24</ele>
				<time>2026-05-28T16:18:27.607Z</time>
			</trkpt>
			<trkpt lat="44.55762" lon="2.98588">
				<ele>1101.89</ele>
				<time>2026-05-28T16:18:29.859Z</time>
			</trkpt>
			<trkpt lat="44.55748" lon="2.98589">
				<ele>1101.13</ele>
				<time>2026-05-28T16:18:30.942Z</time>
			</trkpt>
			<trkpt lat="44.55746" lon="2.98595">
				<ele>1100.16</ele>
				<time>2026-05-28T16:18:31.308Z</time>
			</trkpt>
			<trkpt lat="44.55747" lon="2.986">
				<ele>1099.82</ele>
				<time>2026-05-28T16:18:31.595Z</time>
			</trkpt>
			<trkpt lat="44.55751" lon="2.98605">
				<ele>1099.7</ele>
				<time>2026-05-28T16:18:32.010Z</time>
			</trkpt>
			<trkpt lat="44.55777" lon="2.98613">
				<ele>1099.56</ele>
				<time>2026-05-28T16:18:34.084Z</time>
			</trkpt>
			<trkpt lat="44.55858" lon="2.98656">
				<ele>1097.03</ele>
				<time>2026-05-28T16:18:40.920Z</time>
			</trkpt>
			<trkpt lat="44.55864" lon="2.98661">
				<ele>1096.79</ele>
				<time>2026-05-28T16:18:41.477Z</time>
			</trkpt>
			<trkpt lat="44.55878" lon="2.98691">
				<ele>1095.2</ele>
				<time>2026-05-28T16:18:43.523Z</time>
			</trkpt>
			<trkpt lat="44.559" lon="2.98728">
				<ele>1094.38</ele>
				<time>2026-05-28T16:18:46.289Z</time>
			</trkpt>
			<trkpt lat="44.55905" lon="2.98738">
				<ele>1094</ele>
				<time>2026-05-28T16:18:46.994Z</time>
			</trkpt>
			<trkpt lat="44.5594" lon="2.98844">
				<ele>1090.37</ele>
				<time>2026-05-28T16:18:53.794Z</time>
			</trkpt>
			<trkpt lat="44.55947" lon="2.98872">
				<ele>1089.78</ele>
				<time>2026-05-28T16:18:55.538Z</time>
			</trkpt>
			<trkpt lat="44.5595" lon="2.98903">
				<ele>1087.76</ele>
				<time>2026-05-28T16:18:57.385Z</time>
			</trkpt>
			<trkpt lat="44.5595" lon="2.98935">
				<ele>1084.34</ele>
				<time>2026-05-28T16:18:59.282Z</time>
			</trkpt>
			<trkpt lat="44.55942" lon="2.98994">
				<ele>1078.96</ele>
				<time>2026-05-28T16:19:02.862Z</time>
			</trkpt>
			<trkpt lat="44.55935" lon="2.99024">
				<ele>1077.47</ele>
				<time>2026-05-28T16:19:04.755Z</time>
			</trkpt>
			<trkpt lat="44.55926" lon="2.99046">
				<ele>1077.15</ele>
				<time>2026-05-28T16:19:06.281Z</time>
			</trkpt>
			<trkpt lat="44.55917" lon="2.99062">
				<ele>1077.73</ele>
				<time>2026-05-28T16:19:07.510Z</time>
			</trkpt>
			<trkpt lat="44.55903" lon="2.99075">
				<ele>1079.97</ele>
				<time>2026-05-28T16:19:08.935Z</time>
			</trkpt>
			<trkpt lat="44.55887" lon="2.99084">
				<ele>1082.09</ele>
				<time>2026-05-28T16:19:10.401Z</time>
			</trkpt>
			<trkpt lat="44.558" lon="2.99111">
				<ele>1087.21</ele>
				<time>2026-05-28T16:19:18.044Z</time>
			</trkpt>
			<trkpt lat="44.55765" lon="2.99125">
				<ele>1089.64</ele>
				<time>2026-05-28T16:19:21.193Z</time>
			</trkpt>
			<trkpt lat="44.55713" lon="2.99136">
				<ele>1092.09</ele>
				<time>2026-05-28T16:19:25.771Z</time>
			</trkpt>
			<trkpt lat="44.55699" lon="2.99142">
				<ele>1094</ele>
				<time>2026-05-28T16:19:27.050Z</time>
			</trkpt>
			<trkpt lat="44.55689" lon="2.99157">
				<ele>1095.53</ele>
				<time>2026-05-28T16:19:28.332Z</time>
			</trkpt>
			<trkpt lat="44.55684" lon="2.99174">
				<ele>1096.28</ele>
				<time>2026-05-28T16:19:29.482Z</time>
			</trkpt>
			<trkpt lat="44.55663" lon="2.99276">
				<ele>1098.53</ele>
				<time>2026-05-28T16:19:36.153Z</time>
			</trkpt>
			<trkpt lat="44.55652" lon="2.99336">
				<ele>1099.64</ele>
				<time>2026-05-28T16:19:40.071Z</time>
			</trkpt>
			<trkpt lat="44.55648" lon="2.99386">
				<ele>1101.18</ele>
				<time>2026-05-28T16:19:43.266Z</time>
			</trkpt>
			<trkpt lat="44.55648" lon="2.99461">
				<ele>1104.05</ele>
				<time>2026-05-28T16:19:48.048Z</time>
			</trkpt>
			<trkpt lat="44.55645" lon="2.99476">
				<ele>1103.6</ele>
				<time>2026-05-28T16:19:49.044Z</time>
			</trkpt>
			<trkpt lat="44.55639" lon="2.99492">
				<ele>1102.41</ele>
				<time>2026-05-28T16:19:50.202Z</time>
			</trkpt>
			<trkpt lat="44.55628" lon="2.99515">
				<ele>1100.69</ele>
				<time>2026-05-28T16:19:51.977Z</time>
			</trkpt>
			<trkpt lat="44.55617" lon="2.99526">
				<ele>1099.71</ele>
				<time>2026-05-28T16:19:53.194Z</time>
			</trkpt>
			<trkpt lat="44.55574" lon="2.99561">
				<ele>1099.46</ele>
				<time>2026-05-28T16:19:57.683Z</time>
			</trkpt>
			<trkpt lat="44.55561" lon="2.99566">
				<ele>1098.09</ele>
				<time>2026-05-28T16:19:58.903Z</time>
			</trkpt>
			<trkpt lat="44.55547" lon="2.99564">
				<ele>1096.79</ele>
				<time>2026-05-28T16:20:00.177Z</time>
			</trkpt>
			<trkpt lat="44.55514" lon="2.99543">
				<ele>1095.07</ele>
				<time>2026-05-28T16:20:03.466Z</time>
			</trkpt>
			<trkpt lat="44.55484" lon="2.99529">
				<ele>1092.95</ele>
				<time>2026-05-28T16:20:06.341Z</time>
			</trkpt>
			<trkpt lat="44.55439" lon="2.99504">
				<ele>1089.68</ele>
				<time>2026-05-28T16:20:10.752Z</time>
			</trkpt>
			<trkpt lat="44.55378" lon="2.99464">
				<ele>1085.72</ele>
				<time>2026-05-28T16:20:16.908Z</time>
			</trkpt>
			<trkpt lat="44.55361" lon="2.99448">
				<ele>1085.13</ele>
				<time>2026-05-28T16:20:18.782Z</time>
			</trkpt>
			<trkpt lat="44.55284" lon="2.99362">
				<ele>1082.01</ele>
				<time>2026-05-28T16:20:27.816Z</time>
			</trkpt>
			<trkpt lat="44.55246" lon="2.99326">
				<ele>1079.89</ele>
				<time>2026-05-28T16:20:32.033Z</time>
			</trkpt>
			<trkpt lat="44.55167" lon="2.99274">
				<ele>1075.07</ele>
				<time>2026-05-28T16:20:40.069Z</time>
			</trkpt>
			<trkpt lat="44.55143" lon="2.99261">
				<ele>1072.16</ele>
				<time>2026-05-28T16:20:42.439Z</time>
			</trkpt>
			<trkpt lat="44.551" lon="2.99257">
				<ele>1069.74</ele>
				<time>2026-05-28T16:20:46.411Z</time>
			</trkpt>
			<trkpt lat="44.55093" lon="2.99254">
				<ele>1068.96</ele>
				<time>2026-05-28T16:20:47.085Z</time>
			</trkpt>
			<trkpt lat="44.55077" lon="2.99239">
				<ele>1068.01</ele>
				<time>2026-05-28T16:20:48.859Z</time>
			</trkpt>
			<trkpt lat="44.55067" lon="2.99213">
				<ele>1068.15</ele>
				<time>2026-05-28T16:20:50.799Z</time>
			</trkpt>
			<trkpt lat="44.55056" lon="2.99208">
				<ele>1067.09</ele>
				<time>2026-05-28T16:20:51.864Z</time>
			</trkpt>
			<trkpt lat="44.55037" lon="2.99184">
				<ele>1065.77</ele>
				<time>2026-05-28T16:20:54.219Z</time>
			</trkpt>
			<trkpt lat="44.55005" lon="2.99157">
				<ele>1062.89</ele>
				<time>2026-05-28T16:20:57.657Z</time>
			</trkpt>
			<trkpt lat="44.54993" lon="2.99138">
				<ele>1062.09</ele>
				<time>2026-05-28T16:20:59.322Z</time>
			</trkpt>
			<trkpt lat="44.54978" lon="2.99094">
				<ele>1061.31</ele>
				<time>2026-05-28T16:21:02.520Z</time>
			</trkpt>
			<trkpt lat="44.54971" lon="2.99088">
				<ele>1060.64</ele>
				<time>2026-05-28T16:21:03.274Z</time>
			</trkpt>
			<trkpt lat="44.54963" lon="2.99089">
				<ele>1059.37</ele>
				<time>2026-05-28T16:21:04.012Z</time>
			</trkpt>
			<trkpt lat="44.54954" lon="2.991">
				<ele>1057.52</ele>
				<time>2026-05-28T16:21:05.109Z</time>
			</trkpt>
			<trkpt lat="44.54941" lon="2.99125">
				<ele>1054.2</ele>
				<time>2026-05-28T16:21:07.135Z</time>
			</trkpt>
			<trkpt lat="44.54936" lon="2.99146">
				<ele>1052.86</ele>
				<time>2026-05-28T16:21:08.583Z</time>
			</trkpt>
			<trkpt lat="44.54931" lon="2.99153">
				<ele>1051.84</ele>
				<time>2026-05-28T16:21:09.231Z</time>
			</trkpt>
			<trkpt lat="44.54898" lon="2.99151">
				<ele>1047.48</ele>
				<time>2026-05-28T16:21:12.260Z</time>
			</trkpt>
			<trkpt lat="44.54863" lon="2.99141">
				<ele>1044.05</ele>
				<time>2026-05-28T16:21:15.539Z</time>
			</trkpt>
			<trkpt lat="44.54699" lon="2.99046">
				<ele>1024.85</ele>
				<time>2026-05-28T16:21:32.044Z</time>
			</trkpt>
			<trkpt lat="44.54538" lon="2.98965">
				<ele>1013.14</ele>
				<time>2026-05-28T16:21:48.290Z</time>
			</trkpt>
			<trkpt lat="44.54504" lon="2.98966">
				<ele>1012.39</ele>
				<time>2026-05-28T16:21:51.558Z</time>
			</trkpt>
			<trkpt lat="44.54401" lon="2.99002">
				<ele>999.98</ele>
				<time>2026-05-28T16:22:01.837Z</time>
			</trkpt>
			<trkpt lat="44.54254" lon="2.99026">
				<ele>989.66</ele>
				<time>2026-05-28T16:22:16.360Z</time>
			</trkpt>
			<trkpt lat="44.5422" lon="2.99021">
				<ele>984.84</ele>
				<time>2026-05-28T16:22:19.746Z</time>
			</trkpt>
			<trkpt lat="44.54201" lon="2.9901">
				<ele>981.78</ele>
				<time>2026-05-28T16:22:21.787Z</time>
			</trkpt>
			<trkpt lat="44.54156" lon="2.9896">
				<ele>973.57</ele>
				<time>2026-05-28T16:22:27.509Z</time>
			</trkpt>
			<trkpt lat="44.54139" lon="2.98929">
				<ele>969.34</ele>
				<time>2026-05-28T16:22:30.299Z</time>
			</trkpt>
			<trkpt lat="44.54122" lon="2.9888">
				<ele>968.28</ele>
				<time>2026-05-28T16:22:34.198Z</time>
			</trkpt>
			<trkpt lat="44.54116" lon="2.98859">
				<ele>967.77</ele>
				<time>2026-05-28T16:22:35.821Z</time>
			</trkpt>
			<trkpt lat="44.54112" lon="2.98814">
				<ele>967.74</ele>
				<time>2026-05-28T16:22:39.081Z</time>
			</trkpt>
			<trkpt lat="44.54108" lon="2.98799">
				<ele>967.3</ele>
				<time>2026-05-28T16:22:40.235Z</time>
			</trkpt>
			<trkpt lat="44.54101" lon="2.98785">
				<ele>965.85</ele>
				<time>2026-05-28T16:22:41.468Z</time>
			</trkpt>
			<trkpt lat="44.54086" lon="2.98763">
				<ele>963.42</ele>
				<time>2026-05-28T16:22:43.667Z</time>
			</trkpt>
			<trkpt lat="44.54028" lon="2.98707">
				<ele>954.09</ele>
				<time>2026-05-28T16:22:50.830Z</time>
			</trkpt>
			<trkpt lat="44.54009" lon="2.98681">
				<ele>950.23</ele>
				<time>2026-05-28T16:22:53.541Z</time>
			</trkpt>
			<trkpt lat="44.53998" lon="2.98659">
				<ele>947.03</ele>
				<time>2026-05-28T16:22:55.501Z</time>
			</trkpt>
			<trkpt lat="44.53996" lon="2.98636">
				<ele>944.35</ele>
				<time>2026-05-28T16:22:57.194Z</time>
			</trkpt>
			<trkpt lat="44.53995" lon="2.98617">
				<ele>941.81</ele>
				<time>2026-05-28T16:22:58.588Z</time>
			</trkpt>
			<trkpt lat="44.5399" lon="2.98606">
				<ele>940.29</ele>
				<time>2026-05-28T16:22:59.543Z</time>
			</trkpt>
			<trkpt lat="44.53981" lon="2.98603">
				<ele>939.84</ele>
				<time>2026-05-28T16:23:00.494Z</time>
			</trkpt>
			<trkpt lat="44.53973" lon="2.98607">
				<ele>940.41</ele>
				<time>2026-05-28T16:23:01.368Z</time>
			</trkpt>
			<trkpt lat="44.53955" lon="2.98628">
				<ele>939.64</ele>
				<time>2026-05-28T16:23:03.780Z</time>
			</trkpt>
			<trkpt lat="44.53948" lon="2.98652">
				<ele>937.34</ele>
				<time>2026-05-28T16:23:05.687Z</time>
			</trkpt>
			<trkpt lat="44.53944" lon="2.98681">
				<ele>933.51</ele>
				<time>2026-05-28T16:23:07.863Z</time>
			</trkpt>
			<trkpt lat="44.53949" lon="2.98711">
				<ele>930.59</ele>
				<time>2026-05-28T16:23:10.137Z</time>
			</trkpt>
			<trkpt lat="44.53961" lon="2.98733">
				<ele>930.63</ele>
				<time>2026-05-28T16:23:12.185Z</time>
			</trkpt>
			<trkpt lat="44.53981" lon="2.98768">
				<ele>930.53</ele>
				<time>2026-05-28T16:23:15.507Z</time>
			</trkpt>
			<trkpt lat="44.53986" lon="2.98782">
				<ele>929.44</ele>
				<time>2026-05-28T16:23:16.669Z</time>
			</trkpt>
			<trkpt lat="44.53987" lon="2.988">
				<ele>927.67</ele>
				<time>2026-05-28T16:23:18.009Z</time>
			</trkpt>
			<trkpt lat="44.53984" lon="2.98831">
				<ele>925.5</ele>
				<time>2026-05-28T16:23:20.335Z</time>
			</trkpt>
			<trkpt lat="44.53984" lon="2.98861">
				<ele>925.16</ele>
				<time>2026-05-28T16:23:22.570Z</time>
			</trkpt>
			<trkpt lat="44.5399" lon="2.98886">
				<ele>926.22</ele>
				<time>2026-05-28T16:23:24.537Z</time>
			</trkpt>
			<trkpt lat="44.54003" lon="2.98903">
				<ele>928.27</ele>
				<time>2026-05-28T16:23:26.399Z</time>
			</trkpt>
			<trkpt lat="44.54006" lon="2.9891">
				<ele>928.46</ele>
				<time>2026-05-28T16:23:27.010Z</time>
			</trkpt>
			<trkpt lat="44.54006" lon="2.9892">
				<ele>928.15</ele>
				<time>2026-05-28T16:23:27.758Z</time>
			</trkpt>
			<trkpt lat="44.54002" lon="2.98933">
				<ele>927.39</ele>
				<time>2026-05-28T16:23:28.817Z</time>
			</trkpt>
			<trkpt lat="44.53995" lon="2.98936">
				<ele>926.18</ele>
				<time>2026-05-28T16:23:29.586Z</time>
			</trkpt>
			<trkpt lat="44.53985" lon="2.98935">
				<ele>924.11</ele>
				<time>2026-05-28T16:23:30.640Z</time>
			</trkpt>
			<trkpt lat="44.53971" lon="2.9893">
				<ele>921.89</ele>
				<time>2026-05-28T16:23:32.160Z</time>
			</trkpt>
			<trkpt lat="44.5394" lon="2.98908">
				<ele>919.06</ele>
				<time>2026-05-28T16:23:35.821Z</time>
			</trkpt>
			<trkpt lat="44.53848" lon="2.98868">
				<ele>919.44</ele>
				<time>2026-05-28T16:23:46.018Z</time>
			</trkpt>
			<trkpt lat="44.53792" lon="2.98831">
				<ele>923.67</ele>
				<time>2026-05-28T16:23:52.606Z</time>
			</trkpt>
			<trkpt lat="44.53773" lon="2.98824">
				<ele>923.39</ele>
				<time>2026-05-28T16:23:54.702Z</time>
			</trkpt>
			<trkpt lat="44.53751" lon="2.98819">
				<ele>921.14</ele>
				<time>2026-05-28T16:23:57.083Z</time>
			</trkpt>
			<trkpt lat="44.53735" lon="2.9881">
				<ele>921.96</ele>
				<time>2026-05-28T16:23:58.928Z</time>
			</trkpt>
			<trkpt lat="44.53678" lon="2.98756">
				<ele>924.06</ele>
				<time>2026-05-28T16:24:06.305Z</time>
			</trkpt>
			<trkpt lat="44.53654" lon="2.98723">
				<ele>922.05</ele>
				<time>2026-05-28T16:24:09.921Z</time>
			</trkpt>
			<trkpt lat="44.53642" lon="2.98704">
				<ele>922.19</ele>
				<time>2026-05-28T16:24:11.871Z</time>
			</trkpt>
			<trkpt lat="44.53605" lon="2.98658">
				<ele>920.32</ele>
				<time>2026-05-28T16:24:17.209Z</time>
			</trkpt>
			<trkpt lat="44.53593" lon="2.98638">
				<ele>921.03</ele>
				<time>2026-05-28T16:24:19.225Z</time>
			</trkpt>
			<trkpt lat="44.53581" lon="2.98598">
				<ele>923.44</ele>
				<time>2026-05-28T16:24:22.577Z</time>
			</trkpt>
			<trkpt lat="44.53563" lon="2.98512">
				<ele>926.13</ele>
				<time>2026-05-28T16:24:29.516Z</time>
			</trkpt>
			<trkpt lat="44.53559" lon="2.98462">
				<ele>919.97</ele>
				<time>2026-05-28T16:24:33.422Z</time>
			</trkpt>
			<trkpt lat="44.53554" lon="2.98442">
				<ele>918.98</ele>
				<time>2026-05-28T16:24:35.069Z</time>
			</trkpt>
			<trkpt lat="44.53546" lon="2.98427">
				<ele>919</ele>
				<time>2026-05-28T16:24:36.526Z</time>
			</trkpt>
			<trkpt lat="44.53534" lon="2.98414">
				<ele>921.27</ele>
				<time>2026-05-28T16:24:38.182Z</time>
			</trkpt>
			<trkpt lat="44.53471" lon="2.98332">
				<ele>913.61</ele>
				<time>2026-05-28T16:24:47.591Z</time>
			</trkpt>
			<trkpt lat="44.53419" lon="2.98291">
				<ele>903.82</ele>
				<time>2026-05-28T16:24:54.144Z</time>
			</trkpt>
			<trkpt lat="44.53384" lon="2.98273">
				<ele>900.21</ele>
				<time>2026-05-28T16:24:58.249Z</time>
			</trkpt>
			<trkpt lat="44.53344" lon="2.98265">
				<ele>901.62</ele>
				<time>2026-05-28T16:25:02.706Z</time>
			</trkpt>
			<trkpt lat="44.53314" lon="2.98251">
				<ele>899.96</ele>
				<time>2026-05-28T16:25:06.199Z</time>
			</trkpt>
			<trkpt lat="44.53215" lon="2.98181">
				<ele>889.89</ele>
				<time>2026-05-28T16:25:18.483Z</time>
			</trkpt>
			<trkpt lat="44.53127" lon="2.98101">
				<ele>885.33</ele>
				<time>2026-05-28T16:25:30.152Z</time>
			</trkpt>
			<trkpt lat="44.53096" lon="2.98056">
				<ele>881.13</ele>
				<time>2026-05-28T16:25:35.130Z</time>
			</trkpt>
			<trkpt lat="44.53056" lon="2.97978">
				<ele>877.39</ele>
				<time>2026-05-28T16:25:42.787Z</time>
			</trkpt>
			<trkpt lat="44.5304" lon="2.97952">
				<ele>876.25</ele>
				<time>2026-05-28T16:25:45.529Z</time>
			</trkpt>
			<trkpt lat="44.53021" lon="2.97928">
				<ele>875.03</ele>
				<time>2026-05-28T16:25:48.394Z</time>
			</trkpt>
			<trkpt lat="44.52991" lon="2.97906">
				<ele>875.47</ele>
				<time>2026-05-28T16:25:52.191Z</time>
			</trkpt>
			<trkpt lat="44.52962" lon="2.97889">
				<ele>873.63</ele>
				<time>2026-05-28T16:25:55.720Z</time>
			</trkpt>
			<trkpt lat="44.52951" lon="2.97875">
				<ele>872.07</ele>
				<time>2026-05-28T16:25:57.389Z</time>
			</trkpt>
			<trkpt lat="44.52944" lon="2.97862">
				<ele>870.19</ele>
				<time>2026-05-28T16:25:58.695Z</time>
			</trkpt>
			<trkpt lat="44.5294" lon="2.9784">
				<ele>868.52</ele>
				<time>2026-05-28T16:26:00.515Z</time>
			</trkpt>
			<trkpt lat="44.52928" lon="2.97669">
				<ele>870.85</ele>
				<time>2026-05-28T16:26:14.314Z</time>
			</trkpt>
			<trkpt lat="44.5292" lon="2.97635">
				<ele>869.16</ele>
				<time>2026-05-28T16:26:17.195Z</time>
			</trkpt>
			<trkpt lat="44.52908" lon="2.97602">
				<ele>866</ele>
				<time>2026-05-28T16:26:20.177Z</time>
			</trkpt>
			<trkpt lat="44.52877" lon="2.97551">
				<ele>861.84</ele>
				<time>2026-05-28T16:26:25.578Z</time>
			</trkpt>
			<trkpt lat="44.52784" lon="2.97449">
				<ele>858.6</ele>
				<time>2026-05-28T16:26:38.946Z</time>
			</trkpt>
			<trkpt lat="44.52717" lon="2.97364">
				<ele>852.53</ele>
				<time>2026-05-28T16:26:49.195Z</time>
			</trkpt>
			<trkpt lat="44.52682" lon="2.97323">
				<ele>852.5</ele>
				<time>2026-05-28T16:26:54.374Z</time>
			</trkpt>
			<trkpt lat="44.52582" lon="2.97228">
				<ele>844.7</ele>
				<time>2026-05-28T16:27:08.108Z</time>
			</trkpt>
			<trkpt lat="44.5255" lon="2.97208">
				<ele>840.49</ele>
				<time>2026-05-28T16:27:12.096Z</time>
			</trkpt>
			<trkpt lat="44.52538" lon="2.97203">
				<ele>839.18</ele>
				<time>2026-05-28T16:27:13.521Z</time>
			</trkpt>
			<trkpt lat="44.52524" lon="2.97202">
				<ele>838.5</ele>
				<time>2026-05-28T16:27:15.117Z</time>
			</trkpt>
			<trkpt lat="44.52508" lon="2.97206">
				<ele>838.36</ele>
				<time>2026-05-28T16:27:16.968Z</time>
			</trkpt>
			<trkpt lat="44.52472" lon="2.97227">
				<ele>838.99</ele>
				<time>2026-05-28T16:27:21.409Z</time>
			</trkpt>
			<trkpt lat="44.52445" lon="2.97246">
				<ele>837.07</ele>
				<time>2026-05-28T16:27:24.851Z</time>
			</trkpt>
			<trkpt lat="44.52427" lon="2.97264">
				<ele>838.77</ele>
				<time>2026-05-28T16:27:27.370Z</time>
			</trkpt>
			<trkpt lat="44.52415" lon="2.97279">
				<ele>838.95</ele>
				<time>2026-05-28T16:27:29.202Z</time>
			</trkpt>
			<trkpt lat="44.52405" lon="2.97295">
				<ele>838</ele>
				<time>2026-05-28T16:27:30.932Z</time>
			</trkpt>
			<trkpt lat="44.52397" lon="2.97312">
				<ele>836.45</ele>
				<time>2026-05-28T16:27:32.587Z</time>
			</trkpt>
			<trkpt lat="44.52391" lon="2.97313">
				<ele>835.29</ele>
				<time>2026-05-28T16:27:33.276Z</time>
			</trkpt>
			<trkpt lat="44.52384" lon="2.97308">
				<ele>833.85</ele>
				<time>2026-05-28T16:27:34.172Z</time>
			</trkpt>
			<trkpt lat="44.52356" lon="2.97252">
				<ele>832.45</ele>
				<time>2026-05-28T16:27:39.732Z</time>
			</trkpt>
			<trkpt lat="44.52321" lon="2.97189">
				<ele>830.31</ele>
				<time>2026-05-28T16:27:46.226Z</time>
			</trkpt>
			<trkpt lat="44.52297" lon="2.9716">
				<ele>830.76</ele>
				<time>2026-05-28T16:27:49.839Z</time>
			</trkpt>
			<trkpt lat="44.5227" lon="2.9714">
				<ele>830.65</ele>
				<time>2026-05-28T16:27:53.322Z</time>
			</trkpt>
			<trkpt lat="44.52244" lon="2.97123">
				<ele>830.5</ele>
				<time>2026-05-28T16:27:56.594Z</time>
			</trkpt>
			<trkpt lat="44.52185" lon="2.97097">
				<ele>832.08</ele>
				<time>2026-05-28T16:28:03.647Z</time>
			</trkpt>
			<trkpt lat="44.52163" lon="2.97095">
				<ele>831.53</ele>
				<time>2026-05-28T16:28:06.162Z</time>
			</trkpt>
			<trkpt lat="44.5211" lon="2.97101">
				<ele>826.69</ele>
				<time>2026-05-28T16:28:12.225Z</time>
			</trkpt>
			<trkpt lat="44.52091" lon="2.97101">
				<ele>826.21</ele>
				<time>2026-05-28T16:28:14.392Z</time>
			</trkpt>
			<trkpt lat="44.52075" lon="2.97094">
				<ele>824.7</ele>
				<time>2026-05-28T16:28:16.302Z</time>
			</trkpt>
			<trkpt lat="44.5206" lon="2.97082">
				<ele>822.74</ele>
				<time>2026-05-28T16:28:18.271Z</time>
			</trkpt>
			<trkpt lat="44.52044" lon="2.97064">
				<ele>819.44</ele>
				<time>2026-05-28T16:28:20.609Z</time>
			</trkpt>
			<trkpt lat="44.51984" lon="2.9698">
				<ele>813.93</ele>
				<time>2026-05-28T16:28:30.269Z</time>
			</trkpt>
			<trkpt lat="44.5196" lon="2.96934">
				<ele>812.74</ele>
				<time>2026-05-28T16:28:34.897Z</time>
			</trkpt>
			<trkpt lat="44.51909" lon="2.96866">
				<ele>807.72</ele>
				<time>2026-05-28T16:28:42.907Z</time>
			</trkpt>
			<trkpt lat="44.51842" lon="2.96757">
				<ele>800.1</ele>
				<time>2026-05-28T16:28:54.574Z</time>
			</trkpt>
			<trkpt lat="44.51811" lon="2.96701">
				<ele>799.55</ele>
				<time>2026-05-28T16:29:00.316Z</time>
			</trkpt>
			<trkpt lat="44.51798" lon="2.96641">
				<ele>794.43</ele>
				<time>2026-05-28T16:29:05.391Z</time>
			</trkpt>
			<trkpt lat="44.51792" lon="2.96596">
				<ele>794.01</ele>
				<time>2026-05-28T16:29:09.093Z</time>
			</trkpt>
			<trkpt lat="44.51788" lon="2.96577">
				<ele>793.86</ele>
				<time>2026-05-28T16:29:10.694Z</time>
			</trkpt>
			<trkpt lat="44.51742" lon="2.96442">
				<ele>791.04</ele>
				<time>2026-05-28T16:29:22.775Z</time>
			</trkpt>
			<trkpt lat="44.51716" lon="2.96372">
				<ele>788.84</ele>
				<time>2026-05-28T16:29:29.137Z</time>
			</trkpt>
			<trkpt lat="44.51677" lon="2.9625">
				<ele>786.2</ele>
				<time>2026-05-28T16:29:39.894Z</time>
			</trkpt>
			<trkpt lat="44.51671" lon="2.96209">
				<ele>784.01</ele>
				<time>2026-05-28T16:29:43.257Z</time>
			</trkpt>
			<trkpt lat="44.51668" lon="2.96143">
				<ele>777.83</ele>
				<time>2026-05-28T16:29:48.564Z</time>
			</trkpt>
			<trkpt lat="44.51665" lon="2.96117">
				<ele>778.18</ele>
				<time>2026-05-28T16:29:50.676Z</time>
			</trkpt>
			<trkpt lat="44.51655" lon="2.96092">
				<ele>778.34</ele>
				<time>2026-05-28T16:29:52.973Z</time>
			</trkpt>
			<trkpt lat="44.51641" lon="2.96074">
				<ele>776.19</ele>
				<time>2026-05-28T16:29:55.106Z</time>
			</trkpt>
			<trkpt lat="44.51575" lon="2.96025">
				<ele>768.54</ele>
				<time>2026-05-28T16:30:03.481Z</time>
			</trkpt>
			<trkpt lat="44.51553" lon="2.96012">
				<ele>767.88</ele>
				<time>2026-05-28T16:30:06.154Z</time>
			</trkpt>
			<trkpt lat="44.51546" lon="2.96006">
				<ele>767.83</ele>
				<time>2026-05-28T16:30:07.073Z</time>
			</trkpt>
			<trkpt lat="44.51542" lon="2.95999">
				<ele>768.09</ele>
				<time>2026-05-28T16:30:07.788Z</time>
			</trkpt>
			<trkpt lat="44.5154" lon="2.9599">
				<ele>767.94</ele>
				<time>2026-05-28T16:30:08.540Z</time>
			</trkpt>
			<trkpt lat="44.51471" lon="2.95933">
				<ele>762.78</ele>
				<time>2026-05-28T16:30:17.486Z</time>
			</trkpt>
			<trkpt lat="44.51441" lon="2.95917">
				<ele>760.01</ele>
				<time>2026-05-28T16:30:21.064Z</time>
			</trkpt>
			<trkpt lat="44.51289" lon="2.95868">
				<ele>753.42</ele>
				<time>2026-05-28T16:30:38.390Z</time>
			</trkpt>
			<trkpt lat="44.51268" lon="2.95856">
				<ele>752.98</ele>
				<time>2026-05-28T16:30:40.900Z</time>
			</trkpt>
			<trkpt lat="44.51246" lon="2.95831">
				<ele>750.38</ele>
				<time>2026-05-28T16:30:44.031Z</time>
			</trkpt>
			<trkpt lat="44.5121" lon="2.95812">
				<ele>745.95</ele>
				<time>2026-05-28T16:30:48.278Z</time>
			</trkpt>
			<trkpt lat="44.51128" lon="2.95752">
				<ele>741.57</ele>
				<time>2026-05-28T16:30:58.461Z</time>
			</trkpt>
			<trkpt lat="44.51116" lon="2.95748">
				<ele>741.75</ele>
				<time>2026-05-28T16:30:59.815Z</time>
			</trkpt>
			<trkpt lat="44.51106" lon="2.95751">
				<ele>742.83</ele>
				<time>2026-05-28T16:31:00.938Z</time>
			</trkpt>
			<trkpt lat="44.51038" lon="2.95795">
				<ele>743.37</ele>
				<time>2026-05-28T16:31:09.142Z</time>
			</trkpt>
			<trkpt lat="44.51011" lon="2.9581">
				<ele>743.21</ele>
				<time>2026-05-28T16:31:12.315Z</time>
			</trkpt>
			<trkpt lat="44.50991" lon="2.95817">
				<ele>743.26</ele>
				<time>2026-05-28T16:31:14.564Z</time>
			</trkpt>
			<trkpt lat="44.50977" lon="2.95818">
				<ele>743.44</ele>
				<time>2026-05-28T16:31:16.093Z</time>
			</trkpt>
			<trkpt lat="44.5089" lon="2.95811">
				<ele>738.93</ele>
				<time>2026-05-28T16:31:25.568Z</time>
			</trkpt>
			<trkpt lat="44.50877" lon="2.95807">
				<ele>738.38</ele>
				<time>2026-05-28T16:31:27.012Z</time>
			</trkpt>
			<trkpt lat="44.50858" lon="2.95795">
				<ele>738.48</ele>
				<time>2026-05-28T16:31:29.269Z</time>
			</trkpt>
			<trkpt lat="44.50842" lon="2.95787">
				<ele>737.72</ele>
				<time>2026-05-28T16:31:31.108Z</time>
			</trkpt>
			<trkpt lat="44.50826" lon="2.95785">
				<ele>736.23</ele>
				<time>2026-05-28T16:31:32.845Z</time>
			</trkpt>
			<trkpt lat="44.50754" lon="2.95797">
				<ele>730.93</ele>
				<time>2026-05-28T16:31:40.665Z</time>
			</trkpt>
			<trkpt lat="44.50738" lon="2.95794">
				<ele>729.78</ele>
				<time>2026-05-28T16:31:42.401Z</time>
			</trkpt>
			<trkpt lat="44.50724" lon="2.95785">
				<ele>729.36</ele>
				<time>2026-05-28T16:31:44.056Z</time>
			</trkpt>
			<trkpt lat="44.50711" lon="2.95769">
				<ele>729.31</ele>
				<time>2026-05-28T16:31:45.913Z</time>
			</trkpt>
			<trkpt lat="44.50691" lon="2.95736">
				<ele>727.29</ele>
				<time>2026-05-28T16:31:49.225Z</time>
			</trkpt>
			<trkpt lat="44.50674" lon="2.95701">
				<ele>723.05</ele>
				<time>2026-05-28T16:31:52.456Z</time>
			</trkpt>
			<trkpt lat="44.50662" lon="2.95651">
				<ele>722.64</ele>
				<time>2026-05-28T16:31:56.473Z</time>
			</trkpt>
			<trkpt lat="44.50656" lon="2.95562">
				<ele>719.89</ele>
				<time>2026-05-28T16:32:03.259Z</time>
			</trkpt>
			<trkpt lat="44.50657" lon="2.95539">
				<ele>718.83</ele>
				<time>2026-05-28T16:32:05.003Z</time>
			</trkpt>
			<trkpt lat="44.50661" lon="2.9552">
				<ele>717.7</ele>
				<time>2026-05-28T16:32:06.501Z</time>
			</trkpt>
			<trkpt lat="44.50668" lon="2.95504">
				<ele>717.84</ele>
				<time>2026-05-28T16:32:07.920Z</time>
			</trkpt>
			<trkpt lat="44.50689" lon="2.95471">
				<ele>721.61</ele>
				<time>2026-05-28T16:32:11.256Z</time>
			</trkpt>
			<trkpt lat="44.50697" lon="2.95447">
				<ele>723.21</ele>
				<time>2026-05-28T16:32:13.251Z</time>
			</trkpt>
			<trkpt lat="44.50699" lon="2.95421">
				<ele>722.94</ele>
				<time>2026-05-28T16:32:15.218Z</time>
			</trkpt>
			<trkpt lat="44.50685" lon="2.95374">
				<ele>720.15</ele>
				<time>2026-05-28T16:32:19.041Z</time>
			</trkpt>
			<trkpt lat="44.50672" lon="2.95347">
				<ele>719.63</ele>
				<time>2026-05-28T16:32:21.482Z</time>
			</trkpt>
			<trkpt lat="44.50622" lon="2.95294">
				<ele>715.65</ele>
				<time>2026-05-28T16:32:28.044Z</time>
			</trkpt>
			<trkpt lat="44.50606" lon="2.95283">
				<ele>715.59</ele>
				<time>2026-05-28T16:32:29.905Z</time>
			</trkpt>
			<trkpt lat="44.50566" lon="2.95276">
				<ele>712.43</ele>
				<time>2026-05-28T16:32:34.104Z</time>
			</trkpt>
			<trkpt lat="44.5053" lon="2.95277">
				<ele>705.79</ele>
				<time>2026-05-28T16:32:37.843Z</time>
			</trkpt>
			<trkpt lat="44.50513" lon="2.95275">
				<ele>702.71</ele>
				<time>2026-05-28T16:32:39.612Z</time>
			</trkpt>
			<trkpt lat="44.50499" lon="2.9527">
				<ele>701.27</ele>
				<time>2026-05-28T16:32:41.107Z</time>
			</trkpt>
			<trkpt lat="44.50485" lon="2.95262">
				<ele>699.94</ele>
				<time>2026-05-28T16:32:42.670Z</time>
			</trkpt>
			<trkpt lat="44.5047" lon="2.9525">
				<ele>698.5</ele>
				<time>2026-05-28T16:32:44.454Z</time>
			</trkpt>
			<trkpt lat="44.50458" lon="2.95234">
				<ele>698.53</ele>
				<time>2026-05-28T16:32:46.161Z</time>
			</trkpt>
			<trkpt lat="44.50439" lon="2.95192">
				<ele>700.48</ele>
				<time>2026-05-28T16:32:49.812Z</time>
			</trkpt>
			<trkpt lat="44.50423" lon="2.95175">
				<ele>698.88</ele>
				<time>2026-05-28T16:32:51.873Z</time>
			</trkpt>
			<trkpt lat="44.50394" lon="2.95137">
				<ele>693.5</ele>
				<time>2026-05-28T16:32:55.938Z</time>
			</trkpt>
			<trkpt lat="44.50388" lon="2.95121">
				<ele>692.74</ele>
				<time>2026-05-28T16:32:57.256Z</time>
			</trkpt>
			<trkpt lat="44.50385" lon="2.95104">
				<ele>693.96</ele>
				<time>2026-05-28T16:32:58.531Z</time>
			</trkpt>
			<trkpt lat="44.50383" lon="2.95057">
				<ele>702.2</ele>
				<time>2026-05-28T16:33:01.952Z</time>
			</trkpt>
			<trkpt lat="44.5038" lon="2.95042">
				<ele>704.8</ele>
				<time>2026-05-28T16:33:03.082Z</time>
			</trkpt>
			<trkpt lat="44.50374" lon="2.9503">
				<ele>704.86</ele>
				<time>2026-05-28T16:33:04.143Z</time>
			</trkpt>
			<trkpt lat="44.50358" lon="2.95015">
				<ele>701.54</ele>
				<time>2026-05-28T16:33:06.096Z</time>
			</trkpt>
			<trkpt lat="44.50335" lon="2.94998">
				<ele>701.17</ele>
				<time>2026-05-28T16:33:08.729Z</time>
			</trkpt>
			<trkpt lat="44.50317" lon="2.94989">
				<ele>700.6</ele>
				<time>2026-05-28T16:33:10.660Z</time>
			</trkpt>
			<trkpt lat="44.50275" lon="2.9498">
				<ele>693.97</ele>
				<time>2026-05-28T16:33:14.941Z</time>
			</trkpt>
			<trkpt lat="44.50256" lon="2.94972">
				<ele>691.65</ele>
				<time>2026-05-28T16:33:16.935Z</time>
			</trkpt>
			<trkpt lat="44.50246" lon="2.9496">
				<ele>692.53</ele>
				<time>2026-05-28T16:33:18.255Z</time>
			</trkpt>
			<trkpt lat="44.50208" lon="2.94893">
				<ele>696.03</ele>
				<time>2026-05-28T16:33:24.360Z</time>
			</trkpt>
			<trkpt lat="44.50187" lon="2.94866">
				<ele>694.02</ele>
				<time>2026-05-28T16:33:27.196Z</time>
			</trkpt>
			<trkpt lat="44.50169" lon="2.9485">
				<ele>690.88</ele>
				<time>2026-05-28T16:33:29.313Z</time>
			</trkpt>
			<trkpt lat="44.50087" lon="2.9479">
				<ele>685.86</ele>
				<time>2026-05-28T16:33:38.448Z</time>
			</trkpt>
			<trkpt lat="44.50047" lon="2.94759">
				<ele>681.61</ele>
				<time>2026-05-28T16:33:42.931Z</time>
			</trkpt>
			<trkpt lat="44.49996" lon="2.94673">
				<ele>680.61</ele>
				<time>2026-05-28T16:33:50.704Z</time>
			</trkpt>
			<trkpt lat="44.49991" lon="2.94655">
				<ele>680.6</ele>
				<time>2026-05-28T16:33:52.040Z</time>
			</trkpt>
			<trkpt lat="44.49982" lon="2.94605">
				<ele>682.23</ele>
				<time>2026-05-28T16:33:55.596Z</time>
			</trkpt>
			<trkpt lat="44.49978" lon="2.94579">
				<ele>681.8</ele>
				<time>2026-05-28T16:33:57.425Z</time>
			</trkpt>
			<trkpt lat="44.49981" lon="2.94556">
				<ele>681.6</ele>
				<time>2026-05-28T16:33:59.030Z</time>
			</trkpt>
			<trkpt lat="44.49974" lon="2.94536">
				<ele>680.35</ele>
				<time>2026-05-28T16:34:00.556Z</time>
			</trkpt>
			<trkpt lat="44.49905" lon="2.9443">
				<ele>674.94</ele>
				<time>2026-05-28T16:34:10.321Z</time>
			</trkpt>
			<trkpt lat="44.4989" lon="2.94416">
				<ele>674.1</ele>
				<time>2026-05-28T16:34:12.028Z</time>
			</trkpt>
			<trkpt lat="44.49858" lon="2.944">
				<ele>669.87</ele>
				<time>2026-05-28T16:34:15.237Z</time>
			</trkpt>
			<trkpt lat="44.49847" lon="2.9439">
				<ele>669.37</ele>
				<time>2026-05-28T16:34:16.472Z</time>
			</trkpt>
			<trkpt lat="44.49798" lon="2.94321">
				<ele>664.54</ele>
				<time>2026-05-28T16:34:22.982Z</time>
			</trkpt>
			<trkpt lat="44.49783" lon="2.94295">
				<ele>662.47</ele>
				<time>2026-05-28T16:34:25.205Z</time>
			</trkpt>
			<trkpt lat="44.49768" lon="2.94254">
				<ele>658.83</ele>
				<time>2026-05-28T16:34:28.257Z</time>
			</trkpt>
			<trkpt lat="44.4976" lon="2.94214">
				<ele>658.2</ele>
				<time>2026-05-28T16:34:30.998Z</time>
			</trkpt>
			<trkpt lat="44.49758" lon="2.94151">
				<ele>656.5</ele>
				<time>2026-05-28T16:34:35.140Z</time>
			</trkpt>
			<trkpt lat="44.49765" lon="2.94108">
				<ele>654.08</ele>
				<time>2026-05-28T16:34:38.022Z</time>
			</trkpt>
			<trkpt lat="44.49778" lon="2.94062">
				<ele>650.87</ele>
				<time>2026-05-28T16:34:41.241Z</time>
			</trkpt>
			<trkpt lat="44.49819" lon="2.93969">
				<ele>645.26</ele>
				<time>2026-05-28T16:34:48.302Z</time>
			</trkpt>
			<trkpt lat="44.4982" lon="2.93957">
				<ele>644.02</ele>
				<time>2026-05-28T16:34:49.077Z</time>
			</trkpt>
			<trkpt lat="44.49818" lon="2.93946">
				<ele>642.7</ele>
				<time>2026-05-28T16:34:49.805Z</time>
			</trkpt>
			<trkpt lat="44.49812" lon="2.93936">
				<ele>641.89</ele>
				<time>2026-05-28T16:34:50.642Z</time>
			</trkpt>
			<trkpt lat="44.49727" lon="2.93822">
				<ele>635.03</ele>
				<time>2026-05-28T16:35:01.111Z</time>
			</trkpt>
			<trkpt lat="44.49716" lon="2.93813">
				<ele>634.16</ele>
				<time>2026-05-28T16:35:02.234Z</time>
			</trkpt>
			<trkpt lat="44.4968" lon="2.93802">
				<ele>629.9</ele>
				<time>2026-05-28T16:35:05.471Z</time>
			</trkpt>
			<trkpt lat="44.49651" lon="2.938">
				<ele>626.26</ele>
				<time>2026-05-28T16:35:08.010Z</time>
			</trkpt>
			<trkpt lat="44.49637" lon="2.93802">
				<ele>624.7</ele>
				<time>2026-05-28T16:35:09.236Z</time>
			</trkpt>
			<trkpt lat="44.49604" lon="2.93813">
				<ele>622.04</ele>
				<time>2026-05-28T16:35:12.182Z</time>
			</trkpt>
			<trkpt lat="44.4958" lon="2.93819">
				<ele>620.09</ele>
				<time>2026-05-28T16:35:14.290Z</time>
			</trkpt>
			<trkpt lat="44.49561" lon="2.93829">
				<ele>618.31</ele>
				<time>2026-05-28T16:35:16.038Z</time>
			</trkpt>
			<trkpt lat="44.49554" lon="2.93839">
				<ele>617.29</ele>
				<time>2026-05-28T16:35:16.897Z</time>
			</trkpt>
			<trkpt lat="44.49537" lon="2.93869">
				<ele>615.67</ele>
				<time>2026-05-28T16:35:19.240Z</time>
			</trkpt>
			<trkpt lat="44.49523" lon="2.93899">
				<ele>613.05</ele>
				<time>2026-05-28T16:35:21.422Z</time>
			</trkpt>
			<trkpt lat="44.49512" lon="2.93913">
				<ele>611.93</ele>
				<time>2026-05-28T16:35:22.686Z</time>
			</trkpt>
			<trkpt lat="44.49502" lon="2.93917">
				<ele>611.79</ele>
				<time>2026-05-28T16:35:23.569Z</time>
			</trkpt>
			<trkpt lat="44.49482" lon="2.93915">
				<ele>612.75</ele>
				<time>2026-05-28T16:35:25.268Z</time>
			</trkpt>
			<trkpt lat="44.49412" lon="2.93899">
				<ele>609.97</ele>
				<time>2026-05-28T16:35:31.231Z</time>
			</trkpt>
			<trkpt lat="44.49398" lon="2.939">
				<ele>608.33</ele>
				<time>2026-05-28T16:35:32.402Z</time>
			</trkpt>
			<trkpt lat="44.49374" lon="2.93909">
				<ele>603.52</ele>
				<time>2026-05-28T16:35:34.469Z</time>
			</trkpt>
			<trkpt lat="44.49328" lon="2.93946">
				<ele>594.62</ele>
				<time>2026-05-28T16:35:38.854Z</time>
			</trkpt>
			<trkpt lat="44.49318" lon="2.93949">
				<ele>594.03</ele>
				<time>2026-05-28T16:35:39.695Z</time>
			</trkpt>
			<trkpt lat="44.49307" lon="2.93949">
				<ele>594.34</ele>
				<time>2026-05-28T16:35:40.598Z</time>
			</trkpt>
			<trkpt lat="44.49291" lon="2.93946">
				<ele>594.29</ele>
				<time>2026-05-28T16:35:41.920Z</time>
			</trkpt>
			<trkpt lat="44.49258" lon="2.93934">
				<ele>592.37</ele>
				<time>2026-05-28T16:35:44.699Z</time>
			</trkpt>
			<trkpt lat="44.49245" lon="2.93927">
				<ele>591.46</ele>
				<time>2026-05-28T16:35:45.830Z</time>
			</trkpt>
			<trkpt lat="44.49223" lon="2.93908">
				<ele>593.02</ele>
				<time>2026-05-28T16:35:47.920Z</time>
			</trkpt>
			<trkpt lat="44.49213" lon="2.93903">
				<ele>593.1</ele>
				<time>2026-05-28T16:35:48.776Z</time>
			</trkpt>
			<trkpt lat="44.49205" lon="2.93903">
				<ele>591.85</ele>
				<time>2026-05-28T16:35:49.420Z</time>
			</trkpt>
			<trkpt lat="44.49191" lon="2.93907">
				<ele>587.81</ele>
				<time>2026-05-28T16:35:50.568Z</time>
			</trkpt>
			<trkpt lat="44.49169" lon="2.93906">
				<ele>580.73</ele>
				<time>2026-05-28T16:35:52.331Z</time>
			</trkpt>
			<trkpt lat="44.49158" lon="2.93904">
				<ele>578.53</ele>
				<time>2026-05-28T16:35:53.216Z</time>
			</trkpt>
			<trkpt lat="44.4915" lon="2.93898">
				<ele>578.36</ele>
				<time>2026-05-28T16:35:53.939Z</time>
			</trkpt>
			<trkpt lat="44.49138" lon="2.93878">
				<ele>579.29</ele>
				<time>2026-05-28T16:35:55.421Z</time>
			</trkpt>
			<trkpt lat="44.4912" lon="2.93857">
				<ele>575.51</ele>
				<time>2026-05-28T16:35:57.274Z</time>
			</trkpt>
			<trkpt lat="44.4911" lon="2.9384">
				<ele>573.74</ele>
				<time>2026-05-28T16:35:58.514Z</time>
			</trkpt>
			<trkpt lat="44.49098" lon="2.93805">
				<ele>573.55</ele>
				<time>2026-05-28T16:36:00.690Z</time>
			</trkpt>
			<trkpt lat="44.49065" lon="2.93744">
				<ele>566.55</ele>
				<time>2026-05-28T16:36:04.946Z</time>
			</trkpt>
			<trkpt lat="44.4905" lon="2.93729">
				<ele>564.36</ele>
				<time>2026-05-28T16:36:06.372Z</time>
			</trkpt>
			<trkpt lat="44.49028" lon="2.93716">
				<ele>561.1</ele>
				<time>2026-05-28T16:36:08.211Z</time>
			</trkpt>
			<trkpt lat="44.48987" lon="2.93705">
				<ele>553.23</ele>
				<time>2026-05-28T16:36:11.407Z</time>
			</trkpt>
			<trkpt lat="44.48951" lon="2.93676">
				<ele>548.73</ele>
				<time>2026-05-28T16:36:14.559Z</time>
			</trkpt>
			<trkpt lat="44.4894" lon="2.93662">
				<ele>547.13</ele>
				<time>2026-05-28T16:36:15.680Z</time>
			</trkpt>
			<trkpt lat="44.48931" lon="2.93641">
				<ele>545.99</ele>
				<time>2026-05-28T16:36:16.994Z</time>
			</trkpt>
			<trkpt lat="44.48927" lon="2.93622">
				<ele>546.35</ele>
				<time>2026-05-28T16:36:18.054Z</time>
			</trkpt>
			<trkpt lat="44.48921" lon="2.93609">
				<ele>545.78</ele>
				<time>2026-05-28T16:36:18.880Z</time>
			</trkpt>
			<trkpt lat="44.48866" lon="2.93544">
				<ele>538.92</ele>
				<time>2026-05-28T16:36:24.211Z</time>
			</trkpt>
			<trkpt lat="44.48856" lon="2.93528">
				<ele>537.99</ele>
				<time>2026-05-28T16:36:25.325Z</time>
			</trkpt>
			<trkpt lat="44.48844" lon="2.93495">
				<ele>538.22</ele>
				<time>2026-05-28T16:36:27.257Z</time>
			</trkpt>
			<trkpt lat="44.48837" lon="2.93468">
				<ele>536.76</ele>
				<time>2026-05-28T16:36:28.747Z</time>
			</trkpt>
			<trkpt lat="44.48835" lon="2.93452">
				<ele>534.91</ele>
				<time>2026-05-28T16:36:29.586Z</time>
			</trkpt>
			<trkpt lat="44.48837" lon="2.9344">
				<ele>533.51</ele>
				<time>2026-05-28T16:36:30.222Z</time>
			</trkpt>
			<trkpt lat="44.48842" lon="2.93428">
				<ele>531.97</ele>
				<time>2026-05-28T16:36:30.937Z</time>
			</trkpt>
			<trkpt lat="44.48866" lon="2.934">
				<ele>527.22</ele>
				<time>2026-05-28T16:36:33.179Z</time>
			</trkpt>
			<trkpt lat="44.489" lon="2.93346">
				<ele>522</ele>
				<time>2026-05-28T16:36:36.833Z</time>
			</trkpt>
			<trkpt lat="44.48911" lon="2.93333">
				<ele>521.33</ele>
				<time>2026-05-28T16:36:37.848Z</time>
			</trkpt>
			<trkpt lat="44.48934" lon="2.93317">
				<ele>521.28</ele>
				<time>2026-05-28T16:36:39.652Z</time>
			</trkpt>
			<trkpt lat="44.48949" lon="2.93299">
				<ele>518.53</ele>
				<time>2026-05-28T16:36:41.031Z</time>
			</trkpt>
			<trkpt lat="44.48953" lon="2.93287">
				<ele>516.08</ele>
				<time>2026-05-28T16:36:41.689Z</time>
			</trkpt>
			<trkpt lat="44.48953" lon="2.93275">
				<ele>513.74</ele>
				<time>2026-05-28T16:36:42.284Z</time>
			</trkpt>
			<trkpt lat="44.48949" lon="2.9327">
				<ele>512.37</ele>
				<time>2026-05-28T16:36:42.655Z</time>
			</trkpt>
			<trkpt lat="44.48925" lon="2.933">
				<ele>515.78</ele>
				<time>2026-05-28T16:36:44.875Z</time>
			</trkpt>
			<trkpt lat="44.48896" lon="2.93318">
				<ele>515.46</ele>
				<time>2026-05-28T16:36:47.048Z</time>
			</trkpt>
			<trkpt lat="44.4888" lon="2.93321">
				<ele>512.81</ele>
				<time>2026-05-28T16:36:48.134Z</time>
			</trkpt>
			<trkpt lat="44.48859" lon="2.9332">
				<ele>507.22</ele>
				<time>2026-05-28T16:36:49.487Z</time>
			</trkpt>
			<trkpt lat="44.4878" lon="2.93306">
				<ele>507.22</ele>
				<time>2026-05-28T16:36:54.065Z</time>
			</trkpt>
			<trkpt lat="44.48739" lon="2.93295">
				<ele>504.01</ele>
				<time>2026-05-28T16:36:56.187Z</time>
			</trkpt>
			<trkpt lat="44.48727" lon="2.93289">
				<ele>504.55</ele>
				<time>2026-05-28T16:36:56.805Z</time>
			</trkpt>
			<trkpt lat="44.48708" lon="2.93274">
				<ele>504.64</ele>
				<time>2026-05-28T16:36:57.836Z</time>
			</trkpt>
			<trkpt lat="44.48619" lon="2.93189">
				<ele>504.45</ele>
				<time>2026-05-28T16:37:02.630Z</time>
			</trkpt>
			<trkpt lat="44.486" lon="2.93173">
				<ele>499.37</ele>
				<time>2026-05-28T16:37:03.596Z</time>
			</trkpt>
			<trkpt lat="44.48589" lon="2.93165">
				<ele>496.5</ele>
				<time>2026-05-28T16:37:04.139Z</time>
			</trkpt>
			<trkpt lat="44.48578" lon="2.9316">
				<ele>495.53</ele>
				<time>2026-05-28T16:37:04.648Z</time>
			</trkpt>
			<trkpt lat="44.48566" lon="2.93157">
				<ele>496.85</ele>
				<time>2026-05-28T16:37:05.189Z</time>
			</trkpt>
			<trkpt lat="44.48522" lon="2.93151">
				<ele>498</ele>
				<time>2026-05-28T16:37:07.202Z</time>
			</trkpt>
			<trkpt lat="44.48486" lon="2.93133">
				<ele>497.73</ele>
				<time>2026-05-28T16:37:09.034Z</time>
			</trkpt>
			<trkpt lat="44.48409" lon="2.93087">
				<ele>484.51</ele>
				<time>2026-05-28T16:37:13.508Z</time>
			</trkpt>
			<trkpt lat="44.48361" lon="2.93047">
				<ele>476.04</ele>
				<time>2026-05-28T16:37:16.975Z</time>
			</trkpt>
			<trkpt lat="44.48344" lon="2.93028">
				<ele>475.93</ele>
				<time>2026-05-28T16:37:18.455Z</time>
			</trkpt>
			<trkpt lat="44.48301" lon="2.92969">
				<ele>475.78</ele>
				<time>2026-05-28T16:37:22.995Z</time>
			</trkpt>
			<trkpt lat="44.48301" lon="2.92957">
				<ele>475.54</ele>
				<time>2026-05-28T16:37:23.699Z</time>
			</trkpt>
			<trkpt lat="44.48296" lon="2.9294">
				<ele>475.36</ele>
				<time>2026-05-28T16:37:24.809Z</time>
			</trkpt>
			<trkpt lat="44.48285" lon="2.92916">
				<ele>475.59</ele>
				<time>2026-05-28T16:37:26.605Z</time>
			</trkpt>
			<trkpt lat="44.48274" lon="2.92902">
				<ele>476.07</ele>
				<time>2026-05-28T16:37:27.976Z</time>
			</trkpt>
			<trkpt lat="44.48235" lon="2.92872">
				<ele>475.03</ele>
				<time>2026-05-28T16:37:33.341Z</time>
			</trkpt>
			<trkpt lat="44.48214" lon="2.92859">
				<ele>474.97</ele>
				<time>2026-05-28T16:37:37.485Z</time>
			</trkpt>
			<trkpt lat="44.48206" lon="2.92856">
				<ele>474.76</ele>
				<time>2026-05-28T16:37:39.154Z</time>
			</trkpt>
			<trkpt lat="44.48195" lon="2.92859">
				<ele>475.74</ele>
				<time>2026-05-28T16:37:41.522Z</time>
			</trkpt>
			<trkpt lat="44.48178" lon="2.92871">
				<ele>477</ele>
				<time>2026-05-28T16:37:45.750Z</time>
			</trkpt>
			<trkpt lat="44.48155" lon="2.92902">
				<ele>479.08</ele>
				<time>2026-05-28T16:37:53.030Z</time>
			</trkpt>
			<trkpt lat="44.48145" lon="2.92919">
				<ele>478.68</ele>
				<time>2026-05-28T16:37:56.511Z</time>
			</trkpt>
			<trkpt lat="44.48037" lon="2.929">
				<ele>484.04</ele>
				<time>2026-05-28T16:38:12.453Z</time>
			</trkpt>
			<trkpt lat="44.47963" lon="2.92869">
				<ele>485.47</ele>
				<time>2026-05-28T16:38:20.129Z</time>
			</trkpt>
			<trkpt lat="44.47933" lon="2.92868">
				<ele>487.36</ele>
				<time>2026-05-28T16:38:23.011Z</time>
			</trkpt>
			<trkpt lat="44.47918" lon="2.92872">
				<ele>489.71</ele>
				<time>2026-05-28T16:38:24.457Z</time>
			</trkpt>
			<trkpt lat="44.47881" lon="2.92888">
				<ele>490.42</ele>
				<time>2026-05-28T16:38:28.060Z</time>
			</trkpt>
			<trkpt lat="44.47868" lon="2.92889">
				<ele>486.57</ele>
				<time>2026-05-28T16:38:29.252Z</time>
			</trkpt>
			<trkpt lat="44.47852" lon="2.92886">
				<ele>482.56</ele>
				<time>2026-05-28T16:38:30.716Z</time>
			</trkpt>
			<trkpt lat="44.47839" lon="2.92879">
				<ele>479.89</ele>
				<time>2026-05-28T16:38:31.966Z</time>
			</trkpt>
			<trkpt lat="44.47829" lon="2.92869">
				<ele>478.01</ele>
				<time>2026-05-28T16:38:33.060Z</time>
			</trkpt>
			<trkpt lat="44.47808" lon="2.92841">
				<ele>472.88</ele>
				<time>2026-05-28T16:38:35.608Z</time>
			</trkpt>
			<trkpt lat="44.47801" lon="2.92835">
				<ele>472.16</ele>
				<time>2026-05-28T16:38:36.320Z</time>
			</trkpt>
			<trkpt lat="44.47793" lon="2.92831">
				<ele>471.29</ele>
				<time>2026-05-28T16:38:37.054Z</time>
			</trkpt>
			<trkpt lat="44.47786" lon="2.9283">
				<ele>470.73</ele>
				<time>2026-05-28T16:38:37.658Z</time>
			</trkpt>
			<trkpt lat="44.47739" lon="2.92835">
				<ele>470.11</ele>
				<time>2026-05-28T16:38:41.639Z</time>
			</trkpt>
			<trkpt lat="44.47702" lon="2.92825">
				<ele>465.83</ele>
				<time>2026-05-28T16:38:44.734Z</time>
			</trkpt>
			<trkpt lat="44.47688" lon="2.92824">
				<ele>464.67</ele>
				<time>2026-05-28T16:38:45.867Z</time>
			</trkpt>
			<trkpt lat="44.47676" lon="2.92827">
				<ele>464.34</ele>
				<time>2026-05-28T16:38:46.843Z</time>
			</trkpt>
			<trkpt lat="44.47654" lon="2.92839">
				<ele>465.89</ele>
				<time>2026-05-28T16:38:48.713Z</time>
			</trkpt>
			<trkpt lat="44.47597" lon="2.92887">
				<ele>463.07</ele>
				<time>2026-05-28T16:38:53.827Z</time>
			</trkpt>
			<trkpt lat="44.47574" lon="2.92912">
				<ele>460.14</ele>
				<time>2026-05-28T16:38:55.997Z</time>
			</trkpt>
			<trkpt lat="44.47437" lon="2.93082">
				<ele>444.94</ele>
				<time>2026-05-28T16:39:08.743Z</time>
			</trkpt>
			<trkpt lat="44.47429" lon="2.93093">
				<ele>444.07</ele>
				<time>2026-05-28T16:39:09.476Z</time>
			</trkpt>
			<trkpt lat="44.4742" lon="2.93121">
				<ele>442.62</ele>
				<time>2026-05-28T16:39:10.894Z</time>
			</trkpt>
			<trkpt lat="44.47417" lon="2.93141">
				<ele>443.16</ele>
				<time>2026-05-28T16:39:11.827Z</time>
			</trkpt>
			<trkpt lat="44.4742" lon="2.93179">
				<ele>442.08</ele>
				<time>2026-05-28T16:39:13.549Z</time>
			</trkpt>
			<trkpt lat="44.47426" lon="2.93198">
				<ele>441.3</ele>
				<time>2026-05-28T16:39:14.473Z</time>
			</trkpt>
			<trkpt lat="44.47434" lon="2.93212">
				<ele>440.37</ele>
				<time>2026-05-28T16:39:15.263Z</time>
			</trkpt>
			<trkpt lat="44.47444" lon="2.93225">
				<ele>440.12</ele>
				<time>2026-05-28T16:39:16.098Z</time>
			</trkpt>
			<trkpt lat="44.47461" lon="2.9324">
				<ele>439.76</ele>
				<time>2026-05-28T16:39:17.316Z</time>
			</trkpt>
			<trkpt lat="44.47495" lon="2.93257">
				<ele>436.83</ele>
				<time>2026-05-28T16:39:19.466Z</time>
			</trkpt>
			<trkpt lat="44.47532" lon="2.93263">
				<ele>431.16</ele>
				<time>2026-05-28T16:39:21.635Z</time>
			</trkpt>
			<trkpt lat="44.47549" lon="2.9326">
				<ele>429.44</ele>
				<time>2026-05-28T16:39:22.616Z</time>
			</trkpt>
			<trkpt lat="44.47612" lon="2.93243">
				<ele>434.09</ele>
				<time>2026-05-28T16:39:26.201Z</time>
			</trkpt>
			<trkpt lat="44.47629" lon="2.93241">
				<ele>433.96</ele>
				<time>2026-05-28T16:39:27.132Z</time>
			</trkpt>
			<trkpt lat="44.47724" lon="2.93243">
				<ele>434.12</ele>
				<time>2026-05-28T16:39:32.150Z</time>
			</trkpt>
			<trkpt lat="44.47767" lon="2.93247">
				<ele>431.4</ele>
				<time>2026-05-28T16:39:34.338Z</time>
			</trkpt>
			<trkpt lat="44.47855" lon="2.93261">
				<ele>434.77</ele>
				<time>2026-05-28T16:39:38.679Z</time>
			</trkpt>
			<trkpt lat="44.47877" lon="2.93268">
				<ele>431.63</ele>
				<time>2026-05-28T16:39:39.753Z</time>
			</trkpt>
			<trkpt lat="44.47914" lon="2.93285">
				<ele>421.85</ele>
				<time>2026-05-28T16:39:41.579Z</time>
			</trkpt>
			<trkpt lat="44.47974" lon="2.93315">
				<ele>420.12</ele>
				<time>2026-05-28T16:39:44.493Z</time>
			</trkpt>
			<trkpt lat="44.47994" lon="2.93332">
				<ele>424.24</ele>
				<time>2026-05-28T16:39:45.542Z</time>
			</trkpt>
			<trkpt lat="44.48005" lon="2.93345">
				<ele>426.57</ele>
				<time>2026-05-28T16:39:46.182Z</time>
			</trkpt>
			<trkpt lat="44.48019" lon="2.93367">
				<ele>429.38</ele>
				<time>2026-05-28T16:39:47.110Z</time>
			</trkpt>
			<trkpt lat="44.48078" lon="2.93468">
				<ele>434.37</ele>
				<time>2026-05-28T16:39:51.126Z</time>
			</trkpt>
			<trkpt lat="44.48097" lon="2.93521">
				<ele>434.89</ele>
				<time>2026-05-28T16:39:52.905Z</time>
			</trkpt>
			<trkpt lat="44.48105" lon="2.93557">
				<ele>433.4</ele>
				<time>2026-05-28T16:39:54.022Z</time>
			</trkpt>
			<trkpt lat="44.48117" lon="2.93672">
				<ele>429.17</ele>
				<time>2026-05-28T16:39:57.410Z</time>
			</trkpt>
			<trkpt lat="44.4812" lon="2.93728">
				<ele>429.15</ele>
				<time>2026-05-28T16:39:59.020Z</time>
			</trkpt>
			<trkpt lat="44.4812" lon="2.93792">
				<ele>430.89</ele>
				<time>2026-05-28T16:40:00.836Z</time>
			</trkpt>
			<trkpt lat="44.48119" lon="2.9385">
				<ele>436.41</ele>
				<time>2026-05-28T16:40:02.469Z</time>
			</trkpt>
			<trkpt lat="44.48115" lon="2.93888">
				<ele>440.15</ele>
				<time>2026-05-28T16:40:03.544Z</time>
			</trkpt>
			<trkpt lat="44.48101" lon="2.93968">
				<ele>435.51</ele>
				<time>2026-05-28T16:40:05.836Z</time>
			</trkpt>
			<trkpt lat="44.48091" lon="2.93998">
				<ele>435.98</ele>
				<time>2026-05-28T16:40:06.754Z</time>
			</trkpt>
			<trkpt lat="44.48068" lon="2.94047">
				<ele>434</ele>
				<time>2026-05-28T16:40:08.376Z</time>
			</trkpt>
			<trkpt lat="44.48046" lon="2.94088">
				<ele>435.07</ele>
				<time>2026-05-28T16:40:09.792Z</time>
			</trkpt>
			<trkpt lat="44.48025" lon="2.94125">
				<ele>434.18</ele>
				<time>2026-05-28T16:40:11.097Z</time>
			</trkpt>
			<trkpt lat="44.48" lon="2.94161">
				<ele>432.15</ele>
				<time>2026-05-28T16:40:12.485Z</time>
			</trkpt>
			<trkpt lat="44.47967" lon="2.94204">
				<ele>432.47</ele>
				<time>2026-05-28T16:40:14.234Z</time>
			</trkpt>
			<trkpt lat="44.47945" lon="2.94231">
				<ele>428.29</ele>
				<time>2026-05-28T16:40:15.372Z</time>
			</trkpt>
			<trkpt lat="44.47921" lon="2.94255">
				<ele>428.66</ele>
				<time>2026-05-28T16:40:16.524Z</time>
			</trkpt>
			<trkpt lat="44.4789" lon="2.94282">
				<ele>435.33</ele>
				<time>2026-05-28T16:40:17.956Z</time>
			</trkpt>
			<trkpt lat="44.47858" lon="2.94303">
				<ele>438.69</ele>
				<time>2026-05-28T16:40:19.351Z</time>
			</trkpt>
			<trkpt lat="44.47809" lon="2.94326">
				<ele>436.32</ele>
				<time>2026-05-28T16:40:21.409Z</time>
			</trkpt>
			<trkpt lat="44.47776" lon="2.94337">
				<ele>441.07</ele>
				<time>2026-05-28T16:40:22.774Z</time>
			</trkpt>
			<trkpt lat="44.47744" lon="2.94342">
				<ele>442.67</ele>
				<time>2026-05-28T16:40:24.080Z</time>
			</trkpt>
			<trkpt lat="44.47555" lon="2.94355">
				<ele>439.75</ele>
				<time>2026-05-28T16:40:32.036Z</time>
			</trkpt>
			<trkpt lat="44.47481" lon="2.94368">
				<ele>435.13</ele>
				<time>2026-05-28T16:40:35.334Z</time>
			</trkpt>
			<trkpt lat="44.47411" lon="2.94383">
				<ele>439.46</ele>
				<time>2026-05-28T16:40:38.569Z</time>
			</trkpt>
			<trkpt lat="44.47389" lon="2.94391">
				<ele>441.16</ele>
				<time>2026-05-28T16:40:39.631Z</time>
			</trkpt>
			<trkpt lat="44.47368" lon="2.944">
				<ele>439.52</ele>
				<time>2026-05-28T16:40:40.668Z</time>
			</trkpt>
			<trkpt lat="44.4726" lon="2.94467">
				<ele>444</ele>
				<time>2026-05-28T16:40:46.454Z</time>
			</trkpt>
			<trkpt lat="44.47227" lon="2.94482">
				<ele>445.1</ele>
				<time>2026-05-28T16:40:48.225Z</time>
			</trkpt>
			<trkpt lat="44.46951" lon="2.94585">
				<ele>446.28</ele>
				<time>2026-05-28T16:41:04.252Z</time>
			</trkpt>
			<trkpt lat="44.46901" lon="2.94598">
				<ele>445.28</ele>
				<time>2026-05-28T16:41:07.411Z</time>
			</trkpt>
			<trkpt lat="44.46879" lon="2.94609">
				<ele>448.18</ele>
				<time>2026-05-28T16:41:08.897Z</time>
			</trkpt>
			<trkpt lat="44.46847" lon="2.9464">
				<ele>454.14</ele>
				<time>2026-05-28T16:41:11.420Z</time>
			</trkpt>
			<trkpt lat="44.46804" lon="2.94679">
				<ele>453.27</ele>
				<time>2026-05-28T16:41:14.839Z</time>
			</trkpt>
			<trkpt lat="44.46716" lon="2.9474">
				<ele>446.44</ele>
				<time>2026-05-28T16:41:21.717Z</time>
			</trkpt>
			<trkpt lat="44.46693" lon="2.94764">
				<ele>449.87</ele>
				<time>2026-05-28T16:41:23.809Z</time>
			</trkpt>
			<trkpt lat="44.4668" lon="2.94782">
				<ele>452.06</ele>
				<time>2026-05-28T16:41:25.163Z</time>
			</trkpt>
			<trkpt lat="44.46652" lon="2.94831">
				<ele>455.56</ele>
				<time>2026-05-28T16:41:28.551Z</time>
			</trkpt>
			<trkpt lat="44.46625" lon="2.94883">
				<ele>450.73</ele>
				<time>2026-05-28T16:41:32.125Z</time>
			</trkpt>
			<trkpt lat="44.46615" lon="2.94909">
				<ele>448.57</ele>
				<time>2026-05-28T16:41:33.803Z</time>
			</trkpt>
			<trkpt lat="44.46593" lon="2.94896">
				<ele>439.94</ele>
				<time>2026-05-28T16:41:35.731Z</time>
			</trkpt>
			<trkpt lat="44.46589" lon="2.94889">
				<ele>438.35</ele>
				<time>2026-05-28T16:41:36.253Z</time>
			</trkpt>
			<trkpt lat="44.46587" lon="2.94883">
				<ele>437.2</ele>
				<time>2026-05-28T16:41:36.640Z</time>
			</trkpt>
			<trkpt lat="44.46588" lon="2.94876">
				<ele>437.21</ele>
				<time>2026-05-28T16:41:37.058Z</time>
			</trkpt>
			<trkpt lat="44.46592" lon="2.94867">
				<ele>438.09</ele>
				<time>2026-05-28T16:41:37.682Z</time>
			</trkpt>
			<trkpt lat="44.46657" lon="2.94784">
				<ele>443.22</ele>
				<time>2026-05-28T16:41:44.699Z</time>
			</trkpt>
			<trkpt lat="44.46659" lon="2.94773">
				<ele>440.9</ele>
				<time>2026-05-28T16:41:45.282Z</time>
			</trkpt>
			<trkpt lat="44.46657" lon="2.94769">
				<ele>438.93</ele>
				<time>2026-05-28T16:41:45.530Z</time>
			</trkpt>
			<trkpt lat="44.46653" lon="2.94766">
				<ele>436.58</ele>
				<time>2026-05-28T16:41:45.852Z</time>
			</trkpt>
			<trkpt lat="44.46649" lon="2.94768">
				<ele>435.03</ele>
				<time>2026-05-28T16:41:46.151Z</time>
			</trkpt>
			<trkpt lat="44.46548" lon="2.94842">
				<ele>422.04</ele>
				<time>2026-05-28T16:41:54.418Z</time>
			</trkpt>
			<trkpt lat="44.4654" lon="2.94846">
				<ele>421.59</ele>
				<time>2026-05-28T16:41:55.117Z</time>
			</trkpt>
			<trkpt lat="44.46485" lon="2.94857">
				<ele>418</ele>
				<time>2026-05-28T16:42:00.274Z</time>
			</trkpt>
			<trkpt lat="44.46449" lon="2.94862">
				<ele>418.83</ele>
				<time>2026-05-28T16:42:04.344Z</time>
			</trkpt>
			<trkpt lat="44.46437" lon="2.9486">
				<ele>419.01</ele>
				<time>2026-05-28T16:42:05.859Z</time>
			</trkpt>
			<trkpt lat="44.46426" lon="2.94855">
				<ele>419.19</ele>
				<time>2026-05-28T16:42:07.389Z</time>
			</trkpt>
			<trkpt lat="44.46407" lon="2.94838">
				<ele>419.54</ele>
				<time>2026-05-28T16:42:10.615Z</time>
			</trkpt>
			<trkpt lat="44.46393" lon="2.94818">
				<ele>419.59</ele>
				<time>2026-05-28T16:42:13.768Z</time>
			</trkpt>
			<trkpt lat="44.46385" lon="2.94815">
				<ele>419.54</ele>
				<time>2026-05-28T16:42:15.161Z</time>
			</trkpt>
			<trkpt lat="44.46398" lon="2.94789">
				<ele>420.39</ele>
				<time>2026-05-28T16:42:19.245Z</time>
			</trkpt>
			<trkpt lat="44.46401" lon="2.94761">
				<ele>421.53</ele>
				<time>2026-05-28T16:42:23.250Z</time>
			</trkpt>
			<trkpt lat="44.46433" lon="2.94699">
				<ele>421.39</ele>
				<time>2026-05-28T16:42:38.439Z</time>
			</trkpt>
			<trkpt lat="44.46434" lon="2.9469">
				<ele>421.3</ele>
				<time>2026-05-28T16:42:42.832Z</time>
			</trkpt>
			<trkpt lat="44.46429" lon="2.94657">
				<ele>421.15</ele>
				<time>2026-05-28T16:43:06.189Z</time>
			</trkpt>
			<trkpt lat="44.46429" lon="2.94642">
				<ele>421.39</ele>
				<time>2026-05-28T16:43:19.335Z</time>
			</trkpt>
			<trkpt lat="44.46451" lon="2.94645">
				<ele>421.76</ele>
				<time>2026-05-28T16:43:49.637Z</time>
			</trkpt>
			<trkpt lat="44.46449" lon="2.94665">
				<ele>421.13</ele>
				<time>2026-05-28T16:44:10.353Z</time>
			</trkpt>
			<trkpt lat="44.46451" lon="2.94645">
				<ele>421.76</ele>
				<time>2026-05-28T16:44:30.688Z</time>
			</trkpt>
			<trkpt lat="44.46429" lon="2.94642">
				<ele>421.39</ele>
				<time>2026-05-28T16:44:58.924Z</time>
			</trkpt>
			<trkpt lat="44.46429" lon="2.94657">
				<ele>421.15</ele>
				<time>2026-05-28T16:45:10.425Z</time>
			</trkpt>
			<trkpt lat="44.46434" lon="2.9469">
				<ele>421.3</ele>
				<time>2026-05-28T16:45:32.579Z</time>
			</trkpt>
			<trkpt lat="44.46433" lon="2.94699">
				<ele>421.39</ele>
				<time>2026-05-28T16:45:38.562Z</time>
			</trkpt>
			<trkpt lat="44.46401" lon="2.94761">
				<ele>421.53</ele>
				<time>2026-05-28T16:46:29.526Z</time>
			</trkpt>
			<trkpt lat="44.46398" lon="2.94789">
				<ele>420.39</ele>
				<time>2026-05-28T16:46:51.443Z</time>
			</trkpt>
			<trkpt lat="44.46385" lon="2.94815">
				<ele>419.54</ele>
				<time>2026-05-28T16:47:17.336Z</time>
			</trkpt>
			<trkpt lat="44.46393" lon="2.94818">
				<ele>419.59</ele>
				<time>2026-05-28T16:47:26.686Z</time>
			</trkpt>
			<trkpt lat="44.46407" lon="2.94838">
				<ele>419.54</ele>
				<time>2026-05-28T16:47:47.984Z</time>
			</trkpt>
			<trkpt lat="44.46426" lon="2.94855">
				<ele>419.19</ele>
				<time>2026-05-28T16:48:08.114Z</time>
			</trkpt>
			<trkpt lat="44.46437" lon="2.9486">
				<ele>419.01</ele>
				<time>2026-05-28T16:48:16.088Z</time>
			</trkpt>
			<trkpt lat="44.46449" lon="2.94862">
				<ele>418.83</ele>
				<time>2026-05-28T16:48:22.248Z</time>
			</trkpt>
			<trkpt lat="44.46485" lon="2.94857">
				<ele>418</ele>
				<time>2026-05-28T16:48:31.324Z</time>
			</trkpt>
			<trkpt lat="44.4654" lon="2.94846">
				<ele>421.59</ele>
				<time>2026-05-28T16:48:41.932Z</time>
			</trkpt>
			<trkpt lat="44.46548" lon="2.94842">
				<ele>422.04</ele>
				<time>2026-05-28T16:48:43.344Z</time>
			</trkpt>
			<trkpt lat="44.46649" lon="2.94768">
				<ele>435.03</ele>
				<time>2026-05-28T16:48:58.036Z</time>
			</trkpt>
			<trkpt lat="44.46653" lon="2.94766">
				<ele>436.58</ele>
				<time>2026-05-28T16:48:58.459Z</time>
			</trkpt>
			<trkpt lat="44.46657" lon="2.94769">
				<ele>438.93</ele>
				<time>2026-05-28T16:48:58.903Z</time>
			</trkpt>
			<trkpt lat="44.46659" lon="2.94773">
				<ele>440.9</ele>
				<time>2026-05-28T16:48:59.239Z</time>
			</trkpt>
			<trkpt lat="44.46657" lon="2.94784">
				<ele>443.22</ele>
				<time>2026-05-28T16:49:00.004Z</time>
			</trkpt>
			<trkpt lat="44.46592" lon="2.94867">
				<ele>438.09</ele>
				<time>2026-05-28T16:49:07.167Z</time>
			</trkpt>
			<trkpt lat="44.46588" lon="2.94876">
				<ele>437.21</ele>
				<time>2026-05-28T16:49:07.721Z</time>
			</trkpt>
			<trkpt lat="44.46587" lon="2.94883">
				<ele>437.2</ele>
				<time>2026-05-28T16:49:08.090Z</time>
			</trkpt>
			<trkpt lat="44.46589" lon="2.94889">
				<ele>438.35</ele>
				<time>2026-05-28T16:49:08.432Z</time>
			</trkpt>
			<trkpt lat="44.46593" lon="2.94896">
				<ele>439.94</ele>
				<time>2026-05-28T16:49:08.892Z</time>
			</trkpt>
			<trkpt lat="44.46615" lon="2.94909">
				<ele>448.57</ele>
				<time>2026-05-28T16:49:10.602Z</time>
			</trkpt>
			<trkpt lat="44.46625" lon="2.94883">
				<ele>450.73</ele>
				<time>2026-05-28T16:49:12.124Z</time>
			</trkpt>
			<trkpt lat="44.46652" lon="2.94831">
				<ele>455.56</ele>
				<time>2026-05-28T16:49:15.600Z</time>
			</trkpt>
			<trkpt lat="44.4668" lon="2.94782">
				<ele>452.06</ele>
				<time>2026-05-28T16:49:19.314Z</time>
			</trkpt>
			<trkpt lat="44.46693" lon="2.94764">
				<ele>449.87</ele>
				<time>2026-05-28T16:49:20.823Z</time>
			</trkpt>
			<trkpt lat="44.46716" lon="2.9474">
				<ele>446.44</ele>
				<time>2026-05-28T16:49:23.154Z</time>
			</trkpt>
			<trkpt lat="44.46804" lon="2.94679">
				<ele>453.27</ele>
				<time>2026-05-28T16:49:30.818Z</time>
			</trkpt>
			<trkpt lat="44.46847" lon="2.9464">
				<ele>454.14</ele>
				<time>2026-05-28T16:49:34.626Z</time>
			</trkpt>
			<trkpt lat="44.46879" lon="2.94609">
				<ele>448.18</ele>
				<time>2026-05-28T16:49:37.435Z</time>
			</trkpt>
			<trkpt lat="44.46901" lon="2.94598">
				<ele>445.28</ele>
				<time>2026-05-28T16:49:39.088Z</time>
			</trkpt>
			<trkpt lat="44.46951" lon="2.94585">
				<ele>446.28</ele>
				<time>2026-05-28T16:49:42.602Z</time>
			</trkpt>
			<trkpt lat="44.47227" lon="2.94482">
				<ele>445.1</ele>
				<time>2026-05-28T16:50:00.362Z</time>
			</trkpt>
			<trkpt lat="44.4726" lon="2.94467">
				<ele>444</ele>
				<time>2026-05-28T16:50:02.313Z</time>
			</trkpt>
			<trkpt lat="44.47368" lon="2.944">
				<ele>439.52</ele>
				<time>2026-05-28T16:50:08.663Z</time>
			</trkpt>
			<trkpt lat="44.47389" lon="2.94391">
				<ele>441.16</ele>
				<time>2026-05-28T16:50:09.797Z</time>
			</trkpt>
			<trkpt lat="44.47411" lon="2.94383">
				<ele>439.46</ele>
				<time>2026-05-28T16:50:10.956Z</time>
			</trkpt>
			<trkpt lat="44.47481" lon="2.94368">
				<ele>435.13</ele>
				<time>2026-05-28T16:50:14.476Z</time>
			</trkpt>
			<trkpt lat="44.47555" lon="2.94355">
				<ele>439.75</ele>
				<time>2026-05-28T16:50:18.044Z</time>
			</trkpt>
			<trkpt lat="44.47744" lon="2.94342">
				<ele>442.67</ele>
				<time>2026-05-28T16:50:26.550Z</time>
			</trkpt>
			<trkpt lat="44.47776" lon="2.94337">
				<ele>441.07</ele>
				<time>2026-05-28T16:50:27.931Z</time>
			</trkpt>
			<trkpt lat="44.47809" lon="2.94326">
				<ele>436.32</ele>
				<time>2026-05-28T16:50:29.367Z</time>
			</trkpt>
			<trkpt lat="44.47858" lon="2.94303">
				<ele>438.69</ele>
				<time>2026-05-28T16:50:31.523Z</time>
			</trkpt>
			<trkpt lat="44.4789" lon="2.94282">
				<ele>435.33</ele>
				<time>2026-05-28T16:50:32.976Z</time>
			</trkpt>
			<trkpt lat="44.47921" lon="2.94255">
				<ele>428.66</ele>
				<time>2026-05-28T16:50:34.462Z</time>
			</trkpt>
			<trkpt lat="44.47945" lon="2.94231">
				<ele>428.29</ele>
				<time>2026-05-28T16:50:35.651Z</time>
			</trkpt>
			<trkpt lat="44.47967" lon="2.94204">
				<ele>432.47</ele>
				<time>2026-05-28T16:50:36.823Z</time>
			</trkpt>
			<trkpt lat="44.48" lon="2.94161">
				<ele>432.15</ele>
				<time>2026-05-28T16:50:38.613Z</time>
			</trkpt>
			<trkpt lat="44.48025" lon="2.94125">
				<ele>434.18</ele>
				<time>2026-05-28T16:50:40.025Z</time>
			</trkpt>
			<trkpt lat="44.48046" lon="2.94088">
				<ele>435.07</ele>
				<time>2026-05-28T16:50:41.348Z</time>
			</trkpt>
			<trkpt lat="44.48068" lon="2.94047">
				<ele>434</ele>
				<time>2026-05-28T16:50:42.776Z</time>
			</trkpt>
			<trkpt lat="44.48091" lon="2.93998">
				<ele>435.98</ele>
				<time>2026-05-28T16:50:44.402Z</time>
			</trkpt>
			<trkpt lat="44.48101" lon="2.93968">
				<ele>435.51</ele>
				<time>2026-05-28T16:50:45.318Z</time>
			</trkpt>
			<trkpt lat="44.48115" lon="2.93888">
				<ele>440.15</ele>
				<time>2026-05-28T16:50:47.592Z</time>
			</trkpt>
			<trkpt lat="44.48119" lon="2.9385">
				<ele>436.41</ele>
				<time>2026-05-28T16:50:48.653Z</time>
			</trkpt>
			<trkpt lat="44.4812" lon="2.93792">
				<ele>430.89</ele>
				<time>2026-05-28T16:50:50.256Z</time>
			</trkpt>
			<trkpt lat="44.4812" lon="2.93728">
				<ele>429.15</ele>
				<time>2026-05-28T16:50:52.029Z</time>
			</trkpt>
			<trkpt lat="44.48117" lon="2.93672">
				<ele>429.17</ele>
				<time>2026-05-28T16:50:53.591Z</time>
			</trkpt>
			<trkpt lat="44.48105" lon="2.93557">
				<ele>433.4</ele>
				<time>2026-05-28T16:50:56.852Z</time>
			</trkpt>
			<trkpt lat="44.48097" lon="2.93521">
				<ele>434.89</ele>
				<time>2026-05-28T16:50:57.920Z</time>
			</trkpt>
			<trkpt lat="44.48078" lon="2.93468">
				<ele>434.37</ele>
				<time>2026-05-28T16:50:59.614Z</time>
			</trkpt>
			<trkpt lat="44.48019" lon="2.93367">
				<ele>429.38</ele>
				<time>2026-05-28T16:51:03.408Z</time>
			</trkpt>
			<trkpt lat="44.48005" lon="2.93345">
				<ele>426.57</ele>
				<time>2026-05-28T16:51:04.280Z</time>
			</trkpt>
			<trkpt lat="44.47994" lon="2.93332">
				<ele>424.24</ele>
				<time>2026-05-28T16:51:04.880Z</time>
			</trkpt>
			<trkpt lat="44.47974" lon="2.93315">
				<ele>420.12</ele>
				<time>2026-05-28T16:51:05.861Z</time>
			</trkpt>
			<trkpt lat="44.47914" lon="2.93285">
				<ele>421.85</ele>
				<time>2026-05-28T16:51:08.576Z</time>
			</trkpt>
			<trkpt lat="44.47877" lon="2.93268">
				<ele>431.63</ele>
				<time>2026-05-28T16:51:10.269Z</time>
			</trkpt>
			<trkpt lat="44.47855" lon="2.93261">
				<ele>434.77</ele>
				<time>2026-05-28T16:51:11.263Z</time>
			</trkpt>
			<trkpt lat="44.47767" lon="2.93247">
				<ele>431.4</ele>
				<time>2026-05-28T16:51:15.260Z</time>
			</trkpt>
			<trkpt lat="44.47724" lon="2.93243">
				<ele>434.12</ele>
				<time>2026-05-28T16:51:17.266Z</time>
			</trkpt>
			<trkpt lat="44.47629" lon="2.93241">
				<ele>433.96</ele>
				<time>2026-05-28T16:51:21.846Z</time>
			</trkpt>
			<trkpt lat="44.47612" lon="2.93243">
				<ele>434.09</ele>
				<time>2026-05-28T16:51:22.693Z</time>
			</trkpt>
			<trkpt lat="44.47549" lon="2.9326">
				<ele>429.44</ele>
				<time>2026-05-28T16:51:25.949Z</time>
			</trkpt>
			<trkpt lat="44.47532" lon="2.93263">
				<ele>431.16</ele>
				<time>2026-05-28T16:51:26.838Z</time>
			</trkpt>
			<trkpt lat="44.47495" lon="2.93257">
				<ele>436.83</ele>
				<time>2026-05-28T16:51:28.802Z</time>
			</trkpt>
			<trkpt lat="44.47461" lon="2.9324">
				<ele>439.76</ele>
				<time>2026-05-28T16:51:30.746Z</time>
			</trkpt>
			<trkpt lat="44.47444" lon="2.93225">
				<ele>440.12</ele>
				<time>2026-05-28T16:51:31.846Z</time>
			</trkpt>
			<trkpt lat="44.47434" lon="2.93212">
				<ele>440.37</ele>
				<time>2026-05-28T16:51:32.600Z</time>
			</trkpt>
			<trkpt lat="44.47426" lon="2.93198">
				<ele>441.3</ele>
				<time>2026-05-28T16:51:33.313Z</time>
			</trkpt>
			<trkpt lat="44.4742" lon="2.93179">
				<ele>442.08</ele>
				<time>2026-05-28T16:51:34.147Z</time>
			</trkpt>
			<trkpt lat="44.47417" lon="2.93141">
				<ele>443.16</ele>
				<time>2026-05-28T16:51:35.699Z</time>
			</trkpt>
			<trkpt lat="44.4742" lon="2.93121">
				<ele>442.62</ele>
				<time>2026-05-28T16:51:36.540Z</time>
			</trkpt>
			<trkpt lat="44.47429" lon="2.93093">
				<ele>444.07</ele>
				<time>2026-05-28T16:51:37.818Z</time>
			</trkpt>
			<trkpt lat="44.47437" lon="2.93082">
				<ele>444.94</ele>
				<time>2026-05-28T16:51:38.478Z</time>
			</trkpt>
			<trkpt lat="44.47574" lon="2.92912">
				<ele>460.14</ele>
				<time>2026-05-28T16:51:49.935Z</time>
			</trkpt>
			<trkpt lat="44.47597" lon="2.92887">
				<ele>463.07</ele>
				<time>2026-05-28T16:51:51.883Z</time>
			</trkpt>
			<trkpt lat="44.47654" lon="2.92839">
				<ele>465.89</ele>
				<time>2026-05-28T16:51:56.473Z</time>
			</trkpt>
			<trkpt lat="44.47676" lon="2.92827">
				<ele>464.34</ele>
				<time>2026-05-28T16:51:58.151Z</time>
			</trkpt>
			<trkpt lat="44.47688" lon="2.92824">
				<ele>464.67</ele>
				<time>2026-05-28T16:51:59.027Z</time>
			</trkpt>
			<trkpt lat="44.47702" lon="2.92825">
				<ele>465.83</ele>
				<time>2026-05-28T16:52:00.043Z</time>
			</trkpt>
			<trkpt lat="44.47739" lon="2.92835">
				<ele>470.11</ele>
				<time>2026-05-28T16:52:02.821Z</time>
			</trkpt>
			<trkpt lat="44.47786" lon="2.9283">
				<ele>470.73</ele>
				<time>2026-05-28T16:52:06.393Z</time>
			</trkpt>
			<trkpt lat="44.47793" lon="2.92831">
				<ele>471.29</ele>
				<time>2026-05-28T16:52:06.936Z</time>
			</trkpt>
			<trkpt lat="44.47801" lon="2.92835">
				<ele>472.16</ele>
				<time>2026-05-28T16:52:07.594Z</time>
			</trkpt>
			<trkpt lat="44.47808" lon="2.92841">
				<ele>472.88</ele>
				<time>2026-05-28T16:52:08.233Z</time>
			</trkpt>
			<trkpt lat="44.47829" lon="2.92869">
				<ele>478.01</ele>
				<time>2026-05-28T16:52:10.520Z</time>
			</trkpt>
			<trkpt lat="44.47839" lon="2.92879">
				<ele>479.89</ele>
				<time>2026-05-28T16:52:11.502Z</time>
			</trkpt>
			<trkpt lat="44.47852" lon="2.92886">
				<ele>482.56</ele>
				<time>2026-05-28T16:52:12.625Z</time>
			</trkpt>
			<trkpt lat="44.47868" lon="2.92889">
				<ele>486.57</ele>
				<time>2026-05-28T16:52:13.939Z</time>
			</trkpt>
			<trkpt lat="44.47881" lon="2.92888">
				<ele>490.42</ele>
				<time>2026-05-28T16:52:15.009Z</time>
			</trkpt>
			<trkpt lat="44.47918" lon="2.92872">
				<ele>489.71</ele>
				<time>2026-05-28T16:52:18.245Z</time>
			</trkpt>
			<trkpt lat="44.47933" lon="2.92868">
				<ele>487.36</ele>
				<time>2026-05-28T16:52:19.543Z</time>
			</trkpt>
			<trkpt lat="44.47963" lon="2.92869">
				<ele>485.47</ele>
				<time>2026-05-28T16:52:22.133Z</time>
			</trkpt>
			<trkpt lat="44.48037" lon="2.929">
				<ele>484.04</ele>
				<time>2026-05-28T16:52:29.033Z</time>
			</trkpt>
			<trkpt lat="44.48145" lon="2.92919">
				<ele>478.68</ele>
				<time>2026-05-28T16:52:39.356Z</time>
			</trkpt>
			<trkpt lat="44.48155" lon="2.92902">
				<ele>479.08</ele>
				<time>2026-05-28T16:52:40.906Z</time>
			</trkpt>
			<trkpt lat="44.48178" lon="2.92871">
				<ele>477</ele>
				<time>2026-05-28T16:52:44.102Z</time>
			</trkpt>
			<trkpt lat="44.48195" lon="2.92859">
				<ele>475.74</ele>
				<time>2026-05-28T16:52:46.039Z</time>
			</trkpt>
			<trkpt lat="44.48206" lon="2.92856">
				<ele>474.76</ele>
				<time>2026-05-28T16:52:47.190Z</time>
			</trkpt>
			<trkpt lat="44.48214" lon="2.92859">
				<ele>474.97</ele>
				<time>2026-05-28T16:52:48.046Z</time>
			</trkpt>
			<trkpt lat="44.48235" lon="2.92872">
				<ele>475.03</ele>
				<time>2026-05-28T16:52:50.618Z</time>
			</trkpt>
			<trkpt lat="44.48274" lon="2.92902">
				<ele>476.07</ele>
				<time>2026-05-28T16:52:58.199Z</time>
			</trkpt>
			<trkpt lat="44.48285" lon="2.92916">
				<ele>475.59</ele>
				<time>2026-05-28T16:53:01.298Z</time>
			</trkpt>
			<trkpt lat="44.48296" lon="2.9294">
				<ele>475.36</ele>
				<time>2026-05-28T16:53:05.792Z</time>
			</trkpt>
			<trkpt lat="44.48301" lon="2.92957">
				<ele>475.54</ele>
				<time>2026-05-28T16:53:08.763Z</time>
			</trkpt>
			<trkpt lat="44.48301" lon="2.92969">
				<ele>475.78</ele>
				<time>2026-05-28T16:53:10.706Z</time>
			</trkpt>
			<trkpt lat="44.48344" lon="2.93028">
				<ele>475.93</ele>
				<time>2026-05-28T16:53:23.175Z</time>
			</trkpt>
			<trkpt lat="44.48361" lon="2.93047">
				<ele>476.04</ele>
				<time>2026-05-28T16:53:26.578Z</time>
			</trkpt>
			<trkpt lat="44.48409" lon="2.93087">
				<ele>484.51</ele>
				<time>2026-05-28T16:53:32.657Z</time>
			</trkpt>
			<trkpt lat="44.48486" lon="2.93133">
				<ele>497.73</ele>
				<time>2026-05-28T16:53:41.205Z</time>
			</trkpt>
			<trkpt lat="44.48522" lon="2.93151">
				<ele>498</ele>
				<time>2026-05-28T16:53:45.021Z</time>
			</trkpt>
			<trkpt lat="44.48578" lon="2.9316">
				<ele>495.53</ele>
				<time>2026-05-28T16:53:50.549Z</time>
			</trkpt>
			<trkpt lat="44.486" lon="2.93173">
				<ele>499.37</ele>
				<time>2026-05-28T16:53:52.856Z</time>
			</trkpt>
			<trkpt lat="44.48708" lon="2.93274">
				<ele>504.64</ele>
				<time>2026-05-28T16:54:05.043Z</time>
			</trkpt>
			<trkpt lat="44.48727" lon="2.93289">
				<ele>504.55</ele>
				<time>2026-05-28T16:54:07.032Z</time>
			</trkpt>
			<trkpt lat="44.48739" lon="2.93295">
				<ele>504.01</ele>
				<time>2026-05-28T16:54:08.187Z</time>
			</trkpt>
			<trkpt lat="44.4878" lon="2.93306">
				<ele>507.22</ele>
				<time>2026-05-28T16:54:11.932Z</time>
			</trkpt>
			<trkpt lat="44.48859" lon="2.9332">
				<ele>507.22</ele>
				<time>2026-05-28T16:54:18.913Z</time>
			</trkpt>
			<trkpt lat="44.4888" lon="2.93321">
				<ele>512.81</ele>
				<time>2026-05-28T16:54:20.721Z</time>
			</trkpt>
			<trkpt lat="44.48896" lon="2.93318">
				<ele>515.46</ele>
				<time>2026-05-28T16:54:22.099Z</time>
			</trkpt>
			<trkpt lat="44.48925" lon="2.933">
				<ele>515.78</ele>
				<time>2026-05-28T16:54:24.784Z</time>
			</trkpt>
			<trkpt lat="44.48949" lon="2.9327">
				<ele>512.37</ele>
				<time>2026-05-28T16:54:27.474Z</time>
			</trkpt>
			<trkpt lat="44.48965" lon="2.93244">
				<ele>511.93</ele>
				<time>2026-05-28T16:54:29.500Z</time>
			</trkpt>
			<trkpt lat="44.48977" lon="2.9323">
				<ele>513.04</ele>
				<time>2026-05-28T16:54:30.782Z</time>
			</trkpt>
			<trkpt lat="44.4905" lon="2.93156">
				<ele>522.77</ele>
				<time>2026-05-28T16:54:38.034Z</time>
			</trkpt>
			<trkpt lat="44.49094" lon="2.93094">
				<ele>523.13</ele>
				<time>2026-05-28T16:54:42.914Z</time>
			</trkpt>
			<trkpt lat="44.49121" lon="2.93052">
				<ele>523.6</ele>
				<time>2026-05-28T16:54:46.008Z</time>
			</trkpt>
			<trkpt lat="44.4914" lon="2.93005">
				<ele>523.44</ele>
				<time>2026-05-28T16:54:48.920Z</time>
			</trkpt>
			<trkpt lat="44.49153" lon="2.92964">
				<ele>522.87</ele>
				<time>2026-05-28T16:54:51.308Z</time>
			</trkpt>
			<trkpt lat="44.49188" lon="2.9288">
				<ele>521.67</ele>
				<time>2026-05-28T16:54:56.387Z</time>
			</trkpt>
			<trkpt lat="44.49201" lon="2.92853">
				<ele>520.93</ele>
				<time>2026-05-28T16:54:58.058Z</time>
			</trkpt>
			<trkpt lat="44.49222" lon="2.92817">
				<ele>522.82</ele>
				<time>2026-05-28T16:55:00.420Z</time>
			</trkpt>
			<trkpt lat="44.49232" lon="2.92795">
				<ele>523.8</ele>
				<time>2026-05-28T16:55:01.731Z</time>
			</trkpt>
			<trkpt lat="44.49254" lon="2.9273">
				<ele>523.5</ele>
				<time>2026-05-28T16:55:05.303Z</time>
			</trkpt>
			<trkpt lat="44.49266" lon="2.92704">
				<ele>524.97</ele>
				<time>2026-05-28T16:55:06.820Z</time>
			</trkpt>
			<trkpt lat="44.49303" lon="2.92646">
				<ele>532.56</ele>
				<time>2026-05-28T16:55:10.577Z</time>
			</trkpt>
			<trkpt lat="44.49309" lon="2.92632">
				<ele>533.73</ele>
				<time>2026-05-28T16:55:11.355Z</time>
			</trkpt>
			<trkpt lat="44.49324" lon="2.92586">
				<ele>532.78</ele>
				<time>2026-05-28T16:55:13.747Z</time>
			</trkpt>
			<trkpt lat="44.49332" lon="2.92566">
				<ele>533.03</ele>
				<time>2026-05-28T16:55:14.820Z</time>
			</trkpt>
			<trkpt lat="44.49344" lon="2.92549">
				<ele>534.75</ele>
				<time>2026-05-28T16:55:15.934Z</time>
			</trkpt>
			<trkpt lat="44.49379" lon="2.92513">
				<ele>538.29</ele>
				<time>2026-05-28T16:55:18.736Z</time>
			</trkpt>
			<trkpt lat="44.49458" lon="2.9244">
				<ele>541.92</ele>
				<time>2026-05-28T16:55:24.694Z</time>
			</trkpt>
			<trkpt lat="44.49474" lon="2.92429">
				<ele>542.7</ele>
				<time>2026-05-28T16:55:25.794Z</time>
			</trkpt>
			<trkpt lat="44.49487" lon="2.92424">
				<ele>544.33</ele>
				<time>2026-05-28T16:55:26.621Z</time>
			</trkpt>
			<trkpt lat="44.49499" lon="2.92423">
				<ele>546.43</ele>
				<time>2026-05-28T16:55:27.356Z</time>
			</trkpt>
			<trkpt lat="44.49512" lon="2.92424">
				<ele>546.45</ele>
				<time>2026-05-28T16:55:28.148Z</time>
			</trkpt>
			<trkpt lat="44.49531" lon="2.92431">
				<ele>546.28</ele>
				<time>2026-05-28T16:55:29.337Z</time>
			</trkpt>
			<trkpt lat="44.49596" lon="2.92471">
				<ele>542.77</ele>
				<time>2026-05-28T16:55:33.565Z</time>
			</trkpt>
			<trkpt lat="44.49615" lon="2.92487">
				<ele>542.48</ele>
				<time>2026-05-28T16:55:34.864Z</time>
			</trkpt>
			<trkpt lat="44.49628" lon="2.92504">
				<ele>543.28</ele>
				<time>2026-05-28T16:55:35.899Z</time>
			</trkpt>
			<trkpt lat="44.49654" lon="2.9255">
				<ele>546.96</ele>
				<time>2026-05-28T16:55:38.312Z</time>
			</trkpt>
			<trkpt lat="44.49669" lon="2.92571">
				<ele>545.97</ele>
				<time>2026-05-28T16:55:39.521Z</time>
			</trkpt>
			<trkpt lat="44.49718" lon="2.9262">
				<ele>543.86</ele>
				<time>2026-05-28T16:55:42.907Z</time>
			</trkpt>
			<trkpt lat="44.4973" lon="2.92637">
				<ele>544.74</ele>
				<time>2026-05-28T16:55:43.855Z</time>
			</trkpt>
			<trkpt lat="44.49743" lon="2.92663">
				<ele>543.54</ele>
				<time>2026-05-28T16:55:45.106Z</time>
			</trkpt>
			<trkpt lat="44.49767" lon="2.92737">
				<ele>556.71</ele>
				<time>2026-05-28T16:55:48.266Z</time>
			</trkpt>
			<trkpt lat="44.49781" lon="2.9277">
				<ele>557.43</ele>
				<time>2026-05-28T16:55:49.739Z</time>
			</trkpt>
			<trkpt lat="44.49793" lon="2.92789">
				<ele>556.59</ele>
				<time>2026-05-28T16:55:50.705Z</time>
			</trkpt>
			<trkpt lat="44.49804" lon="2.92803">
				<ele>556.64</ele>
				<time>2026-05-28T16:55:51.494Z</time>
			</trkpt>
			<trkpt lat="44.49816" lon="2.92815">
				<ele>551.43</ele>
				<time>2026-05-28T16:55:52.274Z</time>
			</trkpt>
			<trkpt lat="44.49832" lon="2.92826">
				<ele>543.44</ele>
				<time>2026-05-28T16:55:53.212Z</time>
			</trkpt>
			<trkpt lat="44.49863" lon="2.92841">
				<ele>542.02</ele>
				<time>2026-05-28T16:55:54.924Z</time>
			</trkpt>
			<trkpt lat="44.49877" lon="2.92852">
				<ele>545.03</ele>
				<time>2026-05-28T16:55:55.756Z</time>
			</trkpt>
			<trkpt lat="44.49887" lon="2.92867">
				<ele>549.33</ele>
				<time>2026-05-28T16:55:56.512Z</time>
			</trkpt>
			<trkpt lat="44.49893" lon="2.92881">
				<ele>551.29</ele>
				<time>2026-05-28T16:55:57.111Z</time>
			</trkpt>
			<trkpt lat="44.49899" lon="2.92906">
				<ele>552.73</ele>
				<time>2026-05-28T16:55:58.074Z</time>
			</trkpt>
			<trkpt lat="44.49904" lon="2.92984">
				<ele>557.1</ele>
				<time>2026-05-28T16:56:00.903Z</time>
			</trkpt>
			<trkpt lat="44.49908" lon="2.93017">
				<ele>558.31</ele>
				<time>2026-05-28T16:56:02.098Z</time>
			</trkpt>
			<trkpt lat="44.49927" lon="2.93072">
				<ele>555.12</ele>
				<time>2026-05-28T16:56:04.261Z</time>
			</trkpt>
			<trkpt lat="44.49935" lon="2.93099">
				<ele>554.97</ele>
				<time>2026-05-28T16:56:05.287Z</time>
			</trkpt>
			<trkpt lat="44.49939" lon="2.93129">
				<ele>556.84</ele>
				<time>2026-05-28T16:56:06.351Z</time>
			</trkpt>
			<trkpt lat="44.49942" lon="2.93158">
				<ele>558.94</ele>
				<time>2026-05-28T16:56:07.368Z</time>
			</trkpt>
			<trkpt lat="44.49947" lon="2.93186">
				<ele>559.32</ele>
				<time>2026-05-28T16:56:08.364Z</time>
			</trkpt>
			<trkpt lat="44.49953" lon="2.93205">
				<ele>558.56</ele>
				<time>2026-05-28T16:56:09.078Z</time>
			</trkpt>
			<trkpt lat="44.49962" lon="2.93226">
				<ele>557.77</ele>
				<time>2026-05-28T16:56:09.916Z</time>
			</trkpt>
			<trkpt lat="44.49987" lon="2.93272">
				<ele>555.21</ele>
				<time>2026-05-28T16:56:11.881Z</time>
			</trkpt>
			<trkpt lat="44.50009" lon="2.9331">
				<ele>549.88</ele>
				<time>2026-05-28T16:56:13.528Z</time>
			</trkpt>
			<trkpt lat="44.50024" lon="2.93332">
				<ele>545.25</ele>
				<time>2026-05-28T16:56:14.546Z</time>
			</trkpt>
			<trkpt lat="44.50034" lon="2.93339">
				<ele>542.97</ele>
				<time>2026-05-28T16:56:15.068Z</time>
			</trkpt>
			<trkpt lat="44.50047" lon="2.93345">
				<ele>541.14</ele>
				<time>2026-05-28T16:56:15.705Z</time>
			</trkpt>
			<trkpt lat="44.50071" lon="2.93345">
				<ele>543.28</ele>
				<time>2026-05-28T16:56:16.818Z</time>
			</trkpt>
			<trkpt lat="44.50079" lon="2.93341">
				<ele>544.51</ele>
				<time>2026-05-28T16:56:17.211Z</time>
			</trkpt>
			<trkpt lat="44.50092" lon="2.93327">
				<ele>547.52</ele>
				<time>2026-05-28T16:56:17.966Z</time>
			</trkpt>
			<trkpt lat="44.50099" lon="2.93311">
				<ele>549.32</ele>
				<time>2026-05-28T16:56:18.582Z</time>
			</trkpt>
			<trkpt lat="44.50104" lon="2.93294">
				<ele>551.03</ele>
				<time>2026-05-28T16:56:19.183Z</time>
			</trkpt>
			<trkpt lat="44.50117" lon="2.93227">
				<ele>561.89</ele>
				<time>2026-05-28T16:56:21.437Z</time>
			</trkpt>
			<trkpt lat="44.50116" lon="2.93214">
				<ele>564.4</ele>
				<time>2026-05-28T16:56:21.859Z</time>
			</trkpt>
			<trkpt lat="44.50111" lon="2.93201">
				<ele>566.62</ele>
				<time>2026-05-28T16:56:22.335Z</time>
			</trkpt>
			<trkpt lat="44.50077" lon="2.93162">
				<ele>563.15</ele>
				<time>2026-05-28T16:56:24.310Z</time>
			</trkpt>
			<trkpt lat="44.50069" lon="2.93144">
				<ele>563.94</ele>
				<time>2026-05-28T16:56:24.986Z</time>
			</trkpt>
			<trkpt lat="44.50063" lon="2.93113">
				<ele>566.2</ele>
				<time>2026-05-28T16:56:26.007Z</time>
			</trkpt>
			<trkpt lat="44.50062" lon="2.9307">
				<ele>572.14</ele>
				<time>2026-05-28T16:56:27.368Z</time>
			</trkpt>
			<trkpt lat="44.50069" lon="2.92994">
				<ele>580.54</ele>
				<time>2026-05-28T16:56:29.775Z</time>
			</trkpt>
			<trkpt lat="44.50067" lon="2.92971">
				<ele>580.83</ele>
				<time>2026-05-28T16:56:30.499Z</time>
			</trkpt>
			<trkpt lat="44.50062" lon="2.92943">
				<ele>579.43</ele>
				<time>2026-05-28T16:56:31.399Z</time>
			</trkpt>
			<trkpt lat="44.50062" lon="2.9292">
				<ele>580.3</ele>
				<time>2026-05-28T16:56:32.113Z</time>
			</trkpt>
			<trkpt lat="44.5007" lon="2.9288">
				<ele>584.6</ele>
				<time>2026-05-28T16:56:33.400Z</time>
			</trkpt>
			<trkpt lat="44.50075" lon="2.92835">
				<ele>588.41</ele>
				<time>2026-05-28T16:56:34.806Z</time>
			</trkpt>
			<trkpt lat="44.50074" lon="2.92812">
				<ele>591.35</ele>
				<time>2026-05-28T16:56:35.515Z</time>
			</trkpt>
			<trkpt lat="44.50071" lon="2.92791">
				<ele>592.02</ele>
				<time>2026-05-28T16:56:36.172Z</time>
			</trkpt>
			<trkpt lat="44.50054" lon="2.92744">
				<ele>588.35</ele>
				<time>2026-05-28T16:56:37.786Z</time>
			</trkpt>
			<trkpt lat="44.5005" lon="2.92722">
				<ele>588.03</ele>
				<time>2026-05-28T16:56:38.479Z</time>
			</trkpt>
			<trkpt lat="44.50049" lon="2.92704">
				<ele>588.27</ele>
				<time>2026-05-28T16:56:39.030Z</time>
			</trkpt>
			<trkpt lat="44.50062" lon="2.92647">
				<ele>594.08</ele>
				<time>2026-05-28T16:56:40.850Z</time>
			</trkpt>
			<trkpt lat="44.50065" lon="2.92602">
				<ele>595.19</ele>
				<time>2026-05-28T16:56:42.220Z</time>
			</trkpt>
			<trkpt lat="44.50066" lon="2.92545">
				<ele>603.31</ele>
				<time>2026-05-28T16:56:43.944Z</time>
			</trkpt>
			<trkpt lat="44.50065" lon="2.92502">
				<ele>603.47</ele>
				<time>2026-05-28T16:56:45.242Z</time>
			</trkpt>
			<trkpt lat="44.5006" lon="2.92458">
				<ele>603.46</ele>
				<time>2026-05-28T16:56:46.584Z</time>
			</trkpt>
			<trkpt lat="44.50052" lon="2.9242">
				<ele>603.65</ele>
				<time>2026-05-28T16:56:47.776Z</time>
			</trkpt>
			<trkpt lat="44.50043" lon="2.9238">
				<ele>606.4</ele>
				<time>2026-05-28T16:56:49.036Z</time>
			</trkpt>
			<trkpt lat="44.50034" lon="2.92353">
				<ele>609.91</ele>
				<time>2026-05-28T16:56:49.931Z</time>
			</trkpt>
			<trkpt lat="44.50026" lon="2.92331">
				<ele>611.84</ele>
				<time>2026-05-28T16:56:50.672Z</time>
			</trkpt>
			<trkpt lat="44.49995" lon="2.92281">
				<ele>611.68</ele>
				<time>2026-05-28T16:56:52.659Z</time>
			</trkpt>
			<trkpt lat="44.4999" lon="2.9227">
				<ele>611.78</ele>
				<time>2026-05-28T16:56:53.050Z</time>
			</trkpt>
			<trkpt lat="44.49986" lon="2.92252">
				<ele>612.83</ele>
				<time>2026-05-28T16:56:53.616Z</time>
			</trkpt>
			<trkpt lat="44.49987" lon="2.92239">
				<ele>613.43</ele>
				<time>2026-05-28T16:56:54.008Z</time>
			</trkpt>
			<trkpt lat="44.49993" lon="2.92223">
				<ele>613.96</ele>
				<time>2026-05-28T16:56:54.550Z</time>
			</trkpt>
			<trkpt lat="44.50002" lon="2.92212">
				<ele>614.25</ele>
				<time>2026-05-28T16:56:55.052Z</time>
			</trkpt>
			<trkpt lat="44.50014" lon="2.92206">
				<ele>615.21</ele>
				<time>2026-05-28T16:56:55.588Z</time>
			</trkpt>
			<trkpt lat="44.50028" lon="2.92204">
				<ele>616.37</ele>
				<time>2026-05-28T16:56:56.180Z</time>
			</trkpt>
			<trkpt lat="44.50166" lon="2.92233">
				<ele>621.81</ele>
				<time>2026-05-28T16:57:02.066Z</time>
			</trkpt>
			<trkpt lat="44.50186" lon="2.9224">
				<ele>623.02</ele>
				<time>2026-05-28T16:57:02.939Z</time>
			</trkpt>
			<trkpt lat="44.50219" lon="2.92258">
				<ele>624.89</ele>
				<time>2026-05-28T16:57:04.441Z</time>
			</trkpt>
			<trkpt lat="44.50308" lon="2.92311">
				<ele>630.81</ele>
				<time>2026-05-28T16:57:08.565Z</time>
			</trkpt>
			<trkpt lat="44.50332" lon="2.92321">
				<ele>632.55</ele>
				<time>2026-05-28T16:57:09.639Z</time>
			</trkpt>
			<trkpt lat="44.50354" lon="2.92326">
				<ele>635.03</ele>
				<time>2026-05-28T16:57:10.597Z</time>
			</trkpt>
			<trkpt lat="44.50427" lon="2.9233">
				<ele>639.96</ele>
				<time>2026-05-28T16:57:13.757Z</time>
			</trkpt>
			<trkpt lat="44.50444" lon="2.92335">
				<ele>640.21</ele>
				<time>2026-05-28T16:57:14.513Z</time>
			</trkpt>
			<trkpt lat="44.50477" lon="2.92348">
				<ele>643.87</ele>
				<time>2026-05-28T16:57:16.010Z</time>
			</trkpt>
			<trkpt lat="44.50508" lon="2.92369">
				<ele>646.23</ele>
				<time>2026-05-28T16:57:17.521Z</time>
			</trkpt>
			<trkpt lat="44.50648" lon="2.92494">
				<ele>653.92</ele>
				<time>2026-05-28T16:57:24.927Z</time>
			</trkpt>
			<trkpt lat="44.50673" lon="2.92507">
				<ele>655.25</ele>
				<time>2026-05-28T16:57:26.138Z</time>
			</trkpt>
			<trkpt lat="44.50684" lon="2.92506">
				<ele>655.61</ele>
				<time>2026-05-28T16:57:26.641Z</time>
			</trkpt>
			<trkpt lat="44.50694" lon="2.92499">
				<ele>656.03</ele>
				<time>2026-05-28T16:57:27.152Z</time>
			</trkpt>
			<trkpt lat="44.50699" lon="2.92494">
				<ele>656.85</ele>
				<time>2026-05-28T16:57:27.433Z</time>
			</trkpt>
			<trkpt lat="44.50707" lon="2.92479">
				<ele>658.36</ele>
				<time>2026-05-28T16:57:28.046Z</time>
			</trkpt>
			<trkpt lat="44.5071" lon="2.92461">
				<ele>659.39</ele>
				<time>2026-05-28T16:57:28.652Z</time>
			</trkpt>
			<trkpt lat="44.50707" lon="2.92377">
				<ele>661.67</ele>
				<time>2026-05-28T16:57:31.433Z</time>
			</trkpt>
			<trkpt lat="44.5071" lon="2.92359">
				<ele>661.81</ele>
				<time>2026-05-28T16:57:32.050Z</time>
			</trkpt>
			<trkpt lat="44.50717" lon="2.92333">
				<ele>662.19</ele>
				<time>2026-05-28T16:57:32.980Z</time>
			</trkpt>
			<trkpt lat="44.50736" lon="2.92297">
				<ele>664.9</ele>
				<time>2026-05-28T16:57:34.487Z</time>
			</trkpt>
			<trkpt lat="44.50743" lon="2.92274">
				<ele>665.79</ele>
				<time>2026-05-28T16:57:35.334Z</time>
			</trkpt>
			<trkpt lat="44.50743" lon="2.92245">
				<ele>665.13</ele>
				<time>2026-05-28T16:57:36.321Z</time>
			</trkpt>
			<trkpt lat="44.50728" lon="2.92166">
				<ele>665.43</ele>
				<time>2026-05-28T16:57:39.130Z</time>
			</trkpt>
			<trkpt lat="44.50728" lon="2.92148">
				<ele>665.43</ele>
				<time>2026-05-28T16:57:39.754Z</time>
			</trkpt>
			<trkpt lat="44.50733" lon="2.92129">
				<ele>665.94</ele>
				<time>2026-05-28T16:57:40.459Z</time>
			</trkpt>
			<trkpt lat="44.5074" lon="2.92114">
				<ele>666.93</ele>
				<time>2026-05-28T16:57:41.085Z</time>
			</trkpt>
			<trkpt lat="44.5078" lon="2.92046">
				<ele>671.49</ele>
				<time>2026-05-28T16:57:44.195Z</time>
			</trkpt>
			<trkpt lat="44.50849" lon="2.91942">
				<ele>671.13</ele>
				<time>2026-05-28T16:57:49.321Z</time>
			</trkpt>
			<trkpt lat="44.51042" lon="2.9157">
				<ele>677.34</ele>
				<time>2026-05-28T16:58:07.040Z</time>
			</trkpt>
			<trkpt lat="44.51063" lon="2.91537">
				<ele>676.86</ele>
				<time>2026-05-28T16:58:08.844Z</time>
			</trkpt>
			<trkpt lat="44.5109" lon="2.91505">
				<ele>677.12</ele>
				<time>2026-05-28T16:58:10.888Z</time>
			</trkpt>
			<trkpt lat="44.51089" lon="2.91501">
				<ele>676.07</ele>
				<time>2026-05-28T16:58:11.064Z</time>
			</trkpt>
			<trkpt lat="44.51088" lon="2.91486">
				<ele>674.39</ele>
				<time>2026-05-28T16:58:11.691Z</time>
			</trkpt>
			<trkpt lat="44.51091" lon="2.91478">
				<ele>674.14</ele>
				<time>2026-05-28T16:58:12.068Z</time>
			</trkpt>
			<trkpt lat="44.51098" lon="2.91466">
				<ele>674.19</ele>
				<time>2026-05-28T16:58:12.717Z</time>
			</trkpt>
			<trkpt lat="44.51106" lon="2.91452">
				<ele>674.15</ele>
				<time>2026-05-28T16:58:13.471Z</time>
			</trkpt>
			<trkpt lat="44.51137" lon="2.91409">
				<ele>671.49</ele>
				<time>2026-05-28T16:58:16.066Z</time>
			</trkpt>
			<trkpt lat="44.51162" lon="2.91384">
				<ele>672.07</ele>
				<time>2026-05-28T16:58:17.917Z</time>
			</trkpt>
			<trkpt lat="44.5118" lon="2.91362">
				<ele>672.16</ele>
				<time>2026-05-28T16:58:19.360Z</time>
			</trkpt>
			<trkpt lat="44.5121" lon="2.91306">
				<ele>665.52</ele>
				<time>2026-05-28T16:58:22.368Z</time>
			</trkpt>
			<trkpt lat="44.51227" lon="2.91266">
				<ele>662.61</ele>
				<time>2026-05-28T16:58:24.360Z</time>
			</trkpt>
			<trkpt lat="44.51233" lon="2.91245">
				<ele>661.76</ele>
				<time>2026-05-28T16:58:25.325Z</time>
			</trkpt>
			<trkpt lat="44.51238" lon="2.91217">
				<ele>660.65</ele>
				<time>2026-05-28T16:58:26.555Z</time>
			</trkpt>
			<trkpt lat="44.51255" lon="2.91076">
				<ele>655.66</ele>
				<time>2026-05-28T16:58:32.615Z</time>
			</trkpt>
			<trkpt lat="44.51259" lon="2.91049">
				<ele>653.22</ele>
				<time>2026-05-28T16:58:33.777Z</time>
			</trkpt>
			<trkpt lat="44.5127" lon="2.91016">
				<ele>648.68</ele>
				<time>2026-05-28T16:58:35.309Z</time>
			</trkpt>
			<trkpt lat="44.51275" lon="2.91004">
				<ele>647.46</ele>
				<time>2026-05-28T16:58:35.893Z</time>
			</trkpt>
			<trkpt lat="44.51303" lon="2.90962">
				<ele>644.45</ele>
				<time>2026-05-28T16:58:38.302Z</time>
			</trkpt>
			<trkpt lat="44.51317" lon="2.90936">
				<ele>640.84</ele>
				<time>2026-05-28T16:58:39.663Z</time>
			</trkpt>
			<trkpt lat="44.5133" lon="2.90899">
				<ele>638.38</ele>
				<time>2026-05-28T16:58:41.383Z</time>
			</trkpt>
			<trkpt lat="44.51364" lon="2.90786">
				<ele>640.32</ele>
				<time>2026-05-28T16:58:46.472Z</time>
			</trkpt>
			<trkpt lat="44.51375" lon="2.9076">
				<ele>640.23</ele>
				<time>2026-05-28T16:58:47.721Z</time>
			</trkpt>
			<trkpt lat="44.51385" lon="2.90742">
				<ele>641.53</ele>
				<time>2026-05-28T16:58:48.662Z</time>
			</trkpt>
			<trkpt lat="44.51413" lon="2.90706">
				<ele>645.82</ele>
				<time>2026-05-28T16:58:50.855Z</time>
			</trkpt>
			<trkpt lat="44.5142" lon="2.90686">
				<ele>646.2</ele>
				<time>2026-05-28T16:58:51.770Z</time>
			</trkpt>
			<trkpt lat="44.51422" lon="2.90673">
				<ele>645.98</ele>
				<time>2026-05-28T16:58:52.316Z</time>
			</trkpt>
			<trkpt lat="44.5142" lon="2.90659">
				<ele>645.86</ele>
				<time>2026-05-28T16:58:52.901Z</time>
			</trkpt>
			<trkpt lat="44.51413" lon="2.90637">
				<ele>645.74</ele>
				<time>2026-05-28T16:58:53.888Z</time>
			</trkpt>
			<trkpt lat="44.51362" lon="2.90517">
				<ele>639.6</ele>
				<time>2026-05-28T16:58:59.584Z</time>
			</trkpt>
			<trkpt lat="44.51323" lon="2.90417">
				<ele>631.97</ele>
				<time>2026-05-28T16:59:04.202Z</time>
			</trkpt>
			<trkpt lat="44.51311" lon="2.90389">
				<ele>630.42</ele>
				<time>2026-05-28T16:59:05.520Z</time>
			</trkpt>
			<trkpt lat="44.513" lon="2.90373">
				<ele>629.58</ele>
				<time>2026-05-28T16:59:06.416Z</time>
			</trkpt>
			<trkpt lat="44.51285" lon="2.90359">
				<ele>628.53</ele>
				<time>2026-05-28T16:59:07.433Z</time>
			</trkpt>
			<trkpt lat="44.51266" lon="2.90351">
				<ele>626.66</ele>
				<time>2026-05-28T16:59:08.552Z</time>
			</trkpt>
			<trkpt lat="44.51243" lon="2.90349">
				<ele>624.09</ele>
				<time>2026-05-28T16:59:09.850Z</time>
			</trkpt>
			<trkpt lat="44.51219" lon="2.90345">
				<ele>621.92</ele>
				<time>2026-05-28T16:59:11.208Z</time>
			</trkpt>
			<trkpt lat="44.51207" lon="2.90338">
				<ele>621.58</ele>
				<time>2026-05-28T16:59:11.938Z</time>
			</trkpt>
			<trkpt lat="44.51196" lon="2.90329">
				<ele>621.18</ele>
				<time>2026-05-28T16:59:12.653Z</time>
			</trkpt>
			<trkpt lat="44.51186" lon="2.90318">
				<ele>619.63</ele>
				<time>2026-05-28T16:59:13.365Z</time>
			</trkpt>
			<trkpt lat="44.51177" lon="2.90305">
				<ele>617.96</ele>
				<time>2026-05-28T16:59:14.089Z</time>
			</trkpt>
			<trkpt lat="44.51164" lon="2.90277">
				<ele>615.55</ele>
				<time>2026-05-28T16:59:15.422Z</time>
			</trkpt>
			<trkpt lat="44.51158" lon="2.90252">
				<ele>615.47</ele>
				<time>2026-05-28T16:59:16.473Z</time>
			</trkpt>
			<trkpt lat="44.51156" lon="2.90207">
				<ele>614.17</ele>
				<time>2026-05-28T16:59:18.266Z</time>
			</trkpt>
			<trkpt lat="44.5117" lon="2.90065">
				<ele>602.53</ele>
				<time>2026-05-28T16:59:23.946Z</time>
			</trkpt>
			<trkpt lat="44.51171" lon="2.90035">
				<ele>600.05</ele>
				<time>2026-05-28T16:59:25.131Z</time>
			</trkpt>
			<trkpt lat="44.51168" lon="2.89991">
				<ele>598.57</ele>
				<time>2026-05-28T16:59:26.874Z</time>
			</trkpt>
			<trkpt lat="44.51148" lon="2.89856">
				<ele>598.82</ele>
				<time>2026-05-28T16:59:32.290Z</time>
			</trkpt>
			<trkpt lat="44.51145" lon="2.89674">
				<ele>588.59</ele>
				<time>2026-05-28T16:59:39.401Z</time>
			</trkpt>
			<trkpt lat="44.5114" lon="2.89649">
				<ele>589.39</ele>
				<time>2026-05-28T16:59:40.411Z</time>
			</trkpt>
			<trkpt lat="44.51133" lon="2.89633">
				<ele>589.93</ele>
				<time>2026-05-28T16:59:41.142Z</time>
			</trkpt>
			<trkpt lat="44.51124" lon="2.89614">
				<ele>591.06</ele>
				<time>2026-05-28T16:59:42.028Z</time>
			</trkpt>
			<trkpt lat="44.51104" lon="2.89584">
				<ele>591.97</ele>
				<time>2026-05-28T16:59:43.623Z</time>
			</trkpt>
			<trkpt lat="44.51084" lon="2.89547">
				<ele>589.81</ele>
				<time>2026-05-28T16:59:45.423Z</time>
			</trkpt>
			<trkpt lat="44.51052" lon="2.89479">
				<ele>587.05</ele>
				<time>2026-05-28T16:59:48.577Z</time>
			</trkpt>
			<trkpt lat="44.51042" lon="2.89446">
				<ele>586.51</ele>
				<time>2026-05-28T16:59:49.962Z</time>
			</trkpt>
			<trkpt lat="44.51039" lon="2.89428">
				<ele>586.38</ele>
				<time>2026-05-28T16:59:50.676Z</time>
			</trkpt>
			<trkpt lat="44.51037" lon="2.89405">
				<ele>586.61</ele>
				<time>2026-05-28T16:59:51.570Z</time>
			</trkpt>
			<trkpt lat="44.51037" lon="2.89381">
				<ele>586.93</ele>
				<time>2026-05-28T16:59:52.496Z</time>
			</trkpt>
			<trkpt lat="44.51049" lon="2.8923">
				<ele>584.05</ele>
				<time>2026-05-28T16:59:58.343Z</time>
			</trkpt>
			<trkpt lat="44.51049" lon="2.89087">
				<ele>579.54</ele>
				<time>2026-05-28T17:00:03.829Z</time>
			</trkpt>
			<trkpt lat="44.51051" lon="2.89068">
				<ele>578.58</ele>
				<time>2026-05-28T17:00:04.564Z</time>
			</trkpt>
			<trkpt lat="44.51054" lon="2.89053">
				<ele>577.8</ele>
				<time>2026-05-28T17:00:05.161Z</time>
			</trkpt>
			<trkpt lat="44.51061" lon="2.89038">
				<ele>577.03</ele>
				<time>2026-05-28T17:00:05.847Z</time>
			</trkpt>
			<trkpt lat="44.51073" lon="2.89024">
				<ele>576.38</ele>
				<time>2026-05-28T17:00:06.684Z</time>
			</trkpt>
			<trkpt lat="44.51091" lon="2.89016">
				<ele>575.52</ele>
				<time>2026-05-28T17:00:07.697Z</time>
			</trkpt>
			<trkpt lat="44.51143" lon="2.8902">
				<ele>576.54</ele>
				<time>2026-05-28T17:00:10.487Z</time>
			</trkpt>
			<trkpt lat="44.51152" lon="2.89019">
				<ele>576.54</ele>
				<time>2026-05-28T17:00:10.971Z</time>
			</trkpt>
			<trkpt lat="44.5116" lon="2.89009">
				<ele>576.2</ele>
				<time>2026-05-28T17:00:11.544Z</time>
			</trkpt>
			<trkpt lat="44.51163" lon="2.89002">
				<ele>575.96</ele>
				<time>2026-05-28T17:00:11.856Z</time>
			</trkpt>
			<trkpt lat="44.51163" lon="2.88992">
				<ele>576.06</ele>
				<time>2026-05-28T17:00:12.238Z</time>
			</trkpt>
			<trkpt lat="44.51162" lon="2.88984">
				<ele>576.12</ele>
				<time>2026-05-28T17:00:12.548Z</time>
			</trkpt>
			<trkpt lat="44.5114" lon="2.88948">
				<ele>572.48</ele>
				<time>2026-05-28T17:00:14.356Z</time>
			</trkpt>
			<trkpt lat="44.5113" lon="2.88922">
				<ele>570.29</ele>
				<time>2026-05-28T17:00:15.482Z</time>
			</trkpt>
			<trkpt lat="44.51119" lon="2.88884">
				<ele>568.36</ele>
				<time>2026-05-28T17:00:17.045Z</time>
			</trkpt>
			<trkpt lat="44.51109" lon="2.8886">
				<ele>567.91</ele>
				<time>2026-05-28T17:00:18.104Z</time>
			</trkpt>
			<trkpt lat="44.51094" lon="2.88838">
				<ele>568.93</ele>
				<time>2026-05-28T17:00:19.263Z</time>
			</trkpt>
			<trkpt lat="44.51065" lon="2.88811">
				<ele>567.78</ele>
				<time>2026-05-28T17:00:21.121Z</time>
			</trkpt>
			<trkpt lat="44.51055" lon="2.88797">
				<ele>566.95</ele>
				<time>2026-05-28T17:00:21.875Z</time>
			</trkpt>
			<trkpt lat="44.51043" lon="2.88773">
				<ele>565.36</ele>
				<time>2026-05-28T17:00:22.990Z</time>
			</trkpt>
			<trkpt lat="44.5104" lon="2.88761">
				<ele>565.38</ele>
				<time>2026-05-28T17:00:23.474Z</time>
			</trkpt>
			<trkpt lat="44.51038" lon="2.88739">
				<ele>565.23</ele>
				<time>2026-05-28T17:00:24.317Z</time>
			</trkpt>
			<trkpt lat="44.51041" lon="2.88713">
				<ele>565.04</ele>
				<time>2026-05-28T17:00:25.319Z</time>
			</trkpt>
			<trkpt lat="44.51046" lon="2.88694">
				<ele>565.31</ele>
				<time>2026-05-28T17:00:26.088Z</time>
			</trkpt>
			<trkpt lat="44.51069" lon="2.88639">
				<ele>564.68</ele>
				<time>2026-05-28T17:00:28.512Z</time>
			</trkpt>
			<trkpt lat="44.51077" lon="2.88616">
				<ele>563.2</ele>
				<time>2026-05-28T17:00:29.484Z</time>
			</trkpt>
			<trkpt lat="44.51078" lon="2.88602">
				<ele>562.16</ele>
				<time>2026-05-28T17:00:30.019Z</time>
			</trkpt>
			<trkpt lat="44.51076" lon="2.88579">
				<ele>560.4</ele>
				<time>2026-05-28T17:00:30.899Z</time>
			</trkpt>
			<trkpt lat="44.51072" lon="2.88566">
				<ele>559.69</ele>
				<time>2026-05-28T17:00:31.437Z</time>
			</trkpt>
			<trkpt lat="44.51063" lon="2.8855">
				<ele>558.16</ele>
				<time>2026-05-28T17:00:32.211Z</time>
			</trkpt>
			<trkpt lat="44.51048" lon="2.88532">
				<ele>557.55</ele>
				<time>2026-05-28T17:00:33.263Z</time>
			</trkpt>
			<trkpt lat="44.50964" lon="2.88467">
				<ele>551.84</ele>
				<time>2026-05-28T17:00:38.372Z</time>
			</trkpt>
			<trkpt lat="44.50931" lon="2.88424">
				<ele>551.21</ele>
				<time>2026-05-28T17:00:40.771Z</time>
			</trkpt>
			<trkpt lat="44.50917" lon="2.88399">
				<ele>550.74</ele>
				<time>2026-05-28T17:00:41.978Z</time>
			</trkpt>
			<trkpt lat="44.5091" lon="2.8838">
				<ele>550.34</ele>
				<time>2026-05-28T17:00:42.791Z</time>
			</trkpt>
			<trkpt lat="44.509" lon="2.88343">
				<ele>548.58</ele>
				<time>2026-05-28T17:00:44.294Z</time>
			</trkpt>
			<trkpt lat="44.50902" lon="2.8833">
				<ele>548.13</ele>
				<time>2026-05-28T17:00:44.799Z</time>
			</trkpt>
			<trkpt lat="44.50926" lon="2.88272">
				<ele>542.96</ele>
				<time>2026-05-28T17:00:47.347Z</time>
			</trkpt>
			<trkpt lat="44.50937" lon="2.88257">
				<ele>542.12</ele>
				<time>2026-05-28T17:00:48.165Z</time>
			</trkpt>
			<trkpt lat="44.50948" lon="2.8825">
				<ele>542.24</ele>
				<time>2026-05-28T17:00:48.809Z</time>
			</trkpt>
			<trkpt lat="44.50994" lon="2.88241">
				<ele>539.55</ele>
				<time>2026-05-28T17:00:51.285Z</time>
			</trkpt>
			<trkpt lat="44.51008" lon="2.88234">
				<ele>537.11</ele>
				<time>2026-05-28T17:00:52.078Z</time>
			</trkpt>
			<trkpt lat="44.51111" lon="2.88174">
				<ele>529.74</ele>
				<time>2026-05-28T17:00:58.032Z</time>
			</trkpt>
			<trkpt lat="44.51134" lon="2.88167">
				<ele>530.58</ele>
				<time>2026-05-28T17:00:59.290Z</time>
			</trkpt>
			<trkpt lat="44.5116" lon="2.88164">
				<ele>534.85</ele>
				<time>2026-05-28T17:01:00.684Z</time>
			</trkpt>
			<trkpt lat="44.5117" lon="2.88158">
				<ele>534.9</ele>
				<time>2026-05-28T17:01:01.266Z</time>
			</trkpt>
			<trkpt lat="44.51177" lon="2.88147">
				<ele>533.22</ele>
				<time>2026-05-28T17:01:01.828Z</time>
			</trkpt>
			<trkpt lat="44.51181" lon="2.88136">
				<ele>531.05</ele>
				<time>2026-05-28T17:01:02.300Z</time>
			</trkpt>
			<trkpt lat="44.51198" lon="2.8798">
				<ele>516.41</ele>
				<time>2026-05-28T17:01:08.328Z</time>
			</trkpt>
			<trkpt lat="44.51202" lon="2.87921">
				<ele>513.01</ele>
				<time>2026-05-28T17:01:10.596Z</time>
			</trkpt>
			<trkpt lat="44.51204" lon="2.87788">
				<ele>500.52</ele>
				<time>2026-05-28T17:01:15.697Z</time>
			</trkpt>
			<trkpt lat="44.51213" lon="2.87719">
				<ele>493.46</ele>
				<time>2026-05-28T17:01:18.393Z</time>
			</trkpt>
			<trkpt lat="44.51223" lon="2.87666">
				<ele>486.35</ele>
				<time>2026-05-28T17:01:20.502Z</time>
			</trkpt>
			<trkpt lat="44.5123" lon="2.87638">
				<ele>480.87</ele>
				<time>2026-05-28T17:01:21.645Z</time>
			</trkpt>
			<trkpt lat="44.51239" lon="2.87616">
				<ele>480.58</ele>
				<time>2026-05-28T17:01:22.623Z</time>
			</trkpt>
			<trkpt lat="44.51249" lon="2.87601">
				<ele>482.25</ele>
				<time>2026-05-28T17:01:23.415Z</time>
			</trkpt>
			<trkpt lat="44.51262" lon="2.87585">
				<ele>481.88</ele>
				<time>2026-05-28T17:01:24.351Z</time>
			</trkpt>
			<trkpt lat="44.5127" lon="2.8757">
				<ele>480.5</ele>
				<time>2026-05-28T17:01:25.075Z</time>
			</trkpt>
			<trkpt lat="44.51291" lon="2.87503">
				<ele>476.75</ele>
				<time>2026-05-28T17:01:27.904Z</time>
			</trkpt>
			<trkpt lat="44.513" lon="2.87486">
				<ele>476.79</ele>
				<time>2026-05-28T17:01:28.724Z</time>
			</trkpt>
			<trkpt lat="44.51331" lon="2.87452">
				<ele>473.43</ele>
				<time>2026-05-28T17:01:30.863Z</time>
			</trkpt>
			<trkpt lat="44.51342" lon="2.87449">
				<ele>472.19</ele>
				<time>2026-05-28T17:01:31.473Z</time>
			</trkpt>
			<trkpt lat="44.51352" lon="2.87452">
				<ele>472.11</ele>
				<time>2026-05-28T17:01:32.029Z</time>
			</trkpt>
			<trkpt lat="44.51362" lon="2.8746">
				<ele>472.75</ele>
				<time>2026-05-28T17:01:32.656Z</time>
			</trkpt>
			<trkpt lat="44.51434" lon="2.87534">
				<ele>468.33</ele>
				<time>2026-05-28T17:01:37.529Z</time>
			</trkpt>
			<trkpt lat="44.51485" lon="2.87604">
				<ele>464.65</ele>
				<time>2026-05-28T17:01:41.439Z</time>
			</trkpt>
			<trkpt lat="44.51527" lon="2.87668">
				<ele>458.97</ele>
				<time>2026-05-28T17:01:44.848Z</time>
			</trkpt>
			<trkpt lat="44.51561" lon="2.87728">
				<ele>450.69</ele>
				<time>2026-05-28T17:01:47.862Z</time>
			</trkpt>
			<trkpt lat="44.5157" lon="2.87736">
				<ele>449.92</ele>
				<time>2026-05-28T17:01:48.450Z</time>
			</trkpt>
			<trkpt lat="44.51578" lon="2.87736">
				<ele>449.31</ele>
				<time>2026-05-28T17:01:48.892Z</time>
			</trkpt>
			<trkpt lat="44.51583" lon="2.87733">
				<ele>449.23</ele>
				<time>2026-05-28T17:01:49.193Z</time>
			</trkpt>
			<trkpt lat="44.51588" lon="2.87723">
				<ele>449.24</ele>
				<time>2026-05-28T17:01:49.675Z</time>
			</trkpt>
			<trkpt lat="44.51588" lon="2.87714">
				<ele>449.52</ele>
				<time>2026-05-28T17:01:50.030Z</time>
			</trkpt>
			<trkpt lat="44.51585" lon="2.87704">
				<ele>450.78</ele>
				<time>2026-05-28T17:01:50.458Z</time>
			</trkpt>
			<trkpt lat="44.5158" lon="2.87696">
				<ele>452.22</ele>
				<time>2026-05-28T17:01:50.878Z</time>
			</trkpt>
			<trkpt lat="44.51562" lon="2.87681">
				<ele>455.32</ele>
				<time>2026-05-28T17:01:52.038Z</time>
			</trkpt>
			<trkpt lat="44.51554" lon="2.8767">
				<ele>457.62</ele>
				<time>2026-05-28T17:01:52.660Z</time>
			</trkpt>
			<trkpt lat="44.51537" lon="2.87638">
				<ele>456.55</ele>
				<time>2026-05-28T17:01:54.240Z</time>
			</trkpt>
			<trkpt lat="44.51521" lon="2.87613">
				<ele>455.97</ele>
				<time>2026-05-28T17:01:55.573Z</time>
			</trkpt>
			<trkpt lat="44.515" lon="2.87575">
				<ele>455.47</ele>
				<time>2026-05-28T17:01:57.483Z</time>
			</trkpt>
			<trkpt lat="44.51485" lon="2.8754">
				<ele>455.74</ele>
				<time>2026-05-28T17:01:59.108Z</time>
			</trkpt>
			<trkpt lat="44.51471" lon="2.875">
				<ele>453.36</ele>
				<time>2026-05-28T17:02:00.886Z</time>
			</trkpt>
			<trkpt lat="44.51466" lon="2.87478">
				<ele>451.57</ele>
				<time>2026-05-28T17:02:01.808Z</time>
			</trkpt>
			<trkpt lat="44.5146" lon="2.87433">
				<ele>447.16</ele>
				<time>2026-05-28T17:02:03.640Z</time>
			</trkpt>
			<trkpt lat="44.51456" lon="2.87386">
				<ele>440.35</ele>
				<time>2026-05-28T17:02:05.538Z</time>
			</trkpt>
			<trkpt lat="44.51459" lon="2.87372">
				<ele>437.32</ele>
				<time>2026-05-28T17:02:06.125Z</time>
			</trkpt>
			<trkpt lat="44.51461" lon="2.87367">
				<ele>435.43</ele>
				<time>2026-05-28T17:02:06.355Z</time>
			</trkpt>
			<trkpt lat="44.51468" lon="2.8736">
				<ele>431.63</ele>
				<time>2026-05-28T17:02:06.839Z</time>
			</trkpt>
			<trkpt lat="44.51476" lon="2.87362">
				<ele>428.97</ele>
				<time>2026-05-28T17:02:07.298Z</time>
			</trkpt>
			<trkpt lat="44.51483" lon="2.87371">
				<ele>428.24</ele>
				<time>2026-05-28T17:02:07.834Z</time>
			</trkpt>
			<trkpt lat="44.51496" lon="2.87415">
				<ele>429.4</ele>
				<time>2026-05-28T17:02:09.753Z</time>
			</trkpt>
			<trkpt lat="44.51499" lon="2.8742">
				<ele>428.54</ele>
				<time>2026-05-28T17:02:10.017Z</time>
			</trkpt>
			<trkpt lat="44.51508" lon="2.87423">
				<ele>426.99</ele>
				<time>2026-05-28T17:02:10.540Z</time>
			</trkpt>
			<trkpt lat="44.51515" lon="2.8742">
				<ele>425.04</ele>
				<time>2026-05-28T17:02:10.955Z</time>
			</trkpt>
			<trkpt lat="44.51519" lon="2.87411">
				<ele>423.13</ele>
				<time>2026-05-28T17:02:11.384Z</time>
			</trkpt>
			<trkpt lat="44.5152" lon="2.87406">
				<ele>422.39</ele>
				<time>2026-05-28T17:02:11.594Z</time>
			</trkpt>
			<trkpt lat="44.51518" lon="2.87389">
				<ele>421.11</ele>
				<time>2026-05-28T17:02:12.291Z</time>
			</trkpt>
			<trkpt lat="44.51487" lon="2.87285">
				<ele>420</ele>
				<time>2026-05-28T17:02:16.866Z</time>
			</trkpt>
			<trkpt lat="44.51475" lon="2.87259">
				<ele>418.34</ele>
				<time>2026-05-28T17:02:18.127Z</time>
			</trkpt>
			<trkpt lat="44.5146" lon="2.8724">
				<ele>416.44</ele>
				<time>2026-05-28T17:02:19.284Z</time>
			</trkpt>
			<trkpt lat="44.51443" lon="2.87231">
				<ele>415.48</ele>
				<time>2026-05-28T17:02:20.325Z</time>
			</trkpt>
			<trkpt lat="44.51388" lon="2.87235">
				<ele>408.57</ele>
				<time>2026-05-28T17:02:23.490Z</time>
			</trkpt>
			<trkpt lat="44.5136" lon="2.87233">
				<ele>404.28</ele>
				<time>2026-05-28T17:02:25.107Z</time>
			</trkpt>
			<trkpt lat="44.5134" lon="2.87235">
				<ele>403.81</ele>
				<time>2026-05-28T17:02:26.265Z</time>
			</trkpt>
			<trkpt lat="44.5132" lon="2.87246">
				<ele>406.71</ele>
				<time>2026-05-28T17:02:27.508Z</time>
			</trkpt>
			<trkpt lat="44.5131" lon="2.87247">
				<ele>406.3</ele>
				<time>2026-05-28T17:02:28.088Z</time>
			</trkpt>
			<trkpt lat="44.51303" lon="2.87242">
				<ele>404.23</ele>
				<time>2026-05-28T17:02:28.544Z</time>
			</trkpt>
			<trkpt lat="44.51297" lon="2.87231">
				<ele>400.43</ele>
				<time>2026-05-28T17:02:29.117Z</time>
			</trkpt>
			<trkpt lat="44.51296" lon="2.87187">
				<ele>390.05</ele>
				<time>2026-05-28T17:02:30.941Z</time>
			</trkpt>
			<trkpt lat="44.51299" lon="2.87157">
				<ele>389.2</ele>
				<time>2026-05-28T17:02:32.199Z</time>
			</trkpt>
			<trkpt lat="44.51306" lon="2.87142">
				<ele>390.25</ele>
				<time>2026-05-28T17:02:32.944Z</time>
			</trkpt>
			<trkpt lat="44.51334" lon="2.87103">
				<ele>396.75</ele>
				<time>2026-05-28T17:02:35.251Z</time>
			</trkpt>
			<trkpt lat="44.51347" lon="2.87076">
				<ele>398.97</ele>
				<time>2026-05-28T17:02:36.612Z</time>
			</trkpt>
			<trkpt lat="44.51367" lon="2.87013">
				<ele>401.37</ele>
				<time>2026-05-28T17:02:39.503Z</time>
			</trkpt>
			<trkpt lat="44.51375" lon="2.86972">
				<ele>403.24</ele>
				<time>2026-05-28T17:02:41.291Z</time>
			</trkpt>
			<trkpt lat="44.51375" lon="2.86947">
				<ele>404.85</ele>
				<time>2026-05-28T17:02:42.344Z</time>
			</trkpt>
			<trkpt lat="44.51369" lon="2.86914">
				<ele>407.52</ele>
				<time>2026-05-28T17:02:43.782Z</time>
			</trkpt>
			<trkpt lat="44.51358" lon="2.86882">
				<ele>412.52</ele>
				<time>2026-05-28T17:02:45.286Z</time>
			</trkpt>
			<trkpt lat="44.51339" lon="2.86851">
				<ele>412.82</ele>
				<time>2026-05-28T17:02:47.020Z</time>
			</trkpt>
			<trkpt lat="44.51313" lon="2.86824">
				<ele>413.7</ele>
				<time>2026-05-28T17:02:48.950Z</time>
			</trkpt>
			<trkpt lat="44.51286" lon="2.86801">
				<ele>413.36</ele>
				<time>2026-05-28T17:02:50.840Z</time>
			</trkpt>
			<trkpt lat="44.5123" lon="2.86765">
				<ele>408.83</ele>
				<time>2026-05-28T17:02:54.542Z</time>
			</trkpt>
			<trkpt lat="44.51214" lon="2.86745">
				<ele>409.14</ele>
				<time>2026-05-28T17:02:55.835Z</time>
			</trkpt>
			<trkpt lat="44.51197" lon="2.86715">
				<ele>408.89</ele>
				<time>2026-05-28T17:02:57.488Z</time>
			</trkpt>
			<trkpt lat="44.51187" lon="2.86679">
				<ele>411.06</ele>
				<time>2026-05-28T17:02:59.158Z</time>
			</trkpt>
			<trkpt lat="44.51186" lon="2.86655">
				<ele>413.36</ele>
				<time>2026-05-28T17:03:00.200Z</time>
			</trkpt>
			<trkpt lat="44.5119" lon="2.86564">
				<ele>418.57</ele>
				<time>2026-05-28T17:03:04.166Z</time>
			</trkpt>
			<trkpt lat="44.51195" lon="2.8652">
				<ele>419.76</ele>
				<time>2026-05-28T17:03:06.113Z</time>
			</trkpt>
			<trkpt lat="44.512" lon="2.86493">
				<ele>421.11</ele>
				<time>2026-05-28T17:03:07.336Z</time>
			</trkpt>
			<trkpt lat="44.51219" lon="2.86442">
				<ele>428.7</ele>
				<time>2026-05-28T17:03:09.865Z</time>
			</trkpt>
			<trkpt lat="44.51224" lon="2.86413">
				<ele>431.79</ele>
				<time>2026-05-28T17:03:11.181Z</time>
			</trkpt>
			<trkpt lat="44.51225" lon="2.86379">
				<ele>432.61</ele>
				<time>2026-05-28T17:03:12.685Z</time>
			</trkpt>
			<trkpt lat="44.51232" lon="2.86343">
				<ele>434.08</ele>
				<time>2026-05-28T17:03:14.338Z</time>
			</trkpt>
			<trkpt lat="44.51244" lon="2.86309">
				<ele>438.17</ele>
				<time>2026-05-28T17:03:16.024Z</time>
			</trkpt>
			<trkpt lat="44.51246" lon="2.8629">
				<ele>441.24</ele>
				<time>2026-05-28T17:03:16.879Z</time>
			</trkpt>
			<trkpt lat="44.51244" lon="2.8627">
				<ele>443.73</ele>
				<time>2026-05-28T17:03:17.780Z</time>
			</trkpt>
			<trkpt lat="44.51214" lon="2.86213">
				<ele>446.5</ele>
				<time>2026-05-28T17:03:20.950Z</time>
			</trkpt>
			<trkpt lat="44.51193" lon="2.86189">
				<ele>446.88</ele>
				<time>2026-05-28T17:03:22.657Z</time>
			</trkpt>
			<trkpt lat="44.51173" lon="2.86182">
				<ele>443.31</ele>
				<time>2026-05-28T17:03:23.959Z</time>
			</trkpt>
			<trkpt lat="44.51149" lon="2.86171">
				<ele>440.93</ele>
				<time>2026-05-28T17:03:25.558Z</time>
			</trkpt>
			<trkpt lat="44.51118" lon="2.86139">
				<ele>437.25</ele>
				<time>2026-05-28T17:03:28.004Z</time>
			</trkpt>
			<trkpt lat="44.51106" lon="2.8611">
				<ele>435.68</ele>
				<time>2026-05-28T17:03:29.529Z</time>
			</trkpt>
			<trkpt lat="44.51096" lon="2.86074">
				<ele>435.4</ele>
				<time>2026-05-28T17:03:31.291Z</time>
			</trkpt>
			<trkpt lat="44.51078" lon="2.85968">
				<ele>431.71</ele>
				<time>2026-05-28T17:03:36.288Z</time>
			</trkpt>
			<trkpt lat="44.51077" lon="2.85936">
				<ele>430.71</ele>
				<time>2026-05-28T17:03:37.766Z</time>
			</trkpt>
			<trkpt lat="44.5108" lon="2.85906">
				<ele>432.92</ele>
				<time>2026-05-28T17:03:39.166Z</time>
			</trkpt>
			<trkpt lat="44.51105" lon="2.85782">
				<ele>446.16</ele>
				<time>2026-05-28T17:03:45.163Z</time>
			</trkpt>
			<trkpt lat="44.5111" lon="2.8576">
				<ele>447.25</ele>
				<time>2026-05-28T17:03:46.244Z</time>
			</trkpt>
			<trkpt lat="44.51134" lon="2.85695">
				<ele>446.57</ele>
				<time>2026-05-28T17:03:49.685Z</time>
			</trkpt>
			<trkpt lat="44.51158" lon="2.85608">
				<ele>448.19</ele>
				<time>2026-05-28T17:03:54.101Z</time>
			</trkpt>
			<trkpt lat="44.51165" lon="2.85592">
				<ele>446.95</ele>
				<time>2026-05-28T17:03:54.994Z</time>
			</trkpt>
			<trkpt lat="44.51174" lon="2.85576">
				<ele>445.25</ele>
				<time>2026-05-28T17:03:55.965Z</time>
			</trkpt>
			<trkpt lat="44.51187" lon="2.8556">
				<ele>443.49</ele>
				<time>2026-05-28T17:03:57.123Z</time>
			</trkpt>
			<trkpt lat="44.51203" lon="2.85548">
				<ele>442.6</ele>
				<time>2026-05-28T17:03:58.340Z</time>
			</trkpt>
			<trkpt lat="44.51224" lon="2.85543">
				<ele>441.22</ele>
				<time>2026-05-28T17:03:59.772Z</time>
			</trkpt>
			<trkpt lat="44.5124" lon="2.85544">
				<ele>438.34</ele>
				<time>2026-05-28T17:04:00.851Z</time>
			</trkpt>
			<trkpt lat="44.51256" lon="2.85548">
				<ele>435.85</ele>
				<time>2026-05-28T17:04:01.948Z</time>
			</trkpt>
			<trkpt lat="44.51306" lon="2.85569">
				<ele>428.94</ele>
				<time>2026-05-28T17:04:05.486Z</time>
			</trkpt>
			<trkpt lat="44.51323" lon="2.85573">
				<ele>426.58</ele>
				<time>2026-05-28T17:04:06.660Z</time>
			</trkpt>
			<trkpt lat="44.51335" lon="2.85571">
				<ele>424.97</ele>
				<time>2026-05-28T17:04:07.484Z</time>
			</trkpt>
			<trkpt lat="44.51349" lon="2.85566">
				<ele>424.63</ele>
				<time>2026-05-28T17:04:08.471Z</time>
			</trkpt>
			<trkpt lat="44.51361" lon="2.85557">
				<ele>424.09</ele>
				<time>2026-05-28T17:04:09.402Z</time>
			</trkpt>
			<trkpt lat="44.51386" lon="2.85525">
				<ele>421.76</ele>
				<time>2026-05-28T17:04:11.725Z</time>
			</trkpt>
			<trkpt lat="44.51397" lon="2.85513">
				<ele>419</ele>
				<time>2026-05-28T17:04:12.684Z</time>
			</trkpt>
			<trkpt lat="44.51406" lon="2.85507">
				<ele>417.12</ele>
				<time>2026-05-28T17:04:13.371Z</time>
			</trkpt>
			<trkpt lat="44.51418" lon="2.85504">
				<ele>415.34</ele>
				<time>2026-05-28T17:04:14.212Z</time>
			</trkpt>
			<trkpt lat="44.51429" lon="2.85505">
				<ele>412.95</ele>
				<time>2026-05-28T17:04:14.974Z</time>
			</trkpt>
			<trkpt lat="44.51445" lon="2.85512">
				<ele>410.59</ele>
				<time>2026-05-28T17:04:16.135Z</time>
			</trkpt>
			<trkpt lat="44.51481" lon="2.85544">
				<ele>409.11</ele>
				<time>2026-05-28T17:04:19.097Z</time>
			</trkpt>
			<trkpt lat="44.51499" lon="2.85553">
				<ele>408.65</ele>
				<time>2026-05-28T17:04:20.430Z</time>
			</trkpt>
			<trkpt lat="44.51528" lon="2.85554">
				<ele>406.84</ele>
				<time>2026-05-28T17:04:22.460Z</time>
			</trkpt>
			<trkpt lat="44.51556" lon="2.85546">
				<ele>405.6</ele>
				<time>2026-05-28T17:04:24.467Z</time>
			</trkpt>
			<trkpt lat="44.51571" lon="2.85535">
				<ele>403.01</ele>
				<time>2026-05-28T17:04:25.659Z</time>
			</trkpt>
			<trkpt lat="44.51583" lon="2.85519">
				<ele>401.29</ele>
				<time>2026-05-28T17:04:26.828Z</time>
			</trkpt>
			<trkpt lat="44.5159" lon="2.85499">
				<ele>403.01</ele>
				<time>2026-05-28T17:04:27.951Z</time>
			</trkpt>
			<trkpt lat="44.51593" lon="2.85468">
				<ele>402.66</ele>
				<time>2026-05-28T17:04:29.533Z</time>
			</trkpt>
			<trkpt lat="44.51586" lon="2.85408">
				<ele>398.82</ele>
				<time>2026-05-28T17:04:32.619Z</time>
			</trkpt>
			<trkpt lat="44.51585" lon="2.85368">
				<ele>397.84</ele>
				<time>2026-05-28T17:04:34.660Z</time>
			</trkpt>
			<trkpt lat="44.51591" lon="2.8529">
				<ele>393.68</ele>
				<time>2026-05-28T17:04:38.683Z</time>
			</trkpt>
			<trkpt lat="44.51607" lon="2.85175">
				<ele>390.35</ele>
				<time>2026-05-28T17:04:44.746Z</time>
			</trkpt>
			<trkpt lat="44.51606" lon="2.85133">
				<ele>387.63</ele>
				<time>2026-05-28T17:04:46.937Z</time>
			</trkpt>
			<trkpt lat="44.51611" lon="2.8505">
				<ele>388.1</ele>
				<time>2026-05-28T17:04:51.305Z</time>
			</trkpt>
			<trkpt lat="44.51609" lon="2.85026">
				<ele>387.67</ele>
				<time>2026-05-28T17:04:52.578Z</time>
			</trkpt>
			<trkpt lat="44.51602" lon="2.84991">
				<ele>387.53</ele>
				<time>2026-05-28T17:04:54.499Z</time>
			</trkpt>
			<trkpt lat="44.51602" lon="2.84987">
				<ele>387.82</ele>
				<time>2026-05-28T17:04:54.711Z</time>
			</trkpt>
			<trkpt lat="44.51605" lon="2.84919">
				<ele>386.48</ele>
				<time>2026-05-28T17:04:58.331Z</time>
			</trkpt>
			<trkpt lat="44.51597" lon="2.84872">
				<ele>387.2</ele>
				<time>2026-05-28T17:05:00.913Z</time>
			</trkpt>
			<trkpt lat="44.51591" lon="2.84851">
				<ele>388.39</ele>
				<time>2026-05-28T17:05:02.125Z</time>
			</trkpt>
			<trkpt lat="44.51577" lon="2.8483">
				<ele>387.78</ele>
				<time>2026-05-28T17:05:03.670Z</time>
			</trkpt>
			<trkpt lat="44.5155" lon="2.84803">
				<ele>382.47</ele>
				<time>2026-05-28T17:05:06.179Z</time>
			</trkpt>
			<trkpt lat="44.51543" lon="2.84788">
				<ele>380.16</ele>
				<time>2026-05-28T17:05:07.149Z</time>
			</trkpt>
			<trkpt lat="44.51539" lon="2.84765">
				<ele>377.91</ele>
				<time>2026-05-28T17:05:08.432Z</time>
			</trkpt>
			<trkpt lat="44.51534" lon="2.84706">
				<ele>375.2</ele>
				<time>2026-05-28T17:05:11.666Z</time>
			</trkpt>
			<trkpt lat="44.51527" lon="2.84679">
				<ele>374.37</ele>
				<time>2026-05-28T17:05:13.236Z</time>
			</trkpt>
			<trkpt lat="44.51514" lon="2.84646">
				<ele>372.9</ele>
				<time>2026-05-28T17:05:15.303Z</time>
			</trkpt>
			<trkpt lat="44.51459" lon="2.84527">
				<ele>366.61</ele>
				<time>2026-05-28T17:05:23.148Z</time>
			</trkpt>
			<trkpt lat="44.51453" lon="2.84506">
				<ele>365.23</ele>
				<time>2026-05-28T17:05:24.409Z</time>
			</trkpt>
			<trkpt lat="44.51452" lon="2.84493">
				<ele>364.89</ele>
				<time>2026-05-28T17:05:25.140Z</time>
			</trkpt>
			<trkpt lat="44.51452" lon="2.84475">
				<ele>365.15</ele>
				<time>2026-05-28T17:05:26.147Z</time>
			</trkpt>
			<trkpt lat="44.51455" lon="2.84458">
				<ele>365.59</ele>
				<time>2026-05-28T17:05:27.128Z</time>
			</trkpt>
			<trkpt lat="44.51465" lon="2.84433">
				<ele>367.16</ele>
				<time>2026-05-28T17:05:28.738Z</time>
			</trkpt>
			<trkpt lat="44.51477" lon="2.84422">
				<ele>368.53</ele>
				<time>2026-05-28T17:05:29.870Z</time>
			</trkpt>
			<trkpt lat="44.51504" lon="2.84407">
				<ele>370.99</ele>
				<time>2026-05-28T17:05:32.170Z</time>
			</trkpt>
			<trkpt lat="44.51512" lon="2.844">
				<ele>371.29</ele>
				<time>2026-05-28T17:05:32.919Z</time>
			</trkpt>
			<trkpt lat="44.51519" lon="2.84379">
				<ele>370.82</ele>
				<time>2026-05-28T17:05:34.234Z</time>
			</trkpt>
			<trkpt lat="44.51515" lon="2.84351">
				<ele>368.83</ele>
				<time>2026-05-28T17:05:35.858Z</time>
			</trkpt>
			<trkpt lat="44.51508" lon="2.84323">
				<ele>368.49</ele>
				<time>2026-05-28T17:05:37.550Z</time>
			</trkpt>
			<trkpt lat="44.51499" lon="2.84309">
				<ele>370.47</ele>
				<time>2026-05-28T17:05:38.628Z</time>
			</trkpt>
			<trkpt lat="44.51487" lon="2.843">
				<ele>371.79</ele>
				<time>2026-05-28T17:05:39.721Z</time>
			</trkpt>
			<trkpt lat="44.51477" lon="2.84296">
				<ele>372.36</ele>
				<time>2026-05-28T17:05:40.558Z</time>
			</trkpt>
			<trkpt lat="44.51451" lon="2.84295">
				<ele>371.65</ele>
				<time>2026-05-28T17:05:42.656Z</time>
			</trkpt>
			<trkpt lat="44.51443" lon="2.84292">
				<ele>371.88</ele>
				<time>2026-05-28T17:05:43.325Z</time>
			</trkpt>
			<trkpt lat="44.5143" lon="2.84275">
				<ele>372.3</ele>
				<time>2026-05-28T17:05:44.765Z</time>
			</trkpt>
			<trkpt lat="44.51425" lon="2.84264">
				<ele>372.61</ele>
				<time>2026-05-28T17:05:45.520Z</time>
			</trkpt>
			<trkpt lat="44.51422" lon="2.84244">
				<ele>373.83</ele>
				<time>2026-05-28T17:05:46.705Z</time>
			</trkpt>
			<trkpt lat="44.51421" lon="2.84224">
				<ele>375.56</ele>
				<time>2026-05-28T17:05:47.869Z</time>
			</trkpt>
			<trkpt lat="44.51425" lon="2.8394">
				<ele>387.87</ele>
				<time>2026-05-28T17:06:04.623Z</time>
			</trkpt>
			<trkpt lat="44.51422" lon="2.839">
				<ele>390.04</ele>
				<time>2026-05-28T17:06:07.035Z</time>
			</trkpt>
			<trkpt lat="44.51411" lon="2.83818">
				<ele>391.92</ele>
				<time>2026-05-28T17:06:12.068Z</time>
			</trkpt>
			<trkpt lat="44.514" lon="2.83626">
				<ele>393.56</ele>
				<time>2026-05-28T17:06:23.853Z</time>
			</trkpt>
			<trkpt lat="44.51401" lon="2.83591">
				<ele>392.9</ele>
				<time>2026-05-28T17:06:26.021Z</time>
			</trkpt>
			<trkpt lat="44.51403" lon="2.83569">
				<ele>392.72</ele>
				<time>2026-05-28T17:06:27.397Z</time>
			</trkpt>
			<trkpt lat="44.51413" lon="2.8354">
				<ele>392.05</ele>
				<time>2026-05-28T17:06:29.403Z</time>
			</trkpt>
			<trkpt lat="44.51435" lon="2.83492">
				<ele>390.67</ele>
				<time>2026-05-28T17:06:32.971Z</time>
			</trkpt>
			<trkpt lat="44.51441" lon="2.83471">
				<ele>389.88</ele>
				<time>2026-05-28T17:06:34.391Z</time>
			</trkpt>
			<trkpt lat="44.51444" lon="2.83444">
				<ele>390</ele>
				<time>2026-05-28T17:06:36.111Z</time>
			</trkpt>
			<trkpt lat="44.51443" lon="2.83421">
				<ele>388.3</ele>
				<time>2026-05-28T17:06:37.566Z</time>
			</trkpt>
			<trkpt lat="44.5144" lon="2.834">
				<ele>386.57</ele>
				<time>2026-05-28T17:06:38.920Z</time>
			</trkpt>
			<trkpt lat="44.51434" lon="2.83377">
				<ele>384.86</ele>
				<time>2026-05-28T17:06:40.473Z</time>
			</trkpt>
			<trkpt lat="44.51426" lon="2.83361">
				<ele>383.72</ele>
				<time>2026-05-28T17:06:41.715Z</time>
			</trkpt>
			<trkpt lat="44.51415" lon="2.83345">
				<ele>383.49</ele>
				<time>2026-05-28T17:06:43.131Z</time>
			</trkpt>
			<trkpt lat="44.51404" lon="2.83332">
				<ele>383.16</ele>
				<time>2026-05-28T17:06:44.418Z</time>
			</trkpt>
			<trkpt lat="44.51347" lon="2.83281">
				<ele>378.34</ele>
				<time>2026-05-28T17:06:50.506Z</time>
			</trkpt>
			<trkpt lat="44.51336" lon="2.83268">
				<ele>377.45</ele>
				<time>2026-05-28T17:06:51.809Z</time>
			</trkpt>
			<trkpt lat="44.51327" lon="2.8325">
				<ele>376.56</ele>
				<time>2026-05-28T17:06:53.232Z</time>
			</trkpt>
			<trkpt lat="44.51321" lon="2.83232">
				<ele>375.6</ele>
				<time>2026-05-28T17:06:54.521Z</time>
			</trkpt>
			<trkpt lat="44.51319" lon="2.83215">
				<ele>374.53</ele>
				<time>2026-05-28T17:06:55.641Z</time>
			</trkpt>
			<trkpt lat="44.5132" lon="2.83197">
				<ele>373.32</ele>
				<time>2026-05-28T17:06:56.817Z</time>
			</trkpt>
			<trkpt lat="44.51325" lon="2.83171">
				<ele>372.9</ele>
				<time>2026-05-28T17:06:58.574Z</time>
			</trkpt>
			<trkpt lat="44.51341" lon="2.83123">
				<ele>371.58</ele>
				<time>2026-05-28T17:07:02.047Z</time>
			</trkpt>
			<trkpt lat="44.51345" lon="2.83101">
				<ele>371.03</ele>
				<time>2026-05-28T17:07:03.541Z</time>
			</trkpt>
			<trkpt lat="44.51348" lon="2.8308">
				<ele>370.05</ele>
				<time>2026-05-28T17:07:04.953Z</time>
			</trkpt>
			<trkpt lat="44.51352" lon="2.82979">
				<ele>365.85</ele>
				<time>2026-05-28T17:07:11.666Z</time>
			</trkpt>
			<trkpt lat="44.51357" lon="2.82958">
				<ele>365.79</ele>
				<time>2026-05-28T17:07:13.145Z</time>
			</trkpt>
			<trkpt lat="44.51354" lon="2.82949">
				<ele>365.6</ele>
				<time>2026-05-28T17:07:13.810Z</time>
			</trkpt>
			<trkpt lat="44.51351" lon="2.82761">
				<ele>361.38</ele>
				<time>2026-05-28T17:07:26.521Z</time>
			</trkpt>
			<trkpt lat="44.51347" lon="2.82719">
				<ele>361.09</ele>
				<time>2026-05-28T17:07:29.463Z</time>
			</trkpt>
			<trkpt lat="44.51339" lon="2.8268">
				<ele>360.26</ele>
				<time>2026-05-28T17:07:32.374Z</time>
			</trkpt>
			<trkpt lat="44.51315" lon="2.82601">
				<ele>357</ele>
				<time>2026-05-28T17:07:38.823Z</time>
			</trkpt>
			<trkpt lat="44.51306" lon="2.82572">
				<ele>356.08</ele>
				<time>2026-05-28T17:07:41.295Z</time>
			</trkpt>
			<trkpt lat="44.5129" lon="2.82539">
				<ele>354.62</ele>
				<time>2026-05-28T17:07:44.486Z</time>
			</trkpt>
			<trkpt lat="44.51288" lon="2.8253">
				<ele>354.55</ele>
				<time>2026-05-28T17:07:45.251Z</time>
			</trkpt>
			<trkpt lat="44.5129" lon="2.82425">
				<ele>353.73</ele>
				<time>2026-05-28T17:07:54.068Z</time>
			</trkpt>
			<trkpt lat="44.51301" lon="2.82318">
				<ele>353.73</ele>
				<time>2026-05-28T17:08:03.671Z</time>
			</trkpt>
			<trkpt lat="44.5131" lon="2.82274">
				<ele>353.5</ele>
				<time>2026-05-28T17:08:07.890Z</time>
			</trkpt>
			<trkpt lat="44.51325" lon="2.82245">
				<ele>353.91</ele>
				<time>2026-05-28T17:08:11.253Z</time>
			</trkpt>
			<trkpt lat="44.51337" lon="2.82211">
				<ele>355.05</ele>
				<time>2026-05-28T17:08:14.870Z</time>
			</trkpt>
			<trkpt lat="44.51347" lon="2.82169">
				<ele>354.23</ele>
				<time>2026-05-28T17:08:19.164Z</time>
			</trkpt>
			<trkpt lat="44.51353" lon="2.82151">
				<ele>353.6</ele>
				<time>2026-05-28T17:08:21.114Z</time>
			</trkpt>
			<trkpt lat="44.51373" lon="2.82129">
				<ele>356.33</ele>
				<time>2026-05-28T17:08:24.651Z</time>
			</trkpt>
			<trkpt lat="44.51377" lon="2.82121">
				<ele>356.85</ele>
				<time>2026-05-28T17:08:25.629Z</time>
			</trkpt>
			<trkpt lat="44.51377" lon="2.82104">
				<ele>355.71</ele>
				<time>2026-05-28T17:08:27.338Z</time>
			</trkpt>
			<trkpt lat="44.51373" lon="2.82072">
				<ele>353.66</ele>
				<time>2026-05-28T17:08:30.632Z</time>
			</trkpt>
			<trkpt lat="44.51373" lon="2.82044">
				<ele>354.95</ele>
				<time>2026-05-28T17:08:33.500Z</time>
			</trkpt>
			<trkpt lat="44.51388" lon="2.8199">
				<ele>356.65</ele>
				<time>2026-05-28T17:08:39.521Z</time>
			</trkpt>
			<trkpt lat="44.51384" lon="2.81937">
				<ele>353.91</ele>
				<time>2026-05-28T17:08:45.152Z</time>
			</trkpt>
			<trkpt lat="44.51377" lon="2.81895">
				<ele>352.12</ele>
				<time>2026-05-28T17:08:49.773Z</time>
			</trkpt>
			<trkpt lat="44.51378" lon="2.81886">
				<ele>352.29</ele>
				<time>2026-05-28T17:08:50.756Z</time>
			</trkpt>
			<trkpt lat="44.51381" lon="2.81869">
				<ele>353.18</ele>
				<time>2026-05-28T17:08:52.653Z</time>
			</trkpt>
			<trkpt lat="44.51412" lon="2.81813">
				<ele>356.5</ele>
				<time>2026-05-28T17:09:00.417Z</time>
			</trkpt>
			<trkpt lat="44.51404" lon="2.81761">
				<ele>358.01</ele>
				<time>2026-05-28T17:09:06.331Z</time>
			</trkpt>
			<trkpt lat="44.51401" lon="2.81717">
				<ele>360.08</ele>
				<time>2026-05-28T17:09:11.298Z</time>
			</trkpt>
			<trkpt lat="44.51407" lon="2.81663">
				<ele>362.85</ele>
				<time>2026-05-28T17:09:17.502Z</time>
			</trkpt>
			<trkpt lat="44.51406" lon="2.81652">
				<ele>362.54</ele>
				<time>2026-05-28T17:09:18.769Z</time>
			</trkpt>
			<trkpt lat="44.51388" lon="2.81651">
				<ele>358.94</ele>
				<time>2026-05-28T17:09:21.665Z</time>
			</trkpt>
			<trkpt lat="44.51386" lon="2.81649">
				<ele>358.58</ele>
				<time>2026-05-28T17:09:22.061Z</time>
			</trkpt>
			<trkpt lat="44.51379" lon="2.81657">
				<ele>357.31</ele>
				<time>2026-05-28T17:09:23.525Z</time>
			</trkpt>
			<trkpt lat="44.5137" lon="2.81659">
				<ele>355.76</ele>
				<time>2026-05-28T17:09:25.055Z</time>
			</trkpt>
			<trkpt lat="44.51354" lon="2.8166">
				<ele>352.74</ele>
				<time>2026-05-28T17:09:27.869Z</time>
			</trkpt>
			<trkpt lat="44.51281" lon="2.81635">
				<ele>348.97</ele>
				<time>2026-05-28T17:09:42.051Z</time>
			</trkpt>
			<trkpt lat="44.51226" lon="2.81615">
				<ele>349.02</ele>
				<time>2026-05-28T17:09:50.478Z</time>
			</trkpt>
			<trkpt lat="44.51195" lon="2.81609">
				<ele>349.06</ele>
				<time>2026-05-28T17:09:53.252Z</time>
			</trkpt>
			<trkpt lat="44.51161" lon="2.8161">
				<ele>349.82</ele>
				<time>2026-05-28T17:09:55.886Z</time>
			</trkpt>
			<trkpt lat="44.51127" lon="2.81617">
				<ele>349.39</ele>
				<time>2026-05-28T17:09:58.200Z</time>
			</trkpt>
			<trkpt lat="44.51089" lon="2.81633">
				<ele>349.85</ele>
				<time>2026-05-28T17:10:00.513Z</time>
			</trkpt>
			<trkpt lat="44.51067" lon="2.8165">
				<ele>350.4</ele>
				<time>2026-05-28T17:10:01.818Z</time>
			</trkpt>
			<trkpt lat="44.51034" lon="2.81685">
				<ele>350.39</ele>
				<time>2026-05-28T17:10:03.766Z</time>
			</trkpt>
			<trkpt lat="44.5102" lon="2.81703">
				<ele>349.82</ele>
				<time>2026-05-28T17:10:04.599Z</time>
			</trkpt>
			<trkpt lat="44.51006" lon="2.81725">
				<ele>350.07</ele>
				<time>2026-05-28T17:10:05.494Z</time>
			</trkpt>
			<trkpt lat="44.50995" lon="2.81746">
				<ele>350.87</ele>
				<time>2026-05-28T17:10:06.271Z</time>
			</trkpt>
			<trkpt lat="44.50981" lon="2.81776">
				<ele>351.62</ele>
				<time>2026-05-28T17:10:07.335Z</time>
			</trkpt>
			<trkpt lat="44.50973" lon="2.81803">
				<ele>352.84</ele>
				<time>2026-05-28T17:10:08.215Z</time>
			</trkpt>
			<trkpt lat="44.50965" lon="2.81805">
				<ele>353.43</ele>
				<time>2026-05-28T17:10:08.563Z</time>
			</trkpt>
			<trkpt lat="44.50895" lon="2.81837">
				<ele>360.01</ele>
				<time>2026-05-28T17:10:12.017Z</time>
			</trkpt>
			<trkpt lat="44.50886" lon="2.81833">
				<ele>362.04</ele>
				<time>2026-05-28T17:10:12.515Z</time>
			</trkpt>
			<trkpt lat="44.50874" lon="2.81821">
				<ele>365.69</ele>
				<time>2026-05-28T17:10:13.327Z</time>
			</trkpt>
			<trkpt lat="44.50799" lon="2.81628">
				<ele>374.93</ele>
				<time>2026-05-28T17:10:23.364Z</time>
			</trkpt>
			<trkpt lat="44.50788" lon="2.81546">
				<ele>376.41</ele>
				<time>2026-05-28T17:10:27.237Z</time>
			</trkpt>
			<trkpt lat="44.50763" lon="2.81513">
				<ele>381.84</ele>
				<time>2026-05-28T17:10:29.475Z</time>
			</trkpt>
			<trkpt lat="44.50746" lon="2.81466">
				<ele>381.6</ele>
				<time>2026-05-28T17:10:31.927Z</time>
			</trkpt>
			<trkpt lat="44.50702" lon="2.81426">
				<ele>389.61</ele>
				<time>2026-05-28T17:10:35.356Z</time>
			</trkpt>
			<trkpt lat="44.50664" lon="2.81407">
				<ele>397.02</ele>
				<time>2026-05-28T17:10:38.001Z</time>
			</trkpt>
			<trkpt lat="44.50655" lon="2.81396">
				<ele>397.62</ele>
				<time>2026-05-28T17:10:38.785Z</time>
			</trkpt>
			<trkpt lat="44.50641" lon="2.81372">
				<ele>398.31</ele>
				<time>2026-05-28T17:10:40.239Z</time>
			</trkpt>
			<trkpt lat="44.50634" lon="2.81342">
				<ele>398.37</ele>
				<time>2026-05-28T17:10:41.722Z</time>
			</trkpt>
			<trkpt lat="44.50585" lon="2.81266">
				<ele>404.87</ele>
				<time>2026-05-28T17:10:46.554Z</time>
			</trkpt>
			<trkpt lat="44.50572" lon="2.81264">
				<ele>406.22</ele>
				<time>2026-05-28T17:10:47.422Z</time>
			</trkpt>
			<trkpt lat="44.50541" lon="2.81275">
				<ele>409</ele>
				<time>2026-05-28T17:10:49.550Z</time>
			</trkpt>
			<trkpt lat="44.50516" lon="2.81302">
				<ele>413.68</ele>
				<time>2026-05-28T17:10:51.658Z</time>
			</trkpt>
			<trkpt lat="44.50497" lon="2.81305">
				<ele>417.34</ele>
				<time>2026-05-28T17:10:52.939Z</time>
			</trkpt>
			<trkpt lat="44.50491" lon="2.81302">
				<ele>417.79</ele>
				<time>2026-05-28T17:10:53.366Z</time>
			</trkpt>
			<trkpt lat="44.50462" lon="2.81276">
				<ele>420.76</ele>
				<time>2026-05-28T17:10:55.681Z</time>
			</trkpt>
			<trkpt lat="44.50443" lon="2.81232">
				<ele>420.15</ele>
				<time>2026-05-28T17:10:58.160Z</time>
			</trkpt>
			<trkpt lat="44.50427" lon="2.8121">
				<ele>420.11</ele>
				<time>2026-05-28T17:10:59.681Z</time>
			</trkpt>
			<trkpt lat="44.50382" lon="2.81179">
				<ele>421.91</ele>
				<time>2026-05-28T17:11:03.101Z</time>
			</trkpt>
			<trkpt lat="44.50374" lon="2.81181">
				<ele>422.69</ele>
				<time>2026-05-28T17:11:03.657Z</time>
			</trkpt>
			<trkpt lat="44.50345" lon="2.81211">
				<ele>429.9</ele>
				<time>2026-05-28T17:11:06.135Z</time>
			</trkpt>
			<trkpt lat="44.50267" lon="2.81253">
				<ele>436.4</ele>
				<time>2026-05-28T17:11:11.938Z</time>
			</trkpt>
			<trkpt lat="44.5024" lon="2.81282">
				<ele>445.48</ele>
				<time>2026-05-28T17:11:14.325Z</time>
			</trkpt>
			<trkpt lat="44.50223" lon="2.81282">
				<ele>448.18</ele>
				<time>2026-05-28T17:11:15.523Z</time>
			</trkpt>
			<trkpt lat="44.50202" lon="2.81264">
				<ele>446.75</ele>
				<time>2026-05-28T17:11:17.266Z</time>
			</trkpt>
			<trkpt lat="44.5018" lon="2.81259">
				<ele>448.6</ele>
				<time>2026-05-28T17:11:18.851Z</time>
			</trkpt>
			<trkpt lat="44.50061" lon="2.81249">
				<ele>453.32</ele>
				<time>2026-05-28T17:11:27.455Z</time>
			</trkpt>
			<trkpt lat="44.50017" lon="2.81278">
				<ele>460.19</ele>
				<time>2026-05-28T17:11:31.029Z</time>
			</trkpt>
			<trkpt lat="44.49965" lon="2.81336">
				<ele>471.42</ele>
				<time>2026-05-28T17:11:35.979Z</time>
			</trkpt>
			<trkpt lat="44.49945" lon="2.81338">
				<ele>474.81</ele>
				<time>2026-05-28T17:11:37.488Z</time>
			</trkpt>
			<trkpt lat="44.49932" lon="2.81321">
				<ele>476.48</ele>
				<time>2026-05-28T17:11:38.832Z</time>
			</trkpt>
			<trkpt lat="44.49904" lon="2.81229">
				<ele>483.14</ele>
				<time>2026-05-28T17:11:44.288Z</time>
			</trkpt>
			<trkpt lat="44.49907" lon="2.81218">
				<ele>483.76</ele>
				<time>2026-05-28T17:11:44.937Z</time>
			</trkpt>
			<trkpt lat="44.49931" lon="2.81201">
				<ele>480.44</ele>
				<time>2026-05-28T17:11:47.024Z</time>
			</trkpt>
			<trkpt lat="44.49968" lon="2.8113">
				<ele>481.88</ele>
				<time>2026-05-28T17:11:51.949Z</time>
			</trkpt>
			<trkpt lat="44.49967" lon="2.81104">
				<ele>482.03</ele>
				<time>2026-05-28T17:11:53.424Z</time>
			</trkpt>
			<trkpt lat="44.49945" lon="2.81036">
				<ele>479.19</ele>
				<time>2026-05-28T17:11:57.695Z</time>
			</trkpt>
			<trkpt lat="44.49936" lon="2.81014">
				<ele>480.49</ele>
				<time>2026-05-28T17:11:59.160Z</time>
			</trkpt>
			<trkpt lat="44.49927" lon="2.81007">
				<ele>482.11</ele>
				<time>2026-05-28T17:11:59.997Z</time>
			</trkpt>
			<trkpt lat="44.49908" lon="2.81">
				<ele>484.64</ele>
				<time>2026-05-28T17:12:01.602Z</time>
			</trkpt>
			<trkpt lat="44.49869" lon="2.81017">
				<ele>488.85</ele>
				<time>2026-05-28T17:12:04.967Z</time>
			</trkpt>
			<trkpt lat="44.49847" lon="2.81007">
				<ele>491.37</ele>
				<time>2026-05-28T17:12:06.890Z</time>
			</trkpt>
			<trkpt lat="44.49841" lon="2.80995">
				<ele>492.28</ele>
				<time>2026-05-28T17:12:07.764Z</time>
			</trkpt>
			<trkpt lat="44.4979" lon="2.8063">
				<ele>522.85</ele>
				<time>2026-05-28T17:12:30.893Z</time>
			</trkpt>
			<trkpt lat="44.49702" lon="2.80463">
				<ele>541.5</ele>
				<time>2026-05-28T17:12:44.676Z</time>
			</trkpt>
			<trkpt lat="44.49707" lon="2.80433">
				<ele>540.12</ele>
				<time>2026-05-28T17:12:46.779Z</time>
			</trkpt>
			<trkpt lat="44.49727" lon="2.80385">
				<ele>537.53</ele>
				<time>2026-05-28T17:12:50.613Z</time>
			</trkpt>
			<trkpt lat="44.49723" lon="2.80357">
				<ele>538.42</ele>
				<time>2026-05-28T17:12:52.602Z</time>
			</trkpt>
			<trkpt lat="44.49654" lon="2.80294">
				<ele>543.73</ele>
				<time>2026-05-28T17:13:00.784Z</time>
			</trkpt>
			<trkpt lat="44.49634" lon="2.80256">
				<ele>542.1</ele>
				<time>2026-05-28T17:13:04.197Z</time>
			</trkpt>
			<trkpt lat="44.49615" lon="2.80214">
				<ele>542.69</ele>
				<time>2026-05-28T17:13:07.835Z</time>
			</trkpt>
			<trkpt lat="44.49608" lon="2.80186">
				<ele>545.02</ele>
				<time>2026-05-28T17:13:10.026Z</time>
			</trkpt>
			<trkpt lat="44.49608" lon="2.80156">
				<ele>547.34</ele>
				<time>2026-05-28T17:13:12.258Z</time>
			</trkpt>
			<trkpt lat="44.49613" lon="2.80116">
				<ele>551.13</ele>
				<time>2026-05-28T17:13:15.306Z</time>
			</trkpt>
			<trkpt lat="44.49633" lon="2.80074">
				<ele>548.61</ele>
				<time>2026-05-28T17:13:19.138Z</time>
			</trkpt>
			<trkpt lat="44.49637" lon="2.80053">
				<ele>548.92</ele>
				<time>2026-05-28T17:13:20.803Z</time>
			</trkpt>
			<trkpt lat="44.49635" lon="2.79997">
				<ele>554.46</ele>
				<time>2026-05-28T17:13:25.138Z</time>
			</trkpt>
			<trkpt lat="44.49628" lon="2.79948">
				<ele>556.57</ele>
				<time>2026-05-28T17:13:29.053Z</time>
			</trkpt>
			<trkpt lat="44.49609" lon="2.79885">
				<ele>560.61</ele>
				<time>2026-05-28T17:13:34.492Z</time>
			</trkpt>
			<trkpt lat="44.49611" lon="2.79875">
				<ele>559.73</ele>
				<time>2026-05-28T17:13:35.326Z</time>
			</trkpt>
			<trkpt lat="44.49605" lon="2.79846">
				<ele>562.91</ele>
				<time>2026-05-28T17:13:37.763Z</time>
			</trkpt>
			<trkpt lat="44.49605" lon="2.79828">
				<ele>563.85</ele>
				<time>2026-05-28T17:13:39.224Z</time>
			</trkpt>
			<trkpt lat="44.49611" lon="2.7981">
				<ele>563.52</ele>
				<time>2026-05-28T17:13:40.845Z</time>
			</trkpt>
			<trkpt lat="44.49622" lon="2.79793">
				<ele>562.43</ele>
				<time>2026-05-28T17:13:42.728Z</time>
			</trkpt>
			<trkpt lat="44.49651" lon="2.79757">
				<ele>558.44</ele>
				<time>2026-05-28T17:13:47.226Z</time>
			</trkpt>
			<trkpt lat="44.49657" lon="2.79741">
				<ele>557.45</ele>
				<time>2026-05-28T17:13:48.737Z</time>
			</trkpt>
			<trkpt lat="44.49684" lon="2.79629">
				<ele>553.19</ele>
				<time>2026-05-28T17:13:59.558Z</time>
			</trkpt>
			<trkpt lat="44.497" lon="2.79552">
				<ele>548.72</ele>
				<time>2026-05-28T17:14:08.622Z</time>
			</trkpt>
			<trkpt lat="44.49699" lon="2.79541">
				<ele>548.08</ele>
				<time>2026-05-28T17:14:09.954Z</time>
			</trkpt>
			<trkpt lat="44.49684" lon="2.79491">
				<ele>547.37</ele>
				<time>2026-05-28T17:14:16.634Z</time>
			</trkpt>
			<trkpt lat="44.49683" lon="2.79473">
				<ele>546.8</ele>
				<time>2026-05-28T17:14:18.897Z</time>
			</trkpt>
			<trkpt lat="44.49681" lon="2.79464">
				<ele>546.97</ele>
				<time>2026-05-28T17:14:20.082Z</time>
			</trkpt>
			<trkpt lat="44.49685" lon="2.79462">
				<ele>545.94</ele>
				<time>2026-05-28T17:14:20.831Z</time>
			</trkpt>
			<trkpt lat="44.49693" lon="2.79451">
				<ele>543.41</ele>
				<time>2026-05-28T17:14:22.808Z</time>
			</trkpt>
			<trkpt lat="44.49705" lon="2.79422">
				<ele>540.69</ele>
				<time>2026-05-28T17:14:27.007Z</time>
			</trkpt>
			<trkpt lat="44.49713" lon="2.7939">
				<ele>539.18</ele>
				<time>2026-05-28T17:14:31.191Z</time>
			</trkpt>
			<trkpt lat="44.49734" lon="2.79269">
				<ele>537.3</ele>
				<time>2026-05-28T17:14:45.218Z</time>
			</trkpt>
			<trkpt lat="44.49743" lon="2.79263">
				<ele>536.12</ele>
				<time>2026-05-28T17:14:46.607Z</time>
			</trkpt>
			<trkpt lat="44.49761" lon="2.79263">
				<ele>533.46</ele>
				<time>2026-05-28T17:14:49.100Z</time>
			</trkpt>
			<trkpt lat="44.49779" lon="2.79271">
				<ele>529.64</ele>
				<time>2026-05-28T17:14:51.697Z</time>
			</trkpt>
			<trkpt lat="44.49833" lon="2.79316">
				<ele>519.79</ele>
				<time>2026-05-28T17:15:00.204Z</time>
			</trkpt>
			<trkpt lat="44.49843" lon="2.79322">
				<ele>519.09</ele>
				<time>2026-05-28T17:15:01.657Z</time>
			</trkpt>
			<trkpt lat="44.49874" lon="2.79313">
				<ele>517.28</ele>
				<time>2026-05-28T17:15:05.853Z</time>
			</trkpt>
			<trkpt lat="44.49898" lon="2.7929">
				<ele>514.88</ele>
				<time>2026-05-28T17:15:09.664Z</time>
			</trkpt>
			<trkpt lat="44.49909" lon="2.79275">
				<ele>513.4</ele>
				<time>2026-05-28T17:15:11.660Z</time>
			</trkpt>
			<trkpt lat="44.49913" lon="2.79261">
				<ele>513.12</ele>
				<time>2026-05-28T17:15:13.053Z</time>
			</trkpt>
			<trkpt lat="44.49914" lon="2.79243">
				<ele>513.48</ele>
				<time>2026-05-28T17:15:14.714Z</time>
			</trkpt>
			<trkpt lat="44.49912" lon="2.79224">
				<ele>514.44</ele>
				<time>2026-05-28T17:15:16.472Z</time>
			</trkpt>
			<trkpt lat="44.49904" lon="2.79208">
				<ele>515.12</ele>
				<time>2026-05-28T17:15:18.253Z</time>
			</trkpt>
			<trkpt lat="44.49883" lon="2.79158">
				<ele>514.35</ele>
				<time>2026-05-28T17:15:23.492Z</time>
			</trkpt>
			<trkpt lat="44.49879" lon="2.79141">
				<ele>514.39</ele>
				<time>2026-05-28T17:15:25.094Z</time>
			</trkpt>
			<trkpt lat="44.49879" lon="2.79129">
				<ele>514.3</ele>
				<time>2026-05-28T17:15:26.164Z</time>
			</trkpt>
			<trkpt lat="44.49882" lon="2.7911">
				<ele>513.61</ele>
				<time>2026-05-28T17:15:27.893Z</time>
			</trkpt>
			<trkpt lat="44.4991" lon="2.79022">
				<ele>507.23</ele>
				<time>2026-05-28T17:15:36.344Z</time>
			</trkpt>
			<trkpt lat="44.49915" lon="2.79013">
				<ele>506.54</ele>
				<time>2026-05-28T17:15:37.333Z</time>
			</trkpt>
			<trkpt lat="44.49922" lon="2.79008">
				<ele>505.91</ele>
				<time>2026-05-28T17:15:38.285Z</time>
			</trkpt>
			<trkpt lat="44.4993" lon="2.79007">
				<ele>505.26</ele>
				<time>2026-05-28T17:15:39.256Z</time>
			</trkpt>
			<trkpt lat="44.49938" lon="2.7901">
				<ele>504.75</ele>
				<time>2026-05-28T17:15:40.256Z</time>
			</trkpt>
			<trkpt lat="44.49963" lon="2.79031">
				<ele>503.02</ele>
				<time>2026-05-28T17:15:43.753Z</time>
			</trkpt>
			<trkpt lat="44.49976" lon="2.79033">
				<ele>501.51</ele>
				<time>2026-05-28T17:15:45.313Z</time>
			</trkpt>
			<trkpt lat="44.49986" lon="2.79031">
				<ele>500.08</ele>
				<time>2026-05-28T17:15:46.514Z</time>
			</trkpt>
			<trkpt lat="44.50061" lon="2.78997">
				<ele>493.34</ele>
				<time>2026-05-28T17:15:55.774Z</time>
			</trkpt>
			<trkpt lat="44.5009" lon="2.7898">
				<ele>488.9</ele>
				<time>2026-05-28T17:15:59.415Z</time>
			</trkpt>
			<trkpt lat="44.50098" lon="2.78972">
				<ele>487.36</ele>
				<time>2026-05-28T17:16:00.548Z</time>
			</trkpt>
			<trkpt lat="44.50102" lon="2.78956">
				<ele>485.39</ele>
				<time>2026-05-28T17:16:01.938Z</time>
			</trkpt>
			<trkpt lat="44.50103" lon="2.78933">
				<ele>483.4</ele>
				<time>2026-05-28T17:16:03.820Z</time>
			</trkpt>
			<trkpt lat="44.501" lon="2.7892">
				<ele>482.55</ele>
				<time>2026-05-28T17:16:04.933Z</time>
			</trkpt>
			<trkpt lat="44.50085" lon="2.78889">
				<ele>481.76</ele>
				<time>2026-05-28T17:16:07.973Z</time>
			</trkpt>
			<trkpt lat="44.50077" lon="2.78869">
				<ele>479.29</ele>
				<time>2026-05-28T17:16:09.825Z</time>
			</trkpt>
			<trkpt lat="44.50073" lon="2.78853">
				<ele>476.95</ele>
				<time>2026-05-28T17:16:11.190Z</time>
			</trkpt>
			<trkpt lat="44.50072" lon="2.78827">
				<ele>474.05</ele>
				<time>2026-05-28T17:16:13.279Z</time>
			</trkpt>
			<trkpt lat="44.50076" lon="2.78745">
				<ele>475.47</ele>
				<time>2026-05-28T17:16:19.826Z</time>
			</trkpt>
			<trkpt lat="44.50084" lon="2.78645">
				<ele>480.01</ele>
				<time>2026-05-28T17:16:27.750Z</time>
			</trkpt>
			<trkpt lat="44.50161" lon="2.7849">
				<ele>458.58</ele>
				<time>2026-05-28T17:16:42.405Z</time>
			</trkpt>
			<trkpt lat="44.50176" lon="2.78452">
				<ele>456.8</ele>
				<time>2026-05-28T17:16:45.744Z</time>
			</trkpt>
			<trkpt lat="44.50202" lon="2.78379">
				<ele>454.89</ele>
				<time>2026-05-28T17:16:51.993Z</time>
			</trkpt>
			<trkpt lat="44.50216" lon="2.78306">
				<ele>445.46</ele>
				<time>2026-05-28T17:16:57.762Z</time>
			</trkpt>
			<trkpt lat="44.50213" lon="2.78268">
				<ele>449.36</ele>
				<time>2026-05-28T17:17:00.674Z</time>
			</trkpt>
			<trkpt lat="44.50213" lon="2.78242">
				<ele>450.2</ele>
				<time>2026-05-28T17:17:02.654Z</time>
			</trkpt>
			<trkpt lat="44.5022" lon="2.78202">
				<ele>447.8</ele>
				<time>2026-05-28T17:17:05.788Z</time>
			</trkpt>
			<trkpt lat="44.50229" lon="2.78161">
				<ele>437.84</ele>
				<time>2026-05-28T17:17:09.052Z</time>
			</trkpt>
			<trkpt lat="44.50234" lon="2.78122">
				<ele>432.32</ele>
				<time>2026-05-28T17:17:12.067Z</time>
			</trkpt>
			<trkpt lat="44.50229" lon="2.78111">
				<ele>431.52</ele>
				<time>2026-05-28T17:17:13.059Z</time>
			</trkpt>
			<trkpt lat="44.50221" lon="2.78099">
				<ele>430.26</ele>
				<time>2026-05-28T17:17:14.310Z</time>
			</trkpt>
			<trkpt lat="44.50209" lon="2.78094">
				<ele>429.48</ele>
				<time>2026-05-28T17:17:15.646Z</time>
			</trkpt>
			<trkpt lat="44.50189" lon="2.78096">
				<ele>429.5</ele>
				<time>2026-05-28T17:17:17.788Z</time>
			</trkpt>
			<trkpt lat="44.50172" lon="2.78101">
				<ele>429.83</ele>
				<time>2026-05-28T17:17:19.645Z</time>
			</trkpt>
			<trkpt lat="44.50151" lon="2.78099">
				<ele>428.88</ele>
				<time>2026-05-28T17:17:21.897Z</time>
			</trkpt>
			<trkpt lat="44.50108" lon="2.78075">
				<ele>423.28</ele>
				<time>2026-05-28T17:17:26.859Z</time>
			</trkpt>
			<trkpt lat="44.50095" lon="2.78073">
				<ele>423.66</ele>
				<time>2026-05-28T17:17:28.264Z</time>
			</trkpt>
			<trkpt lat="44.5007" lon="2.78086">
				<ele>427.76</ele>
				<time>2026-05-28T17:17:31.133Z</time>
			</trkpt>
			<trkpt lat="44.50065" lon="2.78087">
				<ele>428.9</ele>
				<time>2026-05-28T17:17:31.677Z</time>
			</trkpt>
			<trkpt lat="44.50058" lon="2.78085">
				<ele>430.31</ele>
				<time>2026-05-28T17:17:32.447Z</time>
			</trkpt>
			<trkpt lat="44.50056" lon="2.78078">
				<ele>430.96</ele>
				<time>2026-05-28T17:17:33.027Z</time>
			</trkpt>
			<trkpt lat="44.50059" lon="2.78073">
				<ele>430.26</ele>
				<time>2026-05-28T17:17:33.530Z</time>
			</trkpt>
			<trkpt lat="44.50071" lon="2.78065">
				<ele>427.21</ele>
				<time>2026-05-28T17:17:34.966Z</time>
			</trkpt>
			<trkpt lat="44.50089" lon="2.78047">
				<ele>422.82</ele>
				<time>2026-05-28T17:17:37.358Z</time>
			</trkpt>
			<trkpt lat="44.50104" lon="2.78019">
				<ele>419.54</ele>
				<time>2026-05-28T17:17:40.069Z</time>
			</trkpt>
			<trkpt lat="44.50129" lon="2.77945">
				<ele>407.09</ele>
				<time>2026-05-28T17:17:46.440Z</time>
			</trkpt>
			<trkpt lat="44.50142" lon="2.7793">
				<ele>404.91</ele>
				<time>2026-05-28T17:17:48.287Z</time>
			</trkpt>
			<trkpt lat="44.50172" lon="2.77906">
				<ele>404.7</ele>
				<time>2026-05-28T17:17:52.090Z</time>
			</trkpt>
			<trkpt lat="44.50196" lon="2.77902">
				<ele>404.86</ele>
				<time>2026-05-28T17:17:54.764Z</time>
			</trkpt>
			<trkpt lat="44.50244" lon="2.7792">
				<ele>401.56</ele>
				<time>2026-05-28T17:18:00.298Z</time>
			</trkpt>
			<trkpt lat="44.50288" lon="2.77912">
				<ele>399.36</ele>
				<time>2026-05-28T17:18:05.285Z</time>
			</trkpt>
			<trkpt lat="44.50292" lon="2.77902">
				<ele>399.21</ele>
				<time>2026-05-28T17:18:06.209Z</time>
			</trkpt>
			<trkpt lat="44.50316" lon="2.7787">
				<ele>399.71</ele>
				<time>2026-05-28T17:18:09.968Z</time>
			</trkpt>
			<trkpt lat="44.50323" lon="2.77866">
				<ele>399.64</ele>
				<time>2026-05-28T17:18:10.829Z</time>
			</trkpt>
			<trkpt lat="44.50347" lon="2.7786">
				<ele>399.07</ele>
				<time>2026-05-28T17:18:13.619Z</time>
			</trkpt>
			<trkpt lat="44.50361" lon="2.77863">
				<ele>399.12</ele>
				<time>2026-05-28T17:18:15.247Z</time>
			</trkpt>
			<trkpt lat="44.50368" lon="2.77875">
				<ele>399.73</ele>
				<time>2026-05-28T17:18:16.521Z</time>
			</trkpt>
			<trkpt lat="44.50382" lon="2.77888">
				<ele>400.2</ele>
				<time>2026-05-28T17:18:18.464Z</time>
			</trkpt>
			<trkpt lat="44.50402" lon="2.77888">
				<ele>398.47</ele>
				<time>2026-05-28T17:18:20.788Z</time>
			</trkpt>
			<trkpt lat="44.50421" lon="2.77882">
				<ele>396.08</ele>
				<time>2026-05-28T17:18:23.062Z</time>
			</trkpt>
			<trkpt lat="44.50457" lon="2.77865">
				<ele>391.18</ele>
				<time>2026-05-28T17:18:27.532Z</time>
			</trkpt>
			<trkpt lat="44.50476" lon="2.77837">
				<ele>389.47</ele>
				<time>2026-05-28T17:18:30.805Z</time>
			</trkpt>
			<trkpt lat="44.50491" lon="2.77804">
				<ele>389.02</ele>
				<time>2026-05-28T17:18:34.144Z</time>
			</trkpt>
			<trkpt lat="44.50531" lon="2.77737">
				<ele>387.02</ele>
				<time>2026-05-28T17:18:41.683Z</time>
			</trkpt>
			<trkpt lat="44.50589" lon="2.77696">
				<ele>380</ele>
				<time>2026-05-28T17:18:49.642Z</time>
			</trkpt>
			<trkpt lat="44.50642" lon="2.77654">
				<ele>379.1</ele>
				<time>2026-05-28T17:18:57.189Z</time>
			</trkpt>
			<trkpt lat="44.50672" lon="2.77626">
				<ele>377.78</ele>
				<time>2026-05-28T17:19:01.694Z</time>
			</trkpt>
			<trkpt lat="44.50696" lon="2.7761">
				<ele>376.97</ele>
				<time>2026-05-28T17:19:05.032Z</time>
			</trkpt>
			<trkpt lat="44.50729" lon="2.77595">
				<ele>375.29</ele>
				<time>2026-05-28T17:19:09.410Z</time>
			</trkpt>
			<trkpt lat="44.50746" lon="2.7759">
				<ele>375.34</ele>
				<time>2026-05-28T17:19:11.610Z</time>
			</trkpt>
			<trkpt lat="44.50821" lon="2.77528">
				<ele>376.33</ele>
				<time>2026-05-28T17:19:22.713Z</time>
			</trkpt>
			<trkpt lat="44.50845" lon="2.77519">
				<ele>377.64</ele>
				<time>2026-05-28T17:19:25.903Z</time>
			</trkpt>
			<trkpt lat="44.50864" lon="2.77506">
				<ele>378.4</ele>
				<time>2026-05-28T17:19:28.625Z</time>
			</trkpt>
			<trkpt lat="44.50881" lon="2.77508">
				<ele>376.42</ele>
				<time>2026-05-28T17:19:30.825Z</time>
			</trkpt>
			<trkpt lat="44.509" lon="2.77516">
				<ele>375.14</ele>
				<time>2026-05-28T17:19:33.388Z</time>
			</trkpt>
			<trkpt lat="44.50922" lon="2.77516">
				<ele>373.42</ele>
				<time>2026-05-28T17:19:36.237Z</time>
			</trkpt>
			<trkpt lat="44.50942" lon="2.77508">
				<ele>372.05</ele>
				<time>2026-05-28T17:19:38.935Z</time>
			</trkpt>
			<trkpt lat="44.50958" lon="2.775">
				<ele>371</ele>
				<time>2026-05-28T17:19:41.142Z</time>
			</trkpt>
			<trkpt lat="44.50971" lon="2.77497">
				<ele>369.91</ele>
				<time>2026-05-28T17:19:42.856Z</time>
			</trkpt>
			<trkpt lat="44.51033" lon="2.77552">
				<ele>359.23</ele>
				<time>2026-05-28T17:19:52.431Z</time>
			</trkpt>
			<trkpt lat="44.51072" lon="2.77578">
				<ele>360.36</ele>
				<time>2026-05-28T17:19:58.087Z</time>
			</trkpt>
			<trkpt lat="44.51079" lon="2.7758">
				<ele>360.7</ele>
				<time>2026-05-28T17:19:59.024Z</time>
			</trkpt>
			<trkpt lat="44.51083" lon="2.77572">
				<ele>359.82</ele>
				<time>2026-05-28T17:19:59.938Z</time>
			</trkpt>
			<trkpt lat="44.51089" lon="2.77552">
				<ele>359.11</ele>
				<time>2026-05-28T17:20:01.970Z</time>
			</trkpt>
			<trkpt lat="44.51106" lon="2.77543">
				<ele>363.02</ele>
				<time>2026-05-28T17:20:04.357Z</time>
			</trkpt>
			<trkpt lat="44.51119" lon="2.77538">
				<ele>364.75</ele>
				<time>2026-05-28T17:20:06.129Z</time>
			</trkpt>
			<trkpt lat="44.5116" lon="2.77536">
				<ele>364.38</ele>
				<time>2026-05-28T17:20:11.527Z</time>
			</trkpt>
			<trkpt lat="44.51196" lon="2.77504">
				<ele>362.77</ele>
				<time>2026-05-28T17:20:17.142Z</time>
			</trkpt>
			<trkpt lat="44.51214" lon="2.77497">
				<ele>359.5</ele>
				<time>2026-05-28T17:20:19.604Z</time>
			</trkpt>
			<trkpt lat="44.51234" lon="2.77496">
				<ele>357.89</ele>
				<time>2026-05-28T17:20:22.242Z</time>
			</trkpt>
			<trkpt lat="44.51255" lon="2.77491">
				<ele>358.29</ele>
				<time>2026-05-28T17:20:25.051Z</time>
			</trkpt>
			<trkpt lat="44.51278" lon="2.77474">
				<ele>358.92</ele>
				<time>2026-05-28T17:20:28.480Z</time>
			</trkpt>
			<trkpt lat="44.51294" lon="2.77455">
				<ele>360.97</ele>
				<time>2026-05-28T17:20:31.245Z</time>
			</trkpt>
			<trkpt lat="44.51333" lon="2.77427">
				<ele>355.39</ele>
				<time>2026-05-28T17:20:37.021Z</time>
			</trkpt>
			<trkpt lat="44.51341" lon="2.77418">
				<ele>354.85</ele>
				<time>2026-05-28T17:20:38.372Z</time>
			</trkpt>
			<trkpt lat="44.51349" lon="2.77394">
				<ele>354.54</ele>
				<time>2026-05-28T17:20:40.861Z</time>
			</trkpt>
			<trkpt lat="44.51352" lon="2.77351">
				<ele>351.92</ele>
				<time>2026-05-28T17:20:44.918Z</time>
			</trkpt>
			<trkpt lat="44.51355" lon="2.77335">
				<ele>350.46</ele>
				<time>2026-05-28T17:20:46.470Z</time>
			</trkpt>
			<trkpt lat="44.5136" lon="2.77323">
				<ele>348.76</ele>
				<time>2026-05-28T17:20:47.774Z</time>
			</trkpt>
			<trkpt lat="44.51369" lon="2.7731">
				<ele>348.48</ele>
				<time>2026-05-28T17:20:49.473Z</time>
			</trkpt>
			<trkpt lat="44.51425" lon="2.77258">
				<ele>349.9</ele>
				<time>2026-05-28T17:20:58.289Z</time>
			</trkpt>
			<trkpt lat="44.51502" lon="2.77212">
				<ele>347.06</ele>
				<time>2026-05-28T17:21:09.229Z</time>
			</trkpt>
			<trkpt lat="44.51515" lon="2.77186">
				<ele>349.39</ele>
				<time>2026-05-28T17:21:12.178Z</time>
			</trkpt>
			<trkpt lat="44.51526" lon="2.77167">
				<ele>350.99</ele>
				<time>2026-05-28T17:21:14.447Z</time>
			</trkpt>
			<trkpt lat="44.51536" lon="2.77159">
				<ele>350.85</ele>
				<time>2026-05-28T17:21:15.943Z</time>
			</trkpt>
			<trkpt lat="44.51587" lon="2.77133">
				<ele>349.67</ele>
				<time>2026-05-28T17:21:22.970Z</time>
			</trkpt>
			<trkpt lat="44.51603" lon="2.7713">
				<ele>350.21</ele>
				<time>2026-05-28T17:21:25.054Z</time>
			</trkpt>
			<trkpt lat="44.5162" lon="2.7713">
				<ele>350.4</ele>
				<time>2026-05-28T17:21:27.244Z</time>
			</trkpt>
			<trkpt lat="44.51649" lon="2.77136">
				<ele>350.54</ele>
				<time>2026-05-28T17:21:31.012Z</time>
			</trkpt>
			<trkpt lat="44.5166" lon="2.77131">
				<ele>351.11</ele>
				<time>2026-05-28T17:21:32.494Z</time>
			</trkpt>
			<trkpt lat="44.51689" lon="2.77098">
				<ele>352.5</ele>
				<time>2026-05-28T17:21:37.269Z</time>
			</trkpt>
			<trkpt lat="44.51693" lon="2.77084">
				<ele>353</ele>
				<time>2026-05-28T17:21:38.640Z</time>
			</trkpt>
			<trkpt lat="44.51689" lon="2.77068">
				<ele>353.71</ele>
				<time>2026-05-28T17:21:40.179Z</time>
			</trkpt>
			<trkpt lat="44.51654" lon="2.7699">
				<ele>355.81</ele>
				<time>2026-05-28T17:21:48.500Z</time>
			</trkpt>
			<trkpt lat="44.51643" lon="2.7695">
				<ele>354.38</ele>
				<time>2026-05-28T17:21:52.344Z</time>
			</trkpt>
			<trkpt lat="44.5164" lon="2.76928">
				<ele>353.95</ele>
				<time>2026-05-28T17:21:54.345Z</time>
			</trkpt>
			<trkpt lat="44.51642" lon="2.7691">
				<ele>354.51</ele>
				<time>2026-05-28T17:21:55.968Z</time>
			</trkpt>
			<trkpt lat="44.51646" lon="2.76896">
				<ele>355.73</ele>
				<time>2026-05-28T17:21:57.310Z</time>
			</trkpt>
			<trkpt lat="44.51669" lon="2.76846">
				<ele>360.33</ele>
				<time>2026-05-28T17:22:02.579Z</time>
			</trkpt>
			<trkpt lat="44.51678" lon="2.76831">
				<ele>361.45</ele>
				<time>2026-05-28T17:22:04.306Z</time>
			</trkpt>
			<trkpt lat="44.51687" lon="2.76823">
				<ele>360.94</ele>
				<time>2026-05-28T17:22:05.620Z</time>
			</trkpt>
			<trkpt lat="44.51716" lon="2.76807">
				<ele>359.43</ele>
				<time>2026-05-28T17:22:09.447Z</time>
			</trkpt>
			<trkpt lat="44.51749" lon="2.7677">
				<ele>358.57</ele>
				<time>2026-05-28T17:22:14.599Z</time>
			</trkpt>
			<trkpt lat="44.51774" lon="2.76736">
				<ele>356.9</ele>
				<time>2026-05-28T17:22:18.812Z</time>
			</trkpt>
			<trkpt lat="44.51816" lon="2.7667">
				<ele>354.52</ele>
				<time>2026-05-28T17:22:26.362Z</time>
			</trkpt>
			<trkpt lat="44.51876" lon="2.7659">
				<ele>355.57</ele>
				<time>2026-05-28T17:22:36.100Z</time>
			</trkpt>
			<trkpt lat="44.51881" lon="2.7658">
				<ele>355.79</ele>
				<time>2026-05-28T17:22:37.113Z</time>
			</trkpt>
			<trkpt lat="44.51879" lon="2.76574">
				<ele>355.99</ele>
				<time>2026-05-28T17:22:37.661Z</time>
			</trkpt>
			<trkpt lat="44.51918" lon="2.76523">
				<ele>351.74</ele>
				<time>2026-05-28T17:22:43.801Z</time>
			</trkpt>
			<trkpt lat="44.51956" lon="2.7648">
				<ele>348.3</ele>
				<time>2026-05-28T17:22:49.343Z</time>
			</trkpt>
			<trkpt lat="44.52025" lon="2.76429">
				<ele>347.29</ele>
				<time>2026-05-28T17:22:58.020Z</time>
			</trkpt>
			<trkpt lat="44.52063" lon="2.76404">
				<ele>344.12</ele>
				<time>2026-05-28T17:23:02.460Z</time>
			</trkpt>
			<trkpt lat="44.52117" lon="2.76366">
				<ele>346.74</ele>
				<time>2026-05-28T17:23:08.524Z</time>
			</trkpt>
			<trkpt lat="44.52128" lon="2.76353">
				<ele>346.48</ele>
				<time>2026-05-28T17:23:09.929Z</time>
			</trkpt>
			<trkpt lat="44.52156" lon="2.76288">
				<ele>346</ele>
				<time>2026-05-28T17:23:15.156Z</time>
			</trkpt>
			<trkpt lat="44.52177" lon="2.7624">
				<ele>345.85</ele>
				<time>2026-05-28T17:23:19.027Z</time>
			</trkpt>
			<trkpt lat="44.52183" lon="2.76227">
				<ele>345.5</ele>
				<time>2026-05-28T17:23:20.099Z</time>
			</trkpt>
			<trkpt lat="44.52124" lon="2.76171">
				<ele>346</ele>
				<time>2026-05-28T17:23:27.209Z</time>
			</trkpt>
			<trkpt lat="44.52114" lon="2.76165">
				<ele>346</ele>
				<time>2026-05-28T17:23:28.336Z</time>
			</trkpt>
			<trkpt lat="44.52105" lon="2.76162">
				<ele>346</ele>
				<time>2026-05-28T17:23:29.305Z</time>
			</trkpt>
			<trkpt lat="44.52091" lon="2.76163">
				<ele>346</ele>
				<time>2026-05-28T17:23:30.794Z</time>
			</trkpt>
			<trkpt lat="44.52075" lon="2.76147">
				<ele>345.79</ele>
				<time>2026-05-28T17:23:32.928Z</time>
			</trkpt>
			<trkpt lat="44.52091" lon="2.76163">
				<ele>346</ele>
				<time>2026-05-28T17:23:35.123Z</time>
			</trkpt>
			<trkpt lat="44.52105" lon="2.76162">
				<ele>346</ele>
				<time>2026-05-28T17:23:36.730Z</time>
			</trkpt>
			<trkpt lat="44.52101" lon="2.7615">
				<ele>346</ele>
				<time>2026-05-28T17:23:37.833Z</time>
			</trkpt>
			<trkpt lat="44.52002" lon="2.76055">
				<ele>348.78</ele>
				<time>2026-05-28T17:24:17.679Z</time>
			</trkpt>
			<trkpt lat="44.5199" lon="2.7604">
				<ele>349.01</ele>
				<time>2026-05-28T17:24:31.598Z</time>
			</trkpt>
			<trkpt lat="44.51985" lon="2.76032">
				<ele>348.92</ele>
				<time>2026-05-28T17:24:33.315Z</time>
			</trkpt>
			<trkpt lat="44.51983" lon="2.76027">
				<ele>348.71</ele>
				<time>2026-05-28T17:24:34.028Z</time>
			</trkpt>
			<trkpt lat="44.51984" lon="2.7602">
				<ele>348.32</ele>
				<time>2026-05-28T17:24:34.724Z</time>
			</trkpt>
			<trkpt lat="44.51988" lon="2.76005">
				<ele>347.1</ele>
				<time>2026-05-28T17:24:36.033Z</time>
			</trkpt>
			<trkpt lat="44.52009" lon="2.75904">
				<ele>348.66</ele>
				<time>2026-05-28T17:24:44.545Z</time>
			</trkpt>
			<trkpt lat="44.52016" lon="2.75885">
				<ele>347.76</ele>
				<time>2026-05-28T17:24:46.255Z</time>
			</trkpt>
			<trkpt lat="44.52053" lon="2.75829">
				<ele>345.56</ele>
				<time>2026-05-28T17:24:52.302Z</time>
			</trkpt>
			<trkpt lat="44.52097" lon="2.75776">
				<ele>343.7</ele>
				<time>2026-05-28T17:24:58.650Z</time>
			</trkpt>
			<trkpt lat="44.52206" lon="2.75702">
				<ele>353.2</ele>
				<time>2026-05-28T17:25:11.604Z</time>
			</trkpt>
			<trkpt lat="44.52235" lon="2.75666">
				<ele>353.02</ele>
				<time>2026-05-28T17:25:15.664Z</time>
			</trkpt>
			<trkpt lat="44.52248" lon="2.75626">
				<ele>354.01</ele>
				<time>2026-05-28T17:25:18.922Z</time>
			</trkpt>
			<trkpt lat="44.5228" lon="2.75506">
				<ele>356.88</ele>
				<time>2026-05-28T17:25:28.277Z</time>
			</trkpt>
			<trkpt lat="44.5234" lon="2.7529">
				<ele>357.9</ele>
				<time>2026-05-28T17:25:44.705Z</time>
			</trkpt>
			<trkpt lat="44.52342" lon="2.75248">
				<ele>359.01</ele>
				<time>2026-05-28T17:25:47.623Z</time>
			</trkpt>
			<trkpt lat="44.52336" lon="2.75136">
				<ele>359.9</ele>
				<time>2026-05-28T17:25:55.319Z</time>
			</trkpt>
			<trkpt lat="44.52337" lon="2.75079">
				<ele>359.58</ele>
				<time>2026-05-28T17:25:59.176Z</time>
			</trkpt>
			<trkpt lat="44.52342" lon="2.7504">
				<ele>358.33</ele>
				<time>2026-05-28T17:26:01.839Z</time>
			</trkpt>
			<trkpt lat="44.52348" lon="2.7501">
				<ele>358.14</ele>
				<time>2026-05-28T17:26:03.922Z</time>
			</trkpt>
			<trkpt lat="44.52362" lon="2.74968">
				<ele>357.94</ele>
				<time>2026-05-28T17:26:07.004Z</time>
			</trkpt>
			<trkpt lat="44.52392" lon="2.74863">
				<ele>358.85</ele>
				<time>2026-05-28T17:26:14.444Z</time>
			</trkpt>
			<trkpt lat="44.52436" lon="2.74687">
				<ele>359.28</ele>
				<time>2026-05-28T17:26:26.478Z</time>
			</trkpt>
			<trkpt lat="44.52441" lon="2.7465">
				<ele>359.12</ele>
				<time>2026-05-28T17:26:28.875Z</time>
			</trkpt>
			<trkpt lat="44.52444" lon="2.7458">
				<ele>357.76</ele>
				<time>2026-05-28T17:26:33.311Z</time>
			</trkpt>
			<trkpt lat="44.52458" lon="2.74496">
				<ele>354.36</ele>
				<time>2026-05-28T17:26:38.722Z</time>
			</trkpt>
			<trkpt lat="44.52485" lon="2.74356">
				<ele>354.05</ele>
				<time>2026-05-28T17:26:47.712Z</time>
			</trkpt>
			<trkpt lat="44.52518" lon="2.74299">
				<ele>355.94</ele>
				<time>2026-05-28T17:26:52.218Z</time>
			</trkpt>
			<trkpt lat="44.52643" lon="2.74141">
				<ele>351.63</ele>
				<time>2026-05-28T17:27:06.519Z</time>
			</trkpt>
			<trkpt lat="44.52651" lon="2.74124">
				<ele>350.55</ele>
				<time>2026-05-28T17:27:07.741Z</time>
			</trkpt>
			<trkpt lat="44.52671" lon="2.74066">
				<ele>348.41</ele>
				<time>2026-05-28T17:27:11.599Z</time>
			</trkpt>
			<trkpt lat="44.52678" lon="2.74049">
				<ele>346.79</ele>
				<time>2026-05-28T17:27:12.771Z</time>
			</trkpt>
			<trkpt lat="44.52712" lon="2.73991">
				<ele>341.23</ele>
				<time>2026-05-28T17:27:17.243Z</time>
			</trkpt>
			<trkpt lat="44.52725" lon="2.73964">
				<ele>339.62</ele>
				<time>2026-05-28T17:27:19.178Z</time>
			</trkpt>
			<trkpt lat="44.52738" lon="2.73921">
				<ele>339.93</ele>
				<time>2026-05-28T17:27:21.947Z</time>
			</trkpt>
			<trkpt lat="44.52772" lon="2.73806">
				<ele>343.7</ele>
				<time>2026-05-28T17:27:29.302Z</time>
			</trkpt>
			<trkpt lat="44.52783" lon="2.73769">
				<ele>341.45</ele>
				<time>2026-05-28T17:27:31.663Z</time>
			</trkpt>
			<trkpt lat="44.52805" lon="2.73697">
				<ele>335.17</ele>
				<time>2026-05-28T17:27:36.270Z</time>
			</trkpt>
			<trkpt lat="44.52814" lon="2.73654">
				<ele>333.02</ele>
				<time>2026-05-28T17:27:38.901Z</time>
			</trkpt>
			<trkpt lat="44.52833" lon="2.73551">
				<ele>331.13</ele>
				<time>2026-05-28T17:27:45.142Z</time>
			</trkpt>
			<trkpt lat="44.52867" lon="2.73443">
				<ele>332.55</ele>
				<time>2026-05-28T17:27:52.061Z</time>
			</trkpt>
			<trkpt lat="44.52874" lon="2.73409">
				<ele>332.37</ele>
				<time>2026-05-28T17:27:54.135Z</time>
			</trkpt>
			<trkpt lat="44.52888" lon="2.73317">
				<ele>331.55</ele>
				<time>2026-05-28T17:27:59.651Z</time>
			</trkpt>
			<trkpt lat="44.5289" lon="2.73288">
				<ele>332.6</ele>
				<time>2026-05-28T17:28:01.361Z</time>
			</trkpt>
			<trkpt lat="44.52888" lon="2.73264">
				<ele>332.49</ele>
				<time>2026-05-28T17:28:02.780Z</time>
			</trkpt>
			<trkpt lat="44.5288" lon="2.73235">
				<ele>330.98</ele>
				<time>2026-05-28T17:28:04.606Z</time>
			</trkpt>
			<trkpt lat="44.52823" lon="2.73124">
				<ele>331</ele>
				<time>2026-05-28T17:28:12.660Z</time>
			</trkpt>
			<trkpt lat="44.52821" lon="2.73104">
				<ele>331</ele>
				<time>2026-05-28T17:28:13.852Z</time>
			</trkpt>
			<trkpt lat="44.52823" lon="2.73089">
				<ele>331</ele>
				<time>2026-05-28T17:28:14.753Z</time>
			</trkpt>
			<trkpt lat="44.52828" lon="2.7308">
				<ele>331.1</ele>
				<time>2026-05-28T17:28:15.427Z</time>
			</trkpt>
			<trkpt lat="44.52838" lon="2.73072">
				<ele>331.38</ele>
				<time>2026-05-28T17:28:16.382Z</time>
			</trkpt>
			<trkpt lat="44.52853" lon="2.73071">
				<ele>331.41</ele>
				<time>2026-05-28T17:28:17.628Z</time>
			</trkpt>
			<trkpt lat="44.52924" lon="2.73078">
				<ele>331.77</ele>
				<time>2026-05-28T17:28:23.552Z</time>
			</trkpt>
			<trkpt lat="44.5294" lon="2.73075">
				<ele>330.93</ele>
				<time>2026-05-28T17:28:24.899Z</time>
			</trkpt>
			<trkpt lat="44.52954" lon="2.73064">
				<ele>332.47</ele>
				<time>2026-05-28T17:28:26.240Z</time>
			</trkpt>
			<trkpt lat="44.53009" lon="2.72994">
				<ele>335.93</ele>
				<time>2026-05-28T17:28:32.469Z</time>
			</trkpt>
			<trkpt lat="44.53035" lon="2.72959">
				<ele>338.41</ele>
				<time>2026-05-28T17:28:35.507Z</time>
			</trkpt>
			<trkpt lat="44.53045" lon="2.72942">
				<ele>340.26</ele>
				<time>2026-05-28T17:28:36.834Z</time>
			</trkpt>
			<trkpt lat="44.53076" lon="2.72878">
				<ele>346.86</ele>
				<time>2026-05-28T17:28:41.512Z</time>
			</trkpt>
			<trkpt lat="44.5309" lon="2.7286">
				<ele>348.23</ele>
				<time>2026-05-28T17:28:43.129Z</time>
			</trkpt>
			<trkpt lat="44.53142" lon="2.7282">
				<ele>344.86</ele>
				<time>2026-05-28T17:28:48.200Z</time>
			</trkpt>
			<trkpt lat="44.5317" lon="2.72809">
				<ele>340.2</ele>
				<time>2026-05-28T17:28:50.700Z</time>
			</trkpt>
			<trkpt lat="44.5322" lon="2.72799">
				<ele>336.95</ele>
				<time>2026-05-28T17:28:55.064Z</time>
			</trkpt>
			<trkpt lat="44.53246" lon="2.72788">
				<ele>335.72</ele>
				<time>2026-05-28T17:28:57.422Z</time>
			</trkpt>
			<trkpt lat="44.53328" lon="2.72711">
				<ele>329.48</ele>
				<time>2026-05-28T17:29:06.069Z</time>
			</trkpt>
			<trkpt lat="44.53363" lon="2.72681">
				<ele>327.41</ele>
				<time>2026-05-28T17:29:09.700Z</time>
			</trkpt>
			<trkpt lat="44.5339" lon="2.72653">
				<ele>327.76</ele>
				<time>2026-05-28T17:29:12.691Z</time>
			</trkpt>
			<trkpt lat="44.53416" lon="2.72622">
				<ele>325.61</ele>
				<time>2026-05-28T17:29:15.747Z</time>
			</trkpt>
			<trkpt lat="44.5347" lon="2.72522">
				<ele>328.04</ele>
				<time>2026-05-28T17:29:23.840Z</time>
			</trkpt>
			<trkpt lat="44.53482" lon="2.72492">
				<ele>328.14</ele>
				<time>2026-05-28T17:29:26.082Z</time>
			</trkpt>
			<trkpt lat="44.53486" lon="2.72467">
				<ele>327.98</ele>
				<time>2026-05-28T17:29:27.758Z</time>
			</trkpt>
			<trkpt lat="44.53488" lon="2.72434">
				<ele>329.04</ele>
				<time>2026-05-28T17:29:29.933Z</time>
			</trkpt>
			<trkpt lat="44.53492" lon="2.72408">
				<ele>331.4</ele>
				<time>2026-05-28T17:29:31.687Z</time>
			</trkpt>
			<trkpt lat="44.53503" lon="2.72369">
				<ele>334.07</ele>
				<time>2026-05-28T17:29:34.466Z</time>
			</trkpt>
			<trkpt lat="44.53514" lon="2.72342">
				<ele>333.73</ele>
				<time>2026-05-28T17:29:36.537Z</time>
			</trkpt>
			<trkpt lat="44.53551" lon="2.72277">
				<ele>334.23</ele>
				<time>2026-05-28T17:29:42.120Z</time>
			</trkpt>
			<trkpt lat="44.53596" lon="2.72208">
				<ele>330.82</ele>
				<time>2026-05-28T17:29:48.479Z</time>
			</trkpt>
			<trkpt lat="44.53634" lon="2.72162">
				<ele>327.72</ele>
				<time>2026-05-28T17:29:53.326Z</time>
			</trkpt>
			<trkpt lat="44.53645" lon="2.72146">
				<ele>327.77</ele>
				<time>2026-05-28T17:29:54.867Z</time>
			</trkpt>
			<trkpt lat="44.53653" lon="2.72128">
				<ele>327.79</ele>
				<time>2026-05-28T17:29:56.342Z</time>
			</trkpt>
			<trkpt lat="44.53659" lon="2.72109">
				<ele>327.83</ele>
				<time>2026-05-28T17:29:57.793Z</time>
			</trkpt>
			<trkpt lat="44.5368" lon="2.72005">
				<ele>325.89</ele>
				<time>2026-05-28T17:30:05.414Z</time>
			</trkpt>
			<trkpt lat="44.53705" lon="2.71912">
				<ele>328.52</ele>
				<time>2026-05-28T17:30:12.543Z</time>
			</trkpt>
			<trkpt lat="44.53673" lon="2.71898">
				<ele>335.32</ele>
				<time>2026-05-28T17:30:15.957Z</time>
			</trkpt>
			<trkpt lat="44.53656" lon="2.71897">
				<ele>340.63</ele>
				<time>2026-05-28T17:30:17.700Z</time>
			</trkpt>
			<trkpt lat="44.53654" lon="2.71888">
				<ele>342.69</ele>
				<time>2026-05-28T17:30:18.391Z</time>
			</trkpt>
			<trkpt lat="44.53667" lon="2.71849">
				<ele>341.05</ele>
				<time>2026-05-28T17:30:21.559Z</time>
			</trkpt>
			<trkpt lat="44.53669" lon="2.7182">
				<ele>340.73</ele>
				<time>2026-05-28T17:30:23.716Z</time>
			</trkpt>
			<trkpt lat="44.53666" lon="2.71807">
				<ele>341.17</ele>
				<time>2026-05-28T17:30:24.732Z</time>
			</trkpt>
			<trkpt lat="44.53643" lon="2.71776">
				<ele>346.34</ele>
				<time>2026-05-28T17:30:28.074Z</time>
			</trkpt>
			<trkpt lat="44.53626" lon="2.71765">
				<ele>351.65</ele>
				<time>2026-05-28T17:30:30.049Z</time>
			</trkpt>
			<trkpt lat="44.53559" lon="2.71734">
				<ele>361.42</ele>
				<time>2026-05-28T17:30:37.629Z</time>
			</trkpt>
			<trkpt lat="44.53537" lon="2.7173">
				<ele>364.13</ele>
				<time>2026-05-28T17:30:40.063Z</time>
			</trkpt>
			<trkpt lat="44.53525" lon="2.71739">
				<ele>366.86</ele>
				<time>2026-05-28T17:30:41.568Z</time>
			</trkpt>
			<trkpt lat="44.53512" lon="2.71732">
				<ele>370.66</ele>
				<time>2026-05-28T17:30:43.117Z</time>
			</trkpt>
			<trkpt lat="44.53506" lon="2.71718">
				<ele>371.4</ele>
				<time>2026-05-28T17:30:44.419Z</time>
			</trkpt>
			<trkpt lat="44.53464" lon="2.71669">
				<ele>380.16</ele>
				<time>2026-05-28T17:30:50.609Z</time>
			</trkpt>
			<trkpt lat="44.53444" lon="2.71626">
				<ele>380.45</ele>
				<time>2026-05-28T17:30:54.829Z</time>
			</trkpt>
			<trkpt lat="44.53423" lon="2.71591">
				<ele>381.44</ele>
				<time>2026-05-28T17:30:58.636Z</time>
			</trkpt>
			<trkpt lat="44.5339" lon="2.7156">
				<ele>384.89</ele>
				<time>2026-05-28T17:31:03.328Z</time>
			</trkpt>
			<trkpt lat="44.53379" lon="2.71555">
				<ele>385.05</ele>
				<time>2026-05-28T17:31:04.705Z</time>
			</trkpt>
			<trkpt lat="44.53364" lon="2.71554">
				<ele>386.43</ele>
				<time>2026-05-28T17:31:06.501Z</time>
			</trkpt>
			<trkpt lat="44.53342" lon="2.71555">
				<ele>388.39</ele>
				<time>2026-05-28T17:31:09.149Z</time>
			</trkpt>
			<trkpt lat="44.53332" lon="2.71549">
				<ele>388.46</ele>
				<time>2026-05-28T17:31:10.463Z</time>
			</trkpt>
			<trkpt lat="44.53325" lon="2.71542">
				<ele>388.41</ele>
				<time>2026-05-28T17:31:11.505Z</time>
			</trkpt>
			<trkpt lat="44.53323" lon="2.71528">
				<ele>387.52</ele>
				<time>2026-05-28T17:31:12.742Z</time>
			</trkpt>
			<trkpt lat="44.53323" lon="2.71514">
				<ele>386.73</ele>
				<time>2026-05-28T17:31:13.958Z</time>
			</trkpt>
			<trkpt lat="44.53326" lon="2.71502">
				<ele>385.88</ele>
				<time>2026-05-28T17:31:15.066Z</time>
			</trkpt>
			<trkpt lat="44.53334" lon="2.71493">
				<ele>385.26</ele>
				<time>2026-05-28T17:31:16.322Z</time>
			</trkpt>
			<trkpt lat="44.53356" lon="2.71475">
				<ele>388.08</ele>
				<time>2026-05-28T17:31:19.456Z</time>
			</trkpt>
			<trkpt lat="44.53362" lon="2.71466">
				<ele>390.35</ele>
				<time>2026-05-28T17:31:20.541Z</time>
			</trkpt>
			<trkpt lat="44.53362" lon="2.71456">
				<ele>392.38</ele>
				<time>2026-05-28T17:31:21.424Z</time>
			</trkpt>
			<trkpt lat="44.53359" lon="2.71447">
				<ele>394.05</ele>
				<time>2026-05-28T17:31:22.302Z</time>
			</trkpt>
			<trkpt lat="44.53352" lon="2.7144">
				<ele>394.75</ele>
				<time>2026-05-28T17:31:23.371Z</time>
			</trkpt>
			<trkpt lat="44.53301" lon="2.71418">
				<ele>401.25</ele>
				<time>2026-05-28T17:31:30.049Z</time>
			</trkpt>
			<trkpt lat="44.53299" lon="2.71413">
				<ele>403.39</ele>
				<time>2026-05-28T17:31:30.564Z</time>
			</trkpt>
			<trkpt lat="44.533" lon="2.71408">
				<ele>404.94</ele>
				<time>2026-05-28T17:31:31.030Z</time>
			</trkpt>
			<trkpt lat="44.53303" lon="2.71404">
				<ele>404.84</ele>
				<time>2026-05-28T17:31:31.552Z</time>
			</trkpt>
			<trkpt lat="44.53321" lon="2.714">
				<ele>405.15</ele>
				<time>2026-05-28T17:31:33.857Z</time>
			</trkpt>
			<trkpt lat="44.53347" lon="2.71386">
				<ele>410.39</ele>
				<time>2026-05-28T17:31:37.394Z</time>
			</trkpt>
			<trkpt lat="44.53376" lon="2.71364">
				<ele>413.48</ele>
				<time>2026-05-28T17:31:41.605Z</time>
			</trkpt>
			<trkpt lat="44.53416" lon="2.71319">
				<ele>416.09</ele>
				<time>2026-05-28T17:31:48.202Z</time>
			</trkpt>
			<trkpt lat="44.53424" lon="2.71315">
				<ele>417.15</ele>
				<time>2026-05-28T17:31:49.300Z</time>
			</trkpt>
			<trkpt lat="44.53434" lon="2.71314">
				<ele>417.38</ele>
				<time>2026-05-28T17:31:50.597Z</time>
			</trkpt>
			<trkpt lat="44.53471" lon="2.71331">
				<ele>416.28</ele>
				<time>2026-05-28T17:31:55.654Z</time>
			</trkpt>
			<trkpt lat="44.53477" lon="2.7133">
				<ele>415.96</ele>
				<time>2026-05-28T17:31:56.441Z</time>
			</trkpt>
			<trkpt lat="44.53487" lon="2.71321">
				<ele>416.39</ele>
				<time>2026-05-28T17:31:57.990Z</time>
			</trkpt>
			<trkpt lat="44.53518" lon="2.7128">
				<ele>421.36</ele>
				<time>2026-05-28T17:32:03.564Z</time>
			</trkpt>
			<trkpt lat="44.53542" lon="2.71259">
				<ele>426.04</ele>
				<time>2026-05-28T17:32:07.278Z</time>
			</trkpt>
			<trkpt lat="44.53544" lon="2.71255">
				<ele>427.2</ele>
				<time>2026-05-28T17:32:07.736Z</time>
			</trkpt>
			<trkpt lat="44.53543" lon="2.71251">
				<ele>428.86</ele>
				<time>2026-05-28T17:32:08.134Z</time>
			</trkpt>
			<trkpt lat="44.53539" lon="2.71248">
				<ele>430.26</ele>
				<time>2026-05-28T17:32:08.731Z</time>
			</trkpt>
			<trkpt lat="44.53524" lon="2.71248">
				<ele>431.78</ele>
				<time>2026-05-28T17:32:10.706Z</time>
			</trkpt>
			<trkpt lat="44.53511" lon="2.71244">
				<ele>434.53</ele>
				<time>2026-05-28T17:32:12.461Z</time>
			</trkpt>
			<trkpt lat="44.535" lon="2.71237">
				<ele>438.77</ele>
				<time>2026-05-28T17:32:14.056Z</time>
			</trkpt>
			<trkpt lat="44.53479" lon="2.71216">
				<ele>446.84</ele>
				<time>2026-05-28T17:32:17.464Z</time>
			</trkpt>
			<trkpt lat="44.53467" lon="2.7121">
				<ele>449.08</ele>
				<time>2026-05-28T17:32:19.150Z</time>
			</trkpt>
			<trkpt lat="44.53418" lon="2.71197">
				<ele>454.87</ele>
				<time>2026-05-28T17:32:25.761Z</time>
			</trkpt>
			<trkpt lat="44.53379" lon="2.71196">
				<ele>462.63</ele>
				<time>2026-05-28T17:32:30.941Z</time>
			</trkpt>
			<trkpt lat="44.53362" lon="2.71199">
				<ele>466.13</ele>
				<time>2026-05-28T17:32:33.218Z</time>
			</trkpt>
			<trkpt lat="44.53331" lon="2.71214">
				<ele>468.08</ele>
				<time>2026-05-28T17:32:37.577Z</time>
			</trkpt>
			<trkpt lat="44.53314" lon="2.71227">
				<ele>467.42</ele>
				<time>2026-05-28T17:32:40.152Z</time>
			</trkpt>
			<trkpt lat="44.53303" lon="2.71232">
				<ele>467.57</ele>
				<time>2026-05-28T17:32:41.690Z</time>
			</trkpt>
			<trkpt lat="44.53291" lon="2.71235">
				<ele>467.33</ele>
				<time>2026-05-28T17:32:43.310Z</time>
			</trkpt>
			<trkpt lat="44.5328" lon="2.71234">
				<ele>468.92</ele>
				<time>2026-05-28T17:32:44.776Z</time>
			</trkpt>
			<trkpt lat="44.53268" lon="2.71229">
				<ele>469.86</ele>
				<time>2026-05-28T17:32:46.440Z</time>
			</trkpt>
			<trkpt lat="44.53256" lon="2.71222">
				<ele>470.63</ele>
				<time>2026-05-28T17:32:48.167Z</time>
			</trkpt>
			<trkpt lat="44.53241" lon="2.71203">
				<ele>473.42</ele>
				<time>2026-05-28T17:32:50.852Z</time>
			</trkpt>
			<trkpt lat="44.53233" lon="2.71182">
				<ele>475.92</ele>
				<time>2026-05-28T17:32:53.105Z</time>
			</trkpt>
			<trkpt lat="44.5323" lon="2.71168">
				<ele>477.69</ele>
				<time>2026-05-28T17:32:54.488Z</time>
			</trkpt>
			<trkpt lat="44.5323" lon="2.71156">
				<ele>478.56</ele>
				<time>2026-05-28T17:32:55.622Z</time>
			</trkpt>
			<trkpt lat="44.53246" lon="2.71091">
				<ele>483.34</ele>
				<time>2026-05-28T17:33:02.115Z</time>
			</trkpt>
			<trkpt lat="44.53267" lon="2.71045">
				<ele>486.22</ele>
				<time>2026-05-28T17:33:07.258Z</time>
			</trkpt>
			<trkpt lat="44.53274" lon="2.71016">
				<ele>486.97</ele>
				<time>2026-05-28T17:33:10.134Z</time>
			</trkpt>
			<trkpt lat="44.53279" lon="2.70974">
				<ele>486.93</ele>
				<time>2026-05-28T17:33:14.125Z</time>
			</trkpt>
			<trkpt lat="44.53279" lon="2.70956">
				<ele>486.38</ele>
				<time>2026-05-28T17:33:15.808Z</time>
			</trkpt>
			<trkpt lat="44.53273" lon="2.7091">
				<ele>484.94</ele>
				<time>2026-05-28T17:33:20.170Z</time>
			</trkpt>
			<trkpt lat="44.53269" lon="2.70804">
				<ele>483.35</ele>
				<time>2026-05-28T17:33:30.006Z</time>
			</trkpt>
			<trkpt lat="44.53263" lon="2.70765">
				<ele>485.15</ele>
				<time>2026-05-28T17:33:33.676Z</time>
			</trkpt>
			<trkpt lat="44.53263" lon="2.70736">
				<ele>486.48</ele>
				<time>2026-05-28T17:33:36.333Z</time>
			</trkpt>
			<trkpt lat="44.53267" lon="2.70688">
				<ele>487</ele>
				<time>2026-05-28T17:33:40.741Z</time>
			</trkpt>
			<trkpt lat="44.53269" lon="2.70634">
				<ele>487.77</ele>
				<time>2026-05-28T17:33:45.639Z</time>
			</trkpt>
			<trkpt lat="44.53267" lon="2.70608">
				<ele>487.84</ele>
				<time>2026-05-28T17:33:47.995Z</time>
			</trkpt>
			<trkpt lat="44.53264" lon="2.70586">
				<ele>487.07</ele>
				<time>2026-05-28T17:33:50.005Z</time>
			</trkpt>
			<trkpt lat="44.53247" lon="2.70511">
				<ele>486.95</ele>
				<time>2026-05-28T17:33:57.013Z</time>
			</trkpt>
			<trkpt lat="44.53234" lon="2.70469">
				<ele>487.67</ele>
				<time>2026-05-28T17:34:01.048Z</time>
			</trkpt>
			<trkpt lat="44.53171" lon="2.70375">
				<ele>491.85</ele>
				<time>2026-05-28T17:34:12.231Z</time>
			</trkpt>
			<trkpt lat="44.53146" lon="2.70329">
				<ele>491.48</ele>
				<time>2026-05-28T17:34:17.148Z</time>
			</trkpt>
			<trkpt lat="44.53129" lon="2.70291">
				<ele>489.49</ele>
				<time>2026-05-28T17:34:20.918Z</time>
			</trkpt>
			<trkpt lat="44.53113" lon="2.70237">
				<ele>487.39</ele>
				<time>2026-05-28T17:34:25.770Z</time>
			</trkpt>
			<trkpt lat="44.53104" lon="2.70183">
				<ele>488.08</ele>
				<time>2026-05-28T17:34:30.304Z</time>
			</trkpt>
			<trkpt lat="44.53102" lon="2.70132">
				<ele>488.45</ele>
				<time>2026-05-28T17:34:34.420Z</time>
			</trkpt>
			<trkpt lat="44.53096" lon="2.70098">
				<ele>488.26</ele>
				<time>2026-05-28T17:34:37.208Z</time>
			</trkpt>
			<trkpt lat="44.53087" lon="2.70075">
				<ele>488.24</ele>
				<time>2026-05-28T17:34:39.277Z</time>
			</trkpt>
			<trkpt lat="44.53067" lon="2.70046">
				<ele>489.34</ele>
				<time>2026-05-28T17:34:42.427Z</time>
			</trkpt>
			<trkpt lat="44.5302" lon="2.69986">
				<ele>490.64</ele>
				<time>2026-05-28T17:34:49.239Z</time>
			</trkpt>
			<trkpt lat="44.53015" lon="2.69969">
				<ele>490.36</ele>
				<time>2026-05-28T17:34:50.618Z</time>
			</trkpt>
			<trkpt lat="44.53011" lon="2.69942">
				<ele>489.54</ele>
				<time>2026-05-28T17:34:52.669Z</time>
			</trkpt>
			<trkpt lat="44.53023" lon="2.69947">
				<ele>489.23</ele>
				<time>2026-05-28T17:34:53.965Z</time>
			</trkpt>
			<trkpt lat="44.53041" lon="2.69949">
				<ele>488.32</ele>
				<time>2026-05-28T17:34:55.818Z</time>
			</trkpt>
			<trkpt lat="44.53077" lon="2.69946">
				<ele>485.65</ele>
				<time>2026-05-28T17:34:59.465Z</time>
			</trkpt>
			<trkpt lat="44.53091" lon="2.69951">
				<ele>484.54</ele>
				<time>2026-05-28T17:35:00.905Z</time>
			</trkpt>
			<trkpt lat="44.531" lon="2.69958">
				<ele>484.34</ele>
				<time>2026-05-28T17:35:01.924Z</time>
			</trkpt>
			<trkpt lat="44.53109" lon="2.69972">
				<ele>485.22</ele>
				<time>2026-05-28T17:35:03.245Z</time>
			</trkpt>
			<trkpt lat="44.53137" lon="2.70004">
				<ele>483.79</ele>
				<time>2026-05-28T17:35:06.741Z</time>
			</trkpt>
			<trkpt lat="44.53254" lon="2.70081">
				<ele>468.7</ele>
				<time>2026-05-28T17:35:18.455Z</time>
			</trkpt>
			<trkpt lat="44.53283" lon="2.70116">
				<ele>468.13</ele>
				<time>2026-05-28T17:35:21.631Z</time>
			</trkpt>
			<trkpt lat="44.53323" lon="2.70151">
				<ele>465</ele>
				<time>2026-05-28T17:35:25.377Z</time>
			</trkpt>
			<trkpt lat="44.53377" lon="2.70205">
				<ele>454.61</ele>
				<time>2026-05-28T17:35:30.362Z</time>
			</trkpt>
			<trkpt lat="44.5341" lon="2.70255">
				<ele>451.69</ele>
				<time>2026-05-28T17:35:33.825Z</time>
			</trkpt>
			<trkpt lat="44.53482" lon="2.704">
				<ele>442.17</ele>
				<time>2026-05-28T17:35:42.205Z</time>
			</trkpt>
			<trkpt lat="44.53487" lon="2.70405">
				<ele>441.94</ele>
				<time>2026-05-28T17:35:42.595Z</time>
			</trkpt>
			<trkpt lat="44.53492" lon="2.70405">
				<ele>440.77</ele>
				<time>2026-05-28T17:35:42.912Z</time>
			</trkpt>
			<trkpt lat="44.53496" lon="2.70402">
				<ele>439.29</ele>
				<time>2026-05-28T17:35:43.198Z</time>
			</trkpt>
			<trkpt lat="44.53497" lon="2.7039">
				<ele>435.87</ele>
				<time>2026-05-28T17:35:43.740Z</time>
			</trkpt>
			<trkpt lat="44.53472" lon="2.70343">
				<ele>437</ele>
				<time>2026-05-28T17:35:46.334Z</time>
			</trkpt>
			<trkpt lat="44.53455" lon="2.7029">
				<ele>435.17</ele>
				<time>2026-05-28T17:35:48.855Z</time>
			</trkpt>
			<trkpt lat="44.53429" lon="2.70181">
				<ele>424.32</ele>
				<time>2026-05-28T17:35:53.739Z</time>
			</trkpt>
			<trkpt lat="44.53395" lon="2.70113">
				<ele>424.79</ele>
				<time>2026-05-28T17:35:57.223Z</time>
			</trkpt>
			<trkpt lat="44.53376" lon="2.7006">
				<ele>424.77</ele>
				<time>2026-05-28T17:35:59.709Z</time>
			</trkpt>
			<trkpt lat="44.53329" lon="2.69937">
				<ele>412.35</ele>
				<time>2026-05-28T17:36:05.622Z</time>
			</trkpt>
			<trkpt lat="44.53316" lon="2.6992">
				<ele>411.56</ele>
				<time>2026-05-28T17:36:06.697Z</time>
			</trkpt>
			<trkpt lat="44.53284" lon="2.69905">
				<ele>412.94</ele>
				<time>2026-05-28T17:36:08.759Z</time>
			</trkpt>
			<trkpt lat="44.53274" lon="2.69896">
				<ele>412.4</ele>
				<time>2026-05-28T17:36:09.493Z</time>
			</trkpt>
			<trkpt lat="44.53266" lon="2.69876">
				<ele>410.47</ele>
				<time>2026-05-28T17:36:10.510Z</time>
			</trkpt>
			<trkpt lat="44.53266" lon="2.69859">
				<ele>407.71</ele>
				<time>2026-05-28T17:36:11.270Z</time>
			</trkpt>
			<trkpt lat="44.53272" lon="2.6984">
				<ele>405.65</ele>
				<time>2026-05-28T17:36:12.206Z</time>
			</trkpt>
			<trkpt lat="44.53315" lon="2.69766">
				<ele>395.58</ele>
				<time>2026-05-28T17:36:16.622Z</time>
			</trkpt>
			<trkpt lat="44.53336" lon="2.69735">
				<ele>390</ele>
				<time>2026-05-28T17:36:18.671Z</time>
			</trkpt>
			<trkpt lat="44.5335" lon="2.69719">
				<ele>387.21</ele>
				<time>2026-05-28T17:36:19.908Z</time>
			</trkpt>
			<trkpt lat="44.53355" lon="2.69707">
				<ele>386.51</ele>
				<time>2026-05-28T17:36:20.595Z</time>
			</trkpt>
			<trkpt lat="44.53358" lon="2.69692">
				<ele>386.57</ele>
				<time>2026-05-28T17:36:21.371Z</time>
			</trkpt>
			<trkpt lat="44.53356" lon="2.69647">
				<ele>386.31</ele>
				<time>2026-05-28T17:36:23.660Z</time>
			</trkpt>
			<trkpt lat="44.53342" lon="2.69587">
				<ele>387.7</ele>
				<time>2026-05-28T17:36:26.979Z</time>
			</trkpt>
			<trkpt lat="44.53341" lon="2.69563">
				<ele>386.58</ele>
				<time>2026-05-28T17:36:28.280Z</time>
			</trkpt>
			<trkpt lat="44.53342" lon="2.69494">
				<ele>386.59</ele>
				<time>2026-05-28T17:36:32.139Z</time>
			</trkpt>
			<trkpt lat="44.53331" lon="2.69413">
				<ele>386.78</ele>
				<time>2026-05-28T17:36:37.013Z</time>
			</trkpt>
			<trkpt lat="44.53329" lon="2.69364">
				<ele>385.26</ele>
				<time>2026-05-28T17:36:40.062Z</time>
			</trkpt>
			<trkpt lat="44.53333" lon="2.69334">
				<ele>380.27</ele>
				<time>2026-05-28T17:36:42.017Z</time>
			</trkpt>
			<trkpt lat="44.53344" lon="2.69302">
				<ele>376.1</ele>
				<time>2026-05-28T17:36:44.353Z</time>
			</trkpt>
			<trkpt lat="44.53356" lon="2.69277">
				<ele>372.72</ele>
				<time>2026-05-28T17:36:46.387Z</time>
			</trkpt>
			<trkpt lat="44.53387" lon="2.69236">
				<ele>370.07</ele>
				<time>2026-05-28T17:36:50.568Z</time>
			</trkpt>
			<trkpt lat="44.53403" lon="2.69227">
				<ele>368.76</ele>
				<time>2026-05-28T17:36:52.318Z</time>
			</trkpt>
			<trkpt lat="44.53398" lon="2.69126">
				<ele>363.3</ele>
				<time>2026-05-28T17:37:00.031Z</time>
			</trkpt>
			<trkpt lat="44.53398" lon="2.69087">
				<ele>363.59</ele>
				<time>2026-05-28T17:37:03.177Z</time>
			</trkpt>
			<trkpt lat="44.53393" lon="2.69015">
				<ele>363.33</ele>
				<time>2026-05-28T17:37:09.285Z</time>
			</trkpt>
			<trkpt lat="44.53385" lon="2.68973">
				<ele>363</ele>
				<time>2026-05-28T17:37:13.134Z</time>
			</trkpt>
			<trkpt lat="44.53387" lon="2.68932">
				<ele>361.16</ele>
				<time>2026-05-28T17:37:17.147Z</time>
			</trkpt>
			<trkpt lat="44.534" lon="2.68885">
				<ele>358.92</ele>
				<time>2026-05-28T17:37:23.528Z</time>
			</trkpt>
			<trkpt lat="44.53422" lon="2.68879">
				<ele>358.92</ele>
				<time>2026-05-28T17:37:28.176Z</time>
			</trkpt>
			<trkpt lat="44.53431" lon="2.68893">
				<ele>359.25</ele>
				<time>2026-05-28T17:37:31.150Z</time>
			</trkpt>
			<trkpt lat="44.53474" lon="2.68854">
				<ele>354.56</ele>
				<time>2026-05-28T17:37:43.273Z</time>
			</trkpt>
			<trkpt lat="44.53605" lon="2.6875">
				<ele>345.44</ele>
				<time>2026-05-28T17:38:15.401Z</time>
			</trkpt>
			<trkpt lat="44.53612" lon="2.68736">
				<ele>344.47</ele>
				<time>2026-05-28T17:38:17.193Z</time>
			</trkpt>
			<trkpt lat="44.53645" lon="2.68578">
				<ele>325.14</ele>
				<time>2026-05-28T17:38:32.443Z</time>
			</trkpt>
			<trkpt lat="44.53662" lon="2.68535">
				<ele>324.14</ele>
				<time>2026-05-28T17:38:36.452Z</time>
			</trkpt>
			<trkpt lat="44.53672" lon="2.68496">
				<ele>324</ele>
				<time>2026-05-28T17:38:39.699Z</time>
			</trkpt>
			<trkpt lat="44.53677" lon="2.68486">
				<ele>324</ele>
				<time>2026-05-28T17:38:40.636Z</time>
			</trkpt>
			<trkpt lat="44.53682" lon="2.6848">
				<ele>324</ele>
				<time>2026-05-28T17:38:41.340Z</time>
			</trkpt>
			<trkpt lat="44.53691" lon="2.68476">
				<ele>324</ele>
				<time>2026-05-28T17:38:42.344Z</time>
			</trkpt>
			<trkpt lat="44.53722" lon="2.6848">
				<ele>324</ele>
				<time>2026-05-28T17:38:45.606Z</time>
			</trkpt>
			<trkpt lat="44.53722" lon="2.68399">
				<ele>323.62</ele>
				<time>2026-05-28T17:38:51.563Z</time>
			</trkpt>
			<trkpt lat="44.53725" lon="2.68338">
				<ele>326.59</ele>
				<time>2026-05-28T17:38:56.083Z</time>
			</trkpt>
			<trkpt lat="44.53763" lon="2.68312">
				<ele>330.95</ele>
				<time>2026-05-28T17:39:00.578Z</time>
			</trkpt>
			<trkpt lat="44.53796" lon="2.68262">
				<ele>333.09</ele>
				<time>2026-05-28T17:39:05.985Z</time>
			</trkpt>
			<trkpt lat="44.53833" lon="2.68187">
				<ele>331.83</ele>
				<time>2026-05-28T17:39:13.465Z</time>
			</trkpt>
			<trkpt lat="44.53923" lon="2.68053">
				<ele>339.21</ele>
				<time>2026-05-28T17:39:28.859Z</time>
			</trkpt>
			<trkpt lat="44.53936" lon="2.6802">
				<ele>340.33</ele>
				<time>2026-05-28T17:39:32.093Z</time>
			</trkpt>
			<trkpt lat="44.53948" lon="2.68002">
				<ele>340.04</ele>
				<time>2026-05-28T17:39:34.206Z</time>
			</trkpt>
			<trkpt lat="44.53952" lon="2.67992">
				<ele>339.73</ele>
				<time>2026-05-28T17:39:35.187Z</time>
			</trkpt>
			<trkpt lat="44.53962" lon="2.67997">
				<ele>337.79</ele>
				<time>2026-05-28T17:39:36.459Z</time>
			</trkpt>
			<trkpt lat="44.53981" lon="2.68">
				<ele>334.66</ele>
				<time>2026-05-28T17:39:38.739Z</time>
			</trkpt>
			<trkpt lat="44.54046" lon="2.67979">
				<ele>330.17</ele>
				<time>2026-05-28T17:39:46.509Z</time>
			</trkpt>
			<trkpt lat="44.54067" lon="2.67979">
				<ele>330.05</ele>
				<time>2026-05-28T17:39:48.870Z</time>
			</trkpt>
			<trkpt lat="44.54088" lon="2.67985">
				<ele>330.16</ele>
				<time>2026-05-28T17:39:51.223Z</time>
			</trkpt>
			<trkpt lat="44.54104" lon="2.67994">
				<ele>330.01</ele>
				<time>2026-05-28T17:39:53.069Z</time>
			</trkpt>
			<trkpt lat="44.54163" lon="2.68038">
				<ele>326.04</ele>
				<time>2026-05-28T17:39:59.794Z</time>
			</trkpt>
			<trkpt lat="44.54182" lon="2.68049">
				<ele>325.04</ele>
				<time>2026-05-28T17:40:01.766Z</time>
			</trkpt>
			<trkpt lat="44.54194" lon="2.68054">
				<ele>325.13</ele>
				<time>2026-05-28T17:40:02.951Z</time>
			</trkpt>
			<trkpt lat="44.5422" lon="2.68055">
				<ele>326.83</ele>
				<time>2026-05-28T17:40:05.375Z</time>
			</trkpt>
			<trkpt lat="44.54254" lon="2.68047">
				<ele>329.97</ele>
				<time>2026-05-28T17:40:08.514Z</time>
			</trkpt>
			<trkpt lat="44.54324" lon="2.68053">
				<ele>330.4</ele>
				<time>2026-05-28T17:40:14.679Z</time>
			</trkpt>
			<trkpt lat="44.54336" lon="2.68058">
				<ele>329.97</ele>
				<time>2026-05-28T17:40:15.752Z</time>
			</trkpt>
			<trkpt lat="44.54349" lon="2.68069">
				<ele>330.19</ele>
				<time>2026-05-28T17:40:17.044Z</time>
			</trkpt>
			<trkpt lat="44.54383" lon="2.68127">
				<ele>326.89</ele>
				<time>2026-05-28T17:40:21.527Z</time>
			</trkpt>
			<trkpt lat="44.5441" lon="2.68158">
				<ele>325.57</ele>
				<time>2026-05-28T17:40:24.399Z</time>
			</trkpt>
			<trkpt lat="44.54418" lon="2.68176">
				<ele>324.09</ele>
				<time>2026-05-28T17:40:25.634Z</time>
			</trkpt>
			<trkpt lat="44.54433" lon="2.68174">
				<ele>325.72</ele>
				<time>2026-05-28T17:40:26.860Z</time>
			</trkpt>
			<trkpt lat="44.5448" lon="2.68172">
				<ele>329.99</ele>
				<time>2026-05-28T17:40:30.665Z</time>
			</trkpt>
			<trkpt lat="44.54513" lon="2.68161">
				<ele>337.05</ele>
				<time>2026-05-28T17:40:33.399Z</time>
			</trkpt>
			<trkpt lat="44.54528" lon="2.68158">
				<ele>340.8</ele>
				<time>2026-05-28T17:40:34.620Z</time>
			</trkpt>
			<trkpt lat="44.54598" lon="2.68172">
				<ele>343.21</ele>
				<time>2026-05-28T17:40:40.337Z</time>
			</trkpt>
			<trkpt lat="44.5461" lon="2.68176">
				<ele>343.59</ele>
				<time>2026-05-28T17:40:41.342Z</time>
			</trkpt>
			<trkpt lat="44.54619" lon="2.68184">
				<ele>342.02</ele>
				<time>2026-05-28T17:40:42.209Z</time>
			</trkpt>
			<trkpt lat="44.54625" lon="2.68192">
				<ele>339.42</ele>
				<time>2026-05-28T17:40:42.878Z</time>
			</trkpt>
			<trkpt lat="44.54631" lon="2.68205">
				<ele>337.56</ele>
				<time>2026-05-28T17:40:43.764Z</time>
			</trkpt>
			<trkpt lat="44.5465" lon="2.68266">
				<ele>332.79</ele>
				<time>2026-05-28T17:40:47.489Z</time>
			</trkpt>
			<trkpt lat="44.54659" lon="2.68288">
				<ele>332.56</ele>
				<time>2026-05-28T17:40:48.875Z</time>
			</trkpt>
			<trkpt lat="44.54678" lon="2.68318">
				<ele>333.92</ele>
				<time>2026-05-28T17:40:51.033Z</time>
			</trkpt>
			<trkpt lat="44.54695" lon="2.68342">
				<ele>337.88</ele>
				<time>2026-05-28T17:40:52.819Z</time>
			</trkpt>
			<trkpt lat="44.54706" lon="2.68362">
				<ele>343.31</ele>
				<time>2026-05-28T17:40:54.133Z</time>
			</trkpt>
			<trkpt lat="44.54711" lon="2.68382">
				<ele>342.96</ele>
				<time>2026-05-28T17:40:55.224Z</time>
			</trkpt>
			<trkpt lat="44.54734" lon="2.68493">
				<ele>337.28</ele>
				<time>2026-05-28T17:41:00.991Z</time>
			</trkpt>
			<trkpt lat="44.54768" lon="2.68604">
				<ele>338.11</ele>
				<time>2026-05-28T17:41:06.727Z</time>
			</trkpt>
			<trkpt lat="44.54779" lon="2.68633">
				<ele>335.9</ele>
				<time>2026-05-28T17:41:08.242Z</time>
			</trkpt>
			<trkpt lat="44.5482" lon="2.6872">
				<ele>329.59</ele>
				<time>2026-05-28T17:41:12.945Z</time>
			</trkpt>
			<trkpt lat="44.54833" lon="2.68736">
				<ele>328.46</ele>
				<time>2026-05-28T17:41:14.018Z</time>
			</trkpt>
			<trkpt lat="44.54852" lon="2.68751">
				<ele>326.47</ele>
				<time>2026-05-28T17:41:15.361Z</time>
			</trkpt>
			<trkpt lat="44.54884" lon="2.68771">
				<ele>325.98</ele>
				<time>2026-05-28T17:41:17.497Z</time>
			</trkpt>
			<trkpt lat="44.54898" lon="2.68777">
				<ele>326.19</ele>
				<time>2026-05-28T17:41:18.382Z</time>
			</trkpt>
			<trkpt lat="44.54914" lon="2.68777">
				<ele>327.8</ele>
				<time>2026-05-28T17:41:19.346Z</time>
			</trkpt>
			<trkpt lat="44.54925" lon="2.68773">
				<ele>327.85</ele>
				<time>2026-05-28T17:41:20.028Z</time>
			</trkpt>
			<trkpt lat="44.54934" lon="2.68762">
				<ele>328.64</ele>
				<time>2026-05-28T17:41:20.742Z</time>
			</trkpt>
			<trkpt lat="44.5494" lon="2.6875">
				<ele>329.75</ele>
				<time>2026-05-28T17:41:21.365Z</time>
			</trkpt>
			<trkpt lat="44.54945" lon="2.6872">
				<ele>328.76</ele>
				<time>2026-05-28T17:41:22.670Z</time>
			</trkpt>
			<trkpt lat="44.54943" lon="2.68667">
				<ele>332.46</ele>
				<time>2026-05-28T17:41:24.906Z</time>
			</trkpt>
			<trkpt lat="44.54938" lon="2.68631">
				<ele>338.71</ele>
				<time>2026-05-28T17:41:26.443Z</time>
			</trkpt>
			<trkpt lat="44.5494" lon="2.68611">
				<ele>338.8</ele>
				<time>2026-05-28T17:41:27.288Z</time>
			</trkpt>
			<trkpt lat="44.54945" lon="2.68575">
				<ele>335.3</ele>
				<time>2026-05-28T17:41:28.819Z</time>
			</trkpt>
			<trkpt lat="44.54946" lon="2.68553">
				<ele>334.79</ele>
				<time>2026-05-28T17:41:29.739Z</time>
			</trkpt>
			<trkpt lat="44.54944" lon="2.6853">
				<ele>335.1</ele>
				<time>2026-05-28T17:41:30.704Z</time>
			</trkpt>
			<trkpt lat="44.54929" lon="2.68426">
				<ele>341.2</ele>
				<time>2026-05-28T17:41:35.131Z</time>
			</trkpt>
			<trkpt lat="44.54926" lon="2.6839">
				<ele>338.79</ele>
				<time>2026-05-28T17:41:36.649Z</time>
			</trkpt>
			<trkpt lat="44.54924" lon="2.6832">
				<ele>328.05</ele>
				<time>2026-05-28T17:41:39.599Z</time>
			</trkpt>
			<trkpt lat="44.54922" lon="2.683">
				<ele>325.85</ele>
				<time>2026-05-28T17:41:40.455Z</time>
			</trkpt>
			<trkpt lat="44.54915" lon="2.68276">
				<ele>324.89</ele>
				<time>2026-05-28T17:41:41.557Z</time>
			</trkpt>
			<trkpt lat="44.54893" lon="2.68229">
				<ele>331.85</ele>
				<time>2026-05-28T17:41:43.967Z</time>
			</trkpt>
			<trkpt lat="44.54884" lon="2.68205">
				<ele>332.37</ele>
				<time>2026-05-28T17:41:45.138Z</time>
			</trkpt>
			<trkpt lat="44.54859" lon="2.68113">
				<ele>330.84</ele>
				<time>2026-05-28T17:41:49.460Z</time>
			</trkpt>
			<trkpt lat="44.54855" lon="2.68086">
				<ele>332.33</ele>
				<time>2026-05-28T17:41:50.691Z</time>
			</trkpt>
			<trkpt lat="44.54855" lon="2.68066">
				<ele>332.61</ele>
				<time>2026-05-28T17:41:51.591Z</time>
			</trkpt>
			<trkpt lat="44.54866" lon="2.67979">
				<ele>334.54</ele>
				<time>2026-05-28T17:41:55.638Z</time>
			</trkpt>
			<trkpt lat="44.54874" lon="2.67952">
				<ele>334.78</ele>
				<time>2026-05-28T17:41:57.005Z</time>
			</trkpt>
			<trkpt lat="44.54886" lon="2.67922">
				<ele>334.19</ele>
				<time>2026-05-28T17:41:58.634Z</time>
			</trkpt>
			<trkpt lat="44.54899" lon="2.67892">
				<ele>333.12</ele>
				<time>2026-05-28T17:42:00.319Z</time>
			</trkpt>
			<trkpt lat="44.54915" lon="2.67867">
				<ele>332.32</ele>
				<time>2026-05-28T17:42:01.955Z</time>
			</trkpt>
			<trkpt lat="44.54936" lon="2.67843">
				<ele>331.39</ele>
				<time>2026-05-28T17:42:03.833Z</time>
			</trkpt>
			<trkpt lat="44.55001" lon="2.67784">
				<ele>329.6</ele>
				<time>2026-05-28T17:42:09.385Z</time>
			</trkpt>
			<trkpt lat="44.55016" lon="2.67766">
				<ele>329.73</ele>
				<time>2026-05-28T17:42:10.846Z</time>
			</trkpt>
			<trkpt lat="44.5507" lon="2.67685">
				<ele>334.76</ele>
				<time>2026-05-28T17:42:16.908Z</time>
			</trkpt>
			<trkpt lat="44.55079" lon="2.67666">
				<ele>335.71</ele>
				<time>2026-05-28T17:42:18.199Z</time>
			</trkpt>
			<trkpt lat="44.55086" lon="2.67644">
				<ele>334.5</ele>
				<time>2026-05-28T17:42:19.579Z</time>
			</trkpt>
			<trkpt lat="44.55096" lon="2.67601">
				<ele>335.23</ele>
				<time>2026-05-28T17:42:22.218Z</time>
			</trkpt>
			<trkpt lat="44.55103" lon="2.67578">
				<ele>334.58</ele>
				<time>2026-05-28T17:42:23.706Z</time>
			</trkpt>
			<trkpt lat="44.55125" lon="2.67524">
				<ele>333.6</ele>
				<time>2026-05-28T17:42:27.496Z</time>
			</trkpt>
			<trkpt lat="44.55164" lon="2.67472">
				<ele>340.49</ele>
				<time>2026-05-28T17:42:32.278Z</time>
			</trkpt>
			<trkpt lat="44.55199" lon="2.67435">
				<ele>334.98</ele>
				<time>2026-05-28T17:42:36.328Z</time>
			</trkpt>
			<trkpt lat="44.55231" lon="2.67382">
				<ele>326.48</ele>
				<time>2026-05-28T17:42:41.082Z</time>
			</trkpt>
			<trkpt lat="44.55236" lon="2.67369">
				<ele>324.97</ele>
				<time>2026-05-28T17:42:42.118Z</time>
			</trkpt>
			<trkpt lat="44.55239" lon="2.67356">
				<ele>323.97</ele>
				<time>2026-05-28T17:42:43.085Z</time>
			</trkpt>
			<trkpt lat="44.55244" lon="2.67308">
				<ele>320.02</ele>
				<time>2026-05-28T17:42:46.580Z</time>
			</trkpt>
			<trkpt lat="44.55242" lon="2.6722">
				<ele>318.45</ele>
				<time>2026-05-28T17:42:53.185Z</time>
			</trkpt>
			<trkpt lat="44.55245" lon="2.6721">
				<ele>317.22</ele>
				<time>2026-05-28T17:42:54.024Z</time>
			</trkpt>
			<trkpt lat="44.5525" lon="2.67205">
				<ele>315.73</ele>
				<time>2026-05-28T17:42:54.693Z</time>
			</trkpt>
			<trkpt lat="44.55332" lon="2.67185">
				<ele>317.6</ele>
				<time>2026-05-28T17:43:04.119Z</time>
			</trkpt>
			<trkpt lat="44.55347" lon="2.67185">
				<ele>318.37</ele>
				<time>2026-05-28T17:43:05.889Z</time>
			</trkpt>
			<trkpt lat="44.55345" lon="2.67219">
				<ele>318.93</ele>
				<time>2026-05-28T17:43:08.805Z</time>
			</trkpt>
			<trkpt lat="44.5533" lon="2.67344">
				<ele>317.91</ele>
				<time>2026-05-28T17:43:20.484Z</time>
			</trkpt>
			<trkpt lat="44.55341" lon="2.67348">
				<ele>319.16</ele>
				<time>2026-05-28T17:43:22.537Z</time>
			</trkpt>
			<trkpt lat="44.5536" lon="2.67349">
				<ele>320.53</ele>
				<time>2026-05-28T17:43:26.456Z</time>
			</trkpt>
			<trkpt lat="44.55374" lon="2.67337">
				<ele>320.08</ele>
				<time>2026-05-28T17:43:30.144Z</time>
			</trkpt>
			<trkpt lat="44.5538" lon="2.67329">
				<ele>321.67</ele>
				<time>2026-05-28T17:43:32.052Z</time>
			</trkpt>
			<trkpt lat="44.55374" lon="2.67337">
				<ele>320.08</ele>
				<time>2026-05-28T17:43:33.962Z</time>
			</trkpt>
			<trkpt lat="44.5536" lon="2.67349">
				<ele>320.53</ele>
				<time>2026-05-28T17:43:37.660Z</time>
			</trkpt>
			<trkpt lat="44.55341" lon="2.67348">
				<ele>319.16</ele>
				<time>2026-05-28T17:43:41.585Z</time>
			</trkpt>
			<trkpt lat="44.5533" lon="2.67344">
				<ele>317.91</ele>
				<time>2026-05-28T17:43:43.658Z</time>
			</trkpt>
			<trkpt lat="44.55345" lon="2.67219">
				<ele>318.93</ele>
				<time>2026-05-28T17:44:02.543Z</time>
			</trkpt>
			<trkpt lat="44.55347" lon="2.67185">
				<ele>318.37</ele>
				<time>2026-05-28T17:44:16.723Z</time>
			</trkpt>
			<trkpt lat="44.55349" lon="2.6713">
				<ele>319.19</ele>
				<time>2026-05-28T17:44:40.169Z</time>
			</trkpt>
			<trkpt lat="44.55347" lon="2.67112">
				<ele>319.04</ele>
				<time>2026-05-28T17:44:41.887Z</time>
			</trkpt>
			<trkpt lat="44.55341" lon="2.67086">
				<ele>319.73</ele>
				<time>2026-05-28T17:44:43.653Z</time>
			</trkpt>
			<trkpt lat="44.55328" lon="2.67049">
				<ele>323.81</ele>
				<time>2026-05-28T17:44:46.043Z</time>
			</trkpt>
			<trkpt lat="44.55307" lon="2.67014">
				<ele>330</ele>
				<time>2026-05-28T17:44:48.841Z</time>
			</trkpt>
			<trkpt lat="44.55288" lon="2.66997">
				<ele>329.76</ele>
				<time>2026-05-28T17:44:50.769Z</time>
			</trkpt>
			<trkpt lat="44.55266" lon="2.66986">
				<ele>329.11</ele>
				<time>2026-05-28T17:44:52.762Z</time>
			</trkpt>
			<trkpt lat="44.55235" lon="2.66977">
				<ele>328.58</ele>
				<time>2026-05-28T17:44:55.456Z</time>
			</trkpt>
			<trkpt lat="44.55156" lon="2.66978">
				<ele>331.6</ele>
				<time>2026-05-28T17:45:02.139Z</time>
			</trkpt>
			<trkpt lat="44.55126" lon="2.66985">
				<ele>330.23</ele>
				<time>2026-05-28T17:45:04.696Z</time>
			</trkpt>
			<trkpt lat="44.55107" lon="2.66997">
				<ele>327.08</ele>
				<time>2026-05-28T17:45:06.444Z</time>
			</trkpt>
			<trkpt lat="44.55081" lon="2.6703">
				<ele>322.99</ele>
				<time>2026-05-28T17:45:09.375Z</time>
			</trkpt>
			<trkpt lat="44.55072" lon="2.6704">
				<ele>323.6</ele>
				<time>2026-05-28T17:45:10.332Z</time>
			</trkpt>
			<trkpt lat="44.55064" lon="2.67046">
				<ele>324.13</ele>
				<time>2026-05-28T17:45:11.087Z</time>
			</trkpt>
			<trkpt lat="44.55034" lon="2.67048">
				<ele>327.67</ele>
				<time>2026-05-28T17:45:13.584Z</time>
			</trkpt>
			<trkpt lat="44.5501" lon="2.67037">
				<ele>331.27</ele>
				<time>2026-05-28T17:45:15.677Z</time>
			</trkpt>
			<trkpt lat="44.54994" lon="2.67033">
				<ele>331.27</ele>
				<time>2026-05-28T17:45:17.021Z</time>
			</trkpt>
			<trkpt lat="44.54979" lon="2.67033">
				<ele>329.03</ele>
				<time>2026-05-28T17:45:18.259Z</time>
			</trkpt>
			<trkpt lat="44.54959" lon="2.6704">
				<ele>327.59</ele>
				<time>2026-05-28T17:45:19.957Z</time>
			</trkpt>
			<trkpt lat="44.54919" lon="2.67044">
				<ele>331.97</ele>
				<time>2026-05-28T17:45:23.251Z</time>
			</trkpt>
			<trkpt lat="44.5491" lon="2.67049">
				<ele>330.93</ele>
				<time>2026-05-28T17:45:24.044Z</time>
			</trkpt>
			<trkpt lat="44.54884" lon="2.67068">
				<ele>325.29</ele>
				<time>2026-05-28T17:45:26.440Z</time>
			</trkpt>
			<trkpt lat="44.5487" lon="2.67076">
				<ele>323.84</ele>
				<time>2026-05-28T17:45:27.673Z</time>
			</trkpt>
			<trkpt lat="44.54835" lon="2.67081">
				<ele>324.33</ele>
				<time>2026-05-28T17:45:30.534Z</time>
			</trkpt>
			<trkpt lat="44.54821" lon="2.67078">
				<ele>324.62</ele>
				<time>2026-05-28T17:45:31.683Z</time>
			</trkpt>
			<trkpt lat="44.54809" lon="2.67073">
				<ele>324.31</ele>
				<time>2026-05-28T17:45:32.697Z</time>
			</trkpt>
			<trkpt lat="44.54799" lon="2.67063">
				<ele>323.62</ele>
				<time>2026-05-28T17:45:33.690Z</time>
			</trkpt>
			<trkpt lat="44.54792" lon="2.67051">
				<ele>323.09</ele>
				<time>2026-05-28T17:45:34.583Z</time>
			</trkpt>
			<trkpt lat="44.54788" lon="2.67036">
				<ele>322.59</ele>
				<time>2026-05-28T17:45:35.504Z</time>
			</trkpt>
			<trkpt lat="44.54786" lon="2.6702">
				<ele>322.95</ele>
				<time>2026-05-28T17:45:36.437Z</time>
			</trkpt>
			<trkpt lat="44.54784" lon="2.66948">
				<ele>331.7</ele>
				<time>2026-05-28T17:45:40.562Z</time>
			</trkpt>
			<trkpt lat="44.54782" lon="2.66921">
				<ele>330.86</ele>
				<time>2026-05-28T17:45:42.110Z</time>
			</trkpt>
			<trkpt lat="44.54768" lon="2.66833">
				<ele>323.94</ele>
				<time>2026-05-28T17:45:47.230Z</time>
			</trkpt>
			<trkpt lat="44.54765" lon="2.66805">
				<ele>325.08</ele>
				<time>2026-05-28T17:45:48.830Z</time>
			</trkpt>
			<trkpt lat="44.54765" lon="2.66783">
				<ele>325.55</ele>
				<time>2026-05-28T17:45:50.071Z</time>
			</trkpt>
			<trkpt lat="44.54769" lon="2.66764">
				<ele>326.39</ele>
				<time>2026-05-28T17:45:51.187Z</time>
			</trkpt>
			<trkpt lat="44.54775" lon="2.66749">
				<ele>327.27</ele>
				<time>2026-05-28T17:45:52.155Z</time>
			</trkpt>
			<trkpt lat="44.54783" lon="2.66738">
				<ele>327.7</ele>
				<time>2026-05-28T17:45:53.038Z</time>
			</trkpt>
			<trkpt lat="44.54794" lon="2.66728">
				<ele>327.92</ele>
				<time>2026-05-28T17:45:54.070Z</time>
			</trkpt>
			<trkpt lat="44.54827" lon="2.66716">
				<ele>325.75</ele>
				<time>2026-05-28T17:45:56.747Z</time>
			</trkpt>
			<trkpt lat="44.54846" lon="2.66715">
				<ele>325.1</ele>
				<time>2026-05-28T17:45:58.236Z</time>
			</trkpt>
			<trkpt lat="44.54901" lon="2.66721">
				<ele>325.27</ele>
				<time>2026-05-28T17:46:02.540Z</time>
			</trkpt>
			<trkpt lat="44.54926" lon="2.66717">
				<ele>328.13</ele>
				<time>2026-05-28T17:46:04.495Z</time>
			</trkpt>
			<trkpt lat="44.54939" lon="2.6671">
				<ele>328.49</ele>
				<time>2026-05-28T17:46:05.575Z</time>
			</trkpt>
			<trkpt lat="44.54968" lon="2.66682">
				<ele>325.13</ele>
				<time>2026-05-28T17:46:08.297Z</time>
			</trkpt>
			<trkpt lat="44.55041" lon="2.66642">
				<ele>322.13</ele>
				<time>2026-05-28T17:46:14.321Z</time>
			</trkpt>
			<trkpt lat="44.55084" lon="2.66627">
				<ele>319.9</ele>
				<time>2026-05-28T17:46:17.706Z</time>
			</trkpt>
			<trkpt lat="44.55116" lon="2.66611">
				<ele>318.19</ele>
				<time>2026-05-28T17:46:20.290Z</time>
			</trkpt>
			<trkpt lat="44.55147" lon="2.66598">
				<ele>321.41</ele>
				<time>2026-05-28T17:46:22.743Z</time>
			</trkpt>
			<trkpt lat="44.55234" lon="2.66566">
				<ele>322.48</ele>
				<time>2026-05-28T17:46:29.520Z</time>
			</trkpt>
			<trkpt lat="44.55304" lon="2.66535">
				<ele>323.95</ele>
				<time>2026-05-28T17:46:35.004Z</time>
			</trkpt>
			<trkpt lat="44.55389" lon="2.66494">
				<ele>325.76</ele>
				<time>2026-05-28T17:46:41.664Z</time>
			</trkpt>
			<trkpt lat="44.55404" lon="2.66489">
				<ele>326.89</ele>
				<time>2026-05-28T17:46:42.800Z</time>
			</trkpt>
			<trkpt lat="44.55445" lon="2.66483">
				<ele>325.79</ele>
				<time>2026-05-28T17:46:45.829Z</time>
			</trkpt>
			<trkpt lat="44.55465" lon="2.66476">
				<ele>327.02</ele>
				<time>2026-05-28T17:46:47.339Z</time>
			</trkpt>
			<trkpt lat="44.55505" lon="2.66452">
				<ele>324.04</ele>
				<time>2026-05-28T17:46:50.516Z</time>
			</trkpt>
			<trkpt lat="44.55525" lon="2.66436">
				<ele>320.46</ele>
				<time>2026-05-28T17:46:52.192Z</time>
			</trkpt>
			<trkpt lat="44.55591" lon="2.66363">
				<ele>320.92</ele>
				<time>2026-05-28T17:46:58.275Z</time>
			</trkpt>
			<trkpt lat="44.55616" lon="2.66338">
				<ele>324.83</ele>
				<time>2026-05-28T17:47:00.484Z</time>
			</trkpt>
			<trkpt lat="44.55643" lon="2.66314">
				<ele>328.37</ele>
				<time>2026-05-28T17:47:02.778Z</time>
			</trkpt>
			<trkpt lat="44.55672" lon="2.66293">
				<ele>327.26</ele>
				<time>2026-05-28T17:47:05.112Z</time>
			</trkpt>
			<trkpt lat="44.55704" lon="2.66275">
				<ele>327.17</ele>
				<time>2026-05-28T17:47:07.569Z</time>
			</trkpt>
			<trkpt lat="44.55739" lon="2.66262">
				<ele>327.36</ele>
				<time>2026-05-28T17:47:10.141Z</time>
			</trkpt>
			<trkpt lat="44.55786" lon="2.6625">
				<ele>323.66</ele>
				<time>2026-05-28T17:47:13.521Z</time>
			</trkpt>
			<trkpt lat="44.55836" lon="2.6624">
				<ele>324.29</ele>
				<time>2026-05-28T17:47:17.077Z</time>
			</trkpt>
			<trkpt lat="44.55886" lon="2.66234">
				<ele>326.34</ele>
				<time>2026-05-28T17:47:20.593Z</time>
			</trkpt>
			<trkpt lat="44.55982" lon="2.66205">
				<ele>327.34</ele>
				<time>2026-05-28T17:47:27.424Z</time>
			</trkpt>
			<trkpt lat="44.56066" lon="2.66184">
				<ele>327.83</ele>
				<time>2026-05-28T17:47:33.307Z</time>
			</trkpt>
			<trkpt lat="44.56085" lon="2.6618">
				<ele>330.13</ele>
				<time>2026-05-28T17:47:34.625Z</time>
			</trkpt>
			<trkpt lat="44.56178" lon="2.66183">
				<ele>337.18</ele>
				<time>2026-05-28T17:47:40.974Z</time>
			</trkpt>
			<trkpt lat="44.5622" lon="2.6619">
				<ele>335.96</ele>
				<time>2026-05-28T17:47:43.842Z</time>
			</trkpt>
			<trkpt lat="44.56248" lon="2.66192">
				<ele>329.9</ele>
				<time>2026-05-28T17:47:45.737Z</time>
			</trkpt>
			<trkpt lat="44.56269" lon="2.66189">
				<ele>323.67</ele>
				<time>2026-05-28T17:47:47.160Z</time>
			</trkpt>
			<trkpt lat="44.56328" lon="2.66172">
				<ele>318.23</ele>
				<time>2026-05-28T17:47:51.207Z</time>
			</trkpt>
			<trkpt lat="44.56341" lon="2.66171">
				<ele>318.39</ele>
				<time>2026-05-28T17:47:52.078Z</time>
			</trkpt>
			<trkpt lat="44.56354" lon="2.66173">
				<ele>318.35</ele>
				<time>2026-05-28T17:47:52.953Z</time>
			</trkpt>
			<trkpt lat="44.56369" lon="2.6618">
				<ele>317.87</ele>
				<time>2026-05-28T17:47:54.009Z</time>
			</trkpt>
			<trkpt lat="44.56453" lon="2.66237">
				<ele>315.39</ele>
				<time>2026-05-28T17:48:00.208Z</time>
			</trkpt>
			<trkpt lat="44.56505" lon="2.66268">
				<ele>318.73</ele>
				<time>2026-05-28T17:48:03.937Z</time>
			</trkpt>
			<trkpt lat="44.56592" lon="2.66292">
				<ele>319.72</ele>
				<time>2026-05-28T17:48:09.750Z</time>
			</trkpt>
			<trkpt lat="44.56615" lon="2.66295">
				<ele>321.3</ele>
				<time>2026-05-28T17:48:11.257Z</time>
			</trkpt>
			<trkpt lat="44.56636" lon="2.66294">
				<ele>324.96</ele>
				<time>2026-05-28T17:48:12.625Z</time>
			</trkpt>
			<trkpt lat="44.56662" lon="2.66289">
				<ele>325.55</ele>
				<time>2026-05-28T17:48:14.330Z</time>
			</trkpt>
			<trkpt lat="44.56754" lon="2.66258">
				<ele>324.13</ele>
				<time>2026-05-28T17:48:20.445Z</time>
			</trkpt>
			<trkpt lat="44.56763" lon="2.6625">
				<ele>326.16</ele>
				<time>2026-05-28T17:48:21.131Z</time>
			</trkpt>
			<trkpt lat="44.56788" lon="2.66221">
				<ele>326.41</ele>
				<time>2026-05-28T17:48:23.213Z</time>
			</trkpt>
			<trkpt lat="44.56796" lon="2.66204">
				<ele>327.18</ele>
				<time>2026-05-28T17:48:24.143Z</time>
			</trkpt>
			<trkpt lat="44.56801" lon="2.66188">
				<ele>326.92</ele>
				<time>2026-05-28T17:48:24.940Z</time>
			</trkpt>
			<trkpt lat="44.56808" lon="2.66149">
				<ele>327.28</ele>
				<time>2026-05-28T17:48:26.770Z</time>
			</trkpt>
			<trkpt lat="44.56799" lon="2.6604">
				<ele>339.85</ele>
				<time>2026-05-28T17:48:31.742Z</time>
			</trkpt>
			<trkpt lat="44.56792" lon="2.66009">
				<ele>344.32</ele>
				<time>2026-05-28T17:48:33.209Z</time>
			</trkpt>
			<trkpt lat="44.56774" lon="2.65979">
				<ele>342.64</ele>
				<time>2026-05-28T17:48:34.975Z</time>
			</trkpt>
			<trkpt lat="44.5676" lon="2.65964">
				<ele>336.9</ele>
				<time>2026-05-28T17:48:36.086Z</time>
			</trkpt>
			<trkpt lat="44.56714" lon="2.65924">
				<ele>333.91</ele>
				<time>2026-05-28T17:48:39.488Z</time>
			</trkpt>
			<trkpt lat="44.56678" lon="2.65889">
				<ele>330.98</ele>
				<time>2026-05-28T17:48:42.230Z</time>
			</trkpt>
			<trkpt lat="44.56659" lon="2.65864">
				<ele>326.37</ele>
				<time>2026-05-28T17:48:43.856Z</time>
			</trkpt>
			<trkpt lat="44.56643" lon="2.65825">
				<ele>320.58</ele>
				<time>2026-05-28T17:48:45.854Z</time>
			</trkpt>
			<trkpt lat="44.56622" lon="2.65768">
				<ele>318.31</ele>
				<time>2026-05-28T17:48:48.692Z</time>
			</trkpt>
			<trkpt lat="44.5661" lon="2.65706">
				<ele>320.45</ele>
				<time>2026-05-28T17:48:51.524Z</time>
			</trkpt>
			<trkpt lat="44.56608" lon="2.6568">
				<ele>319.64</ele>
				<time>2026-05-28T17:48:52.673Z</time>
			</trkpt>
			<trkpt lat="44.56608" lon="2.6564">
				<ele>317.03</ele>
				<time>2026-05-28T17:48:54.428Z</time>
			</trkpt>
			<trkpt lat="44.56613" lon="2.65609">
				<ele>316.16</ele>
				<time>2026-05-28T17:48:55.820Z</time>
			</trkpt>
			<trkpt lat="44.56619" lon="2.65584">
				<ele>316.58</ele>
				<time>2026-05-28T17:48:56.973Z</time>
			</trkpt>
			<trkpt lat="44.56635" lon="2.65541">
				<ele>317.13</ele>
				<time>2026-05-28T17:48:59.089Z</time>
			</trkpt>
			<trkpt lat="44.56657" lon="2.65505">
				<ele>317.05</ele>
				<time>2026-05-28T17:49:01.153Z</time>
			</trkpt>
			<trkpt lat="44.56681" lon="2.65478">
				<ele>316.49</ele>
				<time>2026-05-28T17:49:03.026Z</time>
			</trkpt>
			<trkpt lat="44.56718" lon="2.65442">
				<ele>315.48</ele>
				<time>2026-05-28T17:49:05.760Z</time>
			</trkpt>
			<trkpt lat="44.56854" lon="2.65341">
				<ele>318.87</ele>
				<time>2026-05-28T17:49:15.033Z</time>
			</trkpt>
			<trkpt lat="44.56916" lon="2.65321">
				<ele>330.17</ele>
				<time>2026-05-28T17:49:18.836Z</time>
			</trkpt>
			<trkpt lat="44.5694" lon="2.65305">
				<ele>329.13</ele>
				<time>2026-05-28T17:49:20.419Z</time>
			</trkpt>
			<trkpt lat="44.57035" lon="2.65194">
				<ele>322.82</ele>
				<time>2026-05-28T17:49:27.742Z</time>
			</trkpt>
			<trkpt lat="44.57045" lon="2.65177">
				<ele>322.33</ele>
				<time>2026-05-28T17:49:28.668Z</time>
			</trkpt>
			<trkpt lat="44.57065" lon="2.65139">
				<ele>322.95</ele>
				<time>2026-05-28T17:49:30.649Z</time>
			</trkpt>
			<trkpt lat="44.57085" lon="2.65103">
				<ele>326.68</ele>
				<time>2026-05-28T17:49:32.559Z</time>
			</trkpt>
			<trkpt lat="44.57097" lon="2.65084">
				<ele>324.76</ele>
				<time>2026-05-28T17:49:33.619Z</time>
			</trkpt>
			<trkpt lat="44.57115" lon="2.6507">
				<ele>322.27</ele>
				<time>2026-05-28T17:49:34.824Z</time>
			</trkpt>
			<trkpt lat="44.57274" lon="2.65017">
				<ele>325.7</ele>
				<time>2026-05-28T17:49:44.329Z</time>
			</trkpt>
			<trkpt lat="44.57299" lon="2.65016">
				<ele>325.81</ele>
				<time>2026-05-28T17:49:45.775Z</time>
			</trkpt>
			<trkpt lat="44.57372" lon="2.65031">
				<ele>331.19</ele>
				<time>2026-05-28T17:49:50.025Z</time>
			</trkpt>
			<trkpt lat="44.57396" lon="2.6503">
				<ele>330.43</ele>
				<time>2026-05-28T17:49:51.404Z</time>
			</trkpt>
			<trkpt lat="44.57457" lon="2.65012">
				<ele>330.76</ele>
				<time>2026-05-28T17:49:54.974Z</time>
			</trkpt>
			<trkpt lat="44.57505" lon="2.65006">
				<ele>333.56</ele>
				<time>2026-05-28T17:49:57.724Z</time>
			</trkpt>
			<trkpt lat="44.57611" lon="2.64977">
				<ele>333.1</ele>
				<time>2026-05-28T17:50:03.858Z</time>
			</trkpt>
			<trkpt lat="44.57622" lon="2.64972">
				<ele>334.01</ele>
				<time>2026-05-28T17:50:04.512Z</time>
			</trkpt>
			<trkpt lat="44.57634" lon="2.64962">
				<ele>335.16</ele>
				<time>2026-05-28T17:50:05.301Z</time>
			</trkpt>
			<trkpt lat="44.57646" lon="2.64944">
				<ele>334.31</ele>
				<time>2026-05-28T17:50:06.294Z</time>
			</trkpt>
			<trkpt lat="44.57679" lon="2.64862">
				<ele>323.43</ele>
				<time>2026-05-28T17:50:10.074Z</time>
			</trkpt>
			<trkpt lat="44.57726" lon="2.64698">
				<ele>323.02</ele>
				<time>2026-05-28T17:50:17.131Z</time>
			</trkpt>
			<trkpt lat="44.57753" lon="2.64625">
				<ele>327.32</ele>
				<time>2026-05-28T17:50:20.398Z</time>
			</trkpt>
			<trkpt lat="44.57761" lon="2.64585">
				<ele>329.2</ele>
				<time>2026-05-28T17:50:22.044Z</time>
			</trkpt>
			<trkpt lat="44.57783" lon="2.64382">
				<ele>329.93</ele>
				<time>2026-05-28T17:50:30.142Z</time>
			</trkpt>
			<trkpt lat="44.57783" lon="2.64359">
				<ele>332.6</ele>
				<time>2026-05-28T17:50:31.045Z</time>
			</trkpt>
			<trkpt lat="44.57772" lon="2.64202">
				<ele>336.51</ele>
				<time>2026-05-28T17:50:37.221Z</time>
			</trkpt>
			<trkpt lat="44.57773" lon="2.64178">
				<ele>336.48</ele>
				<time>2026-05-28T17:50:38.159Z</time>
			</trkpt>
			<trkpt lat="44.57778" lon="2.64134">
				<ele>334.24</ele>
				<time>2026-05-28T17:50:39.896Z</time>
			</trkpt>
			<trkpt lat="44.57783" lon="2.6411">
				<ele>329.61</ele>
				<time>2026-05-28T17:50:40.869Z</time>
			</trkpt>
			<trkpt lat="44.57789" lon="2.64088">
				<ele>329.77</ele>
				<time>2026-05-28T17:50:41.786Z</time>
			</trkpt>
			<trkpt lat="44.5785" lon="2.63929">
				<ele>322.92</ele>
				<time>2026-05-28T17:50:48.788Z</time>
			</trkpt>
			<trkpt lat="44.57859" lon="2.63914">
				<ele>320.73</ele>
				<time>2026-05-28T17:50:49.546Z</time>
			</trkpt>
			<trkpt lat="44.57885" lon="2.63879">
				<ele>328.18</ele>
				<time>2026-05-28T17:50:51.499Z</time>
			</trkpt>
			<trkpt lat="44.57904" lon="2.63826">
				<ele>316.76</ele>
				<time>2026-05-28T17:50:53.786Z</time>
			</trkpt>
			<trkpt lat="44.57912" lon="2.6381">
				<ele>315.86</ele>
				<time>2026-05-28T17:50:54.538Z</time>
			</trkpt>
			<trkpt lat="44.57947" lon="2.63759">
				<ele>311.8</ele>
				<time>2026-05-28T17:50:57.261Z</time>
			</trkpt>
			<trkpt lat="44.57956" lon="2.63748">
				<ele>311.89</ele>
				<time>2026-05-28T17:50:57.905Z</time>
			</trkpt>
			<trkpt lat="44.57966" lon="2.6374">
				<ele>312.57</ele>
				<time>2026-05-28T17:50:58.525Z</time>
			</trkpt>
			<trkpt lat="44.57977" lon="2.63734">
				<ele>314.45</ele>
				<time>2026-05-28T17:50:59.161Z</time>
			</trkpt>
			<trkpt lat="44.58012" lon="2.63725">
				<ele>316.92</ele>
				<time>2026-05-28T17:51:01.076Z</time>
			</trkpt>
			<trkpt lat="44.58061" lon="2.63716">
				<ele>308.47</ele>
				<time>2026-05-28T17:51:03.731Z</time>
			</trkpt>
			<trkpt lat="44.5807" lon="2.63712">
				<ele>313.27</ele>
				<time>2026-05-28T17:51:04.238Z</time>
			</trkpt>
			<trkpt lat="44.58088" lon="2.637">
				<ele>320.44</ele>
				<time>2026-05-28T17:51:05.306Z</time>
			</trkpt>
			<trkpt lat="44.581" lon="2.63689">
				<ele>323.21</ele>
				<time>2026-05-28T17:51:06.075Z</time>
			</trkpt>
			<trkpt lat="44.58131" lon="2.63647">
				<ele>308.95</ele>
				<time>2026-05-28T17:51:08.382Z</time>
			</trkpt>
			<trkpt lat="44.5817" lon="2.63608">
				<ele>311.16</ele>
				<time>2026-05-28T17:51:10.942Z</time>
			</trkpt>
			<trkpt lat="44.58186" lon="2.63589">
				<ele>308.78</ele>
				<time>2026-05-28T17:51:12.061Z</time>
			</trkpt>
			<trkpt lat="44.58232" lon="2.63515">
				<ele>308.08</ele>
				<time>2026-05-28T17:51:15.791Z</time>
			</trkpt>
			<trkpt lat="44.58259" lon="2.63443">
				<ele>296.59</ele>
				<time>2026-05-28T17:51:18.875Z</time>
			</trkpt>
			<trkpt lat="44.58308" lon="2.63338">
				<ele>313.92</ele>
				<time>2026-05-28T17:51:23.623Z</time>
			</trkpt>
			<trkpt lat="44.58313" lon="2.63323">
				<ele>312.51</ele>
				<time>2026-05-28T17:51:24.248Z</time>
			</trkpt>
			<trkpt lat="44.58317" lon="2.63285">
				<ele>302.86</ele>
				<time>2026-05-28T17:51:25.698Z</time>
			</trkpt>
			<trkpt lat="44.58327" lon="2.63231">
				<ele>298.92</ele>
				<time>2026-05-28T17:51:27.802Z</time>
			</trkpt>
			<trkpt lat="44.58338" lon="2.63152">
				<ele>300.95</ele>
				<time>2026-05-28T17:51:30.833Z</time>
			</trkpt>
			<trkpt lat="44.58339" lon="2.63139">
				<ele>303.38</ele>
				<time>2026-05-28T17:51:31.325Z</time>
			</trkpt>
			<trkpt lat="44.58337" lon="2.63101">
				<ele>297.69</ele>
				<time>2026-05-28T17:51:32.758Z</time>
			</trkpt>
			<trkpt lat="44.5834" lon="2.63074">
				<ele>295.35</ele>
				<time>2026-05-28T17:51:33.785Z</time>
			</trkpt>
			<trkpt lat="44.58353" lon="2.63013">
				<ele>296.61</ele>
				<time>2026-05-28T17:51:36.177Z</time>
			</trkpt>
			<trkpt lat="44.5836" lon="2.62996">
				<ele>296.57</ele>
				<time>2026-05-28T17:51:36.914Z</time>
			</trkpt>
			<trkpt lat="44.58375" lon="2.62973">
				<ele>295.86</ele>
				<time>2026-05-28T17:51:38.084Z</time>
			</trkpt>
			<trkpt lat="44.58385" lon="2.62964">
				<ele>297.3</ele>
				<time>2026-05-28T17:51:38.709Z</time>
			</trkpt>
			<trkpt lat="44.58461" lon="2.62913">
				<ele>296.15</ele>
				<time>2026-05-28T17:51:43.140Z</time>
			</trkpt>
			<trkpt lat="44.5856" lon="2.62858">
				<ele>310.2</ele>
				<time>2026-05-28T17:51:48.730Z</time>
			</trkpt>
			<trkpt lat="44.58661" lon="2.62786">
				<ele>292.38</ele>
				<time>2026-05-28T17:51:54.667Z</time>
			</trkpt>
			<trkpt lat="44.58921" lon="2.62639">
				<ele>288.94</ele>
				<time>2026-05-28T17:52:09.319Z</time>
			</trkpt>
			<trkpt lat="44.58977" lon="2.62604">
				<ele>299.88</ele>
				<time>2026-05-28T17:52:12.518Z</time>
			</trkpt>
			<trkpt lat="44.59005" lon="2.62576">
				<ele>300.94</ele>
				<time>2026-05-28T17:52:14.312Z</time>
			</trkpt>
			<trkpt lat="44.59038" lon="2.6253">
				<ele>293.06</ele>
				<time>2026-05-28T17:52:16.737Z</time>
			</trkpt>
			<trkpt lat="44.59138" lon="2.62401">
				<ele>286.82</ele>
				<time>2026-05-28T17:52:23.819Z</time>
			</trkpt>
			<trkpt lat="44.59206" lon="2.62324">
				<ele>283.74</ele>
				<time>2026-05-28T17:52:28.375Z</time>
			</trkpt>
			<trkpt lat="44.59236" lon="2.62301">
				<ele>283.65</ele>
				<time>2026-05-28T17:52:30.157Z</time>
			</trkpt>
			<trkpt lat="44.59263" lon="2.62291">
				<ele>290.89</ele>
				<time>2026-05-28T17:52:31.614Z</time>
			</trkpt>
			<trkpt lat="44.5928" lon="2.62278">
				<ele>291.21</ele>
				<time>2026-05-28T17:52:32.623Z</time>
			</trkpt>
			<trkpt lat="44.5931" lon="2.62251">
				<ele>288.32</ele>
				<time>2026-05-28T17:52:34.482Z</time>
			</trkpt>
			<trkpt lat="44.59354" lon="2.62207">
				<ele>288.05</ele>
				<time>2026-05-28T17:52:37.301Z</time>
			</trkpt>
			<trkpt lat="44.59395" lon="2.62161">
				<ele>287.03</ele>
				<time>2026-05-28T17:52:40.040Z</time>
			</trkpt>
			<trkpt lat="44.59409" lon="2.62141">
				<ele>287.87</ele>
				<time>2026-05-28T17:52:41.082Z</time>
			</trkpt>
			<trkpt lat="44.5942" lon="2.62113">
				<ele>286.17</ele>
				<time>2026-05-28T17:52:42.271Z</time>
			</trkpt>
			<trkpt lat="44.59426" lon="2.62086">
				<ele>284.36</ele>
				<time>2026-05-28T17:52:43.323Z</time>
			</trkpt>
			<trkpt lat="44.59429" lon="2.62058">
				<ele>279.8</ele>
				<time>2026-05-28T17:52:44.376Z</time>
			</trkpt>
			<trkpt lat="44.59453" lon="2.61975">
				<ele>275.67</ele>
				<time>2026-05-28T17:52:47.710Z</time>
			</trkpt>
			<trkpt lat="44.59574" lon="2.6176">
				<ele>281.94</ele>
				<time>2026-05-28T17:52:57.923Z</time>
			</trkpt>
			<trkpt lat="44.59594" lon="2.61707">
				<ele>281.75</ele>
				<time>2026-05-28T17:53:00.162Z</time>
			</trkpt>
			<trkpt lat="44.59618" lon="2.61658">
				<ele>277.22</ele>
				<time>2026-05-28T17:53:02.384Z</time>
			</trkpt>
			<trkpt lat="44.59644" lon="2.61626">
				<ele>278.88</ele>
				<time>2026-05-28T17:53:04.199Z</time>
			</trkpt>
			<trkpt lat="44.59662" lon="2.61595">
				<ele>275.91</ele>
				<time>2026-05-28T17:53:05.695Z</time>
			</trkpt>
			<trkpt lat="44.59714" lon="2.61515">
				<ele>272.71</ele>
				<time>2026-05-28T17:53:09.751Z</time>
			</trkpt>
			<trkpt lat="44.59819" lon="2.61372">
				<ele>277.41</ele>
				<time>2026-05-28T17:53:17.461Z</time>
			</trkpt>
			<trkpt lat="44.59844" lon="2.6132">
				<ele>268.52</ele>
				<time>2026-05-28T17:53:19.821Z</time>
			</trkpt>
			<trkpt lat="44.59875" lon="2.61285">
				<ele>269.64</ele>
				<time>2026-05-28T17:53:21.925Z</time>
			</trkpt>
			<trkpt lat="44.59903" lon="2.61271">
				<ele>276.79</ele>
				<time>2026-05-28T17:53:23.498Z</time>
			</trkpt>
			<trkpt lat="44.59931" lon="2.61243">
				<ele>269.48</ele>
				<time>2026-05-28T17:53:25.319Z</time>
			</trkpt>
			<trkpt lat="44.59947" lon="2.61237">
				<ele>267.02</ele>
				<time>2026-05-28T17:53:26.197Z</time>
			</trkpt>
			<trkpt lat="44.5997" lon="2.61238">
				<ele>264.84</ele>
				<time>2026-05-28T17:53:27.418Z</time>
			</trkpt>
			<trkpt lat="44.60034" lon="2.6125">
				<ele>267.17</ele>
				<time>2026-05-28T17:53:30.848Z</time>
			</trkpt>
			<trkpt lat="44.6008" lon="2.61239">
				<ele>274.87</ele>
				<time>2026-05-28T17:53:33.331Z</time>
			</trkpt>
			<trkpt lat="44.60117" lon="2.61235">
				<ele>275.5</ele>
				<time>2026-05-28T17:53:35.308Z</time>
			</trkpt>
			<trkpt lat="44.6019" lon="2.61251">
				<ele>271.04</ele>
				<time>2026-05-28T17:53:39.252Z</time>
			</trkpt>
			<trkpt lat="44.60242" lon="2.6128">
				<ele>277.4</ele>
				<time>2026-05-28T17:53:42.245Z</time>
			</trkpt>
			<trkpt lat="44.6034" lon="2.61273">
				<ele>269.07</ele>
				<time>2026-05-28T17:53:47.509Z</time>
			</trkpt>
			<trkpt lat="44.60401" lon="2.61291">
				<ele>269.45</ele>
				<time>2026-05-28T17:53:50.863Z</time>
			</trkpt>
			<trkpt lat="44.60421" lon="2.61294">
				<ele>262.63</ele>
				<time>2026-05-28T17:53:51.947Z</time>
			</trkpt>
			<trkpt lat="44.60438" lon="2.61288">
				<ele>256.67</ele>
				<time>2026-05-28T17:53:52.892Z</time>
			</trkpt>
			<trkpt lat="44.60472" lon="2.61263">
				<ele>256.53</ele>
				<time>2026-05-28T17:53:54.964Z</time>
			</trkpt>
			<trkpt lat="44.60483" lon="2.61254">
				<ele>258.43</ele>
				<time>2026-05-28T17:53:55.652Z</time>
			</trkpt>
			<trkpt lat="44.60502" lon="2.61223">
				<ele>261.28</ele>
				<time>2026-05-28T17:53:57.228Z</time>
			</trkpt>
			<trkpt lat="44.6051" lon="2.61195">
				<ele>264.26</ele>
				<time>2026-05-28T17:53:58.391Z</time>
			</trkpt>
			<trkpt lat="44.60514" lon="2.61158">
				<ele>264.41</ele>
				<time>2026-05-28T17:53:59.835Z</time>
			</trkpt>
			<trkpt lat="44.60508" lon="2.61042">
				<ele>257.41</ele>
				<time>2026-05-28T17:54:04.335Z</time>
			</trkpt>
			<trkpt lat="44.60514" lon="2.60958">
				<ele>255.95</ele>
				<time>2026-05-28T17:54:07.611Z</time>
			</trkpt>
			<trkpt lat="44.60522" lon="2.60895">
				<ele>254.71</ele>
				<time>2026-05-28T17:54:10.101Z</time>
			</trkpt>
			<trkpt lat="44.60534" lon="2.60831">
				<ele>255.72</ele>
				<time>2026-05-28T17:54:12.681Z</time>
			</trkpt>
			<trkpt lat="44.60549" lon="2.60782">
				<ele>255.09</ele>
				<time>2026-05-28T17:54:14.765Z</time>
			</trkpt>
			<trkpt lat="44.60572" lon="2.60727">
				<ele>254.84</ele>
				<time>2026-05-28T17:54:17.262Z</time>
			</trkpt>
			<trkpt lat="44.60609" lon="2.6067">
				<ele>259.71</ele>
				<time>2026-05-28T17:54:20.289Z</time>
			</trkpt>
			<trkpt lat="44.60636" lon="2.60581">
				<ele>264.95</ele>
				<time>2026-05-28T17:54:24.098Z</time>
			</trkpt>
			<trkpt lat="44.60647" lon="2.60522">
				<ele>254.76</ele>
				<time>2026-05-28T17:54:26.506Z</time>
			</trkpt>
			<trkpt lat="44.60648" lon="2.60419">
				<ele>249.77</ele>
				<time>2026-05-28T17:54:30.586Z</time>
			</trkpt>
			<trkpt lat="44.60658" lon="2.60358">
				<ele>248.83</ele>
				<time>2026-05-28T17:54:33.073Z</time>
			</trkpt>
			<trkpt lat="44.60662" lon="2.60342">
				<ele>249.34</ele>
				<time>2026-05-28T17:54:33.748Z</time>
			</trkpt>
			<trkpt lat="44.6068" lon="2.603">
				<ele>250.44</ele>
				<time>2026-05-28T17:54:35.701Z</time>
			</trkpt>
			<trkpt lat="44.607" lon="2.60268">
				<ele>248.21</ele>
				<time>2026-05-28T17:54:37.401Z</time>
			</trkpt>
			<trkpt lat="44.60768" lon="2.60188">
				<ele>257.33</ele>
				<time>2026-05-28T17:54:42.392Z</time>
			</trkpt>
			<trkpt lat="44.60788" lon="2.60156">
				<ele>255.27</ele>
				<time>2026-05-28T17:54:44.104Z</time>
			</trkpt>
			<trkpt lat="44.60806" lon="2.60116">
				<ele>255.29</ele>
				<time>2026-05-28T17:54:46.010Z</time>
			</trkpt>
			<trkpt lat="44.60848" lon="2.59989">
				<ele>258.94</ele>
				<time>2026-05-28T17:54:51.673Z</time>
			</trkpt>
			<trkpt lat="44.60864" lon="2.59953">
				<ele>251.71</ele>
				<time>2026-05-28T17:54:53.396Z</time>
			</trkpt>
			<trkpt lat="44.60897" lon="2.59909">
				<ele>249.03</ele>
				<time>2026-05-28T17:54:55.997Z</time>
			</trkpt>
			<trkpt lat="44.60927" lon="2.59879">
				<ele>253.39</ele>
				<time>2026-05-28T17:54:58.107Z</time>
			</trkpt>
			<trkpt lat="44.6096" lon="2.59855">
				<ele>255.86</ele>
				<time>2026-05-28T17:55:00.242Z</time>
			</trkpt>
			<trkpt lat="44.61074" lon="2.59807">
				<ele>256.8</ele>
				<time>2026-05-28T17:55:07.114Z</time>
			</trkpt>
			<trkpt lat="44.61133" lon="2.59778">
				<ele>260.85</ele>
				<time>2026-05-28T17:55:10.745Z</time>
			</trkpt>
			<trkpt lat="44.61159" lon="2.59759">
				<ele>261.45</ele>
				<time>2026-05-28T17:55:12.453Z</time>
			</trkpt>
			<trkpt lat="44.61188" lon="2.59729">
				<ele>258.38</ele>
				<time>2026-05-28T17:55:14.557Z</time>
			</trkpt>
			<trkpt lat="44.61278" lon="2.59581">
				<ele>254.01</ele>
				<time>2026-05-28T17:55:22.699Z</time>
			</trkpt>
			<trkpt lat="44.61389" lon="2.59456">
				<ele>258.08</ele>
				<time>2026-05-28T17:55:31.143Z</time>
			</trkpt>
			<trkpt lat="44.61479" lon="2.5939">
				<ele>252.95</ele>
				<time>2026-05-28T17:55:37.224Z</time>
			</trkpt>
			<trkpt lat="44.6156" lon="2.59348">
				<ele>248.93</ele>
				<time>2026-05-28T17:55:42.431Z</time>
			</trkpt>
			<trkpt lat="44.61705" lon="2.59299">
				<ele>251.16</ele>
				<time>2026-05-28T17:55:51.509Z</time>
			</trkpt>
			<trkpt lat="44.61759" lon="2.59271">
				<ele>252.82</ele>
				<time>2026-05-28T17:55:55.041Z</time>
			</trkpt>
			<trkpt lat="44.61811" lon="2.59231">
				<ele>253.25</ele>
				<time>2026-05-28T17:55:58.696Z</time>
			</trkpt>
			<trkpt lat="44.61861" lon="2.5919">
				<ele>257.01</ele>
				<time>2026-05-28T17:56:02.282Z</time>
			</trkpt>
			<trkpt lat="44.61886" lon="2.59155">
				<ele>253.24</ele>
				<time>2026-05-28T17:56:04.477Z</time>
			</trkpt>
			<trkpt lat="44.61903" lon="2.59117">
				<ele>250.69</ele>
				<time>2026-05-28T17:56:06.469Z</time>
			</trkpt>
			<trkpt lat="44.61917" lon="2.59078">
				<ele>251.28</ele>
				<time>2026-05-28T17:56:08.412Z</time>
			</trkpt>
			<trkpt lat="44.61922" lon="2.58987">
				<ele>254.38</ele>
				<time>2026-05-28T17:56:12.490Z</time>
			</trkpt>
			<trkpt lat="44.61923" lon="2.58932">
				<ele>271.47</ele>
				<time>2026-05-28T17:56:14.959Z</time>
			</trkpt>
			<trkpt lat="44.61914" lon="2.58874">
				<ele>266.57</ele>
				<time>2026-05-28T17:56:17.632Z</time>
			</trkpt>
			<trkpt lat="44.61883" lon="2.58783">
				<ele>256.69</ele>
				<time>2026-05-28T17:56:22.196Z</time>
			</trkpt>
			<trkpt lat="44.61873" lon="2.58731">
				<ele>257.95</ele>
				<time>2026-05-28T17:56:24.645Z</time>
			</trkpt>
			<trkpt lat="44.61872" lon="2.58678">
				<ele>254.32</ele>
				<time>2026-05-28T17:56:27.063Z</time>
			</trkpt>
			<trkpt lat="44.61883" lon="2.58545">
				<ele>253.65</ele>
				<time>2026-05-28T17:56:33.205Z</time>
			</trkpt>
			<trkpt lat="44.61898" lon="2.58397">
				<ele>253.69</ele>
				<time>2026-05-28T17:56:40.124Z</time>
			</trkpt>
			<trkpt lat="44.61908" lon="2.58316">
				<ele>247.78</ele>
				<time>2026-05-28T17:56:43.957Z</time>
			</trkpt>
			<trkpt lat="44.61922" lon="2.58268">
				<ele>244.97</ele>
				<time>2026-05-28T17:56:46.386Z</time>
			</trkpt>
			<trkpt lat="44.61941" lon="2.58237">
				<ele>246.36</ele>
				<time>2026-05-28T17:56:48.308Z</time>
			</trkpt>
			<trkpt lat="44.61963" lon="2.58217">
				<ele>247.77</ele>
				<time>2026-05-28T17:56:50.041Z</time>
			</trkpt>
			<trkpt lat="44.61991" lon="2.58209">
				<ele>253.53</ele>
				<time>2026-05-28T17:56:51.936Z</time>
			</trkpt>
			<trkpt lat="44.62161" lon="2.5822">
				<ele>255.88</ele>
				<time>2026-05-28T17:57:03.325Z</time>
			</trkpt>
			<trkpt lat="44.62259" lon="2.58219">
				<ele>253.38</ele>
				<time>2026-05-28T17:57:09.966Z</time>
			</trkpt>
			<trkpt lat="44.62359" lon="2.58229">
				<ele>258.72</ele>
				<time>2026-05-28T17:57:16.823Z</time>
			</trkpt>
			<trkpt lat="44.62384" lon="2.58224">
				<ele>255.23</ele>
				<time>2026-05-28T17:57:18.560Z</time>
			</trkpt>
			<trkpt lat="44.62405" lon="2.58215">
				<ele>254.34</ele>
				<time>2026-05-28T17:57:20.074Z</time>
			</trkpt>
			<trkpt lat="44.62517" lon="2.58153">
				<ele>246.28</ele>
				<time>2026-05-28T17:57:28.433Z</time>
			</trkpt>
			<trkpt lat="44.6256" lon="2.58118">
				<ele>245.74</ele>
				<time>2026-05-28T17:57:31.912Z</time>
			</trkpt>
			<trkpt lat="44.62593" lon="2.58076">
				<ele>250.26</ele>
				<time>2026-05-28T17:57:35.044Z</time>
			</trkpt>
			<trkpt lat="44.62621" lon="2.5803">
				<ele>247.31</ele>
				<time>2026-05-28T17:57:38.086Z</time>
			</trkpt>
			<trkpt lat="44.62677" lon="2.57923">
				<ele>244.37</ele>
				<time>2026-05-28T17:57:44.808Z</time>
			</trkpt>
			<trkpt lat="44.62699" lon="2.57886">
				<ele>243.32</ele>
				<time>2026-05-28T17:57:47.264Z</time>
			</trkpt>
			<trkpt lat="44.62724" lon="2.57854">
				<ele>247.48</ele>
				<time>2026-05-28T17:57:49.692Z</time>
			</trkpt>
			<trkpt lat="44.62781" lon="2.57805">
				<ele>255.99</ele>
				<time>2026-05-28T17:57:54.514Z</time>
			</trkpt>
			<trkpt lat="44.62801" lon="2.57779">
				<ele>255.06</ele>
				<time>2026-05-28T17:57:56.490Z</time>
			</trkpt>
			<trkpt lat="44.62824" lon="2.57737">
				<ele>256.37</ele>
				<time>2026-05-28T17:57:59.234Z</time>
			</trkpt>
			<trkpt lat="44.62854" lon="2.57675">
				<ele>255.15</ele>
				<time>2026-05-28T17:58:03.133Z</time>
			</trkpt>
			<trkpt lat="44.62875" lon="2.57636">
				<ele>256.3</ele>
				<time>2026-05-28T17:58:05.687Z</time>
			</trkpt>
			<trkpt lat="44.62901" lon="2.57596">
				<ele>251.98</ele>
				<time>2026-05-28T17:58:08.528Z</time>
			</trkpt>
			<trkpt lat="44.62925" lon="2.57572">
				<ele>250.55</ele>
				<time>2026-05-28T17:58:10.706Z</time>
			</trkpt>
			<trkpt lat="44.6295" lon="2.57559">
				<ele>251.75</ele>
				<time>2026-05-28T17:58:12.682Z</time>
			</trkpt>
			<trkpt lat="44.62993" lon="2.57552">
				<ele>252.72</ele>
				<time>2026-05-28T17:58:15.903Z</time>
			</trkpt>
			<trkpt lat="44.63028" lon="2.57556">
				<ele>250.63</ele>
				<time>2026-05-28T17:58:18.526Z</time>
			</trkpt>
			<trkpt lat="44.63056" lon="2.57568">
				<ele>248.61</ele>
				<time>2026-05-28T17:58:20.720Z</time>
			</trkpt>
			<trkpt lat="44.63086" lon="2.57596">
				<ele>245.15</ele>
				<time>2026-05-28T17:58:23.429Z</time>
			</trkpt>
			<trkpt lat="44.63133" lon="2.57651">
				<ele>240.6</ele>
				<time>2026-05-28T17:58:28.051Z</time>
			</trkpt>
			<trkpt lat="44.63168" lon="2.57683">
				<ele>239.02</ele>
				<time>2026-05-28T17:58:31.224Z</time>
			</trkpt>
			<trkpt lat="44.63234" lon="2.57732">
				<ele>244.88</ele>
				<time>2026-05-28T17:58:36.930Z</time>
			</trkpt>
			<trkpt lat="44.63282" lon="2.57756">
				<ele>243.66</ele>
				<time>2026-05-28T17:58:40.850Z</time>
			</trkpt>
			<trkpt lat="44.6331" lon="2.57765">
				<ele>246.52</ele>
				<time>2026-05-28T17:58:43.069Z</time>
			</trkpt>
			<trkpt lat="44.63345" lon="2.57771">
				<ele>257.68</ele>
				<time>2026-05-28T17:58:45.802Z</time>
			</trkpt>
			<trkpt lat="44.6338" lon="2.57771">
				<ele>259.07</ele>
				<time>2026-05-28T17:58:48.525Z</time>
			</trkpt>
			<trkpt lat="44.63405" lon="2.57765">
				<ele>252.69</ele>
				<time>2026-05-28T17:58:50.505Z</time>
			</trkpt>
			<trkpt lat="44.63432" lon="2.5775">
				<ele>249.95</ele>
				<time>2026-05-28T17:58:52.777Z</time>
			</trkpt>
			<trkpt lat="44.6347" lon="2.5772">
				<ele>250.6</ele>
				<time>2026-05-28T17:58:56.202Z</time>
			</trkpt>
			<trkpt lat="44.63497" lon="2.57695">
				<ele>253.07</ele>
				<time>2026-05-28T17:58:58.753Z</time>
			</trkpt>
			<trkpt lat="44.63545" lon="2.5762">
				<ele>248.59</ele>
				<time>2026-05-28T17:59:04.446Z</time>
			</trkpt>
			<trkpt lat="44.63565" lon="2.57579">
				<ele>244.52</ele>
				<time>2026-05-28T17:59:07.268Z</time>
			</trkpt>
			<trkpt lat="44.63583" lon="2.57531">
				<ele>247.46</ele>
				<time>2026-05-28T17:59:10.360Z</time>
			</trkpt>
			<trkpt lat="44.63603" lon="2.57457">
				<ele>240.17</ele>
				<time>2026-05-28T17:59:14.894Z</time>
			</trkpt>
			<trkpt lat="44.63647" lon="2.57326">
				<ele>245.91</ele>
				<time>2026-05-28T17:59:23.262Z</time>
			</trkpt>
			<trkpt lat="44.63687" lon="2.57176">
				<ele>233.5</ele>
				<time>2026-05-28T17:59:32.623Z</time>
			</trkpt>
			<trkpt lat="44.63691" lon="2.57142">
				<ele>230.77</ele>
				<time>2026-05-28T17:59:34.652Z</time>
			</trkpt>
			<trkpt lat="44.63695" lon="2.57068">
				<ele>230.6</ele>
				<time>2026-05-28T17:59:39.040Z</time>
			</trkpt>
			<trkpt lat="44.63704" lon="2.57035">
				<ele>232</ele>
				<time>2026-05-28T17:59:41.138Z</time>
			</trkpt>
			<trkpt lat="44.63716" lon="2.57016">
				<ele>233.22</ele>
				<time>2026-05-28T17:59:42.650Z</time>
			</trkpt>
			<trkpt lat="44.63732" lon="2.57004">
				<ele>233.15</ele>
				<time>2026-05-28T17:59:44.169Z</time>
			</trkpt>
			<trkpt lat="44.63746" lon="2.57001">
				<ele>232.26</ele>
				<time>2026-05-28T17:59:45.358Z</time>
			</trkpt>
			<trkpt lat="44.63761" lon="2.57002">
				<ele>231.22</ele>
				<time>2026-05-28T17:59:46.620Z</time>
			</trkpt>
			<trkpt lat="44.63775" lon="2.5701">
				<ele>230.5</ele>
				<time>2026-05-28T17:59:47.893Z</time>
			</trkpt>
			<trkpt lat="44.63784" lon="2.5702">
				<ele>231.24</ele>
				<time>2026-05-28T17:59:48.861Z</time>
			</trkpt>
			<trkpt lat="44.63845" lon="2.57102">
				<ele>232.12</ele>
				<time>2026-05-28T17:59:56.016Z</time>
			</trkpt>
			<trkpt lat="44.63861" lon="2.5712">
				<ele>233.67</ele>
				<time>2026-05-28T17:59:57.763Z</time>
			</trkpt>
			<trkpt lat="44.63883" lon="2.57131">
				<ele>234.28</ele>
				<time>2026-05-28T17:59:59.759Z</time>
			</trkpt>
			<trkpt lat="44.63896" lon="2.57133">
				<ele>235</ele>
				<time>2026-05-28T18:00:00.878Z</time>
			</trkpt>
			<trkpt lat="44.6391" lon="2.57133">
				<ele>235.93</ele>
				<time>2026-05-28T18:00:02.079Z</time>
			</trkpt>
			<trkpt lat="44.63938" lon="2.57118">
				<ele>237.32</ele>
				<time>2026-05-28T18:00:04.655Z</time>
			</trkpt>
			<trkpt lat="44.63975" lon="2.57093">
				<ele>240.41</ele>
				<time>2026-05-28T18:00:08.197Z</time>
			</trkpt>
			<trkpt lat="44.63988" lon="2.57087">
				<ele>239.89</ele>
				<time>2026-05-28T18:00:09.381Z</time>
			</trkpt>
			<trkpt lat="44.64029" lon="2.57077">
				<ele>239.92</ele>
				<time>2026-05-28T18:00:12.993Z</time>
			</trkpt>
			<trkpt lat="44.64049" lon="2.5707">
				<ele>240.62</ele>
				<time>2026-05-28T18:00:14.789Z</time>
			</trkpt>
			<trkpt lat="44.64068" lon="2.57058">
				<ele>239.19</ele>
				<time>2026-05-28T18:00:16.607Z</time>
			</trkpt>
			<trkpt lat="44.64079" lon="2.57046">
				<ele>237.68</ele>
				<time>2026-05-28T18:00:17.825Z</time>
			</trkpt>
			<trkpt lat="44.64115" lon="2.57001">
				<ele>235.22</ele>
				<time>2026-05-28T18:00:22.053Z</time>
			</trkpt>
			<trkpt lat="44.6415" lon="2.56968">
				<ele>232.61</ele>
				<time>2026-05-28T18:00:25.770Z</time>
			</trkpt>
			<trkpt lat="44.64165" lon="2.56955">
				<ele>231.16</ele>
				<time>2026-05-28T18:00:27.330Z</time>
			</trkpt>
			<trkpt lat="44.64194" lon="2.56918">
				<ele>230.11</ele>
				<time>2026-05-28T18:00:30.806Z</time>
			</trkpt>
			<trkpt lat="44.64346" lon="2.56681">
				<ele>231</ele>
				<time>2026-05-28T18:00:51.254Z</time>
			</trkpt>
			<trkpt lat="44.64378" lon="2.5661">
				<ele>230.63</ele>
				<time>2026-05-28T18:00:56.726Z</time>
			</trkpt>
			<trkpt lat="44.64393" lon="2.56565">
				<ele>231.17</ele>
				<time>2026-05-28T18:00:59.978Z</time>
			</trkpt>
			<trkpt lat="44.64398" lon="2.5656">
				<ele>231.35</ele>
				<time>2026-05-28T18:01:00.544Z</time>
			</trkpt>
			<trkpt lat="44.644" lon="2.56552">
				<ele>231.35</ele>
				<time>2026-05-28T18:01:01.101Z</time>
			</trkpt>
			<trkpt lat="44.64403" lon="2.5655">
				<ele>231.43</ele>
				<time>2026-05-28T18:01:01.407Z</time>
			</trkpt>
			<trkpt lat="44.64407" lon="2.56552">
				<ele>231.67</ele>
				<time>2026-05-28T18:01:01.799Z</time>
			</trkpt>
			<trkpt lat="44.64417" lon="2.56565">
				<ele>232.03</ele>
				<time>2026-05-28T18:01:03.058Z</time>
			</trkpt>
			<trkpt lat="44.64421" lon="2.56569">
				<ele>232.28</ele>
				<time>2026-05-28T18:01:03.513Z</time>
			</trkpt>
			<trkpt lat="44.64429" lon="2.56569">
				<ele>232.68</ele>
				<time>2026-05-28T18:01:04.253Z</time>
			</trkpt>
			<trkpt lat="44.64574" lon="2.56547">
				<ele>234.54</ele>
				<time>2026-05-28T18:01:17.873Z</time>
			</trkpt>
			<trkpt lat="44.64589" lon="2.56547">
				<ele>233.69</ele>
				<time>2026-05-28T18:01:19.286Z</time>
			</trkpt>
			<trkpt lat="44.64599" lon="2.56549">
				<ele>233.29</ele>
				<time>2026-05-28T18:01:20.239Z</time>
			</trkpt>
			<trkpt lat="44.6461" lon="2.56556">
				<ele>232.91</ele>
				<time>2026-05-28T18:01:21.380Z</time>
			</trkpt>
			<trkpt lat="44.64599" lon="2.56549">
				<ele>233.29</ele>
				<time>2026-05-28T18:01:22.522Z</time>
			</trkpt>
			<trkpt lat="44.64589" lon="2.56547">
				<ele>233.69</ele>
				<time>2026-05-28T18:01:23.479Z</time>
			</trkpt>
			<trkpt lat="44.64574" lon="2.56547">
				<ele>234.54</ele>
				<time>2026-05-28T18:01:24.901Z</time>
			</trkpt>
			<trkpt lat="44.64429" lon="2.56569">
				<ele>232.68</ele>
				<time>2026-05-28T18:01:38.857Z</time>
			</trkpt>
			<trkpt lat="44.64421" lon="2.56569">
				<ele>232.28</ele>
				<time>2026-05-28T18:01:39.629Z</time>
			</trkpt>
			<trkpt lat="44.64417" lon="2.56565">
				<ele>232.03</ele>
				<time>2026-05-28T18:01:40.103Z</time>
			</trkpt>
			<trkpt lat="44.64407" lon="2.56552">
				<ele>231.67</ele>
				<time>2026-05-28T18:01:41.420Z</time>
			</trkpt>
			<trkpt lat="44.64403" lon="2.5655">
				<ele>231.43</ele>
				<time>2026-05-28T18:01:41.831Z</time>
			</trkpt>
			<trkpt lat="44.64396" lon="2.56555">
				<ele>231.28</ele>
				<time>2026-05-28T18:01:42.591Z</time>
			</trkpt>
			<trkpt lat="44.64378" lon="2.5661">
				<ele>230.63</ele>
				<time>2026-05-28T18:01:46.778Z</time>
			</trkpt>
			<trkpt lat="44.64346" lon="2.56681">
				<ele>231</ele>
				<time>2026-05-28T18:01:52.969Z</time>
			</trkpt>
			<trkpt lat="44.64194" lon="2.56918">
				<ele>230.11</ele>
				<time>2026-05-28T18:02:20.959Z</time>
			</trkpt>
			<trkpt lat="44.64165" lon="2.56955">
				<ele>231.16</ele>
				<time>2026-05-28T18:02:26.301Z</time>
			</trkpt>
			<trkpt lat="44.6415" lon="2.56968">
				<ele>232.61</ele>
				<time>2026-05-28T18:02:28.736Z</time>
			</trkpt>
			<trkpt lat="44.64115" lon="2.57001">
				<ele>235.22</ele>
				<time>2026-05-28T18:02:34.627Z</time>
			</trkpt>
			<trkpt lat="44.64079" lon="2.57046">
				<ele>237.68</ele>
				<time>2026-05-28T18:02:41.446Z</time>
			</trkpt>
			<trkpt lat="44.64068" lon="2.57058">
				<ele>239.19</ele>
				<time>2026-05-28T18:02:43.428Z</time>
			</trkpt>
			<trkpt lat="44.64049" lon="2.5707">
				<ele>240.62</ele>
				<time>2026-05-28T18:02:46.400Z</time>
			</trkpt>
			<trkpt lat="44.64029" lon="2.57077">
				<ele>239.92</ele>
				<time>2026-05-28T18:02:49.344Z</time>
			</trkpt>
			<trkpt lat="44.64027" lon="2.5706">
				<ele>235.28</ele>
				<time>2026-05-28T18:02:51.096Z</time>
			</trkpt>
			<trkpt lat="44.64006" lon="2.56988">
				<ele>228.19</ele>
				<time>2026-05-28T18:02:58.996Z</time>
			</trkpt>
			<trkpt lat="44.64" lon="2.56961">
				<ele>232.17</ele>
				<time>2026-05-28T18:03:01.853Z</time>
			</trkpt>
			<trkpt lat="44.64" lon="2.56949">
				<ele>234.77</ele>
				<time>2026-05-28T18:03:03.063Z</time>
			</trkpt>
			<trkpt lat="44.63987" lon="2.56948">
				<ele>238.02</ele>
				<time>2026-05-28T18:03:04.901Z</time>
			</trkpt>
			<trkpt lat="44.63975" lon="2.56945">
				<ele>241.94</ele>
				<time>2026-05-28T18:03:06.617Z</time>
			</trkpt>
			<trkpt lat="44.63947" lon="2.56948">
				<ele>245.03</ele>
				<time>2026-05-28T18:03:10.546Z</time>
			</trkpt>
			<trkpt lat="44.63926" lon="2.56956">
				<ele>243.59</ele>
				<time>2026-05-28T18:03:13.563Z</time>
			</trkpt>
			<trkpt lat="44.63906" lon="2.56959">
				<ele>242.88</ele>
				<time>2026-05-28T18:03:16.326Z</time>
			</trkpt>
			<trkpt lat="44.63886" lon="2.56957">
				<ele>242.24</ele>
				<time>2026-05-28T18:03:19.054Z</time>
			</trkpt>
			<trkpt lat="44.6387" lon="2.56948">
				<ele>240.96</ele>
				<time>2026-05-28T18:03:21.375Z</time>
			</trkpt>
			<trkpt lat="44.63833" lon="2.56912">
				<ele>247.34</ele>
				<time>2026-05-28T18:03:27.349Z</time>
			</trkpt>
			<trkpt lat="44.63813" lon="2.56896">
				<ele>247.91</ele>
				<time>2026-05-28T18:03:30.437Z</time>
			</trkpt>
			<trkpt lat="44.63799" lon="2.56889">
				<ele>246.53</ele>
				<time>2026-05-28T18:03:32.425Z</time>
			</trkpt>
			<trkpt lat="44.63789" lon="2.56882">
				<ele>245.87</ele>
				<time>2026-05-28T18:03:33.905Z</time>
			</trkpt>
			<trkpt lat="44.63784" lon="2.56874">
				<ele>246.27</ele>
				<time>2026-05-28T18:03:34.897Z</time>
			</trkpt>
			<trkpt lat="44.63781" lon="2.56863">
				<ele>247.44</ele>
				<time>2026-05-28T18:03:35.979Z</time>
			</trkpt>
			<trkpt lat="44.63777" lon="2.56807">
				<ele>256.62</ele>
				<time>2026-05-28T18:03:40.939Z</time>
			</trkpt>
			<trkpt lat="44.63771" lon="2.56784">
				<ele>257.74</ele>
				<time>2026-05-28T18:03:43.065Z</time>
			</trkpt>
			<trkpt lat="44.63759" lon="2.56764">
				<ele>258.14</ele>
				<time>2026-05-28T18:03:45.325Z</time>
			</trkpt>
			<trkpt lat="44.63727" lon="2.56726">
				<ele>261.12</ele>
				<time>2026-05-28T18:03:50.379Z</time>
			</trkpt>
			<trkpt lat="44.63713" lon="2.56719">
				<ele>261.02</ele>
				<time>2026-05-28T18:03:52.160Z</time>
			</trkpt>
			<trkpt lat="44.63694" lon="2.56713">
				<ele>260.62</ele>
				<time>2026-05-28T18:03:54.485Z</time>
			</trkpt>
			<trkpt lat="44.6367" lon="2.5671">
				<ele>261.51</ele>
				<time>2026-05-28T18:03:57.349Z</time>
			</trkpt>
			<trkpt lat="44.63633" lon="2.56715">
				<ele>263.79</ele>
				<time>2026-05-28T18:04:01.738Z</time>
			</trkpt>
			<trkpt lat="44.63622" lon="2.56721">
				<ele>263.39</ele>
				<time>2026-05-28T18:04:03.125Z</time>
			</trkpt>
			<trkpt lat="44.63596" lon="2.56741">
				<ele>261.36</ele>
				<time>2026-05-28T18:04:06.593Z</time>
			</trkpt>
			<trkpt lat="44.63549" lon="2.56763">
				<ele>264.19</ele>
				<time>2026-05-28T18:04:12.343Z</time>
			</trkpt>
			<trkpt lat="44.63531" lon="2.56782">
				<ele>267.15</ele>
				<time>2026-05-28T18:04:14.938Z</time>
			</trkpt>
			<trkpt lat="44.63512" lon="2.56812">
				<ele>267.9</ele>
				<time>2026-05-28T18:04:18.216Z</time>
			</trkpt>
			<trkpt lat="44.63469" lon="2.56888">
				<ele>264.75</ele>
				<time>2026-05-28T18:04:26.072Z</time>
			</trkpt>
			<trkpt lat="44.63464" lon="2.56904">
				<ele>265.14</ele>
				<time>2026-05-28T18:04:27.476Z</time>
			</trkpt>
			<trkpt lat="44.63462" lon="2.56918">
				<ele>264.71</ele>
				<time>2026-05-28T18:04:28.621Z</time>
			</trkpt>
			<trkpt lat="44.63463" lon="2.56945">
				<ele>264.23</ele>
				<time>2026-05-28T18:04:30.783Z</time>
			</trkpt>
			<trkpt lat="44.63461" lon="2.56971">
				<ele>266.3</ele>
				<time>2026-05-28T18:04:32.868Z</time>
			</trkpt>
			<trkpt lat="44.6345" lon="2.57054">
				<ele>268.42</ele>
				<time>2026-05-28T18:04:39.557Z</time>
			</trkpt>
			<trkpt lat="44.63442" lon="2.57128">
				<ele>267.91</ele>
				<time>2026-05-28T18:04:45.436Z</time>
			</trkpt>
			<trkpt lat="44.63434" lon="2.57273">
				<ele>264.11</ele>
				<time>2026-05-28T18:04:56.737Z</time>
			</trkpt>
			<trkpt lat="44.6343" lon="2.57321">
				<ele>266.15</ele>
				<time>2026-05-28T18:05:00.460Z</time>
			</trkpt>
			<trkpt lat="44.63423" lon="2.57356">
				<ele>268.62</ele>
				<time>2026-05-28T18:05:03.251Z</time>
			</trkpt>
			<trkpt lat="44.63414" lon="2.5739">
				<ele>272.47</ele>
				<time>2026-05-28T18:05:06.027Z</time>
			</trkpt>
			<trkpt lat="44.63405" lon="2.57411">
				<ele>273.25</ele>
				<time>2026-05-28T18:05:07.899Z</time>
			</trkpt>
			<trkpt lat="44.63394" lon="2.57431">
				<ele>273.44</ele>
				<time>2026-05-28T18:05:09.826Z</time>
			</trkpt>
			<trkpt lat="44.63373" lon="2.57459">
				<ele>275.93</ele>
				<time>2026-05-28T18:05:12.920Z</time>
			</trkpt>
			<trkpt lat="44.63347" lon="2.57485">
				<ele>277.5</ele>
				<time>2026-05-28T18:05:16.322Z</time>
			</trkpt>
			<trkpt lat="44.63312" lon="2.57513">
				<ele>270.71</ele>
				<time>2026-05-28T18:05:20.601Z</time>
			</trkpt>
			<trkpt lat="44.63296" lon="2.5752">
				<ele>269.11</ele>
				<time>2026-05-28T18:05:22.378Z</time>
			</trkpt>
			<trkpt lat="44.6328" lon="2.57519">
				<ele>269.99</ele>
				<time>2026-05-28T18:05:24.074Z</time>
			</trkpt>
			<trkpt lat="44.63268" lon="2.57513">
				<ele>270.92</ele>
				<time>2026-05-28T18:05:25.421Z</time>
			</trkpt>
			<trkpt lat="44.63237" lon="2.57483">
				<ele>278.43</ele>
				<time>2026-05-28T18:05:29.396Z</time>
			</trkpt>
			<trkpt lat="44.63214" lon="2.57463">
				<ele>280.69</ele>
				<time>2026-05-28T18:05:32.247Z</time>
			</trkpt>
			<trkpt lat="44.63157" lon="2.57426">
				<ele>277.82</ele>
				<time>2026-05-28T18:05:38.850Z</time>
			</trkpt>
			<trkpt lat="44.63141" lon="2.57404">
				<ele>281.96</ele>
				<time>2026-05-28T18:05:41.199Z</time>
			</trkpt>
			<trkpt lat="44.63125" lon="2.57377">
				<ele>285.49</ele>
				<time>2026-05-28T18:05:43.822Z</time>
			</trkpt>
			<trkpt lat="44.63107" lon="2.57355">
				<ele>286.01</ele>
				<time>2026-05-28T18:05:46.322Z</time>
			</trkpt>
			<trkpt lat="44.63087" lon="2.57337">
				<ele>285.56</ele>
				<time>2026-05-28T18:05:48.809Z</time>
			</trkpt>
			<trkpt lat="44.63061" lon="2.57325">
				<ele>284.78</ele>
				<time>2026-05-28T18:05:51.674Z</time>
			</trkpt>
			<trkpt lat="44.63039" lon="2.57319">
				<ele>286.9</ele>
				<time>2026-05-28T18:05:54.019Z</time>
			</trkpt>
			<trkpt lat="44.63008" lon="2.57318">
				<ele>288.81</ele>
				<time>2026-05-28T18:05:57.263Z</time>
			</trkpt>
			<trkpt lat="44.62953" lon="2.57327">
				<ele>289.19</ele>
				<time>2026-05-28T18:06:03.056Z</time>
			</trkpt>
			<trkpt lat="44.62921" lon="2.57328">
				<ele>293.01</ele>
				<time>2026-05-28T18:06:06.406Z</time>
			</trkpt>
			<trkpt lat="44.6291" lon="2.57332">
				<ele>293.55</ele>
				<time>2026-05-28T18:06:07.595Z</time>
			</trkpt>
			<trkpt lat="44.62847" lon="2.57383">
				<ele>300.67</ele>
				<time>2026-05-28T18:06:15.214Z</time>
			</trkpt>
			<trkpt lat="44.62819" lon="2.57407">
				<ele>303.76</ele>
				<time>2026-05-28T18:06:18.656Z</time>
			</trkpt>
			<trkpt lat="44.62777" lon="2.5745">
				<ele>293.7</ele>
				<time>2026-05-28T18:06:24.120Z</time>
			</trkpt>
			<trkpt lat="44.62759" lon="2.57462">
				<ele>290.73</ele>
				<time>2026-05-28T18:06:26.219Z</time>
			</trkpt>
			<trkpt lat="44.62742" lon="2.57462">
				<ele>292.33</ele>
				<time>2026-05-28T18:06:28.012Z</time>
			</trkpt>
			<trkpt lat="44.62729" lon="2.57454">
				<ele>295.84</ele>
				<time>2026-05-28T18:06:29.510Z</time>
			</trkpt>
			<trkpt lat="44.62698" lon="2.5743">
				<ele>308.05</ele>
				<time>2026-05-28T18:06:33.252Z</time>
			</trkpt>
			<trkpt lat="44.62687" lon="2.57428">
				<ele>310.92</ele>
				<time>2026-05-28T18:06:34.426Z</time>
			</trkpt>
			<trkpt lat="44.62685" lon="2.57431">
				<ele>311</ele>
				<time>2026-05-28T18:06:34.736Z</time>
			</trkpt>
			<trkpt lat="44.62679" lon="2.57441">
				<ele>311.1</ele>
				<time>2026-05-28T18:06:35.723Z</time>
			</trkpt>
			<trkpt lat="44.62679" lon="2.57552">
				<ele>310.29</ele>
				<time>2026-05-28T18:06:44.126Z</time>
			</trkpt>
			<trkpt lat="44.6268" lon="2.57579">
				<ele>309.82</ele>
				<time>2026-05-28T18:06:46.181Z</time>
			</trkpt>
			<trkpt lat="44.62682" lon="2.57601">
				<ele>308.69</ele>
				<time>2026-05-28T18:06:47.870Z</time>
			</trkpt>
			<trkpt lat="44.62686" lon="2.57616">
				<ele>307.09</ele>
				<time>2026-05-28T18:06:49.092Z</time>
			</trkpt>
			<trkpt lat="44.62686" lon="2.5763">
				<ele>306.38</ele>
				<time>2026-05-28T18:06:50.160Z</time>
			</trkpt>
			<trkpt lat="44.62682" lon="2.5764">
				<ele>306.97</ele>
				<time>2026-05-28T18:06:51.037Z</time>
			</trkpt>
			<trkpt lat="44.62674" lon="2.57647">
				<ele>308.11</ele>
				<time>2026-05-28T18:06:52.050Z</time>
			</trkpt>
			<trkpt lat="44.62599" lon="2.57685">
				<ele>321.13</ele>
				<time>2026-05-28T18:07:00.660Z</time>
			</trkpt>
			<trkpt lat="44.62577" lon="2.57694">
				<ele>327.58</ele>
				<time>2026-05-28T18:07:03.150Z</time>
			</trkpt>
			<trkpt lat="44.62548" lon="2.57709">
				<ele>331.79</ele>
				<time>2026-05-28T18:07:06.520Z</time>
			</trkpt>
			<trkpt lat="44.62517" lon="2.57734">
				<ele>335.64</ele>
				<time>2026-05-28T18:07:10.434Z</time>
			</trkpt>
			<trkpt lat="44.62473" lon="2.57777">
				<ele>339.51</ele>
				<time>2026-05-28T18:07:16.341Z</time>
			</trkpt>
			<trkpt lat="44.62445" lon="2.57799">
				<ele>338.85</ele>
				<time>2026-05-28T18:07:19.899Z</time>
			</trkpt>
			<trkpt lat="44.62422" lon="2.57809">
				<ele>337.79</ele>
				<time>2026-05-28T18:07:22.581Z</time>
			</trkpt>
			<trkpt lat="44.62401" lon="2.57812">
				<ele>338.92</ele>
				<time>2026-05-28T18:07:24.941Z</time>
			</trkpt>
			<trkpt lat="44.62385" lon="2.57809">
				<ele>341.87</ele>
				<time>2026-05-28T18:07:26.751Z</time>
			</trkpt>
			<trkpt lat="44.62372" lon="2.57801">
				<ele>346.2</ele>
				<time>2026-05-28T18:07:28.346Z</time>
			</trkpt>
			<trkpt lat="44.62329" lon="2.57785">
				<ele>350.15</ele>
				<time>2026-05-28T18:07:33.377Z</time>
			</trkpt>
			<trkpt lat="44.62313" lon="2.57776">
				<ele>349.18</ele>
				<time>2026-05-28T18:07:35.343Z</time>
			</trkpt>
			<trkpt lat="44.62292" lon="2.57755">
				<ele>350.88</ele>
				<time>2026-05-28T18:07:38.299Z</time>
			</trkpt>
			<trkpt lat="44.6228" lon="2.5775">
				<ele>349.47</ele>
				<time>2026-05-28T18:07:39.740Z</time>
			</trkpt>
			<trkpt lat="44.62264" lon="2.5775">
				<ele>348.43</ele>
				<time>2026-05-28T18:07:41.585Z</time>
			</trkpt>
			<trkpt lat="44.62259" lon="2.57748">
				<ele>348.74</ele>
				<time>2026-05-28T18:07:42.186Z</time>
			</trkpt>
			<trkpt lat="44.62252" lon="2.57743">
				<ele>350.55</ele>
				<time>2026-05-28T18:07:43.093Z</time>
			</trkpt>
			<trkpt lat="44.62242" lon="2.5773">
				<ele>353.65</ele>
				<time>2026-05-28T18:07:44.669Z</time>
			</trkpt>
			<trkpt lat="44.62234" lon="2.57719">
				<ele>355.47</ele>
				<time>2026-05-28T18:07:45.965Z</time>
			</trkpt>
			<trkpt lat="44.62222" lon="2.5769">
				<ele>360.32</ele>
				<time>2026-05-28T18:07:48.730Z</time>
			</trkpt>
			<trkpt lat="44.62212" lon="2.57673">
				<ele>364.06</ele>
				<time>2026-05-28T18:07:50.547Z</time>
			</trkpt>
			<trkpt lat="44.62204" lon="2.57665">
				<ele>365.39</ele>
				<time>2026-05-28T18:07:51.683Z</time>
			</trkpt>
			<trkpt lat="44.62197" lon="2.57663">
				<ele>365.57</ele>
				<time>2026-05-28T18:07:52.508Z</time>
			</trkpt>
			<trkpt lat="44.62168" lon="2.57671">
				<ele>364.11</ele>
				<time>2026-05-28T18:07:55.917Z</time>
			</trkpt>
			<trkpt lat="44.62152" lon="2.5767">
				<ele>364.29</ele>
				<time>2026-05-28T18:07:57.760Z</time>
			</trkpt>
			<trkpt lat="44.62143" lon="2.57661">
				<ele>366.48</ele>
				<time>2026-05-28T18:07:59.031Z</time>
			</trkpt>
			<trkpt lat="44.62131" lon="2.57646">
				<ele>370.93</ele>
				<time>2026-05-28T18:08:00.880Z</time>
			</trkpt>
			<trkpt lat="44.62124" lon="2.5764">
				<ele>372.63</ele>
				<time>2026-05-28T18:08:01.823Z</time>
			</trkpt>
			<trkpt lat="44.62107" lon="2.57637">
				<ele>372.81</ele>
				<time>2026-05-28T18:08:03.795Z</time>
			</trkpt>
			<trkpt lat="44.62093" lon="2.5764">
				<ele>370</ele>
				<time>2026-05-28T18:08:05.425Z</time>
			</trkpt>
			<trkpt lat="44.62083" lon="2.57638">
				<ele>369.05</ele>
				<time>2026-05-28T18:08:06.587Z</time>
			</trkpt>
			<trkpt lat="44.62074" lon="2.57634">
				<ele>368.52</ele>
				<time>2026-05-28T18:08:07.673Z</time>
			</trkpt>
			<trkpt lat="44.62065" lon="2.57626">
				<ele>368.86</ele>
				<time>2026-05-28T18:08:08.899Z</time>
			</trkpt>
			<trkpt lat="44.62055" lon="2.5761">
				<ele>370.14</ele>
				<time>2026-05-28T18:08:10.643Z</time>
			</trkpt>
			<trkpt lat="44.62053" lon="2.57597">
				<ele>372.22</ele>
				<time>2026-05-28T18:08:11.733Z</time>
			</trkpt>
			<trkpt lat="44.62055" lon="2.57557">
				<ele>378.75</ele>
				<time>2026-05-28T18:08:15.017Z</time>
			</trkpt>
			<trkpt lat="44.62053" lon="2.57542">
				<ele>381.76</ele>
				<time>2026-05-28T18:08:16.267Z</time>
			</trkpt>
			<trkpt lat="44.6205" lon="2.57534">
				<ele>383.19</ele>
				<time>2026-05-28T18:08:17.008Z</time>
			</trkpt>
			<trkpt lat="44.62042" lon="2.5753">
				<ele>383.49</ele>
				<time>2026-05-28T18:08:17.985Z</time>
			</trkpt>
			<trkpt lat="44.62034" lon="2.57531">
				<ele>382.72</ele>
				<time>2026-05-28T18:08:18.909Z</time>
			</trkpt>
			<trkpt lat="44.62026" lon="2.57534">
				<ele>381.69</ele>
				<time>2026-05-28T18:08:19.862Z</time>
			</trkpt>
			<trkpt lat="44.62008" lon="2.57549">
				<ele>380.45</ele>
				<time>2026-05-28T18:08:22.271Z</time>
			</trkpt>
			<trkpt lat="44.61984" lon="2.57555">
				<ele>383.24</ele>
				<time>2026-05-28T18:08:25.076Z</time>
			</trkpt>
			<trkpt lat="44.61954" lon="2.57558">
				<ele>391.85</ele>
				<time>2026-05-28T18:08:28.537Z</time>
			</trkpt>
			<trkpt lat="44.61948" lon="2.57565">
				<ele>392.89</ele>
				<time>2026-05-28T18:08:29.435Z</time>
			</trkpt>
			<trkpt lat="44.61938" lon="2.57592">
				<ele>391.35</ele>
				<time>2026-05-28T18:08:31.928Z</time>
			</trkpt>
			<trkpt lat="44.61932" lon="2.57602">
				<ele>391.16</ele>
				<time>2026-05-28T18:08:32.999Z</time>
			</trkpt>
			<trkpt lat="44.6192" lon="2.57616">
				<ele>391.47</ele>
				<time>2026-05-28T18:08:34.794Z</time>
			</trkpt>
			<trkpt lat="44.61907" lon="2.57622">
				<ele>391.47</ele>
				<time>2026-05-28T18:08:36.369Z</time>
			</trkpt>
			<trkpt lat="44.6182" lon="2.57625">
				<ele>402.63</ele>
				<time>2026-05-28T18:08:46.384Z</time>
			</trkpt>
			<trkpt lat="44.61767" lon="2.57639">
				<ele>409.21</ele>
				<time>2026-05-28T18:08:52.590Z</time>
			</trkpt>
			<trkpt lat="44.61731" lon="2.57645">
				<ele>410.55</ele>
				<time>2026-05-28T18:08:56.762Z</time>
			</trkpt>
			<trkpt lat="44.61715" lon="2.57644">
				<ele>410.02</ele>
				<time>2026-05-28T18:08:58.605Z</time>
			</trkpt>
			<trkpt lat="44.61708" lon="2.5764">
				<ele>410.51</ele>
				<time>2026-05-28T18:08:59.475Z</time>
			</trkpt>
			<trkpt lat="44.61707" lon="2.57633">
				<ele>412.03</ele>
				<time>2026-05-28T18:09:00.060Z</time>
			</trkpt>
			<trkpt lat="44.61709" lon="2.57627">
				<ele>413.54</ele>
				<time>2026-05-28T18:09:00.603Z</time>
			</trkpt>
			<trkpt lat="44.61714" lon="2.57621">
				<ele>415.63</ele>
				<time>2026-05-28T18:09:01.359Z</time>
			</trkpt>
			<trkpt lat="44.61751" lon="2.57607">
				<ele>420.11</ele>
				<time>2026-05-28T18:09:05.769Z</time>
			</trkpt>
			<trkpt lat="44.61776" lon="2.57592">
				<ele>422.98</ele>
				<time>2026-05-28T18:09:08.898Z</time>
			</trkpt>
			<trkpt lat="44.61795" lon="2.57575">
				<ele>425.98</ele>
				<time>2026-05-28T18:09:11.490Z</time>
			</trkpt>
			<trkpt lat="44.61811" lon="2.57552">
				<ele>429.32</ele>
				<time>2026-05-28T18:09:14.125Z</time>
			</trkpt>
			<trkpt lat="44.61825" lon="2.57519">
				<ele>432.89</ele>
				<time>2026-05-28T18:09:17.272Z</time>
			</trkpt>
			<trkpt lat="44.61834" lon="2.57493">
				<ele>435.91</ele>
				<time>2026-05-28T18:09:19.640Z</time>
			</trkpt>
			<trkpt lat="44.61839" lon="2.57467">
				<ele>438.47</ele>
				<time>2026-05-28T18:09:21.846Z</time>
			</trkpt>
			<trkpt lat="44.61849" lon="2.57394">
				<ele>448.47</ele>
				<time>2026-05-28T18:09:27.936Z</time>
			</trkpt>
			<trkpt lat="44.61856" lon="2.57354">
				<ele>455.46</ele>
				<time>2026-05-28T18:09:31.310Z</time>
			</trkpt>
			<trkpt lat="44.61861" lon="2.57344">
				<ele>456.05</ele>
				<time>2026-05-28T18:09:32.311Z</time>
			</trkpt>
			<trkpt lat="44.61866" lon="2.57339">
				<ele>456.38</ele>
				<time>2026-05-28T18:09:33.017Z</time>
			</trkpt>
			<trkpt lat="44.61872" lon="2.57338">
				<ele>455.33</ele>
				<time>2026-05-28T18:09:33.713Z</time>
			</trkpt>
			<trkpt lat="44.61891" lon="2.57344">
				<ele>450.39</ele>
				<time>2026-05-28T18:09:35.954Z</time>
			</trkpt>
			<trkpt lat="44.61905" lon="2.57337">
				<ele>451.04</ele>
				<time>2026-05-28T18:09:37.664Z</time>
			</trkpt>
			<trkpt lat="44.6191" lon="2.57326">
				<ele>453.64</ele>
				<time>2026-05-28T18:09:38.733Z</time>
			</trkpt>
			<trkpt lat="44.61915" lon="2.57295">
				<ele>463.23</ele>
				<time>2026-05-28T18:09:41.337Z</time>
			</trkpt>
			<trkpt lat="44.61921" lon="2.57284">
				<ele>466.12</ele>
				<time>2026-05-28T18:09:42.472Z</time>
			</trkpt>
			<trkpt lat="44.6193" lon="2.57275">
				<ele>467.42</ele>
				<time>2026-05-28T18:09:43.743Z</time>
			</trkpt>
			<trkpt lat="44.6195" lon="2.57264">
				<ele>467.34</ele>
				<time>2026-05-28T18:09:46.215Z</time>
			</trkpt>
			<trkpt lat="44.61975" lon="2.5726">
				<ele>464.2</ele>
				<time>2026-05-28T18:09:49.111Z</time>
			</trkpt>
			<trkpt lat="44.61981" lon="2.57256">
				<ele>464.14</ele>
				<time>2026-05-28T18:09:49.875Z</time>
			</trkpt>
			<trkpt lat="44.61982" lon="2.57247">
				<ele>465.74</ele>
				<time>2026-05-28T18:09:50.621Z</time>
			</trkpt>
			<trkpt lat="44.61979" lon="2.57238">
				<ele>468.47</ele>
				<time>2026-05-28T18:09:51.435Z</time>
			</trkpt>
			<trkpt lat="44.61994" lon="2.57225">
				<ele>468.51</ele>
				<time>2026-05-28T18:09:53.464Z</time>
			</trkpt>
			<trkpt lat="44.62006" lon="2.57207">
				<ele>469.15</ele>
				<time>2026-05-28T18:09:55.484Z</time>
			</trkpt>
			<trkpt lat="44.62016" lon="2.57188">
				<ele>470.06</ele>
				<time>2026-05-28T18:09:57.419Z</time>
			</trkpt>
			<trkpt lat="44.62039" lon="2.57158">
				<ele>468.01</ele>
				<time>2026-05-28T18:10:01.031Z</time>
			</trkpt>
			<trkpt lat="44.62051" lon="2.57128">
				<ele>470.14</ele>
				<time>2026-05-28T18:10:03.850Z</time>
			</trkpt>
			<trkpt lat="44.62059" lon="2.57123">
				<ele>471.15</ele>
				<time>2026-05-28T18:10:04.858Z</time>
			</trkpt>
			<trkpt lat="44.62066" lon="2.57122">
				<ele>471.11</ele>
				<time>2026-05-28T18:10:05.668Z</time>
			</trkpt>
			<trkpt lat="44.62076" lon="2.57133">
				<ele>467.1</ele>
				<time>2026-05-28T18:10:07.129Z</time>
			</trkpt>
			<trkpt lat="44.6208" lon="2.57143">
				<ele>464.3</ele>
				<time>2026-05-28T18:10:08.069Z</time>
			</trkpt>
			<trkpt lat="44.62094" lon="2.57198">
				<ele>464.26</ele>
				<time>2026-05-28T18:10:12.853Z</time>
			</trkpt>
			<trkpt lat="44.62096" lon="2.57227">
				<ele>462.83</ele>
				<time>2026-05-28T18:10:15.240Z</time>
			</trkpt>
			<trkpt lat="44.62099" lon="2.57244">
				<ele>461.82</ele>
				<time>2026-05-28T18:10:16.675Z</time>
			</trkpt>
			<trkpt lat="44.62104" lon="2.57261">
				<ele>461.23</ele>
				<time>2026-05-28T18:10:18.181Z</time>
			</trkpt>
			<trkpt lat="44.62113" lon="2.57281">
				<ele>461.53</ele>
				<time>2026-05-28T18:10:20.120Z</time>
			</trkpt>
			<trkpt lat="44.6212" lon="2.57293">
				<ele>460.46</ele>
				<time>2026-05-28T18:10:21.390Z</time>
			</trkpt>
			<trkpt lat="44.62127" lon="2.57299">
				<ele>461.22</ele>
				<time>2026-05-28T18:10:22.334Z</time>
			</trkpt>
			<trkpt lat="44.62135" lon="2.573">
				<ele>463.68</ele>
				<time>2026-05-28T18:10:23.258Z</time>
			</trkpt>
			<trkpt lat="44.62149" lon="2.57297">
				<ele>467.33</ele>
				<time>2026-05-28T18:10:24.889Z</time>
			</trkpt>
			<trkpt lat="44.62187" lon="2.57279">
				<ele>475.84</ele>
				<time>2026-05-28T18:10:29.550Z</time>
			</trkpt>
			<trkpt lat="44.62195" lon="2.57277">
				<ele>477.02</ele>
				<time>2026-05-28T18:10:30.503Z</time>
			</trkpt>
			<trkpt lat="44.622" lon="2.5728">
				<ele>476.98</ele>
				<time>2026-05-28T18:10:31.142Z</time>
			</trkpt>
			<trkpt lat="44.62206" lon="2.57288">
				<ele>476.41</ele>
				<time>2026-05-28T18:10:32.116Z</time>
			</trkpt>
			<trkpt lat="44.62211" lon="2.57317">
				<ele>474.05</ele>
				<time>2026-05-28T18:10:34.628Z</time>
			</trkpt>
			<trkpt lat="44.62216" lon="2.57329">
				<ele>473.53</ele>
				<time>2026-05-28T18:10:35.805Z</time>
			</trkpt>
			<trkpt lat="44.6223" lon="2.57331">
				<ele>474.4</ele>
				<time>2026-05-28T18:10:37.484Z</time>
			</trkpt>
			<trkpt lat="44.62242" lon="2.57331">
				<ele>474.97</ele>
				<time>2026-05-28T18:10:38.922Z</time>
			</trkpt>
			<trkpt lat="44.62257" lon="2.57336">
				<ele>474.5</ele>
				<time>2026-05-28T18:10:40.775Z</time>
			</trkpt>
			<trkpt lat="44.62262" lon="2.57335">
				<ele>474.67</ele>
				<time>2026-05-28T18:10:41.384Z</time>
			</trkpt>
			<trkpt lat="44.62267" lon="2.5733">
				<ele>475.3</ele>
				<time>2026-05-28T18:10:42.126Z</time>
			</trkpt>
			<trkpt lat="44.62271" lon="2.57323">
				<ele>476.01</ele>
				<time>2026-05-28T18:10:42.899Z</time>
			</trkpt>
			<trkpt lat="44.6227" lon="2.57315">
				<ele>476.95</ele>
				<time>2026-05-28T18:10:43.599Z</time>
			</trkpt>
			<trkpt lat="44.62253" lon="2.57284">
				<ele>479.86</ele>
				<time>2026-05-28T18:10:46.988Z</time>
			</trkpt>
			<trkpt lat="44.62247" lon="2.57267">
				<ele>481.21</ele>
				<time>2026-05-28T18:10:48.640Z</time>
			</trkpt>
			<trkpt lat="44.62235" lon="2.57219">
				<ele>489.47</ele>
				<time>2026-05-28T18:10:53.092Z</time>
			</trkpt>
			<trkpt lat="44.62227" lon="2.57194">
				<ele>494.32</ele>
				<time>2026-05-28T18:10:55.505Z</time>
			</trkpt>
			<trkpt lat="44.62225" lon="2.57183">
				<ele>496.24</ele>
				<time>2026-05-28T18:10:56.508Z</time>
			</trkpt>
			<trkpt lat="44.62227" lon="2.57178">
				<ele>497.34</ele>
				<time>2026-05-28T18:10:57.014Z</time>
			</trkpt>
			<trkpt lat="44.62238" lon="2.57167">
				<ele>499.98</ele>
				<time>2026-05-28T18:10:58.693Z</time>
			</trkpt>
			<trkpt lat="44.62251" lon="2.57158">
				<ele>502.02</ele>
				<time>2026-05-28T18:11:00.500Z</time>
			</trkpt>
			<trkpt lat="44.62265" lon="2.57153">
				<ele>501.82</ele>
				<time>2026-05-28T18:11:02.305Z</time>
			</trkpt>
			<trkpt lat="44.62269" lon="2.57149">
				<ele>502.05</ele>
				<time>2026-05-28T18:11:02.920Z</time>
			</trkpt>
			<trkpt lat="44.62271" lon="2.57143">
				<ele>502.78</ele>
				<time>2026-05-28T18:11:03.510Z</time>
			</trkpt>
			<trkpt lat="44.62268" lon="2.57136">
				<ele>504.06</ele>
				<time>2026-05-28T18:11:04.239Z</time>
			</trkpt>
			<trkpt lat="44.6223" lon="2.57103">
				<ele>514.32</ele>
				<time>2026-05-28T18:11:09.858Z</time>
			</trkpt>
			<trkpt lat="44.62207" lon="2.57081">
				<ele>515.2</ele>
				<time>2026-05-28T18:11:13.374Z</time>
			</trkpt>
			<trkpt lat="44.62201" lon="2.57072">
				<ele>515.54</ele>
				<time>2026-05-28T18:11:14.485Z</time>
			</trkpt>
			<trkpt lat="44.62199" lon="2.57061">
				<ele>517.04</ele>
				<time>2026-05-28T18:11:15.509Z</time>
			</trkpt>
			<trkpt lat="44.62201" lon="2.57055">
				<ele>518.62</ele>
				<time>2026-05-28T18:11:16.107Z</time>
			</trkpt>
			<trkpt lat="44.62208" lon="2.57049">
				<ele>521.01</ele>
				<time>2026-05-28T18:11:17.147Z</time>
			</trkpt>
			<trkpt lat="44.62224" lon="2.57045">
				<ele>524.5</ele>
				<time>2026-05-28T18:11:19.210Z</time>
			</trkpt>
			<trkpt lat="44.62263" lon="2.57031">
				<ele>529.94</ele>
				<time>2026-05-28T18:11:24.331Z</time>
			</trkpt>
			<trkpt lat="44.62282" lon="2.57021">
				<ele>531.99</ele>
				<time>2026-05-28T18:11:26.917Z</time>
			</trkpt>
			<trkpt lat="44.62297" lon="2.5701">
				<ele>533.3</ele>
				<time>2026-05-28T18:11:29.075Z</time>
			</trkpt>
			<trkpt lat="44.62306" lon="2.57002">
				<ele>534.35</ele>
				<time>2026-05-28T18:11:30.433Z</time>
			</trkpt>
			<trkpt lat="44.62311" lon="2.56996">
				<ele>534.21</ele>
				<time>2026-05-28T18:11:31.272Z</time>
			</trkpt>
			<trkpt lat="44.62312" lon="2.56988">
				<ele>534.66</ele>
				<time>2026-05-28T18:11:32.010Z</time>
			</trkpt>
			<trkpt lat="44.62311" lon="2.56982">
				<ele>535.49</ele>
				<time>2026-05-28T18:11:32.570Z</time>
			</trkpt>
			<trkpt lat="44.623" lon="2.56968">
				<ele>538.62</ele>
				<time>2026-05-28T18:11:34.464Z</time>
			</trkpt>
			<trkpt lat="44.6229" lon="2.56963">
				<ele>539.65</ele>
				<time>2026-05-28T18:11:35.819Z</time>
			</trkpt>
			<trkpt lat="44.62277" lon="2.56953">
				<ele>541.34</ele>
				<time>2026-05-28T18:11:37.711Z</time>
			</trkpt>
			<trkpt lat="44.62267" lon="2.56942">
				<ele>542.32</ele>
				<time>2026-05-28T18:11:39.331Z</time>
			</trkpt>
			<trkpt lat="44.6226" lon="2.56927">
				<ele>544.82</ele>
				<time>2026-05-28T18:11:40.960Z</time>
			</trkpt>
			<trkpt lat="44.62246" lon="2.56888">
				<ele>551.04</ele>
				<time>2026-05-28T18:11:44.924Z</time>
			</trkpt>
			<trkpt lat="44.62238" lon="2.56873">
				<ele>553.8</ele>
				<time>2026-05-28T18:11:46.623Z</time>
			</trkpt>
			<trkpt lat="44.62201" lon="2.56818">
				<ele>558.46</ele>
				<time>2026-05-28T18:11:53.470Z</time>
			</trkpt>
			<trkpt lat="44.62192" lon="2.56786">
				<ele>558.37</ele>
				<time>2026-05-28T18:11:56.573Z</time>
			</trkpt>
			<trkpt lat="44.62189" lon="2.56766">
				<ele>559.38</ele>
				<time>2026-05-28T18:11:58.412Z</time>
			</trkpt>
			<trkpt lat="44.62184" lon="2.56752">
				<ele>560.74</ele>
				<time>2026-05-28T18:11:59.820Z</time>
			</trkpt>
			<trkpt lat="44.62177" lon="2.56739">
				<ele>563.22</ele>
				<time>2026-05-28T18:12:01.283Z</time>
			</trkpt>
			<trkpt lat="44.62166" lon="2.56732">
				<ele>565.4</ele>
				<time>2026-05-28T18:12:02.804Z</time>
			</trkpt>
			<trkpt lat="44.62154" lon="2.56729">
				<ele>567.24</ele>
				<time>2026-05-28T18:12:04.336Z</time>
			</trkpt>
			<trkpt lat="44.62121" lon="2.56701">
				<ele>574.56</ele>
				<time>2026-05-28T18:12:09.166Z</time>
			</trkpt>
			<trkpt lat="44.62092" lon="2.5668">
				<ele>576.74</ele>
				<time>2026-05-28T18:12:13.229Z</time>
			</trkpt>
			<trkpt lat="44.62078" lon="2.56676">
				<ele>576.7</ele>
				<time>2026-05-28T18:12:15.001Z</time>
			</trkpt>
			<trkpt lat="44.62068" lon="2.56676">
				<ele>576.76</ele>
				<time>2026-05-28T18:12:16.238Z</time>
			</trkpt>
			<trkpt lat="44.62006" lon="2.56696">
				<ele>587.05</ele>
				<time>2026-05-28T18:12:24.047Z</time>
			</trkpt>
			<trkpt lat="44.61999" lon="2.56695">
				<ele>589.03</ele>
				<time>2026-05-28T18:12:24.904Z</time>
			</trkpt>
			<trkpt lat="44.61995" lon="2.56692">
				<ele>590.86</ele>
				<time>2026-05-28T18:12:25.455Z</time>
			</trkpt>
			<trkpt lat="44.61994" lon="2.56685">
				<ele>592.29</ele>
				<time>2026-05-28T18:12:26.073Z</time>
			</trkpt>
			<trkpt lat="44.61996" lon="2.56672">
				<ele>593.51</ele>
				<time>2026-05-28T18:12:27.220Z</time>
			</trkpt>
			<trkpt lat="44.62007" lon="2.56645">
				<ele>593.57</ele>
				<time>2026-05-28T18:12:29.893Z</time>
			</trkpt>
			<trkpt lat="44.62017" lon="2.56615">
				<ele>594.3</ele>
				<time>2026-05-28T18:12:32.722Z</time>
			</trkpt>
			<trkpt lat="44.62052" lon="2.56541">
				<ele>594.01</ele>
				<time>2026-05-28T18:12:40.209Z</time>
			</trkpt>
			<trkpt lat="44.62082" lon="2.56487">
				<ele>599.3</ele>
				<time>2026-05-28T18:12:45.874Z</time>
			</trkpt>
			<trkpt lat="44.62109" lon="2.56433">
				<ele>604.45</ele>
				<time>2026-05-28T18:12:51.233Z</time>
			</trkpt>
			<trkpt lat="44.62115" lon="2.56414">
				<ele>605.8</ele>
				<time>2026-05-28T18:12:52.900Z</time>
			</trkpt>
			<trkpt lat="44.62116" lon="2.56398">
				<ele>605.28</ele>
				<time>2026-05-28T18:12:54.180Z</time>
			</trkpt>
			<trkpt lat="44.62115" lon="2.56382">
				<ele>605</ele>
				<time>2026-05-28T18:12:55.455Z</time>
			</trkpt>
			<trkpt lat="44.62104" lon="2.56296">
				<ele>601.1</ele>
				<time>2026-05-28T18:13:02.270Z</time>
			</trkpt>
			<trkpt lat="44.62101" lon="2.56255">
				<ele>599.19</ele>
				<time>2026-05-28T18:13:05.413Z</time>
			</trkpt>
			<trkpt lat="44.62103" lon="2.56205">
				<ele>595.58</ele>
				<time>2026-05-28T18:13:09.165Z</time>
			</trkpt>
			<trkpt lat="44.62101" lon="2.56183">
				<ele>593.82</ele>
				<time>2026-05-28T18:13:10.802Z</time>
			</trkpt>
			<trkpt lat="44.62098" lon="2.56164">
				<ele>592.07</ele>
				<time>2026-05-28T18:13:12.227Z</time>
			</trkpt>
			<trkpt lat="44.62092" lon="2.56152">
				<ele>590.4</ele>
				<time>2026-05-28T18:13:13.293Z</time>
			</trkpt>
			<trkpt lat="44.62074" lon="2.56123">
				<ele>586.45</ele>
				<time>2026-05-28T18:13:16.056Z</time>
			</trkpt>
			<trkpt lat="44.62039" lon="2.56103">
				<ele>582.67</ele>
				<time>2026-05-28T18:13:19.788Z</time>
			</trkpt>
			<trkpt lat="44.62024" lon="2.561">
				<ele>582.17</ele>
				<time>2026-05-28T18:13:21.258Z</time>
			</trkpt>
			<trkpt lat="44.61971" lon="2.56099">
				<ele>588.52</ele>
				<time>2026-05-28T18:13:26.273Z</time>
			</trkpt>
			<trkpt lat="44.61953" lon="2.56102">
				<ele>590.27</ele>
				<time>2026-05-28T18:13:27.942Z</time>
			</trkpt>
			<trkpt lat="44.61899" lon="2.56117">
				<ele>592.14</ele>
				<time>2026-05-28T18:13:32.858Z</time>
			</trkpt>
			<trkpt lat="44.61812" lon="2.56115">
				<ele>590.41</ele>
				<time>2026-05-28T18:13:40.140Z</time>
			</trkpt>
			<trkpt lat="44.61719" lon="2.56122">
				<ele>593.25</ele>
				<time>2026-05-28T18:13:47.315Z</time>
			</trkpt>
			<trkpt lat="44.61693" lon="2.56135">
				<ele>591.72</ele>
				<time>2026-05-28T18:13:49.370Z</time>
			</trkpt>
			<trkpt lat="44.61655" lon="2.56169">
				<ele>590.22</ele>
				<time>2026-05-28T18:13:52.663Z</time>
			</trkpt>
			<trkpt lat="44.6164" lon="2.56191">
				<ele>591.72</ele>
				<time>2026-05-28T18:13:54.222Z</time>
			</trkpt>
			<trkpt lat="44.61632" lon="2.56216">
				<ele>594.83</ele>
				<time>2026-05-28T18:13:55.611Z</time>
			</trkpt>
			<trkpt lat="44.61625" lon="2.56229">
				<ele>596.63</ele>
				<time>2026-05-28T18:13:56.430Z</time>
			</trkpt>
			<trkpt lat="44.61618" lon="2.56238">
				<ele>597.55</ele>
				<time>2026-05-28T18:13:57.097Z</time>
			</trkpt>
			<trkpt lat="44.61594" lon="2.5625">
				<ele>598.41</ele>
				<time>2026-05-28T18:13:58.872Z</time>
			</trkpt>
			<trkpt lat="44.61572" lon="2.56263">
				<ele>598.78</ele>
				<time>2026-05-28T18:14:00.515Z</time>
			</trkpt>
			<trkpt lat="44.61523" lon="2.56303">
				<ele>597.22</ele>
				<time>2026-05-28T18:14:04.343Z</time>
			</trkpt>
			<trkpt lat="44.615" lon="2.56328">
				<ele>598.31</ele>
				<time>2026-05-28T18:14:06.268Z</time>
			</trkpt>
			<trkpt lat="44.61493" lon="2.56333">
				<ele>599.08</ele>
				<time>2026-05-28T18:14:06.784Z</time>
			</trkpt>
			<trkpt lat="44.61483" lon="2.56336">
				<ele>599.38</ele>
				<time>2026-05-28T18:14:07.452Z</time>
			</trkpt>
			<trkpt lat="44.61473" lon="2.56333">
				<ele>599.05</ele>
				<time>2026-05-28T18:14:08.118Z</time>
			</trkpt>
			<trkpt lat="44.61456" lon="2.56325">
				<ele>598.89</ele>
				<time>2026-05-28T18:14:09.277Z</time>
			</trkpt>
			<trkpt lat="44.61431" lon="2.56325">
				<ele>599.89</ele>
				<time>2026-05-28T18:14:10.879Z</time>
			</trkpt>
			<trkpt lat="44.61405" lon="2.56333">
				<ele>600.82</ele>
				<time>2026-05-28T18:14:12.565Z</time>
			</trkpt>
			<trkpt lat="44.61383" lon="2.56345">
				<ele>600.41</ele>
				<time>2026-05-28T18:14:14.044Z</time>
			</trkpt>
			<trkpt lat="44.61375" lon="2.56352">
				<ele>600.83</ele>
				<time>2026-05-28T18:14:14.630Z</time>
			</trkpt>
			<trkpt lat="44.61359" lon="2.56373">
				<ele>603.3</ele>
				<time>2026-05-28T18:14:15.984Z</time>
			</trkpt>
			<trkpt lat="44.6135" lon="2.5638">
				<ele>604.93</ele>
				<time>2026-05-28T18:14:16.615Z</time>
			</trkpt>
			<trkpt lat="44.61313" lon="2.56394">
				<ele>607.1</ele>
				<time>2026-05-28T18:14:18.945Z</time>
			</trkpt>
			<trkpt lat="44.61297" lon="2.56405">
				<ele>607.38</ele>
				<time>2026-05-28T18:14:20.016Z</time>
			</trkpt>
			<trkpt lat="44.61262" lon="2.56437">
				<ele>610.32</ele>
				<time>2026-05-28T18:14:22.499Z</time>
			</trkpt>
			<trkpt lat="44.61229" lon="2.56485">
				<ele>615.44</ele>
				<time>2026-05-28T18:14:25.276Z</time>
			</trkpt>
			<trkpt lat="44.61219" lon="2.56492">
				<ele>615.38</ele>
				<time>2026-05-28T18:14:25.922Z</time>
			</trkpt>
			<trkpt lat="44.61208" lon="2.56496">
				<ele>615.35</ele>
				<time>2026-05-28T18:14:26.576Z</time>
			</trkpt>
			<trkpt lat="44.61188" lon="2.56497">
				<ele>613.97</ele>
				<time>2026-05-28T18:14:27.723Z</time>
			</trkpt>
			<trkpt lat="44.61178" lon="2.56504">
				<ele>613.9</ele>
				<time>2026-05-28T18:14:28.360Z</time>
			</trkpt>
			<trkpt lat="44.61149" lon="2.56533">
				<ele>613.76</ele>
				<time>2026-05-28T18:14:30.373Z</time>
			</trkpt>
			<trkpt lat="44.6111" lon="2.56583">
				<ele>617.07</ele>
				<time>2026-05-28T18:14:33.318Z</time>
			</trkpt>
			<trkpt lat="44.61098" lon="2.56592">
				<ele>618.8</ele>
				<time>2026-05-28T18:14:34.069Z</time>
			</trkpt>
			<trkpt lat="44.61091" lon="2.56593">
				<ele>619.24</ele>
				<time>2026-05-28T18:14:34.456Z</time>
			</trkpt>
			<trkpt lat="44.61084" lon="2.56591">
				<ele>619.48</ele>
				<time>2026-05-28T18:14:34.849Z</time>
			</trkpt>
			<trkpt lat="44.61055" lon="2.56556">
				<ele>620.21</ele>
				<time>2026-05-28T18:14:36.936Z</time>
			</trkpt>
			<trkpt lat="44.6103" lon="2.5654">
				<ele>618.65</ele>
				<time>2026-05-28T18:14:38.423Z</time>
			</trkpt>
			<trkpt lat="44.61006" lon="2.56533">
				<ele>617.78</ele>
				<time>2026-05-28T18:14:39.740Z</time>
			</trkpt>
			<trkpt lat="44.60982" lon="2.56535">
				<ele>618.05</ele>
				<time>2026-05-28T18:14:41.025Z</time>
			</trkpt>
			<trkpt lat="44.60968" lon="2.56539">
				<ele>618.29</ele>
				<time>2026-05-28T18:14:41.786Z</time>
			</trkpt>
			<trkpt lat="44.60958" lon="2.56547">
				<ele>618.46</ele>
				<time>2026-05-28T18:14:42.397Z</time>
			</trkpt>
			<trkpt lat="44.60942" lon="2.56568">
				<ele>618.65</ele>
				<time>2026-05-28T18:14:43.555Z</time>
			</trkpt>
			<trkpt lat="44.60915" lon="2.56635">
				<ele>619.49</ele>
				<time>2026-05-28T18:14:46.431Z</time>
			</trkpt>
			<trkpt lat="44.60891" lon="2.56704">
				<ele>623.26</ele>
				<time>2026-05-28T18:14:49.274Z</time>
			</trkpt>
			<trkpt lat="44.60878" lon="2.56718">
				<ele>624.47</ele>
				<time>2026-05-28T18:14:50.122Z</time>
			</trkpt>
			<trkpt lat="44.60871" lon="2.56721">
				<ele>624.58</ele>
				<time>2026-05-28T18:14:50.500Z</time>
			</trkpt>
			<trkpt lat="44.60835" lon="2.56724">
				<ele>623.5</ele>
				<time>2026-05-28T18:14:52.357Z</time>
			</trkpt>
			<trkpt lat="44.60825" lon="2.56729">
				<ele>623.44</ele>
				<time>2026-05-28T18:14:52.903Z</time>
			</trkpt>
			<trkpt lat="44.60749" lon="2.56803">
				<ele>625.64</ele>
				<time>2026-05-28T18:14:57.633Z</time>
			</trkpt>
			<trkpt lat="44.60732" lon="2.56824">
				<ele>626.55</ele>
				<time>2026-05-28T18:14:58.787Z</time>
			</trkpt>
			<trkpt lat="44.60711" lon="2.56857">
				<ele>625.5</ele>
				<time>2026-05-28T18:15:00.392Z</time>
			</trkpt>
			<trkpt lat="44.60697" lon="2.56872">
				<ele>626.7</ele>
				<time>2026-05-28T18:15:01.288Z</time>
			</trkpt>
			<trkpt lat="44.60681" lon="2.56884">
				<ele>628.71</ele>
				<time>2026-05-28T18:15:02.211Z</time>
			</trkpt>
			<trkpt lat="44.6066" lon="2.56892">
				<ele>631.25</ele>
				<time>2026-05-28T18:15:03.319Z</time>
			</trkpt>
			<trkpt lat="44.60574" lon="2.56891">
				<ele>635.76</ele>
				<time>2026-05-28T18:15:07.706Z</time>
			</trkpt>
			<trkpt lat="44.60563" lon="2.56895">
				<ele>636.5</ele>
				<time>2026-05-28T18:15:08.287Z</time>
			</trkpt>
			<trkpt lat="44.60556" lon="2.56899">
				<ele>637.13</ele>
				<time>2026-05-28T18:15:08.674Z</time>
			</trkpt>
			<trkpt lat="44.60541" lon="2.56915">
				<ele>636.21</ele>
				<time>2026-05-28T18:15:09.639Z</time>
			</trkpt>
			<trkpt lat="44.60517" lon="2.56953">
				<ele>636.98</ele>
				<time>2026-05-28T18:15:11.497Z</time>
			</trkpt>
			<trkpt lat="44.60506" lon="2.56967">
				<ele>637.13</ele>
				<time>2026-05-28T18:15:12.262Z</time>
			</trkpt>
			<trkpt lat="44.60495" lon="2.56976">
				<ele>636.92</ele>
				<time>2026-05-28T18:15:12.919Z</time>
			</trkpt>
			<trkpt lat="44.60477" lon="2.56981">
				<ele>635.75</ele>
				<time>2026-05-28T18:15:13.868Z</time>
			</trkpt>
			<trkpt lat="44.60421" lon="2.56981">
				<ele>634.46</ele>
				<time>2026-05-28T18:15:16.780Z</time>
			</trkpt>
			<trkpt lat="44.60376" lon="2.5697">
				<ele>640.27</ele>
				<time>2026-05-28T18:15:19.175Z</time>
			</trkpt>
			<trkpt lat="44.6033" lon="2.56955">
				<ele>642.76</ele>
				<time>2026-05-28T18:15:21.675Z</time>
			</trkpt>
			<trkpt lat="44.60318" lon="2.56952">
				<ele>642.41</ele>
				<time>2026-05-28T18:15:22.324Z</time>
			</trkpt>
			<trkpt lat="44.60273" lon="2.56936">
				<ele>641.87</ele>
				<time>2026-05-28T18:15:24.813Z</time>
			</trkpt>
			<trkpt lat="44.60256" lon="2.56934">
				<ele>642.4</ele>
				<time>2026-05-28T18:15:25.736Z</time>
			</trkpt>
			<trkpt lat="44.60232" lon="2.56935">
				<ele>641.62</ele>
				<time>2026-05-28T18:15:27.040Z</time>
			</trkpt>
			<trkpt lat="44.60214" lon="2.56938">
				<ele>640.16</ele>
				<time>2026-05-28T18:15:28.031Z</time>
			</trkpt>
			<trkpt lat="44.60196" lon="2.56944">
				<ele>638.25</ele>
				<time>2026-05-28T18:15:29.047Z</time>
			</trkpt>
			<trkpt lat="44.60127" lon="2.56982">
				<ele>634.54</ele>
				<time>2026-05-28T18:15:33.176Z</time>
			</trkpt>
			<trkpt lat="44.60115" lon="2.56984">
				<ele>633.71</ele>
				<time>2026-05-28T18:15:33.858Z</time>
			</trkpt>
			<trkpt lat="44.601" lon="2.56979">
				<ele>634.03</ele>
				<time>2026-05-28T18:15:34.732Z</time>
			</trkpt>
			<trkpt lat="44.60085" lon="2.5697">
				<ele>634.85</ele>
				<time>2026-05-28T18:15:35.662Z</time>
			</trkpt>
			<trkpt lat="44.60072" lon="2.56956">
				<ele>635.79</ele>
				<time>2026-05-28T18:15:36.601Z</time>
			</trkpt>
			<trkpt lat="44.60031" lon="2.56907">
				<ele>637.77</ele>
				<time>2026-05-28T18:15:39.723Z</time>
			</trkpt>
			<trkpt lat="44.60005" lon="2.5686">
				<ele>638.93</ele>
				<time>2026-05-28T18:15:42.170Z</time>
			</trkpt>
			<trkpt lat="44.5999" lon="2.56836">
				<ele>638.9</ele>
				<time>2026-05-28T18:15:43.469Z</time>
			</trkpt>
			<trkpt lat="44.59977" lon="2.56823">
				<ele>638.52</ele>
				<time>2026-05-28T18:15:44.376Z</time>
			</trkpt>
			<trkpt lat="44.59954" lon="2.56815">
				<ele>637.63</ele>
				<time>2026-05-28T18:15:45.713Z</time>
			</trkpt>
			<trkpt lat="44.59926" lon="2.56819">
				<ele>636.19</ele>
				<time>2026-05-28T18:15:47.289Z</time>
			</trkpt>
			<trkpt lat="44.59874" lon="2.56813">
				<ele>634.95</ele>
				<time>2026-05-28T18:15:50.175Z</time>
			</trkpt>
			<trkpt lat="44.59766" lon="2.5676">
				<ele>633.96</ele>
				<time>2026-05-28T18:15:56.344Z</time>
			</trkpt>
			<trkpt lat="44.59724" lon="2.56749">
				<ele>632.03</ele>
				<time>2026-05-28T18:15:58.595Z</time>
			</trkpt>
			<trkpt lat="44.59687" lon="2.56747">
				<ele>630.39</ele>
				<time>2026-05-28T18:16:00.524Z</time>
			</trkpt>
			<trkpt lat="44.59616" lon="2.56762">
				<ele>626.39</ele>
				<time>2026-05-28T18:16:04.206Z</time>
			</trkpt>
			<trkpt lat="44.59572" lon="2.56764">
				<ele>625.82</ele>
				<time>2026-05-28T18:16:06.428Z</time>
			</trkpt>
			<trkpt lat="44.5956" lon="2.56761">
				<ele>625.52</ele>
				<time>2026-05-28T18:16:07.038Z</time>
			</trkpt>
			<trkpt lat="44.59547" lon="2.56751">
				<ele>624.12</ele>
				<time>2026-05-28T18:16:07.778Z</time>
			</trkpt>
			<trkpt lat="44.59538" lon="2.56742">
				<ele>623.07</ele>
				<time>2026-05-28T18:16:08.328Z</time>
			</trkpt>
			<trkpt lat="44.59499" lon="2.56684">
				<ele>617.93</ele>
				<time>2026-05-28T18:16:11.127Z</time>
			</trkpt>
			<trkpt lat="44.59487" lon="2.56667">
				<ele>616.02</ele>
				<time>2026-05-28T18:16:11.960Z</time>
			</trkpt>
			<trkpt lat="44.59472" lon="2.5665">
				<ele>614.82</ele>
				<time>2026-05-28T18:16:12.896Z</time>
			</trkpt>
			<trkpt lat="44.59403" lon="2.56614">
				<ele>616.31</ele>
				<time>2026-05-28T18:16:16.432Z</time>
			</trkpt>
			<trkpt lat="44.59362" lon="2.56597">
				<ele>617.97</ele>
				<time>2026-05-28T18:16:18.457Z</time>
			</trkpt>
			<trkpt lat="44.59346" lon="2.56587">
				<ele>618.51</ele>
				<time>2026-05-28T18:16:19.280Z</time>
			</trkpt>
			<trkpt lat="44.59329" lon="2.56571">
				<ele>618.78</ele>
				<time>2026-05-28T18:16:20.238Z</time>
			</trkpt>
			<trkpt lat="44.59307" lon="2.56542">
				<ele>618.46</ele>
				<time>2026-05-28T18:16:21.643Z</time>
			</trkpt>
			<trkpt lat="44.59298" lon="2.56536">
				<ele>618.38</ele>
				<time>2026-05-28T18:16:22.104Z</time>
			</trkpt>
			<trkpt lat="44.59289" lon="2.56532">
				<ele>618.28</ele>
				<time>2026-05-28T18:16:22.541Z</time>
			</trkpt>
			<trkpt lat="44.59277" lon="2.56533">
				<ele>618.42</ele>
				<time>2026-05-28T18:16:23.095Z</time>
			</trkpt>
			<trkpt lat="44.59254" lon="2.56539">
				<ele>619.64</ele>
				<time>2026-05-28T18:16:24.170Z</time>
			</trkpt>
			<trkpt lat="44.59244" lon="2.56539">
				<ele>620.45</ele>
				<time>2026-05-28T18:16:24.628Z</time>
			</trkpt>
			<trkpt lat="44.5923" lon="2.56536">
				<ele>621.95</ele>
				<time>2026-05-28T18:16:25.275Z</time>
			</trkpt>
			<trkpt lat="44.5919" lon="2.56501">
				<ele>627.14</ele>
				<time>2026-05-28T18:16:27.414Z</time>
			</trkpt>
			<trkpt lat="44.59176" lon="2.56493">
				<ele>627.8</ele>
				<time>2026-05-28T18:16:28.096Z</time>
			</trkpt>
			<trkpt lat="44.59129" lon="2.56478">
				<ele>626.57</ele>
				<time>2026-05-28T18:16:30.256Z</time>
			</trkpt>
			<trkpt lat="44.59111" lon="2.56465">
				<ele>625.54</ele>
				<time>2026-05-28T18:16:31.157Z</time>
			</trkpt>
			<trkpt lat="44.59044" lon="2.56357">
				<ele>632.4</ele>
				<time>2026-05-28T18:16:35.649Z</time>
			</trkpt>
			<trkpt lat="44.59032" lon="2.56347">
				<ele>630.97</ele>
				<time>2026-05-28T18:16:36.258Z</time>
			</trkpt>
			<trkpt lat="44.59024" lon="2.56344">
				<ele>630.3</ele>
				<time>2026-05-28T18:16:36.618Z</time>
			</trkpt>
			<trkpt lat="44.59005" lon="2.56343">
				<ele>628.39</ele>
				<time>2026-05-28T18:16:37.444Z</time>
			</trkpt>
			<trkpt lat="44.58991" lon="2.56346">
				<ele>627.86</ele>
				<time>2026-05-28T18:16:38.058Z</time>
			</trkpt>
			<trkpt lat="44.58971" lon="2.56356">
				<ele>627.55</ele>
				<time>2026-05-28T18:16:38.975Z</time>
			</trkpt>
			<trkpt lat="44.5894" lon="2.56381">
				<ele>625.77</ele>
				<time>2026-05-28T18:16:40.513Z</time>
			</trkpt>
			<trkpt lat="44.58883" lon="2.56419">
				<ele>628</ele>
				<time>2026-05-28T18:16:43.209Z</time>
			</trkpt>
			<trkpt lat="44.58853" lon="2.56434">
				<ele>628.34</ele>
				<time>2026-05-28T18:16:44.561Z</time>
			</trkpt>
			<trkpt lat="44.58837" lon="2.56438">
				<ele>628.5</ele>
				<time>2026-05-28T18:16:45.249Z</time>
			</trkpt>
			<trkpt lat="44.58808" lon="2.56439">
				<ele>627.33</ele>
				<time>2026-05-28T18:16:46.475Z</time>
			</trkpt>
			<trkpt lat="44.58786" lon="2.56431">
				<ele>627.45</ele>
				<time>2026-05-28T18:16:47.432Z</time>
			</trkpt>
			<trkpt lat="44.58748" lon="2.56412">
				<ele>629.08</ele>
				<time>2026-05-28T18:16:49.125Z</time>
			</trkpt>
			<trkpt lat="44.58727" lon="2.56396">
				<ele>628.9</ele>
				<time>2026-05-28T18:16:50.125Z</time>
			</trkpt>
			<trkpt lat="44.58681" lon="2.56336">
				<ele>630.33</ele>
				<time>2026-05-28T18:16:52.742Z</time>
			</trkpt>
			<trkpt lat="44.58639" lon="2.56285">
				<ele>632.7</ele>
				<time>2026-05-28T18:16:55.047Z</time>
			</trkpt>
			<trkpt lat="44.58614" lon="2.56263">
				<ele>633.51</ele>
				<time>2026-05-28T18:16:56.268Z</time>
			</trkpt>
			<trkpt lat="44.58584" lon="2.56244">
				<ele>634.4</ele>
				<time>2026-05-28T18:16:57.628Z</time>
			</trkpt>
			<trkpt lat="44.58556" lon="2.56231">
				<ele>636.64</ele>
				<time>2026-05-28T18:16:58.845Z</time>
			</trkpt>
			<trkpt lat="44.58221" lon="2.56136">
				<ele>655.11</ele>
				<time>2026-05-28T18:17:12.915Z</time>
			</trkpt>
			<trkpt lat="44.58192" lon="2.56124">
				<ele>655.92</ele>
				<time>2026-05-28T18:17:14.164Z</time>
			</trkpt>
			<trkpt lat="44.58182" lon="2.56115">
				<ele>655.57</ele>
				<time>2026-05-28T18:17:14.655Z</time>
			</trkpt>
			<trkpt lat="44.58172" lon="2.561">
				<ele>656</ele>
				<time>2026-05-28T18:17:15.261Z</time>
			</trkpt>
			<trkpt lat="44.58149" lon="2.56056">
				<ele>656.14</ele>
				<time>2026-05-28T18:17:16.873Z</time>
			</trkpt>
			<trkpt lat="44.58132" lon="2.56041">
				<ele>655.1</ele>
				<time>2026-05-28T18:17:17.707Z</time>
			</trkpt>
			<trkpt lat="44.58114" lon="2.56033">
				<ele>653.07</ele>
				<time>2026-05-28T18:17:18.493Z</time>
			</trkpt>
			<trkpt lat="44.58099" lon="2.56032">
				<ele>652.1</ele>
				<time>2026-05-28T18:17:19.118Z</time>
			</trkpt>
			<trkpt lat="44.58072" lon="2.56036">
				<ele>650.17</ele>
				<time>2026-05-28T18:17:20.251Z</time>
			</trkpt>
			<trkpt lat="44.58063" lon="2.56036">
				<ele>649.78</ele>
				<time>2026-05-28T18:17:20.628Z</time>
			</trkpt>
			<trkpt lat="44.58054" lon="2.56029">
				<ele>649.67</ele>
				<time>2026-05-28T18:17:21.058Z</time>
			</trkpt>
			<trkpt lat="44.58048" lon="2.56017">
				<ele>648.51</ele>
				<time>2026-05-28T18:17:21.495Z</time>
			</trkpt>
			<trkpt lat="44.58043" lon="2.55994">
				<ele>647.75</ele>
				<time>2026-05-28T18:17:22.214Z</time>
			</trkpt>
			<trkpt lat="44.58037" lon="2.55954">
				<ele>645.96</ele>
				<time>2026-05-28T18:17:23.437Z</time>
			</trkpt>
			<trkpt lat="44.5803" lon="2.5592">
				<ele>645.3</ele>
				<time>2026-05-28T18:17:24.500Z</time>
			</trkpt>
			<trkpt lat="44.58015" lon="2.55872">
				<ele>643.41</ele>
				<time>2026-05-28T18:17:26.079Z</time>
			</trkpt>
			<trkpt lat="44.57993" lon="2.55821">
				<ele>643.66</ele>
				<time>2026-05-28T18:17:27.884Z</time>
			</trkpt>
			<trkpt lat="44.57975" lon="2.558">
				<ele>642.07</ele>
				<time>2026-05-28T18:17:28.883Z</time>
			</trkpt>
			<trkpt lat="44.57933" lon="2.55754">
				<ele>639.27</ele>
				<time>2026-05-28T18:17:31.168Z</time>
			</trkpt>
			<trkpt lat="44.57874" lon="2.55697">
				<ele>640.46</ele>
				<time>2026-05-28T18:17:34.269Z</time>
			</trkpt>
			<trkpt lat="44.57857" lon="2.55686">
				<ele>640.48</ele>
				<time>2026-05-28T18:17:35.086Z</time>
			</trkpt>
			<trkpt lat="44.57839" lon="2.55679">
				<ele>639.3</ele>
				<time>2026-05-28T18:17:35.903Z</time>
			</trkpt>
			<trkpt lat="44.57807" lon="2.55679">
				<ele>638.07</ele>
				<time>2026-05-28T18:17:37.309Z</time>
			</trkpt>
			<trkpt lat="44.57796" lon="2.55674">
				<ele>637.03</ele>
				<time>2026-05-28T18:17:37.819Z</time>
			</trkpt>
			<trkpt lat="44.57788" lon="2.55664">
				<ele>636.23</ele>
				<time>2026-05-28T18:17:38.292Z</time>
			</trkpt>
			<trkpt lat="44.57777" lon="2.55638">
				<ele>635.97</ele>
				<time>2026-05-28T18:17:39.246Z</time>
			</trkpt>
			<trkpt lat="44.57766" lon="2.55625">
				<ele>634.22</ele>
				<time>2026-05-28T18:17:39.886Z</time>
			</trkpt>
			<trkpt lat="44.57735" lon="2.55599">
				<ele>629.49</ele>
				<time>2026-05-28T18:17:41.499Z</time>
			</trkpt>
			<trkpt lat="44.57729" lon="2.55589">
				<ele>628.96</ele>
				<time>2026-05-28T18:17:41.917Z</time>
			</trkpt>
			<trkpt lat="44.57724" lon="2.55562">
				<ele>629.07</ele>
				<time>2026-05-28T18:17:42.811Z</time>
			</trkpt>
			<trkpt lat="44.57721" lon="2.55518">
				<ele>628.51</ele>
				<time>2026-05-28T18:17:44.235Z</time>
			</trkpt>
			<trkpt lat="44.57716" lon="2.55491">
				<ele>626.89</ele>
				<time>2026-05-28T18:17:45.139Z</time>
			</trkpt>
			<trkpt lat="44.57696" lon="2.55431">
				<ele>623.84</ele>
				<time>2026-05-28T18:17:47.300Z</time>
			</trkpt>
			<trkpt lat="44.5769" lon="2.55391">
				<ele>621.57</ele>
				<time>2026-05-28T18:17:48.644Z</time>
			</trkpt>
			<trkpt lat="44.57687" lon="2.55303">
				<ele>619.49</ele>
				<time>2026-05-28T18:17:51.572Z</time>
			</trkpt>
			<trkpt lat="44.5768" lon="2.55276">
				<ele>619.52</ele>
				<time>2026-05-28T18:17:52.536Z</time>
			</trkpt>
			<trkpt lat="44.57671" lon="2.5526">
				<ele>619.29</ele>
				<time>2026-05-28T18:17:53.222Z</time>
			</trkpt>
			<trkpt lat="44.57658" lon="2.5524">
				<ele>618.4</ele>
				<time>2026-05-28T18:17:54.138Z</time>
			</trkpt>
			<trkpt lat="44.57619" lon="2.55206">
				<ele>616.3</ele>
				<time>2026-05-28T18:17:56.335Z</time>
			</trkpt>
			<trkpt lat="44.57556" lon="2.55157">
				<ele>611.05</ele>
				<time>2026-05-28T18:17:59.834Z</time>
			</trkpt>
			<trkpt lat="44.57487" lon="2.55113">
				<ele>606.45</ele>
				<time>2026-05-28T18:18:03.586Z</time>
			</trkpt>
			<trkpt lat="44.57467" lon="2.55106">
				<ele>606.3</ele>
				<time>2026-05-28T18:18:04.619Z</time>
			</trkpt>
			<trkpt lat="44.5745" lon="2.55112">
				<ele>606.73</ele>
				<time>2026-05-28T18:18:05.503Z</time>
			</trkpt>
			<trkpt lat="44.57442" lon="2.55119">
				<ele>606.82</ele>
				<time>2026-05-28T18:18:05.980Z</time>
			</trkpt>
			<trkpt lat="44.57432" lon="2.55133">
				<ele>606.97</ele>
				<time>2026-05-28T18:18:06.697Z</time>
			</trkpt>
			<trkpt lat="44.57407" lon="2.55197">
				<ele>604.43</ele>
				<time>2026-05-28T18:18:09.360Z</time>
			</trkpt>
			<trkpt lat="44.57389" lon="2.55226">
				<ele>604.13</ele>
				<time>2026-05-28T18:18:10.780Z</time>
			</trkpt>
			<trkpt lat="44.57374" lon="2.55237">
				<ele>603.01</ele>
				<time>2026-05-28T18:18:11.662Z</time>
			</trkpt>
			<trkpt lat="44.57358" lon="2.55246">
				<ele>602.54</ele>
				<time>2026-05-28T18:18:12.565Z</time>
			</trkpt>
			<trkpt lat="44.57336" lon="2.55246">
				<ele>603.19</ele>
				<time>2026-05-28T18:18:13.724Z</time>
			</trkpt>
			<trkpt lat="44.57314" lon="2.55234">
				<ele>604.7</ele>
				<time>2026-05-28T18:18:14.976Z</time>
			</trkpt>
			<trkpt lat="44.57304" lon="2.55234">
				<ele>605.03</ele>
				<time>2026-05-28T18:18:15.509Z</time>
			</trkpt>
			<trkpt lat="44.57294" lon="2.55238">
				<ele>605.4</ele>
				<time>2026-05-28T18:18:16.065Z</time>
			</trkpt>
			<trkpt lat="44.57286" lon="2.5525">
				<ele>605.72</ele>
				<time>2026-05-28T18:18:16.693Z</time>
			</trkpt>
			<trkpt lat="44.57272" lon="2.55296">
				<ele>607.37</ele>
				<time>2026-05-28T18:18:18.618Z</time>
			</trkpt>
			<trkpt lat="44.57264" lon="2.55315">
				<ele>607.13</ele>
				<time>2026-05-28T18:18:19.474Z</time>
			</trkpt>
			<trkpt lat="44.57252" lon="2.5533">
				<ele>606.25</ele>
				<time>2026-05-28T18:18:20.353Z</time>
			</trkpt>
			<trkpt lat="44.57239" lon="2.55339">
				<ele>604.7</ele>
				<time>2026-05-28T18:18:21.150Z</time>
			</trkpt>
			<trkpt lat="44.57225" lon="2.55344">
				<ele>603.07</ele>
				<time>2026-05-28T18:18:21.947Z</time>
			</trkpt>
			<trkpt lat="44.5721" lon="2.55344">
				<ele>601.74</ele>
				<time>2026-05-28T18:18:22.779Z</time>
			</trkpt>
			<trkpt lat="44.57191" lon="2.55337">
				<ele>600.28</ele>
				<time>2026-05-28T18:18:23.874Z</time>
			</trkpt>
			<trkpt lat="44.57126" lon="2.55299">
				<ele>594.54</ele>
				<time>2026-05-28T18:18:27.856Z</time>
			</trkpt>
			<trkpt lat="44.5711" lon="2.55292">
				<ele>593.91</ele>
				<time>2026-05-28T18:18:28.816Z</time>
			</trkpt>
			<trkpt lat="44.57087" lon="2.55286">
				<ele>593.78</ele>
				<time>2026-05-28T18:18:30.166Z</time>
			</trkpt>
			<trkpt lat="44.57049" lon="2.55285">
				<ele>592.03</ele>
				<time>2026-05-28T18:18:32.380Z</time>
			</trkpt>
			<trkpt lat="44.57" lon="2.5529">
				<ele>593.08</ele>
				<time>2026-05-28T18:18:35.283Z</time>
			</trkpt>
			<trkpt lat="44.56863" lon="2.55319">
				<ele>588.3</ele>
				<time>2026-05-28T18:18:43.724Z</time>
			</trkpt>
			<trkpt lat="44.56842" lon="2.5533">
				<ele>586.4</ele>
				<time>2026-05-28T18:18:45.126Z</time>
			</trkpt>
			<trkpt lat="44.56817" lon="2.55356">
				<ele>584.62</ele>
				<time>2026-05-28T18:18:47.091Z</time>
			</trkpt>
			<trkpt lat="44.56798" lon="2.55383">
				<ele>585.37</ele>
				<time>2026-05-28T18:18:48.814Z</time>
			</trkpt>
			<trkpt lat="44.56761" lon="2.55487">
				<ele>586.15</ele>
				<time>2026-05-28T18:18:54.193Z</time>
			</trkpt>
			<trkpt lat="44.56749" lon="2.55507">
				<ele>586.39</ele>
				<time>2026-05-28T18:18:55.424Z</time>
			</trkpt>
			<trkpt lat="44.56727" lon="2.55527">
				<ele>584.19</ele>
				<time>2026-05-28T18:18:57.169Z</time>
			</trkpt>
			<trkpt lat="44.56716" lon="2.55534">
				<ele>583.15</ele>
				<time>2026-05-28T18:18:57.978Z</time>
			</trkpt>
			<trkpt lat="44.5671" lon="2.55535">
				<ele>581.99</ele>
				<time>2026-05-28T18:18:58.385Z</time>
			</trkpt>
			<trkpt lat="44.56687" lon="2.55536">
				<ele>578.13</ele>
				<time>2026-05-28T18:18:59.939Z</time>
			</trkpt>
			<trkpt lat="44.56619" lon="2.55526">
				<ele>576.45</ele>
				<time>2026-05-28T18:19:04.632Z</time>
			</trkpt>
			<trkpt lat="44.56608" lon="2.5552">
				<ele>577.22</ele>
				<time>2026-05-28T18:19:05.453Z</time>
			</trkpt>
			<trkpt lat="44.56573" lon="2.55482">
				<ele>576.45</ele>
				<time>2026-05-28T18:19:08.563Z</time>
			</trkpt>
			<trkpt lat="44.56557" lon="2.55471">
				<ele>574.26</ele>
				<time>2026-05-28T18:19:09.828Z</time>
			</trkpt>
			<trkpt lat="44.56487" lon="2.55452">
				<ele>571.88</ele>
				<time>2026-05-28T18:19:14.972Z</time>
			</trkpt>
			<trkpt lat="44.56416" lon="2.55406">
				<ele>568.87</ele>
				<time>2026-05-28T18:19:20.762Z</time>
			</trkpt>
			<trkpt lat="44.56353" lon="2.5538">
				<ele>565.69</ele>
				<time>2026-05-28T18:19:25.748Z</time>
			</trkpt>
			<trkpt lat="44.56241" lon="2.5535">
				<ele>559.68</ele>
				<time>2026-05-28T18:19:34.684Z</time>
			</trkpt>
			<trkpt lat="44.56089" lon="2.55317">
				<ele>558.88</ele>
				<time>2026-05-28T18:19:47.320Z</time>
			</trkpt>
			<trkpt lat="44.56072" lon="2.55316">
				<ele>557.71</ele>
				<time>2026-05-28T18:19:48.760Z</time>
			</trkpt>
			<trkpt lat="44.56054" lon="2.55322">
				<ele>555.69</ele>
				<time>2026-05-28T18:19:50.336Z</time>
			</trkpt>
			<trkpt lat="44.56039" lon="2.5533">
				<ele>553.97</ele>
				<time>2026-05-28T18:19:51.711Z</time>
			</trkpt>
			<trkpt lat="44.56026" lon="2.55341">
				<ele>552.73</ele>
				<time>2026-05-28T18:19:53.019Z</time>
			</trkpt>
			<trkpt lat="44.56012" lon="2.55361">
				<ele>552.54</ele>
				<time>2026-05-28T18:19:54.751Z</time>
			</trkpt>
			<trkpt lat="44.56" lon="2.55372">
				<ele>552.55</ele>
				<time>2026-05-28T18:19:56.002Z</time>
			</trkpt>
			<trkpt lat="44.55986" lon="2.55382">
				<ele>552.98</ele>
				<time>2026-05-28T18:19:57.379Z</time>
			</trkpt>
			<trkpt lat="44.55974" lon="2.55387">
				<ele>553.78</ele>
				<time>2026-05-28T18:19:58.482Z</time>
			</trkpt>
			<trkpt lat="44.5596" lon="2.5539">
				<ele>553.6</ele>
				<time>2026-05-28T18:19:59.736Z</time>
			</trkpt>
			<trkpt lat="44.55944" lon="2.55388">
				<ele>553</ele>
				<time>2026-05-28T18:20:01.166Z</time>
			</trkpt>
			<trkpt lat="44.55927" lon="2.55383">
				<ele>549.89</ele>
				<time>2026-05-28T18:20:02.721Z</time>
			</trkpt>
			<trkpt lat="44.55872" lon="2.55348">
				<ele>541.62</ele>
				<time>2026-05-28T18:20:08.202Z</time>
			</trkpt>
			<trkpt lat="44.55844" lon="2.55338">
				<ele>540.72</ele>
				<time>2026-05-28T18:20:10.865Z</time>
			</trkpt>
			<trkpt lat="44.55611" lon="2.55306">
				<ele>537.96</ele>
				<time>2026-05-28T18:20:33.466Z</time>
			</trkpt>
			<trkpt lat="44.556" lon="2.55302">
				<ele>537.75</ele>
				<time>2026-05-28T18:20:34.610Z</time>
			</trkpt>
			<trkpt lat="44.5558" lon="2.55293">
				<ele>537.17</ele>
				<time>2026-05-28T18:20:36.737Z</time>
			</trkpt>
			<trkpt lat="44.55539" lon="2.55263">
				<ele>533.86</ele>
				<time>2026-05-28T18:20:41.475Z</time>
			</trkpt>
			<trkpt lat="44.5554" lon="2.55258">
				<ele>533.9</ele>
				<time>2026-05-28T18:20:41.857Z</time>
			</trkpt>
			<trkpt lat="44.55529" lon="2.55197">
				<ele>534.96</ele>
				<time>2026-05-28T18:20:46.529Z</time>
			</trkpt>
			<trkpt lat="44.55528" lon="2.55172">
				<ele>536.58</ele>
				<time>2026-05-28T18:20:48.409Z</time>
			</trkpt>
			<trkpt lat="44.55538" lon="2.55124">
				<ele>535.48</ele>
				<time>2026-05-28T18:20:52.197Z</time>
			</trkpt>
			<trkpt lat="44.55527" lon="2.55093">
				<ele>533.73</ele>
				<time>2026-05-28T18:20:54.848Z</time>
			</trkpt>
			<trkpt lat="44.55502" lon="2.55045">
				<ele>531.11</ele>
				<time>2026-05-28T18:20:59.451Z</time>
			</trkpt>
			<trkpt lat="44.55463" lon="2.54969">
				<ele>529.08</ele>
				<time>2026-05-28T18:21:06.837Z</time>
			</trkpt>
			<trkpt lat="44.5543" lon="2.54895">
				<ele>526.36</ele>
				<time>2026-05-28T18:21:13.875Z</time>
			</trkpt>
			<trkpt lat="44.55421" lon="2.54871">
				<ele>526.19</ele>
				<time>2026-05-28T18:21:16.212Z</time>
			</trkpt>
			<trkpt lat="44.55416" lon="2.54865">
				<ele>526.01</ele>
				<time>2026-05-28T18:21:17.167Z</time>
			</trkpt>
			<trkpt lat="44.55416" lon="2.54834">
				<ele>526.01</ele>
				<time>2026-05-28T18:21:21.009Z</time>
			</trkpt>
			<trkpt lat="44.55412" lon="2.54805">
				<ele>524.84</ele>
				<time>2026-05-28T18:21:25.468Z</time>
			</trkpt>
			<trkpt lat="44.55397" lon="2.54743">
				<ele>526.4</ele>
				<time>2026-05-28T18:21:37.415Z</time>
			</trkpt>
			<trkpt lat="44.5541" lon="2.5473">
				<ele>528.82</ele>
				<time>2026-05-28T18:21:41.946Z</time>
			</trkpt>
			<trkpt lat="44.55416" lon="2.5472">
				<ele>530.11</ele>
				<time>2026-05-28T18:21:44.653Z</time>
			</trkpt>
			<trkpt lat="44.5542" lon="2.54705">
				<ele>531.18</ele>
				<time>2026-05-28T18:21:48.009Z</time>
			</trkpt>
			<trkpt lat="44.55419" lon="2.54588">
				<ele>535.27</ele>
				<time>2026-05-28T18:22:11.826Z</time>
			</trkpt>
			<trkpt lat="44.55424" lon="2.54553">
				<ele>536.46</ele>
				<time>2026-05-28T18:22:18.012Z</time>
			</trkpt>
			<trkpt lat="44.55434" lon="2.54518">
				<ele>540.18</ele>
				<time>2026-05-28T18:22:23.520Z</time>
			</trkpt>
			<trkpt lat="44.55452" lon="2.54484">
				<ele>541.7</ele>
				<time>2026-05-28T18:22:28.093Z</time>
			</trkpt>
			<trkpt lat="44.55479" lon="2.54456">
				<ele>542.39</ele>
				<time>2026-05-28T18:22:30.970Z</time>
			</trkpt>
			<trkpt lat="44.55554" lon="2.54387">
				<ele>549.92</ele>
				<time>2026-05-28T18:22:35.836Z</time>
			</trkpt>
			<trkpt lat="44.55597" lon="2.54349">
				<ele>552.94</ele>
				<time>2026-05-28T18:22:38.759Z</time>
			</trkpt>
			<trkpt lat="44.55623" lon="2.5433">
				<ele>554.26</ele>
				<time>2026-05-28T18:22:40.445Z</time>
			</trkpt>
			<trkpt lat="44.55651" lon="2.54316">
				<ele>555.17</ele>
				<time>2026-05-28T18:22:42.154Z</time>
			</trkpt>
			<trkpt lat="44.55672" lon="2.54309">
				<ele>554.98</ele>
				<time>2026-05-28T18:22:43.395Z</time>
			</trkpt>
			<trkpt lat="44.55695" lon="2.54305">
				<ele>553.9</ele>
				<time>2026-05-28T18:22:44.727Z</time>
			</trkpt>
			<trkpt lat="44.55721" lon="2.54305">
				<ele>552.13</ele>
				<time>2026-05-28T18:22:46.221Z</time>
			</trkpt>
			<trkpt lat="44.55741" lon="2.54307">
				<ele>550.96</ele>
				<time>2026-05-28T18:22:47.373Z</time>
			</trkpt>
			<trkpt lat="44.55777" lon="2.54326">
				<ele>549.06</ele>
				<time>2026-05-28T18:22:49.583Z</time>
			</trkpt>
			<trkpt lat="44.55802" lon="2.54334">
				<ele>550.55</ele>
				<time>2026-05-28T18:22:51.056Z</time>
			</trkpt>
			<trkpt lat="44.5583" lon="2.54339">
				<ele>551.6</ele>
				<time>2026-05-28T18:22:52.677Z</time>
			</trkpt>
			<trkpt lat="44.55859" lon="2.54338">
				<ele>552.73</ele>
				<time>2026-05-28T18:22:54.343Z</time>
			</trkpt>
			<trkpt lat="44.55882" lon="2.54332">
				<ele>552.22</ele>
				<time>2026-05-28T18:22:55.686Z</time>
			</trkpt>
			<trkpt lat="44.55989" lon="2.54287">
				<ele>551.01</ele>
				<time>2026-05-28T18:23:02.097Z</time>
			</trkpt>
			<trkpt lat="44.56018" lon="2.54256">
				<ele>552.9</ele>
				<time>2026-05-28T18:23:04.188Z</time>
			</trkpt>
			<trkpt lat="44.56073" lon="2.54178">
				<ele>560.34</ele>
				<time>2026-05-28T18:23:08.673Z</time>
			</trkpt>
			<trkpt lat="44.5612" lon="2.54104">
				<ele>565.76</ele>
				<time>2026-05-28T18:23:12.722Z</time>
			</trkpt>
			<trkpt lat="44.56153" lon="2.54046">
				<ele>571.55</ele>
				<time>2026-05-28T18:23:15.753Z</time>
			</trkpt>
			<trkpt lat="44.56157" lon="2.54033">
				<ele>571.05</ele>
				<time>2026-05-28T18:23:16.331Z</time>
			</trkpt>
			<trkpt lat="44.56171" lon="2.53996">
				<ele>569.75</ele>
				<time>2026-05-28T18:23:18.041Z</time>
			</trkpt>
			<trkpt lat="44.56176" lon="2.53949">
				<ele>568.84</ele>
				<time>2026-05-28T18:23:19.981Z</time>
			</trkpt>
			<trkpt lat="44.56177" lon="2.53912">
				<ele>568.95</ele>
				<time>2026-05-28T18:23:21.492Z</time>
			</trkpt>
			<trkpt lat="44.56183" lon="2.53886">
				<ele>570.29</ele>
				<time>2026-05-28T18:23:22.607Z</time>
			</trkpt>
			<trkpt lat="44.56196" lon="2.53859">
				<ele>569.99</ele>
				<time>2026-05-28T18:23:23.937Z</time>
			</trkpt>
			<trkpt lat="44.56214" lon="2.53831">
				<ele>569.66</ele>
				<time>2026-05-28T18:23:25.475Z</time>
			</trkpt>
			<trkpt lat="44.56224" lon="2.53805">
				<ele>568.98</ele>
				<time>2026-05-28T18:23:26.681Z</time>
			</trkpt>
			<trkpt lat="44.56225" lon="2.53783">
				<ele>568.11</ele>
				<time>2026-05-28T18:23:27.580Z</time>
			</trkpt>
			<trkpt lat="44.56218" lon="2.53765">
				<ele>567.66</ele>
				<time>2026-05-28T18:23:28.416Z</time>
			</trkpt>
			<trkpt lat="44.56187" lon="2.53703">
				<ele>568.49</ele>
				<time>2026-05-28T18:23:31.505Z</time>
			</trkpt>
			<trkpt lat="44.56174" lon="2.53666">
				<ele>571.43</ele>
				<time>2026-05-28T18:23:33.187Z</time>
			</trkpt>
			<trkpt lat="44.56161" lon="2.53623">
				<ele>574.21</ele>
				<time>2026-05-28T18:23:35.091Z</time>
			</trkpt>
			<trkpt lat="44.56147" lon="2.53481">
				<ele>572.04</ele>
				<time>2026-05-28T18:23:40.934Z</time>
			</trkpt>
			<trkpt lat="44.56145" lon="2.53436">
				<ele>575.41</ele>
				<time>2026-05-28T18:23:42.771Z</time>
			</trkpt>
			<trkpt lat="44.56144" lon="2.53417">
				<ele>577.52</ele>
				<time>2026-05-28T18:23:43.547Z</time>
			</trkpt>
			<trkpt lat="44.56147" lon="2.53403">
				<ele>579.19</ele>
				<time>2026-05-28T18:23:44.142Z</time>
			</trkpt>
			<trkpt lat="44.56153" lon="2.53387">
				<ele>580.75</ele>
				<time>2026-05-28T18:23:44.879Z</time>
			</trkpt>
			<trkpt lat="44.56182" lon="2.5335">
				<ele>583.41</ele>
				<time>2026-05-28T18:23:47.119Z</time>
			</trkpt>
			<trkpt lat="44.56191" lon="2.5333">
				<ele>585.68</ele>
				<time>2026-05-28T18:23:48.083Z</time>
			</trkpt>
			<trkpt lat="44.56196" lon="2.53301">
				<ele>586.55</ele>
				<time>2026-05-28T18:23:49.298Z</time>
			</trkpt>
			<trkpt lat="44.56198" lon="2.53259">
				<ele>588.04</ele>
				<time>2026-05-28T18:23:51.012Z</time>
			</trkpt>
			<trkpt lat="44.56197" lon="2.53227">
				<ele>589.9</ele>
				<time>2026-05-28T18:23:52.316Z</time>
			</trkpt>
			<trkpt lat="44.56191" lon="2.53198">
				<ele>590.45</ele>
				<time>2026-05-28T18:23:53.545Z</time>
			</trkpt>
			<trkpt lat="44.56183" lon="2.53185">
				<ele>590.63</ele>
				<time>2026-05-28T18:23:54.245Z</time>
			</trkpt>
			<trkpt lat="44.56169" lon="2.53168">
				<ele>591.64</ele>
				<time>2026-05-28T18:23:55.302Z</time>
			</trkpt>
			<trkpt lat="44.56139" lon="2.53142">
				<ele>593.08</ele>
				<time>2026-05-28T18:23:57.317Z</time>
			</trkpt>
			<trkpt lat="44.56105" lon="2.53104">
				<ele>595.49</ele>
				<time>2026-05-28T18:23:59.799Z</time>
			</trkpt>
			<trkpt lat="44.56093" lon="2.53078">
				<ele>597.49</ele>
				<time>2026-05-28T18:24:01.060Z</time>
			</trkpt>
			<trkpt lat="44.5609" lon="2.53068">
				<ele>598.16</ele>
				<time>2026-05-28T18:24:01.501Z</time>
			</trkpt>
			<trkpt lat="44.56089" lon="2.53055">
				<ele>598.78</ele>
				<time>2026-05-28T18:24:02.034Z</time>
			</trkpt>
			<trkpt lat="44.56091" lon="2.53038">
				<ele>599.92</ele>
				<time>2026-05-28T18:24:02.735Z</time>
			</trkpt>
			<trkpt lat="44.56094" lon="2.53023">
				<ele>600.65</ele>
				<time>2026-05-28T18:24:03.369Z</time>
			</trkpt>
			<trkpt lat="44.56103" lon="2.53006">
				<ele>600.83</ele>
				<time>2026-05-28T18:24:04.230Z</time>
			</trkpt>
			<trkpt lat="44.56128" lon="2.52969">
				<ele>601.16</ele>
				<time>2026-05-28T18:24:06.305Z</time>
			</trkpt>
			<trkpt lat="44.56147" lon="2.52938">
				<ele>602.32</ele>
				<time>2026-05-28T18:24:07.968Z</time>
			</trkpt>
			<trkpt lat="44.5617" lon="2.52886">
				<ele>601.34</ele>
				<time>2026-05-28T18:24:10.457Z</time>
			</trkpt>
			<trkpt lat="44.56198" lon="2.52818">
				<ele>602.66</ele>
				<time>2026-05-28T18:24:13.651Z</time>
			</trkpt>
			<trkpt lat="44.56212" lon="2.52797">
				<ele>601.24</ele>
				<time>2026-05-28T18:24:14.821Z</time>
			</trkpt>
			<trkpt lat="44.56233" lon="2.52773">
				<ele>598.31</ele>
				<time>2026-05-28T18:24:16.366Z</time>
			</trkpt>
			<trkpt lat="44.56269" lon="2.52704">
				<ele>595.09</ele>
				<time>2026-05-28T18:24:19.843Z</time>
			</trkpt>
			<trkpt lat="44.56285" lon="2.52688">
				<ele>594.41</ele>
				<time>2026-05-28T18:24:20.964Z</time>
			</trkpt>
			<trkpt lat="44.56412" lon="2.52602">
				<ele>599.71</ele>
				<time>2026-05-28T18:24:29.006Z</time>
			</trkpt>
			<trkpt lat="44.56427" lon="2.52594">
				<ele>600.53</ele>
				<time>2026-05-28T18:24:29.922Z</time>
			</trkpt>
			<trkpt lat="44.56443" lon="2.5259">
				<ele>601.21</ele>
				<time>2026-05-28T18:24:30.848Z</time>
			</trkpt>
			<trkpt lat="44.56498" lon="2.52582">
				<ele>601.98</ele>
				<time>2026-05-28T18:24:34.001Z</time>
			</trkpt>
			<trkpt lat="44.56518" lon="2.52573">
				<ele>601.88</ele>
				<time>2026-05-28T18:24:35.199Z</time>
			</trkpt>
			<trkpt lat="44.56538" lon="2.52557">
				<ele>601.96</ele>
				<time>2026-05-28T18:24:36.511Z</time>
			</trkpt>
			<trkpt lat="44.56554" lon="2.52542">
				<ele>601.97</ele>
				<time>2026-05-28T18:24:37.608Z</time>
			</trkpt>
			<trkpt lat="44.5663" lon="2.52453">
				<ele>603.72</ele>
				<time>2026-05-28T18:24:43.250Z</time>
			</trkpt>
			<trkpt lat="44.56647" lon="2.52431">
				<ele>603.67</ele>
				<time>2026-05-28T18:24:44.568Z</time>
			</trkpt>
			<trkpt lat="44.56656" lon="2.52415">
				<ele>603.6</ele>
				<time>2026-05-28T18:24:45.396Z</time>
			</trkpt>
			<trkpt lat="44.56665" lon="2.52396">
				<ele>603.22</ele>
				<time>2026-05-28T18:24:46.322Z</time>
			</trkpt>
			<trkpt lat="44.56673" lon="2.52357">
				<ele>602.84</ele>
				<time>2026-05-28T18:24:47.970Z</time>
			</trkpt>
			<trkpt lat="44.5668" lon="2.52281">
				<ele>603.92</ele>
				<time>2026-05-28T18:24:51.081Z</time>
			</trkpt>
			<trkpt lat="44.56684" lon="2.52262">
				<ele>605.06</ele>
				<time>2026-05-28T18:24:51.885Z</time>
			</trkpt>
			<trkpt lat="44.56691" lon="2.5224">
				<ele>607.59</ele>
				<time>2026-05-28T18:24:52.863Z</time>
			</trkpt>
			<trkpt lat="44.56699" lon="2.52223">
				<ele>609.9</ele>
				<time>2026-05-28T18:24:53.690Z</time>
			</trkpt>
			<trkpt lat="44.56722" lon="2.5219">
				<ele>610.84</ele>
				<time>2026-05-28T18:24:55.564Z</time>
			</trkpt>
			<trkpt lat="44.56765" lon="2.52148">
				<ele>609.17</ele>
				<time>2026-05-28T18:24:58.549Z</time>
			</trkpt>
			<trkpt lat="44.56776" lon="2.52142">
				<ele>609.71</ele>
				<time>2026-05-28T18:24:59.221Z</time>
			</trkpt>
			<trkpt lat="44.56808" lon="2.52132">
				<ele>611.92</ele>
				<time>2026-05-28T18:25:01.089Z</time>
			</trkpt>
			<trkpt lat="44.56832" lon="2.52115">
				<ele>614.64</ele>
				<time>2026-05-28T18:25:02.620Z</time>
			</trkpt>
			<trkpt lat="44.56861" lon="2.52092">
				<ele>616.65</ele>
				<time>2026-05-28T18:25:04.518Z</time>
			</trkpt>
			<trkpt lat="44.56899" lon="2.52037">
				<ele>614.5</ele>
				<time>2026-05-28T18:25:07.627Z</time>
			</trkpt>
			<trkpt lat="44.56914" lon="2.52006">
				<ele>613.16</ele>
				<time>2026-05-28T18:25:09.147Z</time>
			</trkpt>
			<trkpt lat="44.56924" lon="2.51978">
				<ele>613.29</ele>
				<time>2026-05-28T18:25:10.418Z</time>
			</trkpt>
			<trkpt lat="44.56936" lon="2.51937">
				<ele>613.15</ele>
				<time>2026-05-28T18:25:12.217Z</time>
			</trkpt>
			<trkpt lat="44.56943" lon="2.51902">
				<ele>612.42</ele>
				<time>2026-05-28T18:25:13.692Z</time>
			</trkpt>
			<trkpt lat="44.56947" lon="2.51867">
				<ele>611.84</ele>
				<time>2026-05-28T18:25:15.130Z</time>
			</trkpt>
			<trkpt lat="44.56948" lon="2.51843">
				<ele>613.57</ele>
				<time>2026-05-28T18:25:16.105Z</time>
			</trkpt>
			<trkpt lat="44.5694" lon="2.51784">
				<ele>616.02</ele>
				<time>2026-05-28T18:25:18.542Z</time>
			</trkpt>
			<trkpt lat="44.56939" lon="2.51761">
				<ele>616.3</ele>
				<time>2026-05-28T18:25:19.477Z</time>
			</trkpt>
			<trkpt lat="44.5694" lon="2.5174">
				<ele>617.38</ele>
				<time>2026-05-28T18:25:20.330Z</time>
			</trkpt>
			<trkpt lat="44.56968" lon="2.51641">
				<ele>625.71</ele>
				<time>2026-05-28T18:25:24.652Z</time>
			</trkpt>
			<trkpt lat="44.56978" lon="2.51616">
				<ele>625.96</ele>
				<time>2026-05-28T18:25:25.815Z</time>
			</trkpt>
			<trkpt lat="44.56985" lon="2.51607">
				<ele>626.69</ele>
				<time>2026-05-28T18:25:26.355Z</time>
			</trkpt>
			<trkpt lat="44.56993" lon="2.51601">
				<ele>627.55</ele>
				<time>2026-05-28T18:25:26.872Z</time>
			</trkpt>
			<trkpt lat="44.57049" lon="2.5157">
				<ele>628.47</ele>
				<time>2026-05-28T18:25:30.299Z</time>
			</trkpt>
			<trkpt lat="44.5706" lon="2.5157">
				<ele>628.34</ele>
				<time>2026-05-28T18:25:30.926Z</time>
			</trkpt>
			<trkpt lat="44.57075" lon="2.51575">
				<ele>628.02</ele>
				<time>2026-05-28T18:25:31.804Z</time>
			</trkpt>
			<trkpt lat="44.57093" lon="2.5159">
				<ele>627.1</ele>
				<time>2026-05-28T18:25:32.996Z</time>
			</trkpt>
			<trkpt lat="44.57104" lon="2.51596">
				<ele>625.73</ele>
				<time>2026-05-28T18:25:33.668Z</time>
			</trkpt>
			<trkpt lat="44.57113" lon="2.51597">
				<ele>625.07</ele>
				<time>2026-05-28T18:25:34.182Z</time>
			</trkpt>
			<trkpt lat="44.57122" lon="2.51594">
				<ele>625.61</ele>
				<time>2026-05-28T18:25:34.708Z</time>
			</trkpt>
			<trkpt lat="44.57152" lon="2.51572">
				<ele>627.68</ele>
				<time>2026-05-28T18:25:36.636Z</time>
			</trkpt>
			<trkpt lat="44.57175" lon="2.51545">
				<ele>628</ele>
				<time>2026-05-28T18:25:38.343Z</time>
			</trkpt>
			<trkpt lat="44.57205" lon="2.51509">
				<ele>626.94</ele>
				<time>2026-05-28T18:25:40.590Z</time>
			</trkpt>
			<trkpt lat="44.57249" lon="2.51449">
				<ele>628.11</ele>
				<time>2026-05-28T18:25:44.083Z</time>
			</trkpt>
			<trkpt lat="44.57257" lon="2.51433">
				<ele>628.28</ele>
				<time>2026-05-28T18:25:44.876Z</time>
			</trkpt>
			<trkpt lat="44.57265" lon="2.51413">
				<ele>628.54</ele>
				<time>2026-05-28T18:25:45.806Z</time>
			</trkpt>
			<trkpt lat="44.57266" lon="2.51394">
				<ele>628.6</ele>
				<time>2026-05-28T18:25:46.579Z</time>
			</trkpt>
			<trkpt lat="44.57264" lon="2.51265">
				<ele>629.27</ele>
				<time>2026-05-28T18:25:51.813Z</time>
			</trkpt>
			<trkpt lat="44.57268" lon="2.51239">
				<ele>629.12</ele>
				<time>2026-05-28T18:25:52.892Z</time>
			</trkpt>
			<trkpt lat="44.57276" lon="2.51216">
				<ele>629.25</ele>
				<time>2026-05-28T18:25:53.930Z</time>
			</trkpt>
			<trkpt lat="44.57294" lon="2.51185">
				<ele>628.74</ele>
				<time>2026-05-28T18:25:55.552Z</time>
			</trkpt>
			<trkpt lat="44.57304" lon="2.51172">
				<ele>628.64</ele>
				<time>2026-05-28T18:25:56.329Z</time>
			</trkpt>
			<trkpt lat="44.57319" lon="2.51161">
				<ele>628.2</ele>
				<time>2026-05-28T18:25:57.292Z</time>
			</trkpt>
			<trkpt lat="44.57571" lon="2.51021">
				<ele>625.36</ele>
				<time>2026-05-28T18:26:12.727Z</time>
			</trkpt>
			<trkpt lat="44.57703" lon="2.50905">
				<ele>629.94</ele>
				<time>2026-05-28T18:26:21.598Z</time>
			</trkpt>
			<trkpt lat="44.57754" lon="2.50857">
				<ele>631.6</ele>
				<time>2026-05-28T18:26:25.096Z</time>
			</trkpt>
			<trkpt lat="44.57759" lon="2.50845">
				<ele>632.38</ele>
				<time>2026-05-28T18:26:25.660Z</time>
			</trkpt>
			<trkpt lat="44.57759" lon="2.50828">
				<ele>633.12</ele>
				<time>2026-05-28T18:26:26.350Z</time>
			</trkpt>
			<trkpt lat="44.57754" lon="2.50816">
				<ele>633.58</ele>
				<time>2026-05-28T18:26:26.914Z</time>
			</trkpt>
			<trkpt lat="44.5774" lon="2.50798">
				<ele>634.76</ele>
				<time>2026-05-28T18:26:27.996Z</time>
			</trkpt>
			<trkpt lat="44.5772" lon="2.50778">
				<ele>636.81</ele>
				<time>2026-05-28T18:26:29.395Z</time>
			</trkpt>
			<trkpt lat="44.57705" lon="2.5077">
				<ele>636.93</ele>
				<time>2026-05-28T18:26:30.310Z</time>
			</trkpt>
			<trkpt lat="44.57688" lon="2.5077">
				<ele>636.13</ele>
				<time>2026-05-28T18:26:31.278Z</time>
			</trkpt>
			<trkpt lat="44.57668" lon="2.50779">
				<ele>634.02</ele>
				<time>2026-05-28T18:26:32.475Z</time>
			</trkpt>
			<trkpt lat="44.57654" lon="2.50788">
				<ele>633.23</ele>
				<time>2026-05-28T18:26:33.353Z</time>
			</trkpt>
			<trkpt lat="44.57643" lon="2.50789">
				<ele>633.17</ele>
				<time>2026-05-28T18:26:33.981Z</time>
			</trkpt>
			<trkpt lat="44.57635" lon="2.50781">
				<ele>633.76</ele>
				<time>2026-05-28T18:26:34.541Z</time>
			</trkpt>
			<trkpt lat="44.5763" lon="2.50765">
				<ele>635.05</ele>
				<time>2026-05-28T18:26:35.250Z</time>
			</trkpt>
			<trkpt lat="44.57629" lon="2.50744">
				<ele>636.52</ele>
				<time>2026-05-28T18:26:36.104Z</time>
			</trkpt>
			<trkpt lat="44.57632" lon="2.50703">
				<ele>637.22</ele>
				<time>2026-05-28T18:26:37.778Z</time>
			</trkpt>
			<trkpt lat="44.57639" lon="2.50675">
				<ele>637.01</ele>
				<time>2026-05-28T18:26:38.983Z</time>
			</trkpt>
			<trkpt lat="44.57726" lon="2.50552">
				<ele>633.75</ele>
				<time>2026-05-28T18:26:46.022Z</time>
			</trkpt>
			<trkpt lat="44.57794" lon="2.50474">
				<ele>630.47</ele>
				<time>2026-05-28T18:26:51.029Z</time>
			</trkpt>
			<trkpt lat="44.57803" lon="2.50457">
				<ele>629.57</ele>
				<time>2026-05-28T18:26:51.889Z</time>
			</trkpt>
			<trkpt lat="44.57809" lon="2.50437">
				<ele>628.8</ele>
				<time>2026-05-28T18:26:52.771Z</time>
			</trkpt>
			<trkpt lat="44.57811" lon="2.50411">
				<ele>628.02</ele>
				<time>2026-05-28T18:26:53.833Z</time>
			</trkpt>
			<trkpt lat="44.57808" lon="2.50389">
				<ele>626.73</ele>
				<time>2026-05-28T18:26:54.743Z</time>
			</trkpt>
			<trkpt lat="44.57801" lon="2.50368">
				<ele>626.73</ele>
				<time>2026-05-28T18:26:55.685Z</time>
			</trkpt>
			<trkpt lat="44.57796" lon="2.50343">
				<ele>626.42</ele>
				<time>2026-05-28T18:26:56.740Z</time>
			</trkpt>
			<trkpt lat="44.57792" lon="2.50317">
				<ele>625.88</ele>
				<time>2026-05-28T18:26:57.821Z</time>
			</trkpt>
			<trkpt lat="44.57793" lon="2.50291">
				<ele>625.36</ele>
				<time>2026-05-28T18:26:58.879Z</time>
			</trkpt>
			<trkpt lat="44.57801" lon="2.50261">
				<ele>625.01</ele>
				<time>2026-05-28T18:27:00.181Z</time>
			</trkpt>
			<trkpt lat="44.57814" lon="2.50242">
				<ele>624.91</ele>
				<time>2026-05-28T18:27:01.251Z</time>
			</trkpt>
			<trkpt lat="44.57838" lon="2.50212">
				<ele>624.83</ele>
				<time>2026-05-28T18:27:03.085Z</time>
			</trkpt>
			<trkpt lat="44.57847" lon="2.50188">
				<ele>623.71</ele>
				<time>2026-05-28T18:27:04.187Z</time>
			</trkpt>
			<trkpt lat="44.5785" lon="2.50167">
				<ele>622.5</ele>
				<time>2026-05-28T18:27:05.058Z</time>
			</trkpt>
			<trkpt lat="44.57847" lon="2.50143">
				<ele>620.97</ele>
				<time>2026-05-28T18:27:06.048Z</time>
			</trkpt>
			<trkpt lat="44.57848" lon="2.50117">
				<ele>618.75</ele>
				<time>2026-05-28T18:27:07.107Z</time>
			</trkpt>
			<trkpt lat="44.57856" lon="2.50094">
				<ele>616.36</ele>
				<time>2026-05-28T18:27:08.147Z</time>
			</trkpt>
			<trkpt lat="44.57866" lon="2.50075">
				<ele>614.91</ele>
				<time>2026-05-28T18:27:09.108Z</time>
			</trkpt>
			<trkpt lat="44.57886" lon="2.50055">
				<ele>615.9</ele>
				<time>2026-05-28T18:27:10.509Z</time>
			</trkpt>
			<trkpt lat="44.57943" lon="2.50022">
				<ele>617</ele>
				<time>2026-05-28T18:27:14.029Z</time>
			</trkpt>
			<trkpt lat="44.57971" lon="2.50013">
				<ele>618.45</ele>
				<time>2026-05-28T18:27:15.669Z</time>
			</trkpt>
			<trkpt lat="44.58057" lon="2.49995">
				<ele>627.26</ele>
				<time>2026-05-28T18:27:20.635Z</time>
			</trkpt>
			<trkpt lat="44.58074" lon="2.4998">
				<ele>629.07</ele>
				<time>2026-05-28T18:27:21.782Z</time>
			</trkpt>
			<trkpt lat="44.58085" lon="2.49961">
				<ele>630.16</ele>
				<time>2026-05-28T18:27:22.778Z</time>
			</trkpt>
			<trkpt lat="44.58097" lon="2.49928">
				<ele>630.16</ele>
				<time>2026-05-28T18:27:24.286Z</time>
			</trkpt>
			<trkpt lat="44.58112" lon="2.49901">
				<ele>630.63</ele>
				<time>2026-05-28T18:27:25.679Z</time>
			</trkpt>
			<trkpt lat="44.58139" lon="2.49864">
				<ele>634.14</ele>
				<time>2026-05-28T18:27:27.835Z</time>
			</trkpt>
			<trkpt lat="44.58146" lon="2.49848">
				<ele>635.01</ele>
				<time>2026-05-28T18:27:28.599Z</time>
			</trkpt>
			<trkpt lat="44.58149" lon="2.49837">
				<ele>635.64</ele>
				<time>2026-05-28T18:27:29.078Z</time>
			</trkpt>
			<trkpt lat="44.5815" lon="2.49824">
				<ele>636.15</ele>
				<time>2026-05-28T18:27:29.611Z</time>
			</trkpt>
			<trkpt lat="44.58145" lon="2.49803">
				<ele>636.56</ele>
				<time>2026-05-28T18:27:30.512Z</time>
			</trkpt>
			<trkpt lat="44.58135" lon="2.49786">
				<ele>636.25</ele>
				<time>2026-05-28T18:27:31.410Z</time>
			</trkpt>
			<trkpt lat="44.58128" lon="2.4976">
				<ele>636.08</ele>
				<time>2026-05-28T18:27:32.541Z</time>
			</trkpt>
			<trkpt lat="44.58117" lon="2.49693">
				<ele>638.99</ele>
				<time>2026-05-28T18:27:35.341Z</time>
			</trkpt>
			<trkpt lat="44.58119" lon="2.49687">
				<ele>639.57</ele>
				<time>2026-05-28T18:27:35.611Z</time>
			</trkpt>
			<trkpt lat="44.58124" lon="2.49683">
				<ele>640.32</ele>
				<time>2026-05-28T18:27:35.940Z</time>
			</trkpt>
			<trkpt lat="44.58144" lon="2.4969">
				<ele>642.22</ele>
				<time>2026-05-28T18:27:37.118Z</time>
			</trkpt>
			<trkpt lat="44.5821" lon="2.49719">
				<ele>642.11</ele>
				<time>2026-05-28T18:27:41.073Z</time>
			</trkpt>
			<trkpt lat="44.58244" lon="2.49728">
				<ele>641.95</ele>
				<time>2026-05-28T18:27:43.052Z</time>
			</trkpt>
			<trkpt lat="44.5827" lon="2.49717">
				<ele>642.58</ele>
				<time>2026-05-28T18:27:44.605Z</time>
			</trkpt>
			<trkpt lat="44.58292" lon="2.49696">
				<ele>642.52</ele>
				<time>2026-05-28T18:27:46.128Z</time>
			</trkpt>
			<trkpt lat="44.58315" lon="2.49665">
				<ele>642.34</ele>
				<time>2026-05-28T18:27:47.952Z</time>
			</trkpt>
			<trkpt lat="44.58364" lon="2.4954">
				<ele>635.42</ele>
				<time>2026-05-28T18:27:53.769Z</time>
			</trkpt>
			<trkpt lat="44.5844" lon="2.49403">
				<ele>637.61</ele>
				<time>2026-05-28T18:28:00.852Z</time>
			</trkpt>
			<trkpt lat="44.58451" lon="2.49374">
				<ele>640.12</ele>
				<time>2026-05-28T18:28:02.192Z</time>
			</trkpt>
			<trkpt lat="44.58459" lon="2.49327">
				<ele>640.64</ele>
				<time>2026-05-28T18:28:04.164Z</time>
			</trkpt>
			<trkpt lat="44.58466" lon="2.49256">
				<ele>642.04</ele>
				<time>2026-05-28T18:28:07.090Z</time>
			</trkpt>
			<trkpt lat="44.58477" lon="2.49133">
				<ele>639.32</ele>
				<time>2026-05-28T18:28:12.151Z</time>
			</trkpt>
			<trkpt lat="44.58476" lon="2.49109">
				<ele>638.32</ele>
				<time>2026-05-28T18:28:13.133Z</time>
			</trkpt>
			<trkpt lat="44.58469" lon="2.49079">
				<ele>638.06</ele>
				<time>2026-05-28T18:28:14.423Z</time>
			</trkpt>
			<trkpt lat="44.58459" lon="2.49055">
				<ele>638.55</ele>
				<time>2026-05-28T18:28:15.559Z</time>
			</trkpt>
			<trkpt lat="44.58438" lon="2.4902">
				<ele>638.78</ele>
				<time>2026-05-28T18:28:17.428Z</time>
			</trkpt>
			<trkpt lat="44.5839" lon="2.48953">
				<ele>635.13</ele>
				<time>2026-05-28T18:28:21.312Z</time>
			</trkpt>
			<trkpt lat="44.58378" lon="2.48928">
				<ele>634.8</ele>
				<time>2026-05-28T18:28:22.545Z</time>
			</trkpt>
			<trkpt lat="44.58374" lon="2.48909">
				<ele>634.84</ele>
				<time>2026-05-28T18:28:23.355Z</time>
			</trkpt>
			<trkpt lat="44.58375" lon="2.4889">
				<ele>634.53</ele>
				<time>2026-05-28T18:28:24.134Z</time>
			</trkpt>
			<trkpt lat="44.58379" lon="2.4887">
				<ele>633.77</ele>
				<time>2026-05-28T18:28:24.983Z</time>
			</trkpt>
			<trkpt lat="44.58386" lon="2.48851">
				<ele>633.04</ele>
				<time>2026-05-28T18:28:25.858Z</time>
			</trkpt>
			<trkpt lat="44.58414" lon="2.48794">
				<ele>630.94</ele>
				<time>2026-05-28T18:28:28.690Z</time>
			</trkpt>
			<trkpt lat="44.58437" lon="2.48752">
				<ele>628.63</ele>
				<time>2026-05-28T18:28:30.857Z</time>
			</trkpt>
			<trkpt lat="44.5845" lon="2.48738">
				<ele>627.51</ele>
				<time>2026-05-28T18:28:31.799Z</time>
			</trkpt>
			<trkpt lat="44.58466" lon="2.48735">
				<ele>626.65</ele>
				<time>2026-05-28T18:28:32.726Z</time>
			</trkpt>
			<trkpt lat="44.58518" lon="2.48738">
				<ele>626.07</ele>
				<time>2026-05-28T18:28:35.717Z</time>
			</trkpt>
			<trkpt lat="44.58538" lon="2.48732">
				<ele>623.71</ele>
				<time>2026-05-28T18:28:36.892Z</time>
			</trkpt>
			<trkpt lat="44.5857" lon="2.48705">
				<ele>621.61</ele>
				<time>2026-05-28T18:28:39.039Z</time>
			</trkpt>
			<trkpt lat="44.58588" lon="2.4868">
				<ele>621.82</ele>
				<time>2026-05-28T18:28:40.495Z</time>
			</trkpt>
			<trkpt lat="44.58602" lon="2.48654">
				<ele>621.29</ele>
				<time>2026-05-28T18:28:41.830Z</time>
			</trkpt>
			<trkpt lat="44.58616" lon="2.48623">
				<ele>621</ele>
				<time>2026-05-28T18:28:43.333Z</time>
			</trkpt>
			<trkpt lat="44.58637" lon="2.48558">
				<ele>619.99</ele>
				<time>2026-05-28T18:28:46.258Z</time>
			</trkpt>
			<trkpt lat="44.58656" lon="2.48513">
				<ele>620.26</ele>
				<time>2026-05-28T18:28:48.402Z</time>
			</trkpt>
			<trkpt lat="44.58686" lon="2.48451">
				<ele>620.23</ele>
				<time>2026-05-28T18:28:51.475Z</time>
			</trkpt>
			<trkpt lat="44.5872" lon="2.48374">
				<ele>621.79</ele>
				<time>2026-05-28T18:28:55.191Z</time>
			</trkpt>
			<trkpt lat="44.58747" lon="2.48336">
				<ele>623.7</ele>
				<time>2026-05-28T18:28:57.393Z</time>
			</trkpt>
			<trkpt lat="44.58788" lon="2.48285">
				<ele>626.12</ele>
				<time>2026-05-28T18:29:00.550Z</time>
			</trkpt>
			<trkpt lat="44.58805" lon="2.48277">
				<ele>626.89</ele>
				<time>2026-05-28T18:29:01.583Z</time>
			</trkpt>
			<trkpt lat="44.58842" lon="2.48273">
				<ele>625.99</ele>
				<time>2026-05-28T18:29:03.723Z</time>
			</trkpt>
			<trkpt lat="44.58858" lon="2.48268">
				<ele>624.77</ele>
				<time>2026-05-28T18:29:04.668Z</time>
			</trkpt>
			<trkpt lat="44.58889" lon="2.48241">
				<ele>624</ele>
				<time>2026-05-28T18:29:06.772Z</time>
			</trkpt>
			<trkpt lat="44.58918" lon="2.48209">
				<ele>624.45</ele>
				<time>2026-05-28T18:29:08.899Z</time>
			</trkpt>
			<trkpt lat="44.58968" lon="2.48171">
				<ele>624.02</ele>
				<time>2026-05-28T18:29:12.180Z</time>
			</trkpt>
			<trkpt lat="44.58975" lon="2.48162">
				<ele>623.59</ele>
				<time>2026-05-28T18:29:12.728Z</time>
			</trkpt>
			<trkpt lat="44.58984" lon="2.48137">
				<ele>622.44</ele>
				<time>2026-05-28T18:29:13.880Z</time>
			</trkpt>
			<trkpt lat="44.58987" lon="2.48122">
				<ele>622.57</ele>
				<time>2026-05-28T18:29:14.521Z</time>
			</trkpt>
			<trkpt lat="44.58989" lon="2.48081">
				<ele>622.76</ele>
				<time>2026-05-28T18:29:16.210Z</time>
			</trkpt>
			<trkpt lat="44.59" lon="2.48018">
				<ele>619.35</ele>
				<time>2026-05-28T18:29:18.879Z</time>
			</trkpt>
			<trkpt lat="44.59012" lon="2.47986">
				<ele>618.22</ele>
				<time>2026-05-28T18:29:20.367Z</time>
			</trkpt>
			<trkpt lat="44.59019" lon="2.47971">
				<ele>617.96</ele>
				<time>2026-05-28T18:29:21.105Z</time>
			</trkpt>
			<trkpt lat="44.59032" lon="2.47953">
				<ele>617.25</ele>
				<time>2026-05-28T18:29:22.160Z</time>
			</trkpt>
			<trkpt lat="44.59059" lon="2.47928">
				<ele>616.34</ele>
				<time>2026-05-28T18:29:24.029Z</time>
			</trkpt>
			<trkpt lat="44.59071" lon="2.47921">
				<ele>615.73</ele>
				<time>2026-05-28T18:29:24.780Z</time>
			</trkpt>
			<trkpt lat="44.59113" lon="2.47912">
				<ele>615.65</ele>
				<time>2026-05-28T18:29:27.237Z</time>
			</trkpt>
			<trkpt lat="44.59125" lon="2.47905">
				<ele>614.85</ele>
				<time>2026-05-28T18:29:27.989Z</time>
			</trkpt>
			<trkpt lat="44.59139" lon="2.47887">
				<ele>613.93</ele>
				<time>2026-05-28T18:29:29.087Z</time>
			</trkpt>
			<trkpt lat="44.59159" lon="2.47841">
				<ele>610.58</ele>
				<time>2026-05-28T18:29:31.307Z</time>
			</trkpt>
			<trkpt lat="44.59186" lon="2.47788">
				<ele>609.71</ele>
				<time>2026-05-28T18:29:33.993Z</time>
			</trkpt>
			<trkpt lat="44.59192" lon="2.47784">
				<ele>609.91</ele>
				<time>2026-05-28T18:29:34.378Z</time>
			</trkpt>
			<trkpt lat="44.59196" lon="2.47778">
				<ele>610</ele>
				<time>2026-05-28T18:29:34.716Z</time>
			</trkpt>
			<trkpt lat="44.59197" lon="2.47752">
				<ele>610</ele>
				<time>2026-05-28T18:29:35.790Z</time>
			</trkpt>
			<trkpt lat="44.59207" lon="2.47671">
				<ele>611.52</ele>
				<time>2026-05-28T18:29:39.181Z</time>
			</trkpt>
			<trkpt lat="44.59214" lon="2.47648">
				<ele>611.22</ele>
				<time>2026-05-28T18:29:40.212Z</time>
			</trkpt>
			<trkpt lat="44.5922" lon="2.47637">
				<ele>611.67</ele>
				<time>2026-05-28T18:29:40.784Z</time>
			</trkpt>
			<trkpt lat="44.59306" lon="2.47538">
				<ele>615.83</ele>
				<time>2026-05-28T18:29:47.231Z</time>
			</trkpt>
			<trkpt lat="44.59324" lon="2.47523">
				<ele>616.64</ele>
				<time>2026-05-28T18:29:48.445Z</time>
			</trkpt>
			<trkpt lat="44.59342" lon="2.47513">
				<ele>617.13</ele>
				<time>2026-05-28T18:29:49.568Z</time>
			</trkpt>
			<trkpt lat="44.59381" lon="2.47499">
				<ele>617.71</ele>
				<time>2026-05-28T18:29:51.903Z</time>
			</trkpt>
			<trkpt lat="44.59391" lon="2.47491">
				<ele>617.8</ele>
				<time>2026-05-28T18:29:52.571Z</time>
			</trkpt>
			<trkpt lat="44.59405" lon="2.47472">
				<ele>618.16</ele>
				<time>2026-05-28T18:29:53.701Z</time>
			</trkpt>
			<trkpt lat="44.5958" lon="2.47102">
				<ele>618.64</ele>
				<time>2026-05-28T18:30:12.089Z</time>
			</trkpt>
			<trkpt lat="44.59586" lon="2.47062">
				<ele>617.34</ele>
				<time>2026-05-28T18:30:13.783Z</time>
			</trkpt>
			<trkpt lat="44.5959" lon="2.46949">
				<ele>616.82</ele>
				<time>2026-05-28T18:30:18.477Z</time>
			</trkpt>
			<trkpt lat="44.59598" lon="2.46861">
				<ele>622.4</ele>
				<time>2026-05-28T18:30:22.159Z</time>
			</trkpt>
			<trkpt lat="44.59613" lon="2.46791">
				<ele>623.95</ele>
				<time>2026-05-28T18:30:25.195Z</time>
			</trkpt>
			<trkpt lat="44.5963" lon="2.46756">
				<ele>623.77</ele>
				<time>2026-05-28T18:30:26.955Z</time>
			</trkpt>
			<trkpt lat="44.59662" lon="2.46715">
				<ele>624.81</ele>
				<time>2026-05-28T18:30:29.484Z</time>
			</trkpt>
			<trkpt lat="44.59704" lon="2.46686">
				<ele>623.73</ele>
				<time>2026-05-28T18:30:32.217Z</time>
			</trkpt>
			<trkpt lat="44.59768" lon="2.46648">
				<ele>625.1</ele>
				<time>2026-05-28T18:30:36.277Z</time>
			</trkpt>
			<trkpt lat="44.59895" lon="2.4656">
				<ele>629.85</ele>
				<time>2026-05-28T18:30:44.560Z</time>
			</trkpt>
			<trkpt lat="44.59957" lon="2.46527">
				<ele>629.47</ele>
				<time>2026-05-28T18:30:48.442Z</time>
			</trkpt>
			<trkpt lat="44.59978" lon="2.46518">
				<ele>630.4</ele>
				<time>2026-05-28T18:30:49.729Z</time>
			</trkpt>
			<trkpt lat="44.59993" lon="2.46517">
				<ele>629.99</ele>
				<time>2026-05-28T18:30:50.609Z</time>
			</trkpt>
			<trkpt lat="44.60076" lon="2.46512">
				<ele>630.85</ele>
				<time>2026-05-28T18:30:55.479Z</time>
			</trkpt>
			<trkpt lat="44.60105" lon="2.46505">
				<ele>630.98</ele>
				<time>2026-05-28T18:30:57.205Z</time>
			</trkpt>
			<trkpt lat="44.60119" lon="2.46497">
				<ele>630.77</ele>
				<time>2026-05-28T18:30:58.091Z</time>
			</trkpt>
			<trkpt lat="44.6016" lon="2.46466">
				<ele>629.59</ele>
				<time>2026-05-28T18:31:00.824Z</time>
			</trkpt>
			<trkpt lat="44.60178" lon="2.46445">
				<ele>628.32</ele>
				<time>2026-05-28T18:31:02.198Z</time>
			</trkpt>
			<trkpt lat="44.60229" lon="2.46373">
				<ele>624.73</ele>
				<time>2026-05-28T18:31:06.446Z</time>
			</trkpt>
			<trkpt lat="44.60248" lon="2.46353">
				<ele>624.3</ele>
				<time>2026-05-28T18:31:07.841Z</time>
			</trkpt>
			<trkpt lat="44.60273" lon="2.46333">
				<ele>624.98</ele>
				<time>2026-05-28T18:31:09.533Z</time>
			</trkpt>
			<trkpt lat="44.60301" lon="2.46321">
				<ele>625.03</ele>
				<time>2026-05-28T18:31:11.255Z</time>
			</trkpt>
			<trkpt lat="44.60352" lon="2.46313">
				<ele>624.39</ele>
				<time>2026-05-28T18:31:14.274Z</time>
			</trkpt>
			<trkpt lat="44.60396" lon="2.46313">
				<ele>626.15</ele>
				<time>2026-05-28T18:31:16.864Z</time>
			</trkpt>
			<trkpt lat="44.60415" lon="2.46311">
				<ele>627.46</ele>
				<time>2026-05-28T18:31:17.986Z</time>
			</trkpt>
			<trkpt lat="44.60431" lon="2.46309">
				<ele>627.2</ele>
				<time>2026-05-28T18:31:18.932Z</time>
			</trkpt>
			<trkpt lat="44.60445" lon="2.46303">
				<ele>627.16</ele>
				<time>2026-05-28T18:31:19.794Z</time>
			</trkpt>
			<trkpt lat="44.60466" lon="2.46287">
				<ele>626.6</ele>
				<time>2026-05-28T18:31:21.202Z</time>
			</trkpt>
			<trkpt lat="44.60525" lon="2.46233">
				<ele>624.69</ele>
				<time>2026-05-28T18:31:25.354Z</time>
			</trkpt>
			<trkpt lat="44.60563" lon="2.46208">
				<ele>624.04</ele>
				<time>2026-05-28T18:31:27.829Z</time>
			</trkpt>
			<trkpt lat="44.60672" lon="2.46147">
				<ele>623.2</ele>
				<time>2026-05-28T18:31:34.757Z</time>
			</trkpt>
			<trkpt lat="44.60698" lon="2.46138">
				<ele>624.13</ele>
				<time>2026-05-28T18:31:36.340Z</time>
			</trkpt>
			<trkpt lat="44.60702" lon="2.46139">
				<ele>624.28</ele>
				<time>2026-05-28T18:31:36.580Z</time>
			</trkpt>
			<trkpt lat="44.60704" lon="2.46126">
				<ele>624.2</ele>
				<time>2026-05-28T18:31:37.140Z</time>
			</trkpt>
			<trkpt lat="44.60734" lon="2.46054">
				<ele>622.91</ele>
				<time>2026-05-28T18:31:40.652Z</time>
			</trkpt>
			<trkpt lat="44.6074" lon="2.46042">
				<ele>622.38</ele>
				<time>2026-05-28T18:31:41.270Z</time>
			</trkpt>
			<trkpt lat="44.60751" lon="2.46028">
				<ele>621.92</ele>
				<time>2026-05-28T18:31:42.148Z</time>
			</trkpt>
			<trkpt lat="44.6076" lon="2.46018">
				<ele>620.52</ele>
				<time>2026-05-28T18:31:42.827Z</time>
			</trkpt>
			<trkpt lat="44.60769" lon="2.46012">
				<ele>619.72</ele>
				<time>2026-05-28T18:31:43.417Z</time>
			</trkpt>
			<trkpt lat="44.60833" lon="2.45984">
				<ele>617.89</ele>
				<time>2026-05-28T18:31:47.386Z</time>
			</trkpt>
			<trkpt lat="44.60843" lon="2.45977">
				<ele>617.66</ele>
				<time>2026-05-28T18:31:48.048Z</time>
			</trkpt>
			<trkpt lat="44.60863" lon="2.4595">
				<ele>617.25</ele>
				<time>2026-05-28T18:31:49.692Z</time>
			</trkpt>
			<trkpt lat="44.6087" lon="2.4593">
				<ele>616.69</ele>
				<time>2026-05-28T18:31:50.633Z</time>
			</trkpt>
			<trkpt lat="44.60877" lon="2.45901">
				<ele>615.65</ele>
				<time>2026-05-28T18:31:51.925Z</time>
			</trkpt>
			<trkpt lat="44.60899" lon="2.45776">
				<ele>608.68</ele>
				<time>2026-05-28T18:31:57.352Z</time>
			</trkpt>
			<trkpt lat="44.60912" lon="2.4571">
				<ele>606.24</ele>
				<time>2026-05-28T18:32:00.191Z</time>
			</trkpt>
			<trkpt lat="44.6092" lon="2.45687">
				<ele>605.69</ele>
				<time>2026-05-28T18:32:01.240Z</time>
			</trkpt>
			<trkpt lat="44.60925" lon="2.45679">
				<ele>605.4</ele>
				<time>2026-05-28T18:32:01.675Z</time>
			</trkpt>
			<trkpt lat="44.60939" lon="2.45662">
				<ele>605.14</ele>
				<time>2026-05-28T18:32:02.732Z</time>
			</trkpt>
			<trkpt lat="44.60946" lon="2.45657">
				<ele>604.9</ele>
				<time>2026-05-28T18:32:03.179Z</time>
			</trkpt>
			<trkpt lat="44.60953" lon="2.45652">
				<ele>603.93</ele>
				<time>2026-05-28T18:32:03.624Z</time>
			</trkpt>
			<trkpt lat="44.60967" lon="2.45648">
				<ele>602.7</ele>
				<time>2026-05-28T18:32:04.432Z</time>
			</trkpt>
			<trkpt lat="44.60983" lon="2.45654">
				<ele>601.96</ele>
				<time>2026-05-28T18:32:05.364Z</time>
			</trkpt>
			<trkpt lat="44.61004" lon="2.45673">
				<ele>602.91</ele>
				<time>2026-05-28T18:32:06.759Z</time>
			</trkpt>
			<trkpt lat="44.61019" lon="2.45683">
				<ele>603.6</ele>
				<time>2026-05-28T18:32:07.681Z</time>
			</trkpt>
			<trkpt lat="44.61025" lon="2.45683">
				<ele>603.35</ele>
				<time>2026-05-28T18:32:08.013Z</time>
			</trkpt>
			<trkpt lat="44.61031" lon="2.4568">
				<ele>603.14</ele>
				<time>2026-05-28T18:32:08.365Z</time>
			</trkpt>
			<trkpt lat="44.6104" lon="2.45666">
				<ele>602.94</ele>
				<time>2026-05-28T18:32:09.104Z</time>
			</trkpt>
			<trkpt lat="44.61046" lon="2.45646">
				<ele>602.2</ele>
				<time>2026-05-28T18:32:09.950Z</time>
			</trkpt>
			<trkpt lat="44.61064" lon="2.45559">
				<ele>595.98</ele>
				<time>2026-05-28T18:32:13.439Z</time>
			</trkpt>
			<trkpt lat="44.61065" lon="2.45542">
				<ele>595.7</ele>
				<time>2026-05-28T18:32:14.088Z</time>
			</trkpt>
			<trkpt lat="44.61062" lon="2.45528">
				<ele>595.52</ele>
				<time>2026-05-28T18:32:14.642Z</time>
			</trkpt>
			<trkpt lat="44.61055" lon="2.45508">
				<ele>595.71</ele>
				<time>2026-05-28T18:32:15.483Z</time>
			</trkpt>
			<trkpt lat="44.61049" lon="2.45499">
				<ele>595.33</ele>
				<time>2026-05-28T18:32:15.947Z</time>
			</trkpt>
			<trkpt lat="44.61037" lon="2.45488">
				<ele>594.87</ele>
				<time>2026-05-28T18:32:16.701Z</time>
			</trkpt>
			<trkpt lat="44.61008" lon="2.45463">
				<ele>593.54</ele>
				<time>2026-05-28T18:32:18.479Z</time>
			</trkpt>
			<trkpt lat="44.60997" lon="2.45445">
				<ele>593.57</ele>
				<time>2026-05-28T18:32:19.355Z</time>
			</trkpt>
			<trkpt lat="44.60994" lon="2.45428">
				<ele>594.29</ele>
				<time>2026-05-28T18:32:19.998Z</time>
			</trkpt>
			<trkpt lat="44.60994" lon="2.45408">
				<ele>595.11</ele>
				<time>2026-05-28T18:32:20.730Z</time>
			</trkpt>
			<trkpt lat="44.61007" lon="2.45317">
				<ele>597.37</ele>
				<time>2026-05-28T18:32:24.085Z</time>
			</trkpt>
			<trkpt lat="44.61006" lon="2.45289">
				<ele>598.31</ele>
				<time>2026-05-28T18:32:25.085Z</time>
			</trkpt>
			<trkpt lat="44.61001" lon="2.45274">
				<ele>599.31</ele>
				<time>2026-05-28T18:32:25.673Z</time>
			</trkpt>
			<trkpt lat="44.60995" lon="2.45263">
				<ele>599.62</ele>
				<time>2026-05-28T18:32:26.164Z</time>
			</trkpt>
			<trkpt lat="44.60971" lon="2.45231">
				<ele>599.56</ele>
				<time>2026-05-28T18:32:27.798Z</time>
			</trkpt>
			<trkpt lat="44.60966" lon="2.45222">
				<ele>599.35</ele>
				<time>2026-05-28T18:32:28.197Z</time>
			</trkpt>
			<trkpt lat="44.60959" lon="2.45202">
				<ele>598.28</ele>
				<time>2026-05-28T18:32:28.973Z</time>
			</trkpt>
			<trkpt lat="44.60959" lon="2.4519">
				<ele>598.07</ele>
				<time>2026-05-28T18:32:29.390Z</time>
			</trkpt>
			<trkpt lat="44.60959" lon="2.45173">
				<ele>598.08</ele>
				<time>2026-05-28T18:32:29.978Z</time>
			</trkpt>
			<trkpt lat="44.60961" lon="2.45161">
				<ele>598.22</ele>
				<time>2026-05-28T18:32:30.403Z</time>
			</trkpt>
			<trkpt lat="44.60975" lon="2.45114">
				<ele>599.44</ele>
				<time>2026-05-28T18:32:32.149Z</time>
			</trkpt>
			<trkpt lat="44.60979" lon="2.45081">
				<ele>600.36</ele>
				<time>2026-05-28T18:32:33.286Z</time>
			</trkpt>
			<trkpt lat="44.60979" lon="2.45045">
				<ele>601.32</ele>
				<time>2026-05-28T18:32:34.500Z</time>
			</trkpt>
			<trkpt lat="44.60974" lon="2.45018">
				<ele>601.86</ele>
				<time>2026-05-28T18:32:35.435Z</time>
			</trkpt>
			<trkpt lat="44.60967" lon="2.45">
				<ele>602.82</ele>
				<time>2026-05-28T18:32:36.119Z</time>
			</trkpt>
			<trkpt lat="44.6095" lon="2.44981">
				<ele>604.21</ele>
				<time>2026-05-28T18:32:37.131Z</time>
			</trkpt>
			<trkpt lat="44.60925" lon="2.44958">
				<ele>604.46</ele>
				<time>2026-05-28T18:32:38.513Z</time>
			</trkpt>
			<trkpt lat="44.6092" lon="2.4495">
				<ele>604.8</ele>
				<time>2026-05-28T18:32:38.862Z</time>
			</trkpt>
			<trkpt lat="44.6091" lon="2.44929">
				<ele>605.35</ele>
				<time>2026-05-28T18:32:39.687Z</time>
			</trkpt>
			<trkpt lat="44.60896" lon="2.44891">
				<ele>606.84</ele>
				<time>2026-05-28T18:32:41.075Z</time>
			</trkpt>
			<trkpt lat="44.60884" lon="2.44868">
				<ele>606.09</ele>
				<time>2026-05-28T18:32:41.993Z</time>
			</trkpt>
			<trkpt lat="44.60873" lon="2.44856">
				<ele>604.86</ele>
				<time>2026-05-28T18:32:42.620Z</time>
			</trkpt>
			<trkpt lat="44.60866" lon="2.44842">
				<ele>603.87</ele>
				<time>2026-05-28T18:32:43.167Z</time>
			</trkpt>
			<trkpt lat="44.60861" lon="2.44824">
				<ele>603.12</ele>
				<time>2026-05-28T18:32:43.782Z</time>
			</trkpt>
			<trkpt lat="44.60864" lon="2.44801">
				<ele>603.42</ele>
				<time>2026-05-28T18:32:44.523Z</time>
			</trkpt>
			<trkpt lat="44.60874" lon="2.44768">
				<ele>604.15</ele>
				<time>2026-05-28T18:32:45.654Z</time>
			</trkpt>
			<trkpt lat="44.60896" lon="2.44718">
				<ele>603.25</ele>
				<time>2026-05-28T18:32:47.491Z</time>
			</trkpt>
			<trkpt lat="44.60922" lon="2.44667">
				<ele>602.76</ele>
				<time>2026-05-28T18:32:49.430Z</time>
			</trkpt>
			<trkpt lat="44.60931" lon="2.44647">
				<ele>602.27</ele>
				<time>2026-05-28T18:32:50.155Z</time>
			</trkpt>
			<trkpt lat="44.60935" lon="2.44628">
				<ele>601.45</ele>
				<time>2026-05-28T18:32:50.760Z</time>
			</trkpt>
			<trkpt lat="44.60939" lon="2.44589">
				<ele>598.96</ele>
				<time>2026-05-28T18:32:51.958Z</time>
			</trkpt>
			<trkpt lat="44.60962" lon="2.44505">
				<ele>597.08</ele>
				<time>2026-05-28T18:32:54.662Z</time>
			</trkpt>
			<trkpt lat="44.60963" lon="2.44485">
				<ele>598.01</ele>
				<time>2026-05-28T18:32:55.259Z</time>
			</trkpt>
			<trkpt lat="44.60962" lon="2.44475">
				<ele>598.19</ele>
				<time>2026-05-28T18:32:55.559Z</time>
			</trkpt>
			<trkpt lat="44.60956" lon="2.4446">
				<ele>598.02</ele>
				<time>2026-05-28T18:32:56.069Z</time>
			</trkpt>
			<trkpt lat="44.60946" lon="2.44449">
				<ele>597.68</ele>
				<time>2026-05-28T18:32:56.596Z</time>
			</trkpt>
			<trkpt lat="44.60927" lon="2.44434">
				<ele>595.8</ele>
				<time>2026-05-28T18:32:57.497Z</time>
			</trkpt>
			<trkpt lat="44.60917" lon="2.44422">
				<ele>595.48</ele>
				<time>2026-05-28T18:32:58.038Z</time>
			</trkpt>
			<trkpt lat="44.60914" lon="2.44414">
				<ele>595.37</ele>
				<time>2026-05-28T18:32:58.303Z</time>
			</trkpt>
			<trkpt lat="44.60912" lon="2.44402">
				<ele>594.62</ele>
				<time>2026-05-28T18:32:58.662Z</time>
			</trkpt>
			<trkpt lat="44.60913" lon="2.44378">
				<ele>594.34</ele>
				<time>2026-05-28T18:32:59.362Z</time>
			</trkpt>
			<trkpt lat="44.6092" lon="2.44329">
				<ele>594.25</ele>
				<time>2026-05-28T18:33:00.809Z</time>
			</trkpt>
			<trkpt lat="44.60925" lon="2.44307">
				<ele>593.38</ele>
				<time>2026-05-28T18:33:01.473Z</time>
			</trkpt>
			<trkpt lat="44.60958" lon="2.44226">
				<ele>591.2</ele>
				<time>2026-05-28T18:33:04.136Z</time>
			</trkpt>
			<trkpt lat="44.60964" lon="2.44207">
				<ele>590.4</ele>
				<time>2026-05-28T18:33:04.724Z</time>
			</trkpt>
			<trkpt lat="44.60966" lon="2.44175">
				<ele>589.03</ele>
				<time>2026-05-28T18:33:05.629Z</time>
			</trkpt>
			<trkpt lat="44.60962" lon="2.4416">
				<ele>588.65</ele>
				<time>2026-05-28T18:33:06.079Z</time>
			</trkpt>
			<trkpt lat="44.60937" lon="2.44108">
				<ele>587.23</ele>
				<time>2026-05-28T18:33:07.832Z</time>
			</trkpt>
			<trkpt lat="44.60934" lon="2.44094">
				<ele>586.56</ele>
				<time>2026-05-28T18:33:08.239Z</time>
			</trkpt>
			<trkpt lat="44.60934" lon="2.44073">
				<ele>586.67</ele>
				<time>2026-05-28T18:33:08.821Z</time>
			</trkpt>
			<trkpt lat="44.60936" lon="2.44059">
				<ele>587.42</ele>
				<time>2026-05-28T18:33:09.216Z</time>
			</trkpt>
			<trkpt lat="44.60943" lon="2.44028">
				<ele>588.85</ele>
				<time>2026-05-28T18:33:10.113Z</time>
			</trkpt>
			<trkpt lat="44.60955" lon="2.43994">
				<ele>588.47</ele>
				<time>2026-05-28T18:33:11.155Z</time>
			</trkpt>
			<trkpt lat="44.6096" lon="2.43951">
				<ele>587.46</ele>
				<time>2026-05-28T18:33:12.345Z</time>
			</trkpt>
			<trkpt lat="44.60957" lon="2.43921">
				<ele>585.97</ele>
				<time>2026-05-28T18:33:13.169Z</time>
			</trkpt>
			<trkpt lat="44.60949" lon="2.43889">
				<ele>585.6</ele>
				<time>2026-05-28T18:33:14.088Z</time>
			</trkpt>
			<trkpt lat="44.60948" lon="2.43868">
				<ele>584.71</ele>
				<time>2026-05-28T18:33:14.656Z</time>
			</trkpt>
			<trkpt lat="44.60949" lon="2.4386">
				<ele>584.51</ele>
				<time>2026-05-28T18:33:14.875Z</time>
			</trkpt>
			<trkpt lat="44.60954" lon="2.43851">
				<ele>583.55</ele>
				<time>2026-05-28T18:33:15.183Z</time>
			</trkpt>
			<trkpt lat="44.60969" lon="2.4383">
				<ele>583.28</ele>
				<time>2026-05-28T18:33:15.982Z</time>
			</trkpt>
			<trkpt lat="44.60979" lon="2.43815">
				<ele>583.04</ele>
				<time>2026-05-28T18:33:16.533Z</time>
			</trkpt>
			<trkpt lat="44.60984" lon="2.43803">
				<ele>582.45</ele>
				<time>2026-05-28T18:33:16.905Z</time>
			</trkpt>
			<trkpt lat="44.60988" lon="2.43775">
				<ele>579.67</ele>
				<time>2026-05-28T18:33:17.668Z</time>
			</trkpt>
			<trkpt lat="44.60989" lon="2.43744">
				<ele>577.23</ele>
				<time>2026-05-28T18:33:18.494Z</time>
			</trkpt>
			<trkpt lat="44.60991" lon="2.43732">
				<ele>577.14</ele>
				<time>2026-05-28T18:33:18.821Z</time>
			</trkpt>
			<trkpt lat="44.61002" lon="2.43714">
				<ele>577.96</ele>
				<time>2026-05-28T18:33:19.450Z</time>
			</trkpt>
			<trkpt lat="44.61017" lon="2.437">
				<ele>579.09</ele>
				<time>2026-05-28T18:33:20.119Z</time>
			</trkpt>
			<trkpt lat="44.61054" lon="2.43685">
				<ele>580</ele>
				<time>2026-05-28T18:33:21.545Z</time>
			</trkpt>
			<trkpt lat="44.61071" lon="2.43674">
				<ele>579.88</ele>
				<time>2026-05-28T18:33:22.235Z</time>
			</trkpt>
			<trkpt lat="44.61079" lon="2.43665">
				<ele>579.58</ele>
				<time>2026-05-28T18:33:22.613Z</time>
			</trkpt>
			<trkpt lat="44.61094" lon="2.4364">
				<ele>578.4</ele>
				<time>2026-05-28T18:33:23.469Z</time>
			</trkpt>
			<trkpt lat="44.61106" lon="2.43596">
				<ele>575.95</ele>
				<time>2026-05-28T18:33:24.698Z</time>
			</trkpt>
			<trkpt lat="44.61107" lon="2.43536">
				<ele>574.91</ele>
				<time>2026-05-28T18:33:26.257Z</time>
			</trkpt>
			<trkpt lat="44.61101" lon="2.43456">
				<ele>572.38</ele>
				<time>2026-05-28T18:33:28.337Z</time>
			</trkpt>
			<trkpt lat="44.61093" lon="2.43421">
				<ele>569.43</ele>
				<time>2026-05-28T18:33:29.285Z</time>
			</trkpt>
			<trkpt lat="44.61071" lon="2.43363">
				<ele>568.01</ele>
				<time>2026-05-28T18:33:30.973Z</time>
			</trkpt>
			<trkpt lat="44.61065" lon="2.43346">
				<ele>568.28</ele>
				<time>2026-05-28T18:33:31.460Z</time>
			</trkpt>
			<trkpt lat="44.61061" lon="2.43308">
				<ele>568.44</ele>
				<time>2026-05-28T18:33:32.443Z</time>
			</trkpt>
			<trkpt lat="44.61063" lon="2.43258">
				<ele>567.6</ele>
				<time>2026-05-28T18:33:33.724Z</time>
			</trkpt>
			<trkpt lat="44.61072" lon="2.43216">
				<ele>569.3</ele>
				<time>2026-05-28T18:33:34.843Z</time>
			</trkpt>
			<trkpt lat="44.61078" lon="2.43199">
				<ele>570.73</ele>
				<time>2026-05-28T18:33:35.326Z</time>
			</trkpt>
			<trkpt lat="44.61091" lon="2.43171">
				<ele>571.71</ele>
				<time>2026-05-28T18:33:36.178Z</time>
			</trkpt>
			<trkpt lat="44.6115" lon="2.43097">
				<ele>569.57</ele>
				<time>2026-05-28T18:33:39.003Z</time>
			</trkpt>
			<trkpt lat="44.61164" lon="2.43075">
				<ele>568.84</ele>
				<time>2026-05-28T18:33:39.752Z</time>
			</trkpt>
			<trkpt lat="44.61173" lon="2.43047">
				<ele>566.73</ele>
				<time>2026-05-28T18:33:40.532Z</time>
			</trkpt>
			<trkpt lat="44.61172" lon="2.43021">
				<ele>565.17</ele>
				<time>2026-05-28T18:33:41.193Z</time>
			</trkpt>
			<trkpt lat="44.61168" lon="2.43007">
				<ele>565.65</ele>
				<time>2026-05-28T18:33:41.576Z</time>
			</trkpt>
			<trkpt lat="44.61155" lon="2.42986">
				<ele>565.71</ele>
				<time>2026-05-28T18:33:42.282Z</time>
			</trkpt>
			<trkpt lat="44.61105" lon="2.42958">
				<ele>568.01</ele>
				<time>2026-05-28T18:33:44.202Z</time>
			</trkpt>
			<trkpt lat="44.61081" lon="2.42947">
				<ele>570.17</ele>
				<time>2026-05-28T18:33:45.102Z</time>
			</trkpt>
			<trkpt lat="44.60997" lon="2.42902">
				<ele>564.62</ele>
				<time>2026-05-28T18:33:48.313Z</time>
			</trkpt>
			<trkpt lat="44.6099" lon="2.42895">
				<ele>564.39</ele>
				<time>2026-05-28T18:33:48.620Z</time>
			</trkpt>
			<trkpt lat="44.60986" lon="2.42886">
				<ele>564.86</ele>
				<time>2026-05-28T18:33:48.891Z</time>
			</trkpt>
			<trkpt lat="44.60979" lon="2.42857">
				<ele>567.06</ele>
				<time>2026-05-28T18:33:49.671Z</time>
			</trkpt>
			<trkpt lat="44.60974" lon="2.4282">
				<ele>569.28</ele>
				<time>2026-05-28T18:33:50.633Z</time>
			</trkpt>
			<trkpt lat="44.60967" lon="2.42804">
				<ele>569.76</ele>
				<time>2026-05-28T18:33:51.112Z</time>
			</trkpt>
			<trkpt lat="44.60959" lon="2.42793">
				<ele>570.12</ele>
				<time>2026-05-28T18:33:51.514Z</time>
			</trkpt>
			<trkpt lat="44.60952" lon="2.42789">
				<ele>569.87</ele>
				<time>2026-05-28T18:33:51.786Z</time>
			</trkpt>
			<trkpt lat="44.60939" lon="2.42789">
				<ele>569.17</ele>
				<time>2026-05-28T18:33:52.253Z</time>
			</trkpt>
			<trkpt lat="44.60933" lon="2.42792">
				<ele>568.91</ele>
				<time>2026-05-28T18:33:52.482Z</time>
			</trkpt>
			<trkpt lat="44.60915" lon="2.42809">
				<ele>567.52</ele>
				<time>2026-05-28T18:33:53.263Z</time>
			</trkpt>
			<trkpt lat="44.60891" lon="2.42827">
				<ele>565.65</ele>
				<time>2026-05-28T18:33:54.244Z</time>
			</trkpt>
			<trkpt lat="44.60878" lon="2.42844">
				<ele>563.84</ele>
				<time>2026-05-28T18:33:54.886Z</time>
			</trkpt>
			<trkpt lat="44.60855" lon="2.42882">
				<ele>559.68</ele>
				<time>2026-05-28T18:33:56.172Z</time>
			</trkpt>
			<trkpt lat="44.60845" lon="2.42896">
				<ele>558.07</ele>
				<time>2026-05-28T18:33:56.684Z</time>
			</trkpt>
			<trkpt lat="44.60837" lon="2.42902">
				<ele>557.1</ele>
				<time>2026-05-28T18:33:57.013Z</time>
			</trkpt>
			<trkpt lat="44.60827" lon="2.42905">
				<ele>556.75</ele>
				<time>2026-05-28T18:33:57.385Z</time>
			</trkpt>
			<trkpt lat="44.60805" lon="2.42902">
				<ele>558.01</ele>
				<time>2026-05-28T18:33:58.189Z</time>
			</trkpt>
			<trkpt lat="44.60793" lon="2.42902">
				<ele>557.75</ele>
				<time>2026-05-28T18:33:58.627Z</time>
			</trkpt>
			<trkpt lat="44.6076" lon="2.4291">
				<ele>555.42</ele>
				<time>2026-05-28T18:33:59.850Z</time>
			</trkpt>
			<trkpt lat="44.60748" lon="2.42909">
				<ele>554.79</ele>
				<time>2026-05-28T18:34:00.291Z</time>
			</trkpt>
			<trkpt lat="44.60725" lon="2.429">
				<ele>554.17</ele>
				<time>2026-05-28T18:34:01.167Z</time>
			</trkpt>
			<trkpt lat="44.60706" lon="2.4289">
				<ele>555.23</ele>
				<time>2026-05-28T18:34:01.913Z</time>
			</trkpt>
			<trkpt lat="44.60677" lon="2.42883">
				<ele>556.06</ele>
				<time>2026-05-28T18:34:02.999Z</time>
			</trkpt>
			<trkpt lat="44.60666" lon="2.42887">
				<ele>556.15</ele>
				<time>2026-05-28T18:34:03.420Z</time>
			</trkpt>
			<trkpt lat="44.60658" lon="2.42895">
				<ele>556.04</ele>
				<time>2026-05-28T18:34:03.783Z</time>
			</trkpt>
			<trkpt lat="44.60653" lon="2.42913">
				<ele>554.75</ele>
				<time>2026-05-28T18:34:04.294Z</time>
			</trkpt>
			<trkpt lat="44.60651" lon="2.42936">
				<ele>552.96</ele>
				<time>2026-05-28T18:34:04.907Z</time>
			</trkpt>
			<trkpt lat="44.60649" lon="2.43004">
				<ele>550.33</ele>
				<time>2026-05-28T18:34:06.716Z</time>
			</trkpt>
			<trkpt lat="44.60643" lon="2.43031">
				<ele>548.52</ele>
				<time>2026-05-28T18:34:07.471Z</time>
			</trkpt>
			<trkpt lat="44.60631" lon="2.43048">
				<ele>546.89</ele>
				<time>2026-05-28T18:34:08.112Z</time>
			</trkpt>
			<trkpt lat="44.60605" lon="2.43061">
				<ele>544.63</ele>
				<time>2026-05-28T18:34:09.154Z</time>
			</trkpt>
			<trkpt lat="44.60583" lon="2.43063">
				<ele>542.24</ele>
				<time>2026-05-28T18:34:09.989Z</time>
			</trkpt>
			<trkpt lat="44.60566" lon="2.43062">
				<ele>539.34</ele>
				<time>2026-05-28T18:34:10.636Z</time>
			</trkpt>
			<trkpt lat="44.60553" lon="2.43055">
				<ele>538.29</ele>
				<time>2026-05-28T18:34:11.166Z</time>
			</trkpt>
			<trkpt lat="44.60544" lon="2.43042">
				<ele>537.7</ele>
				<time>2026-05-28T18:34:11.659Z</time>
			</trkpt>
			<trkpt lat="44.60524" lon="2.42994">
				<ele>541.03</ele>
				<time>2026-05-28T18:34:13.178Z</time>
			</trkpt>
			<trkpt lat="44.60511" lon="2.42974">
				<ele>541.5</ele>
				<time>2026-05-28T18:34:13.921Z</time>
			</trkpt>
			<trkpt lat="44.60503" lon="2.42967">
				<ele>541.44</ele>
				<time>2026-05-28T18:34:14.285Z</time>
			</trkpt>
			<trkpt lat="44.6048" lon="2.42953">
				<ele>541.21</ele>
				<time>2026-05-28T18:34:15.257Z</time>
			</trkpt>
			<trkpt lat="44.60461" lon="2.42937">
				<ele>542.07</ele>
				<time>2026-05-28T18:34:16.119Z</time>
			</trkpt>
			<trkpt lat="44.60449" lon="2.42936">
				<ele>540.98</ele>
				<time>2026-05-28T18:34:16.589Z</time>
			</trkpt>
			<trkpt lat="44.60419" lon="2.42945">
				<ele>536.28</ele>
				<time>2026-05-28T18:34:17.792Z</time>
			</trkpt>
			<trkpt lat="44.60409" lon="2.4295">
				<ele>535.79</ele>
				<time>2026-05-28T18:34:18.210Z</time>
			</trkpt>
			<trkpt lat="44.60402" lon="2.42955">
				<ele>535.4</ele>
				<time>2026-05-28T18:34:18.520Z</time>
			</trkpt>
			<trkpt lat="44.60398" lon="2.42965">
				<ele>534.09</ele>
				<time>2026-05-28T18:34:18.842Z</time>
			</trkpt>
			<trkpt lat="44.60396" lon="2.42979">
				<ele>532.09</ele>
				<time>2026-05-28T18:34:19.245Z</time>
			</trkpt>
			<trkpt lat="44.60392" lon="2.42992">
				<ele>530.6</ele>
				<time>2026-05-28T18:34:19.644Z</time>
			</trkpt>
			<trkpt lat="44.60383" lon="2.43001">
				<ele>529.79</ele>
				<time>2026-05-28T18:34:20.083Z</time>
			</trkpt>
			<trkpt lat="44.60369" lon="2.43002">
				<ele>529.46</ele>
				<time>2026-05-28T18:34:20.642Z</time>
			</trkpt>
			<trkpt lat="44.60337" lon="2.42995">
				<ele>530.54</ele>
				<time>2026-05-28T18:34:21.938Z</time>
			</trkpt>
			<trkpt lat="44.60327" lon="2.42994">
				<ele>531.25</ele>
				<time>2026-05-28T18:34:22.342Z</time>
			</trkpt>
			<trkpt lat="44.6031" lon="2.43">
				<ele>532.44</ele>
				<time>2026-05-28T18:34:23.048Z</time>
			</trkpt>
			<trkpt lat="44.60298" lon="2.4301">
				<ele>531.35</ele>
				<time>2026-05-28T18:34:23.613Z</time>
			</trkpt>
			<trkpt lat="44.6029" lon="2.43021">
				<ele>529.9</ele>
				<time>2026-05-28T18:34:24.067Z</time>
			</trkpt>
			<trkpt lat="44.60283" lon="2.43038">
				<ele>527.2</ele>
				<time>2026-05-28T18:34:24.636Z</time>
			</trkpt>
			<trkpt lat="44.60279" lon="2.43071">
				<ele>521.51</ele>
				<time>2026-05-28T18:34:25.610Z</time>
			</trkpt>
			<trkpt lat="44.60271" lon="2.43086">
				<ele>519.84</ele>
				<time>2026-05-28T18:34:26.157Z</time>
			</trkpt>
			<trkpt lat="44.6026" lon="2.43101">
				<ele>519.01</ele>
				<time>2026-05-28T18:34:26.788Z</time>
			</trkpt>
			<trkpt lat="44.60215" lon="2.43146">
				<ele>514.1</ele>
				<time>2026-05-28T18:34:29.080Z</time>
			</trkpt>
			<trkpt lat="44.6016" lon="2.43206">
				<ele>505.57</ele>
				<time>2026-05-28T18:34:32.013Z</time>
			</trkpt>
			<trkpt lat="44.6012" lon="2.43244">
				<ele>501.32</ele>
				<time>2026-05-28T18:34:34.076Z</time>
			</trkpt>
			<trkpt lat="44.60112" lon="2.43248">
				<ele>501.06</ele>
				<time>2026-05-28T18:34:34.441Z</time>
			</trkpt>
			<trkpt lat="44.60105" lon="2.43247">
				<ele>500.32</ele>
				<time>2026-05-28T18:34:34.744Z</time>
			</trkpt>
			<trkpt lat="44.60099" lon="2.4324">
				<ele>499.87</ele>
				<time>2026-05-28T18:34:35.081Z</time>
			</trkpt>
			<trkpt lat="44.60096" lon="2.4323">
				<ele>499.92</ele>
				<time>2026-05-28T18:34:35.415Z</time>
			</trkpt>
			<trkpt lat="44.60095" lon="2.43223">
				<ele>500.23</ele>
				<time>2026-05-28T18:34:35.635Z</time>
			</trkpt>
			<trkpt lat="44.60097" lon="2.43211">
				<ele>500.19</ele>
				<time>2026-05-28T18:34:36.016Z</time>
			</trkpt>
			<trkpt lat="44.60109" lon="2.43179">
				<ele>501.07</ele>
				<time>2026-05-28T18:34:37.139Z</time>
			</trkpt>
			<trkpt lat="44.60135" lon="2.4312">
				<ele>499.41</ele>
				<time>2026-05-28T18:34:39.315Z</time>
			</trkpt>
			<trkpt lat="44.6014" lon="2.43094">
				<ele>496.62</ele>
				<time>2026-05-28T18:34:40.167Z</time>
			</trkpt>
			<trkpt lat="44.60142" lon="2.43068">
				<ele>495.21</ele>
				<time>2026-05-28T18:34:40.998Z</time>
			</trkpt>
			<trkpt lat="44.60139" lon="2.43031">
				<ele>494.12</ele>
				<time>2026-05-28T18:34:42.189Z</time>
			</trkpt>
			<trkpt lat="44.60132" lon="2.42978">
				<ele>491.79</ele>
				<time>2026-05-28T18:34:43.928Z</time>
			</trkpt>
			<trkpt lat="44.60122" lon="2.42862">
				<ele>494.52</ele>
				<time>2026-05-28T18:34:47.763Z</time>
			</trkpt>
			<trkpt lat="44.60117" lon="2.42821">
				<ele>497.51</ele>
				<time>2026-05-28T18:34:49.149Z</time>
			</trkpt>
			<trkpt lat="44.60109" lon="2.42792">
				<ele>499.27</ele>
				<time>2026-05-28T18:34:50.194Z</time>
			</trkpt>
			<trkpt lat="44.60105" lon="2.42785">
				<ele>499.86</ele>
				<time>2026-05-28T18:34:50.497Z</time>
			</trkpt>
			<trkpt lat="44.60097" lon="2.42782">
				<ele>499.87</ele>
				<time>2026-05-28T18:34:50.889Z</time>
			</trkpt>
			<trkpt lat="44.60088" lon="2.42787">
				<ele>498.58</ele>
				<time>2026-05-28T18:34:51.350Z</time>
			</trkpt>
			<trkpt lat="44.60064" lon="2.42815">
				<ele>489.62</ele>
				<time>2026-05-28T18:34:52.843Z</time>
			</trkpt>
			<trkpt lat="44.60051" lon="2.42827">
				<ele>484.21</ele>
				<time>2026-05-28T18:34:53.593Z</time>
			</trkpt>
			<trkpt lat="44.60034" lon="2.42833">
				<ele>479.87</ele>
				<time>2026-05-28T18:34:54.442Z</time>
			</trkpt>
			<trkpt lat="44.60018" lon="2.42832">
				<ele>477.61</ele>
				<time>2026-05-28T18:34:55.221Z</time>
			</trkpt>
			<trkpt lat="44.59982" lon="2.42823">
				<ele>471.99</ele>
				<time>2026-05-28T18:34:57.014Z</time>
			</trkpt>
			<trkpt lat="44.59955" lon="2.42813">
				<ele>468.52</ele>
				<time>2026-05-28T18:34:58.397Z</time>
			</trkpt>
			<trkpt lat="44.59946" lon="2.42806">
				<ele>467.44</ele>
				<time>2026-05-28T18:34:58.909Z</time>
			</trkpt>
			<trkpt lat="44.59938" lon="2.4279">
				<ele>466.93</ele>
				<time>2026-05-28T18:34:59.605Z</time>
			</trkpt>
			<trkpt lat="44.59937" lon="2.42776">
				<ele>468.31</ele>
				<time>2026-05-28T18:35:00.108Z</time>
			</trkpt>
			<trkpt lat="44.5994" lon="2.42754">
				<ele>468.88</ele>
				<time>2026-05-28T18:35:00.911Z</time>
			</trkpt>
			<trkpt lat="44.59948" lon="2.42729">
				<ele>467.91</ele>
				<time>2026-05-28T18:35:01.899Z</time>
			</trkpt>
			<trkpt lat="44.59973" lon="2.42673">
				<ele>466.44</ele>
				<time>2026-05-28T18:35:04.306Z</time>
			</trkpt>
			<trkpt lat="44.59983" lon="2.42643">
				<ele>467.15</ele>
				<time>2026-05-28T18:35:05.525Z</time>
			</trkpt>
			<trkpt lat="44.59993" lon="2.42609">
				<ele>467.64</ele>
				<time>2026-05-28T18:35:06.890Z</time>
			</trkpt>
			<trkpt lat="44.60002" lon="2.4257">
				<ele>468.96</ele>
				<time>2026-05-28T18:35:08.424Z</time>
			</trkpt>
			<trkpt lat="44.60003" lon="2.42547">
				<ele>469.74</ele>
				<time>2026-05-28T18:35:09.292Z</time>
			</trkpt>
			<trkpt lat="44.59997" lon="2.42538">
				<ele>468.63</ele>
				<time>2026-05-28T18:35:09.758Z</time>
			</trkpt>
			<trkpt lat="44.59988" lon="2.42527">
				<ele>467.59</ele>
				<time>2026-05-28T18:35:10.394Z</time>
			</trkpt>
			<trkpt lat="44.59977" lon="2.42518">
				<ele>468.19</ele>
				<time>2026-05-28T18:35:11.076Z</time>
			</trkpt>
			<trkpt lat="44.5988" lon="2.42462">
				<ele>450.55</ele>
				<time>2026-05-28T18:35:16.792Z</time>
			</trkpt>
			<trkpt lat="44.59867" lon="2.42449">
				<ele>449.66</ele>
				<time>2026-05-28T18:35:17.679Z</time>
			</trkpt>
			<trkpt lat="44.59863" lon="2.42432">
				<ele>450.51</ele>
				<time>2026-05-28T18:35:18.391Z</time>
			</trkpt>
			<trkpt lat="44.59863" lon="2.42407">
				<ele>452.13</ele>
				<time>2026-05-28T18:35:19.389Z</time>
			</trkpt>
			<trkpt lat="44.59869" lon="2.42365">
				<ele>449.45</ele>
				<time>2026-05-28T18:35:21.113Z</time>
			</trkpt>
			<trkpt lat="44.59889" lon="2.42274">
				<ele>449.07</ele>
				<time>2026-05-28T18:35:25.008Z</time>
			</trkpt>
			<trkpt lat="44.59898" lon="2.42225">
				<ele>446.93</ele>
				<time>2026-05-28T18:35:27.112Z</time>
			</trkpt>
			<trkpt lat="44.59903" lon="2.42167">
				<ele>444.89</ele>
				<time>2026-05-28T18:35:29.572Z</time>
			</trkpt>
			<trkpt lat="44.59901" lon="2.42131">
				<ele>444.13</ele>
				<time>2026-05-28T18:35:31.110Z</time>
			</trkpt>
			<trkpt lat="44.59897" lon="2.42105">
				<ele>445.23</ele>
				<time>2026-05-28T18:35:32.251Z</time>
			</trkpt>
			<trkpt lat="44.59886" lon="2.42058">
				<ele>443.94</ele>
				<time>2026-05-28T18:35:34.391Z</time>
			</trkpt>
			<trkpt lat="44.5987" lon="2.42013">
				<ele>442.97</ele>
				<time>2026-05-28T18:35:36.593Z</time>
			</trkpt>
			<trkpt lat="44.59856" lon="2.41992">
				<ele>441.32</ele>
				<time>2026-05-28T18:35:37.864Z</time>
			</trkpt>
			<trkpt lat="44.59801" lon="2.41933">
				<ele>432.3</ele>
				<time>2026-05-28T18:35:42.222Z</time>
			</trkpt>
			<trkpt lat="44.59761" lon="2.41885">
				<ele>430.66</ele>
				<time>2026-05-28T18:35:45.603Z</time>
			</trkpt>
			<trkpt lat="44.59751" lon="2.41877">
				<ele>429.67</ele>
				<time>2026-05-28T18:35:46.350Z</time>
			</trkpt>
			<trkpt lat="44.5974" lon="2.41873">
				<ele>425.5</ele>
				<time>2026-05-28T18:35:47.091Z</time>
			</trkpt>
			<trkpt lat="44.59717" lon="2.41872">
				<ele>413.2</ele>
				<time>2026-05-28T18:35:48.599Z</time>
			</trkpt>
			<trkpt lat="44.59708" lon="2.41869">
				<ele>411.04</ele>
				<time>2026-05-28T18:35:49.209Z</time>
			</trkpt>
			<trkpt lat="44.59702" lon="2.41862">
				<ele>410.61</ele>
				<time>2026-05-28T18:35:49.724Z</time>
			</trkpt>
			<trkpt lat="44.59699" lon="2.41851">
				<ele>411.29</ele>
				<time>2026-05-28T18:35:50.280Z</time>
			</trkpt>
			<trkpt lat="44.59699" lon="2.41828">
				<ele>413.4</ele>
				<time>2026-05-28T18:35:51.370Z</time>
			</trkpt>
			<trkpt lat="44.59702" lon="2.41819">
				<ele>413.85</ele>
				<time>2026-05-28T18:35:51.842Z</time>
			</trkpt>
			<trkpt lat="44.59711" lon="2.41795">
				<ele>415.64</ele>
				<time>2026-05-28T18:35:53.138Z</time>
			</trkpt>
			<trkpt lat="44.59756" lon="2.41686">
				<ele>415.24</ele>
				<time>2026-05-28T18:35:59.268Z</time>
			</trkpt>
			<trkpt lat="44.59769" lon="2.41637">
				<ele>411.98</ele>
				<time>2026-05-28T18:36:01.865Z</time>
			</trkpt>
			<trkpt lat="44.59774" lon="2.41602">
				<ele>410.86</ele>
				<time>2026-05-28T18:36:03.657Z</time>
			</trkpt>
			<trkpt lat="44.59775" lon="2.41575">
				<ele>409.27</ele>
				<time>2026-05-28T18:36:05.025Z</time>
			</trkpt>
			<trkpt lat="44.59772" lon="2.41542">
				<ele>405.6</ele>
				<time>2026-05-28T18:36:06.719Z</time>
			</trkpt>
			<trkpt lat="44.59765" lon="2.41495">
				<ele>402.44</ele>
				<time>2026-05-28T18:36:09.189Z</time>
			</trkpt>
			<trkpt lat="44.59763" lon="2.41462">
				<ele>399.4</ele>
				<time>2026-05-28T18:36:10.909Z</time>
			</trkpt>
			<trkpt lat="44.59766" lon="2.4145">
				<ele>398.33</ele>
				<time>2026-05-28T18:36:11.573Z</time>
			</trkpt>
			<trkpt lat="44.59771" lon="2.41442">
				<ele>397.84</ele>
				<time>2026-05-28T18:36:12.130Z</time>
			</trkpt>
			<trkpt lat="44.59781" lon="2.41435">
				<ele>398.54</ele>
				<time>2026-05-28T18:36:12.954Z</time>
			</trkpt>
			<trkpt lat="44.59834" lon="2.41416">
				<ele>399.33</ele>
				<time>2026-05-28T18:36:17.033Z</time>
			</trkpt>
			<trkpt lat="44.59846" lon="2.41409">
				<ele>399.41</ele>
				<time>2026-05-28T18:36:18.013Z</time>
			</trkpt>
			<trkpt lat="44.59872" lon="2.41388">
				<ele>396.84</ele>
				<time>2026-05-28T18:36:20.290Z</time>
			</trkpt>
			<trkpt lat="44.59932" lon="2.41378">
				<ele>391.65</ele>
				<time>2026-05-28T18:36:24.949Z</time>
			</trkpt>
			<trkpt lat="44.5994" lon="2.41379">
				<ele>391.38</ele>
				<time>2026-05-28T18:36:25.575Z</time>
			</trkpt>
			<trkpt lat="44.59964" lon="2.41399">
				<ele>399.58</ele>
				<time>2026-05-28T18:36:27.764Z</time>
			</trkpt>
			<trkpt lat="44.59974" lon="2.41403">
				<ele>399.86</ele>
				<time>2026-05-28T18:36:28.585Z</time>
			</trkpt>
			<trkpt lat="44.59985" lon="2.41406">
				<ele>398.73</ele>
				<time>2026-05-28T18:36:29.472Z</time>
			</trkpt>
			<trkpt lat="44.60022" lon="2.41405">
				<ele>391.85</ele>
				<time>2026-05-28T18:36:32.427Z</time>
			</trkpt>
			<trkpt lat="44.60028" lon="2.41406">
				<ele>391.53</ele>
				<time>2026-05-28T18:36:32.913Z</time>
			</trkpt>
			<trkpt lat="44.60033" lon="2.4141">
				<ele>392.28</ele>
				<time>2026-05-28T18:36:33.377Z</time>
			</trkpt>
			<trkpt lat="44.60037" lon="2.41419">
				<ele>393.78</ele>
				<time>2026-05-28T18:36:33.987Z</time>
			</trkpt>
			<trkpt lat="44.60045" lon="2.4146">
				<ele>399.46</ele>
				<time>2026-05-28T18:36:36.447Z</time>
			</trkpt>
			<trkpt lat="44.60048" lon="2.41467">
				<ele>399.83</ele>
				<time>2026-05-28T18:36:36.922Z</time>
			</trkpt>
			<trkpt lat="44.60056" lon="2.41471">
				<ele>399.08</ele>
				<time>2026-05-28T18:36:37.618Z</time>
			</trkpt>
			<trkpt lat="44.60059" lon="2.41468">
				<ele>399.47</ele>
				<time>2026-05-28T18:36:37.921Z</time>
			</trkpt>
			<trkpt lat="44.60065" lon="2.41448">
				<ele>397.84</ele>
				<time>2026-05-28T18:36:39.193Z</time>
			</trkpt>
			<trkpt lat="44.60075" lon="2.41362">
				<ele>387.73</ele>
				<time>2026-05-28T18:36:44.369Z</time>
			</trkpt>
			<trkpt lat="44.60071" lon="2.4134">
				<ele>387.64</ele>
				<time>2026-05-28T18:36:45.735Z</time>
			</trkpt>
			<trkpt lat="44.60057" lon="2.4133">
				<ele>386.05</ele>
				<time>2026-05-28T18:36:47.069Z</time>
			</trkpt>
			<trkpt lat="44.60046" lon="2.41328">
				<ele>385.64</ele>
				<time>2026-05-28T18:36:48.016Z</time>
			</trkpt>
			<trkpt lat="44.60012" lon="2.41331">
				<ele>380.44</ele>
				<time>2026-05-28T18:36:50.944Z</time>
			</trkpt>
			<trkpt lat="44.60006" lon="2.41327">
				<ele>379.19</ele>
				<time>2026-05-28T18:36:51.518Z</time>
			</trkpt>
			<trkpt lat="44.60002" lon="2.41319">
				<ele>378.14</ele>
				<time>2026-05-28T18:36:52.122Z</time>
			</trkpt>
			<trkpt lat="44.59994" lon="2.41288">
				<ele>377.25</ele>
				<time>2026-05-28T18:36:54.168Z</time>
			</trkpt>
			<trkpt lat="44.59979" lon="2.41254">
				<ele>376.76</ele>
				<time>2026-05-28T18:36:56.671Z</time>
			</trkpt>
			<trkpt lat="44.59963" lon="2.41227">
				<ele>377.08</ele>
				<time>2026-05-28T18:36:58.889Z</time>
			</trkpt>
			<trkpt lat="44.59941" lon="2.412">
				<ele>374.24</ele>
				<time>2026-05-28T18:37:01.502Z</time>
			</trkpt>
			<trkpt lat="44.59922" lon="2.41168">
				<ele>370.03</ele>
				<time>2026-05-28T18:37:04.182Z</time>
			</trkpt>
			<trkpt lat="44.59886" lon="2.41091">
				<ele>359.66</ele>
				<time>2026-05-28T18:37:10.197Z</time>
			</trkpt>
			<trkpt lat="44.59875" lon="2.4106">
				<ele>352.82</ele>
				<time>2026-05-28T18:37:12.493Z</time>
			</trkpt>
			<trkpt lat="44.59875" lon="2.41045">
				<ele>351.26</ele>
				<time>2026-05-28T18:37:13.492Z</time>
			</trkpt>
			<trkpt lat="44.59877" lon="2.41035">
				<ele>350.94</ele>
				<time>2026-05-28T18:37:14.187Z</time>
			</trkpt>
			<trkpt lat="44.59881" lon="2.41027">
				<ele>351.57</ele>
				<time>2026-05-28T18:37:14.841Z</time>
			</trkpt>
			<trkpt lat="44.59914" lon="2.4097">
				<ele>362.26</ele>
				<time>2026-05-28T18:37:19.810Z</time>
			</trkpt>
			<trkpt lat="44.59918" lon="2.4094">
				<ele>358.51</ele>
				<time>2026-05-28T18:37:21.899Z</time>
			</trkpt>
			<trkpt lat="44.59921" lon="2.40871">
				<ele>354.44</ele>
				<time>2026-05-28T18:37:26.685Z</time>
			</trkpt>
			<trkpt lat="44.59924" lon="2.40847">
				<ele>352.38</ele>
				<time>2026-05-28T18:37:28.390Z</time>
			</trkpt>
			<trkpt lat="44.59929" lon="2.4083">
				<ele>351.81</ele>
				<time>2026-05-28T18:37:29.684Z</time>
			</trkpt>
			<trkpt lat="44.5994" lon="2.408">
				<ele>354.62</ele>
				<time>2026-05-28T18:37:32.070Z</time>
			</trkpt>
			<trkpt lat="44.59939" lon="2.40785">
				<ele>356.09</ele>
				<time>2026-05-28T18:37:33.142Z</time>
			</trkpt>
			<trkpt lat="44.59935" lon="2.40774">
				<ele>355.64</ele>
				<time>2026-05-28T18:37:34.023Z</time>
			</trkpt>
			<trkpt lat="44.5989" lon="2.40727">
				<ele>338.54</ele>
				<time>2026-05-28T18:37:39.700Z</time>
			</trkpt>
			<trkpt lat="44.5988" lon="2.40706">
				<ele>333.87</ele>
				<time>2026-05-28T18:37:41.543Z</time>
			</trkpt>
			<trkpt lat="44.59877" lon="2.40682">
				<ele>332.87</ele>
				<time>2026-05-28T18:37:43.330Z</time>
			</trkpt>
			<trkpt lat="44.59881" lon="2.40658">
				<ele>333.61</ele>
				<time>2026-05-28T18:37:45.148Z</time>
			</trkpt>
			<trkpt lat="44.59908" lon="2.4059">
				<ele>335.4</ele>
				<time>2026-05-28T18:37:50.957Z</time>
			</trkpt>
			<trkpt lat="44.59922" lon="2.40561">
				<ele>335.41</ele>
				<time>2026-05-28T18:37:53.604Z</time>
			</trkpt>
			<trkpt lat="44.59938" lon="2.40543">
				<ele>338.55</ele>
				<time>2026-05-28T18:37:55.795Z</time>
			</trkpt>
			<trkpt lat="44.59945" lon="2.40525">
				<ele>339.35</ele>
				<time>2026-05-28T18:37:57.364Z</time>
			</trkpt>
			<trkpt lat="44.59946" lon="2.40482">
				<ele>338.6</ele>
				<time>2026-05-28T18:38:00.679Z</time>
			</trkpt>
			<trkpt lat="44.59944" lon="2.40469">
				<ele>337.73</ele>
				<time>2026-05-28T18:38:01.710Z</time>
			</trkpt>
			<trkpt lat="44.59936" lon="2.40452">
				<ele>334.24</ele>
				<time>2026-05-28T18:38:03.296Z</time>
			</trkpt>
			<trkpt lat="44.59911" lon="2.4043">
				<ele>325.13</ele>
				<time>2026-05-28T18:38:06.543Z</time>
			</trkpt>
			<trkpt lat="44.59906" lon="2.40425">
				<ele>323.57</ele>
				<time>2026-05-28T18:38:07.223Z</time>
			</trkpt>
			<trkpt lat="44.59903" lon="2.40418">
				<ele>322.83</ele>
				<time>2026-05-28T18:38:07.868Z</time>
			</trkpt>
			<trkpt lat="44.59905" lon="2.40382">
				<ele>323.88</ele>
				<time>2026-05-28T18:38:10.732Z</time>
			</trkpt>
			<trkpt lat="44.5991" lon="2.40359">
				<ele>325.06</ele>
				<time>2026-05-28T18:38:12.653Z</time>
			</trkpt>
			<trkpt lat="44.59922" lon="2.40346">
				<ele>329.74</ele>
				<time>2026-05-28T18:38:14.361Z</time>
			</trkpt>
			<trkpt lat="44.59931" lon="2.40342">
				<ele>333.46</ele>
				<time>2026-05-28T18:38:15.429Z</time>
			</trkpt>
			<trkpt lat="44.5994" lon="2.40335">
				<ele>337.48</ele>
				<time>2026-05-28T18:38:16.597Z</time>
			</trkpt>
			<trkpt lat="44.59948" lon="2.40327">
				<ele>339.64</ele>
				<time>2026-05-28T18:38:17.715Z</time>
			</trkpt>
			<trkpt lat="44.59954" lon="2.40314">
				<ele>340.69</ele>
				<time>2026-05-28T18:38:18.975Z</time>
			</trkpt>
			<trkpt lat="44.59963" lon="2.40286">
				<ele>341.51</ele>
				<time>2026-05-28T18:38:21.486Z</time>
			</trkpt>
			<trkpt lat="44.59995" lon="2.40154">
				<ele>347.38</ele>
				<time>2026-05-28T18:38:33.098Z</time>
			</trkpt>
			<trkpt lat="44.59998" lon="2.40129">
				<ele>347.89</ele>
				<time>2026-05-28T18:38:35.247Z</time>
			</trkpt>
			<trkpt lat="44.60001" lon="2.40088">
				<ele>348.92</ele>
				<time>2026-05-28T18:38:38.766Z</time>
			</trkpt>
			<trkpt lat="44.60006" lon="2.40006">
				<ele>354.05</ele>
				<time>2026-05-28T18:38:45.888Z</time>
			</trkpt>
			<trkpt lat="44.60011" lon="2.39982">
				<ele>354.26</ele>
				<time>2026-05-28T18:38:48.077Z</time>
			</trkpt>
			<trkpt lat="44.60021" lon="2.39965">
				<ele>355.24</ele>
				<time>2026-05-28T18:38:50.017Z</time>
			</trkpt>
			<trkpt lat="44.60019" lon="2.39962">
				<ele>353.97</ele>
				<time>2026-05-28T18:38:50.380Z</time>
			</trkpt>
			<trkpt lat="44.60019" lon="2.39949">
				<ele>351.17</ele>
				<time>2026-05-28T18:38:51.529Z</time>
			</trkpt>
			<trkpt lat="44.60022" lon="2.39928">
				<ele>347.81</ele>
				<time>2026-05-28T18:38:53.429Z</time>
			</trkpt>
			<trkpt lat="44.60027" lon="2.39917">
				<ele>347.12</ele>
				<time>2026-05-28T18:38:54.591Z</time>
			</trkpt>
			<trkpt lat="44.60052" lon="2.39881">
				<ele>347.58</ele>
				<time>2026-05-28T18:38:59.099Z</time>
			</trkpt>
			<trkpt lat="44.60059" lon="2.39865">
				<ele>347.04</ele>
				<time>2026-05-28T18:39:00.795Z</time>
			</trkpt>
			<trkpt lat="44.60059" lon="2.39849">
				<ele>345.85</ele>
				<time>2026-05-28T18:39:02.245Z</time>
			</trkpt>
			<trkpt lat="44.60057" lon="2.39842">
				<ele>344.4</ele>
				<time>2026-05-28T18:39:02.931Z</time>
			</trkpt>
			<trkpt lat="44.60051" lon="2.3983">
				<ele>341.57</ele>
				<time>2026-05-28T18:39:04.266Z</time>
			</trkpt>
			<trkpt lat="44.60035" lon="2.39786">
				<ele>334.59</ele>
				<time>2026-05-28T18:39:08.797Z</time>
			</trkpt>
			<trkpt lat="44.60031" lon="2.39792">
				<ele>333.54</ele>
				<time>2026-05-28T18:39:09.555Z</time>
			</trkpt>
			<trkpt lat="44.60029" lon="2.39802">
				<ele>333.35</ele>
				<time>2026-05-28T18:39:10.516Z</time>
			</trkpt>
			<trkpt lat="44.60027" lon="2.39812">
				<ele>333.05</ele>
				<time>2026-05-28T18:39:11.478Z</time>
			</trkpt>
			<trkpt lat="44.60021" lon="2.3981">
				<ele>331.15</ele>
				<time>2026-05-28T18:39:12.282Z</time>
			</trkpt>
			<trkpt lat="44.60027" lon="2.39812">
				<ele>333.05</ele>
				<time>2026-05-28T18:39:13.088Z</time>
			</trkpt>
			<trkpt lat="44.60031" lon="2.39792">
				<ele>333.54</ele>
				<time>2026-05-28T18:39:15.026Z</time>
			</trkpt>
			<trkpt lat="44.60035" lon="2.39786">
				<ele>334.59</ele>
				<time>2026-05-28T18:39:15.795Z</time>
			</trkpt>
			<trkpt lat="44.60051" lon="2.3983">
				<ele>341.57</ele>
				<time>2026-05-28T18:39:20.447Z</time>
			</trkpt>
			<trkpt lat="44.60057" lon="2.39842">
				<ele>344.4</ele>
				<time>2026-05-28T18:39:21.836Z</time>
			</trkpt>
			<trkpt lat="44.60059" lon="2.39849">
				<ele>345.85</ele>
				<time>2026-05-28T18:39:22.553Z</time>
			</trkpt>
			<trkpt lat="44.60059" lon="2.39865">
				<ele>347.04</ele>
				<time>2026-05-28T18:39:24.077Z</time>
			</trkpt>
			<trkpt lat="44.60052" lon="2.39881">
				<ele>347.58</ele>
				<time>2026-05-28T18:39:25.872Z</time>
			</trkpt>
			<trkpt lat="44.60027" lon="2.39917">
				<ele>347.12</ele>
				<time>2026-05-28T18:39:30.713Z</time>
			</trkpt>
			<trkpt lat="44.60022" lon="2.39928">
				<ele>347.81</ele>
				<time>2026-05-28T18:39:31.978Z</time>
			</trkpt>
			<trkpt lat="44.60019" lon="2.39949">
				<ele>351.17</ele>
				<time>2026-05-28T18:39:34.062Z</time>
			</trkpt>
			<trkpt lat="44.60019" lon="2.39962">
				<ele>353.97</ele>
				<time>2026-05-28T18:39:35.331Z</time>
			</trkpt>
			<trkpt lat="44.60021" lon="2.39965">
				<ele>355.24</ele>
				<time>2026-05-28T18:39:35.733Z</time>
			</trkpt>
			<trkpt lat="44.60058" lon="2.39917">
				<ele>356.33</ele>
				<time>2026-05-28T18:39:51.082Z</time>
			</trkpt>
			<trkpt lat="44.60076" lon="2.39886">
				<ele>358.88</ele>
				<time>2026-05-28T18:40:04.164Z</time>
			</trkpt>
			<trkpt lat="44.60081" lon="2.39864">
				<ele>359.3</ele>
				<time>2026-05-28T18:40:12.019Z</time>
			</trkpt>
			<trkpt lat="44.60092" lon="2.39761">
				<ele>358.31</ele>
				<time>2026-05-28T18:40:37.887Z</time>
			</trkpt>
			<trkpt lat="44.60094" lon="2.39733">
				<ele>359.65</ele>
				<time>2026-05-28T18:40:42.568Z</time>
			</trkpt>
			<trkpt lat="44.60093" lon="2.39708">
				<ele>361.32</ele>
				<time>2026-05-28T18:40:46.482Z</time>
			</trkpt>
			<trkpt lat="44.60088" lon="2.3967">
				<ele>364.81</ele>
				<time>2026-05-28T18:40:52.160Z</time>
			</trkpt>
			<trkpt lat="44.60081" lon="2.39649">
				<ele>366.29</ele>
				<time>2026-05-28T18:40:55.472Z</time>
			</trkpt>
			<trkpt lat="44.60057" lon="2.39597">
				<ele>364.22</ele>
				<time>2026-05-28T18:41:03.811Z</time>
			</trkpt>
			<trkpt lat="44.60051" lon="2.39581">
				<ele>362.76</ele>
				<time>2026-05-28T18:41:06.067Z</time>
			</trkpt>
			<trkpt lat="44.60047" lon="2.39562">
				<ele>361.27</ele>
				<time>2026-05-28T18:41:08.427Z</time>
			</trkpt>
			<trkpt lat="44.60046" lon="2.39548">
				<ele>360.62</ele>
				<time>2026-05-28T18:41:10.027Z</time>
			</trkpt>
			<trkpt lat="44.60052" lon="2.39529">
				<ele>362.5</ele>
				<time>2026-05-28T18:41:12.265Z</time>
			</trkpt>
			<trkpt lat="44.60057" lon="2.3952">
				<ele>363.28</ele>
				<time>2026-05-28T18:41:13.431Z</time>
			</trkpt>
			<trkpt lat="44.60066" lon="2.3951">
				<ele>364.9</ele>
				<time>2026-05-28T18:41:15.060Z</time>
			</trkpt>
			<trkpt lat="44.60079" lon="2.395">
				<ele>367.42</ele>
				<time>2026-05-28T18:41:17.144Z</time>
			</trkpt>
			<trkpt lat="44.60087" lon="2.39496">
				<ele>367.53</ele>
				<time>2026-05-28T18:41:18.328Z</time>
			</trkpt>
			<trkpt lat="44.6011" lon="2.39493">
				<ele>368.14</ele>
				<time>2026-05-28T18:41:21.516Z</time>
			</trkpt>
			<trkpt lat="44.60129" lon="2.3948">
				<ele>369.64</ele>
				<time>2026-05-28T18:41:24.389Z</time>
			</trkpt>
			<trkpt lat="44.60143" lon="2.39457">
				<ele>368.2</ele>
				<time>2026-05-28T18:41:27.275Z</time>
			</trkpt>
			<trkpt lat="44.60157" lon="2.39423">
				<ele>364.93</ele>
				<time>2026-05-28T18:41:30.960Z</time>
			</trkpt>
			<trkpt lat="44.6017" lon="2.39377">
				<ele>357.85</ele>
				<time>2026-05-28T18:41:35.507Z</time>
			</trkpt>
			<trkpt lat="44.60178" lon="2.39361">
				<ele>356.73</ele>
				<time>2026-05-28T18:41:37.275Z</time>
			</trkpt>
			<trkpt lat="44.60196" lon="2.39346">
				<ele>359.31</ele>
				<time>2026-05-28T18:41:39.902Z</time>
			</trkpt>
			<trkpt lat="44.60212" lon="2.39337">
				<ele>356.45</ele>
				<time>2026-05-28T18:41:42.040Z</time>
			</trkpt>
			<trkpt lat="44.6024" lon="2.39317">
				<ele>349.26</ele>
				<time>2026-05-28T18:41:45.875Z</time>
			</trkpt>
			<trkpt lat="44.60274" lon="2.39295">
				<ele>347.37</ele>
				<time>2026-05-28T18:41:50.347Z</time>
			</trkpt>
			<trkpt lat="44.60291" lon="2.39288">
				<ele>345.57</ele>
				<time>2026-05-28T18:41:52.428Z</time>
			</trkpt>
			<trkpt lat="44.60373" lon="2.39278">
				<ele>358.88</ele>
				<time>2026-05-28T18:42:01.811Z</time>
			</trkpt>
			<trkpt lat="44.6038" lon="2.39275">
				<ele>359.01</ele>
				<time>2026-05-28T18:42:02.624Z</time>
			</trkpt>
			<trkpt lat="44.60383" lon="2.39268">
				<ele>356.94</ele>
				<time>2026-05-28T18:42:03.267Z</time>
			</trkpt>
			<trkpt lat="44.60382" lon="2.39261">
				<ele>354.46</ele>
				<time>2026-05-28T18:42:03.828Z</time>
			</trkpt>
			<trkpt lat="44.60378" lon="2.39257">
				<ele>352.31</ele>
				<time>2026-05-28T18:42:04.368Z</time>
			</trkpt>
			<trkpt lat="44.60364" lon="2.39261">
				<ele>352.02</ele>
				<time>2026-05-28T18:42:05.931Z</time>
			</trkpt>
			<trkpt lat="44.60348" lon="2.39262">
				<ele>349.54</ele>
				<time>2026-05-28T18:42:07.668Z</time>
			</trkpt>
			<trkpt lat="44.60336" lon="2.39259">
				<ele>346.7</ele>
				<time>2026-05-28T18:42:08.980Z</time>
			</trkpt>
			<trkpt lat="44.60306" lon="2.39242">
				<ele>333.91</ele>
				<time>2026-05-28T18:42:12.421Z</time>
			</trkpt>
			<trkpt lat="44.60293" lon="2.39236">
				<ele>329.82</ele>
				<time>2026-05-28T18:42:13.859Z</time>
			</trkpt>
			<trkpt lat="44.60285" lon="2.39235">
				<ele>328.08</ele>
				<time>2026-05-28T18:42:14.698Z</time>
			</trkpt>
			<trkpt lat="44.60229" lon="2.39252">
				<ele>325.4</ele>
				<time>2026-05-28T18:42:20.590Z</time>
			</trkpt>
			<trkpt lat="44.60202" lon="2.39245">
				<ele>325.91</ele>
				<time>2026-05-28T18:42:23.356Z</time>
			</trkpt>
			<trkpt lat="44.60191" lon="2.39239">
				<ele>325.32</ele>
				<time>2026-05-28T18:42:24.535Z</time>
			</trkpt>
			<trkpt lat="44.60167" lon="2.39214">
				<ele>318.43</ele>
				<time>2026-05-28T18:42:27.492Z</time>
			</trkpt>
			<trkpt lat="44.60145" lon="2.39195">
				<ele>310.62</ele>
				<time>2026-05-28T18:42:30.018Z</time>
			</trkpt>
			<trkpt lat="44.60136" lon="2.3919">
				<ele>307.94</ele>
				<time>2026-05-28T18:42:30.957Z</time>
			</trkpt>
			<trkpt lat="44.60128" lon="2.39192">
				<ele>305.05</ele>
				<time>2026-05-28T18:42:31.744Z</time>
			</trkpt>
			<trkpt lat="44.60118" lon="2.39198">
				<ele>302.41</ele>
				<time>2026-05-28T18:42:32.792Z</time>
			</trkpt>
			<trkpt lat="44.60114" lon="2.39207">
				<ele>303.28</ele>
				<time>2026-05-28T18:42:33.518Z</time>
			</trkpt>
			<trkpt lat="44.60113" lon="2.39254">
				<ele>312.2</ele>
				<time>2026-05-28T18:42:36.710Z</time>
			</trkpt>
			<trkpt lat="44.60111" lon="2.39277">
				<ele>312.16</ele>
				<time>2026-05-28T18:42:38.269Z</time>
			</trkpt>
			<trkpt lat="44.60105" lon="2.39302">
				<ele>311.07</ele>
				<time>2026-05-28T18:42:40.034Z</time>
			</trkpt>
			<trkpt lat="44.60089" lon="2.39342">
				<ele>310.67</ele>
				<time>2026-05-28T18:42:43.078Z</time>
			</trkpt>
			<trkpt lat="44.60081" lon="2.39356">
				<ele>311.1</ele>
				<time>2026-05-28T18:42:44.261Z</time>
			</trkpt>
			<trkpt lat="44.6007" lon="2.3937">
				<ele>309.38</ele>
				<time>2026-05-28T18:42:45.631Z</time>
			</trkpt>
			<trkpt lat="44.6006" lon="2.39379">
				<ele>307.26</ele>
				<time>2026-05-28T18:42:46.722Z</time>
			</trkpt>
			<trkpt lat="44.59985" lon="2.39405">
				<ele>297.67</ele>
				<time>2026-05-28T18:42:53.748Z</time>
			</trkpt>
			<trkpt lat="44.59966" lon="2.39409">
				<ele>294.22</ele>
				<time>2026-05-28T18:42:55.479Z</time>
			</trkpt>
			<trkpt lat="44.59875" lon="2.39417">
				<ele>281.62</ele>
				<time>2026-05-28T18:43:03.631Z</time>
			</trkpt>
			<trkpt lat="44.5987" lon="2.39413">
				<ele>277.76</ele>
				<time>2026-05-28T18:43:04.143Z</time>
			</trkpt>
			<trkpt lat="44.59869" lon="2.39409">
				<ele>275.17</ele>
				<time>2026-05-28T18:43:04.411Z</time>
			</trkpt>
			<trkpt lat="44.5987" lon="2.39404">
				<ele>273.69</ele>
				<time>2026-05-28T18:43:04.740Z</time>
			</trkpt>
			<trkpt lat="44.59875" lon="2.39396">
				<ele>272.61</ele>
				<time>2026-05-28T18:43:05.414Z</time>
			</trkpt>
			<trkpt lat="44.59888" lon="2.39383">
				<ele>272.09</ele>
				<time>2026-05-28T18:43:06.832Z</time>
			</trkpt>
			<trkpt lat="44.59892" lon="2.39382">
				<ele>271.7</ele>
				<time>2026-05-28T18:43:07.193Z</time>
			</trkpt>
			<trkpt lat="44.59907" lon="2.39386">
				<ele>272.51</ele>
				<time>2026-05-28T18:43:08.549Z</time>
			</trkpt>
			<trkpt lat="44.59925" lon="2.39385">
				<ele>273.31</ele>
				<time>2026-05-28T18:43:10.148Z</time>
			</trkpt>
			<trkpt lat="44.59942" lon="2.39378">
				<ele>274.03</ele>
				<time>2026-05-28T18:43:11.721Z</time>
			</trkpt>
			<trkpt lat="44.59989" lon="2.39352">
				<ele>272.25</ele>
				<time>2026-05-28T18:43:16.211Z</time>
			</trkpt>
			<trkpt lat="44.60022" lon="2.39307">
				<ele>266.73</ele>
				<time>2026-05-28T18:43:20.313Z</time>
			</trkpt>
			<trkpt lat="44.60028" lon="2.39293">
				<ele>265.71</ele>
				<time>2026-05-28T18:43:21.354Z</time>
			</trkpt>
			<trkpt lat="44.60035" lon="2.39267">
				<ele>264.21</ele>
				<time>2026-05-28T18:43:23.129Z</time>
			</trkpt>
			<trkpt lat="44.60041" lon="2.3925">
				<ele>265.63</ele>
				<time>2026-05-28T18:43:24.343Z</time>
			</trkpt>
			<trkpt lat="44.60042" lon="2.3924">
				<ele>264.9</ele>
				<time>2026-05-28T18:43:24.990Z</time>
			</trkpt>
			<trkpt lat="44.60041" lon="2.39233">
				<ele>263.41</ele>
				<time>2026-05-28T18:43:25.448Z</time>
			</trkpt>
			<trkpt lat="44.60038" lon="2.39229">
				<ele>261.05</ele>
				<time>2026-05-28T18:43:25.821Z</time>
			</trkpt>
			<trkpt lat="44.6004" lon="2.39173">
				<ele>253.29</ele>
				<time>2026-05-28T18:43:29.437Z</time>
			</trkpt>
			<trkpt lat="44.60045" lon="2.39148">
				<ele>251.15</ele>
				<time>2026-05-28T18:43:31.122Z</time>
			</trkpt>
			<trkpt lat="44.60063" lon="2.39086">
				<ele>242.07</ele>
				<time>2026-05-28T18:43:35.502Z</time>
			</trkpt>
			<trkpt lat="44.60078" lon="2.39066">
				<ele>240.36</ele>
				<time>2026-05-28T18:43:37.420Z</time>
			</trkpt>
			<trkpt lat="44.60108" lon="2.39041">
				<ele>239.99</ele>
				<time>2026-05-28T18:43:40.681Z</time>
			</trkpt>
			<trkpt lat="44.60126" lon="2.39038">
				<ele>239.28</ele>
				<time>2026-05-28T18:43:42.390Z</time>
			</trkpt>
			<trkpt lat="44.60138" lon="2.39041">
				<ele>240.48</ele>
				<time>2026-05-28T18:43:43.546Z</time>
			</trkpt>
			<trkpt lat="44.60152" lon="2.3905">
				<ele>241.42</ele>
				<time>2026-05-28T18:43:45.012Z</time>
			</trkpt>
			<trkpt lat="44.60178" lon="2.39057">
				<ele>239.57</ele>
				<time>2026-05-28T18:43:47.553Z</time>
			</trkpt>
			<trkpt lat="44.60243" lon="2.39041">
				<ele>239.23</ele>
				<time>2026-05-28T18:43:54.005Z</time>
			</trkpt>
			<trkpt lat="44.60254" lon="2.39034">
				<ele>238.77</ele>
				<time>2026-05-28T18:43:55.205Z</time>
			</trkpt>
			<trkpt lat="44.60255" lon="2.39024">
				<ele>236.22</ele>
				<time>2026-05-28T18:43:55.923Z</time>
			</trkpt>
			<trkpt lat="44.60239" lon="2.3903">
				<ele>234.68</ele>
				<time>2026-05-28T18:43:57.585Z</time>
			</trkpt>
			<trkpt lat="44.60203" lon="2.39036">
				<ele>231.6</ele>
				<time>2026-05-28T18:44:01.268Z</time>
			</trkpt>
			<trkpt lat="44.60183" lon="2.39035">
				<ele>231.56</ele>
				<time>2026-05-28T18:44:03.337Z</time>
			</trkpt>
			<trkpt lat="44.60135" lon="2.39016">
				<ele>232.99</ele>
				<time>2026-05-28T18:44:08.600Z</time>
			</trkpt>
			<trkpt lat="44.6011" lon="2.39008">
				<ele>231.8</ele>
				<time>2026-05-28T18:44:11.339Z</time>
			</trkpt>
			<trkpt lat="44.60086" lon="2.39008">
				<ele>229.81</ele>
				<time>2026-05-28T18:44:13.907Z</time>
			</trkpt>
			<trkpt lat="44.60059" lon="2.39021">
				<ele>228.02</ele>
				<time>2026-05-28T18:44:16.949Z</time>
			</trkpt>
			<trkpt lat="44.60035" lon="2.39051">
				<ele>228.19</ele>
				<time>2026-05-28T18:44:20.338Z</time>
			</trkpt>
			<trkpt lat="44.60028" lon="2.39068">
				<ele>228.99</ele>
				<time>2026-05-28T18:44:21.794Z</time>
			</trkpt>
			<trkpt lat="44.60002" lon="2.3916">
				<ele>231.87</ele>
				<time>2026-05-28T18:44:28.863Z</time>
			</trkpt>
			<trkpt lat="44.5998" lon="2.39227">
				<ele>233.38</ele>
				<time>2026-05-28T18:44:33.719Z</time>
			</trkpt>
			<trkpt lat="44.59967" lon="2.39253">
				<ele>233.41</ele>
				<time>2026-05-28T18:44:35.708Z</time>
			</trkpt>
			<trkpt lat="44.59946" lon="2.39279">
				<ele>232.3</ele>
				<time>2026-05-28T18:44:38.154Z</time>
			</trkpt>
			<trkpt lat="44.59925" lon="2.39289">
				<ele>231.51</ele>
				<time>2026-05-28T18:44:40.080Z</time>
			</trkpt>
			<trkpt lat="44.59905" lon="2.39293">
				<ele>231.39</ele>
				<time>2026-05-28T18:44:41.827Z</time>
			</trkpt>
			<trkpt lat="44.59864" lon="2.39295">
				<ele>233.1</ele>
				<time>2026-05-28T18:44:45.349Z</time>
			</trkpt>
			<trkpt lat="44.59841" lon="2.39299">
				<ele>233.16</ele>
				<time>2026-05-28T18:44:47.324Z</time>
			</trkpt>
			<trkpt lat="44.59833" lon="2.393">
				<ele>232.85</ele>
				<time>2026-05-28T18:44:48.006Z</time>
			</trkpt>
			<trkpt lat="44.59811" lon="2.39297">
				<ele>233.01</ele>
				<time>2026-05-28T18:44:49.877Z</time>
			</trkpt>
			<trkpt lat="44.59793" lon="2.3929">
				<ele>233.69</ele>
				<time>2026-05-28T18:44:51.450Z</time>
			</trkpt>
			<trkpt lat="44.5976" lon="2.39275">
				<ele>233.17</ele>
				<time>2026-05-28T18:44:54.354Z</time>
			</trkpt>
			<trkpt lat="44.59733" lon="2.39276">
				<ele>230.71</ele>
				<time>2026-05-28T18:44:56.600Z</time>
			</trkpt>
			<trkpt lat="44.5972" lon="2.39281">
				<ele>229.45</ele>
				<time>2026-05-28T18:44:57.716Z</time>
			</trkpt>
			<trkpt lat="44.59626" lon="2.3936">
				<ele>229.39</ele>
				<time>2026-05-28T18:45:06.659Z</time>
			</trkpt>
			<trkpt lat="44.59616" lon="2.39368">
				<ele>231.28</ele>
				<time>2026-05-28T18:45:07.586Z</time>
			</trkpt>
			<trkpt lat="44.59599" lon="2.39378">
				<ele>233.25</ele>
				<time>2026-05-28T18:45:09.066Z</time>
			</trkpt>
			<trkpt lat="44.59574" lon="2.39379">
				<ele>231.88</ele>
				<time>2026-05-28T18:45:11.065Z</time>
			</trkpt>
			<trkpt lat="44.59552" lon="2.39382">
				<ele>230.04</ele>
				<time>2026-05-28T18:45:12.822Z</time>
			</trkpt>
			<trkpt lat="44.59531" lon="2.39391">
				<ele>230.59</ele>
				<time>2026-05-28T18:45:14.559Z</time>
			</trkpt>
			<trkpt lat="44.59516" lon="2.39399">
				<ele>230.48</ele>
				<time>2026-05-28T18:45:15.823Z</time>
			</trkpt>
			<trkpt lat="44.59475" lon="2.39429">
				<ele>229.72</ele>
				<time>2026-05-28T18:45:19.441Z</time>
			</trkpt>
			<trkpt lat="44.59379" lon="2.39504">
				<ele>230.61</ele>
				<time>2026-05-28T18:45:27.896Z</time>
			</trkpt>
			<trkpt lat="44.59337" lon="2.39547">
				<ele>231.81</ele>
				<time>2026-05-28T18:45:31.829Z</time>
			</trkpt>
			<trkpt lat="44.59321" lon="2.39569">
				<ele>232.47</ele>
				<time>2026-05-28T18:45:33.511Z</time>
			</trkpt>
			<trkpt lat="44.5924" lon="2.39698">
				<ele>233.13</ele>
				<time>2026-05-28T18:45:42.571Z</time>
			</trkpt>
			<trkpt lat="44.59204" lon="2.3977">
				<ele>241</ele>
				<time>2026-05-28T18:45:47.121Z</time>
			</trkpt>
			<trkpt lat="44.59196" lon="2.3978">
				<ele>242.46</ele>
				<time>2026-05-28T18:45:47.893Z</time>
			</trkpt>
			<trkpt lat="44.59184" lon="2.39791">
				<ele>242.2</ele>
				<time>2026-05-28T18:45:48.923Z</time>
			</trkpt>
			<trkpt lat="44.59152" lon="2.39801">
				<ele>238.14</ele>
				<time>2026-05-28T18:45:51.270Z</time>
			</trkpt>
			<trkpt lat="44.59096" lon="2.39812">
				<ele>238.52</ele>
				<time>2026-05-28T18:45:55.283Z</time>
			</trkpt>
			<trkpt lat="44.59078" lon="2.39811">
				<ele>239.54</ele>
				<time>2026-05-28T18:45:56.552Z</time>
			</trkpt>
			<trkpt lat="44.5906" lon="2.39803">
				<ele>240.34</ele>
				<time>2026-05-28T18:45:57.878Z</time>
			</trkpt>
			<trkpt lat="44.58911" lon="2.39663">
				<ele>236.03</ele>
				<time>2026-05-28T18:46:10.240Z</time>
			</trkpt>
			<trkpt lat="44.58894" lon="2.39645">
				<ele>235.19</ele>
				<time>2026-05-28T18:46:11.682Z</time>
			</trkpt>
			<trkpt lat="44.58884" lon="2.39639">
				<ele>234.79</ele>
				<time>2026-05-28T18:46:12.417Z</time>
			</trkpt>
			<trkpt lat="44.58873" lon="2.39638">
				<ele>233.87</ele>
				<time>2026-05-28T18:46:13.159Z</time>
			</trkpt>
			<trkpt lat="44.58864" lon="2.39639">
				<ele>233.36</ele>
				<time>2026-05-28T18:46:13.767Z</time>
			</trkpt>
			<trkpt lat="44.58843" lon="2.39649">
				<ele>230.43</ele>
				<time>2026-05-28T18:46:15.255Z</time>
			</trkpt>
			<trkpt lat="44.58835" lon="2.39659">
				<ele>229.76</ele>
				<time>2026-05-28T18:46:15.972Z</time>
			</trkpt>
			<trkpt lat="44.58829" lon="2.39675">
				<ele>230</ele>
				<time>2026-05-28T18:46:16.832Z</time>
			</trkpt>
			<trkpt lat="44.58823" lon="2.39704">
				<ele>231.34</ele>
				<time>2026-05-28T18:46:18.264Z</time>
			</trkpt>
			<trkpt lat="44.58825" lon="2.39728">
				<ele>233.38</ele>
				<time>2026-05-28T18:46:19.406Z</time>
			</trkpt>
			<trkpt lat="44.5883" lon="2.39761">
				<ele>237.52</ele>
				<time>2026-05-28T18:46:20.995Z</time>
			</trkpt>
			<trkpt lat="44.58844" lon="2.39818">
				<ele>243.12</ele>
				<time>2026-05-28T18:46:23.820Z</time>
			</trkpt>
			<trkpt lat="44.58852" lon="2.39866">
				<ele>243.27</ele>
				<time>2026-05-28T18:46:26.115Z</time>
			</trkpt>
			<trkpt lat="44.58853" lon="2.39894">
				<ele>242.76</ele>
				<time>2026-05-28T18:46:27.414Z</time>
			</trkpt>
			<trkpt lat="44.5885" lon="2.3992">
				<ele>240.39</ele>
				<time>2026-05-28T18:46:28.632Z</time>
			</trkpt>
			<trkpt lat="44.58843" lon="2.39947">
				<ele>237.74</ele>
				<time>2026-05-28T18:46:29.955Z</time>
			</trkpt>
			<trkpt lat="44.58834" lon="2.3997">
				<ele>237.34</ele>
				<time>2026-05-28T18:46:31.161Z</time>
			</trkpt>
			<trkpt lat="44.58813" lon="2.40015">
				<ele>235.04</ele>
				<time>2026-05-28T18:46:33.621Z</time>
			</trkpt>
			<trkpt lat="44.58763" lon="2.40104">
				<ele>234.77</ele>
				<time>2026-05-28T18:46:38.760Z</time>
			</trkpt>
			<trkpt lat="44.58734" lon="2.4014">
				<ele>234.89</ele>
				<time>2026-05-28T18:46:41.204Z</time>
			</trkpt>
			<trkpt lat="44.58711" lon="2.40175">
				<ele>237.45</ele>
				<time>2026-05-28T18:46:43.333Z</time>
			</trkpt>
			<trkpt lat="44.58692" lon="2.40197">
				<ele>242.83</ele>
				<time>2026-05-28T18:46:44.874Z</time>
			</trkpt>
			<trkpt lat="44.58683" lon="2.40204">
				<ele>245.08</ele>
				<time>2026-05-28T18:46:45.516Z</time>
			</trkpt>
			<trkpt lat="44.58642" lon="2.40222">
				<ele>247.41</ele>
				<time>2026-05-28T18:46:48.187Z</time>
			</trkpt>
			<trkpt lat="44.58603" lon="2.40235">
				<ele>244.68</ele>
				<time>2026-05-28T18:46:50.667Z</time>
			</trkpt>
			<trkpt lat="44.58587" lon="2.40237">
				<ele>242.81</ele>
				<time>2026-05-28T18:46:51.657Z</time>
			</trkpt>
			<trkpt lat="44.58516" lon="2.40231">
				<ele>240.16</ele>
				<time>2026-05-28T18:46:56.018Z</time>
			</trkpt>
			<trkpt lat="44.58487" lon="2.40231">
				<ele>239.33</ele>
				<time>2026-05-28T18:46:57.785Z</time>
			</trkpt>
			<trkpt lat="44.58458" lon="2.40234">
				<ele>238.54</ele>
				<time>2026-05-28T18:46:59.552Z</time>
			</trkpt>
			<trkpt lat="44.58353" lon="2.4025">
				<ele>238.13</ele>
				<time>2026-05-28T18:47:05.922Z</time>
			</trkpt>
			<trkpt lat="44.58325" lon="2.40265">
				<ele>239.69</ele>
				<time>2026-05-28T18:47:07.717Z</time>
			</trkpt>
			<trkpt lat="44.58239" lon="2.4032">
				<ele>236.7</ele>
				<time>2026-05-28T18:47:13.344Z</time>
			</trkpt>
			<trkpt lat="44.58215" lon="2.40346">
				<ele>235.81</ele>
				<time>2026-05-28T18:47:15.139Z</time>
			</trkpt>
			<trkpt lat="44.58207" lon="2.40362">
				<ele>236.64</ele>
				<time>2026-05-28T18:47:15.962Z</time>
			</trkpt>
			<trkpt lat="44.58202" lon="2.40379">
				<ele>237.46</ele>
				<time>2026-05-28T18:47:16.735Z</time>
			</trkpt>
			<trkpt lat="44.58199" lon="2.40397">
				<ele>238.62</ele>
				<time>2026-05-28T18:47:17.512Z</time>
			</trkpt>
			<trkpt lat="44.58197" lon="2.40448">
				<ele>242.28</ele>
				<time>2026-05-28T18:47:19.653Z</time>
			</trkpt>
			<trkpt lat="44.58192" lon="2.40491">
				<ele>242.81</ele>
				<time>2026-05-28T18:47:21.475Z</time>
			</trkpt>
			<trkpt lat="44.58186" lon="2.40522">
				<ele>242.8</ele>
				<time>2026-05-28T18:47:22.816Z</time>
			</trkpt>
			<trkpt lat="44.58178" lon="2.40551">
				<ele>242.92</ele>
				<time>2026-05-28T18:47:24.112Z</time>
			</trkpt>
			<trkpt lat="44.58171" lon="2.40565">
				<ele>242.05</ele>
				<time>2026-05-28T18:47:24.824Z</time>
			</trkpt>
			<trkpt lat="44.5816" lon="2.40581">
				<ele>240.25</ele>
				<time>2026-05-28T18:47:25.749Z</time>
			</trkpt>
			<trkpt lat="44.5814" lon="2.40603">
				<ele>236.97</ele>
				<time>2026-05-28T18:47:27.230Z</time>
			</trkpt>
			<trkpt lat="44.58071" lon="2.40651">
				<ele>236.44</ele>
				<time>2026-05-28T18:47:31.707Z</time>
			</trkpt>
			<trkpt lat="44.58067" lon="2.40654">
				<ele>236.97</ele>
				<time>2026-05-28T18:47:31.971Z</time>
			</trkpt>
			<trkpt lat="44.57981" lon="2.40707">
				<ele>243.19</ele>
				<time>2026-05-28T18:47:37.406Z</time>
			</trkpt>
			<trkpt lat="44.57901" lon="2.4076">
				<ele>236.89</ele>
				<time>2026-05-28T18:47:42.506Z</time>
			</trkpt>
			<trkpt lat="44.57865" lon="2.40781">
				<ele>238.28</ele>
				<time>2026-05-28T18:47:44.750Z</time>
			</trkpt>
			<trkpt lat="44.57822" lon="2.40802">
				<ele>242.11</ele>
				<time>2026-05-28T18:47:47.366Z</time>
			</trkpt>
			<trkpt lat="44.578" lon="2.4081">
				<ele>242.23</ele>
				<time>2026-05-28T18:47:48.672Z</time>
			</trkpt>
			<trkpt lat="44.57775" lon="2.40814">
				<ele>244.65</ele>
				<time>2026-05-28T18:47:50.116Z</time>
			</trkpt>
			<trkpt lat="44.57733" lon="2.40818">
				<ele>246.49</ele>
				<time>2026-05-28T18:47:52.532Z</time>
			</trkpt>
			<trkpt lat="44.57688" lon="2.4082">
				<ele>247.66</ele>
				<time>2026-05-28T18:47:55.115Z</time>
			</trkpt>
			<trkpt lat="44.5767" lon="2.40817">
				<ele>245.88</ele>
				<time>2026-05-28T18:47:56.155Z</time>
			</trkpt>
			<trkpt lat="44.5765" lon="2.4081">
				<ele>243.55</ele>
				<time>2026-05-28T18:47:57.337Z</time>
			</trkpt>
			<trkpt lat="44.57616" lon="2.4079">
				<ele>243.2</ele>
				<time>2026-05-28T18:47:59.451Z</time>
			</trkpt>
			<trkpt lat="44.5759" lon="2.40768">
				<ele>242.66</ele>
				<time>2026-05-28T18:48:01.192Z</time>
			</trkpt>
			<trkpt lat="44.57563" lon="2.40734">
				<ele>238.84</ele>
				<time>2026-05-28T18:48:03.273Z</time>
			</trkpt>
			<trkpt lat="44.57541" lon="2.40714">
				<ele>238.73</ele>
				<time>2026-05-28T18:48:04.778Z</time>
			</trkpt>
			<trkpt lat="44.57523" lon="2.40705">
				<ele>240.45</ele>
				<time>2026-05-28T18:48:05.875Z</time>
			</trkpt>
			<trkpt lat="44.57505" lon="2.40702">
				<ele>243.34</ele>
				<time>2026-05-28T18:48:06.916Z</time>
			</trkpt>
			<trkpt lat="44.57492" lon="2.40705">
				<ele>245.12</ele>
				<time>2026-05-28T18:48:07.673Z</time>
			</trkpt>
			<trkpt lat="44.57468" lon="2.40721">
				<ele>245.89</ele>
				<time>2026-05-28T18:48:09.200Z</time>
			</trkpt>
			<trkpt lat="44.57412" lon="2.40772">
				<ele>246.66</ele>
				<time>2026-05-28T18:48:13.042Z</time>
			</trkpt>
			<trkpt lat="44.57313" lon="2.40841">
				<ele>251.37</ele>
				<time>2026-05-28T18:48:19.423Z</time>
			</trkpt>
			<trkpt lat="44.57287" lon="2.40851">
				<ele>248</ele>
				<time>2026-05-28T18:48:20.984Z</time>
			</trkpt>
			<trkpt lat="44.57273" lon="2.40853">
				<ele>246.12</ele>
				<time>2026-05-28T18:48:21.799Z</time>
			</trkpt>
			<trkpt lat="44.57255" lon="2.40851">
				<ele>245.17</ele>
				<time>2026-05-28T18:48:22.847Z</time>
			</trkpt>
			<trkpt lat="44.57219" lon="2.40843">
				<ele>247.84</ele>
				<time>2026-05-28T18:48:24.964Z</time>
			</trkpt>
			<trkpt lat="44.57196" lon="2.40832">
				<ele>247.29</ele>
				<time>2026-05-28T18:48:26.378Z</time>
			</trkpt>
			<trkpt lat="44.57142" lon="2.40792">
				<ele>247.03</ele>
				<time>2026-05-28T18:48:29.939Z</time>
			</trkpt>
			<trkpt lat="44.57102" lon="2.4077">
				<ele>250.76</ele>
				<time>2026-05-28T18:48:32.454Z</time>
			</trkpt>
			<trkpt lat="44.57086" lon="2.40755">
				<ele>250.12</ele>
				<time>2026-05-28T18:48:33.582Z</time>
			</trkpt>
			<trkpt lat="44.57064" lon="2.4073">
				<ele>248.45</ele>
				<time>2026-05-28T18:48:35.246Z</time>
			</trkpt>
			<trkpt lat="44.56996" lon="2.40622">
				<ele>247.36</ele>
				<time>2026-05-28T18:48:41.311Z</time>
			</trkpt>
			<trkpt lat="44.5698" lon="2.40589">
				<ele>247.25</ele>
				<time>2026-05-28T18:48:43.000Z</time>
			</trkpt>
			<trkpt lat="44.56962" lon="2.40563">
				<ele>245.27</ele>
				<time>2026-05-28T18:48:44.538Z</time>
			</trkpt>
			<trkpt lat="44.56951" lon="2.4055">
				<ele>243.75</ele>
				<time>2026-05-28T18:48:45.395Z</time>
			</trkpt>
			<trkpt lat="44.56941" lon="2.40546">
				<ele>243.56</ele>
				<time>2026-05-28T18:48:46.016Z</time>
			</trkpt>
			<trkpt lat="44.56926" lon="2.40547">
				<ele>244.68</ele>
				<time>2026-05-28T18:48:46.914Z</time>
			</trkpt>
			<trkpt lat="44.56919" lon="2.40551">
				<ele>245.44</ele>
				<time>2026-05-28T18:48:47.367Z</time>
			</trkpt>
			<trkpt lat="44.56912" lon="2.40559">
				<ele>246.56</ele>
				<time>2026-05-28T18:48:47.907Z</time>
			</trkpt>
			<trkpt lat="44.56898" lon="2.40584">
				<ele>252.86</ele>
				<time>2026-05-28T18:48:49.267Z</time>
			</trkpt>
			<trkpt lat="44.56889" lon="2.40595">
				<ele>257.29</ele>
				<time>2026-05-28T18:48:49.984Z</time>
			</trkpt>
			<trkpt lat="44.56877" lon="2.40606">
				<ele>259.1</ele>
				<time>2026-05-28T18:48:50.847Z</time>
			</trkpt>
			<trkpt lat="44.56863" lon="2.40611">
				<ele>258.86</ele>
				<time>2026-05-28T18:48:51.717Z</time>
			</trkpt>
			<trkpt lat="44.5685" lon="2.4061">
				<ele>255.5</ele>
				<time>2026-05-28T18:48:52.503Z</time>
			</trkpt>
			<trkpt lat="44.5684" lon="2.40612">
				<ele>254.24</ele>
				<time>2026-05-28T18:48:53.114Z</time>
			</trkpt>
			<trkpt lat="44.56782" lon="2.40656">
				<ele>259.98</ele>
				<time>2026-05-28T18:48:57.115Z</time>
			</trkpt>
			<trkpt lat="44.56769" lon="2.40662">
				<ele>260.36</ele>
				<time>2026-05-28T18:48:57.949Z</time>
			</trkpt>
			<trkpt lat="44.56743" lon="2.40666">
				<ele>261.29</ele>
				<time>2026-05-28T18:48:59.548Z</time>
			</trkpt>
			<trkpt lat="44.56734" lon="2.40664">
				<ele>260.6</ele>
				<time>2026-05-28T18:49:00.106Z</time>
			</trkpt>
			<trkpt lat="44.56701" lon="2.4063">
				<ele>250.09</ele>
				<time>2026-05-28T18:49:02.620Z</time>
			</trkpt>
			<trkpt lat="44.56687" lon="2.40623">
				<ele>249.15</ele>
				<time>2026-05-28T18:49:03.536Z</time>
			</trkpt>
			<trkpt lat="44.5668" lon="2.40623">
				<ele>248.89</ele>
				<time>2026-05-28T18:49:03.968Z</time>
			</trkpt>
			<trkpt lat="44.56672" lon="2.40627">
				<ele>248.86</ele>
				<time>2026-05-28T18:49:04.492Z</time>
			</trkpt>
			<trkpt lat="44.56664" lon="2.40638">
				<ele>248.8</ele>
				<time>2026-05-28T18:49:05.185Z</time>
			</trkpt>
			<trkpt lat="44.56655" lon="2.40662">
				<ele>249.56</ele>
				<time>2026-05-28T18:49:06.382Z</time>
			</trkpt>
			<trkpt lat="44.56634" lon="2.40745">
				<ele>251.3</ele>
				<time>2026-05-28T18:49:10.291Z</time>
			</trkpt>
			<trkpt lat="44.56625" lon="2.40768">
				<ele>251.11</ele>
				<time>2026-05-28T18:49:11.462Z</time>
			</trkpt>
			<trkpt lat="44.56607" lon="2.4081">
				<ele>247.88</ele>
				<time>2026-05-28T18:49:13.658Z</time>
			</trkpt>
			<trkpt lat="44.56595" lon="2.40832">
				<ele>248.16</ele>
				<time>2026-05-28T18:49:14.903Z</time>
			</trkpt>
			<trkpt lat="44.56576" lon="2.40857">
				<ele>251.31</ele>
				<time>2026-05-28T18:49:16.552Z</time>
			</trkpt>
			<trkpt lat="44.56569" lon="2.40864">
				<ele>253.26</ele>
				<time>2026-05-28T18:49:17.098Z</time>
			</trkpt>
			<trkpt lat="44.56531" lon="2.40894">
				<ele>253.61</ele>
				<time>2026-05-28T18:49:19.875Z</time>
			</trkpt>
			<trkpt lat="44.5649" lon="2.40909">
				<ele>254.47</ele>
				<time>2026-05-28T18:49:22.592Z</time>
			</trkpt>
			<trkpt lat="44.56466" lon="2.4091">
				<ele>254.74</ele>
				<time>2026-05-28T18:49:24.139Z</time>
			</trkpt>
			<trkpt lat="44.56394" lon="2.40899">
				<ele>255</ele>
				<time>2026-05-28T18:49:28.841Z</time>
			</trkpt>
			<trkpt lat="44.56314" lon="2.40876">
				<ele>254.72</ele>
				<time>2026-05-28T18:49:34.207Z</time>
			</trkpt>
			<trkpt lat="44.56279" lon="2.40868">
				<ele>253.31</ele>
				<time>2026-05-28T18:49:36.560Z</time>
			</trkpt>
			<trkpt lat="44.56258" lon="2.40867">
				<ele>254.23</ele>
				<time>2026-05-28T18:49:37.961Z</time>
			</trkpt>
			<trkpt lat="44.56235" lon="2.4087">
				<ele>253.06</ele>
				<time>2026-05-28T18:49:39.507Z</time>
			</trkpt>
			<trkpt lat="44.56196" lon="2.40885">
				<ele>244.59</ele>
				<time>2026-05-28T18:49:42.228Z</time>
			</trkpt>
			<trkpt lat="44.56173" lon="2.40891">
				<ele>241.03</ele>
				<time>2026-05-28T18:49:43.811Z</time>
			</trkpt>
			<trkpt lat="44.56167" lon="2.40892">
				<ele>240.13</ele>
				<time>2026-05-28T18:49:44.220Z</time>
			</trkpt>
			<trkpt lat="44.56155" lon="2.40891">
				<ele>240.66</ele>
				<time>2026-05-28T18:49:45.037Z</time>
			</trkpt>
			<trkpt lat="44.56142" lon="2.40888">
				<ele>240.64</ele>
				<time>2026-05-28T18:49:45.934Z</time>
			</trkpt>
			<trkpt lat="44.56098" lon="2.40867">
				<ele>244.42</ele>
				<time>2026-05-28T18:49:49.116Z</time>
			</trkpt>
			<trkpt lat="44.56063" lon="2.40867">
				<ele>250.3</ele>
				<time>2026-05-28T18:49:51.530Z</time>
			</trkpt>
			<trkpt lat="44.56046" lon="2.40871">
				<ele>251.24</ele>
				<time>2026-05-28T18:49:52.724Z</time>
			</trkpt>
			<trkpt lat="44.56031" lon="2.40878">
				<ele>249.09</ele>
				<time>2026-05-28T18:49:53.823Z</time>
			</trkpt>
			<trkpt lat="44.55868" lon="2.40985">
				<ele>252.05</ele>
				<time>2026-05-28T18:50:06.564Z</time>
			</trkpt>
			<trkpt lat="44.55855" lon="2.40991">
				<ele>250.88</ele>
				<time>2026-05-28T18:50:07.551Z</time>
			</trkpt>
			<trkpt lat="44.55835" lon="2.40997">
				<ele>248.11</ele>
				<time>2026-05-28T18:50:09.032Z</time>
			</trkpt>
			<trkpt lat="44.55411" lon="2.41091">
				<ele>245.76</ele>
				<time>2026-05-28T18:50:41.577Z</time>
			</trkpt>
			<trkpt lat="44.55354" lon="2.41101">
				<ele>244.49</ele>
				<time>2026-05-28T18:50:46.162Z</time>
			</trkpt>
			<trkpt lat="44.55323" lon="2.41103">
				<ele>245.18</ele>
				<time>2026-05-28T18:50:48.664Z</time>
			</trkpt>
			<trkpt lat="44.55303" lon="2.41101">
				<ele>245.94</ele>
				<time>2026-05-28T18:50:50.289Z</time>
			</trkpt>
			<trkpt lat="44.55127" lon="2.41062">
				<ele>244.39</ele>
				<time>2026-05-28T18:51:05.056Z</time>
			</trkpt>
			<trkpt lat="44.55096" lon="2.41061">
				<ele>245.15</ele>
				<time>2026-05-28T18:51:07.687Z</time>
			</trkpt>
			<trkpt lat="44.55075" lon="2.41064">
				<ele>244.95</ele>
				<time>2026-05-28T18:51:09.489Z</time>
			</trkpt>
			<trkpt lat="44.55022" lon="2.41085">
				<ele>249.11</ele>
				<time>2026-05-28T18:51:14.231Z</time>
			</trkpt>
			<trkpt lat="44.55002" lon="2.4109">
				<ele>248.11</ele>
				<time>2026-05-28T18:51:15.995Z</time>
			</trkpt>
			<trkpt lat="44.54927" lon="2.4109">
				<ele>243.72</ele>
				<time>2026-05-28T18:51:22.582Z</time>
			</trkpt>
			<trkpt lat="44.54898" lon="2.41085">
				<ele>243.56</ele>
				<time>2026-05-28T18:51:25.179Z</time>
			</trkpt>
			<trkpt lat="44.54817" lon="2.41045">
				<ele>243.8</ele>
				<time>2026-05-28T18:51:32.915Z</time>
			</trkpt>
			<trkpt lat="44.548" lon="2.41038">
				<ele>244.09</ele>
				<time>2026-05-28T18:51:34.531Z</time>
			</trkpt>
			<trkpt lat="44.54751" lon="2.41025">
				<ele>243.96</ele>
				<time>2026-05-28T18:51:39.115Z</time>
			</trkpt>
			<trkpt lat="44.54644" lon="2.41016">
				<ele>246.19</ele>
				<time>2026-05-28T18:51:49.153Z</time>
			</trkpt>
			<trkpt lat="44.54656" lon="2.40943">
				<ele>242.94</ele>
				<time>2026-05-28T18:51:54.250Z</time>
			</trkpt>
			<trkpt lat="44.54618" lon="2.40925">
				<ele>242.3</ele>
				<time>2026-05-28T18:51:58.121Z</time>
			</trkpt>
			<trkpt lat="44.54559" lon="2.40906">
				<ele>240</ele>
				<time>2026-05-28T18:52:04.035Z</time>
			</trkpt>
			<trkpt lat="44.54552" lon="2.40901">
				<ele>239.93</ele>
				<time>2026-05-28T18:52:04.809Z</time>
			</trkpt>
			<trkpt lat="44.5455" lon="2.40898">
				<ele>239.87</ele>
				<time>2026-05-28T18:52:05.097Z</time>
			</trkpt>
			<trkpt lat="44.5455" lon="2.40886">
				<ele>239.8</ele>
				<time>2026-05-28T18:52:05.942Z</time>
			</trkpt>
			<trkpt lat="44.54566" lon="2.40804">
				<ele>238.98</ele>
				<time>2026-05-28T18:52:11.976Z</time>
			</trkpt>
			<trkpt lat="44.54564" lon="2.4079">
				<ele>238.63</ele>
				<time>2026-05-28T18:52:12.998Z</time>
			</trkpt>
			<trkpt lat="44.54559" lon="2.40783">
				<ele>238.32</ele>
				<time>2026-05-28T18:52:13.709Z</time>
			</trkpt>
			<trkpt lat="44.54426" lon="2.40731">
				<ele>241</ele>
				<time>2026-05-28T18:52:31.095Z</time>
			</trkpt>
			<trkpt lat="44.54063" lon="2.40653">
				<ele>240.33</ele>
				<time>2026-05-28T18:53:19.331Z</time>
			</trkpt>
			<trkpt lat="44.54042" lon="2.40651">
				<ele>240.08</ele>
				<time>2026-05-28T18:53:22.136Z</time>
			</trkpt>
			<trkpt lat="44.53761" lon="2.40655">
				<ele>241.07</ele>
				<time>2026-05-28T18:53:58.904Z</time>
			</trkpt>
			<trkpt lat="44.53754" lon="2.40661">
				<ele>241.13</ele>
				<time>2026-05-28T18:53:59.942Z</time>
			</trkpt>
			<trkpt lat="44.53753" lon="2.40671">
				<ele>241.15</ele>
				<time>2026-05-28T18:54:00.850Z</time>
			</trkpt>
			<trkpt lat="44.53761" lon="2.40731">
				<ele>243.97</ele>
				<time>2026-05-28T18:54:06.294Z</time>
			</trkpt>
			<trkpt lat="44.53766" lon="2.4074">
				<ele>244.98</ele>
				<time>2026-05-28T18:54:07.301Z</time>
			</trkpt>
			<trkpt lat="44.53796" lon="2.40767">
				<ele>247.14</ele>
				<time>2026-05-28T18:54:11.676Z</time>
			</trkpt>
			<trkpt lat="44.53825" lon="2.408">
				<ele>249.42</ele>
				<time>2026-05-28T18:54:16.185Z</time>
			</trkpt>
			<trkpt lat="44.53862" lon="2.40833">
				<ele>251.97</ele>
				<time>2026-05-28T18:54:21.372Z</time>
			</trkpt>
			<trkpt lat="44.53865" lon="2.40838">
				<ele>252.55</ele>
				<time>2026-05-28T18:54:21.916Z</time>
			</trkpt>
			<trkpt lat="44.53865" lon="2.40844">
				<ele>253.24</ele>
				<time>2026-05-28T18:54:22.414Z</time>
			</trkpt>
			<trkpt lat="44.53836" lon="2.40834">
				<ele>254.86</ele>
				<time>2026-05-28T18:54:25.857Z</time>
			</trkpt>
			<trkpt lat="44.53779" lon="2.40823">
				<ele>254.85</ele>
				<time>2026-05-28T18:54:32.311Z</time>
			</trkpt>
			<trkpt lat="44.53633" lon="2.40818">
				<ele>249.15</ele>
				<time>2026-05-28T18:54:47.472Z</time>
			</trkpt>
			<trkpt lat="44.53596" lon="2.4082">
				<ele>248.05</ele>
				<time>2026-05-28T18:54:51.002Z</time>
			</trkpt>
			<trkpt lat="44.53575" lon="2.40823">
				<ele>247.82</ele>
				<time>2026-05-28T18:54:52.952Z</time>
			</trkpt>
			<trkpt lat="44.53548" lon="2.40831">
				<ele>248</ele>
				<time>2026-05-28T18:54:55.431Z</time>
			</trkpt>
			<trkpt lat="44.53515" lon="2.40845">
				<ele>246.8</ele>
				<time>2026-05-28T18:54:58.411Z</time>
			</trkpt>
			<trkpt lat="44.5348" lon="2.40865">
				<ele>245.7</ele>
				<time>2026-05-28T18:55:01.522Z</time>
			</trkpt>
			<trkpt lat="44.53432" lon="2.40896">
				<ele>243.18</ele>
				<time>2026-05-28T18:55:05.560Z</time>
			</trkpt>
			<trkpt lat="44.53344" lon="2.40943">
				<ele>241.62</ele>
				<time>2026-05-28T18:55:11.989Z</time>
			</trkpt>
			<trkpt lat="44.53323" lon="2.409">
				<ele>242.15</ele>
				<time>2026-05-28T18:55:14.328Z</time>
			</trkpt>
			<trkpt lat="44.53296" lon="2.40802">
				<ele>240</ele>
				<time>2026-05-28T18:55:18.840Z</time>
			</trkpt>
			<trkpt lat="44.53238" lon="2.40664">
				<ele>240.03</ele>
				<time>2026-05-28T18:55:25.588Z</time>
			</trkpt>
			<trkpt lat="44.53225" lon="2.40636">
				<ele>241.1</ele>
				<time>2026-05-28T18:55:27.030Z</time>
			</trkpt>
			<trkpt lat="44.53211" lon="2.40617">
				<ele>242.98</ele>
				<time>2026-05-28T18:55:28.230Z</time>
			</trkpt>
			<trkpt lat="44.532" lon="2.40605">
				<ele>244.08</ele>
				<time>2026-05-28T18:55:29.101Z</time>
			</trkpt>
			<trkpt lat="44.53172" lon="2.40584">
				<ele>243.7</ele>
				<time>2026-05-28T18:55:31.134Z</time>
			</trkpt>
			<trkpt lat="44.52954" lon="2.40462">
				<ele>245.46</ele>
				<time>2026-05-28T18:55:48.379Z</time>
			</trkpt>
			<trkpt lat="44.52954" lon="2.40494">
				<ele>247.17</ele>
				<time>2026-05-28T18:55:50.189Z</time>
			</trkpt>
			<trkpt lat="44.52957" lon="2.40513">
				<ele>248.18</ele>
				<time>2026-05-28T18:55:51.297Z</time>
			</trkpt>
			<trkpt lat="44.52961" lon="2.40532">
				<ele>248.86</ele>
				<time>2026-05-28T18:55:52.431Z</time>
			</trkpt>
			<trkpt lat="44.52983" lon="2.40596">
				<ele>249.89</ele>
				<time>2026-05-28T18:55:56.542Z</time>
			</trkpt>
			<trkpt lat="44.52984" lon="2.4062">
				<ele>251.37</ele>
				<time>2026-05-28T18:55:57.946Z</time>
			</trkpt>
			<trkpt lat="44.52982" lon="2.40634">
				<ele>252.49</ele>
				<time>2026-05-28T18:55:58.782Z</time>
			</trkpt>
			<trkpt lat="44.52919" lon="2.40834">
				<ele>248.53</ele>
				<time>2026-05-28T18:56:11.750Z</time>
			</trkpt>
			<trkpt lat="44.52914" lon="2.40844">
				<ele>247.83</ele>
				<time>2026-05-28T18:56:12.479Z</time>
			</trkpt>
			<trkpt lat="44.52908" lon="2.40852">
				<ele>247.22</ele>
				<time>2026-05-28T18:56:13.171Z</time>
			</trkpt>
			<trkpt lat="44.52901" lon="2.40856">
				<ele>247.05</ele>
				<time>2026-05-28T18:56:13.802Z</time>
			</trkpt>
			<trkpt lat="44.5289" lon="2.40858">
				<ele>247.27</ele>
				<time>2026-05-28T18:56:14.729Z</time>
			</trkpt>
			<trkpt lat="44.52858" lon="2.40844">
				<ele>248.87</ele>
				<time>2026-05-28T18:56:17.526Z</time>
			</trkpt>
			<trkpt lat="44.52845" lon="2.40845">
				<ele>248.95</ele>
				<time>2026-05-28T18:56:18.609Z</time>
			</trkpt>
			<trkpt lat="44.5283" lon="2.40851">
				<ele>249.02</ele>
				<time>2026-05-28T18:56:19.905Z</time>
			</trkpt>
			<trkpt lat="44.52812" lon="2.40861">
				<ele>250.25</ele>
				<time>2026-05-28T18:56:21.508Z</time>
			</trkpt>
			<trkpt lat="44.52783" lon="2.40885">
				<ele>251.54</ele>
				<time>2026-05-28T18:56:24.281Z</time>
			</trkpt>
			<trkpt lat="44.52732" lon="2.40938">
				<ele>252.77</ele>
				<time>2026-05-28T18:56:29.457Z</time>
			</trkpt>
			<trkpt lat="44.52702" lon="2.40951">
				<ele>255.72</ele>
				<time>2026-05-28T18:56:31.996Z</time>
			</trkpt>
			<trkpt lat="44.52672" lon="2.40977">
				<ele>253.96</ele>
				<time>2026-05-28T18:56:34.834Z</time>
			</trkpt>
			<trkpt lat="44.52595" lon="2.41032">
				<ele>258.49</ele>
				<time>2026-05-28T18:56:41.738Z</time>
			</trkpt>
			<trkpt lat="44.52553" lon="2.41071">
				<ele>260.42</ele>
				<time>2026-05-28T18:56:45.739Z</time>
			</trkpt>
			<trkpt lat="44.52537" lon="2.41089">
				<ele>260.64</ele>
				<time>2026-05-28T18:56:47.365Z</time>
			</trkpt>
			<trkpt lat="44.52498" lon="2.41153">
				<ele>255.78</ele>
				<time>2026-05-28T18:56:52.119Z</time>
			</trkpt>
			<trkpt lat="44.52424" lon="2.41237">
				<ele>253.64</ele>
				<time>2026-05-28T18:56:59.665Z</time>
			</trkpt>
			<trkpt lat="44.52332" lon="2.41301">
				<ele>262.13</ele>
				<time>2026-05-28T18:57:07.855Z</time>
			</trkpt>
			<trkpt lat="44.52206" lon="2.41369">
				<ele>254.56</ele>
				<time>2026-05-28T18:57:18.788Z</time>
			</trkpt>
			<trkpt lat="44.52183" lon="2.41386">
				<ele>252.41</ele>
				<time>2026-05-28T18:57:20.924Z</time>
			</trkpt>
			<trkpt lat="44.52164" lon="2.41407">
				<ele>249.26</ele>
				<time>2026-05-28T18:57:22.922Z</time>
			</trkpt>
			<trkpt lat="44.5215" lon="2.41437">
				<ele>245.24</ele>
				<time>2026-05-28T18:57:25.046Z</time>
			</trkpt>
			<trkpt lat="44.52137" lon="2.41476">
				<ele>246.66</ele>
				<time>2026-05-28T18:57:27.613Z</time>
			</trkpt>
			<trkpt lat="44.52129" lon="2.41502">
				<ele>250.75</ele>
				<time>2026-05-28T18:57:29.313Z</time>
			</trkpt>
			<trkpt lat="44.52123" lon="2.41528">
				<ele>254.45</ele>
				<time>2026-05-28T18:57:30.962Z</time>
			</trkpt>
			<trkpt lat="44.52118" lon="2.41557">
				<ele>257.13</ele>
				<time>2026-05-28T18:57:32.772Z</time>
			</trkpt>
			<trkpt lat="44.52118" lon="2.41632">
				<ele>255.97</ele>
				<time>2026-05-28T18:57:37.374Z</time>
			</trkpt>
			<trkpt lat="44.52082" lon="2.41844">
				<ele>249.49</ele>
				<time>2026-05-28T18:57:51.212Z</time>
			</trkpt>
			<trkpt lat="44.52076" lon="2.41848">
				<ele>251.6</ele>
				<time>2026-05-28T18:57:51.821Z</time>
			</trkpt>
			<trkpt lat="44.52063" lon="2.4191">
				<ele>253.75</ele>
				<time>2026-05-28T18:57:56.089Z</time>
			</trkpt>
			<trkpt lat="44.52046" lon="2.41961">
				<ele>255.89</ele>
				<time>2026-05-28T18:57:59.871Z</time>
			</trkpt>
			<trkpt lat="44.52023" lon="2.42016">
				<ele>253.19</ele>
				<time>2026-05-28T18:58:04.231Z</time>
			</trkpt>
			<trkpt lat="44.52011" lon="2.42033">
				<ele>252.21</ele>
				<time>2026-05-28T18:58:05.889Z</time>
			</trkpt>
			<trkpt lat="44.51999" lon="2.42044">
				<ele>252.72</ele>
				<time>2026-05-28T18:58:07.292Z</time>
			</trkpt>
			<trkpt lat="44.51981" lon="2.42056">
				<ele>254.91</ele>
				<time>2026-05-28T18:58:09.257Z</time>
			</trkpt>
			<trkpt lat="44.51969" lon="2.42069">
				<ele>255.8</ele>
				<time>2026-05-28T18:58:10.763Z</time>
			</trkpt>
			<trkpt lat="44.51943" lon="2.42106">
				<ele>258.21</ele>
				<time>2026-05-28T18:58:14.487Z</time>
			</trkpt>
			<trkpt lat="44.51912" lon="2.42155">
				<ele>253.46</ele>
				<time>2026-05-28T18:58:19.274Z</time>
			</trkpt>
			<trkpt lat="44.51882" lon="2.42195">
				<ele>252.13</ele>
				<time>2026-05-28T18:58:23.605Z</time>
			</trkpt>
			<trkpt lat="44.5185" lon="2.42229">
				<ele>256.95</ele>
				<time>2026-05-28T18:58:27.889Z</time>
			</trkpt>
			<trkpt lat="44.51801" lon="2.42278">
				<ele>261.59</ele>
				<time>2026-05-28T18:58:34.582Z</time>
			</trkpt>
			<trkpt lat="44.51735" lon="2.42327">
				<ele>258.17</ele>
				<time>2026-05-28T18:58:43.669Z</time>
			</trkpt>
			<trkpt lat="44.51646" lon="2.42389">
				<ele>261.61</ele>
				<time>2026-05-28T18:58:56.851Z</time>
			</trkpt>
			<trkpt lat="44.51562" lon="2.42458">
				<ele>266.19</ele>
				<time>2026-05-28T18:59:10.588Z</time>
			</trkpt>
			<trkpt lat="44.51547" lon="2.42475">
				<ele>264.03</ele>
				<time>2026-05-28T18:59:13.370Z</time>
			</trkpt>
			<trkpt lat="44.51502" lon="2.42539">
				<ele>263.26</ele>
				<time>2026-05-28T18:59:22.692Z</time>
			</trkpt>
			<trkpt lat="44.51469" lon="2.42599">
				<ele>260.93</ele>
				<time>2026-05-28T18:59:30.575Z</time>
			</trkpt>
			<trkpt lat="44.51456" lon="2.4263">
				<ele>258.64</ele>
				<time>2026-05-28T18:59:34.303Z</time>
			</trkpt>
			<trkpt lat="44.51439" lon="2.42678">
				<ele>257.25</ele>
				<time>2026-05-28T18:59:39.821Z</time>
			</trkpt>
			<trkpt lat="44.51419" lon="2.42759">
				<ele>260.54</ele>
				<time>2026-05-28T18:59:48.497Z</time>
			</trkpt>
			<trkpt lat="44.51419" lon="2.42833">
				<ele>256.05</ele>
				<time>2026-05-28T18:59:55.773Z</time>
			</trkpt>
			<trkpt lat="44.51415" lon="2.42857">
				<ele>256.53</ele>
				<time>2026-05-28T18:59:58.140Z</time>
			</trkpt>
			<trkpt lat="44.51403" lon="2.4289">
				<ele>256.58</ele>
				<time>2026-05-28T19:00:01.637Z</time>
			</trkpt>
			<trkpt lat="44.51382" lon="2.42931">
				<ele>257.84</ele>
				<time>2026-05-28T19:00:06.272Z</time>
			</trkpt>
			<trkpt lat="44.51365" lon="2.42964">
				<ele>256.81</ele>
				<time>2026-05-28T19:00:09.906Z</time>
			</trkpt>
			<trkpt lat="44.51312" lon="2.43035">
				<ele>252.62</ele>
				<time>2026-05-28T19:00:19.050Z</time>
			</trkpt>
			<trkpt lat="44.51292" lon="2.43055">
				<ele>253.83</ele>
				<time>2026-05-28T19:00:22.109Z</time>
			</trkpt>
			<trkpt lat="44.51276" lon="2.43067">
				<ele>255.47</ele>
				<time>2026-05-28T19:00:24.365Z</time>
			</trkpt>
			<trkpt lat="44.51263" lon="2.43072">
				<ele>256.39</ele>
				<time>2026-05-28T19:00:26.039Z</time>
			</trkpt>
			<trkpt lat="44.51238" lon="2.43079">
				<ele>257.07</ele>
				<time>2026-05-28T19:00:29.199Z</time>
			</trkpt>
			<trkpt lat="44.5123" lon="2.43079">
				<ele>256.79</ele>
				<time>2026-05-28T19:00:30.189Z</time>
			</trkpt>
			<trkpt lat="44.51225" lon="2.43081">
				<ele>256.33</ele>
				<time>2026-05-28T19:00:30.831Z</time>
			</trkpt>
			<trkpt lat="44.51221" lon="2.43087">
				<ele>255.09</ele>
				<time>2026-05-28T19:00:31.555Z</time>
			</trkpt>
			<trkpt lat="44.51211" lon="2.43122">
				<ele>249.87</ele>
				<time>2026-05-28T19:00:34.868Z</time>
			</trkpt>
			<trkpt lat="44.51208" lon="2.43143">
				<ele>250.08</ele>
				<time>2026-05-28T19:00:36.744Z</time>
			</trkpt>
			<trkpt lat="44.51214" lon="2.43188">
				<ele>256.88</ele>
				<time>2026-05-28T19:00:40.738Z</time>
			</trkpt>
			<trkpt lat="44.51211" lon="2.43197">
				<ele>259.66</ele>
				<time>2026-05-28T19:00:41.601Z</time>
			</trkpt>
			<trkpt lat="44.51176" lon="2.43201">
				<ele>263.72</ele>
				<time>2026-05-28T19:00:45.862Z</time>
			</trkpt>
			<trkpt lat="44.51086" lon="2.43205">
				<ele>260.94</ele>
				<time>2026-05-28T19:00:56.618Z</time>
			</trkpt>
			<trkpt lat="44.51077" lon="2.43209">
				<ele>262.3</ele>
				<time>2026-05-28T19:00:57.729Z</time>
			</trkpt>
			<trkpt lat="44.51075" lon="2.43214">
				<ele>264.82</ele>
				<time>2026-05-28T19:00:58.210Z</time>
			</trkpt>
			<trkpt lat="44.51015" lon="2.43212">
				<ele>265.19</ele>
				<time>2026-05-28T19:01:05.183Z</time>
			</trkpt>
			<trkpt lat="44.51002" lon="2.43207">
				<ele>265.83</ele>
				<time>2026-05-28T19:01:06.728Z</time>
			</trkpt>
			<trkpt lat="44.50978" lon="2.43193">
				<ele>265.75</ele>
				<time>2026-05-28T19:01:09.683Z</time>
			</trkpt>
			<trkpt lat="44.50803" lon="2.43072">
				<ele>263.55</ele>
				<time>2026-05-28T19:01:30.699Z</time>
			</trkpt>
			<trkpt lat="44.50785" lon="2.43061">
				<ele>262.95</ele>
				<time>2026-05-28T19:01:32.683Z</time>
			</trkpt>
			<trkpt lat="44.5074" lon="2.43044">
				<ele>262.98</ele>
				<time>2026-05-28T19:01:37.282Z</time>
			</trkpt>
			<trkpt lat="44.5072" lon="2.43038">
				<ele>265.06</ele>
				<time>2026-05-28T19:01:39.250Z</time>
			</trkpt>
			<trkpt lat="44.50706" lon="2.43036">
				<ele>265.82</ele>
				<time>2026-05-28T19:01:40.586Z</time>
			</trkpt>
			<trkpt lat="44.50687" lon="2.43037">
				<ele>266.03</ele>
				<time>2026-05-28T19:01:42.378Z</time>
			</trkpt>
			<trkpt lat="44.50672" lon="2.43042">
				<ele>264.95</ele>
				<time>2026-05-28T19:01:43.823Z</time>
			</trkpt>
			<trkpt lat="44.50632" lon="2.43061">
				<ele>270.12</ele>
				<time>2026-05-28T19:01:47.745Z</time>
			</trkpt>
			<trkpt lat="44.50595" lon="2.43084">
				<ele>272.07</ele>
				<time>2026-05-28T19:01:51.455Z</time>
			</trkpt>
			<trkpt lat="44.50503" lon="2.43162">
				<ele>265.48</ele>
				<time>2026-05-28T19:02:01.086Z</time>
			</trkpt>
			<trkpt lat="44.50495" lon="2.43171">
				<ele>265.03</ele>
				<time>2026-05-28T19:02:01.988Z</time>
			</trkpt>
			<trkpt lat="44.50486" lon="2.4319">
				<ele>265.43</ele>
				<time>2026-05-28T19:02:03.413Z</time>
			</trkpt>
			<trkpt lat="44.50479" lon="2.43208">
				<ele>264.99</ele>
				<time>2026-05-28T19:02:04.688Z</time>
			</trkpt>
			<trkpt lat="44.50454" lon="2.43309">
				<ele>269.05</ele>
				<time>2026-05-28T19:02:11.246Z</time>
			</trkpt>
			<trkpt lat="44.50435" lon="2.4337">
				<ele>270.87</ele>
				<time>2026-05-28T19:02:15.253Z</time>
			</trkpt>
			<trkpt lat="44.50417" lon="2.43417">
				<ele>267.68</ele>
				<time>2026-05-28T19:02:18.425Z</time>
			</trkpt>
			<trkpt lat="44.50407" lon="2.43437">
				<ele>268.52</ele>
				<time>2026-05-28T19:02:19.866Z</time>
			</trkpt>
			<trkpt lat="44.50394" lon="2.43454">
				<ele>269.73</ele>
				<time>2026-05-28T19:02:21.328Z</time>
			</trkpt>
			<trkpt lat="44.50383" lon="2.43465">
				<ele>270.76</ele>
				<time>2026-05-28T19:02:22.435Z</time>
			</trkpt>
			<trkpt lat="44.50357" lon="2.43481">
				<ele>269.55</ele>
				<time>2026-05-28T19:02:24.746Z</time>
			</trkpt>
			<trkpt lat="44.50341" lon="2.43488">
				<ele>270.26</ele>
				<time>2026-05-28T19:02:26.102Z</time>
			</trkpt>
			<trkpt lat="44.50321" lon="2.43492">
				<ele>270.76</ele>
				<time>2026-05-28T19:02:27.727Z</time>
			</trkpt>
			<trkpt lat="44.50287" lon="2.43493">
				<ele>271.17</ele>
				<time>2026-05-28T19:02:30.442Z</time>
			</trkpt>
			<trkpt lat="44.50276" lon="2.43491">
				<ele>270.83</ele>
				<time>2026-05-28T19:02:31.323Z</time>
			</trkpt>
			<trkpt lat="44.50211" lon="2.43453">
				<ele>269.59</ele>
				<time>2026-05-28T19:02:36.848Z</time>
			</trkpt>
			<trkpt lat="44.50125" lon="2.43416">
				<ele>268.47</ele>
				<time>2026-05-28T19:02:43.756Z</time>
			</trkpt>
			<trkpt lat="44.50043" lon="2.43364">
				<ele>264.75</ele>
				<time>2026-05-28T19:02:50.507Z</time>
			</trkpt>
			<trkpt lat="44.50012" lon="2.4335">
				<ele>265.09</ele>
				<time>2026-05-28T19:02:52.912Z</time>
			</trkpt>
			<trkpt lat="44.49982" lon="2.43345">
				<ele>265.95</ele>
				<time>2026-05-28T19:02:55.127Z</time>
			</trkpt>
			<trkpt lat="44.49954" lon="2.43346">
				<ele>265.91</ele>
				<time>2026-05-28T19:02:57.165Z</time>
			</trkpt>
			<trkpt lat="44.49939" lon="2.43351">
				<ele>265.73</ele>
				<time>2026-05-28T19:02:58.282Z</time>
			</trkpt>
			<trkpt lat="44.49911" lon="2.43368">
				<ele>265.45</ele>
				<time>2026-05-28T19:03:00.479Z</time>
			</trkpt>
			<trkpt lat="44.49885" lon="2.4339">
				<ele>263.47</ele>
				<time>2026-05-28T19:03:02.651Z</time>
			</trkpt>
			<trkpt lat="44.49871" lon="2.43411">
				<ele>265.66</ele>
				<time>2026-05-28T19:03:04.109Z</time>
			</trkpt>
			<trkpt lat="44.49858" lon="2.43446">
				<ele>268.45</ele>
				<time>2026-05-28T19:03:06.100Z</time>
			</trkpt>
			<trkpt lat="44.49847" lon="2.4351">
				<ele>273.24</ele>
				<time>2026-05-28T19:03:09.393Z</time>
			</trkpt>
			<trkpt lat="44.49825" lon="2.4359">
				<ele>272.95</ele>
				<time>2026-05-28T19:03:13.634Z</time>
			</trkpt>
			<trkpt lat="44.49812" lon="2.43625">
				<ele>271.55</ele>
				<time>2026-05-28T19:03:15.569Z</time>
			</trkpt>
			<trkpt lat="44.49793" lon="2.43661">
				<ele>273.02</ele>
				<time>2026-05-28T19:03:17.751Z</time>
			</trkpt>
			<trkpt lat="44.49757" lon="2.43704">
				<ele>274.67</ele>
				<time>2026-05-28T19:03:20.957Z</time>
			</trkpt>
			<trkpt lat="44.49702" lon="2.43746">
				<ele>267.91</ele>
				<time>2026-05-28T19:03:25.161Z</time>
			</trkpt>
			<trkpt lat="44.49639" lon="2.43787">
				<ele>266.05</ele>
				<time>2026-05-28T19:03:29.770Z</time>
			</trkpt>
			<trkpt lat="44.4962" lon="2.43807">
				<ele>266.99</ele>
				<time>2026-05-28T19:03:31.335Z</time>
			</trkpt>
			<trkpt lat="44.49606" lon="2.4383">
				<ele>268.57</ele>
				<time>2026-05-28T19:03:32.750Z</time>
			</trkpt>
			<trkpt lat="44.49594" lon="2.43852">
				<ele>269.52</ele>
				<time>2026-05-28T19:03:34.043Z</time>
			</trkpt>
			<trkpt lat="44.49571" lon="2.43905">
				<ele>266.87</ele>
				<time>2026-05-28T19:03:36.924Z</time>
			</trkpt>
			<trkpt lat="44.49493" lon="2.44097">
				<ele>272.51</ele>
				<time>2026-05-28T19:03:47.051Z</time>
			</trkpt>
			<trkpt lat="44.49475" lon="2.4413">
				<ele>271.72</ele>
				<time>2026-05-28T19:03:48.934Z</time>
			</trkpt>
			<trkpt lat="44.49455" lon="2.44149">
				<ele>271.87</ele>
				<time>2026-05-28T19:03:50.465Z</time>
			</trkpt>
			<trkpt lat="44.49437" lon="2.44161">
				<ele>272.2</ele>
				<time>2026-05-28T19:03:51.726Z</time>
			</trkpt>
			<trkpt lat="44.49334" lon="2.44218">
				<ele>273.23</ele>
				<time>2026-05-28T19:03:58.691Z</time>
			</trkpt>
			<trkpt lat="44.49296" lon="2.44234">
				<ele>271.65</ele>
				<time>2026-05-28T19:04:01.173Z</time>
			</trkpt>
			<trkpt lat="44.49239" lon="2.44252">
				<ele>269.21</ele>
				<time>2026-05-28T19:04:04.817Z</time>
			</trkpt>
			<trkpt lat="44.49212" lon="2.44267">
				<ele>270.8</ele>
				<time>2026-05-28T19:04:06.625Z</time>
			</trkpt>
			<trkpt lat="44.49197" lon="2.44278">
				<ele>270.67</ele>
				<time>2026-05-28T19:04:07.678Z</time>
			</trkpt>
			<trkpt lat="44.49169" lon="2.44303">
				<ele>272.7</ele>
				<time>2026-05-28T19:04:09.740Z</time>
			</trkpt>
			<trkpt lat="44.49137" lon="2.44347">
				<ele>274.78</ele>
				<time>2026-05-28T19:04:12.522Z</time>
			</trkpt>
			<trkpt lat="44.49127" lon="2.44371">
				<ele>276.41</ele>
				<time>2026-05-28T19:04:13.752Z</time>
			</trkpt>
			<trkpt lat="44.49121" lon="2.44391">
				<ele>278.1</ele>
				<time>2026-05-28T19:04:14.711Z</time>
			</trkpt>
			<trkpt lat="44.49116" lon="2.44479">
				<ele>276.82</ele>
				<time>2026-05-28T19:04:18.615Z</time>
			</trkpt>
			<trkpt lat="44.49106" lon="2.4458">
				<ele>274.62</ele>
				<time>2026-05-28T19:04:23.126Z</time>
			</trkpt>
			<trkpt lat="44.4909" lon="2.44685">
				<ele>273.06</ele>
				<time>2026-05-28T19:04:27.882Z</time>
			</trkpt>
			<trkpt lat="44.49084" lon="2.44717">
				<ele>272.98</ele>
				<time>2026-05-28T19:04:29.351Z</time>
			</trkpt>
			<trkpt lat="44.49073" lon="2.44756">
				<ele>271.14</ele>
				<time>2026-05-28T19:04:31.214Z</time>
			</trkpt>
			<trkpt lat="44.49051" lon="2.44818">
				<ele>270.05</ele>
				<time>2026-05-28T19:04:34.297Z</time>
			</trkpt>
			<trkpt lat="44.49046" lon="2.44828">
				<ele>269.62</ele>
				<time>2026-05-28T19:04:34.841Z</time>
			</trkpt>
			<trkpt lat="44.49037" lon="2.44836">
				<ele>268.29</ele>
				<time>2026-05-28T19:04:35.508Z</time>
			</trkpt>
			<trkpt lat="44.49009" lon="2.4485">
				<ele>266.21</ele>
				<time>2026-05-28T19:04:37.369Z</time>
			</trkpt>
			<trkpt lat="44.48994" lon="2.44864">
				<ele>266.51</ele>
				<time>2026-05-28T19:04:38.500Z</time>
			</trkpt>
			<trkpt lat="44.48985" lon="2.44875">
				<ele>268.71</ele>
				<time>2026-05-28T19:04:39.250Z</time>
			</trkpt>
			<trkpt lat="44.4898" lon="2.44885">
				<ele>269.59</ele>
				<time>2026-05-28T19:04:39.797Z</time>
			</trkpt>
			<trkpt lat="44.48973" lon="2.44906">
				<ele>271.29</ele>
				<time>2026-05-28T19:04:40.838Z</time>
			</trkpt>
			<trkpt lat="44.48967" lon="2.4497">
				<ele>270.95</ele>
				<time>2026-05-28T19:04:43.743Z</time>
			</trkpt>
			<trkpt lat="44.48964" lon="2.44987">
				<ele>270.91</ele>
				<time>2026-05-28T19:04:44.533Z</time>
			</trkpt>
			<trkpt lat="44.48957" lon="2.45012">
				<ele>270.47</ele>
				<time>2026-05-28T19:04:45.747Z</time>
			</trkpt>
			<trkpt lat="44.48947" lon="2.45037">
				<ele>269.62</ele>
				<time>2026-05-28T19:04:47.045Z</time>
			</trkpt>
			<trkpt lat="44.48931" lon="2.45061">
				<ele>268.93</ele>
				<time>2026-05-28T19:04:48.535Z</time>
			</trkpt>
			<trkpt lat="44.48915" lon="2.45078">
				<ele>269.45</ele>
				<time>2026-05-28T19:04:49.816Z</time>
			</trkpt>
			<trkpt lat="44.48895" lon="2.45091">
				<ele>269.7</ele>
				<time>2026-05-28T19:04:51.225Z</time>
			</trkpt>
			<trkpt lat="44.48876" lon="2.45098">
				<ele>269.58</ele>
				<time>2026-05-28T19:04:52.484Z</time>
			</trkpt>
			<trkpt lat="44.48851" lon="2.451">
				<ele>269.87</ele>
				<time>2026-05-28T19:04:54.093Z</time>
			</trkpt>
			<trkpt lat="44.48815" lon="2.4509">
				<ele>270.93</ele>
				<time>2026-05-28T19:04:56.460Z</time>
			</trkpt>
			<trkpt lat="44.48702" lon="2.45033">
				<ele>276.16</ele>
				<time>2026-05-28T19:05:04.292Z</time>
			</trkpt>
			<trkpt lat="44.48644" lon="2.4501">
				<ele>282.19</ele>
				<time>2026-05-28T19:05:08.278Z</time>
			</trkpt>
			<trkpt lat="44.48613" lon="2.45002">
				<ele>282.7</ele>
				<time>2026-05-28T19:05:10.378Z</time>
			</trkpt>
			<trkpt lat="44.48567" lon="2.44996">
				<ele>284.16</ele>
				<time>2026-05-28T19:05:13.477Z</time>
			</trkpt>
			<trkpt lat="44.48486" lon="2.44998">
				<ele>282.12</ele>
				<time>2026-05-28T19:05:18.976Z</time>
			</trkpt>
			<trkpt lat="44.48465" lon="2.44996">
				<ele>278.52</ele>
				<time>2026-05-28T19:05:20.418Z</time>
			</trkpt>
			<trkpt lat="44.48421" lon="2.44988">
				<ele>282.37</ele>
				<time>2026-05-28T19:05:23.480Z</time>
			</trkpt>
			<trkpt lat="44.48348" lon="2.44969">
				<ele>287.57</ele>
				<time>2026-05-28T19:05:28.666Z</time>
			</trkpt>
			<trkpt lat="44.48251" lon="2.44964">
				<ele>287.04</ele>
				<time>2026-05-28T19:05:35.575Z</time>
			</trkpt>
			<trkpt lat="44.48239" lon="2.44966">
				<ele>286.01</ele>
				<time>2026-05-28T19:05:36.446Z</time>
			</trkpt>
			<trkpt lat="44.48227" lon="2.44971">
				<ele>284.4</ele>
				<time>2026-05-28T19:05:37.351Z</time>
			</trkpt>
			<trkpt lat="44.482" lon="2.44988">
				<ele>284.08</ele>
				<time>2026-05-28T19:05:39.501Z</time>
			</trkpt>
			<trkpt lat="44.4819" lon="2.44999">
				<ele>283.79</ele>
				<time>2026-05-28T19:05:40.429Z</time>
			</trkpt>
			<trkpt lat="44.48154" lon="2.45047">
				<ele>283.78</ele>
				<time>2026-05-28T19:05:44.084Z</time>
			</trkpt>
			<trkpt lat="44.48129" lon="2.45075">
				<ele>282.75</ele>
				<time>2026-05-28T19:05:46.462Z</time>
			</trkpt>
			<trkpt lat="44.48096" lon="2.45098">
				<ele>280.76</ele>
				<time>2026-05-28T19:05:49.225Z</time>
			</trkpt>
			<trkpt lat="44.48038" lon="2.45131">
				<ele>282.34</ele>
				<time>2026-05-28T19:05:53.978Z</time>
			</trkpt>
			<trkpt lat="44.48024" lon="2.45141">
				<ele>283.22</ele>
				<time>2026-05-28T19:05:55.183Z</time>
			</trkpt>
			<trkpt lat="44.48015" lon="2.4515">
				<ele>283.68</ele>
				<time>2026-05-28T19:05:56.034Z</time>
			</trkpt>
			<trkpt lat="44.47993" lon="2.4518">
				<ele>282.93</ele>
				<time>2026-05-28T19:05:58.410Z</time>
			</trkpt>
			<trkpt lat="44.47982" lon="2.45206">
				<ele>281.91</ele>
				<time>2026-05-28T19:06:00.091Z</time>
			</trkpt>
			<trkpt lat="44.4792" lon="2.45416">
				<ele>277.73</ele>
				<time>2026-05-28T19:06:13.060Z</time>
			</trkpt>
			<trkpt lat="44.47912" lon="2.45437">
				<ele>277.24</ele>
				<time>2026-05-28T19:06:14.453Z</time>
			</trkpt>
			<trkpt lat="44.47906" lon="2.4545">
				<ele>277.53</ele>
				<time>2026-05-28T19:06:15.363Z</time>
			</trkpt>
			<trkpt lat="44.47886" lon="2.45476">
				<ele>280.29</ele>
				<time>2026-05-28T19:06:17.622Z</time>
			</trkpt>
			<trkpt lat="44.47873" lon="2.45486">
				<ele>280.75</ele>
				<time>2026-05-28T19:06:18.858Z</time>
			</trkpt>
			<trkpt lat="44.47856" lon="2.45494">
				<ele>280.22</ele>
				<time>2026-05-28T19:06:20.360Z</time>
			</trkpt>
			<trkpt lat="44.4784" lon="2.45497">
				<ele>278.02</ele>
				<time>2026-05-28T19:06:21.718Z</time>
			</trkpt>
			<trkpt lat="44.47823" lon="2.45497">
				<ele>276.75</ele>
				<time>2026-05-28T19:06:23.156Z</time>
			</trkpt>
			<trkpt lat="44.47804" lon="2.45492">
				<ele>276.51</ele>
				<time>2026-05-28T19:06:24.800Z</time>
			</trkpt>
			<trkpt lat="44.47726" lon="2.45444">
				<ele>277.37</ele>
				<time>2026-05-28T19:06:32.159Z</time>
			</trkpt>
			<trkpt lat="44.47717" lon="2.4545">
				<ele>276.4</ele>
				<time>2026-05-28T19:06:33.032Z</time>
			</trkpt>
			<trkpt lat="44.47701" lon="2.45481">
				<ele>274.66</ele>
				<time>2026-05-28T19:06:35.438Z</time>
			</trkpt>
			<trkpt lat="44.47692" lon="2.45504">
				<ele>273.9</ele>
				<time>2026-05-28T19:06:37.100Z</time>
			</trkpt>
			<trkpt lat="44.47694" lon="2.45508">
				<ele>273.44</ele>
				<time>2026-05-28T19:06:37.410Z</time>
			</trkpt>
			<trkpt lat="44.47643" lon="2.45598">
				<ele>274.22</ele>
				<time>2026-05-28T19:06:44.812Z</time>
			</trkpt>
			<trkpt lat="44.47617" lon="2.45648">
				<ele>276.86</ele>
				<time>2026-05-28T19:06:48.877Z</time>
			</trkpt>
			<trkpt lat="44.47528" lon="2.45882">
				<ele>276.51</ele>
				<time>2026-05-28T19:07:06.959Z</time>
			</trkpt>
			<trkpt lat="44.47513" lon="2.45926">
				<ele>279.68</ele>
				<time>2026-05-28T19:07:10.480Z</time>
			</trkpt>
			<trkpt lat="44.47493" lon="2.45976">
				<ele>277.83</ele>
				<time>2026-05-28T19:07:15.529Z</time>
			</trkpt>
			<trkpt lat="44.47433" lon="2.4614">
				<ele>276.13</ele>
				<time>2026-05-28T19:07:30.942Z</time>
			</trkpt>
			<trkpt lat="44.47421" lon="2.46174">
				<ele>274.16</ele>
				<time>2026-05-28T19:07:33.684Z</time>
			</trkpt>
			<trkpt lat="44.47418" lon="2.46184">
				<ele>274.07</ele>
				<time>2026-05-28T19:07:34.453Z</time>
			</trkpt>
			<trkpt lat="44.47418" lon="2.46193">
				<ele>274.07</ele>
				<time>2026-05-28T19:07:35.086Z</time>
			</trkpt>
			<trkpt lat="44.47421" lon="2.46211">
				<ele>274.69</ele>
				<time>2026-05-28T19:07:36.377Z</time>
			</trkpt>
			<trkpt lat="44.47446" lon="2.46319">
				<ele>280.92</ele>
				<time>2026-05-28T19:07:44.201Z</time>
			</trkpt>
			<trkpt lat="44.47448" lon="2.46329">
				<ele>280.86</ele>
				<time>2026-05-28T19:07:44.926Z</time>
			</trkpt>
			<trkpt lat="44.47447" lon="2.46352">
				<ele>280.29</ele>
				<time>2026-05-28T19:07:46.548Z</time>
			</trkpt>
			<trkpt lat="44.47428" lon="2.46442">
				<ele>279.56</ele>
				<time>2026-05-28T19:07:53.516Z</time>
			</trkpt>
			<trkpt lat="44.47422" lon="2.46459">
				<ele>280.01</ele>
				<time>2026-05-28T19:07:55.021Z</time>
			</trkpt>
			<trkpt lat="44.47408" lon="2.46482">
				<ele>280.45</ele>
				<time>2026-05-28T19:07:57.508Z</time>
			</trkpt>
			<trkpt lat="44.47386" lon="2.46511">
				<ele>281.14</ele>
				<time>2026-05-28T19:08:01.198Z</time>
			</trkpt>
			<trkpt lat="44.4739" lon="2.46516">
				<ele>280.92</ele>
				<time>2026-05-28T19:08:01.881Z</time>
			</trkpt>
			<trkpt lat="44.47396" lon="2.46524">
				<ele>280.51</ele>
				<time>2026-05-28T19:08:02.954Z</time>
			</trkpt>
			<trkpt lat="44.47398" lon="2.46527">
				<ele>280.34</ele>
				<time>2026-05-28T19:08:03.339Z</time>
			</trkpt>
			<trkpt lat="44.47432" lon="2.46478">
				<ele>280.56</ele>
				<time>2026-05-28T19:08:10.201Z</time>
			</trkpt>
			<trkpt lat="44.47433" lon="2.46476">
				<ele>280.6</ele>
				<time>2026-05-28T19:08:10.463Z</time>
			</trkpt>
			<trkpt lat="44.47448" lon="2.46485">
				<ele>281.77</ele>
				<time>2026-05-28T19:08:12.980Z</time>
			</trkpt>
			<trkpt lat="44.47456" lon="2.46489">
				<ele>282.63</ele>
				<time>2026-05-28T19:08:14.336Z</time>
			</trkpt>
			<trkpt lat="44.47477" lon="2.46513">
				<ele>285.2</ele>
				<time>2026-05-28T19:08:18.884Z</time>
			</trkpt>
			<trkpt lat="44.47492" lon="2.46539">
				<ele>285.74</ele>
				<time>2026-05-28T19:08:23.189Z</time>
			</trkpt>
			<trkpt lat="44.47492" lon="2.46542">
				<ele>285.72</ele>
				<time>2026-05-28T19:08:23.589Z</time>
			</trkpt>
			<trkpt lat="44.47468" lon="2.46559">
				<ele>284.34</ele>
				<time>2026-05-28T19:08:28.837Z</time>
			</trkpt>
			<trkpt lat="44.47451" lon="2.46565">
				<ele>281.88</ele>
				<time>2026-05-28T19:08:32.481Z</time>
			</trkpt>
			<trkpt lat="44.47422" lon="2.46571">
				<ele>279.41</ele>
				<time>2026-05-28T19:08:38.993Z</time>
			</trkpt>
			<trkpt lat="44.47396" lon="2.46524">
				<ele>280.51</ele>
				<time>2026-05-28T19:08:49.421Z</time>
			</trkpt>
			<trkpt lat="44.4739" lon="2.46516">
				<ele>280.92</ele>
				<time>2026-05-28T19:08:51.602Z</time>
			</trkpt>
			<trkpt lat="44.47386" lon="2.46511">
				<ele>281.14</ele>
				<time>2026-05-28T19:08:53.041Z</time>
			</trkpt>
			<trkpt lat="44.47376" lon="2.46524">
				<ele>281.89</ele>
				<time>2026-05-28T19:08:56.799Z</time>
			</trkpt>
			<trkpt lat="44.47369" lon="2.46529">
				<ele>282.28</ele>
				<time>2026-05-28T19:08:59.027Z</time>
			</trkpt>
			<trkpt lat="44.47349" lon="2.46532">
				<ele>282.7</ele>
				<time>2026-05-28T19:09:04.950Z</time>
			</trkpt>
			<trkpt lat="44.47349" lon="2.46552">
				<ele>281.61</ele>
				<time>2026-05-28T19:09:09.350Z</time>
			</trkpt>
			<trkpt lat="44.47343" lon="2.46642">
				<ele>283.17</ele>
				<time>2026-05-28T19:09:31.395Z</time>
			</trkpt>
			<trkpt lat="44.47338" lon="2.46684">
				<ele>285.47</ele>
				<time>2026-05-28T19:09:58.660Z</time>
			</trkpt>
			<trkpt lat="44.4734" lon="2.46727">
				<ele>285.51</ele>
				<time>2026-05-28T19:10:21.134Z</time>
			</trkpt>
			<trkpt lat="44.47347" lon="2.46786">
				<ele>288.03</ele>
				<time>2026-05-28T19:10:49.781Z</time>
			</trkpt>
			<trkpt lat="44.47367" lon="2.46878">
				<ele>297.18</ele>
				<time>2026-05-28T19:11:02.744Z</time>
			</trkpt>
			<trkpt lat="44.4737" lon="2.46911">
				<ele>298.27</ele>
				<time>2026-05-28T19:11:07.402Z</time>
			</trkpt>
			<trkpt lat="44.4737" lon="2.46997">
				<ele>301.93</ele>
				<time>2026-05-28T19:11:14.964Z</time>
			</trkpt>
			<trkpt lat="44.47367" lon="2.47118">
				<ele>305.28</ele>
				<time>2026-05-28T19:11:30.173Z</time>
			</trkpt>
			<trkpt lat="44.47367" lon="2.47255">
				<ele>316.82</ele>
				<time>2026-05-28T19:11:42.984Z</time>
			</trkpt>
			<trkpt lat="44.47364" lon="2.47338">
				<ele>318.1</ele>
				<time>2026-05-28T19:11:50.558Z</time>
			</trkpt>
			<trkpt lat="44.47366" lon="2.47468">
				<ele>325.63</ele>
				<time>2026-05-28T19:12:02.114Z</time>
			</trkpt>
			<trkpt lat="44.47362" lon="2.47534">
				<ele>330.32</ele>
				<time>2026-05-28T19:12:07.865Z</time>
			</trkpt>
			<trkpt lat="44.47363" lon="2.47609">
				<ele>331.62</ele>
				<time>2026-05-28T19:12:14.270Z</time>
			</trkpt>
			<trkpt lat="44.47369" lon="2.47683">
				<ele>330.32</ele>
				<time>2026-05-28T19:12:20.518Z</time>
			</trkpt>
			<trkpt lat="44.47366" lon="2.47692">
				<ele>331.85</ele>
				<time>2026-05-28T19:12:21.343Z</time>
			</trkpt>
			<trkpt lat="44.47359" lon="2.47696">
				<ele>334.16</ele>
				<time>2026-05-28T19:12:22.220Z</time>
			</trkpt>
			<trkpt lat="44.47353" lon="2.4769">
				<ele>335.6</ele>
				<time>2026-05-28T19:12:23.074Z</time>
			</trkpt>
			<trkpt lat="44.47351" lon="2.47682">
				<ele>336.05</ele>
				<time>2026-05-28T19:12:23.773Z</time>
			</trkpt>
			<trkpt lat="44.4735" lon="2.47642">
				<ele>336.48</ele>
				<time>2026-05-28T19:12:27.054Z</time>
			</trkpt>
			<trkpt lat="44.47346" lon="2.47623">
				<ele>337.7</ele>
				<time>2026-05-28T19:12:28.666Z</time>
			</trkpt>
			<trkpt lat="44.47315" lon="2.47529">
				<ele>345.28</ele>
				<time>2026-05-28T19:12:36.972Z</time>
			</trkpt>
			<trkpt lat="44.47307" lon="2.47485">
				<ele>349.79</ele>
				<time>2026-05-28T19:12:40.550Z</time>
			</trkpt>
			<trkpt lat="44.47303" lon="2.47479">
				<ele>351.23</ele>
				<time>2026-05-28T19:12:41.193Z</time>
			</trkpt>
			<trkpt lat="44.47298" lon="2.47478">
				<ele>354.21</ele>
				<time>2026-05-28T19:12:41.746Z</time>
			</trkpt>
			<trkpt lat="44.47293" lon="2.47483">
				<ele>357.07</ele>
				<time>2026-05-28T19:12:42.417Z</time>
			</trkpt>
			<trkpt lat="44.47292" lon="2.47488">
				<ele>357.59</ele>
				<time>2026-05-28T19:12:42.821Z</time>
			</trkpt>
			<trkpt lat="44.47297" lon="2.4757">
				<ele>354.41</ele>
				<time>2026-05-28T19:12:49.163Z</time>
			</trkpt>
			<trkpt lat="44.47297" lon="2.47594">
				<ele>355.01</ele>
				<time>2026-05-28T19:12:50.989Z</time>
			</trkpt>
			<trkpt lat="44.47292" lon="2.47607">
				<ele>356.76</ele>
				<time>2026-05-28T19:12:52.107Z</time>
			</trkpt>
			<trkpt lat="44.47286" lon="2.47613">
				<ele>358.77</ele>
				<time>2026-05-28T19:12:52.887Z</time>
			</trkpt>
			<trkpt lat="44.47244" lon="2.47633">
				<ele>367.06</ele>
				<time>2026-05-28T19:12:57.540Z</time>
			</trkpt>
			<trkpt lat="44.47208" lon="2.47658">
				<ele>371.93</ele>
				<time>2026-05-28T19:13:01.695Z</time>
			</trkpt>
			<trkpt lat="44.47186" lon="2.47676">
				<ele>375.04</ele>
				<time>2026-05-28T19:13:04.300Z</time>
			</trkpt>
			<trkpt lat="44.47134" lon="2.47726">
				<ele>376.72</ele>
				<time>2026-05-28T19:13:10.655Z</time>
			</trkpt>
			<trkpt lat="44.47114" lon="2.47742">
				<ele>377.16</ele>
				<time>2026-05-28T19:13:12.942Z</time>
			</trkpt>
			<trkpt lat="44.47094" lon="2.47754">
				<ele>378.37</ele>
				<time>2026-05-28T19:13:15.087Z</time>
			</trkpt>
			<trkpt lat="44.46947" lon="2.47819">
				<ele>390.23</ele>
				<time>2026-05-28T19:13:29.841Z</time>
			</trkpt>
			<trkpt lat="44.46939" lon="2.4782">
				<ele>392.04</ele>
				<time>2026-05-28T19:13:30.589Z</time>
			</trkpt>
			<trkpt lat="44.46909" lon="2.47817">
				<ele>400.07</ele>
				<time>2026-05-28T19:13:33.372Z</time>
			</trkpt>
			<trkpt lat="44.46892" lon="2.47822">
				<ele>402.24</ele>
				<time>2026-05-28T19:13:34.967Z</time>
			</trkpt>
			<trkpt lat="44.46879" lon="2.4783">
				<ele>403.86</ele>
				<time>2026-05-28T19:13:36.264Z</time>
			</trkpt>
			<trkpt lat="44.46855" lon="2.47849">
				<ele>407.82</ele>
				<time>2026-05-28T19:13:38.764Z</time>
			</trkpt>
			<trkpt lat="44.46845" lon="2.47861">
				<ele>409.92</ele>
				<time>2026-05-28T19:13:39.950Z</time>
			</trkpt>
			<trkpt lat="44.46821" lon="2.4789">
				<ele>411.61</ele>
				<time>2026-05-28T19:13:42.784Z</time>
			</trkpt>
			<trkpt lat="44.46815" lon="2.47903">
				<ele>411.72</ele>
				<time>2026-05-28T19:13:43.765Z</time>
			</trkpt>
			<trkpt lat="44.46773" lon="2.47998">
				<ele>414.31</ele>
				<time>2026-05-28T19:13:50.740Z</time>
			</trkpt>
			<trkpt lat="44.46757" lon="2.48037">
				<ele>419.03</ele>
				<time>2026-05-28T19:13:53.496Z</time>
			</trkpt>
			<trkpt lat="44.46742" lon="2.4808">
				<ele>422.92</ele>
				<time>2026-05-28T19:13:56.396Z</time>
			</trkpt>
			<trkpt lat="44.46732" lon="2.48118">
				<ele>421.69</ele>
				<time>2026-05-28T19:13:58.826Z</time>
			</trkpt>
			<trkpt lat="44.46691" lon="2.48288">
				<ele>431.02</ele>
				<time>2026-05-28T19:14:09.316Z</time>
			</trkpt>
			<trkpt lat="44.46682" lon="2.4832">
				<ele>432.14</ele>
				<time>2026-05-28T19:14:11.278Z</time>
			</trkpt>
			<trkpt lat="44.46643" lon="2.48432">
				<ele>452</ele>
				<time>2026-05-28T19:14:18.257Z</time>
			</trkpt>
			<trkpt lat="44.46614" lon="2.48499">
				<ele>452.43</ele>
				<time>2026-05-28T19:14:22.544Z</time>
			</trkpt>
			<trkpt lat="44.46561" lon="2.48607">
				<ele>454.99</ele>
				<time>2026-05-28T19:14:29.550Z</time>
			</trkpt>
			<trkpt lat="44.46555" lon="2.48621">
				<ele>455.01</ele>
				<time>2026-05-28T19:14:30.408Z</time>
			</trkpt>
			<trkpt lat="44.46539" lon="2.48686">
				<ele>459.7</ele>
				<time>2026-05-28T19:14:33.990Z</time>
			</trkpt>
			<trkpt lat="44.46534" lon="2.48714">
				<ele>461.54</ele>
				<time>2026-05-28T19:14:35.477Z</time>
			</trkpt>
			<trkpt lat="44.46532" lon="2.48752">
				<ele>463.26</ele>
				<time>2026-05-28T19:14:37.426Z</time>
			</trkpt>
			<trkpt lat="44.46536" lon="2.48804">
				<ele>463.33</ele>
				<time>2026-05-28T19:14:40.076Z</time>
			</trkpt>
			<trkpt lat="44.4654" lon="2.48822">
				<ele>463.98</ele>
				<time>2026-05-28T19:14:41.024Z</time>
			</trkpt>
			<trkpt lat="44.46552" lon="2.48852">
				<ele>464.72</ele>
				<time>2026-05-28T19:14:42.743Z</time>
			</trkpt>
			<trkpt lat="44.46627" lon="2.48984">
				<ele>473.81</ele>
				<time>2026-05-28T19:14:50.999Z</time>
			</trkpt>
			<trkpt lat="44.4665" lon="2.49039">
				<ele>475.24</ele>
				<time>2026-05-28T19:14:54.043Z</time>
			</trkpt>
			<trkpt lat="44.46685" lon="2.49118">
				<ele>481.91</ele>
				<time>2026-05-28T19:14:58.415Z</time>
			</trkpt>
			<trkpt lat="44.4673" lon="2.49203">
				<ele>487.71</ele>
				<time>2026-05-28T19:15:03.294Z</time>
			</trkpt>
			<trkpt lat="44.46743" lon="2.49243">
				<ele>490.56</ele>
				<time>2026-05-28T19:15:05.291Z</time>
			</trkpt>
			<trkpt lat="44.46761" lon="2.49323">
				<ele>496.24</ele>
				<time>2026-05-28T19:15:09.056Z</time>
			</trkpt>
			<trkpt lat="44.46788" lon="2.49428">
				<ele>503.31</ele>
				<time>2026-05-28T19:15:13.977Z</time>
			</trkpt>
			<trkpt lat="44.46809" lon="2.49554">
				<ele>509.89</ele>
				<time>2026-05-28T19:15:19.560Z</time>
			</trkpt>
			<trkpt lat="44.46823" lon="2.4968">
				<ele>515.15</ele>
				<time>2026-05-28T19:15:24.945Z</time>
			</trkpt>
			<trkpt lat="44.46828" lon="2.49745">
				<ele>518.23</ele>
				<time>2026-05-28T19:15:27.662Z</time>
			</trkpt>
			<trkpt lat="44.46826" lon="2.4978">
				<ele>519.62</ele>
				<time>2026-05-28T19:15:29.111Z</time>
			</trkpt>
			<trkpt lat="44.46822" lon="2.498">
				<ele>520.35</ele>
				<time>2026-05-28T19:15:29.964Z</time>
			</trkpt>
			<trkpt lat="44.46807" lon="2.4985">
				<ele>522.45</ele>
				<time>2026-05-28T19:15:32.179Z</time>
			</trkpt>
			<trkpt lat="44.46806" lon="2.49876">
				<ele>523.67</ele>
				<time>2026-05-28T19:15:33.236Z</time>
			</trkpt>
			<trkpt lat="44.46809" lon="2.4989">
				<ele>524.45</ele>
				<time>2026-05-28T19:15:33.827Z</time>
			</trkpt>
			<trkpt lat="44.46816" lon="2.49907">
				<ele>525.1</ele>
				<time>2026-05-28T19:15:34.620Z</time>
			</trkpt>
			<trkpt lat="44.46834" lon="2.49935">
				<ele>525.95</ele>
				<time>2026-05-28T19:15:36.135Z</time>
			</trkpt>
			<trkpt lat="44.46838" lon="2.49945">
				<ele>525.14</ele>
				<time>2026-05-28T19:15:36.595Z</time>
			</trkpt>
			<trkpt lat="44.46845" lon="2.49972">
				<ele>524.01</ele>
				<time>2026-05-28T19:15:37.743Z</time>
			</trkpt>
			<trkpt lat="44.46846" lon="2.50014">
				<ele>523</ele>
				<time>2026-05-28T19:15:39.415Z</time>
			</trkpt>
			<trkpt lat="44.4684" lon="2.50126">
				<ele>524.53</ele>
				<time>2026-05-28T19:15:43.838Z</time>
			</trkpt>
			<trkpt lat="44.4684" lon="2.50173">
				<ele>524.72</ele>
				<time>2026-05-28T19:15:45.671Z</time>
			</trkpt>
			<trkpt lat="44.46843" lon="2.50192">
				<ele>524.63</ele>
				<time>2026-05-28T19:15:46.427Z</time>
			</trkpt>
			<trkpt lat="44.46848" lon="2.50212">
				<ele>524.15</ele>
				<time>2026-05-28T19:15:47.249Z</time>
			</trkpt>
			<trkpt lat="44.46865" lon="2.50266">
				<ele>524</ele>
				<time>2026-05-28T19:15:49.526Z</time>
			</trkpt>
			<trkpt lat="44.46873" lon="2.50286">
				<ele>524</ele>
				<time>2026-05-28T19:15:50.407Z</time>
			</trkpt>
			<trkpt lat="44.46885" lon="2.50303">
				<ele>524</ele>
				<time>2026-05-28T19:15:51.323Z</time>
			</trkpt>
			<trkpt lat="44.46909" lon="2.50317">
				<ele>524.42</ele>
				<time>2026-05-28T19:15:52.715Z</time>
			</trkpt>
			<trkpt lat="44.47008" lon="2.5033">
				<ele>527.51</ele>
				<time>2026-05-28T19:15:57.994Z</time>
			</trkpt>
			<trkpt lat="44.47054" lon="2.50347">
				<ele>529</ele>
				<time>2026-05-28T19:16:00.497Z</time>
			</trkpt>
			<trkpt lat="44.47121" lon="2.50381">
				<ele>530.77</ele>
				<time>2026-05-28T19:16:04.222Z</time>
			</trkpt>
			<trkpt lat="44.4714" lon="2.504">
				<ele>531.71</ele>
				<time>2026-05-28T19:16:05.437Z</time>
			</trkpt>
			<trkpt lat="44.4715" lon="2.5042">
				<ele>532.37</ele>
				<time>2026-05-28T19:16:06.342Z</time>
			</trkpt>
			<trkpt lat="44.47158" lon="2.50444">
				<ele>533.3</ele>
				<time>2026-05-28T19:16:07.323Z</time>
			</trkpt>
			<trkpt lat="44.47166" lon="2.50495">
				<ele>533.94</ele>
				<time>2026-05-28T19:16:09.251Z</time>
			</trkpt>
			<trkpt lat="44.47167" lon="2.50541">
				<ele>530.42</ele>
				<time>2026-05-28T19:16:10.946Z</time>
			</trkpt>
			<trkpt lat="44.47158" lon="2.50632">
				<ele>530.11</ele>
				<time>2026-05-28T19:16:14.320Z</time>
			</trkpt>
			<trkpt lat="44.4716" lon="2.50663">
				<ele>528.91</ele>
				<time>2026-05-28T19:16:15.460Z</time>
			</trkpt>
			<trkpt lat="44.47164" lon="2.50679">
				<ele>528.3</ele>
				<time>2026-05-28T19:16:16.080Z</time>
			</trkpt>
			<trkpt lat="44.47173" lon="2.50702">
				<ele>527.07</ele>
				<time>2026-05-28T19:16:17.040Z</time>
			</trkpt>
			<trkpt lat="44.47199" lon="2.50752">
				<ele>522.27</ele>
				<time>2026-05-28T19:16:19.300Z</time>
			</trkpt>
			<trkpt lat="44.47217" lon="2.50789">
				<ele>522.59</ele>
				<time>2026-05-28T19:16:20.935Z</time>
			</trkpt>
			<trkpt lat="44.47223" lon="2.50812">
				<ele>523.19</ele>
				<time>2026-05-28T19:16:21.828Z</time>
			</trkpt>
			<trkpt lat="44.47239" lon="2.50898">
				<ele>526</ele>
				<time>2026-05-28T19:16:25.067Z</time>
			</trkpt>
			<trkpt lat="44.47245" lon="2.50915">
				<ele>526</ele>
				<time>2026-05-28T19:16:25.759Z</time>
			</trkpt>
			<trkpt lat="44.47254" lon="2.5093">
				<ele>525.86</ele>
				<time>2026-05-28T19:16:26.473Z</time>
			</trkpt>
			<trkpt lat="44.47284" lon="2.50968">
				<ele>526.93</ele>
				<time>2026-05-28T19:16:28.538Z</time>
			</trkpt>
			<trkpt lat="44.47293" lon="2.50987">
				<ele>527.42</ele>
				<time>2026-05-28T19:16:29.369Z</time>
			</trkpt>
			<trkpt lat="44.47298" lon="2.51004">
				<ele>527.42</ele>
				<time>2026-05-28T19:16:30.040Z</time>
			</trkpt>
			<trkpt lat="44.47302" lon="2.51024">
				<ele>527.09</ele>
				<time>2026-05-28T19:16:30.797Z</time>
			</trkpt>
			<trkpt lat="44.47306" lon="2.51068">
				<ele>528.28</ele>
				<time>2026-05-28T19:16:32.416Z</time>
			</trkpt>
			<trkpt lat="44.47309" lon="2.51082">
				<ele>528.35</ele>
				<time>2026-05-28T19:16:32.950Z</time>
			</trkpt>
			<trkpt lat="44.47313" lon="2.51095">
				<ele>528.27</ele>
				<time>2026-05-28T19:16:33.467Z</time>
			</trkpt>
			<trkpt lat="44.47322" lon="2.51115">
				<ele>527.91</ele>
				<time>2026-05-28T19:16:34.331Z</time>
			</trkpt>
			<trkpt lat="44.47334" lon="2.5113">
				<ele>527.92</ele>
				<time>2026-05-28T19:16:35.155Z</time>
			</trkpt>
			<trkpt lat="44.47345" lon="2.5114">
				<ele>527.48</ele>
				<time>2026-05-28T19:16:35.827Z</time>
			</trkpt>
			<trkpt lat="44.4737" lon="2.51154">
				<ele>527.72</ele>
				<time>2026-05-28T19:16:37.208Z</time>
			</trkpt>
			<trkpt lat="44.47394" lon="2.5116">
				<ele>528.1</ele>
				<time>2026-05-28T19:16:38.461Z</time>
			</trkpt>
			<trkpt lat="44.47417" lon="2.51164">
				<ele>526.95</ele>
				<time>2026-05-28T19:16:39.653Z</time>
			</trkpt>
			<trkpt lat="44.47506" lon="2.51173">
				<ele>522.13</ele>
				<time>2026-05-28T19:16:44.261Z</time>
			</trkpt>
			<trkpt lat="44.47524" lon="2.51178">
				<ele>522.42</ele>
				<time>2026-05-28T19:16:45.212Z</time>
			</trkpt>
			<trkpt lat="44.47541" lon="2.51189">
				<ele>522.68</ele>
				<time>2026-05-28T19:16:46.184Z</time>
			</trkpt>
			<trkpt lat="44.47556" lon="2.51205">
				<ele>522.27</ele>
				<time>2026-05-28T19:16:47.165Z</time>
			</trkpt>
			<trkpt lat="44.47567" lon="2.51221">
				<ele>521.94</ele>
				<time>2026-05-28T19:16:47.990Z</time>
			</trkpt>
			<trkpt lat="44.47579" lon="2.51244">
				<ele>521.78</ele>
				<time>2026-05-28T19:16:49.051Z</time>
			</trkpt>
			<trkpt lat="44.47585" lon="2.51265">
				<ele>521.52</ele>
				<time>2026-05-28T19:16:49.895Z</time>
			</trkpt>
			<trkpt lat="44.47589" lon="2.51297">
				<ele>522.34</ele>
				<time>2026-05-28T19:16:51.109Z</time>
			</trkpt>
			<trkpt lat="44.47591" lon="2.5135">
				<ele>525.63</ele>
				<time>2026-05-28T19:16:53.099Z</time>
			</trkpt>
			<trkpt lat="44.47596" lon="2.51434">
				<ele>529.34</ele>
				<time>2026-05-28T19:16:56.278Z</time>
			</trkpt>
			<trkpt lat="44.47595" lon="2.51524">
				<ele>533.96</ele>
				<time>2026-05-28T19:16:59.700Z</time>
			</trkpt>
			<trkpt lat="44.47596" lon="2.51548">
				<ele>536.34</ele>
				<time>2026-05-28T19:17:00.619Z</time>
			</trkpt>
			<trkpt lat="44.47599" lon="2.51575">
				<ele>538.53</ele>
				<time>2026-05-28T19:17:01.667Z</time>
			</trkpt>
			<trkpt lat="44.47615" lon="2.51675">
				<ele>541.5</ele>
				<time>2026-05-28T19:17:05.622Z</time>
			</trkpt>
			<trkpt lat="44.47618" lon="2.51703">
				<ele>541.81</ele>
				<time>2026-05-28T19:17:06.723Z</time>
			</trkpt>
			<trkpt lat="44.47616" lon="2.51843">
				<ele>547.44</ele>
				<time>2026-05-28T19:17:12.224Z</time>
			</trkpt>
			<trkpt lat="44.47627" lon="2.51975">
				<ele>550.36</ele>
				<time>2026-05-28T19:17:17.539Z</time>
			</trkpt>
			<trkpt lat="44.4763" lon="2.51994">
				<ele>550.05</ele>
				<time>2026-05-28T19:17:18.325Z</time>
			</trkpt>
			<trkpt lat="44.47634" lon="2.52009">
				<ele>549.7</ele>
				<time>2026-05-28T19:17:18.974Z</time>
			</trkpt>
			<trkpt lat="44.47642" lon="2.52028">
				<ele>549.26</ele>
				<time>2026-05-28T19:17:19.870Z</time>
			</trkpt>
			<trkpt lat="44.47652" lon="2.52042">
				<ele>549.98</ele>
				<time>2026-05-28T19:17:20.677Z</time>
			</trkpt>
			<trkpt lat="44.47662" lon="2.52052">
				<ele>550.73</ele>
				<time>2026-05-28T19:17:21.381Z</time>
			</trkpt>
			<trkpt lat="44.47801" lon="2.52146">
				<ele>551.86</ele>
				<time>2026-05-28T19:17:30.382Z</time>
			</trkpt>
			<trkpt lat="44.47812" lon="2.52158">
				<ele>551.93</ele>
				<time>2026-05-28T19:17:31.211Z</time>
			</trkpt>
			<trkpt lat="44.47818" lon="2.52168">
				<ele>552.12</ele>
				<time>2026-05-28T19:17:31.766Z</time>
			</trkpt>
			<trkpt lat="44.47823" lon="2.52179">
				<ele>552.18</ele>
				<time>2026-05-28T19:17:32.322Z</time>
			</trkpt>
			<trkpt lat="44.47826" lon="2.52203">
				<ele>553.17</ele>
				<time>2026-05-28T19:17:33.364Z</time>
			</trkpt>
			<trkpt lat="44.47826" lon="2.52248">
				<ele>555.61</ele>
				<time>2026-05-28T19:17:35.299Z</time>
			</trkpt>
			<trkpt lat="44.47822" lon="2.52274">
				<ele>555.3</ele>
				<time>2026-05-28T19:17:36.450Z</time>
			</trkpt>
			<trkpt lat="44.47814" lon="2.52299">
				<ele>555.23</ele>
				<time>2026-05-28T19:17:37.642Z</time>
			</trkpt>
			<trkpt lat="44.47696" lon="2.52508">
				<ele>562.23</ele>
				<time>2026-05-28T19:17:49.548Z</time>
			</trkpt>
			<trkpt lat="44.47652" lon="2.52576">
				<ele>561.8</ele>
				<time>2026-05-28T19:17:53.790Z</time>
			</trkpt>
			<trkpt lat="44.47617" lon="2.52605">
				<ele>561.21</ele>
				<time>2026-05-28T19:17:56.463Z</time>
			</trkpt>
			<trkpt lat="44.47583" lon="2.52627">
				<ele>561.98</ele>
				<time>2026-05-28T19:17:58.952Z</time>
			</trkpt>
			<trkpt lat="44.47543" lon="2.52667">
				<ele>562.29</ele>
				<time>2026-05-28T19:18:02.258Z</time>
			</trkpt>
			<trkpt lat="44.47506" lon="2.52698">
				<ele>560.91</ele>
				<time>2026-05-28T19:18:05.197Z</time>
			</trkpt>
			<trkpt lat="44.47496" lon="2.52716">
				<ele>561.9</ele>
				<time>2026-05-28T19:18:06.317Z</time>
			</trkpt>
			<trkpt lat="44.47491" lon="2.52731">
				<ele>562.8</ele>
				<time>2026-05-28T19:18:07.133Z</time>
			</trkpt>
			<trkpt lat="44.47491" lon="2.5277">
				<ele>563.94</ele>
				<time>2026-05-28T19:18:09.067Z</time>
			</trkpt>
			<trkpt lat="44.47496" lon="2.52794">
				<ele>563.62</ele>
				<time>2026-05-28T19:18:10.315Z</time>
			</trkpt>
			<trkpt lat="44.4751" lon="2.52823">
				<ele>561.43</ele>
				<time>2026-05-28T19:18:12.073Z</time>
			</trkpt>
			<trkpt lat="44.47577" lon="2.52927">
				<ele>557.34</ele>
				<time>2026-05-28T19:18:19.247Z</time>
			</trkpt>
			<trkpt lat="44.476" lon="2.52977">
				<ele>553.61</ele>
				<time>2026-05-28T19:18:22.360Z</time>
			</trkpt>
			<trkpt lat="44.47609" lon="2.5301">
				<ele>551.82</ele>
				<time>2026-05-28T19:18:24.228Z</time>
			</trkpt>
			<trkpt lat="44.47612" lon="2.53041">
				<ele>550.51</ele>
				<time>2026-05-28T19:18:25.894Z</time>
			</trkpt>
			<trkpt lat="44.47612" lon="2.53083">
				<ele>549.94</ele>
				<time>2026-05-28T19:18:28.150Z</time>
			</trkpt>
			<trkpt lat="44.47604" lon="2.53125">
				<ele>549.12</ele>
				<time>2026-05-28T19:18:30.507Z</time>
			</trkpt>
			<trkpt lat="44.47456" lon="2.53513">
				<ele>539.93</ele>
				<time>2026-05-28T19:18:55.732Z</time>
			</trkpt>
			<trkpt lat="44.47472" lon="2.53528">
				<ele>540.03</ele>
				<time>2026-05-28T19:18:57.364Z</time>
			</trkpt>
			<trkpt lat="44.47668" lon="2.53674">
				<ele>538.72</ele>
				<time>2026-05-28T19:19:16.956Z</time>
			</trkpt>
			<trkpt lat="44.47679" lon="2.53689">
				<ele>538.57</ele>
				<time>2026-05-28T19:19:18.365Z</time>
			</trkpt>
			<trkpt lat="44.47683" lon="2.537">
				<ele>538.74</ele>
				<time>2026-05-28T19:19:19.177Z</time>
			</trkpt>
			<trkpt lat="44.47686" lon="2.53716">
				<ele>539.28</ele>
				<time>2026-05-28T19:19:20.268Z</time>
			</trkpt>
			<trkpt lat="44.47682" lon="2.53767">
				<ele>541.43</ele>
				<time>2026-05-28T19:19:23.682Z</time>
			</trkpt>
			<trkpt lat="44.47681" lon="2.5381">
				<ele>543.09</ele>
				<time>2026-05-28T19:19:26.577Z</time>
			</trkpt>
			<trkpt lat="44.47683" lon="2.53856">
				<ele>543.22</ele>
				<time>2026-05-28T19:19:29.711Z</time>
			</trkpt>
			<trkpt lat="44.47685" lon="2.53873">
				<ele>542.91</ele>
				<time>2026-05-28T19:19:30.891Z</time>
			</trkpt>
			<trkpt lat="44.4769" lon="2.53892">
				<ele>542.6</ele>
				<time>2026-05-28T19:19:32.285Z</time>
			</trkpt>
			<trkpt lat="44.4771" lon="2.53924">
				<ele>541.42</ele>
				<time>2026-05-28T19:19:35.252Z</time>
			</trkpt>
			<trkpt lat="44.47791" lon="2.54035">
				<ele>535.49</ele>
				<time>2026-05-28T19:19:47.141Z</time>
			</trkpt>
			<trkpt lat="44.4781" lon="2.54063">
				<ele>535</ele>
				<time>2026-05-28T19:19:50.219Z</time>
			</trkpt>
			<trkpt lat="44.47819" lon="2.54078">
				<ele>535</ele>
				<time>2026-05-28T19:19:51.805Z</time>
			</trkpt>
			<trkpt lat="44.47826" lon="2.54094">
				<ele>535</ele>
				<time>2026-05-28T19:19:53.340Z</time>
			</trkpt>
			<trkpt lat="44.47836" lon="2.54125">
				<ele>534.47</ele>
				<time>2026-05-28T19:19:56.160Z</time>
			</trkpt>
			<trkpt lat="44.47844" lon="2.54165">
				<ele>531.71</ele>
				<time>2026-05-28T19:19:59.667Z</time>
			</trkpt>
			<trkpt lat="44.47856" lon="2.54246">
				<ele>528.17</ele>
				<time>2026-05-28T19:20:06.847Z</time>
			</trkpt>
			<trkpt lat="44.47865" lon="2.54281">
				<ele>529.02</ele>
				<time>2026-05-28T19:20:10.155Z</time>
			</trkpt>
			<trkpt lat="44.47875" lon="2.54306">
				<ele>529.58</ele>
				<time>2026-05-28T19:20:12.734Z</time>
			</trkpt>
			<trkpt lat="44.47895" lon="2.54331">
				<ele>530.7</ele>
				<time>2026-05-28T19:20:16.153Z</time>
			</trkpt>
			<trkpt lat="44.47984" lon="2.54397">
				<ele>529.86</ele>
				<time>2026-05-28T19:20:29.353Z</time>
			</trkpt>
			<trkpt lat="44.48061" lon="2.54463">
				<ele>527.93</ele>
				<time>2026-05-28T19:20:41.573Z</time>
			</trkpt>
			<trkpt lat="44.48103" lon="2.54505">
				<ele>528.78</ele>
				<time>2026-05-28T19:20:48.684Z</time>
			</trkpt>
			<trkpt lat="44.48131" lon="2.54529">
				<ele>529.75</ele>
				<time>2026-05-28T19:20:53.243Z</time>
			</trkpt>
			<trkpt lat="44.48154" lon="2.54545">
				<ele>529.79</ele>
				<time>2026-05-28T19:20:56.827Z</time>
			</trkpt>
			<trkpt lat="44.4818" lon="2.54556">
				<ele>530.46</ele>
				<time>2026-05-28T19:21:00.630Z</time>
			</trkpt>
			<trkpt lat="44.48444" lon="2.54641">
				<ele>533.07</ele>
				<time>2026-05-28T19:21:38.678Z</time>
			</trkpt>
			<trkpt lat="44.48463" lon="2.5465">
				<ele>533.8</ele>
				<time>2026-05-28T19:21:41.462Z</time>
			</trkpt>
			<trkpt lat="44.48493" lon="2.54669">
				<ele>534</ele>
				<time>2026-05-28T19:21:46.010Z</time>
			</trkpt>
			<trkpt lat="44.48519" lon="2.54676">
				<ele>534.24</ele>
				<time>2026-05-28T19:21:49.644Z</time>
			</trkpt>
			<trkpt lat="44.48564" lon="2.54681">
				<ele>535.2</ele>
				<time>2026-05-28T19:21:55.785Z</time>
			</trkpt>
			<trkpt lat="44.48577" lon="2.54687">
				<ele>534.98</ele>
				<time>2026-05-28T19:21:57.632Z</time>
			</trkpt>
			<trkpt lat="44.4859" lon="2.54698">
				<ele>534.84</ele>
				<time>2026-05-28T19:21:59.672Z</time>
			</trkpt>
			<trkpt lat="44.48619" lon="2.54754">
				<ele>535.94</ele>
				<time>2026-05-28T19:22:06.232Z</time>
			</trkpt>
			<trkpt lat="44.48637" lon="2.54777">
				<ele>536.11</ele>
				<time>2026-05-28T19:22:09.424Z</time>
			</trkpt>
			<trkpt lat="44.4865" lon="2.54785">
				<ele>535.87</ele>
				<time>2026-05-28T19:22:11.271Z</time>
			</trkpt>
			<trkpt lat="44.48677" lon="2.54793">
				<ele>535.73</ele>
				<time>2026-05-28T19:22:14.828Z</time>
			</trkpt>
			<trkpt lat="44.48745" lon="2.54827">
				<ele>536.82</ele>
				<time>2026-05-28T19:22:23.916Z</time>
			</trkpt>
			<trkpt lat="44.48751" lon="2.54834">
				<ele>536.97</ele>
				<time>2026-05-28T19:22:24.878Z</time>
			</trkpt>
			<trkpt lat="44.48741" lon="2.54843">
				<ele>536.44</ele>
				<time>2026-05-28T19:22:26.334Z</time>
			</trkpt>
			<trkpt lat="44.48732" lon="2.54856">
				<ele>536.06</ele>
				<time>2026-05-28T19:22:27.906Z</time>
			</trkpt>
			<trkpt lat="44.48714" lon="2.54886">
				<ele>534.39</ele>
				<time>2026-05-28T19:22:31.267Z</time>
			</trkpt>
			<trkpt lat="44.48622" lon="2.55052">
				<ele>535.2</ele>
				<time>2026-05-28T19:22:48.190Z</time>
			</trkpt>
			<trkpt lat="44.48575" lon="2.55163">
				<ele>537</ele>
				<time>2026-05-28T19:22:57.530Z</time>
			</trkpt>
			<trkpt lat="44.48571" lon="2.55192">
				<ele>536.59</ele>
				<time>2026-05-28T19:22:59.541Z</time>
			</trkpt>
			<trkpt lat="44.48573" lon="2.55234">
				<ele>536.66</ele>
				<time>2026-05-28T19:23:02.320Z</time>
			</trkpt>
			<trkpt lat="44.48589" lon="2.55318">
				<ele>535.11</ele>
				<time>2026-05-28T19:23:07.725Z</time>
			</trkpt>
			<trkpt lat="44.486" lon="2.55435">
				<ele>532.78</ele>
				<time>2026-05-28T19:23:13.908Z</time>
			</trkpt>
			<trkpt lat="44.48635" lon="2.55565">
				<ele>533.19</ele>
				<time>2026-05-28T19:23:19.359Z</time>
			</trkpt>
			<trkpt lat="44.4864" lon="2.5563">
				<ele>529.41</ele>
				<time>2026-05-28T19:23:21.485Z</time>
			</trkpt>
			<trkpt lat="44.48645" lon="2.55735">
				<ele>530</ele>
				<time>2026-05-28T19:23:24.634Z</time>
			</trkpt>
			<trkpt lat="44.48645" lon="2.55778">
				<ele>531</ele>
				<time>2026-05-28T19:23:25.902Z</time>
			</trkpt>
			<trkpt lat="44.4865" lon="2.55777">
				<ele>530.98</ele>
				<time>2026-05-28T19:23:26.113Z</time>
			</trkpt>
			<trkpt lat="44.48703" lon="2.55736">
				<ele>530.31</ele>
				<time>2026-05-28T19:23:28.749Z</time>
			</trkpt>
			<trkpt lat="44.48723" lon="2.55837">
				<ele>526.22</ele>
				<time>2026-05-28T19:23:32.500Z</time>
			</trkpt>
			<trkpt lat="44.4873" lon="2.55921">
				<ele>530.55</ele>
				<time>2026-05-28T19:23:36.179Z</time>
			</trkpt>
			<trkpt lat="44.48736" lon="2.55969">
				<ele>530.57</ele>
				<time>2026-05-28T19:23:38.652Z</time>
			</trkpt>
			<trkpt lat="44.48741" lon="2.5598">
				<ele>530.48</ele>
				<time>2026-05-28T19:23:39.364Z</time>
			</trkpt>
			<trkpt lat="44.48773" lon="2.56022">
				<ele>528.5</ele>
				<time>2026-05-28T19:23:43.040Z</time>
			</trkpt>
			<trkpt lat="44.48781" lon="2.56038">
				<ele>527.66</ele>
				<time>2026-05-28T19:23:44.327Z</time>
			</trkpt>
			<trkpt lat="44.48791" lon="2.56064">
				<ele>527.5</ele>
				<time>2026-05-28T19:23:46.392Z</time>
			</trkpt>
			<trkpt lat="44.48799" lon="2.5609">
				<ele>528.03</ele>
				<time>2026-05-28T19:23:48.512Z</time>
			</trkpt>
			<trkpt lat="44.48803" lon="2.56099">
				<ele>528.52</ele>
				<time>2026-05-28T19:23:49.343Z</time>
			</trkpt>
			<trkpt lat="44.48849" lon="2.56165">
				<ele>530.39</ele>
				<time>2026-05-28T19:23:57.533Z</time>
			</trkpt>
			<trkpt lat="44.48863" lon="2.56179">
				<ele>530</ele>
				<time>2026-05-28T19:24:02.457Z</time>
			</trkpt>
			<trkpt lat="44.48894" lon="2.562">
				<ele>530</ele>
				<time>2026-05-28T19:24:16.544Z</time>
			</trkpt>
			<trkpt lat="44.48897" lon="2.56208">
				<ele>530</ele>
				<time>2026-05-28T19:24:18.525Z</time>
			</trkpt>
			<trkpt lat="44.48895" lon="2.56217">
				<ele>530</ele>
				<time>2026-05-28T19:24:20.038Z</time>
			</trkpt>
			<trkpt lat="44.48878" lon="2.56238">
				<ele>530.21</ele>
				<time>2026-05-28T19:24:24.260Z</time>
			</trkpt>
			<trkpt lat="44.4887" lon="2.56251">
				<ele>530.67</ele>
				<time>2026-05-28T19:24:26.387Z</time>
			</trkpt>
			<trkpt lat="44.48863" lon="2.56276">
				<ele>530.9</ele>
				<time>2026-05-28T19:24:29.508Z</time>
			</trkpt>
			<trkpt lat="44.48859" lon="2.56317">
				<ele>530.6</ele>
				<time>2026-05-28T19:24:33.871Z</time>
			</trkpt>
			<trkpt lat="44.48853" lon="2.56348">
				<ele>530.12</ele>
				<time>2026-05-28T19:24:36.927Z</time>
			</trkpt>
			<trkpt lat="44.48846" lon="2.56367">
				<ele>529.78</ele>
				<time>2026-05-28T19:24:38.819Z</time>
			</trkpt>
			<trkpt lat="44.48812" lon="2.56431">
				<ele>525.73</ele>
				<time>2026-05-28T19:24:45.071Z</time>
			</trkpt>
			<trkpt lat="44.48808" lon="2.56452">
				<ele>525.09</ele>
				<time>2026-05-28T19:24:46.600Z</time>
			</trkpt>
			<trkpt lat="44.48856" lon="2.56479">
				<ele>526.88</ele>
				<time>2026-05-28T19:24:51.369Z</time>
			</trkpt>
			<trkpt lat="44.48883" lon="2.5649">
				<ele>526.47</ele>
				<time>2026-05-28T19:24:53.852Z</time>
			</trkpt>
			<trkpt lat="44.48888" lon="2.56494">
				<ele>526.19</ele>
				<time>2026-05-28T19:24:54.359Z</time>
			</trkpt>
			<trkpt lat="44.48951" lon="2.56507">
				<ele>526.85</ele>
				<time>2026-05-28T19:25:00.141Z</time>
			</trkpt>
			<trkpt lat="44.48968" lon="2.56507">
				<ele>527.2</ele>
				<time>2026-05-28T19:25:01.796Z</time>
			</trkpt>
			<trkpt lat="44.48987" lon="2.56504">
				<ele>528.18</ele>
				<time>2026-05-28T19:25:03.747Z</time>
			</trkpt>
			<trkpt lat="44.49035" lon="2.56483">
				<ele>530.55</ele>
				<time>2026-05-28T19:25:09.339Z</time>
			</trkpt>
			<trkpt lat="44.49153" lon="2.56429">
				<ele>537.17</ele>
				<time>2026-05-28T19:25:23.078Z</time>
			</trkpt>
			<trkpt lat="44.49176" lon="2.56424">
				<ele>539.43</ele>
				<time>2026-05-28T19:25:25.887Z</time>
			</trkpt>
			<trkpt lat="44.49228" lon="2.56422">
				<ele>543.23</ele>
				<time>2026-05-28T19:25:32.963Z</time>
			</trkpt>
			<trkpt lat="44.49305" lon="2.56416">
				<ele>549</ele>
				<time>2026-05-28T19:25:44.401Z</time>
			</trkpt>
			<trkpt lat="44.49359" lon="2.56405">
				<ele>548.41</ele>
				<time>2026-05-28T19:25:49.956Z</time>
			</trkpt>
			<trkpt lat="44.49468" lon="2.56348">
				<ele>549.85</ele>
				<time>2026-05-28T19:26:00.888Z</time>
			</trkpt>
			<trkpt lat="44.49563" lon="2.5633">
				<ele>550.79</ele>
				<time>2026-05-28T19:26:09.049Z</time>
			</trkpt>
			<trkpt lat="44.49596" lon="2.56316">
				<ele>550.2</ele>
				<time>2026-05-28T19:26:11.814Z</time>
			</trkpt>
			<trkpt lat="44.4963" lon="2.56298">
				<ele>549.4</ele>
				<time>2026-05-28T19:26:14.638Z</time>
			</trkpt>
			<trkpt lat="44.49665" lon="2.5627">
				<ele>550.24</ele>
				<time>2026-05-28T19:26:17.666Z</time>
			</trkpt>
			<trkpt lat="44.49696" lon="2.56253">
				<ele>551</ele>
				<time>2026-05-28T19:26:20.089Z</time>
			</trkpt>
			<trkpt lat="44.49772" lon="2.56215">
				<ele>550.17</ele>
				<time>2026-05-28T19:26:25.693Z</time>
			</trkpt>
			<trkpt lat="44.49806" lon="2.56201">
				<ele>550.03</ele>
				<time>2026-05-28T19:26:28.043Z</time>
			</trkpt>
			<trkpt lat="44.49832" lon="2.56193">
				<ele>550.96</ele>
				<time>2026-05-28T19:26:29.767Z</time>
			</trkpt>
			<trkpt lat="44.49855" lon="2.56189">
				<ele>551.36</ele>
				<time>2026-05-28T19:26:31.241Z</time>
			</trkpt>
			<trkpt lat="44.49995" lon="2.56182">
				<ele>556.02</ele>
				<time>2026-05-28T19:26:39.684Z</time>
			</trkpt>
			<trkpt lat="44.50028" lon="2.56171">
				<ele>557.97</ele>
				<time>2026-05-28T19:26:41.626Z</time>
			</trkpt>
			<trkpt lat="44.50071" lon="2.56142">
				<ele>557.34</ele>
				<time>2026-05-28T19:26:44.303Z</time>
			</trkpt>
			<trkpt lat="44.50087" lon="2.56138">
				<ele>558.04</ele>
				<time>2026-05-28T19:26:45.202Z</time>
			</trkpt>
			<trkpt lat="44.50102" lon="2.56135">
				<ele>558.3</ele>
				<time>2026-05-28T19:26:46.035Z</time>
			</trkpt>
			<trkpt lat="44.5012" lon="2.56135">
				<ele>558.31</ele>
				<time>2026-05-28T19:26:47.018Z</time>
			</trkpt>
			<trkpt lat="44.50174" lon="2.5614">
				<ele>556.07</ele>
				<time>2026-05-28T19:26:49.939Z</time>
			</trkpt>
			<trkpt lat="44.50199" lon="2.56139">
				<ele>556.7</ele>
				<time>2026-05-28T19:26:51.274Z</time>
			</trkpt>
			<trkpt lat="44.50213" lon="2.56135">
				<ele>556.8</ele>
				<time>2026-05-28T19:26:52.033Z</time>
			</trkpt>
			<trkpt lat="44.5026" lon="2.56116">
				<ele>557.91</ele>
				<time>2026-05-28T19:26:54.618Z</time>
			</trkpt>
			<trkpt lat="44.50284" lon="2.56112">
				<ele>557.83</ele>
				<time>2026-05-28T19:26:55.889Z</time>
			</trkpt>
			<trkpt lat="44.50298" lon="2.56107">
				<ele>558.18</ele>
				<time>2026-05-28T19:26:56.648Z</time>
			</trkpt>
			<trkpt lat="44.50312" lon="2.56096">
				<ele>558.02</ele>
				<time>2026-05-28T19:26:57.491Z</time>
			</trkpt>
			<trkpt lat="44.5032" lon="2.56088">
				<ele>558.07</ele>
				<time>2026-05-28T19:26:58.007Z</time>
			</trkpt>
			<trkpt lat="44.50372" lon="2.56008">
				<ele>553.41</ele>
				<time>2026-05-28T19:27:02.067Z</time>
			</trkpt>
			<trkpt lat="44.50401" lon="2.55975">
				<ele>551.44</ele>
				<time>2026-05-28T19:27:04.044Z</time>
			</trkpt>
			<trkpt lat="44.50413" lon="2.55957">
				<ele>550.43</ele>
				<time>2026-05-28T19:27:04.980Z</time>
			</trkpt>
			<trkpt lat="44.50435" lon="2.55967">
				<ele>549.64</ele>
				<time>2026-05-28T19:27:06.217Z</time>
			</trkpt>
			<trkpt lat="44.50445" lon="2.55974">
				<ele>550.04</ele>
				<time>2026-05-28T19:27:06.818Z</time>
			</trkpt>
			<trkpt lat="44.50455" lon="2.55988">
				<ele>550.6</ele>
				<time>2026-05-28T19:27:07.580Z</time>
			</trkpt>
			<trkpt lat="44.50459" lon="2.55998">
				<ele>551.06</ele>
				<time>2026-05-28T19:27:08.023Z</time>
			</trkpt>
			<trkpt lat="44.50465" lon="2.5603">
				<ele>551.21</ele>
				<time>2026-05-28T19:27:09.308Z</time>
			</trkpt>
			<trkpt lat="44.50468" lon="2.56082">
				<ele>549.63</ele>
				<time>2026-05-28T19:27:11.356Z</time>
			</trkpt>
			<trkpt lat="44.50472" lon="2.56111">
				<ele>549.03</ele>
				<time>2026-05-28T19:27:12.531Z</time>
			</trkpt>
			<trkpt lat="44.50485" lon="2.56162">
				<ele>548.1</ele>
				<time>2026-05-28T19:27:14.714Z</time>
			</trkpt>
			<trkpt lat="44.50511" lon="2.56254">
				<ele>543.63</ele>
				<time>2026-05-28T19:27:18.820Z</time>
			</trkpt>
			<trkpt lat="44.50515" lon="2.5626">
				<ele>543.07</ele>
				<time>2026-05-28T19:27:19.168Z</time>
			</trkpt>
			<trkpt lat="44.50523" lon="2.56267">
				<ele>542.19</ele>
				<time>2026-05-28T19:27:19.731Z</time>
			</trkpt>
			<trkpt lat="44.50535" lon="2.56268">
				<ele>541.66</ele>
				<time>2026-05-28T19:27:20.454Z</time>
			</trkpt>
			<trkpt lat="44.50569" lon="2.5623">
				<ele>541.31</ele>
				<time>2026-05-28T19:27:23.117Z</time>
			</trkpt>
			<trkpt lat="44.50578" lon="2.56225">
				<ele>540.45</ele>
				<time>2026-05-28T19:27:23.721Z</time>
			</trkpt>
			<trkpt lat="44.50595" lon="2.56224">
				<ele>540.75</ele>
				<time>2026-05-28T19:27:24.792Z</time>
			</trkpt>
			<trkpt lat="44.50657" lon="2.56252">
				<ele>539.87</ele>
				<time>2026-05-28T19:27:29.016Z</time>
			</trkpt>
			<trkpt lat="44.50669" lon="2.56254">
				<ele>540.1</ele>
				<time>2026-05-28T19:27:29.821Z</time>
			</trkpt>
			<trkpt lat="44.5068" lon="2.56252">
				<ele>540.96</ele>
				<time>2026-05-28T19:27:30.561Z</time>
			</trkpt>
			<trkpt lat="44.50696" lon="2.56244">
				<ele>542.45</ele>
				<time>2026-05-28T19:27:31.692Z</time>
			</trkpt>
			<trkpt lat="44.50708" lon="2.56228">
				<ele>544.33</ele>
				<time>2026-05-28T19:27:32.793Z</time>
			</trkpt>
			<trkpt lat="44.50714" lon="2.56213">
				<ele>545.36</ele>
				<time>2026-05-28T19:27:33.607Z</time>
			</trkpt>
			<trkpt lat="44.50716" lon="2.56201">
				<ele>545.99</ele>
				<time>2026-05-28T19:27:34.190Z</time>
			</trkpt>
			<trkpt lat="44.50721" lon="2.56137">
				<ele>544.83</ele>
				<time>2026-05-28T19:27:37.226Z</time>
			</trkpt>
			<trkpt lat="44.50727" lon="2.5612">
				<ele>545.34</ele>
				<time>2026-05-28T19:27:38.118Z</time>
			</trkpt>
			<trkpt lat="44.50734" lon="2.56114">
				<ele>546.32</ele>
				<time>2026-05-28T19:27:38.659Z</time>
			</trkpt>
			<trkpt lat="44.50763" lon="2.56094">
				<ele>550</ele>
				<time>2026-05-28T19:27:40.784Z</time>
			</trkpt>
			<trkpt lat="44.50773" lon="2.56083">
				<ele>551.15</ele>
				<time>2026-05-28T19:27:41.619Z</time>
			</trkpt>
			<trkpt lat="44.50787" lon="2.56062">
				<ele>552.5</ele>
				<time>2026-05-28T19:27:42.962Z</time>
			</trkpt>
			<trkpt lat="44.50798" lon="2.56039">
				<ele>553.44</ele>
				<time>2026-05-28T19:27:44.254Z</time>
			</trkpt>
			<trkpt lat="44.50813" lon="2.55996">
				<ele>552.17</ele>
				<time>2026-05-28T19:27:46.481Z</time>
			</trkpt>
			<trkpt lat="44.50825" lon="2.55972">
				<ele>551.6</ele>
				<time>2026-05-28T19:27:47.842Z</time>
			</trkpt>
			<trkpt lat="44.50831" lon="2.55968">
				<ele>551.73</ele>
				<time>2026-05-28T19:27:48.274Z</time>
			</trkpt>
			<trkpt lat="44.50838" lon="2.55967">
				<ele>552.4</ele>
				<time>2026-05-28T19:27:48.731Z</time>
			</trkpt>
			<trkpt lat="44.50851" lon="2.55974">
				<ele>556.13</ele>
				<time>2026-05-28T19:27:49.635Z</time>
			</trkpt>
			<trkpt lat="44.50877" lon="2.56009">
				<ele>564.27</ele>
				<time>2026-05-28T19:27:51.970Z</time>
			</trkpt>
			<trkpt lat="44.50909" lon="2.56079">
				<ele>568.84</ele>
				<time>2026-05-28T19:27:55.797Z</time>
			</trkpt>
			<trkpt lat="44.50939" lon="2.56126">
				<ele>566.51</ele>
				<time>2026-05-28T19:27:58.687Z</time>
			</trkpt>
			<trkpt lat="44.50958" lon="2.56149">
				<ele>566.98</ele>
				<time>2026-05-28T19:28:00.295Z</time>
			</trkpt>
			<trkpt lat="44.51001" lon="2.56196">
				<ele>568.91</ele>
				<time>2026-05-28T19:28:03.778Z</time>
			</trkpt>
			<trkpt lat="44.51021" lon="2.56213">
				<ele>570.08</ele>
				<time>2026-05-28T19:28:05.268Z</time>
			</trkpt>
			<trkpt lat="44.51035" lon="2.56223">
				<ele>572.22</ele>
				<time>2026-05-28T19:28:06.267Z</time>
			</trkpt>
			<trkpt lat="44.51095" lon="2.56257">
				<ele>573.43</ele>
				<time>2026-05-28T19:28:10.371Z</time>
			</trkpt>
			<trkpt lat="44.51123" lon="2.56269">
				<ele>574.58</ele>
				<time>2026-05-28T19:28:12.221Z</time>
			</trkpt>
			<trkpt lat="44.5115" lon="2.56275">
				<ele>574.31</ele>
				<time>2026-05-28T19:28:13.945Z</time>
			</trkpt>
			<trkpt lat="44.51258" lon="2.56257">
				<ele>573.14</ele>
				<time>2026-05-28T19:28:20.775Z</time>
			</trkpt>
			<trkpt lat="44.51275" lon="2.56257">
				<ele>574.72</ele>
				<time>2026-05-28T19:28:21.838Z</time>
			</trkpt>
			<trkpt lat="44.5129" lon="2.56259">
				<ele>577.06</ele>
				<time>2026-05-28T19:28:22.780Z</time>
			</trkpt>
			<trkpt lat="44.51301" lon="2.56264">
				<ele>578.84</ele>
				<time>2026-05-28T19:28:23.502Z</time>
			</trkpt>
			<trkpt lat="44.5132" lon="2.56278">
				<ele>580.61</ele>
				<time>2026-05-28T19:28:24.840Z</time>
			</trkpt>
			<trkpt lat="44.51333" lon="2.56294">
				<ele>581.38</ele>
				<time>2026-05-28T19:28:25.918Z</time>
			</trkpt>
			<trkpt lat="44.51353" lon="2.56353">
				<ele>583.37</ele>
				<time>2026-05-28T19:28:28.815Z</time>
			</trkpt>
			<trkpt lat="44.51372" lon="2.56397">
				<ele>584.66</ele>
				<time>2026-05-28T19:28:31.090Z</time>
			</trkpt>
			<trkpt lat="44.51379" lon="2.56417">
				<ele>585.03</ele>
				<time>2026-05-28T19:28:32.075Z</time>
			</trkpt>
			<trkpt lat="44.51392" lon="2.56464">
				<ele>588.07</ele>
				<time>2026-05-28T19:28:34.299Z</time>
			</trkpt>
			<trkpt lat="44.51397" lon="2.56491">
				<ele>591.1</ele>
				<time>2026-05-28T19:28:35.528Z</time>
			</trkpt>
			<trkpt lat="44.51397" lon="2.56534">
				<ele>593.06</ele>
				<time>2026-05-28T19:28:37.419Z</time>
			</trkpt>
			<trkpt lat="44.514" lon="2.56541">
				<ele>593.33</ele>
				<time>2026-05-28T19:28:37.778Z</time>
			</trkpt>
			<trkpt lat="44.51405" lon="2.5655">
				<ele>593.65</ele>
				<time>2026-05-28T19:28:38.280Z</time>
			</trkpt>
			<trkpt lat="44.51412" lon="2.56554">
				<ele>593.89</ele>
				<time>2026-05-28T19:28:38.745Z</time>
			</trkpt>
			<trkpt lat="44.51422" lon="2.56555">
				<ele>593.99</ele>
				<time>2026-05-28T19:28:39.363Z</time>
			</trkpt>
			<trkpt lat="44.51446" lon="2.56554">
				<ele>593.96</ele>
				<time>2026-05-28T19:28:40.840Z</time>
			</trkpt>
			<trkpt lat="44.51459" lon="2.56556">
				<ele>593.39</ele>
				<time>2026-05-28T19:28:41.644Z</time>
			</trkpt>
			<trkpt lat="44.51469" lon="2.5656">
				<ele>592.76</ele>
				<time>2026-05-28T19:28:42.283Z</time>
			</trkpt>
			<trkpt lat="44.51488" lon="2.56576">
				<ele>591.06</ele>
				<time>2026-05-28T19:28:43.644Z</time>
			</trkpt>
			<trkpt lat="44.51495" lon="2.56588">
				<ele>591.12</ele>
				<time>2026-05-28T19:28:44.322Z</time>
			</trkpt>
			<trkpt lat="44.51515" lon="2.56649">
				<ele>592.67</ele>
				<time>2026-05-28T19:28:47.256Z</time>
			</trkpt>
			<trkpt lat="44.51534" lon="2.56697">
				<ele>595.26</ele>
				<time>2026-05-28T19:28:49.650Z</time>
			</trkpt>
			<trkpt lat="44.51547" lon="2.56721">
				<ele>596.37</ele>
				<time>2026-05-28T19:28:50.963Z</time>
			</trkpt>
			<trkpt lat="44.51565" lon="2.5676">
				<ele>595.65</ele>
				<time>2026-05-28T19:28:52.985Z</time>
			</trkpt>
			<trkpt lat="44.51592" lon="2.56852">
				<ele>590.53</ele>
				<time>2026-05-28T19:28:57.308Z</time>
			</trkpt>
			<trkpt lat="44.51603" lon="2.56902">
				<ele>590.1</ele>
				<time>2026-05-28T19:28:59.577Z</time>
			</trkpt>
			<trkpt lat="44.51604" lon="2.56933">
				<ele>589.15</ele>
				<time>2026-05-28T19:29:00.922Z</time>
			</trkpt>
			<trkpt lat="44.51595" lon="2.5699">
				<ele>586</ele>
				<time>2026-05-28T19:29:03.450Z</time>
			</trkpt>
			<trkpt lat="44.51592" lon="2.57021">
				<ele>585.15</ele>
				<time>2026-05-28T19:29:04.803Z</time>
			</trkpt>
			<trkpt lat="44.51591" lon="2.57061">
				<ele>583.39</ele>
				<time>2026-05-28T19:29:06.533Z</time>
			</trkpt>
			<trkpt lat="44.51594" lon="2.57087">
				<ele>581.33</ele>
				<time>2026-05-28T19:29:07.671Z</time>
			</trkpt>
			<trkpt lat="44.51604" lon="2.57106">
				<ele>579.98</ele>
				<time>2026-05-28T19:29:08.691Z</time>
			</trkpt>
			<trkpt lat="44.51613" lon="2.57111">
				<ele>579.68</ele>
				<time>2026-05-28T19:29:09.277Z</time>
			</trkpt>
			<trkpt lat="44.51624" lon="2.57112">
				<ele>578.33</ele>
				<time>2026-05-28T19:29:09.945Z</time>
			</trkpt>
			<trkpt lat="44.51636" lon="2.57109">
				<ele>577.53</ele>
				<time>2026-05-28T19:29:10.683Z</time>
			</trkpt>
			<trkpt lat="44.51661" lon="2.57095">
				<ele>576.46</ele>
				<time>2026-05-28T19:29:12.311Z</time>
			</trkpt>
			<trkpt lat="44.51676" lon="2.57081">
				<ele>575.76</ele>
				<time>2026-05-28T19:29:13.401Z</time>
			</trkpt>
			<trkpt lat="44.51698" lon="2.57047">
				<ele>573.77</ele>
				<time>2026-05-28T19:29:15.380Z</time>
			</trkpt>
			<trkpt lat="44.51838" lon="2.56809">
				<ele>558.11</ele>
				<time>2026-05-28T19:29:28.662Z</time>
			</trkpt>
			<trkpt lat="44.51854" lon="2.5679">
				<ele>557.58</ele>
				<time>2026-05-28T19:29:29.927Z</time>
			</trkpt>
			<trkpt lat="44.51862" lon="2.56785">
				<ele>557.11</ele>
				<time>2026-05-28T19:29:30.455Z</time>
			</trkpt>
			<trkpt lat="44.51899" lon="2.56775">
				<ele>552.65</ele>
				<time>2026-05-28T19:29:32.728Z</time>
			</trkpt>
			<trkpt lat="44.52107" lon="2.56736">
				<ele>536.78</ele>
				<time>2026-05-28T19:29:45.394Z</time>
			</trkpt>
			<trkpt lat="44.52125" lon="2.56726">
				<ele>533.6</ele>
				<time>2026-05-28T19:29:46.563Z</time>
			</trkpt>
			<trkpt lat="44.52184" lon="2.5667">
				<ele>534.94</ele>
				<time>2026-05-28T19:29:50.871Z</time>
			</trkpt>
			<trkpt lat="44.52216" lon="2.56633">
				<ele>534.91</ele>
				<time>2026-05-28T19:29:53.381Z</time>
			</trkpt>
			<trkpt lat="44.52261" lon="2.56593">
				<ele>536.08</ele>
				<time>2026-05-28T19:29:56.608Z</time>
			</trkpt>
			<trkpt lat="44.52339" lon="2.56541">
				<ele>539.59</ele>
				<time>2026-05-28T19:30:01.848Z</time>
			</trkpt>
			<trkpt lat="44.52357" lon="2.5652">
				<ele>539.01</ele>
				<time>2026-05-28T19:30:03.271Z</time>
			</trkpt>
			<trkpt lat="44.52365" lon="2.56507">
				<ele>538</ele>
				<time>2026-05-28T19:30:04.015Z</time>
			</trkpt>
			<trkpt lat="44.52369" lon="2.56494">
				<ele>537.05</ele>
				<time>2026-05-28T19:30:04.629Z</time>
			</trkpt>
			<trkpt lat="44.52377" lon="2.56428">
				<ele>529.46</ele>
				<time>2026-05-28T19:30:07.535Z</time>
			</trkpt>
			<trkpt lat="44.52384" lon="2.56406">
				<ele>528.37</ele>
				<time>2026-05-28T19:30:08.582Z</time>
			</trkpt>
			<trkpt lat="44.52391" lon="2.56389">
				<ele>528.62</ele>
				<time>2026-05-28T19:30:09.435Z</time>
			</trkpt>
			<trkpt lat="44.5241" lon="2.56351">
				<ele>524.92</ele>
				<time>2026-05-28T19:30:11.454Z</time>
			</trkpt>
			<trkpt lat="44.52417" lon="2.56342">
				<ele>523.51</ele>
				<time>2026-05-28T19:30:12.034Z</time>
			</trkpt>
			<trkpt lat="44.52425" lon="2.56333">
				<ele>521.49</ele>
				<time>2026-05-28T19:30:12.660Z</time>
			</trkpt>
			<trkpt lat="44.52437" lon="2.56328">
				<ele>520.1</ele>
				<time>2026-05-28T19:30:13.425Z</time>
			</trkpt>
			<trkpt lat="44.52454" lon="2.56328">
				<ele>518.51</ele>
				<time>2026-05-28T19:30:14.465Z</time>
			</trkpt>
			<trkpt lat="44.52552" lon="2.5634">
				<ele>510.01</ele>
				<time>2026-05-28T19:30:20.494Z</time>
			</trkpt>
			<trkpt lat="44.52563" lon="2.56339">
				<ele>508.73</ele>
				<time>2026-05-28T19:30:21.172Z</time>
			</trkpt>
			<trkpt lat="44.52573" lon="2.56331">
				<ele>506.8</ele>
				<time>2026-05-28T19:30:21.879Z</time>
			</trkpt>
			<trkpt lat="44.52583" lon="2.56319">
				<ele>504.56</ele>
				<time>2026-05-28T19:30:22.689Z</time>
			</trkpt>
			<trkpt lat="44.52593" lon="2.56311">
				<ele>502.51</ele>
				<time>2026-05-28T19:30:23.397Z</time>
			</trkpt>
			<trkpt lat="44.52601" lon="2.56307">
				<ele>501.26</ele>
				<time>2026-05-28T19:30:23.920Z</time>
			</trkpt>
			<trkpt lat="44.52607" lon="2.56307">
				<ele>500.6</ele>
				<time>2026-05-28T19:30:24.289Z</time>
			</trkpt>
			<trkpt lat="44.52614" lon="2.56311">
				<ele>500.19</ele>
				<time>2026-05-28T19:30:24.755Z</time>
			</trkpt>
			<trkpt lat="44.5262" lon="2.56321">
				<ele>500.41</ele>
				<time>2026-05-28T19:30:25.329Z</time>
			</trkpt>
			<trkpt lat="44.52629" lon="2.56347">
				<ele>500.82</ele>
				<time>2026-05-28T19:30:26.600Z</time>
			</trkpt>
			<trkpt lat="44.52643" lon="2.56396">
				<ele>501.07</ele>
				<time>2026-05-28T19:30:28.925Z</time>
			</trkpt>
			<trkpt lat="44.52658" lon="2.56421">
				<ele>498.89</ele>
				<time>2026-05-28T19:30:30.366Z</time>
			</trkpt>
			<trkpt lat="44.52666" lon="2.56426">
				<ele>497.23</ele>
				<time>2026-05-28T19:30:30.908Z</time>
			</trkpt>
			<trkpt lat="44.52688" lon="2.5643">
				<ele>495.03</ele>
				<time>2026-05-28T19:30:32.283Z</time>
			</trkpt>
			<trkpt lat="44.52709" lon="2.56426">
				<ele>493.61</ele>
				<time>2026-05-28T19:30:33.597Z</time>
			</trkpt>
			<trkpt lat="44.52726" lon="2.56416">
				<ele>492.6</ele>
				<time>2026-05-28T19:30:34.742Z</time>
			</trkpt>
			<trkpt lat="44.52776" lon="2.56381">
				<ele>495.83</ele>
				<time>2026-05-28T19:30:38.220Z</time>
			</trkpt>
			<trkpt lat="44.52785" lon="2.56365">
				<ele>495.39</ele>
				<time>2026-05-28T19:30:39.126Z</time>
			</trkpt>
			<trkpt lat="44.52786" lon="2.56355">
				<ele>494.71</ele>
				<time>2026-05-28T19:30:39.575Z</time>
			</trkpt>
			<trkpt lat="44.52787" lon="2.5633">
				<ele>491.7</ele>
				<time>2026-05-28T19:30:40.690Z</time>
			</trkpt>
			<trkpt lat="44.52779" lon="2.56282">
				<ele>491.38</ele>
				<time>2026-05-28T19:30:42.888Z</time>
			</trkpt>
			<trkpt lat="44.52776" lon="2.5622">
				<ele>495.7</ele>
				<time>2026-05-28T19:30:45.666Z</time>
			</trkpt>
			<trkpt lat="44.52772" lon="2.56194">
				<ele>493.75</ele>
				<time>2026-05-28T19:30:46.858Z</time>
			</trkpt>
			<trkpt lat="44.52762" lon="2.56148">
				<ele>492.46</ele>
				<time>2026-05-28T19:30:49.016Z</time>
			</trkpt>
			<trkpt lat="44.5276" lon="2.56133">
				<ele>492.09</ele>
				<time>2026-05-28T19:30:49.702Z</time>
			</trkpt>
			<trkpt lat="44.52761" lon="2.56118">
				<ele>491.38</ele>
				<time>2026-05-28T19:30:50.380Z</time>
			</trkpt>
			<trkpt lat="44.52774" lon="2.56035">
				<ele>490.16</ele>
				<time>2026-05-28T19:30:54.211Z</time>
			</trkpt>
			<trkpt lat="44.52777" lon="2.56004">
				<ele>491.75</ele>
				<time>2026-05-28T19:30:55.626Z</time>
			</trkpt>
			<trkpt lat="44.52778" lon="2.55963">
				<ele>490.8</ele>
				<time>2026-05-28T19:30:57.485Z</time>
			</trkpt>
			<trkpt lat="44.52739" lon="2.55874">
				<ele>482.24</ele>
				<time>2026-05-28T19:31:02.236Z</time>
			</trkpt>
			<trkpt lat="44.52735" lon="2.55851">
				<ele>480.83</ele>
				<time>2026-05-28T19:31:03.317Z</time>
			</trkpt>
			<trkpt lat="44.52735" lon="2.55825">
				<ele>478.93</ele>
				<time>2026-05-28T19:31:04.505Z</time>
			</trkpt>
			<trkpt lat="44.52736" lon="2.55796">
				<ele>476.28</ele>
				<time>2026-05-28T19:31:05.834Z</time>
			</trkpt>
			<trkpt lat="44.52743" lon="2.5574">
				<ele>473.55</ele>
				<time>2026-05-28T19:31:08.443Z</time>
			</trkpt>
			<trkpt lat="44.5275" lon="2.55713">
				<ele>471.71</ele>
				<time>2026-05-28T19:31:09.765Z</time>
			</trkpt>
			<trkpt lat="44.52762" lon="2.55692">
				<ele>470.62</ele>
				<time>2026-05-28T19:31:11.005Z</time>
			</trkpt>
			<trkpt lat="44.52767" lon="2.55685">
				<ele>469.96</ele>
				<time>2026-05-28T19:31:11.462Z</time>
			</trkpt>
			<trkpt lat="44.52797" lon="2.55663">
				<ele>470.32</ele>
				<time>2026-05-28T19:31:13.657Z</time>
			</trkpt>
			<trkpt lat="44.5282" lon="2.55641">
				<ele>467.45</ele>
				<time>2026-05-28T19:31:15.466Z</time>
			</trkpt>
			<trkpt lat="44.52844" lon="2.55607">
				<ele>463.11</ele>
				<time>2026-05-28T19:31:17.689Z</time>
			</trkpt>
			<trkpt lat="44.52866" lon="2.55586">
				<ele>463.21</ele>
				<time>2026-05-28T19:31:19.427Z</time>
			</trkpt>
			<trkpt lat="44.52886" lon="2.5555">
				<ele>460.09</ele>
				<time>2026-05-28T19:31:21.559Z</time>
			</trkpt>
			<trkpt lat="44.52895" lon="2.55543">
				<ele>460.69</ele>
				<time>2026-05-28T19:31:22.235Z</time>
			</trkpt>
			<trkpt lat="44.52928" lon="2.55534">
				<ele>461.89</ele>
				<time>2026-05-28T19:31:24.446Z</time>
			</trkpt>
			<trkpt lat="44.52949" lon="2.5553">
				<ele>461.09</ele>
				<time>2026-05-28T19:31:25.843Z</time>
			</trkpt>
			<trkpt lat="44.53004" lon="2.55507">
				<ele>455.63</ele>
				<time>2026-05-28T19:31:29.642Z</time>
			</trkpt>
			<trkpt lat="44.53016" lon="2.55497">
				<ele>454.04</ele>
				<time>2026-05-28T19:31:30.569Z</time>
			</trkpt>
			<trkpt lat="44.53051" lon="2.55449">
				<ele>447.81</ele>
				<time>2026-05-28T19:31:33.829Z</time>
			</trkpt>
			<trkpt lat="44.53058" lon="2.55431">
				<ele>447.17</ele>
				<time>2026-05-28T19:31:34.806Z</time>
			</trkpt>
			<trkpt lat="44.53075" lon="2.55346">
				<ele>444.44</ele>
				<time>2026-05-28T19:31:39.028Z</time>
			</trkpt>
			<trkpt lat="44.53079" lon="2.55333">
				<ele>443.57</ele>
				<time>2026-05-28T19:31:39.707Z</time>
			</trkpt>
			<trkpt lat="44.53085" lon="2.55326">
				<ele>442.93</ele>
				<time>2026-05-28T19:31:40.233Z</time>
			</trkpt>
			<trkpt lat="44.53092" lon="2.55323">
				<ele>442.56</ele>
				<time>2026-05-28T19:31:40.727Z</time>
			</trkpt>
			<trkpt lat="44.53099" lon="2.55324">
				<ele>442.94</ele>
				<time>2026-05-28T19:31:41.202Z</time>
			</trkpt>
			<trkpt lat="44.53106" lon="2.5533">
				<ele>444.28</ele>
				<time>2026-05-28T19:31:41.756Z</time>
			</trkpt>
			<trkpt lat="44.53114" lon="2.55342">
				<ele>444.4</ele>
				<time>2026-05-28T19:31:42.548Z</time>
			</trkpt>
			<trkpt lat="44.53118" lon="2.55353">
				<ele>443.67</ele>
				<time>2026-05-28T19:31:43.144Z</time>
			</trkpt>
			<trkpt lat="44.5312" lon="2.55368">
				<ele>442.35</ele>
				<time>2026-05-28T19:31:43.881Z</time>
			</trkpt>
			<trkpt lat="44.53114" lon="2.55394">
				<ele>440.47</ele>
				<time>2026-05-28T19:31:45.203Z</time>
			</trkpt>
			<trkpt lat="44.53076" lon="2.55467">
				<ele>442.56</ele>
				<time>2026-05-28T19:31:49.595Z</time>
			</trkpt>
			<trkpt lat="44.53071" lon="2.55488">
				<ele>443.27</ele>
				<time>2026-05-28T19:31:50.676Z</time>
			</trkpt>
			<trkpt lat="44.53071" lon="2.555">
				<ele>443.1</ele>
				<time>2026-05-28T19:31:51.262Z</time>
			</trkpt>
			<trkpt lat="44.53074" lon="2.55517">
				<ele>441.33</ele>
				<time>2026-05-28T19:31:52.119Z</time>
			</trkpt>
			<trkpt lat="44.5308" lon="2.55536">
				<ele>436.86</ele>
				<time>2026-05-28T19:31:53.137Z</time>
			</trkpt>
			<trkpt lat="44.53081" lon="2.5555">
				<ele>435.32</ele>
				<time>2026-05-28T19:31:53.828Z</time>
			</trkpt>
			<trkpt lat="44.53076" lon="2.55566">
				<ele>435.57</ele>
				<time>2026-05-28T19:31:54.686Z</time>
			</trkpt>
			<trkpt lat="44.53053" lon="2.55616">
				<ele>441.62</ele>
				<time>2026-05-28T19:31:57.618Z</time>
			</trkpt>
			<trkpt lat="44.53051" lon="2.55634">
				<ele>441.63</ele>
				<time>2026-05-28T19:31:58.518Z</time>
			</trkpt>
			<trkpt lat="44.53054" lon="2.55647">
				<ele>440.09</ele>
				<time>2026-05-28T19:31:59.195Z</time>
			</trkpt>
			<trkpt lat="44.53067" lon="2.55676">
				<ele>434.53</ele>
				<time>2026-05-28T19:32:00.893Z</time>
			</trkpt>
			<trkpt lat="44.53081" lon="2.55687">
				<ele>429.42</ele>
				<time>2026-05-28T19:32:02.012Z</time>
			</trkpt>
			<trkpt lat="44.53095" lon="2.55691">
				<ele>426.64</ele>
				<time>2026-05-28T19:32:03.010Z</time>
			</trkpt>
			<trkpt lat="44.53145" lon="2.55695">
				<ele>420.91</ele>
				<time>2026-05-28T19:32:06.521Z</time>
			</trkpt>
			<trkpt lat="44.53151" lon="2.55699">
				<ele>420.04</ele>
				<time>2026-05-28T19:32:06.988Z</time>
			</trkpt>
			<trkpt lat="44.53155" lon="2.55707">
				<ele>419.66</ele>
				<time>2026-05-28T19:32:07.478Z</time>
			</trkpt>
			<trkpt lat="44.53155" lon="2.55725">
				<ele>420.24</ele>
				<time>2026-05-28T19:32:08.382Z</time>
			</trkpt>
			<trkpt lat="44.53149" lon="2.55756">
				<ele>419.82</ele>
				<time>2026-05-28T19:32:09.999Z</time>
			</trkpt>
			<trkpt lat="44.53146" lon="2.55768">
				<ele>418.95</ele>
				<time>2026-05-28T19:32:10.641Z</time>
			</trkpt>
			<trkpt lat="44.53138" lon="2.55779">
				<ele>418.79</ele>
				<time>2026-05-28T19:32:11.434Z</time>
			</trkpt>
			<trkpt lat="44.53125" lon="2.55784">
				<ele>419.78</ele>
				<time>2026-05-28T19:32:12.390Z</time>
			</trkpt>
			<trkpt lat="44.53112" lon="2.55784">
				<ele>421.17</ele>
				<time>2026-05-28T19:32:13.314Z</time>
			</trkpt>
			<trkpt lat="44.53103" lon="2.55791">
				<ele>422.08</ele>
				<time>2026-05-28T19:32:14.046Z</time>
			</trkpt>
			<trkpt lat="44.53099" lon="2.55803">
				<ele>422.07</ele>
				<time>2026-05-28T19:32:14.719Z</time>
			</trkpt>
			<trkpt lat="44.53099" lon="2.55817">
				<ele>422.21</ele>
				<time>2026-05-28T19:32:15.431Z</time>
			</trkpt>
			<trkpt lat="44.53102" lon="2.55832">
				<ele>421.56</ele>
				<time>2026-05-28T19:32:16.224Z</time>
			</trkpt>
			<trkpt lat="44.53107" lon="2.55845">
				<ele>420.08</ele>
				<time>2026-05-28T19:32:16.977Z</time>
			</trkpt>
			<trkpt lat="44.53129" lon="2.55881">
				<ele>413.99</ele>
				<time>2026-05-28T19:32:19.400Z</time>
			</trkpt>
			<trkpt lat="44.53134" lon="2.55897">
				<ele>413.15</ele>
				<time>2026-05-28T19:32:20.295Z</time>
			</trkpt>
			<trkpt lat="44.53136" lon="2.55912">
				<ele>413.55</ele>
				<time>2026-05-28T19:32:21.079Z</time>
			</trkpt>
			<trkpt lat="44.5314" lon="2.55923">
				<ele>413.14</ele>
				<time>2026-05-28T19:32:21.713Z</time>
			</trkpt>
			<trkpt lat="44.53145" lon="2.55929">
				<ele>412.12</ele>
				<time>2026-05-28T19:32:22.188Z</time>
			</trkpt>
			<trkpt lat="44.53159" lon="2.55935">
				<ele>408.92</ele>
				<time>2026-05-28T19:32:23.246Z</time>
			</trkpt>
			<trkpt lat="44.53211" lon="2.55944">
				<ele>399.79</ele>
				<time>2026-05-28T19:32:27.047Z</time>
			</trkpt>
			<trkpt lat="44.53233" lon="2.55942">
				<ele>398.13</ele>
				<time>2026-05-28T19:32:28.654Z</time>
			</trkpt>
			<trkpt lat="44.53258" lon="2.5593">
				<ele>393.98</ele>
				<time>2026-05-28T19:32:30.586Z</time>
			</trkpt>
			<trkpt lat="44.53269" lon="2.55934">
				<ele>393.64</ele>
				<time>2026-05-28T19:32:31.419Z</time>
			</trkpt>
			<trkpt lat="44.53286" lon="2.55952">
				<ele>396.74</ele>
				<time>2026-05-28T19:32:32.983Z</time>
			</trkpt>
			<trkpt lat="44.53295" lon="2.55956">
				<ele>397.31</ele>
				<time>2026-05-28T19:32:33.678Z</time>
			</trkpt>
			<trkpt lat="44.53304" lon="2.55954">
				<ele>396.45</ele>
				<time>2026-05-28T19:32:34.350Z</time>
			</trkpt>
			<trkpt lat="44.53316" lon="2.55947">
				<ele>395.02</ele>
				<time>2026-05-28T19:32:35.309Z</time>
			</trkpt>
			<trkpt lat="44.53329" lon="2.55935">
				<ele>393.2</ele>
				<time>2026-05-28T19:32:36.459Z</time>
			</trkpt>
			<trkpt lat="44.53356" lon="2.55916">
				<ele>393.31</ele>
				<time>2026-05-28T19:32:38.698Z</time>
			</trkpt>
			<trkpt lat="44.53384" lon="2.55866">
				<ele>386.87</ele>
				<time>2026-05-28T19:32:42.075Z</time>
			</trkpt>
			<trkpt lat="44.53389" lon="2.55859">
				<ele>385.77</ele>
				<time>2026-05-28T19:32:42.604Z</time>
			</trkpt>
			<trkpt lat="44.53408" lon="2.55849">
				<ele>383.18</ele>
				<time>2026-05-28T19:32:44.123Z</time>
			</trkpt>
			<trkpt lat="44.53422" lon="2.55845">
				<ele>381.89</ele>
				<time>2026-05-28T19:32:45.196Z</time>
			</trkpt>
			<trkpt lat="44.53449" lon="2.55843">
				<ele>379.23</ele>
				<time>2026-05-28T19:32:47.231Z</time>
			</trkpt>
			<trkpt lat="44.53472" lon="2.55846">
				<ele>375.23</ele>
				<time>2026-05-28T19:32:48.976Z</time>
			</trkpt>
			<trkpt lat="44.53497" lon="2.55856">
				<ele>375.76</ele>
				<time>2026-05-28T19:32:50.946Z</time>
			</trkpt>
			<trkpt lat="44.53514" lon="2.55855">
				<ele>376.11</ele>
				<time>2026-05-28T19:32:52.239Z</time>
			</trkpt>
			<trkpt lat="44.53563" lon="2.55838">
				<ele>361.6</ele>
				<time>2026-05-28T19:32:56.093Z</time>
			</trkpt>
			<trkpt lat="44.5359" lon="2.55836">
				<ele>359.19</ele>
				<time>2026-05-28T19:32:58.168Z</time>
			</trkpt>
			<trkpt lat="44.53619" lon="2.55841">
				<ele>357.61</ele>
				<time>2026-05-28T19:33:00.419Z</time>
			</trkpt>
			<trkpt lat="44.53628" lon="2.55846">
				<ele>356.19</ele>
				<time>2026-05-28T19:33:01.167Z</time>
			</trkpt>
			<trkpt lat="44.53637" lon="2.55854">
				<ele>355.87</ele>
				<time>2026-05-28T19:33:01.991Z</time>
			</trkpt>
			<trkpt lat="44.53648" lon="2.55871">
				<ele>355.73</ele>
				<time>2026-05-28T19:33:03.260Z</time>
			</trkpt>
			<trkpt lat="44.53698" lon="2.55982">
				<ele>354.7</ele>
				<time>2026-05-28T19:33:10.571Z</time>
			</trkpt>
			<trkpt lat="44.53737" lon="2.56064">
				<ele>350.94</ele>
				<time>2026-05-28T19:33:16.123Z</time>
			</trkpt>
			<trkpt lat="44.53765" lon="2.56118">
				<ele>344.76</ele>
				<time>2026-05-28T19:33:19.915Z</time>
			</trkpt>
			<trkpt lat="44.5379" lon="2.56176">
				<ele>341.28</ele>
				<time>2026-05-28T19:33:23.791Z</time>
			</trkpt>
			<trkpt lat="44.53814" lon="2.56244">
				<ele>334.6</ele>
				<time>2026-05-28T19:33:28.163Z</time>
			</trkpt>
			<trkpt lat="44.53826" lon="2.56281">
				<ele>329.95</ele>
				<time>2026-05-28T19:33:30.519Z</time>
			</trkpt>
			<trkpt lat="44.53824" lon="2.56301">
				<ele>329.55</ele>
				<time>2026-05-28T19:33:31.694Z</time>
			</trkpt>
			<trkpt lat="44.5382" lon="2.56324">
				<ele>329.11</ele>
				<time>2026-05-28T19:33:33.073Z</time>
			</trkpt>
			<trkpt lat="44.53813" lon="2.56343">
				<ele>328.78</ele>
				<time>2026-05-28T19:33:34.323Z</time>
			</trkpt>
			<trkpt lat="44.5379" lon="2.56372">
				<ele>328.67</ele>
				<time>2026-05-28T19:33:36.866Z</time>
			</trkpt>
			<trkpt lat="44.53767" lon="2.56392">
				<ele>326.02</ele>
				<time>2026-05-28T19:33:39.101Z</time>
			</trkpt>
			<trkpt lat="44.53745" lon="2.56404">
				<ele>322.86</ele>
				<time>2026-05-28T19:33:41.058Z</time>
			</trkpt>
			<trkpt lat="44.53721" lon="2.56397">
				<ele>321.71</ele>
				<time>2026-05-28T19:33:43.097Z</time>
			</trkpt>
			<trkpt lat="44.53699" lon="2.56366">
				<ele>327.26</ele>
				<time>2026-05-28T19:33:45.702Z</time>
			</trkpt>
			<trkpt lat="44.53691" lon="2.56358">
				<ele>330.15</ele>
				<time>2026-05-28T19:33:46.526Z</time>
			</trkpt>
			<trkpt lat="44.53682" lon="2.56354">
				<ele>331.77</ele>
				<time>2026-05-28T19:33:47.318Z</time>
			</trkpt>
			<trkpt lat="44.53676" lon="2.56355">
				<ele>330.73</ele>
				<time>2026-05-28T19:33:47.826Z</time>
			</trkpt>
			<trkpt lat="44.5367" lon="2.5636">
				<ele>328.32</ele>
				<time>2026-05-28T19:33:48.413Z</time>
			</trkpt>
			<trkpt lat="44.53663" lon="2.5637">
				<ele>321.06</ele>
				<time>2026-05-28T19:33:49.254Z</time>
			</trkpt>
			<trkpt lat="44.53662" lon="2.56386">
				<ele>310.92</ele>
				<time>2026-05-28T19:33:50.220Z</time>
			</trkpt>
			<trkpt lat="44.53676" lon="2.56411">
				<ele>309.65</ele>
				<time>2026-05-28T19:33:52.136Z</time>
			</trkpt>
			<trkpt lat="44.53687" lon="2.56437">
				<ele>308.87</ele>
				<time>2026-05-28T19:33:53.965Z</time>
			</trkpt>
			<trkpt lat="44.53692" lon="2.56484">
				<ele>306.93</ele>
				<time>2026-05-28T19:33:56.851Z</time>
			</trkpt>
			<trkpt lat="44.5369" lon="2.56525">
				<ele>308.04</ele>
				<time>2026-05-28T19:33:59.359Z</time>
			</trkpt>
			<trkpt lat="44.53687" lon="2.56533">
				<ele>308.52</ele>
				<time>2026-05-28T19:33:59.912Z</time>
			</trkpt>
			<trkpt lat="44.53698" lon="2.56542">
				<ele>308.1</ele>
				<time>2026-05-28T19:34:01.007Z</time>
			</trkpt>
			<trkpt lat="44.5372" lon="2.56558">
				<ele>306.47</ele>
				<time>2026-05-28T19:34:03.143Z</time>
			</trkpt>
			<trkpt lat="44.53721" lon="2.56565">
				<ele>307.1</ele>
				<time>2026-05-28T19:34:03.583Z</time>
			</trkpt>
			<trkpt lat="44.53726" lon="2.56568">
				<ele>307.88</ele>
				<time>2026-05-28T19:34:04.054Z</time>
			</trkpt>
			<trkpt lat="44.53726" lon="2.56579">
				<ele>309.16</ele>
				<time>2026-05-28T19:34:04.732Z</time>
			</trkpt>
			<trkpt lat="44.53717" lon="2.56633">
				<ele>312.72</ele>
				<time>2026-05-28T19:34:08.167Z</time>
			</trkpt>
			<trkpt lat="44.53721" lon="2.5669">
				<ele>315.82</ele>
				<time>2026-05-28T19:34:11.737Z</time>
			</trkpt>
			<trkpt lat="44.53719" lon="2.56734">
				<ele>319.41</ele>
				<time>2026-05-28T19:34:14.500Z</time>
			</trkpt>
			<trkpt lat="44.53723" lon="2.56753">
				<ele>320.6</ele>
				<time>2026-05-28T19:34:15.746Z</time>
			</trkpt>
			<trkpt lat="44.53738" lon="2.56804">
				<ele>324.65</ele>
				<time>2026-05-28T19:34:19.230Z</time>
			</trkpt>
			<trkpt lat="44.53739" lon="2.56819">
				<ele>326.04</ele>
				<time>2026-05-28T19:34:20.186Z</time>
			</trkpt>
			<trkpt lat="44.53739" lon="2.56835">
				<ele>328.02</ele>
				<time>2026-05-28T19:34:21.202Z</time>
			</trkpt>
			<trkpt lat="44.53736" lon="2.56859">
				<ele>332.16</ele>
				<time>2026-05-28T19:34:22.753Z</time>
			</trkpt>
			<trkpt lat="44.53737" lon="2.56874">
				<ele>335.14</ele>
				<time>2026-05-28T19:34:23.714Z</time>
			</trkpt>
			<trkpt lat="44.53742" lon="2.56887">
				<ele>335.67</ele>
				<time>2026-05-28T19:34:24.658Z</time>
			</trkpt>
			<trkpt lat="44.5375" lon="2.56896">
				<ele>333.65</ele>
				<time>2026-05-28T19:34:25.579Z</time>
			</trkpt>
			<trkpt lat="44.53789" lon="2.56926">
				<ele>335.13</ele>
				<time>2026-05-28T19:34:29.590Z</time>
			</trkpt>
			<trkpt lat="44.5384" lon="2.56959">
				<ele>334.15</ele>
				<time>2026-05-28T19:34:34.695Z</time>
			</trkpt>
			<trkpt lat="44.53844" lon="2.56964">
				<ele>335.23</ele>
				<time>2026-05-28T19:34:35.184Z</time>
			</trkpt>
			<trkpt lat="44.53846" lon="2.56972">
				<ele>335.83</ele>
				<time>2026-05-28T19:34:35.737Z</time>
			</trkpt>
			<trkpt lat="44.53852" lon="2.57003">
				<ele>338.29</ele>
				<time>2026-05-28T19:34:37.835Z</time>
			</trkpt>
			<trkpt lat="44.53854" lon="2.57021">
				<ele>338.59</ele>
				<time>2026-05-28T19:34:39.028Z</time>
			</trkpt>
			<trkpt lat="44.53854" lon="2.57058">
				<ele>337.84</ele>
				<time>2026-05-28T19:34:41.996Z</time>
			</trkpt>
			<trkpt lat="44.53843" lon="2.57104">
				<ele>334.14</ele>
				<time>2026-05-28T19:34:45.270Z</time>
			</trkpt>
			<trkpt lat="44.53842" lon="2.57132">
				<ele>334.79</ele>
				<time>2026-05-28T19:34:46.992Z</time>
			</trkpt>
			<trkpt lat="44.53846" lon="2.57162">
				<ele>337.14</ele>
				<time>2026-05-28T19:34:48.857Z</time>
			</trkpt>
			<trkpt lat="44.53856" lon="2.57209">
				<ele>339.64</ele>
				<time>2026-05-28T19:34:51.832Z</time>
			</trkpt>
			<trkpt lat="44.53891" lon="2.57291">
				<ele>344.76</ele>
				<time>2026-05-28T19:34:57.554Z</time>
			</trkpt>
			<trkpt lat="44.53904" lon="2.57338">
				<ele>350.22</ele>
				<time>2026-05-28T19:35:00.533Z</time>
			</trkpt>
			<trkpt lat="44.53907" lon="2.5736">
				<ele>353.17</ele>
				<time>2026-05-28T19:35:01.848Z</time>
			</trkpt>
			<trkpt lat="44.53909" lon="2.57388">
				<ele>354.33</ele>
				<time>2026-05-28T19:35:03.493Z</time>
			</trkpt>
			<trkpt lat="44.53907" lon="2.57492">
				<ele>351.58</ele>
				<time>2026-05-28T19:35:09.501Z</time>
			</trkpt>
			<trkpt lat="44.53908" lon="2.57536">
				<ele>354.14</ele>
				<time>2026-05-28T19:35:12.010Z</time>
			</trkpt>
			<trkpt lat="44.53917" lon="2.57562">
				<ele>354.13</ele>
				<time>2026-05-28T19:35:13.646Z</time>
			</trkpt>
			<trkpt lat="44.53945" lon="2.57596">
				<ele>354.86</ele>
				<time>2026-05-28T19:35:16.567Z</time>
			</trkpt>
			<trkpt lat="44.53954" lon="2.57612">
				<ele>355.88</ele>
				<time>2026-05-28T19:35:17.706Z</time>
			</trkpt>
			<trkpt lat="44.53958" lon="2.57628">
				<ele>356.6</ele>
				<time>2026-05-28T19:35:18.650Z</time>
			</trkpt>
			<trkpt lat="44.5396" lon="2.57676">
				<ele>356.92</ele>
				<time>2026-05-28T19:35:21.312Z</time>
			</trkpt>
			<trkpt lat="44.53967" lon="2.5773">
				<ele>358.64</ele>
				<time>2026-05-28T19:35:24.323Z</time>
			</trkpt>
			<trkpt lat="44.53971" lon="2.5775">
				<ele>358.81</ele>
				<time>2026-05-28T19:35:25.455Z</time>
			</trkpt>
			<trkpt lat="44.53982" lon="2.57768">
				<ele>361.48</ele>
				<time>2026-05-28T19:35:26.742Z</time>
			</trkpt>
			<trkpt lat="44.53997" lon="2.57785">
				<ele>366.9</ele>
				<time>2026-05-28T19:35:28.205Z</time>
			</trkpt>
			<trkpt lat="44.54002" lon="2.57797">
				<ele>370.15</ele>
				<time>2026-05-28T19:35:28.953Z</time>
			</trkpt>
			<trkpt lat="44.54005" lon="2.57821">
				<ele>374.53</ele>
				<time>2026-05-28T19:35:30.262Z</time>
			</trkpt>
			<trkpt lat="44.53999" lon="2.57881">
				<ele>371.23</ele>
				<time>2026-05-28T19:35:33.491Z</time>
			</trkpt>
			<trkpt lat="44.53997" lon="2.5793">
				<ele>370.34</ele>
				<time>2026-05-28T19:35:36.082Z</time>
			</trkpt>
			<trkpt lat="44.5401" lon="2.58016">
				<ele>373.25</ele>
				<time>2026-05-28T19:35:40.670Z</time>
			</trkpt>
			<trkpt lat="44.54017" lon="2.58044">
				<ele>374.97</ele>
				<time>2026-05-28T19:35:42.203Z</time>
			</trkpt>
			<trkpt lat="44.54024" lon="2.58053">
				<ele>375.79</ele>
				<time>2026-05-28T19:35:42.889Z</time>
			</trkpt>
			<trkpt lat="44.54035" lon="2.58062">
				<ele>377.11</ele>
				<time>2026-05-28T19:35:43.806Z</time>
			</trkpt>
			<trkpt lat="44.5408" lon="2.58081">
				<ele>382.41</ele>
				<time>2026-05-28T19:35:47.168Z</time>
			</trkpt>
			<trkpt lat="44.54085" lon="2.58088">
				<ele>383.26</ele>
				<time>2026-05-28T19:35:47.670Z</time>
			</trkpt>
			<trkpt lat="44.54089" lon="2.58101">
				<ele>382.98</ele>
				<time>2026-05-28T19:35:48.386Z</time>
			</trkpt>
			<trkpt lat="44.54093" lon="2.58147">
				<ele>381.34</ele>
				<time>2026-05-28T19:35:50.718Z</time>
			</trkpt>
			<trkpt lat="44.54096" lon="2.58161">
				<ele>381.55</ele>
				<time>2026-05-28T19:35:51.450Z</time>
			</trkpt>
			<trkpt lat="44.54105" lon="2.58186">
				<ele>382.41</ele>
				<time>2026-05-28T19:35:52.847Z</time>
			</trkpt>
			<trkpt lat="44.54141" lon="2.58258">
				<ele>388.82</ele>
				<time>2026-05-28T19:35:57.194Z</time>
			</trkpt>
			<trkpt lat="44.54157" lon="2.58283">
				<ele>393.85</ele>
				<time>2026-05-28T19:35:58.838Z</time>
			</trkpt>
			<trkpt lat="44.54166" lon="2.58302">
				<ele>396.08</ele>
				<time>2026-05-28T19:35:59.950Z</time>
			</trkpt>
			<trkpt lat="44.54171" lon="2.58316">
				<ele>396.19</ele>
				<time>2026-05-28T19:36:00.710Z</time>
			</trkpt>
			<trkpt lat="44.54173" lon="2.58331">
				<ele>395.87</ele>
				<time>2026-05-28T19:36:01.449Z</time>
			</trkpt>
			<trkpt lat="44.54175" lon="2.58363">
				<ele>395.1</ele>
				<time>2026-05-28T19:36:03.000Z</time>
			</trkpt>
			<trkpt lat="44.54172" lon="2.58395">
				<ele>393.2</ele>
				<time>2026-05-28T19:36:04.550Z</time>
			</trkpt>
			<trkpt lat="44.54173" lon="2.5841">
				<ele>392.76</ele>
				<time>2026-05-28T19:36:05.271Z</time>
			</trkpt>
			<trkpt lat="44.54196" lon="2.58452">
				<ele>395.97</ele>
				<time>2026-05-28T19:36:07.791Z</time>
			</trkpt>
			<trkpt lat="44.542" lon="2.58465">
				<ele>395.89</ele>
				<time>2026-05-28T19:36:08.462Z</time>
			</trkpt>
			<trkpt lat="44.54202" lon="2.5851">
				<ele>394.84</ele>
				<time>2026-05-28T19:36:10.587Z</time>
			</trkpt>
			<trkpt lat="44.54211" lon="2.58534">
				<ele>396.59</ele>
				<time>2026-05-28T19:36:11.858Z</time>
			</trkpt>
			<trkpt lat="44.54229" lon="2.58561">
				<ele>399.45</ele>
				<time>2026-05-28T19:36:13.582Z</time>
			</trkpt>
			<trkpt lat="44.5424" lon="2.58569">
				<ele>400.48</ele>
				<time>2026-05-28T19:36:14.389Z</time>
			</trkpt>
			<trkpt lat="44.54253" lon="2.58569">
				<ele>402.8</ele>
				<time>2026-05-28T19:36:15.234Z</time>
			</trkpt>
			<trkpt lat="44.54275" lon="2.58557">
				<ele>410.17</ele>
				<time>2026-05-28T19:36:16.762Z</time>
			</trkpt>
			<trkpt lat="44.54287" lon="2.58554">
				<ele>411.94</ele>
				<time>2026-05-28T19:36:17.549Z</time>
			</trkpt>
			<trkpt lat="44.54306" lon="2.58558">
				<ele>412.8</ele>
				<time>2026-05-28T19:36:18.784Z</time>
			</trkpt>
			<trkpt lat="44.54343" lon="2.58582">
				<ele>416.01</ele>
				<time>2026-05-28T19:36:21.388Z</time>
			</trkpt>
			<trkpt lat="44.54356" lon="2.58585">
				<ele>418.17</ele>
				<time>2026-05-28T19:36:22.225Z</time>
			</trkpt>
			<trkpt lat="44.54372" lon="2.58582">
				<ele>419.66</ele>
				<time>2026-05-28T19:36:23.248Z</time>
			</trkpt>
			<trkpt lat="44.54399" lon="2.58572">
				<ele>421.23</ele>
				<time>2026-05-28T19:36:25.009Z</time>
			</trkpt>
			<trkpt lat="44.54422" lon="2.58557">
				<ele>420.35</ele>
				<time>2026-05-28T19:36:26.600Z</time>
			</trkpt>
			<trkpt lat="44.545" lon="2.58486">
				<ele>436.62</ele>
				<time>2026-05-28T19:36:32.366Z</time>
			</trkpt>
			<trkpt lat="44.54511" lon="2.5848">
				<ele>436.94</ele>
				<time>2026-05-28T19:36:33.090Z</time>
			</trkpt>
			<trkpt lat="44.54525" lon="2.58478">
				<ele>435.44</ele>
				<time>2026-05-28T19:36:33.952Z</time>
			</trkpt>
			<trkpt lat="44.54536" lon="2.58479">
				<ele>432.65</ele>
				<time>2026-05-28T19:36:34.625Z</time>
			</trkpt>
			<trkpt lat="44.5457" lon="2.58499">
				<ele>425.75</ele>
				<time>2026-05-28T19:36:36.867Z</time>
			</trkpt>
			<trkpt lat="44.54588" lon="2.58506">
				<ele>427.58</ele>
				<time>2026-05-28T19:36:37.997Z</time>
			</trkpt>
			<trkpt lat="44.54612" lon="2.58503">
				<ele>434.41</ele>
				<time>2026-05-28T19:36:39.449Z</time>
			</trkpt>
			<trkpt lat="44.54636" lon="2.58505">
				<ele>436.06</ele>
				<time>2026-05-28T19:36:40.892Z</time>
			</trkpt>
			<trkpt lat="44.54651" lon="2.5851">
				<ele>434.83</ele>
				<time>2026-05-28T19:36:41.814Z</time>
			</trkpt>
			<trkpt lat="44.54701" lon="2.58541">
				<ele>432.72</ele>
				<time>2026-05-28T19:36:45.061Z</time>
			</trkpt>
			<trkpt lat="44.54719" lon="2.58541">
				<ele>434.75</ele>
				<time>2026-05-28T19:36:46.124Z</time>
			</trkpt>
			<trkpt lat="44.54763" lon="2.58534">
				<ele>438.8</ele>
				<time>2026-05-28T19:36:48.724Z</time>
			</trkpt>
			<trkpt lat="44.54782" lon="2.58525">
				<ele>439.6</ele>
				<time>2026-05-28T19:36:49.896Z</time>
			</trkpt>
			<trkpt lat="44.548" lon="2.58512">
				<ele>442.3</ele>
				<time>2026-05-28T19:36:51.074Z</time>
			</trkpt>
			<trkpt lat="44.54811" lon="2.58512">
				<ele>442.8</ele>
				<time>2026-05-28T19:36:51.713Z</time>
			</trkpt>
			<trkpt lat="44.54823" lon="2.58517">
				<ele>442.58</ele>
				<time>2026-05-28T19:36:52.438Z</time>
			</trkpt>
			<trkpt lat="44.5485" lon="2.58532">
				<ele>444.13</ele>
				<time>2026-05-28T19:36:54.115Z</time>
			</trkpt>
			<trkpt lat="44.54892" lon="2.5854">
				<ele>453.13</ele>
				<time>2026-05-28T19:36:56.549Z</time>
			</trkpt>
			<trkpt lat="44.54902" lon="2.58547">
				<ele>452.35</ele>
				<time>2026-05-28T19:36:57.188Z</time>
			</trkpt>
			<trkpt lat="44.54904" lon="2.58551">
				<ele>450.87</ele>
				<time>2026-05-28T19:36:57.387Z</time>
			</trkpt>
			<trkpt lat="44.54911" lon="2.58572">
				<ele>448.34</ele>
				<time>2026-05-28T19:36:58.329Z</time>
			</trkpt>
			<trkpt lat="44.54911" lon="2.58588">
				<ele>447.79</ele>
				<time>2026-05-28T19:36:58.978Z</time>
			</trkpt>
			<trkpt lat="44.54905" lon="2.58602">
				<ele>448.67</ele>
				<time>2026-05-28T19:36:59.639Z</time>
			</trkpt>
			<trkpt lat="44.54889" lon="2.58617">
				<ele>451.25</ele>
				<time>2026-05-28T19:37:00.730Z</time>
			</trkpt>
			<trkpt lat="44.54877" lon="2.58623">
				<ele>453.76</ele>
				<time>2026-05-28T19:37:01.450Z</time>
			</trkpt>
			<trkpt lat="44.54861" lon="2.58627">
				<ele>456.13</ele>
				<time>2026-05-28T19:37:02.367Z</time>
			</trkpt>
			<trkpt lat="44.54849" lon="2.58626">
				<ele>455.36</ele>
				<time>2026-05-28T19:37:03.044Z</time>
			</trkpt>
			<trkpt lat="44.54809" lon="2.58598">
				<ele>448.04</ele>
				<time>2026-05-28T19:37:05.551Z</time>
			</trkpt>
			<trkpt lat="44.54802" lon="2.58597">
				<ele>448.5</ele>
				<time>2026-05-28T19:37:05.944Z</time>
			</trkpt>
			<trkpt lat="44.54766" lon="2.58608">
				<ele>452.63</ele>
				<time>2026-05-28T19:37:07.996Z</time>
			</trkpt>
			<trkpt lat="44.54756" lon="2.58613">
				<ele>452.56</ele>
				<time>2026-05-28T19:37:08.586Z</time>
			</trkpt>
			<trkpt lat="44.54698" lon="2.58655">
				<ele>461.02</ele>
				<time>2026-05-28T19:37:12.192Z</time>
			</trkpt>
			<trkpt lat="44.54662" lon="2.58674">
				<ele>462.36</ele>
				<time>2026-05-28T19:37:14.303Z</time>
			</trkpt>
			<trkpt lat="44.54623" lon="2.58703">
				<ele>468.04</ele>
				<time>2026-05-28T19:37:16.713Z</time>
			</trkpt>
			<trkpt lat="44.54615" lon="2.58704">
				<ele>467.1</ele>
				<time>2026-05-28T19:37:17.150Z</time>
			</trkpt>
			<trkpt lat="44.5456" lon="2.587">
				<ele>465.56</ele>
				<time>2026-05-28T19:37:20.138Z</time>
			</trkpt>
			<trkpt lat="44.54549" lon="2.58703">
				<ele>465.79</ele>
				<time>2026-05-28T19:37:20.743Z</time>
			</trkpt>
			<trkpt lat="44.54517" lon="2.58726">
				<ele>464.79</ele>
				<time>2026-05-28T19:37:22.682Z</time>
			</trkpt>
			<trkpt lat="44.54511" lon="2.58738">
				<ele>465.89</ele>
				<time>2026-05-28T19:37:23.243Z</time>
			</trkpt>
			<trkpt lat="44.54492" lon="2.58814">
				<ele>472.7</ele>
				<time>2026-05-28T19:37:26.319Z</time>
			</trkpt>
			<trkpt lat="44.54486" lon="2.58871">
				<ele>477.79</ele>
				<time>2026-05-28T19:37:28.510Z</time>
			</trkpt>
			<trkpt lat="44.54481" lon="2.58891">
				<ele>478.04</ele>
				<time>2026-05-28T19:37:29.313Z</time>
			</trkpt>
			<trkpt lat="44.54462" lon="2.58937">
				<ele>478.26</ele>
				<time>2026-05-28T19:37:31.324Z</time>
			</trkpt>
			<trkpt lat="44.54458" lon="2.58959">
				<ele>479.06</ele>
				<time>2026-05-28T19:37:32.181Z</time>
			</trkpt>
			<trkpt lat="44.54448" lon="2.59045">
				<ele>486.54</ele>
				<time>2026-05-28T19:37:35.459Z</time>
			</trkpt>
			<trkpt lat="44.54445" lon="2.59095">
				<ele>490.19</ele>
				<time>2026-05-28T19:37:37.340Z</time>
			</trkpt>
			<trkpt lat="44.54439" lon="2.59144">
				<ele>487.63</ele>
				<time>2026-05-28T19:37:39.199Z</time>
			</trkpt>
			<trkpt lat="44.5444" lon="2.59171">
				<ele>489.54</ele>
				<time>2026-05-28T19:37:40.208Z</time>
			</trkpt>
			<trkpt lat="44.54457" lon="2.59234">
				<ele>497.29</ele>
				<time>2026-05-28T19:37:42.716Z</time>
			</trkpt>
			<trkpt lat="44.54466" lon="2.5929">
				<ele>496.31</ele>
				<time>2026-05-28T19:37:44.849Z</time>
			</trkpt>
			<trkpt lat="44.54475" lon="2.59361">
				<ele>500.07</ele>
				<time>2026-05-28T19:37:47.521Z</time>
			</trkpt>
			<trkpt lat="44.54473" lon="2.59375">
				<ele>500.01</ele>
				<time>2026-05-28T19:37:48.050Z</time>
			</trkpt>
			<trkpt lat="44.54463" lon="2.59411">
				<ele>499.88</ele>
				<time>2026-05-28T19:37:49.479Z</time>
			</trkpt>
			<trkpt lat="44.54464" lon="2.59435">
				<ele>502.01</ele>
				<time>2026-05-28T19:37:50.367Z</time>
			</trkpt>
			<trkpt lat="44.54468" lon="2.59455">
				<ele>503.4</ele>
				<time>2026-05-28T19:37:51.134Z</time>
			</trkpt>
			<trkpt lat="44.54486" lon="2.59512">
				<ele>505.81</ele>
				<time>2026-05-28T19:37:53.433Z</time>
			</trkpt>
			<trkpt lat="44.54493" lon="2.59553">
				<ele>507.22</ele>
				<time>2026-05-28T19:37:54.986Z</time>
			</trkpt>
			<trkpt lat="44.54502" lon="2.59625">
				<ele>511.07</ele>
				<time>2026-05-28T19:37:57.677Z</time>
			</trkpt>
			<trkpt lat="44.54512" lon="2.59667">
				<ele>514.13</ele>
				<time>2026-05-28T19:37:59.306Z</time>
			</trkpt>
			<trkpt lat="44.5452" lon="2.59692">
				<ele>517.97</ele>
				<time>2026-05-28T19:38:00.313Z</time>
			</trkpt>
			<trkpt lat="44.54531" lon="2.59705">
				<ele>521.8</ele>
				<time>2026-05-28T19:38:01.055Z</time>
			</trkpt>
			<trkpt lat="44.54535" lon="2.59717">
				<ele>523.1</ele>
				<time>2026-05-28T19:38:01.542Z</time>
			</trkpt>
			<trkpt lat="44.54535" lon="2.59734">
				<ele>523.82</ele>
				<time>2026-05-28T19:38:02.166Z</time>
			</trkpt>
			<trkpt lat="44.54533" lon="2.59745">
				<ele>523.72</ele>
				<time>2026-05-28T19:38:02.583Z</time>
			</trkpt>
			<trkpt lat="44.54527" lon="2.59757">
				<ele>523.19</ele>
				<time>2026-05-28T19:38:03.122Z</time>
			</trkpt>
			<trkpt lat="44.54518" lon="2.59767">
				<ele>522.49</ele>
				<time>2026-05-28T19:38:03.714Z</time>
			</trkpt>
			<trkpt lat="44.54498" lon="2.59783">
				<ele>521.48</ele>
				<time>2026-05-28T19:38:04.901Z</time>
			</trkpt>
			<trkpt lat="44.54491" lon="2.59798">
				<ele>522.33</ele>
				<time>2026-05-28T19:38:05.559Z</time>
			</trkpt>
			<trkpt lat="44.5448" lon="2.59831">
				<ele>524.13</ele>
				<time>2026-05-28T19:38:06.898Z</time>
			</trkpt>
			<trkpt lat="44.54462" lon="2.59918">
				<ele>532.85</ele>
				<time>2026-05-28T19:38:10.228Z</time>
			</trkpt>
			<trkpt lat="44.54454" lon="2.59932">
				<ele>533.93</ele>
				<time>2026-05-28T19:38:10.888Z</time>
			</trkpt>
			<trkpt lat="44.54451" lon="2.59935">
				<ele>534.04</ele>
				<time>2026-05-28T19:38:11.078Z</time>
			</trkpt>
			<trkpt lat="44.54444" lon="2.59938">
				<ele>533.98</ele>
				<time>2026-05-28T19:38:11.456Z</time>
			</trkpt>
			<trkpt lat="44.5444" lon="2.59936">
				<ele>534.26</ele>
				<time>2026-05-28T19:38:11.675Z</time>
			</trkpt>
			<trkpt lat="44.54438" lon="2.59931">
				<ele>533.97</ele>
				<time>2026-05-28T19:38:11.886Z</time>
			</trkpt>
			<trkpt lat="44.54434" lon="2.59854">
				<ele>532.02</ele>
				<time>2026-05-28T19:38:14.728Z</time>
			</trkpt>
			<trkpt lat="44.5443" lon="2.59836">
				<ele>534.55</ele>
				<time>2026-05-28T19:38:15.422Z</time>
			</trkpt>
			<trkpt lat="44.54424" lon="2.59823">
				<ele>537.23</ele>
				<time>2026-05-28T19:38:15.993Z</time>
			</trkpt>
			<trkpt lat="44.54419" lon="2.59803">
				<ele>539.76</ele>
				<time>2026-05-28T19:38:16.775Z</time>
			</trkpt>
			<trkpt lat="44.5442" lon="2.5978">
				<ele>540.23</ele>
				<time>2026-05-28T19:38:17.625Z</time>
			</trkpt>
			<trkpt lat="44.54426" lon="2.59757">
				<ele>536.39</ele>
				<time>2026-05-28T19:38:18.529Z</time>
			</trkpt>
			<trkpt lat="44.54427" lon="2.59733">
				<ele>534.03</ele>
				<time>2026-05-28T19:38:19.416Z</time>
			</trkpt>
			<trkpt lat="44.54424" lon="2.5972">
				<ele>533.01</ele>
				<time>2026-05-28T19:38:19.921Z</time>
			</trkpt>
			<trkpt lat="44.54419" lon="2.5971">
				<ele>532.28</ele>
				<time>2026-05-28T19:38:20.373Z</time>
			</trkpt>
			<trkpt lat="44.54408" lon="2.59697">
				<ele>532.46</ele>
				<time>2026-05-28T19:38:21.119Z</time>
			</trkpt>
			<trkpt lat="44.54385" lon="2.59689">
				<ele>535.81</ele>
				<time>2026-05-28T19:38:22.350Z</time>
			</trkpt>
			<trkpt lat="44.54354" lon="2.59664">
				<ele>541.85</ele>
				<time>2026-05-28T19:38:24.209Z</time>
			</trkpt>
			<trkpt lat="44.54346" lon="2.59655">
				<ele>543.59</ele>
				<time>2026-05-28T19:38:24.743Z</time>
			</trkpt>
			<trkpt lat="44.54342" lon="2.59643">
				<ele>544.39</ele>
				<time>2026-05-28T19:38:25.235Z</time>
			</trkpt>
			<trkpt lat="44.5434" lon="2.59629">
				<ele>544.16</ele>
				<time>2026-05-28T19:38:25.765Z</time>
			</trkpt>
			<trkpt lat="44.5435" lon="2.59585">
				<ele>535.86</ele>
				<time>2026-05-28T19:38:27.483Z</time>
			</trkpt>
			<trkpt lat="44.5435" lon="2.5957">
				<ele>533.51</ele>
				<time>2026-05-28T19:38:28.042Z</time>
			</trkpt>
			<trkpt lat="44.54347" lon="2.59561">
				<ele>533.41</ele>
				<time>2026-05-28T19:38:28.412Z</time>
			</trkpt>
			<trkpt lat="44.54341" lon="2.59554">
				<ele>534.51</ele>
				<time>2026-05-28T19:38:28.820Z</time>
			</trkpt>
			<trkpt lat="44.54331" lon="2.59548">
				<ele>537.17</ele>
				<time>2026-05-28T19:38:29.389Z</time>
			</trkpt>
			<trkpt lat="44.54318" lon="2.59547">
				<ele>538.66</ele>
				<time>2026-05-28T19:38:30.071Z</time>
			</trkpt>
			<trkpt lat="44.54301" lon="2.59551">
				<ele>540.64</ele>
				<time>2026-05-28T19:38:30.974Z</time>
			</trkpt>
			<trkpt lat="44.54292" lon="2.5956">
				<ele>540.86</ele>
				<time>2026-05-28T19:38:31.554Z</time>
			</trkpt>
			<trkpt lat="44.54286" lon="2.59572">
				<ele>541.75</ele>
				<time>2026-05-28T19:38:32.103Z</time>
			</trkpt>
			<trkpt lat="44.5427" lon="2.59668">
				<ele>549.54</ele>
				<time>2026-05-28T19:38:35.804Z</time>
			</trkpt>
			<trkpt lat="44.54265" lon="2.59676">
				<ele>550.63</ele>
				<time>2026-05-28T19:38:36.204Z</time>
			</trkpt>
			<trkpt lat="44.54179" lon="2.59735">
				<ele>552.03</ele>
				<time>2026-05-28T19:38:41.283Z</time>
			</trkpt>
			<trkpt lat="44.54152" lon="2.59756">
				<ele>551.94</ele>
				<time>2026-05-28T19:38:42.930Z</time>
			</trkpt>
			<trkpt lat="44.54147" lon="2.59766">
				<ele>552.46</ele>
				<time>2026-05-28T19:38:43.395Z</time>
			</trkpt>
			<trkpt lat="44.54143" lon="2.59777">
				<ele>553.15</ele>
				<time>2026-05-28T19:38:43.866Z</time>
			</trkpt>
			<trkpt lat="44.5414" lon="2.59795">
				<ele>553.01</ele>
				<time>2026-05-28T19:38:44.572Z</time>
			</trkpt>
			<trkpt lat="44.5414" lon="2.59862">
				<ele>549.96</ele>
				<time>2026-05-28T19:38:47.137Z</time>
			</trkpt>
			<trkpt lat="44.54142" lon="2.59927">
				<ele>549.28</ele>
				<time>2026-05-28T19:38:49.641Z</time>
			</trkpt>
			<trkpt lat="44.54141" lon="2.59959">
				<ele>549.12</ele>
				<time>2026-05-28T19:38:50.878Z</time>
			</trkpt>
			<trkpt lat="44.54133" lon="2.59993">
				<ele>549.39</ele>
				<time>2026-05-28T19:38:52.265Z</time>
			</trkpt>
			<trkpt lat="44.54124" lon="2.60023">
				<ele>550.21</ele>
				<time>2026-05-28T19:38:53.530Z</time>
			</trkpt>
			<trkpt lat="44.54112" lon="2.60051">
				<ele>552.65</ele>
				<time>2026-05-28T19:38:54.802Z</time>
			</trkpt>
			<trkpt lat="44.54055" lon="2.60149">
				<ele>558.77</ele>
				<time>2026-05-28T19:38:59.764Z</time>
			</trkpt>
			<trkpt lat="44.5405" lon="2.60165">
				<ele>559.89</ele>
				<time>2026-05-28T19:39:00.454Z</time>
			</trkpt>
			<trkpt lat="44.54049" lon="2.60183">
				<ele>560.75</ele>
				<time>2026-05-28T19:39:01.168Z</time>
			</trkpt>
			<trkpt lat="44.54052" lon="2.60199">
				<ele>560.95</ele>
				<time>2026-05-28T19:39:01.824Z</time>
			</trkpt>
			<trkpt lat="44.54064" lon="2.60228">
				<ele>559.4</ele>
				<time>2026-05-28T19:39:03.156Z</time>
			</trkpt>
			<trkpt lat="44.54013" lon="2.60277">
				<ele>562.05</ele>
				<time>2026-05-28T19:39:06.621Z</time>
			</trkpt>
			<trkpt lat="44.53992" lon="2.60311">
				<ele>562.22</ele>
				<time>2026-05-28T19:39:08.431Z</time>
			</trkpt>
			<trkpt lat="44.53984" lon="2.60339">
				<ele>562.21</ele>
				<time>2026-05-28T19:39:09.649Z</time>
			</trkpt>
			<trkpt lat="44.53977" lon="2.60392">
				<ele>562.92</ele>
				<time>2026-05-28T19:39:11.836Z</time>
			</trkpt>
			<trkpt lat="44.53977" lon="2.60432">
				<ele>562.9</ele>
				<time>2026-05-28T19:39:13.467Z</time>
			</trkpt>
			<trkpt lat="44.53991" lon="2.60528">
				<ele>562.67</ele>
				<time>2026-05-28T19:39:17.494Z</time>
			</trkpt>
			<trkpt lat="44.53993" lon="2.60549">
				<ele>562.55</ele>
				<time>2026-05-28T19:39:18.371Z</time>
			</trkpt>
			<trkpt lat="44.53993" lon="2.6057">
				<ele>561.84</ele>
				<time>2026-05-28T19:39:19.242Z</time>
			</trkpt>
			<trkpt lat="44.53979" lon="2.60691">
				<ele>564.24</ele>
				<time>2026-05-28T19:39:24.371Z</time>
			</trkpt>
			<trkpt lat="44.53966" lon="2.60772">
				<ele>561.73</ele>
				<time>2026-05-28T19:39:27.890Z</time>
			</trkpt>
			<trkpt lat="44.53958" lon="2.60805">
				<ele>561</ele>
				<time>2026-05-28T19:39:29.378Z</time>
			</trkpt>
			<trkpt lat="44.53953" lon="2.6082">
				<ele>561.35</ele>
				<time>2026-05-28T19:39:30.087Z</time>
			</trkpt>
			<trkpt lat="44.53948" lon="2.60833">
				<ele>561.85</ele>
				<time>2026-05-28T19:39:30.720Z</time>
			</trkpt>
			<trkpt lat="44.53938" lon="2.60851">
				<ele>562.3</ele>
				<time>2026-05-28T19:39:31.695Z</time>
			</trkpt>
			<trkpt lat="44.53917" lon="2.60874">
				<ele>563.92</ele>
				<time>2026-05-28T19:39:33.285Z</time>
			</trkpt>
			<trkpt lat="44.53907" lon="2.60882">
				<ele>564</ele>
				<time>2026-05-28T19:39:33.970Z</time>
			</trkpt>
			<trkpt lat="44.53832" lon="2.60918">
				<ele>570.02</ele>
				<time>2026-05-28T19:39:38.642Z</time>
			</trkpt>
			<trkpt lat="44.53801" lon="2.60936">
				<ele>572.01</ele>
				<time>2026-05-28T19:39:40.599Z</time>
			</trkpt>
			<trkpt lat="44.53729" lon="2.60985">
				<ele>573.73</ele>
				<time>2026-05-28T19:39:45.215Z</time>
			</trkpt>
			<trkpt lat="44.53696" lon="2.6101">
				<ele>572.33</ele>
				<time>2026-05-28T19:39:47.354Z</time>
			</trkpt>
			<trkpt lat="44.53678" lon="2.61028">
				<ele>571.13</ele>
				<time>2026-05-28T19:39:48.608Z</time>
			</trkpt>
			<trkpt lat="44.53562" lon="2.61173">
				<ele>565.93</ele>
				<time>2026-05-28T19:39:57.275Z</time>
			</trkpt>
			<trkpt lat="44.53542" lon="2.61192">
				<ele>565.96</ele>
				<time>2026-05-28T19:39:58.600Z</time>
			</trkpt>
			<trkpt lat="44.53516" lon="2.6121">
				<ele>565.41</ele>
				<time>2026-05-28T19:40:00.182Z</time>
			</trkpt>
			<trkpt lat="44.53482" lon="2.61228">
				<ele>564.49</ele>
				<time>2026-05-28T19:40:02.154Z</time>
			</trkpt>
			<trkpt lat="44.53452" lon="2.61248">
				<ele>564.98</ele>
				<time>2026-05-28T19:40:03.944Z</time>
			</trkpt>
			<trkpt lat="44.53437" lon="2.6126">
				<ele>565.08</ele>
				<time>2026-05-28T19:40:04.870Z</time>
			</trkpt>
			<trkpt lat="44.53414" lon="2.61285">
				<ele>565.72</ele>
				<time>2026-05-28T19:40:06.425Z</time>
			</trkpt>
			<trkpt lat="44.534" lon="2.61305">
				<ele>564.97</ele>
				<time>2026-05-28T19:40:07.487Z</time>
			</trkpt>
			<trkpt lat="44.53388" lon="2.61324">
				<ele>562.94</ele>
				<time>2026-05-28T19:40:08.446Z</time>
			</trkpt>
			<trkpt lat="44.53369" lon="2.61361">
				<ele>559.65</ele>
				<time>2026-05-28T19:40:10.161Z</time>
			</trkpt>
			<trkpt lat="44.5326" lon="2.61591">
				<ele>552.49</ele>
				<time>2026-05-28T19:40:20.335Z</time>
			</trkpt>
			<trkpt lat="44.53132" lon="2.61821">
				<ele>545.43</ele>
				<time>2026-05-28T19:40:30.704Z</time>
			</trkpt>
			<trkpt lat="44.53099" lon="2.61867">
				<ele>543.58</ele>
				<time>2026-05-28T19:40:32.973Z</time>
			</trkpt>
			<trkpt lat="44.5307" lon="2.61899">
				<ele>542.89</ele>
				<time>2026-05-28T19:40:34.759Z</time>
			</trkpt>
			<trkpt lat="44.53042" lon="2.61922">
				<ele>544.19</ele>
				<time>2026-05-28T19:40:36.321Z</time>
			</trkpt>
			<trkpt lat="44.53015" lon="2.6194">
				<ele>546.3</ele>
				<time>2026-05-28T19:40:37.753Z</time>
			</trkpt>
			<trkpt lat="44.52977" lon="2.61958">
				<ele>546.17</ele>
				<time>2026-05-28T19:40:39.662Z</time>
			</trkpt>
			<trkpt lat="44.5295" lon="2.61966">
				<ele>546.63</ele>
				<time>2026-05-28T19:40:40.969Z</time>
			</trkpt>
			<trkpt lat="44.52829" lon="2.61984">
				<ele>546.27</ele>
				<time>2026-05-28T19:40:46.659Z</time>
			</trkpt>
			<trkpt lat="44.52689" lon="2.62024">
				<ele>549.35</ele>
				<time>2026-05-28T19:40:53.200Z</time>
			</trkpt>
			<trkpt lat="44.52656" lon="2.62036">
				<ele>550.1</ele>
				<time>2026-05-28T19:40:54.740Z</time>
			</trkpt>
			<trkpt lat="44.52624" lon="2.62053">
				<ele>548.7</ele>
				<time>2026-05-28T19:40:56.277Z</time>
			</trkpt>
			<trkpt lat="44.52542" lon="2.62121">
				<ele>549.76</ele>
				<time>2026-05-28T19:41:00.514Z</time>
			</trkpt>
			<trkpt lat="44.52526" lon="2.62137">
				<ele>552.16</ele>
				<time>2026-05-28T19:41:01.380Z</time>
			</trkpt>
			<trkpt lat="44.52513" lon="2.62152">
				<ele>551.51</ele>
				<time>2026-05-28T19:41:02.121Z</time>
			</trkpt>
			<trkpt lat="44.52461" lon="2.62232">
				<ele>554.38</ele>
				<time>2026-05-28T19:41:05.492Z</time>
			</trkpt>
			<trkpt lat="44.52414" lon="2.62296">
				<ele>550.2</ele>
				<time>2026-05-28T19:41:08.324Z</time>
			</trkpt>
			<trkpt lat="44.52397" lon="2.62327">
				<ele>549.31</ele>
				<time>2026-05-28T19:41:09.522Z</time>
			</trkpt>
			<trkpt lat="44.52373" lon="2.6238">
				<ele>548.45</ele>
				<time>2026-05-28T19:41:11.435Z</time>
			</trkpt>
			<trkpt lat="44.52359" lon="2.62408">
				<ele>547.2</ele>
				<time>2026-05-28T19:41:12.472Z</time>
			</trkpt>
			<trkpt lat="44.52343" lon="2.62434">
				<ele>545.94</ele>
				<time>2026-05-28T19:41:13.511Z</time>
			</trkpt>
			<trkpt lat="44.52315" lon="2.62468">
				<ele>543.71</ele>
				<time>2026-05-28T19:41:15.074Z</time>
			</trkpt>
			<trkpt lat="44.52303" lon="2.62479">
				<ele>542.72</ele>
				<time>2026-05-28T19:41:15.678Z</time>
			</trkpt>
			<trkpt lat="44.52275" lon="2.62499">
				<ele>542.1</ele>
				<time>2026-05-28T19:41:16.996Z</time>
			</trkpt>
			<trkpt lat="44.52241" lon="2.62515">
				<ele>543</ele>
				<time>2026-05-28T19:41:18.494Z</time>
			</trkpt>
			<trkpt lat="44.52206" lon="2.62521">
				<ele>543</ele>
				<time>2026-05-28T19:41:19.960Z</time>
			</trkpt>
			<trkpt lat="44.52167" lon="2.62519">
				<ele>542.33</ele>
				<time>2026-05-28T19:41:21.575Z</time>
			</trkpt>
			<trkpt lat="44.5208" lon="2.62506">
				<ele>543.8</ele>
				<time>2026-05-28T19:41:25.168Z</time>
			</trkpt>
			<trkpt lat="44.52042" lon="2.62508">
				<ele>545.69</ele>
				<time>2026-05-28T19:41:26.718Z</time>
			</trkpt>
			<trkpt lat="44.52006" lon="2.62515">
				<ele>547.94</ele>
				<time>2026-05-28T19:41:28.193Z</time>
			</trkpt>
			<trkpt lat="44.5198" lon="2.62523">
				<ele>548.19</ele>
				<time>2026-05-28T19:41:29.269Z</time>
			</trkpt>
			<trkpt lat="44.51914" lon="2.62554">
				<ele>550.96</ele>
				<time>2026-05-28T19:41:32.068Z</time>
			</trkpt>
			<trkpt lat="44.51876" lon="2.62568">
				<ele>551.25</ele>
				<time>2026-05-28T19:41:33.639Z</time>
			</trkpt>
			<trkpt lat="44.51842" lon="2.62575">
				<ele>552.13</ele>
				<time>2026-05-28T19:41:35.007Z</time>
			</trkpt>
			<trkpt lat="44.51728" lon="2.62585">
				<ele>551.89</ele>
				<time>2026-05-28T19:41:39.520Z</time>
			</trkpt>
			<trkpt lat="44.51682" lon="2.62598">
				<ele>552.23</ele>
				<time>2026-05-28T19:41:41.360Z</time>
			</trkpt>
			<trkpt lat="44.51647" lon="2.62613">
				<ele>552.85</ele>
				<time>2026-05-28T19:41:42.789Z</time>
			</trkpt>
			<trkpt lat="44.51603" lon="2.62639">
				<ele>552.53</ele>
				<time>2026-05-28T19:41:44.646Z</time>
			</trkpt>
			<trkpt lat="44.51574" lon="2.6266">
				<ele>552.53</ele>
				<time>2026-05-28T19:41:45.911Z</time>
			</trkpt>
			<trkpt lat="44.51544" lon="2.62685">
				<ele>550.33</ele>
				<time>2026-05-28T19:41:47.260Z</time>
			</trkpt>
			<trkpt lat="44.51168" lon="2.63022">
				<ele>562.51</ele>
				<time>2026-05-28T19:42:04.197Z</time>
			</trkpt>
			<trkpt lat="44.51156" lon="2.6303">
				<ele>563</ele>
				<time>2026-05-28T19:42:04.694Z</time>
			</trkpt>
			<trkpt lat="44.51132" lon="2.63039">
				<ele>564.68</ele>
				<time>2026-05-28T19:42:05.623Z</time>
			</trkpt>
			<trkpt lat="44.51087" lon="2.63044">
				<ele>566.62</ele>
				<time>2026-05-28T19:42:07.307Z</time>
			</trkpt>
			<trkpt lat="44.51071" lon="2.6305">
				<ele>567.58</ele>
				<time>2026-05-28T19:42:07.924Z</time>
			</trkpt>
			<trkpt lat="44.51062" lon="2.63056">
				<ele>568.14</ele>
				<time>2026-05-28T19:42:08.295Z</time>
			</trkpt>
			<trkpt lat="44.51053" lon="2.63066">
				<ele>568.36</ele>
				<time>2026-05-28T19:42:08.722Z</time>
			</trkpt>
			<trkpt lat="44.51022" lon="2.63114">
				<ele>568.01</ele>
				<time>2026-05-28T19:42:10.439Z</time>
			</trkpt>
			<trkpt lat="44.51007" lon="2.6313">
				<ele>567.36</ele>
				<time>2026-05-28T19:42:11.138Z</time>
			</trkpt>
			<trkpt lat="44.50978" lon="2.63152">
				<ele>565.59</ele>
				<time>2026-05-28T19:42:12.361Z</time>
			</trkpt>
			<trkpt lat="44.50955" lon="2.63176">
				<ele>561.64</ele>
				<time>2026-05-28T19:42:13.423Z</time>
			</trkpt>
			<trkpt lat="44.50874" lon="2.63253">
				<ele>560.98</ele>
				<time>2026-05-28T19:42:17.040Z</time>
			</trkpt>
			<trkpt lat="44.50833" lon="2.63283">
				<ele>560.8</ele>
				<time>2026-05-28T19:42:18.747Z</time>
			</trkpt>
			<trkpt lat="44.50824" lon="2.63294">
				<ele>561.04</ele>
				<time>2026-05-28T19:42:19.187Z</time>
			</trkpt>
			<trkpt lat="44.50819" lon="2.63303">
				<ele>561.05</ele>
				<time>2026-05-28T19:42:19.487Z</time>
			</trkpt>
			<trkpt lat="44.50814" lon="2.63323">
				<ele>560.74</ele>
				<time>2026-05-28T19:42:20.044Z</time>
			</trkpt>
			<trkpt lat="44.50808" lon="2.6336">
				<ele>558.92</ele>
				<time>2026-05-28T19:42:21.041Z</time>
			</trkpt>
			<trkpt lat="44.50808" lon="2.63412">
				<ele>555.67</ele>
				<time>2026-05-28T19:42:22.406Z</time>
			</trkpt>
			<trkpt lat="44.5081" lon="2.63435">
				<ele>554.72</ele>
				<time>2026-05-28T19:42:23.014Z</time>
			</trkpt>
			<trkpt lat="44.50818" lon="2.63472">
				<ele>556.1</ele>
				<time>2026-05-28T19:42:24.028Z</time>
			</trkpt>
			<trkpt lat="44.50842" lon="2.63546">
				<ele>558.56</ele>
				<time>2026-05-28T19:42:26.160Z</time>
			</trkpt>
			<trkpt lat="44.50847" lon="2.63582">
				<ele>559.48</ele>
				<time>2026-05-28T19:42:27.122Z</time>
			</trkpt>
			<trkpt lat="44.50847" lon="2.636">
				<ele>560.11</ele>
				<time>2026-05-28T19:42:27.594Z</time>
			</trkpt>
			<trkpt lat="44.50845" lon="2.63625">
				<ele>561.86</ele>
				<time>2026-05-28T19:42:28.253Z</time>
			</trkpt>
			<trkpt lat="44.50836" lon="2.63673">
				<ele>566.01</ele>
				<time>2026-05-28T19:42:29.554Z</time>
			</trkpt>
			<trkpt lat="44.50816" lon="2.63753">
				<ele>566.64</ele>
				<time>2026-05-28T19:42:31.776Z</time>
			</trkpt>
			<trkpt lat="44.50809" lon="2.63782">
				<ele>569.08</ele>
				<time>2026-05-28T19:42:32.579Z</time>
			</trkpt>
			<trkpt lat="44.50804" lon="2.63827">
				<ele>569.11</ele>
				<time>2026-05-28T19:42:33.773Z</time>
			</trkpt>
			<trkpt lat="44.50803" lon="2.63849">
				<ele>568.23</ele>
				<time>2026-05-28T19:42:34.352Z</time>
			</trkpt>
			<trkpt lat="44.50808" lon="2.64231">
				<ele>564.7</ele>
				<time>2026-05-28T19:42:44.398Z</time>
			</trkpt>
			<trkpt lat="44.50812" lon="2.64295">
				<ele>563.37</ele>
				<time>2026-05-28T19:42:46.094Z</time>
			</trkpt>
			<trkpt lat="44.5082" lon="2.64363">
				<ele>566.55</ele>
				<time>2026-05-28T19:42:47.917Z</time>
			</trkpt>
			<trkpt lat="44.50821" lon="2.64379">
				<ele>567.35</ele>
				<time>2026-05-28T19:42:48.343Z</time>
			</trkpt>
			<trkpt lat="44.50819" lon="2.64405">
				<ele>567.32</ele>
				<time>2026-05-28T19:42:49.036Z</time>
			</trkpt>
			<trkpt lat="44.50815" lon="2.64432">
				<ele>566.86</ele>
				<time>2026-05-28T19:42:49.767Z</time>
			</trkpt>
			<trkpt lat="44.5081" lon="2.64448">
				<ele>567.07</ele>
				<time>2026-05-28T19:42:50.230Z</time>
			</trkpt>
			<trkpt lat="44.50776" lon="2.64529">
				<ele>566.8</ele>
				<time>2026-05-28T19:42:52.729Z</time>
			</trkpt>
			<trkpt lat="44.50764" lon="2.64554">
				<ele>565.51</ele>
				<time>2026-05-28T19:42:53.532Z</time>
			</trkpt>
			<trkpt lat="44.50698" lon="2.64662">
				<ele>562.88</ele>
				<time>2026-05-28T19:42:57.333Z</time>
			</trkpt>
			<trkpt lat="44.50634" lon="2.6474">
				<ele>562.61</ele>
				<time>2026-05-28T19:43:00.528Z</time>
			</trkpt>
			<trkpt lat="44.50618" lon="2.64767">
				<ele>562.16</ele>
				<time>2026-05-28T19:43:01.475Z</time>
			</trkpt>
			<trkpt lat="44.50608" lon="2.64791">
				<ele>562.04</ele>
				<time>2026-05-28T19:43:02.225Z</time>
			</trkpt>
			<trkpt lat="44.50542" lon="2.64979">
				<ele>563.09</ele>
				<time>2026-05-28T19:43:07.918Z</time>
			</trkpt>
			<trkpt lat="44.50509" lon="2.65088">
				<ele>555.53</ele>
				<time>2026-05-28T19:43:11.164Z</time>
			</trkpt>
			<trkpt lat="44.50474" lon="2.65217">
				<ele>557.08</ele>
				<time>2026-05-28T19:43:14.977Z</time>
			</trkpt>
			<trkpt lat="44.50466" lon="2.65254">
				<ele>557.6</ele>
				<time>2026-05-28T19:43:16.051Z</time>
			</trkpt>
			<trkpt lat="44.50437" lon="2.6542">
				<ele>558.34</ele>
				<time>2026-05-28T19:43:20.832Z</time>
			</trkpt>
			<trkpt lat="44.50431" lon="2.65446">
				<ele>557.46</ele>
				<time>2026-05-28T19:43:21.602Z</time>
			</trkpt>
			<trkpt lat="44.50418" lon="2.65483">
				<ele>558.84</ele>
				<time>2026-05-28T19:43:22.767Z</time>
			</trkpt>
			<trkpt lat="44.50402" lon="2.6551">
				<ele>558.16</ele>
				<time>2026-05-28T19:43:23.761Z</time>
			</trkpt>
			<trkpt lat="44.50157" lon="2.65825">
				<ele>554.41</ele>
				<time>2026-05-28T19:43:37.226Z</time>
			</trkpt>
			<trkpt lat="44.50133" lon="2.65846">
				<ele>555.91</ele>
				<time>2026-05-28T19:43:38.397Z</time>
			</trkpt>
			<trkpt lat="44.50121" lon="2.65853">
				<ele>556.53</ele>
				<time>2026-05-28T19:43:38.936Z</time>
			</trkpt>
			<trkpt lat="44.50107" lon="2.65858">
				<ele>557.22</ele>
				<time>2026-05-28T19:43:39.536Z</time>
			</trkpt>
			<trkpt lat="44.5005" lon="2.65864">
				<ele>560.19</ele>
				<time>2026-05-28T19:43:41.923Z</time>
			</trkpt>
			<trkpt lat="44.50034" lon="2.65868">
				<ele>560.76</ele>
				<time>2026-05-28T19:43:42.604Z</time>
			</trkpt>
			<trkpt lat="44.50023" lon="2.65873">
				<ele>561.07</ele>
				<time>2026-05-28T19:43:43.090Z</time>
			</trkpt>
			<trkpt lat="44.5001" lon="2.65885">
				<ele>561.54</ele>
				<time>2026-05-28T19:43:43.746Z</time>
			</trkpt>
			<trkpt lat="44.5" lon="2.65907">
				<ele>563.27</ele>
				<time>2026-05-28T19:43:44.531Z</time>
			</trkpt>
			<trkpt lat="44.49994" lon="2.6595">
				<ele>564.99</ele>
				<time>2026-05-28T19:43:45.854Z</time>
			</trkpt>
			<trkpt lat="44.4999" lon="2.66011">
				<ele>565.31</ele>
				<time>2026-05-28T19:43:47.713Z</time>
			</trkpt>
			<trkpt lat="44.4999" lon="2.66037">
				<ele>565.46</ele>
				<time>2026-05-28T19:43:48.505Z</time>
			</trkpt>
			<trkpt lat="44.49992" lon="2.66047">
				<ele>565.65</ele>
				<time>2026-05-28T19:43:48.823Z</time>
			</trkpt>
			<trkpt lat="44.49998" lon="2.66064">
				<ele>565.92</ele>
				<time>2026-05-28T19:43:49.403Z</time>
			</trkpt>
			<trkpt lat="44.50017" lon="2.66094">
				<ele>567.13</ele>
				<time>2026-05-28T19:43:50.633Z</time>
			</trkpt>
			<trkpt lat="44.50029" lon="2.66119">
				<ele>568.11</ele>
				<time>2026-05-28T19:43:51.560Z</time>
			</trkpt>
			<trkpt lat="44.50032" lon="2.66142">
				<ele>568.22</ele>
				<time>2026-05-28T19:43:52.282Z</time>
			</trkpt>
			<trkpt lat="44.50029" lon="2.66167">
				<ele>567.11</ele>
				<time>2026-05-28T19:43:53.066Z</time>
			</trkpt>
			<trkpt lat="44.50012" lon="2.66211">
				<ele>565.19</ele>
				<time>2026-05-28T19:43:54.620Z</time>
			</trkpt>
			<trkpt lat="44.49986" lon="2.66261">
				<ele>563.22</ele>
				<time>2026-05-28T19:43:56.553Z</time>
			</trkpt>
			<trkpt lat="44.49962" lon="2.66302">
				<ele>561.58</ele>
				<time>2026-05-28T19:43:58.220Z</time>
			</trkpt>
			<trkpt lat="44.49951" lon="2.66315">
				<ele>560.43</ele>
				<time>2026-05-28T19:43:58.856Z</time>
			</trkpt>
			<trkpt lat="44.49933" lon="2.66331">
				<ele>559.23</ele>
				<time>2026-05-28T19:43:59.801Z</time>
			</trkpt>
			<trkpt lat="44.49853" lon="2.6638">
				<ele>557.39</ele>
				<time>2026-05-28T19:44:03.704Z</time>
			</trkpt>
			<trkpt lat="44.49841" lon="2.6639">
				<ele>556.14</ele>
				<time>2026-05-28T19:44:04.333Z</time>
			</trkpt>
			<trkpt lat="44.49822" lon="2.66412">
				<ele>554.15</ele>
				<time>2026-05-28T19:44:05.447Z</time>
			</trkpt>
			<trkpt lat="44.49812" lon="2.66429">
				<ele>553.46</ele>
				<time>2026-05-28T19:44:06.159Z</time>
			</trkpt>
			<trkpt lat="44.49803" lon="2.66446">
				<ele>552.79</ele>
				<time>2026-05-28T19:44:06.845Z</time>
			</trkpt>
			<trkpt lat="44.49797" lon="2.66462">
				<ele>552.51</ele>
				<time>2026-05-28T19:44:07.433Z</time>
			</trkpt>
			<trkpt lat="44.49778" lon="2.66526">
				<ele>552.02</ele>
				<time>2026-05-28T19:44:09.695Z</time>
			</trkpt>
			<trkpt lat="44.49611" lon="2.67106">
				<ele>536</ele>
				<time>2026-05-28T19:44:30.960Z</time>
			</trkpt>
			<trkpt lat="44.49571" lon="2.67239">
				<ele>538.18</ele>
				<time>2026-05-28T19:44:36.101Z</time>
			</trkpt>
			<trkpt lat="44.49557" lon="2.6727">
				<ele>538.8</ele>
				<time>2026-05-28T19:44:37.423Z</time>
			</trkpt>
			<trkpt lat="44.49525" lon="2.67323">
				<ele>540.04</ele>
				<time>2026-05-28T19:44:39.941Z</time>
			</trkpt>
			<trkpt lat="44.48975" lon="2.68166">
				<ele>545.1</ele>
				<time>2026-05-28T19:45:24.833Z</time>
			</trkpt>
			<trkpt lat="44.48949" lon="2.68201">
				<ele>545.47</ele>
				<time>2026-05-28T19:45:26.983Z</time>
			</trkpt>
			<trkpt lat="44.48356" lon="2.6893">
				<ele>549.41</ele>
				<time>2026-05-28T19:46:18.019Z</time>
			</trkpt>
			<trkpt lat="44.48335" lon="2.68957">
				<ele>550.48</ele>
				<time>2026-05-28T19:46:20.015Z</time>
			</trkpt>
			<trkpt lat="44.48323" lon="2.68978">
				<ele>550.87</ele>
				<time>2026-05-28T19:46:21.366Z</time>
			</trkpt>
			<trkpt lat="44.48311" lon="2.6901">
				<ele>551.2</ele>
				<time>2026-05-28T19:46:23.190Z</time>
			</trkpt>
			<trkpt lat="44.48306" lon="2.6903">
				<ele>550.93</ele>
				<time>2026-05-28T19:46:24.263Z</time>
			</trkpt>
			<trkpt lat="44.48299" lon="2.69103">
				<ele>548.16</ele>
				<time>2026-05-28T19:46:28.019Z</time>
			</trkpt>
			<trkpt lat="44.48235" lon="2.69952">
				<ele>545.04</ele>
				<time>2026-05-28T19:47:14.530Z</time>
			</trkpt>
			<trkpt lat="44.48228" lon="2.69986">
				<ele>545.96</ele>
				<time>2026-05-28T19:47:16.582Z</time>
			</trkpt>
			<trkpt lat="44.48218" lon="2.7001">
				<ele>547.11</ele>
				<time>2026-05-28T19:47:18.200Z</time>
			</trkpt>
			<trkpt lat="44.48203" lon="2.70035">
				<ele>547.77</ele>
				<time>2026-05-28T19:47:20.110Z</time>
			</trkpt>
			<trkpt lat="44.48166" lon="2.70081">
				<ele>546.11</ele>
				<time>2026-05-28T19:47:24.194Z</time>
			</trkpt>
			<trkpt lat="44.4814" lon="2.7012">
				<ele>548.55</ele>
				<time>2026-05-28T19:47:27.365Z</time>
			</trkpt>
			<trkpt lat="44.48126" lon="2.70146">
				<ele>550.3</ele>
				<time>2026-05-28T19:47:29.312Z</time>
			</trkpt>
			<trkpt lat="44.47441" lon="2.71629">
				<ele>541.11</ele>
				<time>2026-05-28T19:49:29.249Z</time>
			</trkpt>
			<trkpt lat="44.474" lon="2.71714">
				<ele>539.69</ele>
				<time>2026-05-28T19:49:37.144Z</time>
			</trkpt>
			<trkpt lat="44.47394" lon="2.7172">
				<ele>539.25</ele>
				<time>2026-05-28T19:49:37.945Z</time>
			</trkpt>
			<trkpt lat="44.47379" lon="2.71752">
				<ele>538.53</ele>
				<time>2026-05-28T19:49:40.923Z</time>
			</trkpt>
			<trkpt lat="44.47374" lon="2.7177">
				<ele>539.5</ele>
				<time>2026-05-28T19:49:42.431Z</time>
			</trkpt>
			<trkpt lat="44.47311" lon="2.71911">
				<ele>537.31</ele>
				<time>2026-05-28T19:49:55.584Z</time>
			</trkpt>
			<trkpt lat="44.47295" lon="2.71942">
				<ele>542</ele>
				<time>2026-05-28T19:49:58.650Z</time>
			</trkpt>
			<trkpt lat="44.47154" lon="2.72247">
				<ele>553.43</ele>
				<time>2026-05-28T19:50:28.562Z</time>
			</trkpt>
			<trkpt lat="44.47145" lon="2.7226">
				<ele>553.63</ele>
				<time>2026-05-28T19:50:30.090Z</time>
			</trkpt>
			<trkpt lat="44.47134" lon="2.72265">
				<ele>553.25</ele>
				<time>2026-05-28T19:50:31.461Z</time>
			</trkpt>
			<trkpt lat="44.4713" lon="2.72264">
				<ele>552.94</ele>
				<time>2026-05-28T19:50:31.943Z</time>
			</trkpt>
			<trkpt lat="44.47125" lon="2.72268">
				<ele>552.71</ele>
				<time>2026-05-28T19:50:32.627Z</time>
			</trkpt>
			<trkpt lat="44.47105" lon="2.72243">
				<ele>551</ele>
				<time>2026-05-28T19:50:35.821Z</time>
			</trkpt>
			<trkpt lat="44.46976" lon="2.72067">
				<ele>547.41</ele>
				<time>2026-05-28T19:50:57.685Z</time>
			</trkpt>
			<trkpt lat="44.46972" lon="2.72074">
				<ele>547.67</ele>
				<time>2026-05-28T19:50:58.475Z</time>
			</trkpt>
			<trkpt lat="44.46954" lon="2.72102">
				<ele>548.68</ele>
				<time>2026-05-28T19:51:01.807Z</time>
			</trkpt>
			<trkpt lat="44.4696" lon="2.72109">
				<ele>548.9</ele>
				<time>2026-05-28T19:51:02.777Z</time>
			</trkpt>
			<trkpt lat="44.46965" lon="2.72115">
				<ele>549.12</ele>
				<time>2026-05-28T19:51:03.596Z</time>
			</trkpt>
			<trkpt lat="44.46983" lon="2.72089">
				<ele>548.2</ele>
				<time>2026-05-28T19:51:06.823Z</time>
			</trkpt>
			<trkpt lat="44.46986" lon="2.72082">
				<ele>547.97</ele>
				<time>2026-05-28T19:51:07.552Z</time>
			</trkpt>
			<trkpt lat="44.46959" lon="2.72045">
				<ele>547.89</ele>
				<time>2026-05-28T19:51:12.297Z</time>
			</trkpt>
			<trkpt lat="44.46957" lon="2.7204">
				<ele>548.05</ele>
				<time>2026-05-28T19:51:12.813Z</time>
			</trkpt>
			<trkpt lat="44.46942" lon="2.72062">
				<ele>548.68</ele>
				<time>2026-05-28T19:51:15.558Z</time>
			</trkpt>
			<trkpt lat="44.46933" lon="2.72078">
				<ele>548.1</ele>
				<time>2026-05-28T19:51:17.402Z</time>
			</trkpt>
			<trkpt lat="44.46927" lon="2.72096">
				<ele>548.46</ele>
				<time>2026-05-28T19:51:19.205Z</time>
			</trkpt>
			<trkpt lat="44.46916" lon="2.72156">
				<ele>550.6</ele>
				<time>2026-05-28T19:51:24.856Z</time>
			</trkpt>
			<trkpt lat="44.46912" lon="2.7217">
				<ele>550.83</ele>
				<time>2026-05-28T19:51:26.239Z</time>
			</trkpt>
			<trkpt lat="44.46906" lon="2.72184">
				<ele>550.62</ele>
				<time>2026-05-28T19:51:27.739Z</time>
			</trkpt>
			<trkpt lat="44.46894" lon="2.72202">
				<ele>550.42</ele>
				<time>2026-05-28T19:51:30.017Z</time>
			</trkpt>
			<trkpt lat="44.46889" lon="2.72223">
				<ele>550.93</ele>
				<time>2026-05-28T19:51:32.606Z</time>
			</trkpt>
			<trkpt lat="44.46889" lon="2.72254">
				<ele>550</ele>
				<time>2026-05-28T19:51:37.513Z</time>
			</trkpt>
			<trkpt lat="44.46907" lon="2.72315">
				<ele>549.76</ele>
				<time>2026-05-28T19:51:51.786Z</time>
			</trkpt>
			<trkpt lat="44.46906" lon="2.72333">
				<ele>549.38</ele>
				<time>2026-05-28T19:51:56.330Z</time>
			</trkpt>
			<trkpt lat="44.4689" lon="2.72393">
				<ele>551.01</ele>
				<time>2026-05-28T19:52:13.488Z</time>
			</trkpt>
			<trkpt lat="44.46866" lon="2.72519">
				<ele>548.55</ele>
				<time>2026-05-28T19:52:45.643Z</time>
			</trkpt>
			<trkpt lat="44.46859" lon="2.72533">
				<ele>547.72</ele>
				<time>2026-05-28T19:52:49.369Z</time>
			</trkpt>
			<trkpt lat="44.46818" lon="2.72571">
				<ele>543.77</ele>
				<time>2026-05-28T19:53:04.188Z</time>
			</trkpt>
			<trkpt lat="44.46813" lon="2.72578">
				<ele>542.92</ele>
				<time>2026-05-28T19:53:05.629Z</time>
			</trkpt>
			<trkpt lat="44.4681" lon="2.72575">
				<ele>542.95</ele>
				<time>2026-05-28T19:53:06.319Z</time>
			</trkpt>
			<trkpt lat="44.46804" lon="2.7256">
				<ele>543.46</ele>
				<time>2026-05-28T19:53:08.446Z</time>
			</trkpt>
			<trkpt lat="44.46782" lon="2.72462">
				<ele>544.5</ele>
				<time>2026-05-28T19:53:22.684Z</time>
			</trkpt>
			<trkpt lat="44.46772" lon="2.7237">
				<ele>540.91</ele>
				<time>2026-05-28T19:53:36.989Z</time>
			</trkpt>
			<trkpt lat="44.46764" lon="2.72276">
				<ele>537.61</ele>
				<time>2026-05-28T19:53:52.004Z</time>
			</trkpt>
			<trkpt lat="44.4676" lon="2.72255">
				<ele>537.56</ele>
				<time>2026-05-28T19:53:55.440Z</time>
			</trkpt>
			<trkpt lat="44.46754" lon="2.72232">
				<ele>537.19</ele>
				<time>2026-05-28T19:53:59.284Z</time>
			</trkpt>
			<trkpt lat="44.46744" lon="2.72203">
				<ele>536.43</ele>
				<time>2026-05-28T19:54:04.272Z</time>
			</trkpt>
			<trkpt lat="44.4674" lon="2.72185">
				<ele>535.94</ele>
				<time>2026-05-28T19:54:07.147Z</time>
			</trkpt>
			<trkpt lat="44.46738" lon="2.72144">
				<ele>534.51</ele>
				<time>2026-05-28T19:54:13.263Z</time>
			</trkpt>
			<trkpt lat="44.4674" lon="2.72121">
				<ele>534.12</ele>
				<time>2026-05-28T19:54:16.603Z</time>
			</trkpt>
			<trkpt lat="44.46746" lon="2.72095">
				<ele>533.34</ele>
				<time>2026-05-28T19:54:20.424Z</time>
			</trkpt>
			<trkpt lat="44.46753" lon="2.72074">
				<ele>532.03</ele>
				<time>2026-05-28T19:54:23.551Z</time>
			</trkpt>
			<trkpt lat="44.46759" lon="2.72061">
				<ele>530.66</ele>
				<time>2026-05-28T19:54:25.576Z</time>
			</trkpt>
			<trkpt lat="44.46789" lon="2.72014">
				<ele>526.92</ele>
				<time>2026-05-28T19:54:33.223Z</time>
			</trkpt>
			<trkpt lat="44.46796" lon="2.71996">
				<ele>527.22</ele>
				<time>2026-05-28T19:54:35.477Z</time>
			</trkpt>
			<trkpt lat="44.468" lon="2.71971">
				<ele>526.61</ele>
				<time>2026-05-28T19:54:38.114Z</time>
			</trkpt>
			<trkpt lat="44.46801" lon="2.71948">
				<ele>526.83</ele>
				<time>2026-05-28T19:54:40.322Z</time>
			</trkpt>
			<trkpt lat="44.46807" lon="2.71918">
				<ele>525.36</ele>
				<time>2026-05-28T19:54:43.259Z</time>
			</trkpt>
			<trkpt lat="44.4682" lon="2.71891">
				<ele>523.47</ele>
				<time>2026-05-28T19:54:46.314Z</time>
			</trkpt>
			<trkpt lat="44.46843" lon="2.71863">
				<ele>522.4</ele>
				<time>2026-05-28T19:54:50.296Z</time>
			</trkpt>
			<trkpt lat="44.46867" lon="2.71841">
				<ele>521.36</ele>
				<time>2026-05-28T19:54:54.019Z</time>
			</trkpt>
			<trkpt lat="44.46876" lon="2.71829">
				<ele>520.82</ele>
				<time>2026-05-28T19:54:55.625Z</time>
			</trkpt>
			<trkpt lat="44.46886" lon="2.71813">
				<ele>519.35</ele>
				<time>2026-05-28T19:54:57.580Z</time>
			</trkpt>
			<trkpt lat="44.469" lon="2.71787">
				<ele>514.1</ele>
				<time>2026-05-28T19:55:00.563Z</time>
			</trkpt>
			<trkpt lat="44.46903" lon="2.71778">
				<ele>512.19</ele>
				<time>2026-05-28T19:55:01.469Z</time>
			</trkpt>
			<trkpt lat="44.46897" lon="2.71746">
				<ele>510.36</ele>
				<time>2026-05-28T19:55:04.479Z</time>
			</trkpt>
			<trkpt lat="44.4689" lon="2.71726">
				<ele>510.99</ele>
				<time>2026-05-28T19:55:06.496Z</time>
			</trkpt>
			<trkpt lat="44.46879" lon="2.71705">
				<ele>510.57</ele>
				<time>2026-05-28T19:55:08.846Z</time>
			</trkpt>
			<trkpt lat="44.46867" lon="2.71683">
				<ele>512.04</ele>
				<time>2026-05-28T19:55:11.334Z</time>
			</trkpt>
			<trkpt lat="44.46856" lon="2.71673">
				<ele>512.24</ele>
				<time>2026-05-28T19:55:12.979Z</time>
			</trkpt>
			<trkpt lat="44.46842" lon="2.71667">
				<ele>512.02</ele>
				<time>2026-05-28T19:55:14.810Z</time>
			</trkpt>
			<trkpt lat="44.46824" lon="2.71665">
				<ele>512.55</ele>
				<time>2026-05-28T19:55:17.060Z</time>
			</trkpt>
			<trkpt lat="44.468" lon="2.71676">
				<ele>511.77</ele>
				<time>2026-05-28T19:55:20.192Z</time>
			</trkpt>
			<trkpt lat="44.46796" lon="2.71677">
				<ele>511.93</ele>
				<time>2026-05-28T19:55:20.695Z</time>
			</trkpt>
			<trkpt lat="44.46773" lon="2.71667">
				<ele>515.84</ele>
				<time>2026-05-28T19:55:23.663Z</time>
			</trkpt>
			<trkpt lat="44.46767" lon="2.71666">
				<ele>517.92</ele>
				<time>2026-05-28T19:55:24.405Z</time>
			</trkpt>
			<trkpt lat="44.4676" lon="2.71669">
				<ele>519.13</ele>
				<time>2026-05-28T19:55:25.303Z</time>
			</trkpt>
			<trkpt lat="44.46724" lon="2.7173">
				<ele>513.84</ele>
				<time>2026-05-28T19:55:32.184Z</time>
			</trkpt>
			<trkpt lat="44.46703" lon="2.71772">
				<ele>514.09</ele>
				<time>2026-05-28T19:55:36.597Z</time>
			</trkpt>
			<trkpt lat="44.46669" lon="2.71818">
				<ele>517.13</ele>
				<time>2026-05-28T19:55:42.244Z</time>
			</trkpt>
			<trkpt lat="44.46645" lon="2.71825">
				<ele>520.46</ele>
				<time>2026-05-28T19:55:45.151Z</time>
			</trkpt>
			<trkpt lat="44.46558" lon="2.71826">
				<ele>529.04</ele>
				<time>2026-05-28T19:55:55.340Z</time>
			</trkpt>
			<trkpt lat="44.4653" lon="2.71822">
				<ele>531.74</ele>
				<time>2026-05-28T19:55:58.596Z</time>
			</trkpt>
			<trkpt lat="44.46512" lon="2.7181">
				<ele>530.92</ele>
				<time>2026-05-28T19:56:00.889Z</time>
			</trkpt>
			<trkpt lat="44.46495" lon="2.71789">
				<ele>529.13</ele>
				<time>2026-05-28T19:56:03.485Z</time>
			</trkpt>
			<trkpt lat="44.46489" lon="2.71768">
				<ele>529.2</ele>
				<time>2026-05-28T19:56:05.326Z</time>
			</trkpt>
			<trkpt lat="44.46486" lon="2.71654">
				<ele>536.63</ele>
				<time>2026-05-28T19:56:14.514Z</time>
			</trkpt>
			<trkpt lat="44.46476" lon="2.71606">
				<ele>536.3</ele>
				<time>2026-05-28T19:56:18.490Z</time>
			</trkpt>
			<trkpt lat="44.46462" lon="2.71561">
				<ele>536.93</ele>
				<time>2026-05-28T19:56:22.364Z</time>
			</trkpt>
			<trkpt lat="44.4644" lon="2.71512">
				<ele>536.99</ele>
				<time>2026-05-28T19:56:26.896Z</time>
			</trkpt>
			<trkpt lat="44.46412" lon="2.71462">
				<ele>539.53</ele>
				<time>2026-05-28T19:56:31.824Z</time>
			</trkpt>
			<trkpt lat="44.46391" lon="2.71419">
				<ele>543.81</ele>
				<time>2026-05-28T19:56:35.829Z</time>
			</trkpt>
			<trkpt lat="44.46375" lon="2.71399">
				<ele>544.2</ele>
				<time>2026-05-28T19:56:38.124Z</time>
			</trkpt>
			<trkpt lat="44.46316" lon="2.71363">
				<ele>543.4</ele>
				<time>2026-05-28T19:56:44.949Z</time>
			</trkpt>
			<trkpt lat="44.46213" lon="2.71304">
				<ele>543.73</ele>
				<time>2026-05-28T19:56:56.532Z</time>
			</trkpt>
			<trkpt lat="44.46159" lon="2.71268">
				<ele>543.86</ele>
				<time>2026-05-28T19:57:02.645Z</time>
			</trkpt>
			<trkpt lat="44.46049" lon="2.71166">
				<ele>538.43</ele>
				<time>2026-05-28T19:57:15.862Z</time>
			</trkpt>
			<trkpt lat="44.46026" lon="2.71132">
				<ele>539.97</ele>
				<time>2026-05-28T19:57:19.154Z</time>
			</trkpt>
			<trkpt lat="44.46014" lon="2.7107">
				<ele>540.67</ele>
				<time>2026-05-28T19:57:23.633Z</time>
			</trkpt>
			<trkpt lat="44.46012" lon="2.71008">
				<ele>542.8</ele>
				<time>2026-05-28T19:57:27.920Z</time>
			</trkpt>
			<trkpt lat="44.46005" lon="2.70956">
				<ele>547.17</ele>
				<time>2026-05-28T19:57:31.544Z</time>
			</trkpt>
			<trkpt lat="44.45982" lon="2.70889">
				<ele>553.45</ele>
				<time>2026-05-28T19:57:36.589Z</time>
			</trkpt>
			<trkpt lat="44.45954" lon="2.70827">
				<ele>557.35</ele>
				<time>2026-05-28T19:57:41.515Z</time>
			</trkpt>
			<trkpt lat="44.4591" lon="2.70743">
				<ele>558.36</ele>
				<time>2026-05-28T19:57:48.422Z</time>
			</trkpt>
			<trkpt lat="44.45891" lon="2.70722">
				<ele>561.16</ele>
				<time>2026-05-28T19:57:50.648Z</time>
			</trkpt>
			<trkpt lat="44.45871" lon="2.70679">
				<ele>565.34</ele>
				<time>2026-05-28T19:57:53.997Z</time>
			</trkpt>
			<trkpt lat="44.45836" lon="2.70649">
				<ele>570.37</ele>
				<time>2026-05-28T19:57:57.719Z</time>
			</trkpt>
			<trkpt lat="44.45815" lon="2.70621">
				<ele>571.59</ele>
				<time>2026-05-28T19:58:00.330Z</time>
			</trkpt>
			<trkpt lat="44.45799" lon="2.70566">
				<ele>567.25</ele>
				<time>2026-05-28T19:58:04.123Z</time>
			</trkpt>
			<trkpt lat="44.45772" lon="2.70529">
				<ele>566.22</ele>
				<time>2026-05-28T19:58:07.476Z</time>
			</trkpt>
			<trkpt lat="44.45747" lon="2.70508">
				<ele>569.66</ele>
				<time>2026-05-28T19:58:10.047Z</time>
			</trkpt>
			<trkpt lat="44.45729" lon="2.70454">
				<ele>575.65</ele>
				<time>2026-05-28T19:58:13.773Z</time>
			</trkpt>
			<trkpt lat="44.45744" lon="2.70403">
				<ele>577.67</ele>
				<time>2026-05-28T19:58:17.195Z</time>
			</trkpt>
			<trkpt lat="44.45757" lon="2.70345">
				<ele>578.24</ele>
				<time>2026-05-28T19:58:20.937Z</time>
			</trkpt>
			<trkpt lat="44.4575" lon="2.70287">
				<ele>583.9</ele>
				<time>2026-05-28T19:58:24.529Z</time>
			</trkpt>
			<trkpt lat="44.45723" lon="2.70156">
				<ele>590.97</ele>
				<time>2026-05-28T19:58:32.748Z</time>
			</trkpt>
			<trkpt lat="44.45706" lon="2.70126">
				<ele>590.93</ele>
				<time>2026-05-28T19:58:35.031Z</time>
			</trkpt>
			<trkpt lat="44.457" lon="2.70099">
				<ele>589.66</ele>
				<time>2026-05-28T19:58:36.709Z</time>
			</trkpt>
			<trkpt lat="44.45697" lon="2.70068">
				<ele>587.82</ele>
				<time>2026-05-28T19:58:38.559Z</time>
			</trkpt>
			<trkpt lat="44.45698" lon="2.70031">
				<ele>586.55</ele>
				<time>2026-05-28T19:58:40.738Z</time>
			</trkpt>
			<trkpt lat="44.45711" lon="2.69957">
				<ele>583.34</ele>
				<time>2026-05-28T19:58:45.192Z</time>
			</trkpt>
			<trkpt lat="44.45711" lon="2.69926">
				<ele>580.82</ele>
				<time>2026-05-28T19:58:46.991Z</time>
			</trkpt>
			<trkpt lat="44.45722" lon="2.69882">
				<ele>580.06</ele>
				<time>2026-05-28T19:58:49.684Z</time>
			</trkpt>
			<trkpt lat="44.45734" lon="2.69842">
				<ele>581.67</ele>
				<time>2026-05-28T19:58:52.177Z</time>
			</trkpt>
			<trkpt lat="44.45764" lon="2.69762">
				<ele>573.91</ele>
				<time>2026-05-28T19:58:57.326Z</time>
			</trkpt>
			<trkpt lat="44.45774" lon="2.69731">
				<ele>572.91</ele>
				<time>2026-05-28T19:58:59.250Z</time>
			</trkpt>
			<trkpt lat="44.45777" lon="2.69697">
				<ele>571.17</ele>
				<time>2026-05-28T19:59:01.180Z</time>
			</trkpt>
			<trkpt lat="44.4577" lon="2.6966">
				<ele>567.07</ele>
				<time>2026-05-28T19:59:03.327Z</time>
			</trkpt>
			<trkpt lat="44.45766" lon="2.69624">
				<ele>564.21</ele>
				<time>2026-05-28T19:59:05.361Z</time>
			</trkpt>
			<trkpt lat="44.45765" lon="2.69588">
				<ele>563.3</ele>
				<time>2026-05-28T19:59:07.365Z</time>
			</trkpt>
			<trkpt lat="44.4577" lon="2.69564">
				<ele>563.38</ele>
				<time>2026-05-28T19:59:08.750Z</time>
			</trkpt>
			<trkpt lat="44.45802" lon="2.69468">
				<ele>561.38</ele>
				<time>2026-05-28T19:59:14.578Z</time>
			</trkpt>
			<trkpt lat="44.45808" lon="2.69441">
				<ele>561.31</ele>
				<time>2026-05-28T19:59:16.122Z</time>
			</trkpt>
			<trkpt lat="44.45797" lon="2.6937">
				<ele>554.78</ele>
				<time>2026-05-28T19:59:20.066Z</time>
			</trkpt>
			<trkpt lat="44.45796" lon="2.69341">
				<ele>553.71</ele>
				<time>2026-05-28T19:59:21.633Z</time>
			</trkpt>
			<trkpt lat="44.45809" lon="2.69129">
				<ele>546.37</ele>
				<time>2026-05-28T19:59:32.975Z</time>
			</trkpt>
			<trkpt lat="44.45811" lon="2.6904">
				<ele>542.72</ele>
				<time>2026-05-28T19:59:37.649Z</time>
			</trkpt>
			<trkpt lat="44.45811" lon="2.68997">
				<ele>542.53</ele>
				<time>2026-05-28T19:59:39.892Z</time>
			</trkpt>
			<trkpt lat="44.45806" lon="2.68914">
				<ele>538.08</ele>
				<time>2026-05-28T19:59:44.209Z</time>
			</trkpt>
			<trkpt lat="44.45807" lon="2.68889">
				<ele>537.11</ele>
				<time>2026-05-28T19:59:45.501Z</time>
			</trkpt>
			<trkpt lat="44.45811" lon="2.68861">
				<ele>536.25</ele>
				<time>2026-05-28T19:59:46.970Z</time>
			</trkpt>
			<trkpt lat="44.45819" lon="2.68826">
				<ele>535.25</ele>
				<time>2026-05-28T19:59:48.855Z</time>
			</trkpt>
			<trkpt lat="44.45863" lon="2.68679">
				<ele>535.5</ele>
				<time>2026-05-28T19:59:56.960Z</time>
			</trkpt>
			<trkpt lat="44.45881" lon="2.68611">
				<ele>533.97</ele>
				<time>2026-05-28T20:00:00.612Z</time>
			</trkpt>
			<trkpt lat="44.45881" lon="2.68582">
				<ele>535.06</ele>
				<time>2026-05-28T20:00:02.066Z</time>
			</trkpt>
			<trkpt lat="44.45877" lon="2.68522">
				<ele>538.52</ele>
				<time>2026-05-28T20:00:05.076Z</time>
			</trkpt>
			<trkpt lat="44.45879" lon="2.68452">
				<ele>539.79</ele>
				<time>2026-05-28T20:00:08.559Z</time>
			</trkpt>
			<trkpt lat="44.45929" lon="2.68021">
				<ele>544.78</ele>
				<time>2026-05-28T20:00:29.883Z</time>
			</trkpt>
			<trkpt lat="44.45944" lon="2.67948">
				<ele>545.86</ele>
				<time>2026-05-28T20:00:33.535Z</time>
			</trkpt>
			<trkpt lat="44.45959" lon="2.67892">
				<ele>547.26</ele>
				<time>2026-05-28T20:00:36.399Z</time>
			</trkpt>
			<trkpt lat="44.45979" lon="2.67829">
				<ele>548.66</ele>
				<time>2026-05-28T20:00:39.691Z</time>
			</trkpt>
			<trkpt lat="44.45983" lon="2.67772">
				<ele>548.19</ele>
				<time>2026-05-28T20:00:42.417Z</time>
			</trkpt>
			<trkpt lat="44.45983" lon="2.67745">
				<ele>547.24</ele>
				<time>2026-05-28T20:00:43.699Z</time>
			</trkpt>
			<trkpt lat="44.45976" lon="2.67681">
				<ele>546.35</ele>
				<time>2026-05-28T20:00:46.769Z</time>
			</trkpt>
			<trkpt lat="44.45964" lon="2.67648">
				<ele>547.35</ele>
				<time>2026-05-28T20:00:48.521Z</time>
			</trkpt>
			<trkpt lat="44.45962" lon="2.67633">
				<ele>547.21</ele>
				<time>2026-05-28T20:00:49.242Z</time>
			</trkpt>
			<trkpt lat="44.45959" lon="2.67327">
				<ele>554.42</ele>
				<time>2026-05-28T20:01:03.628Z</time>
			</trkpt>
			<trkpt lat="44.45954" lon="2.6724">
				<ele>562.24</ele>
				<time>2026-05-28T20:01:07.709Z</time>
			</trkpt>
			<trkpt lat="44.45969" lon="2.67167">
				<ele>565.14</ele>
				<time>2026-05-28T20:01:11.256Z</time>
			</trkpt>
			<trkpt lat="44.45981" lon="2.67125">
				<ele>563.2</ele>
				<time>2026-05-28T20:01:13.366Z</time>
			</trkpt>
			<trkpt lat="44.46025" lon="2.67038">
				<ele>566.83</ele>
				<time>2026-05-28T20:01:18.334Z</time>
			</trkpt>
			<trkpt lat="44.46027" lon="2.66962">
				<ele>567.96</ele>
				<time>2026-05-28T20:01:21.875Z</time>
			</trkpt>
			<trkpt lat="44.4603" lon="2.66928">
				<ele>568.04</ele>
				<time>2026-05-28T20:01:23.469Z</time>
			</trkpt>
			<trkpt lat="44.46069" lon="2.6682">
				<ele>568.18</ele>
				<time>2026-05-28T20:01:29.102Z</time>
			</trkpt>
			<trkpt lat="44.46079" lon="2.66788">
				<ele>570.42</ele>
				<time>2026-05-28T20:01:30.728Z</time>
			</trkpt>
			<trkpt lat="44.46093" lon="2.66697">
				<ele>573.3</ele>
				<time>2026-05-28T20:01:35.062Z</time>
			</trkpt>
			<trkpt lat="44.46112" lon="2.66599">
				<ele>564.97</ele>
				<time>2026-05-28T20:01:39.794Z</time>
			</trkpt>
			<trkpt lat="44.46116" lon="2.66562">
				<ele>565.76</ele>
				<time>2026-05-28T20:01:41.540Z</time>
			</trkpt>
			<trkpt lat="44.46117" lon="2.66505">
				<ele>569.29</ele>
				<time>2026-05-28T20:01:44.201Z</time>
			</trkpt>
			<trkpt lat="44.46106" lon="2.66439">
				<ele>572.69</ele>
				<time>2026-05-28T20:01:47.369Z</time>
			</trkpt>
			<trkpt lat="44.46102" lon="2.66404">
				<ele>575.07</ele>
				<time>2026-05-28T20:01:49.027Z</time>
			</trkpt>
			<trkpt lat="44.46104" lon="2.66382">
				<ele>575.34</ele>
				<time>2026-05-28T20:01:50.066Z</time>
			</trkpt>
			<trkpt lat="44.46103" lon="2.66349">
				<ele>574.61</ele>
				<time>2026-05-28T20:01:51.613Z</time>
			</trkpt>
			<trkpt lat="44.46098" lon="2.66303">
				<ele>574.85</ele>
				<time>2026-05-28T20:01:53.795Z</time>
			</trkpt>
			<trkpt lat="44.46107" lon="2.66172">
				<ele>576.03</ele>
				<time>2026-05-28T20:01:59.984Z</time>
			</trkpt>
			<trkpt lat="44.46116" lon="2.66115">
				<ele>573.31</ele>
				<time>2026-05-28T20:02:02.738Z</time>
			</trkpt>
			<trkpt lat="44.46118" lon="2.66087">
				<ele>573.48</ele>
				<time>2026-05-28T20:02:04.068Z</time>
			</trkpt>
			<trkpt lat="44.46117" lon="2.66075">
				<ele>573.44</ele>
				<time>2026-05-28T20:02:04.640Z</time>
			</trkpt>
			<trkpt lat="44.46114" lon="2.66068">
				<ele>573.21</ele>
				<time>2026-05-28T20:02:05.026Z</time>
			</trkpt>
			<trkpt lat="44.46106" lon="2.66062">
				<ele>572.51</ele>
				<time>2026-05-28T20:02:05.628Z</time>
			</trkpt>
			<trkpt lat="44.45992" lon="2.66004">
				<ele>564.77</ele>
				<time>2026-05-28T20:02:13.702Z</time>
			</trkpt>
			<trkpt lat="44.45952" lon="2.65986">
				<ele>563.66</ele>
				<time>2026-05-28T20:02:16.513Z</time>
			</trkpt>
			<trkpt lat="44.45909" lon="2.65971">
				<ele>562.24</ele>
				<time>2026-05-28T20:02:19.488Z</time>
			</trkpt>
			<trkpt lat="44.45892" lon="2.65961">
				<ele>562.85</ele>
				<time>2026-05-28T20:02:20.729Z</time>
			</trkpt>
			<trkpt lat="44.45876" lon="2.65948">
				<ele>564.29</ele>
				<time>2026-05-28T20:02:21.975Z</time>
			</trkpt>
			<trkpt lat="44.45761" lon="2.65825">
				<ele>563</ele>
				<time>2026-05-28T20:02:31.791Z</time>
			</trkpt>
			<trkpt lat="44.45668" lon="2.65722">
				<ele>559.99</ele>
				<time>2026-05-28T20:02:39.929Z</time>
			</trkpt>
			<trkpt lat="44.45646" lon="2.65699">
				<ele>563.83</ele>
				<time>2026-05-28T20:02:41.827Z</time>
			</trkpt>
			<trkpt lat="44.45588" lon="2.65665">
				<ele>569.85</ele>
				<time>2026-05-28T20:02:46.195Z</time>
			</trkpt>
			<trkpt lat="44.45526" lon="2.65602">
				<ele>574.07</ele>
				<time>2026-05-28T20:02:51.555Z</time>
			</trkpt>
			<trkpt lat="44.455" lon="2.65581">
				<ele>576.04</ele>
				<time>2026-05-28T20:02:53.668Z</time>
			</trkpt>
			<trkpt lat="44.45462" lon="2.65557">
				<ele>578.34</ele>
				<time>2026-05-28T20:02:56.616Z</time>
			</trkpt>
			<trkpt lat="44.45437" lon="2.6555">
				<ele>580.07</ele>
				<time>2026-05-28T20:02:58.426Z</time>
			</trkpt>
			<trkpt lat="44.45391" lon="2.65547">
				<ele>586.03</ele>
				<time>2026-05-28T20:03:01.709Z</time>
			</trkpt>
			<trkpt lat="44.45334" lon="2.65558">
				<ele>589.82</ele>
				<time>2026-05-28T20:03:05.838Z</time>
			</trkpt>
			<trkpt lat="44.45303" lon="2.65558">
				<ele>591.03</ele>
				<time>2026-05-28T20:03:08.075Z</time>
			</trkpt>
			<trkpt lat="44.45238" lon="2.65546">
				<ele>595.71</ele>
				<time>2026-05-28T20:03:12.836Z</time>
			</trkpt>
			<trkpt lat="44.4519" lon="2.65545">
				<ele>596.7</ele>
				<time>2026-05-28T20:03:16.349Z</time>
			</trkpt>
			<trkpt lat="44.4516" lon="2.65542">
				<ele>597.13</ele>
				<time>2026-05-28T20:03:18.562Z</time>
			</trkpt>
			<trkpt lat="44.45133" lon="2.65533">
				<ele>597.5</ele>
				<time>2026-05-28T20:03:20.612Z</time>
			</trkpt>
			<trkpt lat="44.45105" lon="2.65519">
				<ele>599.32</ele>
				<time>2026-05-28T20:03:22.818Z</time>
			</trkpt>
			<trkpt lat="44.45084" lon="2.65505">
				<ele>600.15</ele>
				<time>2026-05-28T20:03:24.549Z</time>
			</trkpt>
			<trkpt lat="44.45029" lon="2.65461">
				<ele>601.9</ele>
				<time>2026-05-28T20:03:29.295Z</time>
			</trkpt>
			<trkpt lat="44.4501" lon="2.65451">
				<ele>603.22</ele>
				<time>2026-05-28T20:03:30.826Z</time>
			</trkpt>
			<trkpt lat="44.45006" lon="2.65443">
				<ele>603.48</ele>
				<time>2026-05-28T20:03:31.353Z</time>
			</trkpt>
			<trkpt lat="44.45012" lon="2.65318">
				<ele>602.33</ele>
				<time>2026-05-28T20:03:38.160Z</time>
			</trkpt>
			<trkpt lat="44.45018" lon="2.65278">
				<ele>602.32</ele>
				<time>2026-05-28T20:03:40.401Z</time>
			</trkpt>
			<trkpt lat="44.45271" lon="2.64936">
				<ele>600.66</ele>
				<time>2026-05-28T20:04:08.266Z</time>
			</trkpt>
			<trkpt lat="44.45448" lon="2.64678">
				<ele>592.02</ele>
				<time>2026-05-28T20:04:28.585Z</time>
			</trkpt>
			<trkpt lat="44.45566" lon="2.64508">
				<ele>587.59</ele>
				<time>2026-05-28T20:04:41.466Z</time>
			</trkpt>
			<trkpt lat="44.456" lon="2.64454">
				<ele>589</ele>
				<time>2026-05-28T20:04:45.308Z</time>
			</trkpt>
			<trkpt lat="44.45603" lon="2.64417">
				<ele>588.45</ele>
				<time>2026-05-28T20:04:47.285Z</time>
			</trkpt>
			<trkpt lat="44.45603" lon="2.6439">
				<ele>587.51</ele>
				<time>2026-05-28T20:04:48.714Z</time>
			</trkpt>
			<trkpt lat="44.45598" lon="2.64333">
				<ele>585.09</ele>
				<time>2026-05-28T20:04:51.744Z</time>
			</trkpt>
			<trkpt lat="44.45593" lon="2.64295">
				<ele>585.27</ele>
				<time>2026-05-28T20:04:53.775Z</time>
			</trkpt>
			<trkpt lat="44.45581" lon="2.64257">
				<ele>584.54</ele>
				<time>2026-05-28T20:04:55.953Z</time>
			</trkpt>
			<trkpt lat="44.45539" lon="2.64179">
				<ele>582.6</ele>
				<time>2026-05-28T20:05:01.056Z</time>
			</trkpt>
			<trkpt lat="44.45535" lon="2.64158">
				<ele>582.52</ele>
				<time>2026-05-28T20:05:02.188Z</time>
			</trkpt>
			<trkpt lat="44.45535" lon="2.64134">
				<ele>582.54</ele>
				<time>2026-05-28T20:05:03.437Z</time>
			</trkpt>
			<trkpt lat="44.45544" lon="2.64">
				<ele>577.27</ele>
				<time>2026-05-28T20:05:10.425Z</time>
			</trkpt>
			<trkpt lat="44.45549" lon="2.63975">
				<ele>577.32</ele>
				<time>2026-05-28T20:05:11.772Z</time>
			</trkpt>
			<trkpt lat="44.45556" lon="2.63949">
				<ele>578.89</ele>
				<time>2026-05-28T20:05:13.213Z</time>
			</trkpt>
			<trkpt lat="44.45566" lon="2.63924">
				<ele>578.38</ele>
				<time>2026-05-28T20:05:14.699Z</time>
			</trkpt>
			<trkpt lat="44.45612" lon="2.63835">
				<ele>579.17</ele>
				<time>2026-05-28T20:05:20.402Z</time>
			</trkpt>
			<trkpt lat="44.45626" lon="2.63813">
				<ele>579.36</ele>
				<time>2026-05-28T20:05:21.934Z</time>
			</trkpt>
			<trkpt lat="44.45646" lon="2.63785">
				<ele>579.25</ele>
				<time>2026-05-28T20:05:23.995Z</time>
			</trkpt>
			<trkpt lat="44.45775" lon="2.63624">
				<ele>574.73</ele>
				<time>2026-05-28T20:05:36.680Z</time>
			</trkpt>
			<trkpt lat="44.45787" lon="2.63605">
				<ele>574.81</ele>
				<time>2026-05-28T20:05:38.022Z</time>
			</trkpt>
			<trkpt lat="44.45795" lon="2.63582">
				<ele>574.83</ele>
				<time>2026-05-28T20:05:39.378Z</time>
			</trkpt>
			<trkpt lat="44.45798" lon="2.63559">
				<ele>574.63</ele>
				<time>2026-05-28T20:05:40.620Z</time>
			</trkpt>
			<trkpt lat="44.45798" lon="2.63528">
				<ele>574.23</ele>
				<time>2026-05-28T20:05:42.271Z</time>
			</trkpt>
			<trkpt lat="44.45769" lon="2.63329">
				<ele>568.57</ele>
				<time>2026-05-28T20:05:53.228Z</time>
			</trkpt>
			<trkpt lat="44.45768" lon="2.63273">
				<ele>566.54</ele>
				<time>2026-05-28T20:05:56.299Z</time>
			</trkpt>
			<trkpt lat="44.4578" lon="2.63068">
				<ele>566.37</ele>
				<time>2026-05-28T20:06:07.797Z</time>
			</trkpt>
			<trkpt lat="44.45783" lon="2.62993">
				<ele>564.49</ele>
				<time>2026-05-28T20:06:12.094Z</time>
			</trkpt>
			<trkpt lat="44.45795" lon="2.62754">
				<ele>555</ele>
				<time>2026-05-28T20:06:26.212Z</time>
			</trkpt>
			<trkpt lat="44.45798" lon="2.62663">
				<ele>552.62</ele>
				<time>2026-05-28T20:06:31.764Z</time>
			</trkpt>
			<trkpt lat="44.45796" lon="2.6264">
				<ele>551.72</ele>
				<time>2026-05-28T20:06:33.194Z</time>
			</trkpt>
			<trkpt lat="44.45777" lon="2.62544">
				<ele>551.98</ele>
				<time>2026-05-28T20:06:39.427Z</time>
			</trkpt>
			<trkpt lat="44.45763" lon="2.62497">
				<ele>549.94</ele>
				<time>2026-05-28T20:06:42.670Z</time>
			</trkpt>
			<trkpt lat="44.45761" lon="2.62448">
				<ele>549.05</ele>
				<time>2026-05-28T20:06:45.832Z</time>
			</trkpt>
			<trkpt lat="44.45753" lon="2.6245">
				<ele>549.02</ele>
				<time>2026-05-28T20:06:46.570Z</time>
			</trkpt>
			<trkpt lat="44.45705" lon="2.62484">
				<ele>547</ele>
				<time>2026-05-28T20:06:51.513Z</time>
			</trkpt>
			<trkpt lat="44.45691" lon="2.6249">
				<ele>547.21</ele>
				<time>2026-05-28T20:06:52.874Z</time>
			</trkpt>
			<trkpt lat="44.45705" lon="2.62484">
				<ele>547</ele>
				<time>2026-05-28T20:06:54.242Z</time>
			</trkpt>
			<trkpt lat="44.45753" lon="2.6245">
				<ele>549.02</ele>
				<time>2026-05-28T20:06:59.330Z</time>
			</trkpt>
			<trkpt lat="44.45761" lon="2.62448">
				<ele>549.05</ele>
				<time>2026-05-28T20:07:00.108Z</time>
			</trkpt>
			<trkpt lat="44.45763" lon="2.62418">
				<ele>549</ele>
				<time>2026-05-28T20:07:02.176Z</time>
			</trkpt>
			<trkpt lat="44.45771" lon="2.62367">
				<ele>549.17</ele>
				<time>2026-05-28T20:07:05.799Z</time>
			</trkpt>
			<trkpt lat="44.45808" lon="2.61992">
				<ele>553.74</ele>
				<time>2026-05-28T20:07:33.657Z</time>
			</trkpt>
			<trkpt lat="44.45828" lon="2.61868">
				<ele>553.95</ele>
				<time>2026-05-28T20:07:45.562Z</time>
			</trkpt>
			<trkpt lat="44.45826" lon="2.61746">
				<ele>550.89</ele>
				<time>2026-05-28T20:07:56.612Z</time>
			</trkpt>
			<trkpt lat="44.4583" lon="2.61703">
				<ele>550.11</ele>
				<time>2026-05-28T20:08:00.140Z</time>
			</trkpt>
			<trkpt lat="44.45841" lon="2.61631">
				<ele>549</ele>
				<time>2026-05-28T20:08:06.095Z</time>
			</trkpt>
			<trkpt lat="44.45854" lon="2.6157">
				<ele>549.25</ele>
				<time>2026-05-28T20:08:11.210Z</time>
			</trkpt>
			<trkpt lat="44.45859" lon="2.61519">
				<ele>550.02</ele>
				<time>2026-05-28T20:08:15.323Z</time>
			</trkpt>
			<trkpt lat="44.45872" lon="2.61244">
				<ele>552.34</ele>
				<time>2026-05-28T20:08:36.993Z</time>
			</trkpt>
			<trkpt lat="44.45873" lon="2.61205">
				<ele>552</ele>
				<time>2026-05-28T20:08:40.015Z</time>
			</trkpt>
			<trkpt lat="44.4587" lon="2.61147">
				<ele>551</ele>
				<time>2026-05-28T20:08:44.497Z</time>
			</trkpt>
			<trkpt lat="44.4586" lon="2.61063">
				<ele>548.52</ele>
				<time>2026-05-28T20:08:51.014Z</time>
			</trkpt>
			<trkpt lat="44.45834" lon="2.60819">
				<ele>555.02</ele>
				<time>2026-05-28T20:09:09.597Z</time>
			</trkpt>
			<trkpt lat="44.4582" lon="2.60738">
				<ele>554.52</ele>
				<time>2026-05-28T20:09:15.776Z</time>
			</trkpt>
			<trkpt lat="44.45778" lon="2.60571">
				<ele>552.47</ele>
				<time>2026-05-28T20:09:28.741Z</time>
			</trkpt>
			<trkpt lat="44.45703" lon="2.60266">
				<ele>550.59</ele>
				<time>2026-05-28T20:09:51.812Z</time>
			</trkpt>
			<trkpt lat="44.45698" lon="2.60233">
				<ele>549.4</ele>
				<time>2026-05-28T20:09:54.184Z</time>
			</trkpt>
			<trkpt lat="44.45696" lon="2.60203">
				<ele>548.2</ele>
				<time>2026-05-28T20:09:56.297Z</time>
			</trkpt>
			<trkpt lat="44.45697" lon="2.59877">
				<ele>552.63</ele>
				<time>2026-05-28T20:10:18.783Z</time>
			</trkpt>
			<trkpt lat="44.45701" lon="2.59811">
				<ele>554.19</ele>
				<time>2026-05-28T20:10:23.270Z</time>
			</trkpt>
			<trkpt lat="44.45708" lon="2.59756">
				<ele>553.49</ele>
				<time>2026-05-28T20:10:27.033Z</time>
			</trkpt>
			<trkpt lat="44.45715" lon="2.59725">
				<ele>553.91</ele>
				<time>2026-05-28T20:10:29.215Z</time>
			</trkpt>
			<trkpt lat="44.45787" lon="2.59451">
				<ele>550</ele>
				<time>2026-05-28T20:10:48.520Z</time>
			</trkpt>
			<trkpt lat="44.45804" lon="2.59384">
				<ele>549.2</ele>
				<time>2026-05-28T20:10:53.146Z</time>
			</trkpt>
			<trkpt lat="44.45827" lon="2.59238">
				<ele>551</ele>
				<time>2026-05-28T20:11:02.779Z</time>
			</trkpt>
			<trkpt lat="44.45871" lon="2.59056">
				<ele>551</ele>
				<time>2026-05-28T20:11:14.975Z</time>
			</trkpt>
			<trkpt lat="44.45917" lon="2.58856">
				<ele>551.75</ele>
				<time>2026-05-28T20:11:28.084Z</time>
			</trkpt>
			<trkpt lat="44.45923" lon="2.58821">
				<ele>550.29</ele>
				<time>2026-05-28T20:11:30.306Z</time>
			</trkpt>
			<trkpt lat="44.45926" lon="2.58772">
				<ele>550.7</ele>
				<time>2026-05-28T20:11:33.331Z</time>
			</trkpt>
			<trkpt lat="44.45926" lon="2.58728">
				<ele>551</ele>
				<time>2026-05-28T20:11:36.027Z</time>
			</trkpt>
			<trkpt lat="44.45896" lon="2.58297">
				<ele>553.55</ele>
				<time>2026-05-28T20:12:02.049Z</time>
			</trkpt>
			<trkpt lat="44.45888" lon="2.58131">
				<ele>555.05</ele>
				<time>2026-05-28T20:12:11.809Z</time>
			</trkpt>
			<trkpt lat="44.45875" lon="2.57512">
				<ele>552.51</ele>
				<time>2026-05-28T20:12:47.068Z</time>
			</trkpt>
			<trkpt lat="44.45879" lon="2.57496">
				<ele>552.61</ele>
				<time>2026-05-28T20:12:48.011Z</time>
			</trkpt>
			<trkpt lat="44.45876" lon="2.5749">
				<ele>552.39</ele>
				<time>2026-05-28T20:12:48.418Z</time>
			</trkpt>
			<trkpt lat="44.45881" lon="2.57482">
				<ele>552.56</ele>
				<time>2026-05-28T20:12:49.009Z</time>
			</trkpt>
			<trkpt lat="44.45879" lon="2.57472">
				<ele>552.29</ele>
				<time>2026-05-28T20:12:49.585Z</time>
			</trkpt>
			<trkpt lat="44.45953" lon="2.57049">
				<ele>558.83</ele>
				<time>2026-05-28T20:13:13.389Z</time>
			</trkpt>
			<trkpt lat="44.45954" lon="2.57029">
				<ele>559.22</ele>
				<time>2026-05-28T20:13:14.468Z</time>
			</trkpt>
			<trkpt lat="44.45954" lon="2.57008">
				<ele>560.22</ele>
				<time>2026-05-28T20:13:15.597Z</time>
			</trkpt>
			<trkpt lat="44.45951" lon="2.56987">
				<ele>561.55</ele>
				<time>2026-05-28T20:13:16.746Z</time>
			</trkpt>
			<trkpt lat="44.45933" lon="2.5689">
				<ele>564.54</ele>
				<time>2026-05-28T20:13:22.106Z</time>
			</trkpt>
			<trkpt lat="44.45916" lon="2.56787">
				<ele>566.61</ele>
				<time>2026-05-28T20:13:27.700Z</time>
			</trkpt>
			<trkpt lat="44.45915" lon="2.56754">
				<ele>567.67</ele>
				<time>2026-05-28T20:13:29.403Z</time>
			</trkpt>
			<trkpt lat="44.4592" lon="2.56706">
				<ele>568.28</ele>
				<time>2026-05-28T20:13:31.859Z</time>
			</trkpt>
			<trkpt lat="44.45874" lon="2.56612">
				<ele>564.94</ele>
				<time>2026-05-28T20:13:37.452Z</time>
			</trkpt>
			<trkpt lat="44.45862" lon="2.56596">
				<ele>564.09</ele>
				<time>2026-05-28T20:13:38.564Z</time>
			</trkpt>
			<trkpt lat="44.45837" lon="2.56578">
				<ele>562.25</ele>
				<time>2026-05-28T20:13:40.435Z</time>
			</trkpt>
			<trkpt lat="44.45798" lon="2.56563">
				<ele>563.48</ele>
				<time>2026-05-28T20:13:43.096Z</time>
			</trkpt>
			<trkpt lat="44.45727" lon="2.56552">
				<ele>568.82</ele>
				<time>2026-05-28T20:13:47.729Z</time>
			</trkpt>
			<trkpt lat="44.4569" lon="2.56536">
				<ele>568.32</ele>
				<time>2026-05-28T20:13:50.219Z</time>
			</trkpt>
			<trkpt lat="44.4558" lon="2.56479">
				<ele>570.35</ele>
				<time>2026-05-28T20:13:57.761Z</time>
			</trkpt>
			<trkpt lat="44.4554" lon="2.56452">
				<ele>570.13</ele>
				<time>2026-05-28T20:14:00.649Z</time>
			</trkpt>
			<trkpt lat="44.45495" lon="2.56415">
				<ele>568.96</ele>
				<time>2026-05-28T20:14:04.088Z</time>
			</trkpt>
			<trkpt lat="44.45428" lon="2.563">
				<ele>565.5</ele>
				<time>2026-05-28T20:14:11.102Z</time>
			</trkpt>
			<trkpt lat="44.45274" lon="2.56106">
				<ele>554.58</ele>
				<time>2026-05-28T20:14:24.714Z</time>
			</trkpt>
			<trkpt lat="44.45053" lon="2.55981">
				<ele>552.02</ele>
				<time>2026-05-28T20:14:40.235Z</time>
			</trkpt>
			<trkpt lat="44.44959" lon="2.5589">
				<ele>556.35</ele>
				<time>2026-05-28T20:14:47.628Z</time>
			</trkpt>
			<trkpt lat="44.44941" lon="2.55867">
				<ele>559.46</ele>
				<time>2026-05-28T20:14:49.201Z</time>
			</trkpt>
			<trkpt lat="44.4493" lon="2.55839">
				<ele>562.47</ele>
				<time>2026-05-28T20:14:50.672Z</time>
			</trkpt>
			<trkpt lat="44.44925" lon="2.5581">
				<ele>564.5</ele>
				<time>2026-05-28T20:14:52.045Z</time>
			</trkpt>
			<trkpt lat="44.44922" lon="2.5573">
				<ele>564.35</ele>
				<time>2026-05-28T20:14:55.727Z</time>
			</trkpt>
			<trkpt lat="44.44908" lon="2.55683">
				<ele>565.76</ele>
				<time>2026-05-28T20:14:58.065Z</time>
			</trkpt>
			<trkpt lat="44.4489" lon="2.55638">
				<ele>565.75</ele>
				<time>2026-05-28T20:15:00.430Z</time>
			</trkpt>
			<trkpt lat="44.44871" lon="2.55609">
				<ele>566.8</ele>
				<time>2026-05-28T20:15:02.233Z</time>
			</trkpt>
			<trkpt lat="44.44854" lon="2.55599">
				<ele>568.21</ele>
				<time>2026-05-28T20:15:03.416Z</time>
			</trkpt>
			<trkpt lat="44.44844" lon="2.55597">
				<ele>568.95</ele>
				<time>2026-05-28T20:15:04.063Z</time>
			</trkpt>
			<trkpt lat="44.44671" lon="2.5561">
				<ele>574.16</ele>
				<time>2026-05-28T20:15:15.146Z</time>
			</trkpt>
			<trkpt lat="44.44619" lon="2.55607">
				<ele>574.75</ele>
				<time>2026-05-28T20:15:18.467Z</time>
			</trkpt>
			<trkpt lat="44.44568" lon="2.55614">
				<ele>572.59</ele>
				<time>2026-05-28T20:15:21.734Z</time>
			</trkpt>
			<trkpt lat="44.44507" lon="2.55635">
				<ele>573.87</ele>
				<time>2026-05-28T20:15:25.734Z</time>
			</trkpt>
			<trkpt lat="44.44446" lon="2.55643">
				<ele>575.23</ele>
				<time>2026-05-28T20:15:29.632Z</time>
			</trkpt>
			<trkpt lat="44.44403" lon="2.55636">
				<ele>575.29</ele>
				<time>2026-05-28T20:15:32.384Z</time>
			</trkpt>
			<trkpt lat="44.44316" lon="2.55603">
				<ele>573.3</ele>
				<time>2026-05-28T20:15:38.108Z</time>
			</trkpt>
			<trkpt lat="44.44176" lon="2.55557">
				<ele>571.72</ele>
				<time>2026-05-28T20:15:47.231Z</time>
			</trkpt>
			<trkpt lat="44.43961" lon="2.55476">
				<ele>567.2</ele>
				<time>2026-05-28T20:16:01.339Z</time>
			</trkpt>
			<trkpt lat="44.43932" lon="2.55457">
				<ele>566</ele>
				<time>2026-05-28T20:16:03.367Z</time>
			</trkpt>
			<trkpt lat="44.43883" lon="2.55396">
				<ele>565.53</ele>
				<time>2026-05-28T20:16:07.520Z</time>
			</trkpt>
			<trkpt lat="44.43718" lon="2.55179">
				<ele>568.27</ele>
				<time>2026-05-28T20:16:21.867Z</time>
			</trkpt>
			<trkpt lat="44.43687" lon="2.55142">
				<ele>569.43</ele>
				<time>2026-05-28T20:16:24.451Z</time>
			</trkpt>
			<trkpt lat="44.43651" lon="2.55107">
				<ele>569.41</ele>
				<time>2026-05-28T20:16:27.232Z</time>
			</trkpt>
			<trkpt lat="44.43584" lon="2.55058">
				<ele>570.05</ele>
				<time>2026-05-28T20:16:32.033Z</time>
			</trkpt>
			<trkpt lat="44.43524" lon="2.55024">
				<ele>569.88</ele>
				<time>2026-05-28T20:16:36.147Z</time>
			</trkpt>
			<trkpt lat="44.43393" lon="2.54939">
				<ele>565.64</ele>
				<time>2026-05-28T20:16:45.340Z</time>
			</trkpt>
			<trkpt lat="44.43354" lon="2.54886">
				<ele>563.4</ele>
				<time>2026-05-28T20:16:48.806Z</time>
			</trkpt>
			<trkpt lat="44.43293" lon="2.54781">
				<ele>560.73</ele>
				<time>2026-05-28T20:16:54.981Z</time>
			</trkpt>
			<trkpt lat="44.43256" lon="2.54712">
				<ele>558</ele>
				<time>2026-05-28T20:16:58.925Z</time>
			</trkpt>
			<trkpt lat="44.43228" lon="2.54668">
				<ele>557.22</ele>
				<time>2026-05-28T20:17:01.622Z</time>
			</trkpt>
			<trkpt lat="44.43207" lon="2.54641">
				<ele>557</ele>
				<time>2026-05-28T20:17:03.450Z</time>
			</trkpt>
			<trkpt lat="44.43182" lon="2.54626">
				<ele>558.09</ele>
				<time>2026-05-28T20:17:05.196Z</time>
			</trkpt>
			<trkpt lat="44.43133" lon="2.54612">
				<ele>559</ele>
				<time>2026-05-28T20:17:08.409Z</time>
			</trkpt>
			<trkpt lat="44.43119" lon="2.54605">
				<ele>559.06</ele>
				<time>2026-05-28T20:17:09.365Z</time>
			</trkpt>
			<trkpt lat="44.43101" lon="2.54589">
				<ele>559</ele>
				<time>2026-05-28T20:17:10.737Z</time>
			</trkpt>
			<trkpt lat="44.43086" lon="2.54566">
				<ele>559.06</ele>
				<time>2026-05-28T20:17:12.169Z</time>
			</trkpt>
			<trkpt lat="44.43038" lon="2.54482">
				<ele>560.79</ele>
				<time>2026-05-28T20:17:17.124Z</time>
			</trkpt>
			<trkpt lat="44.43026" lon="2.54453">
				<ele>560.55</ele>
				<time>2026-05-28T20:17:18.669Z</time>
			</trkpt>
			<trkpt lat="44.43012" lon="2.54396">
				<ele>559.78</ele>
				<time>2026-05-28T20:17:21.453Z</time>
			</trkpt>
			<trkpt lat="44.43002" lon="2.54334">
				<ele>559.46</ele>
				<time>2026-05-28T20:17:24.392Z</time>
			</trkpt>
			<trkpt lat="44.42989" lon="2.54268">
				<ele>557.82</ele>
				<time>2026-05-28T20:17:27.564Z</time>
			</trkpt>
			<trkpt lat="44.42984" lon="2.54251">
				<ele>558.25</ele>
				<time>2026-05-28T20:17:28.416Z</time>
			</trkpt>
			<trkpt lat="44.42977" lon="2.54236">
				<ele>557.97</ele>
				<time>2026-05-28T20:17:29.248Z</time>
			</trkpt>
			<trkpt lat="44.42961" lon="2.54215">
				<ele>558.18</ele>
				<time>2026-05-28T20:17:30.673Z</time>
			</trkpt>
			<trkpt lat="44.42942" lon="2.54199">
				<ele>559.73</ele>
				<time>2026-05-28T20:17:32.116Z</time>
			</trkpt>
			<trkpt lat="44.42899" lon="2.54169">
				<ele>563.5</ele>
				<time>2026-05-28T20:17:35.246Z</time>
			</trkpt>
			<trkpt lat="44.42866" lon="2.54141">
				<ele>564.98</ele>
				<time>2026-05-28T20:17:37.764Z</time>
			</trkpt>
			<trkpt lat="44.42836" lon="2.54107">
				<ele>566.15</ele>
				<time>2026-05-28T20:17:40.287Z</time>
			</trkpt>
			<trkpt lat="44.42795" lon="2.54049">
				<ele>565.72</ele>
				<time>2026-05-28T20:17:44.105Z</time>
			</trkpt>
			<trkpt lat="44.42778" lon="2.54005">
				<ele>566</ele>
				<time>2026-05-28T20:17:46.449Z</time>
			</trkpt>
			<trkpt lat="44.42752" lon="2.53878">
				<ele>565.17</ele>
				<time>2026-05-28T20:17:52.660Z</time>
			</trkpt>
			<trkpt lat="44.42741" lon="2.53847">
				<ele>563.21</ele>
				<time>2026-05-28T20:17:54.291Z</time>
			</trkpt>
			<trkpt lat="44.42726" lon="2.53818">
				<ele>561.07</ele>
				<time>2026-05-28T20:17:55.981Z</time>
			</trkpt>
			<trkpt lat="44.42711" lon="2.53795">
				<ele>560.71</ele>
				<time>2026-05-28T20:17:57.453Z</time>
			</trkpt>
			<trkpt lat="44.42691" lon="2.53773">
				<ele>560.81</ele>
				<time>2026-05-28T20:17:59.137Z</time>
			</trkpt>
			<trkpt lat="44.42651" lon="2.53734">
				<ele>558.93</ele>
				<time>2026-05-28T20:18:02.371Z</time>
			</trkpt>
			<trkpt lat="44.42634" lon="2.53721">
				<ele>557.65</ele>
				<time>2026-05-28T20:18:03.659Z</time>
			</trkpt>
			<trkpt lat="44.42548" lon="2.53694">
				<ele>552</ele>
				<time>2026-05-28T20:18:09.532Z</time>
			</trkpt>
			<trkpt lat="44.42523" lon="2.53683">
				<ele>552.14</ele>
				<time>2026-05-28T20:18:11.284Z</time>
			</trkpt>
			<trkpt lat="44.42502" lon="2.5367">
				<ele>552.91</ele>
				<time>2026-05-28T20:18:12.821Z</time>
			</trkpt>
			<trkpt lat="44.42482" lon="2.53653">
				<ele>552.96</ele>
				<time>2026-05-28T20:18:14.389Z</time>
			</trkpt>
			<trkpt lat="44.42467" lon="2.53633">
				<ele>552.95</ele>
				<time>2026-05-28T20:18:15.779Z</time>
			</trkpt>
			<trkpt lat="44.42442" lon="2.53572">
				<ele>552.08</ele>
				<time>2026-05-28T20:18:19.155Z</time>
			</trkpt>
			<trkpt lat="44.42428" lon="2.53552">
				<ele>552.58</ele>
				<time>2026-05-28T20:18:20.502Z</time>
			</trkpt>
			<trkpt lat="44.42416" lon="2.53546">
				<ele>552.99</ele>
				<time>2026-05-28T20:18:21.361Z</time>
			</trkpt>
			<trkpt lat="44.42401" lon="2.53545">
				<ele>552.27</ele>
				<time>2026-05-28T20:18:22.375Z</time>
			</trkpt>
			<trkpt lat="44.42389" lon="2.53549">
				<ele>551.77</ele>
				<time>2026-05-28T20:18:23.208Z</time>
			</trkpt>
			<trkpt lat="44.42366" lon="2.53567">
				<ele>549.67</ele>
				<time>2026-05-28T20:18:24.989Z</time>
			</trkpt>
			<trkpt lat="44.42355" lon="2.53582">
				<ele>548.21</ele>
				<time>2026-05-28T20:18:26.028Z</time>
			</trkpt>
			<trkpt lat="44.42347" lon="2.53603">
				<ele>547.71</ele>
				<time>2026-05-28T20:18:27.180Z</time>
			</trkpt>
			<trkpt lat="44.4234" lon="2.53662">
				<ele>546.38</ele>
				<time>2026-05-28T20:18:30.078Z</time>
			</trkpt>
			<trkpt lat="44.42334" lon="2.53689">
				<ele>544.34</ele>
				<time>2026-05-28T20:18:31.451Z</time>
			</trkpt>
			<trkpt lat="44.42324" lon="2.53714">
				<ele>543.26</ele>
				<time>2026-05-28T20:18:32.845Z</time>
			</trkpt>
			<trkpt lat="44.42309" lon="2.53745">
				<ele>544.73</ele>
				<time>2026-05-28T20:18:34.668Z</time>
			</trkpt>
			<trkpt lat="44.42292" lon="2.53765">
				<ele>542.58</ele>
				<time>2026-05-28T20:18:36.184Z</time>
			</trkpt>
			<trkpt lat="44.42283" lon="2.5377">
				<ele>540.41</ele>
				<time>2026-05-28T20:18:36.845Z</time>
			</trkpt>
			<trkpt lat="44.42278" lon="2.53767">
				<ele>538.87</ele>
				<time>2026-05-28T20:18:37.217Z</time>
			</trkpt>
			<trkpt lat="44.42276" lon="2.5376">
				<ele>538.07</ele>
				<time>2026-05-28T20:18:37.586Z</time>
			</trkpt>
			<trkpt lat="44.42276" lon="2.53749">
				<ele>537.71</ele>
				<time>2026-05-28T20:18:38.123Z</time>
			</trkpt>
			<trkpt lat="44.42284" lon="2.53727">
				<ele>538.46</ele>
				<time>2026-05-28T20:18:39.330Z</time>
			</trkpt>
			<trkpt lat="44.42289" lon="2.53705">
				<ele>538.17</ele>
				<time>2026-05-28T20:18:40.461Z</time>
			</trkpt>
			<trkpt lat="44.4229" lon="2.53683">
				<ele>536.7</ele>
				<time>2026-05-28T20:18:41.541Z</time>
			</trkpt>
			<trkpt lat="44.42276" lon="2.53398">
				<ele>522.46</ele>
				<time>2026-05-28T20:18:55.642Z</time>
			</trkpt>
			<trkpt lat="44.42288" lon="2.53231">
				<ele>517.22</ele>
				<time>2026-05-28T20:19:04.017Z</time>
			</trkpt>
			<trkpt lat="44.42296" lon="2.53192">
				<ele>517.48</ele>
				<time>2026-05-28T20:19:06.052Z</time>
			</trkpt>
			<trkpt lat="44.42296" lon="2.53177">
				<ele>517.92</ele>
				<time>2026-05-28T20:19:06.805Z</time>
			</trkpt>
			<trkpt lat="44.42295" lon="2.53166">
				<ele>518.25</ele>
				<time>2026-05-28T20:19:07.363Z</time>
			</trkpt>
			<trkpt lat="44.42288" lon="2.5315">
				<ele>517.11</ele>
				<time>2026-05-28T20:19:08.306Z</time>
			</trkpt>
			<trkpt lat="44.42314" lon="2.53121">
				<ele>519.37</ele>
				<time>2026-05-28T20:19:10.651Z</time>
			</trkpt>
			<trkpt lat="44.42327" lon="2.53111">
				<ele>519.59</ele>
				<time>2026-05-28T20:19:11.700Z</time>
			</trkpt>
			<trkpt lat="44.42345" lon="2.53088">
				<ele>518.56</ele>
				<time>2026-05-28T20:19:13.424Z</time>
			</trkpt>
			<trkpt lat="44.42362" lon="2.53076">
				<ele>519.37</ele>
				<time>2026-05-28T20:19:14.774Z</time>
			</trkpt>
			<trkpt lat="44.42382" lon="2.53068">
				<ele>520.98</ele>
				<time>2026-05-28T20:19:16.250Z</time>
			</trkpt>
			<trkpt lat="44.42409" lon="2.53066">
				<ele>521.84</ele>
				<time>2026-05-28T20:19:18.173Z</time>
			</trkpt>
			<trkpt lat="44.4247" lon="2.53076">
				<ele>520.83</ele>
				<time>2026-05-28T20:19:22.554Z</time>
			</trkpt>
			<trkpt lat="44.42528" lon="2.53088">
				<ele>518.88</ele>
				<time>2026-05-28T20:19:26.756Z</time>
			</trkpt>
			<trkpt lat="44.42547" lon="2.53082">
				<ele>517.31</ele>
				<time>2026-05-28T20:19:28.156Z</time>
			</trkpt>
			<trkpt lat="44.42558" lon="2.53073">
				<ele>517.85</ele>
				<time>2026-05-28T20:19:29.073Z</time>
			</trkpt>
			<trkpt lat="44.42568" lon="2.53061">
				<ele>518.76</ele>
				<time>2026-05-28T20:19:30.022Z</time>
			</trkpt>
			<trkpt lat="44.42579" lon="2.53038">
				<ele>518.11</ele>
				<time>2026-05-28T20:19:31.448Z</time>
			</trkpt>
			<trkpt lat="44.4259" lon="2.52964">
				<ele>518.78</ele>
				<time>2026-05-28T20:19:35.353Z</time>
			</trkpt>
			<trkpt lat="44.426" lon="2.52931">
				<ele>518.79</ele>
				<time>2026-05-28T20:19:37.210Z</time>
			</trkpt>
			<trkpt lat="44.42611" lon="2.52916">
				<ele>516</ele>
				<time>2026-05-28T20:19:38.327Z</time>
			</trkpt>
			<trkpt lat="44.42638" lon="2.529">
				<ele>516.87</ele>
				<time>2026-05-28T20:19:40.461Z</time>
			</trkpt>
			<trkpt lat="44.42683" lon="2.52882">
				<ele>511.13</ele>
				<time>2026-05-28T20:19:43.880Z</time>
			</trkpt>
			<trkpt lat="44.42772" lon="2.52864">
				<ele>506.05</ele>
				<time>2026-05-28T20:19:50.510Z</time>
			</trkpt>
			<trkpt lat="44.4281" lon="2.52847">
				<ele>503.85</ele>
				<time>2026-05-28T20:19:53.480Z</time>
			</trkpt>
			<trkpt lat="44.4295" lon="2.52768">
				<ele>504.3</ele>
				<time>2026-05-28T20:20:04.870Z</time>
			</trkpt>
			<trkpt lat="44.42962" lon="2.52753">
				<ele>505.59</ele>
				<time>2026-05-28T20:20:06.098Z</time>
			</trkpt>
			<trkpt lat="44.42969" lon="2.52724">
				<ele>506.23</ele>
				<time>2026-05-28T20:20:07.769Z</time>
			</trkpt>
			<trkpt lat="44.42969" lon="2.52697">
				<ele>506.77</ele>
				<time>2026-05-28T20:20:09.248Z</time>
			</trkpt>
			<trkpt lat="44.42964" lon="2.5268">
				<ele>506.56</ele>
				<time>2026-05-28T20:20:10.256Z</time>
			</trkpt>
			<trkpt lat="44.42948" lon="2.52649">
				<ele>503</ele>
				<time>2026-05-28T20:20:12.360Z</time>
			</trkpt>
			<trkpt lat="44.42906" lon="2.52591">
				<ele>500.44</ele>
				<time>2026-05-28T20:20:16.925Z</time>
			</trkpt>
			<trkpt lat="44.4289" lon="2.52549">
				<ele>498.52</ele>
				<time>2026-05-28T20:20:19.569Z</time>
			</trkpt>
			<trkpt lat="44.4285" lon="2.52417">
				<ele>490.02</ele>
				<time>2026-05-28T20:20:27.590Z</time>
			</trkpt>
			<trkpt lat="44.42817" lon="2.52278">
				<ele>487.77</ele>
				<time>2026-05-28T20:20:35.865Z</time>
			</trkpt>
			<trkpt lat="44.42816" lon="2.5224">
				<ele>480.72</ele>
				<time>2026-05-28T20:20:38.025Z</time>
			</trkpt>
			<trkpt lat="44.42825" lon="2.52203">
				<ele>475.74</ele>
				<time>2026-05-28T20:20:40.251Z</time>
			</trkpt>
			<trkpt lat="44.42844" lon="2.52151">
				<ele>472.59</ele>
				<time>2026-05-28T20:20:43.585Z</time>
			</trkpt>
			<trkpt lat="44.42851" lon="2.52126">
				<ele>471.61</ele>
				<time>2026-05-28T20:20:45.122Z</time>
			</trkpt>
			<trkpt lat="44.42859" lon="2.5208">
				<ele>471.14</ele>
				<time>2026-05-28T20:20:47.836Z</time>
			</trkpt>
			<trkpt lat="44.42868" lon="2.52011">
				<ele>467.04</ele>
				<time>2026-05-28T20:20:51.869Z</time>
			</trkpt>
			<trkpt lat="44.42874" lon="2.51989">
				<ele>465.99</ele>
				<time>2026-05-28T20:20:53.226Z</time>
			</trkpt>
			<trkpt lat="44.42889" lon="2.51963">
				<ele>465.41</ele>
				<time>2026-05-28T20:20:55.155Z</time>
			</trkpt>
			<trkpt lat="44.42927" lon="2.51917">
				<ele>468.61</ele>
				<time>2026-05-28T20:20:59.221Z</time>
			</trkpt>
			<trkpt lat="44.4294" lon="2.519">
				<ele>468.29</ele>
				<time>2026-05-28T20:21:00.664Z</time>
			</trkpt>
			<trkpt lat="44.42961" lon="2.51864">
				<ele>464.32</ele>
				<time>2026-05-28T20:21:03.361Z</time>
			</trkpt>
			<trkpt lat="44.42998" lon="2.51806">
				<ele>459.11</ele>
				<time>2026-05-28T20:21:07.882Z</time>
			</trkpt>
			<trkpt lat="44.43013" lon="2.5178">
				<ele>457.82</ele>
				<time>2026-05-28T20:21:09.829Z</time>
			</trkpt>
			<trkpt lat="44.43058" lon="2.51679">
				<ele>449.64</ele>
				<time>2026-05-28T20:21:16.777Z</time>
			</trkpt>
			<trkpt lat="44.43074" lon="2.51651">
				<ele>448.11</ele>
				<time>2026-05-28T20:21:18.874Z</time>
			</trkpt>
			<trkpt lat="44.43139" lon="2.5157">
				<ele>445.16</ele>
				<time>2026-05-28T20:21:26.013Z</time>
			</trkpt>
			<trkpt lat="44.43156" lon="2.51556">
				<ele>442.74</ele>
				<time>2026-05-28T20:21:27.633Z</time>
			</trkpt>
			<trkpt lat="44.43175" lon="2.51547">
				<ele>441.82</ele>
				<time>2026-05-28T20:21:29.281Z</time>
			</trkpt>
			<trkpt lat="44.43203" lon="2.51539">
				<ele>441.27</ele>
				<time>2026-05-28T20:21:31.631Z</time>
			</trkpt>
			<trkpt lat="44.43225" lon="2.51529">
				<ele>438.75</ele>
				<time>2026-05-28T20:21:33.534Z</time>
			</trkpt>
			<trkpt lat="44.43256" lon="2.51509">
				<ele>435.44</ele>
				<time>2026-05-28T20:21:36.343Z</time>
			</trkpt>
			<trkpt lat="44.43297" lon="2.51497">
				<ele>435.45</ele>
				<time>2026-05-28T20:21:39.792Z</time>
			</trkpt>
			<trkpt lat="44.43356" lon="2.51463">
				<ele>428.62</ele>
				<time>2026-05-28T20:21:45.048Z</time>
			</trkpt>
			<trkpt lat="44.43411" lon="2.51449">
				<ele>429.39</ele>
				<time>2026-05-28T20:21:49.654Z</time>
			</trkpt>
			<trkpt lat="44.4343" lon="2.51441">
				<ele>426.75</ele>
				<time>2026-05-28T20:21:51.288Z</time>
			</trkpt>
			<trkpt lat="44.43446" lon="2.51432">
				<ele>422.74</ele>
				<time>2026-05-28T20:21:52.709Z</time>
			</trkpt>
			<trkpt lat="44.43461" lon="2.51427">
				<ele>421.29</ele>
				<time>2026-05-28T20:21:53.979Z</time>
			</trkpt>
			<trkpt lat="44.43477" lon="2.51426">
				<ele>421.46</ele>
				<time>2026-05-28T20:21:55.298Z</time>
			</trkpt>
			<trkpt lat="44.43491" lon="2.51434">
				<ele>423.43</ele>
				<time>2026-05-28T20:21:56.543Z</time>
			</trkpt>
			<trkpt lat="44.43508" lon="2.51448">
				<ele>425.06</ele>
				<time>2026-05-28T20:21:58.167Z</time>
			</trkpt>
			<trkpt lat="44.43526" lon="2.51469">
				<ele>423.91</ele>
				<time>2026-05-28T20:22:00.096Z</time>
			</trkpt>
			<trkpt lat="44.43536" lon="2.51475">
				<ele>423.37</ele>
				<time>2026-05-28T20:22:00.991Z</time>
			</trkpt>
			<trkpt lat="44.43538" lon="2.51476">
				<ele>423.04</ele>
				<time>2026-05-28T20:22:01.166Z</time>
			</trkpt>
			<trkpt lat="44.43552" lon="2.51477">
				<ele>421.06</ele>
				<time>2026-05-28T20:22:02.319Z</time>
			</trkpt>
			<trkpt lat="44.43572" lon="2.5147">
				<ele>420.39</ele>
				<time>2026-05-28T20:22:04.015Z</time>
			</trkpt>
			<trkpt lat="44.43626" lon="2.51442">
				<ele>415.59</ele>
				<time>2026-05-28T20:22:08.748Z</time>
			</trkpt>
			<trkpt lat="44.43652" lon="2.51425">
				<ele>413.15</ele>
				<time>2026-05-28T20:22:11.104Z</time>
			</trkpt>
			<trkpt lat="44.43626" lon="2.51442">
				<ele>415.59</ele>
				<time>2026-05-28T20:22:13.458Z</time>
			</trkpt>
			<trkpt lat="44.43572" lon="2.5147">
				<ele>420.39</ele>
				<time>2026-05-28T20:22:18.177Z</time>
			</trkpt>
			<trkpt lat="44.43552" lon="2.51477">
				<ele>421.06</ele>
				<time>2026-05-28T20:22:19.864Z</time>
			</trkpt>
			<trkpt lat="44.43538" lon="2.51476">
				<ele>423.04</ele>
				<time>2026-05-28T20:22:21.010Z</time>
			</trkpt>
			<trkpt lat="44.43536" lon="2.51475">
				<ele>423.37</ele>
				<time>2026-05-28T20:22:21.184Z</time>
			</trkpt>
			<trkpt lat="44.43526" lon="2.51469">
				<ele>423.91</ele>
				<time>2026-05-28T20:22:22.073Z</time>
			</trkpt>
			<trkpt lat="44.43508" lon="2.51448">
				<ele>425.06</ele>
				<time>2026-05-28T20:22:23.987Z</time>
			</trkpt>
			<trkpt lat="44.43491" lon="2.51434">
				<ele>423.43</ele>
				<time>2026-05-28T20:22:25.597Z</time>
			</trkpt>
			<trkpt lat="44.43477" lon="2.51426">
				<ele>421.46</ele>
				<time>2026-05-28T20:22:26.830Z</time>
			</trkpt>
			<trkpt lat="44.43461" lon="2.51427">
				<ele>421.29</ele>
				<time>2026-05-28T20:22:28.135Z</time>
			</trkpt>
			<trkpt lat="44.43446" lon="2.51432">
				<ele>422.74</ele>
				<time>2026-05-28T20:22:29.391Z</time>
			</trkpt>
			<trkpt lat="44.4343" lon="2.51441">
				<ele>426.75</ele>
				<time>2026-05-28T20:22:30.794Z</time>
			</trkpt>
			<trkpt lat="44.43411" lon="2.51449">
				<ele>429.39</ele>
				<time>2026-05-28T20:22:32.407Z</time>
			</trkpt>
			<trkpt lat="44.43356" lon="2.51463">
				<ele>428.62</ele>
				<time>2026-05-28T20:22:36.943Z</time>
			</trkpt>
			<trkpt lat="44.43297" lon="2.51497">
				<ele>435.45</ele>
				<time>2026-05-28T20:22:42.102Z</time>
			</trkpt>
			<trkpt lat="44.43256" lon="2.51509">
				<ele>435.44</ele>
				<time>2026-05-28T20:22:45.478Z</time>
			</trkpt>
			<trkpt lat="44.43225" lon="2.51529">
				<ele>438.75</ele>
				<time>2026-05-28T20:22:48.222Z</time>
			</trkpt>
			<trkpt lat="44.43203" lon="2.51539">
				<ele>441.27</ele>
				<time>2026-05-28T20:22:50.078Z</time>
			</trkpt>
			<trkpt lat="44.43175" lon="2.51547">
				<ele>441.82</ele>
				<time>2026-05-28T20:22:52.367Z</time>
			</trkpt>
			<trkpt lat="44.43156" lon="2.51556">
				<ele>442.74</ele>
				<time>2026-05-28T20:22:53.972Z</time>
			</trkpt>
			<trkpt lat="44.43139" lon="2.5157">
				<ele>445.16</ele>
				<time>2026-05-28T20:22:55.550Z</time>
			</trkpt>
			<trkpt lat="44.43074" lon="2.51651">
				<ele>448.11</ele>
				<time>2026-05-28T20:23:02.499Z</time>
			</trkpt>
			<trkpt lat="44.43058" lon="2.51679">
				<ele>449.64</ele>
				<time>2026-05-28T20:23:04.541Z</time>
			</trkpt>
			<trkpt lat="44.43013" lon="2.5178">
				<ele>457.82</ele>
				<time>2026-05-28T20:23:11.312Z</time>
			</trkpt>
			<trkpt lat="44.42998" lon="2.51806">
				<ele>459.11</ele>
				<time>2026-05-28T20:23:13.211Z</time>
			</trkpt>
			<trkpt lat="44.42961" lon="2.51864">
				<ele>464.32</ele>
				<time>2026-05-28T20:23:17.627Z</time>
			</trkpt>
			<trkpt lat="44.4294" lon="2.519">
				<ele>468.29</ele>
				<time>2026-05-28T20:23:20.264Z</time>
			</trkpt>
			<trkpt lat="44.42927" lon="2.51917">
				<ele>468.61</ele>
				<time>2026-05-28T20:23:21.676Z</time>
			</trkpt>
			<trkpt lat="44.42889" lon="2.51963">
				<ele>465.41</ele>
				<time>2026-05-28T20:23:25.663Z</time>
			</trkpt>
			<trkpt lat="44.42874" lon="2.51989">
				<ele>465.99</ele>
				<time>2026-05-28T20:23:27.556Z</time>
			</trkpt>
			<trkpt lat="44.42868" lon="2.52011">
				<ele>467.04</ele>
				<time>2026-05-28T20:23:28.890Z</time>
			</trkpt>
			<trkpt lat="44.42859" lon="2.5208">
				<ele>471.14</ele>
				<time>2026-05-28T20:23:32.861Z</time>
			</trkpt>
			<trkpt lat="44.42851" lon="2.52126">
				<ele>471.61</ele>
				<time>2026-05-28T20:23:35.540Z</time>
			</trkpt>
			<trkpt lat="44.42844" lon="2.52151">
				<ele>472.59</ele>
				<time>2026-05-28T20:23:37.059Z</time>
			</trkpt>
			<trkpt lat="44.42825" lon="2.52203">
				<ele>475.74</ele>
				<time>2026-05-28T20:23:40.363Z</time>
			</trkpt>
			<trkpt lat="44.42816" lon="2.5224">
				<ele>480.72</ele>
				<time>2026-05-28T20:23:42.573Z</time>
			</trkpt>
			<trkpt lat="44.42817" lon="2.52278">
				<ele>487.77</ele>
				<time>2026-05-28T20:23:44.723Z</time>
			</trkpt>
			<trkpt lat="44.4285" lon="2.52417">
				<ele>490.02</ele>
				<time>2026-05-28T20:23:53.003Z</time>
			</trkpt>
			<trkpt lat="44.4289" lon="2.52549">
				<ele>498.52</ele>
				<time>2026-05-28T20:24:01.109Z</time>
			</trkpt>
			<trkpt lat="44.42906" lon="2.52591">
				<ele>500.44</ele>
				<time>2026-05-28T20:24:03.800Z</time>
			</trkpt>
			<trkpt lat="44.42948" lon="2.52649">
				<ele>503</ele>
				<time>2026-05-28T20:24:08.471Z</time>
			</trkpt>
			<trkpt lat="44.42964" lon="2.5268">
				<ele>506.56</ele>
				<time>2026-05-28T20:24:10.635Z</time>
			</trkpt>
			<trkpt lat="44.42969" lon="2.52697">
				<ele>506.77</ele>
				<time>2026-05-28T20:24:11.675Z</time>
			</trkpt>
			<trkpt lat="44.42969" lon="2.52724">
				<ele>506.23</ele>
				<time>2026-05-28T20:24:13.203Z</time>
			</trkpt>
			<trkpt lat="44.42962" lon="2.52753">
				<ele>505.59</ele>
				<time>2026-05-28T20:24:14.935Z</time>
			</trkpt>
			<trkpt lat="44.4295" lon="2.52768">
				<ele>504.3</ele>
				<time>2026-05-28T20:24:16.210Z</time>
			</trkpt>
			<trkpt lat="44.4281" lon="2.52847">
				<ele>503.85</ele>
				<time>2026-05-28T20:24:28.188Z</time>
			</trkpt>
			<trkpt lat="44.42772" lon="2.52864">
				<ele>506.05</ele>
				<time>2026-05-28T20:24:31.358Z</time>
			</trkpt>
			<trkpt lat="44.42683" lon="2.52882">
				<ele>511.13</ele>
				<time>2026-05-28T20:24:38.513Z</time>
			</trkpt>
			<trkpt lat="44.42638" lon="2.529">
				<ele>516.87</ele>
				<time>2026-05-28T20:24:42.242Z</time>
			</trkpt>
			<trkpt lat="44.42611" lon="2.52916">
				<ele>516</ele>
				<time>2026-05-28T20:24:44.580Z</time>
			</trkpt>
			<trkpt lat="44.426" lon="2.52931">
				<ele>518.79</ele>
				<time>2026-05-28T20:24:45.805Z</time>
			</trkpt>
			<trkpt lat="44.4259" lon="2.52964">
				<ele>518.78</ele>
				<time>2026-05-28T20:24:47.849Z</time>
			</trkpt>
			<trkpt lat="44.42579" lon="2.53038">
				<ele>518.11</ele>
				<time>2026-05-28T20:24:52.163Z</time>
			</trkpt>
			<trkpt lat="44.42568" lon="2.53061">
				<ele>518.76</ele>
				<time>2026-05-28T20:24:53.744Z</time>
			</trkpt>
			<trkpt lat="44.42558" lon="2.53073">
				<ele>517.85</ele>
				<time>2026-05-28T20:24:54.798Z</time>
			</trkpt>
			<trkpt lat="44.42547" lon="2.53082">
				<ele>517.31</ele>
				<time>2026-05-28T20:24:55.819Z</time>
			</trkpt>
			<trkpt lat="44.42528" lon="2.53088">
				<ele>518.88</ele>
				<time>2026-05-28T20:24:57.379Z</time>
			</trkpt>
			<trkpt lat="44.4247" lon="2.53076">
				<ele>520.83</ele>
				<time>2026-05-28T20:25:02.081Z</time>
			</trkpt>
			<trkpt lat="44.42409" lon="2.53066">
				<ele>521.84</ele>
				<time>2026-05-28T20:25:07.017Z</time>
			</trkpt>
			<trkpt lat="44.42382" lon="2.53068">
				<ele>520.98</ele>
				<time>2026-05-28T20:25:09.193Z</time>
			</trkpt>
			<trkpt lat="44.42362" lon="2.53076">
				<ele>519.37</ele>
				<time>2026-05-28T20:25:10.868Z</time>
			</trkpt>
			<trkpt lat="44.42345" lon="2.53088">
				<ele>518.56</ele>
				<time>2026-05-28T20:25:12.403Z</time>
			</trkpt>
			<trkpt lat="44.42324" lon="2.53106">
				<ele>518.9</ele>
				<time>2026-05-28T20:25:14.389Z</time>
			</trkpt>
			<trkpt lat="44.42314" lon="2.53121">
				<ele>519.37</ele>
				<time>2026-05-28T20:25:15.573Z</time>
			</trkpt>
			<trkpt lat="44.42288" lon="2.5315">
				<ele>517.11</ele>
				<time>2026-05-28T20:25:18.259Z</time>
			</trkpt>
			<trkpt lat="44.42282" lon="2.53139">
				<ele>516.46</ele>
				<time>2026-05-28T20:25:19.058Z</time>
			</trkpt>
			<trkpt lat="44.42249" lon="2.53124">
				<ele>512.49</ele>
				<time>2026-05-28T20:25:21.867Z</time>
			</trkpt>
			<trkpt lat="44.42227" lon="2.53106">
				<ele>511.82</ele>
				<time>2026-05-28T20:25:23.933Z</time>
			</trkpt>
			<trkpt lat="44.42178" lon="2.53038">
				<ele>512.33</ele>
				<time>2026-05-28T20:25:29.536Z</time>
			</trkpt>
			<trkpt lat="44.42141" lon="2.53">
				<ele>513.9</ele>
				<time>2026-05-28T20:25:33.273Z</time>
			</trkpt>
			<trkpt lat="44.42101" lon="2.52975">
				<ele>513.13</ele>
				<time>2026-05-28T20:25:36.847Z</time>
			</trkpt>
			<trkpt lat="44.42077" lon="2.52936">
				<ele>516.34</ele>
				<time>2026-05-28T20:25:39.853Z</time>
			</trkpt>
			<trkpt lat="44.42058" lon="2.52896">
				<ele>518.32</ele>
				<time>2026-05-28T20:25:42.663Z</time>
			</trkpt>
			<trkpt lat="44.42044" lon="2.52849">
				<ele>518.73</ele>
				<time>2026-05-28T20:25:45.647Z</time>
			</trkpt>
			<trkpt lat="44.42033" lon="2.52803">
				<ele>520.34</ele>
				<time>2026-05-28T20:25:48.495Z</time>
			</trkpt>
			<trkpt lat="44.42018" lon="2.52756">
				<ele>521.52</ele>
				<time>2026-05-28T20:25:51.523Z</time>
			</trkpt>
			<trkpt lat="44.41962" lon="2.52651">
				<ele>524.17</ele>
				<time>2026-05-28T20:25:59.258Z</time>
			</trkpt>
			<trkpt lat="44.41929" lon="2.52593">
				<ele>522.86</ele>
				<time>2026-05-28T20:26:03.665Z</time>
			</trkpt>
			<trkpt lat="44.4189" lon="2.52538">
				<ele>525.88</ele>
				<time>2026-05-28T20:26:08.307Z</time>
			</trkpt>
			<trkpt lat="44.41859" lon="2.52509">
				<ele>525.38</ele>
				<time>2026-05-28T20:26:11.453Z</time>
			</trkpt>
			<trkpt lat="44.41841" lon="2.52501">
				<ele>526.24</ele>
				<time>2026-05-28T20:26:13.053Z</time>
			</trkpt>
			<trkpt lat="44.4182" lon="2.52497">
				<ele>527.52</ele>
				<time>2026-05-28T20:26:14.854Z</time>
			</trkpt>
			<trkpt lat="44.41767" lon="2.52492">
				<ele>528.98</ele>
				<time>2026-05-28T20:26:19.388Z</time>
			</trkpt>
			<trkpt lat="44.41708" lon="2.52491">
				<ele>531.69</ele>
				<time>2026-05-28T20:26:24.459Z</time>
			</trkpt>
			<trkpt lat="44.41665" lon="2.52495">
				<ele>529.45</ele>
				<time>2026-05-28T20:26:28.186Z</time>
			</trkpt>
			<trkpt lat="44.4164" lon="2.52504">
				<ele>528.69</ele>
				<time>2026-05-28T20:26:30.426Z</time>
			</trkpt>
			<trkpt lat="44.41623" lon="2.52513">
				<ele>528.83</ele>
				<time>2026-05-28T20:26:32.007Z</time>
			</trkpt>
			<trkpt lat="44.41581" lon="2.52547">
				<ele>527.37</ele>
				<time>2026-05-28T20:26:36.243Z</time>
			</trkpt>
			<trkpt lat="44.41555" lon="2.52566">
				<ele>528.58</ele>
				<time>2026-05-28T20:26:38.814Z</time>
			</trkpt>
			<trkpt lat="44.41529" lon="2.52574">
				<ele>529.13</ele>
				<time>2026-05-28T20:26:41.154Z</time>
			</trkpt>
			<trkpt lat="44.41506" lon="2.52572">
				<ele>529.13</ele>
				<time>2026-05-28T20:26:43.184Z</time>
			</trkpt>
			<trkpt lat="44.4147" lon="2.52563">
				<ele>531.37</ele>
				<time>2026-05-28T20:26:46.415Z</time>
			</trkpt>
			<trkpt lat="44.41406" lon="2.52542">
				<ele>531.08</ele>
				<time>2026-05-28T20:26:52.248Z</time>
			</trkpt>
			<trkpt lat="44.41363" lon="2.52514">
				<ele>530.42</ele>
				<time>2026-05-28T20:26:56.476Z</time>
			</trkpt>
			<trkpt lat="44.41324" lon="2.52495">
				<ele>531.31</ele>
				<time>2026-05-28T20:27:00.170Z</time>
			</trkpt>
			<trkpt lat="44.41291" lon="2.52488">
				<ele>532.5</ele>
				<time>2026-05-28T20:27:03.164Z</time>
			</trkpt>
			<trkpt lat="44.41145" lon="2.52474">
				<ele>538.32</ele>
				<time>2026-05-28T20:27:16.366Z</time>
			</trkpt>
			<trkpt lat="44.4113" lon="2.52469">
				<ele>538.21</ele>
				<time>2026-05-28T20:27:17.763Z</time>
			</trkpt>
			<trkpt lat="44.41109" lon="2.52451">
				<ele>539.17</ele>
				<time>2026-05-28T20:27:19.997Z</time>
			</trkpt>
			<trkpt lat="44.41099" lon="2.52437">
				<ele>540.24</ele>
				<time>2026-05-28T20:27:21.282Z</time>
			</trkpt>
			<trkpt lat="44.41087" lon="2.5241">
				<ele>541.77</ele>
				<time>2026-05-28T20:27:23.346Z</time>
			</trkpt>
			<trkpt lat="44.41059" lon="2.52339">
				<ele>540.63</ele>
				<time>2026-05-28T20:27:28.622Z</time>
			</trkpt>
			<trkpt lat="44.4106" lon="2.52162">
				<ele>545.74</ele>
				<time>2026-05-28T20:27:40.175Z</time>
			</trkpt>
			<trkpt lat="44.41059" lon="2.52138">
				<ele>548.15</ele>
				<time>2026-05-28T20:27:41.747Z</time>
			</trkpt>
			<trkpt lat="44.41054" lon="2.52118">
				<ele>549.5</ele>
				<time>2026-05-28T20:27:43.134Z</time>
			</trkpt>
			<trkpt lat="44.41049" lon="2.52111">
				<ele>550.17</ele>
				<time>2026-05-28T20:27:43.782Z</time>
			</trkpt>
			<trkpt lat="44.41011" lon="2.52086">
				<ele>553</ele>
				<time>2026-05-28T20:27:47.631Z</time>
			</trkpt>
			<trkpt lat="44.4099" lon="2.52035">
				<ele>556.79</ele>
				<time>2026-05-28T20:27:51.490Z</time>
			</trkpt>
			<trkpt lat="44.40986" lon="2.52021">
				<ele>557.86</ele>
				<time>2026-05-28T20:27:52.479Z</time>
			</trkpt>
			<trkpt lat="44.40981" lon="2.51969">
				<ele>560.22</ele>
				<time>2026-05-28T20:27:55.920Z</time>
			</trkpt>
			<trkpt lat="44.40975" lon="2.5195">
				<ele>561.58</ele>
				<time>2026-05-28T20:27:57.283Z</time>
			</trkpt>
			<trkpt lat="44.40967" lon="2.51934">
				<ele>561.81</ele>
				<time>2026-05-28T20:27:58.565Z</time>
			</trkpt>
			<trkpt lat="44.4089" lon="2.5186">
				<ele>564</ele>
				<time>2026-05-28T20:28:07.147Z</time>
			</trkpt>
			<trkpt lat="44.40808" lon="2.51795">
				<ele>567.04</ele>
				<time>2026-05-28T20:28:15.805Z</time>
			</trkpt>
			<trkpt lat="44.40771" lon="2.51767">
				<ele>565.72</ele>
				<time>2026-05-28T20:28:19.667Z</time>
			</trkpt>
			<trkpt lat="44.40746" lon="2.51744">
				<ele>565.93</ele>
				<time>2026-05-28T20:28:22.412Z</time>
			</trkpt>
			<trkpt lat="44.40732" lon="2.51726">
				<ele>565.8</ele>
				<time>2026-05-28T20:28:24.156Z</time>
			</trkpt>
			<trkpt lat="44.40721" lon="2.51708">
				<ele>566.04</ele>
				<time>2026-05-28T20:28:25.708Z</time>
			</trkpt>
			<trkpt lat="44.4071" lon="2.51687">
				<ele>566.41</ele>
				<time>2026-05-28T20:28:27.413Z</time>
			</trkpt>
			<trkpt lat="44.40701" lon="2.51663">
				<ele>566.72</ele>
				<time>2026-05-28T20:28:29.187Z</time>
			</trkpt>
			<trkpt lat="44.40693" lon="2.51628">
				<ele>566.29</ele>
				<time>2026-05-28T20:28:31.591Z</time>
			</trkpt>
			<trkpt lat="44.40682" lon="2.51595">
				<ele>564.73</ele>
				<time>2026-05-28T20:28:33.972Z</time>
			</trkpt>
			<trkpt lat="44.40667" lon="2.51566">
				<ele>563.78</ele>
				<time>2026-05-28T20:28:36.310Z</time>
			</trkpt>
			<trkpt lat="44.40649" lon="2.51541">
				<ele>563</ele>
				<time>2026-05-28T20:28:38.627Z</time>
			</trkpt>
			<trkpt lat="44.40635" lon="2.51528">
				<ele>563.13</ele>
				<time>2026-05-28T20:28:40.160Z</time>
			</trkpt>
			<trkpt lat="44.4058" lon="2.51496">
				<ele>567</ele>
				<time>2026-05-28T20:28:45.590Z</time>
			</trkpt>
			<trkpt lat="44.40562" lon="2.51483">
				<ele>567</ele>
				<time>2026-05-28T20:28:47.433Z</time>
			</trkpt>
			<trkpt lat="44.40543" lon="2.51466">
				<ele>566.99</ele>
				<time>2026-05-28T20:28:49.484Z</time>
			</trkpt>
			<trkpt lat="44.4048" lon="2.51392">
				<ele>566.44</ele>
				<time>2026-05-28T20:28:56.942Z</time>
			</trkpt>
			<trkpt lat="44.40458" lon="2.51369">
				<ele>567.99</ele>
				<time>2026-05-28T20:28:59.425Z</time>
			</trkpt>
			<trkpt lat="44.40435" lon="2.51351">
				<ele>569.94</ele>
				<time>2026-05-28T20:29:01.804Z</time>
			</trkpt>
			<trkpt lat="44.4041" lon="2.51342">
				<ele>572.23</ele>
				<time>2026-05-28T20:29:04.131Z</time>
			</trkpt>
			<trkpt lat="44.40375" lon="2.51339">
				<ele>573.48</ele>
				<time>2026-05-28T20:29:07.285Z</time>
			</trkpt>
			<trkpt lat="44.40291" lon="2.51346">
				<ele>573.99</ele>
				<time>2026-05-28T20:29:14.824Z</time>
			</trkpt>
			<trkpt lat="44.40181" lon="2.51334">
				<ele>573.97</ele>
				<time>2026-05-28T20:29:24.636Z</time>
			</trkpt>
			<trkpt lat="44.40115" lon="2.51321">
				<ele>574.48</ele>
				<time>2026-05-28T20:29:30.518Z</time>
			</trkpt>
			<trkpt lat="44.40019" lon="2.51291">
				<ele>576.5</ele>
				<time>2026-05-28T20:29:39.130Z</time>
			</trkpt>
			<trkpt lat="44.39915" lon="2.51253">
				<ele>576.11</ele>
				<time>2026-05-28T20:29:48.438Z</time>
			</trkpt>
			<trkpt lat="44.3989" lon="2.5124">
				<ele>575.64</ele>
				<time>2026-05-28T20:29:50.730Z</time>
			</trkpt>
			<trkpt lat="44.39807" lon="2.51186">
				<ele>581.1</ele>
				<time>2026-05-28T20:29:58.538Z</time>
			</trkpt>
			<trkpt lat="44.39733" lon="2.51136">
				<ele>581.2</ele>
				<time>2026-05-28T20:30:05.467Z</time>
			</trkpt>
			<trkpt lat="44.39687" lon="2.51103">
				<ele>586.33</ele>
				<time>2026-05-28T20:30:09.785Z</time>
			</trkpt>
			<trkpt lat="44.39644" lon="2.51083">
				<ele>588</ele>
				<time>2026-05-28T20:30:13.542Z</time>
			</trkpt>
			<trkpt lat="44.39519" lon="2.51052">
				<ele>579.48</ele>
				<time>2026-05-28T20:30:23.927Z</time>
			</trkpt>
			<trkpt lat="44.39485" lon="2.5104">
				<ele>578.79</ele>
				<time>2026-05-28T20:30:26.756Z</time>
			</trkpt>
			<trkpt lat="44.39465" lon="2.51024">
				<ele>578.92</ele>
				<time>2026-05-28T20:30:28.605Z</time>
			</trkpt>
			<trkpt lat="44.39452" lon="2.51006">
				<ele>577.86</ele>
				<time>2026-05-28T20:30:30.068Z</time>
			</trkpt>
			<trkpt lat="44.39441" lon="2.50984">
				<ele>576.45</ele>
				<time>2026-05-28T20:30:31.597Z</time>
			</trkpt>
			<trkpt lat="44.39428" lon="2.5094">
				<ele>579.08</ele>
				<time>2026-05-28T20:30:34.295Z</time>
			</trkpt>
			<trkpt lat="44.39417" lon="2.50948">
				<ele>578.69</ele>
				<time>2026-05-28T20:30:35.274Z</time>
			</trkpt>
			<trkpt lat="44.39412" lon="2.50946">
				<ele>578.67</ele>
				<time>2026-05-28T20:30:35.684Z</time>
			</trkpt>
			<trkpt lat="44.39334" lon="2.51008">
				<ele>574.67</ele>
				<time>2026-05-28T20:30:42.688Z</time>
			</trkpt>
			<trkpt lat="44.39251" lon="2.51059">
				<ele>576.8</ele>
				<time>2026-05-28T20:30:49.634Z</time>
			</trkpt>
			<trkpt lat="44.3903" lon="2.51187">
				<ele>584.89</ele>
				<time>2026-05-28T20:31:07.277Z</time>
			</trkpt>
			<trkpt lat="44.38982" lon="2.51219">
				<ele>589.62</ele>
				<time>2026-05-28T20:31:11.056Z</time>
			</trkpt>
			<trkpt lat="44.3893" lon="2.51264">
				<ele>593.03</ele>
				<time>2026-05-28T20:31:15.318Z</time>
			</trkpt>
			<trkpt lat="44.38889" lon="2.51307">
				<ele>594</ele>
				<time>2026-05-28T20:31:18.798Z</time>
			</trkpt>
			<trkpt lat="44.38794" lon="2.51417">
				<ele>598.17</ele>
				<time>2026-05-28T20:31:26.853Z</time>
			</trkpt>
			<trkpt lat="44.38714" lon="2.51502">
				<ele>603.09</ele>
				<time>2026-05-28T20:31:33.111Z</time>
			</trkpt>
			<trkpt lat="44.38712" lon="2.51509">
				<ele>603.32</ele>
				<time>2026-05-28T20:31:33.440Z</time>
			</trkpt>
			<trkpt lat="44.38683" lon="2.51536">
				<ele>604.45</ele>
				<time>2026-05-28T20:31:35.548Z</time>
			</trkpt>
			<trkpt lat="44.38629" lon="2.51617">
				<ele>606.07</ele>
				<time>2026-05-28T20:31:40.239Z</time>
			</trkpt>
			<trkpt lat="44.38621" lon="2.51621">
				<ele>606.21</ele>
				<time>2026-05-28T20:31:40.735Z</time>
			</trkpt>
			<trkpt lat="44.38599" lon="2.51652">
				<ele>607.4</ele>
				<time>2026-05-28T20:31:42.544Z</time>
			</trkpt>
			<trkpt lat="44.38553" lon="2.51748">
				<ele>609.16</ele>
				<time>2026-05-28T20:31:47.243Z</time>
			</trkpt>
			<trkpt lat="44.38534" lon="2.51796">
				<ele>610.32</ele>
				<time>2026-05-28T20:31:49.434Z</time>
			</trkpt>
			<trkpt lat="44.38518" lon="2.51844">
				<ele>608.66</ele>
				<time>2026-05-28T20:31:51.526Z</time>
			</trkpt>
			<trkpt lat="44.38357" lon="2.5239">
				<ele>600.81</ele>
				<time>2026-05-28T20:32:13.842Z</time>
			</trkpt>
			<trkpt lat="44.38322" lon="2.52491">
				<ele>598.49</ele>
				<time>2026-05-28T20:32:17.982Z</time>
			</trkpt>
			<trkpt lat="44.38297" lon="2.52578">
				<ele>599.42</ele>
				<time>2026-05-28T20:32:21.444Z</time>
			</trkpt>
			<trkpt lat="44.38285" lon="2.52622">
				<ele>597.31</ele>
				<time>2026-05-28T20:32:23.187Z</time>
			</trkpt>
			<trkpt lat="44.38271" lon="2.52685">
				<ele>595.31</ele>
				<time>2026-05-28T20:32:25.636Z</time>
			</trkpt>
			<trkpt lat="44.38261" lon="2.52749">
				<ele>594.41</ele>
				<time>2026-05-28T20:32:28.079Z</time>
			</trkpt>
			<trkpt lat="44.38254" lon="2.5282">
				<ele>594.18</ele>
				<time>2026-05-28T20:32:30.768Z</time>
			</trkpt>
			<trkpt lat="44.38223" lon="2.53013">
				<ele>588.64</ele>
				<time>2026-05-28T20:32:38.315Z</time>
			</trkpt>
			<trkpt lat="44.38211" lon="2.53072">
				<ele>590</ele>
				<time>2026-05-28T20:32:40.702Z</time>
			</trkpt>
			<trkpt lat="44.38199" lon="2.53114">
				<ele>592</ele>
				<time>2026-05-28T20:32:42.478Z</time>
			</trkpt>
			<trkpt lat="44.38171" lon="2.53187">
				<ele>592</ele>
				<time>2026-05-28T20:32:45.773Z</time>
			</trkpt>
			<trkpt lat="44.38139" lon="2.53246">
				<ele>592.02</ele>
				<time>2026-05-28T20:32:48.767Z</time>
			</trkpt>
			<trkpt lat="44.38036" lon="2.53396">
				<ele>596.35</ele>
				<time>2026-05-28T20:32:57.460Z</time>
			</trkpt>
			<trkpt lat="44.3792" lon="2.53574">
				<ele>594.87</ele>
				<time>2026-05-28T20:33:08.154Z</time>
			</trkpt>
			<trkpt lat="44.379" lon="2.53594">
				<ele>596.12</ele>
				<time>2026-05-28T20:33:09.744Z</time>
			</trkpt>
			<trkpt lat="44.37896" lon="2.53592">
				<ele>596.17</ele>
				<time>2026-05-28T20:33:10.021Z</time>
			</trkpt>
			<trkpt lat="44.37887" lon="2.53596">
				<ele>596.53</ele>
				<time>2026-05-28T20:33:10.637Z</time>
			</trkpt>
			<trkpt lat="44.37862" lon="2.53592">
				<ele>597.27</ele>
				<time>2026-05-28T20:33:12.293Z</time>
			</trkpt>
			<trkpt lat="44.37847" lon="2.53586">
				<ele>598.05</ele>
				<time>2026-05-28T20:33:13.329Z</time>
			</trkpt>
			<trkpt lat="44.37727" lon="2.53559">
				<ele>599.05</ele>
				<time>2026-05-28T20:33:21.657Z</time>
			</trkpt>
			<trkpt lat="44.37653" lon="2.53537">
				<ele>594.78</ele>
				<time>2026-05-28T20:33:27.089Z</time>
			</trkpt>
			<trkpt lat="44.37586" lon="2.53511">
				<ele>594.9</ele>
				<time>2026-05-28T20:33:32.262Z</time>
			</trkpt>
			<trkpt lat="44.37455" lon="2.53455">
				<ele>593.39</ele>
				<time>2026-05-28T20:33:43.000Z</time>
			</trkpt>
			<trkpt lat="44.3729" lon="2.53383">
				<ele>592</ele>
				<time>2026-05-28T20:33:57.936Z</time>
			</trkpt>
			<trkpt lat="44.37256" lon="2.53372">
				<ele>590.43</ele>
				<time>2026-05-28T20:34:01.214Z</time>
			</trkpt>
			<trkpt lat="44.37035" lon="2.53345">
				<ele>589.4</ele>
				<time>2026-05-28T20:34:23.964Z</time>
			</trkpt>
			<trkpt lat="44.36906" lon="2.53332">
				<ele>584.88</ele>
				<time>2026-05-28T20:34:38.606Z</time>
			</trkpt>
			<trkpt lat="44.36893" lon="2.53328">
				<ele>583.64</ele>
				<time>2026-05-28T20:34:40.165Z</time>
			</trkpt>
			<trkpt lat="44.3689" lon="2.53323">
				<ele>583.5</ele>
				<time>2026-05-28T20:34:40.714Z</time>
			</trkpt>
			<trkpt lat="44.36886" lon="2.53297">
				<ele>583.74</ele>
				<time>2026-05-28T20:34:42.961Z</time>
			</trkpt>
			<trkpt lat="44.36883" lon="2.53264">
				<ele>583.67</ele>
				<time>2026-05-28T20:34:45.797Z</time>
			</trkpt>
			<trkpt lat="44.36881" lon="2.53208">
				<ele>582.41</ele>
				<time>2026-05-28T20:34:50.640Z</time>
			</trkpt>
			<trkpt lat="44.36884" lon="2.53103">
				<ele>575.46</ele>
				<time>2026-05-28T20:34:59.920Z</time>
			</trkpt>
			<trkpt lat="44.369" lon="2.53045">
				<ele>570.64</ele>
				<time>2026-05-28T20:35:05.528Z</time>
			</trkpt>
			<trkpt lat="44.369" lon="2.5304">
				<ele>570.45</ele>
				<time>2026-05-28T20:35:05.982Z</time>
			</trkpt>
			<trkpt lat="44.36898" lon="2.53029">
				<ele>570.06</ele>
				<time>2026-05-28T20:35:07.016Z</time>
			</trkpt>
			<trkpt lat="44.36891" lon="2.53019">
				<ele>570.02</ele>
				<time>2026-05-28T20:35:08.295Z</time>
			</trkpt>
			<trkpt lat="44.36879" lon="2.53013">
				<ele>570.52</ele>
				<time>2026-05-28T20:35:09.929Z</time>
			</trkpt>
			<trkpt lat="44.36876" lon="2.53009">
				<ele>570.6</ele>
				<time>2026-05-28T20:35:10.462Z</time>
			</trkpt>
			<trkpt lat="44.3687" lon="2.53006">
				<ele>570.83</ele>
				<time>2026-05-28T20:35:11.283Z</time>
			</trkpt>
			<trkpt lat="44.36863" lon="2.53009">
				<ele>571.21</ele>
				<time>2026-05-28T20:35:12.228Z</time>
			</trkpt>
			<trkpt lat="44.3686" lon="2.53017">
				<ele>571.7</ele>
				<time>2026-05-28T20:35:13.063Z</time>
			</trkpt>
			<trkpt lat="44.36851" lon="2.53024">
				<ele>572.53</ele>
				<time>2026-05-28T20:35:14.398Z</time>
			</trkpt>
			<trkpt lat="44.36849" lon="2.53037">
				<ele>573.37</ele>
				<time>2026-05-28T20:35:15.634Z</time>
			</trkpt>
			<trkpt lat="44.36855" lon="2.53076">
				<ele>574.46</ele>
				<time>2026-05-28T20:35:19.363Z</time>
			</trkpt>
			<trkpt lat="44.36856" lon="2.53128">
				<ele>578.39</ele>
				<time>2026-05-28T20:35:24.268Z</time>
			</trkpt>
			<trkpt lat="44.36855" lon="2.53186">
				<ele>582.87</ele>
				<time>2026-05-28T20:35:29.795Z</time>
			</trkpt>
			<trkpt lat="44.36853" lon="2.53202">
				<ele>583.76</ele>
				<time>2026-05-28T20:35:31.352Z</time>
			</trkpt>
			<trkpt lat="44.36847" lon="2.53216">
				<ele>584.4</ele>
				<time>2026-05-28T20:35:32.921Z</time>
			</trkpt>
			<trkpt lat="44.36851" lon="2.53228">
				<ele>583.93</ele>
				<time>2026-05-28T20:35:34.197Z</time>
			</trkpt>
			<trkpt lat="44.36858" lon="2.53303">
				<ele>580.75</ele>
				<time>2026-05-28T20:35:41.537Z</time>
			</trkpt>
			<trkpt lat="44.36868" lon="2.5337">
				<ele>580.93</ele>
				<time>2026-05-28T20:35:48.249Z</time>
			</trkpt>
			<trkpt lat="44.36747" lon="2.53466">
				<ele>577.79</ele>
				<time>2026-05-28T20:36:07.640Z</time>
			</trkpt>
			<trkpt lat="44.36574" lon="2.53587">
				<ele>573.04</ele>
				<time>2026-05-28T20:36:35.902Z</time>
			</trkpt>
			<trkpt lat="44.36563" lon="2.53599">
				<ele>574.07</ele>
				<time>2026-05-28T20:36:38.246Z</time>
			</trkpt>
			<trkpt lat="44.3655" lon="2.53598">
				<ele>574.62</ele>
				<time>2026-05-28T20:36:40.516Z</time>
			</trkpt>
			<trkpt lat="44.36548" lon="2.53592">
				<ele>574.01</ele>
				<time>2026-05-28T20:36:41.363Z</time>
			</trkpt>
			<trkpt lat="44.36547" lon="2.53584">
				<ele>573.09</ele>
				<time>2026-05-28T20:36:42.419Z</time>
			</trkpt>
			<trkpt lat="44.36574" lon="2.53493">
				<ele>569.45</ele>
				<time>2026-05-28T20:36:58.661Z</time>
			</trkpt>
			<trkpt lat="44.36571" lon="2.53482">
				<ele>567.7</ele>
				<time>2026-05-28T20:37:01.029Z</time>
			</trkpt>
			<trkpt lat="44.36567" lon="2.53478">
				<ele>566.79</ele>
				<time>2026-05-28T20:37:02.409Z</time>
			</trkpt>
			<trkpt lat="44.36556" lon="2.53477">
				<ele>565.83</ele>
				<time>2026-05-28T20:37:05.444Z</time>
			</trkpt>
			<trkpt lat="44.36549" lon="2.53482">
				<ele>565.07</ele>
				<time>2026-05-28T20:37:07.525Z</time>
			</trkpt>
			<trkpt lat="44.36454" lon="2.53567">
				<ele>559.54</ele>
				<time>2026-05-28T20:37:26.461Z</time>
			</trkpt>
			<trkpt lat="44.36366" lon="2.5372">
				<ele>563</ele>
				<time>2026-05-28T20:37:41.686Z</time>
			</trkpt>
			<trkpt lat="44.36345" lon="2.53769">
				<ele>561.31</ele>
				<time>2026-05-28T20:37:45.681Z</time>
			</trkpt>
			<trkpt lat="44.36333" lon="2.53819">
				<ele>557.51</ele>
				<time>2026-05-28T20:37:49.479Z</time>
			</trkpt>
			<trkpt lat="44.36329" lon="2.53829">
				<ele>555.93</ele>
				<time>2026-05-28T20:37:50.332Z</time>
			</trkpt>
			<trkpt lat="44.36322" lon="2.5383">
				<ele>553.5</ele>
				<time>2026-05-28T20:37:51.076Z</time>
			</trkpt>
			<trkpt lat="44.36211" lon="2.538">
				<ele>539.5</ele>
				<time>2026-05-28T20:38:03.929Z</time>
			</trkpt>
			<trkpt lat="44.36189" lon="2.53798">
				<ele>537.54</ele>
				<time>2026-05-28T20:38:06.466Z</time>
			</trkpt>
			<trkpt lat="44.36167" lon="2.53804">
				<ele>536.02</ele>
				<time>2026-05-28T20:38:09.045Z</time>
			</trkpt>
			<trkpt lat="44.36157" lon="2.5381">
				<ele>535.28</ele>
				<time>2026-05-28T20:38:10.297Z</time>
			</trkpt>
			<trkpt lat="44.36146" lon="2.53826">
				<ele>534.78</ele>
				<time>2026-05-28T20:38:12.123Z</time>
			</trkpt>
			<trkpt lat="44.36125" lon="2.53873">
				<ele>532.34</ele>
				<time>2026-05-28T20:38:16.683Z</time>
			</trkpt>
			<trkpt lat="44.36123" lon="2.53885">
				<ele>531.44</ele>
				<time>2026-05-28T20:38:17.696Z</time>
			</trkpt>
			<trkpt lat="44.36121" lon="2.53916">
				<ele>528.16</ele>
				<time>2026-05-28T20:38:20.257Z</time>
			</trkpt>
			<trkpt lat="44.36117" lon="2.53933">
				<ele>527.41</ele>
				<time>2026-05-28T20:38:21.730Z</time>
			</trkpt>
			<trkpt lat="44.36104" lon="2.53953">
				<ele>527.28</ele>
				<time>2026-05-28T20:38:23.954Z</time>
			</trkpt>
			<trkpt lat="44.36083" lon="2.53972">
				<ele>527.07</ele>
				<time>2026-05-28T20:38:26.832Z</time>
			</trkpt>
			<trkpt lat="44.36071" lon="2.53974">
				<ele>528.21</ele>
				<time>2026-05-28T20:38:28.223Z</time>
			</trkpt>
			<trkpt lat="44.3607" lon="2.53982">
				<ele>529.5</ele>
				<time>2026-05-28T20:38:28.892Z</time>
			</trkpt>
			<trkpt lat="44.36067" lon="2.53987">
				<ele>530.37</ele>
				<time>2026-05-28T20:38:29.429Z</time>
			</trkpt>
			<trkpt lat="44.36058" lon="2.53993">
				<ele>531.89</ele>
				<time>2026-05-28T20:38:30.576Z</time>
			</trkpt>
			<trkpt lat="44.36034" lon="2.53997">
				<ele>532.9</ele>
				<time>2026-05-28T20:38:33.358Z</time>
			</trkpt>
			<trkpt lat="44.35991" lon="2.53999">
				<ele>534.8</ele>
				<time>2026-05-28T20:38:38.310Z</time>
			</trkpt>
			<trkpt lat="44.35972" lon="2.54005">
				<ele>533.38</ele>
				<time>2026-05-28T20:38:40.551Z</time>
			</trkpt>
			<trkpt lat="44.35846" lon="2.54093">
				<ele>526.06</ele>
				<time>2026-05-28T20:38:56.809Z</time>
			</trkpt>
			<trkpt lat="44.35824" lon="2.54105">
				<ele>523.03</ele>
				<time>2026-05-28T20:38:59.557Z</time>
			</trkpt>
			<trkpt lat="44.35809" lon="2.54123">
				<ele>519.14</ele>
				<time>2026-05-28T20:39:01.858Z</time>
			</trkpt>
			<trkpt lat="44.35804" lon="2.54143">
				<ele>516.74</ele>
				<time>2026-05-28T20:39:03.621Z</time>
			</trkpt>
			<trkpt lat="44.35799" lon="2.54155">
				<ele>515.25</ele>
				<time>2026-05-28T20:39:04.777Z</time>
			</trkpt>
			<trkpt lat="44.35798" lon="2.54182">
				<ele>513.98</ele>
				<time>2026-05-28T20:39:07.024Z</time>
			</trkpt>
			<trkpt lat="44.35804" lon="2.54211">
				<ele>513.6</ele>
				<time>2026-05-28T20:39:09.529Z</time>
			</trkpt>
			<trkpt lat="44.35825" lon="2.54274">
				<ele>516.72</ele>
				<time>2026-05-28T20:39:15.264Z</time>
			</trkpt>
			<trkpt lat="44.35861" lon="2.54429">
				<ele>520.59</ele>
				<time>2026-05-28T20:39:28.401Z</time>
			</trkpt>
			<trkpt lat="44.35868" lon="2.54468">
				<ele>520</ele>
				<time>2026-05-28T20:39:31.534Z</time>
			</trkpt>
			<trkpt lat="44.3587" lon="2.54512">
				<ele>516.1</ele>
				<time>2026-05-28T20:39:34.908Z</time>
			</trkpt>
			<trkpt lat="44.35867" lon="2.54561">
				<ele>517.65</ele>
				<time>2026-05-28T20:39:38.598Z</time>
			</trkpt>
			<trkpt lat="44.35858" lon="2.54611">
				<ele>519.35</ele>
				<time>2026-05-28T20:39:42.387Z</time>
			</trkpt>
			<trkpt lat="44.35844" lon="2.54655">
				<ele>517.19</ele>
				<time>2026-05-28T20:39:45.854Z</time>
			</trkpt>
			<trkpt lat="44.35778" lon="2.54797">
				<ele>518.39</ele>
				<time>2026-05-28T20:39:57.537Z</time>
			</trkpt>
			<trkpt lat="44.35712" lon="2.5497">
				<ele>516.42</ele>
				<time>2026-05-28T20:40:10.193Z</time>
			</trkpt>
			<trkpt lat="44.35675" lon="2.55046">
				<ele>516.45</ele>
				<time>2026-05-28T20:40:15.853Z</time>
			</trkpt>
			<trkpt lat="44.3564" lon="2.55108">
				<ele>519.15</ele>
				<time>2026-05-28T20:40:20.596Z</time>
			</trkpt>
			<trkpt lat="44.35617" lon="2.55144">
				<ele>520.15</ele>
				<time>2026-05-28T20:40:23.445Z</time>
			</trkpt>
			<trkpt lat="44.35598" lon="2.55168">
				<ele>519.78</ele>
				<time>2026-05-28T20:40:25.536Z</time>
			</trkpt>
			<trkpt lat="44.35581" lon="2.55185">
				<ele>517.54</ele>
				<time>2026-05-28T20:40:27.230Z</time>
			</trkpt>
			<trkpt lat="44.35573" lon="2.55193">
				<ele>517.53</ele>
				<time>2026-05-28T20:40:28.023Z</time>
			</trkpt>
			<trkpt lat="44.35547" lon="2.55213">
				<ele>516.51</ele>
				<time>2026-05-28T20:40:30.402Z</time>
			</trkpt>
			<trkpt lat="44.35482" lon="2.55255">
				<ele>515.8</ele>
				<time>2026-05-28T20:40:36.062Z</time>
			</trkpt>
			<trkpt lat="44.3545" lon="2.55279">
				<ele>517.19</ele>
				<time>2026-05-28T20:40:38.895Z</time>
			</trkpt>
			<trkpt lat="44.3536" lon="2.55355">
				<ele>518.61</ele>
				<time>2026-05-28T20:40:46.990Z</time>
			</trkpt>
			<trkpt lat="44.3534" lon="2.55365">
				<ele>519.41</ele>
				<time>2026-05-28T20:40:48.611Z</time>
			</trkpt>
			<trkpt lat="44.35334" lon="2.55361">
				<ele>519.07</ele>
				<time>2026-05-28T20:40:49.117Z</time>
			</trkpt>
			<trkpt lat="44.35281" lon="2.55357">
				<ele>513.2</ele>
				<time>2026-05-28T20:40:53.151Z</time>
			</trkpt>
			<trkpt lat="44.35224" lon="2.55357">
				<ele>512.88</ele>
				<time>2026-05-28T20:40:57.472Z</time>
			</trkpt>
			<trkpt lat="44.35202" lon="2.55362">
				<ele>513.05</ele>
				<time>2026-05-28T20:40:59.161Z</time>
			</trkpt>
			<trkpt lat="44.35187" lon="2.55372">
				<ele>513.2</ele>
				<time>2026-05-28T20:41:00.420Z</time>
			</trkpt>
			<trkpt lat="44.35136" lon="2.55425">
				<ele>510.97</ele>
				<time>2026-05-28T20:41:05.244Z</time>
			</trkpt>
			<trkpt lat="44.35126" lon="2.55439">
				<ele>510.63</ele>
				<time>2026-05-28T20:41:06.322Z</time>
			</trkpt>
			<trkpt lat="44.35115" lon="2.55456">
				<ele>509.82</ele>
				<time>2026-05-28T20:41:07.572Z</time>
			</trkpt>
			<trkpt lat="44.3511" lon="2.5547">
				<ele>509.09</ele>
				<time>2026-05-28T20:41:08.427Z</time>
			</trkpt>
			<trkpt lat="44.35106" lon="2.55489">
				<ele>510.59</ele>
				<time>2026-05-28T20:41:09.510Z</time>
			</trkpt>
			<trkpt lat="44.35106" lon="2.55508">
				<ele>512.4</ele>
				<time>2026-05-28T20:41:10.551Z</time>
			</trkpt>
			<trkpt lat="44.35105" lon="2.55543">
				<ele>516.58</ele>
				<time>2026-05-28T20:41:12.476Z</time>
			</trkpt>
			<trkpt lat="44.35106" lon="2.55554">
				<ele>518.34</ele>
				<time>2026-05-28T20:41:13.087Z</time>
			</trkpt>
			<trkpt lat="44.35112" lon="2.55568">
				<ele>520.36</ele>
				<time>2026-05-28T20:41:13.988Z</time>
			</trkpt>
			<trkpt lat="44.35123" lon="2.55587">
				<ele>521.22</ele>
				<time>2026-05-28T20:41:15.341Z</time>
			</trkpt>
			<trkpt lat="44.35143" lon="2.55605">
				<ele>521.44</ele>
				<time>2026-05-28T20:41:17.189Z</time>
			</trkpt>
			<trkpt lat="44.35183" lon="2.55637">
				<ele>526.8</ele>
				<time>2026-05-28T20:41:20.798Z</time>
			</trkpt>
			<trkpt lat="44.352" lon="2.55646">
				<ele>528.85</ele>
				<time>2026-05-28T20:41:22.233Z</time>
			</trkpt>
			<trkpt lat="44.35215" lon="2.5566">
				<ele>529.71</ele>
				<time>2026-05-28T20:41:23.663Z</time>
			</trkpt>
			<trkpt lat="44.35231" lon="2.55679">
				<ele>530.94</ele>
				<time>2026-05-28T20:41:25.337Z</time>
			</trkpt>
			<trkpt lat="44.35244" lon="2.557">
				<ele>534.5</ele>
				<time>2026-05-28T20:41:26.930Z</time>
			</trkpt>
			<trkpt lat="44.35266" lon="2.55727">
				<ele>538.91</ele>
				<time>2026-05-28T20:41:29.296Z</time>
			</trkpt>
			<trkpt lat="44.35342" lon="2.55784">
				<ele>535.73</ele>
				<time>2026-05-28T20:41:36.406Z</time>
			</trkpt>
			<trkpt lat="44.35353" lon="2.55802">
				<ele>538.5</ele>
				<time>2026-05-28T20:41:37.828Z</time>
			</trkpt>
			<trkpt lat="44.35359" lon="2.55826">
				<ele>542.82</ele>
				<time>2026-05-28T20:41:39.367Z</time>
			</trkpt>
			<trkpt lat="44.35368" lon="2.5588">
				<ele>552.51</ele>
				<time>2026-05-28T20:41:42.762Z</time>
			</trkpt>
			<trkpt lat="44.35372" lon="2.55898">
				<ele>554.86</ele>
				<time>2026-05-28T20:41:43.929Z</time>
			</trkpt>
			<trkpt lat="44.35374" lon="2.55923">
				<ele>559.76</ele>
				<time>2026-05-28T20:41:45.498Z</time>
			</trkpt>
			<trkpt lat="44.35378" lon="2.55934">
				<ele>559.32</ele>
				<time>2026-05-28T20:41:46.272Z</time>
			</trkpt>
			<trkpt lat="44.35449" lon="2.56057">
				<ele>558.36</ele>
				<time>2026-05-28T20:41:56.478Z</time>
			</trkpt>
			<trkpt lat="44.35467" lon="2.56089">
				<ele>557.94</ele>
				<time>2026-05-28T20:41:59.200Z</time>
			</trkpt>
			<trkpt lat="44.35469" lon="2.56097">
				<ele>558.1</ele>
				<time>2026-05-28T20:41:59.772Z</time>
			</trkpt>
			<trkpt lat="44.35471" lon="2.56107">
				<ele>558.82</ele>
				<time>2026-05-28T20:42:00.475Z</time>
			</trkpt>
			<trkpt lat="44.35467" lon="2.56119">
				<ele>560.5</ele>
				<time>2026-05-28T20:42:01.376Z</time>
			</trkpt>
			<trkpt lat="44.35454" lon="2.56149">
				<ele>565.13</ele>
				<time>2026-05-28T20:42:03.784Z</time>
			</trkpt>
			<trkpt lat="44.35453" lon="2.56159">
				<ele>566.05</ele>
				<time>2026-05-28T20:42:04.483Z</time>
			</trkpt>
			<trkpt lat="44.35453" lon="2.56167">
				<ele>566.7</ele>
				<time>2026-05-28T20:42:05.039Z</time>
			</trkpt>
			<trkpt lat="44.35456" lon="2.56175">
				<ele>567.55</ele>
				<time>2026-05-28T20:42:05.669Z</time>
			</trkpt>
			<trkpt lat="44.35463" lon="2.56183">
				<ele>568.11</ele>
				<time>2026-05-28T20:42:06.554Z</time>
			</trkpt>
			<trkpt lat="44.35489" lon="2.56199">
				<ele>569.56</ele>
				<time>2026-05-28T20:42:09.365Z</time>
			</trkpt>
			<trkpt lat="44.35499" lon="2.5621">
				<ele>570.72</ele>
				<time>2026-05-28T20:42:10.638Z</time>
			</trkpt>
			<trkpt lat="44.35506" lon="2.5623">
				<ele>569.65</ele>
				<time>2026-05-28T20:42:12.245Z</time>
			</trkpt>
			<trkpt lat="44.35516" lon="2.56262">
				<ele>568.22</ele>
				<time>2026-05-28T20:42:14.794Z</time>
			</trkpt>
			<trkpt lat="44.3552" lon="2.56288">
				<ele>567.96</ele>
				<time>2026-05-28T20:42:16.760Z</time>
			</trkpt>
			<trkpt lat="44.35521" lon="2.56305">
				<ele>568.71</ele>
				<time>2026-05-28T20:42:18.032Z</time>
			</trkpt>
			<trkpt lat="44.35521" lon="2.56323">
				<ele>568.28</ele>
				<time>2026-05-28T20:42:19.385Z</time>
			</trkpt>
			<trkpt lat="44.35517" lon="2.5634">
				<ele>568.98</ele>
				<time>2026-05-28T20:42:20.740Z</time>
			</trkpt>
			<trkpt lat="44.35506" lon="2.56375">
				<ele>572.06</ele>
				<time>2026-05-28T20:42:23.670Z</time>
			</trkpt>
			<trkpt lat="44.35498" lon="2.56397">
				<ele>574.4</ele>
				<time>2026-05-28T20:42:25.588Z</time>
			</trkpt>
			<trkpt lat="44.35456" lon="2.56484">
				<ele>580.68</ele>
				<time>2026-05-28T20:42:33.976Z</time>
			</trkpt>
			<trkpt lat="44.3541" lon="2.56557">
				<ele>585.05</ele>
				<time>2026-05-28T20:42:42.108Z</time>
			</trkpt>
			<trkpt lat="44.35399" lon="2.56577">
				<ele>587.65</ele>
				<time>2026-05-28T20:42:44.276Z</time>
			</trkpt>
			<trkpt lat="44.35369" lon="2.56651">
				<ele>590.79</ele>
				<time>2026-05-28T20:42:51.770Z</time>
			</trkpt>
			<trkpt lat="44.35344" lon="2.56702">
				<ele>595.79</ele>
				<time>2026-05-28T20:42:57.404Z</time>
			</trkpt>
			<trkpt lat="44.35316" lon="2.56749">
				<ele>599.84</ele>
				<time>2026-05-28T20:43:03.138Z</time>
			</trkpt>
			<trkpt lat="44.35297" lon="2.56789">
				<ele>602.19</ele>
				<time>2026-05-28T20:43:07.755Z</time>
			</trkpt>
			<trkpt lat="44.35291" lon="2.56793">
				<ele>603.4</ele>
				<time>2026-05-28T20:43:08.661Z</time>
			</trkpt>
			<trkpt lat="44.35285" lon="2.56791">
				<ele>604.29</ele>
				<time>2026-05-28T20:43:09.505Z</time>
			</trkpt>
			<trkpt lat="44.35282" lon="2.56785">
				<ele>604.5</ele>
				<time>2026-05-28T20:43:10.224Z</time>
			</trkpt>
			<trkpt lat="44.35281" lon="2.56769">
				<ele>604.56</ele>
				<time>2026-05-28T20:43:11.810Z</time>
			</trkpt>
			<trkpt lat="44.35296" lon="2.56664">
				<ele>606.45</ele>
				<time>2026-05-28T20:43:22.694Z</time>
			</trkpt>
			<trkpt lat="44.35294" lon="2.56633">
				<ele>607.57</ele>
				<time>2026-05-28T20:43:25.961Z</time>
			</trkpt>
			<trkpt lat="44.35296" lon="2.56618">
				<ele>607.07</ele>
				<time>2026-05-28T20:43:27.581Z</time>
			</trkpt>
			<trkpt lat="44.35301" lon="2.5661">
				<ele>606.44</ele>
				<time>2026-05-28T20:43:28.715Z</time>
			</trkpt>
			<trkpt lat="44.35299" lon="2.56598">
				<ele>606.52</ele>
				<time>2026-05-28T20:43:30.038Z</time>
			</trkpt>
			<trkpt lat="44.35295" lon="2.56594">
				<ele>606.89</ele>
				<time>2026-05-28T20:43:30.780Z</time>
			</trkpt>
			<trkpt lat="44.3529" lon="2.56593">
				<ele>607.29</ele>
				<time>2026-05-28T20:43:31.544Z</time>
			</trkpt>
			<trkpt lat="44.35282" lon="2.56592">
				<ele>607.93</ele>
				<time>2026-05-28T20:43:32.764Z</time>
			</trkpt>
			<trkpt lat="44.35275" lon="2.56587">
				<ele>608.24</ele>
				<time>2026-05-28T20:43:33.965Z</time>
			</trkpt>
			<trkpt lat="44.35226" lon="2.56565">
				<ele>608.53</ele>
				<time>2026-05-28T20:43:41.981Z</time>
			</trkpt>
			<trkpt lat="44.35194" lon="2.5656">
				<ele>608.32</ele>
				<time>2026-05-28T20:43:47.135Z</time>
			</trkpt>
			<trkpt lat="44.35148" lon="2.56558">
				<ele>609.1</ele>
				<time>2026-05-28T20:43:54.694Z</time>
			</trkpt>
			<trkpt lat="44.35142" lon="2.56572">
				<ele>609.59</ele>
				<time>2026-05-28T20:43:56.647Z</time>
			</trkpt>
			<trkpt lat="44.35141" lon="2.56585">
				<ele>610</ele>
				<time>2026-05-28T20:43:58.223Z</time>
			</trkpt>
			<trkpt lat="44.35124" lon="2.56879">
				<ele>618.33</ele>
				<time>2026-05-28T20:44:38.455Z</time>
			</trkpt>
			<trkpt lat="44.35109" lon="2.57103">
				<ele>623.54</ele>
				<time>2026-05-28T20:45:25.713Z</time>
			</trkpt>
			<trkpt lat="44.35105" lon="2.57188">
				<ele>628.18</ele>
				<time>2026-05-28T20:45:39.731Z</time>
			</trkpt>
			<trkpt lat="44.351" lon="2.57252">
				<ele>629.89</ele>
				<time>2026-05-28T20:45:50.325Z</time>
			</trkpt>
			<trkpt lat="44.35097" lon="2.57262">
				<ele>630.9</ele>
				<time>2026-05-28T20:45:52.110Z</time>
			</trkpt>
			<trkpt lat="44.35073" lon="2.57335">
				<ele>640.26</ele>
				<time>2026-05-28T20:46:05.332Z</time>
			</trkpt>
			<trkpt lat="44.35112" lon="2.57353">
				<ele>632.34</ele>
				<time>2026-05-28T20:46:14.783Z</time>
			</trkpt>
			<trkpt lat="44.3513" lon="2.57274">
				<ele>628.63</ele>
				<time>2026-05-28T20:46:28.427Z</time>
			</trkpt>
			<trkpt lat="44.35114" lon="2.57272">
				<ele>629.6</ele>
				<time>2026-05-28T20:46:32.124Z</time>
			</trkpt>
		</trkseg>
	</trk>
</gpx>